strategy,month,net,gross,cash,cost,borrow,turnover,nav,gross_exposure
Carry,2010-03,0.0189952312,0.0195980511,0.0001041070355,0.0004,0.0002028198971,1,1.37748432,1
Carry,2010-04,0.01869895678,0.01891268644,0.0001041070355,7.832995959e-06,0.0002058966561,0.0299500019,1.40324184,1
Carry,2010-05,-0.01306843193,-0.01285556363,0.0001041070355,9.03027789e-06,0.0002038380185,0.02254359991,1.384903669,1
Carry,2010-06,0.005507710427,0.005734111873,0.0001041070355,1.502104035e-05,0.0002113804051,0.04476632047,1.392531318,1
Carry,2010-07,-0.004269276368,-0.004045882059,0.0001041070355,5.96991624e-06,0.0002174243926,0.01889896755,1.386586217,1
Carry,2010-08,-0.004968631987,-0.004644696084,0.0001041070355,0.0001159122289,0.0002080236742,0.5440961016,1.37969678,1
Carry,2010-09,-0.003246265405,-0.003021834096,0.0001041070355,6.712809336e-06,0.0002177184997,0.02158571457,1.375217918,1
Carry,2010-10,-0.008047540538,-0.007815414741,0.0001041070355,1.889098138e-05,0.0002132348162,0.04546882754,1.364150796,1
Carry,2010-11,0.0241143407,0.02431977516,0.0001041070355,7.443041374e-06,0.0001979914221,0.02400249095,1.397046393,1
Carry,2010-12,0.009462109146,0.009813556892,0.0001041070355,0.0001369352518,0.0002145124943,0.5356557351,1.410265399,1
Carry,2011-01,0.005025512204,0.005249596684,0.0001041070355,1.424957084e-05,0.0002098349087,0.02977123418,1.417352705,1
Carry,2011-02,0.007926485768,0.008142126381,0.0001041070355,5.862283959e-06,0.0002097783289,0.01844700598,1.428587331,1
Carry,2011-03,0.005085691804,0.005300520796,0.0001041070355,4.835020709e-06,0.0002099939717,0.009291237331,1.435852686,1
Carry,2011-04,0.005189534531,0.005412999123,0.0001041070355,8.31863057e-06,0.0002151459618,0.01615997592,1.443304093,1
Carry,2011-05,0.003440909333,0.003659623496,0.0001041070355,1.407237649e-05,0.0002046417864,0.03278499287,1.448270371,1
Carry,2011-06,-0.00551459126,-0.00529892128,0.0001041070355,5.478494204e-06,0.0002101914849,0.01935790888,1.440283752,1
Carry,2011-07,-0.005366516445,-0.005146047535,0.0001041070355,9.657463329e-06,0.000210811447,0.01891787501,1.432554446,1
Carry,2011-08,-0.007878976264,-0.007662650516,0.0001041070355,5.178505181e-06,0.0002111472428,0.01612003721,1.421267383,1
Carry,2011-09,-0.03851000266,-0.0382037159,0.0001041070355,0.0001031384632,0.0002031483025,0.5140784208,1.366534372,1
Carry,2011-10,0.04032406085,0.04056226619,0.0001041070355,2.8356208e-05,0.0002098491362,0.04306423725,1.421638588,1
Carry,2011-11,-0.02502085873,-0.02479243219,0.0001041070355,2.17395327e-05,0.0002066870066,0.03888995812,1.386067969,1
Carry,2011-12,-0.004526793705,-0.00430648774,0.0001041070355,1.313521634e-05,0.0002071707486,0.02553545832,1.379793526,1
Carry,2012-01,0.01803940712,0.01835511957,0.0001041070355,0.0001040164755,0.0002116959707,0.5044306514,1.404684183,1
Carry,2012-02,0.02232905122,0.02255110841,0.0001041070355,1.668122613e-05,0.0002053759597,0.01816750606,1.436049448,1
Carry,2012-03,-0.01004710039,-0.009835589689,0.0001041070355,6.074748922e-06,0.0002054359532,0.02195672846,1.421621315,1
Carry,2012-04,-0.01462195909,-0.01439932508,0.0001041070355,1.290348359e-05,0.0002097305247,0.01605715631,1.400834426,1
Carry,2012-05,-0.01949347094,-0.019284232,0.0001041070355,5.492467256e-06,0.0002037464703,0.01471864758,1.373527301,1
Carry,2012-06,0.005522847491,0.005748388189,0.0001041070355,1.667455855e-05,0.0002088661395,0.04103126934,1.381113083,1
Carry,2012-07,0.01002492186,0.01024064615,0.0001041070355,8.115216339e-06,0.0002076090785,0.01908529044,1.394958634,1
Carry,2012-08,0.003266093048,0.003480347133,0.0001041070355,3.541252192e-06,0.0002107128329,0.01440340736,1.399514698,1
Carry,2012-09,-0.002321217471,-0.002104941426,0.0001041070355,4.173101052e-06,0.0002121029438,0.01500383115,1.39626612,1
Carry,2012-10,0.004012533375,0.0042258829,0.0001041070355,7.440492557e-06,0.0002059090319,0.01828790476,1.401868685,1
Carry,2012-11,-0.001045154471,-0.000837373873,0.0001041070355,3.040539996e-06,0.0002047400583,0.01233607934,1.400403515,1
Carry,2012-12,0.02131012306,0.02152568923,0.0001041070355,9.708847669e-06,0.0002058573206,0.01737951917,1.430246287,1
Carry,2013-01,0.02168668703,0.02189929826,0.0001041070355,7.079846147e-06,0.0002055313899,0.02097461066,1.46126359,1
Carry,2013-02,0.01191681089,0.01212863039,0.0001041070355,8.083488989e-06,0.0002037360086,0.02392407817,1.478677192,1
Carry,2013-03,0.005399676503,0.005608226729,0.0001041070355,5.190032977e-06,0.0002033601932,0.02223260173,1.486661571,1
Carry,2013-04,0.003769245616,0.003985265866,0.0001041070355,8.753792644e-06,0.0002072664577,0.02360539498,1.492265163,1
Carry,2013-05,-0.00656109408,-0.006352830734,0.0001041070355,3.460292491e-06,0.0002048030533,0.01456830793,1.482474271,1
Carry,2013-06,-0.01679626357,-0.01657338639,0.0001041070355,1.248406807e-05,0.0002103931076,0.01768457993,1.457574242,1
Carry,2013-07,-0.007262619145,-0.007045245889,0.0001041070355,6.430150978e-06,0.0002109431051,0.01747917209,1.446988436,1
Carry,2013-08,-0.00565721508,-0.00544030576,0.0001041070355,9.211627991e-06,0.0002076976919,0.02257943916,1.438802511,1
Carry,2013-09,0.01413708559,0.01435261507,0.0001041070355,4.373684123e-06,0.0002111557952,0.005575957185,1.459142985,1
Carry,2013-10,0.00559550001,0.005815527012,0.0001041070355,1.133114087e-05,0.0002086958609,0.01713801693,1.46730762,1
Carry,2013-11,-0.004465890191,-0.004253547864,0.0001041070355,8.364580625e-06,0.000203977747,0.0136941237,1.460754785,1
Carry,2013-12,0.005377383292,0.005597477444,0.0001041070355,1.302417695e-05,0.0002070699746,0.02200120838,1.468609824,1
Carry,2014-01,-0.01138540354,-0.01116962708,0.0001041070355,6.726804668e-06,0.0002090496508,0.01686595262,1.451889108,1
Carry,2014-02,0.008561557125,0.008901522128,0.0001041070355,0.0001289462645,0.0002110187389,0.5121716102,1.46431954,1
Carry,2014-03,0.01430342274,0.01452208894,0.0001041070355,1.201667986e-05,0.0002066495222,0.01576468932,1.485264321,1
Carry,2014-04,0.002403238513,0.002620123681,0.0001041070355,7.357352633e-06,0.000209527815,0.01747974296,1.488833765,1
Carry,2014-05,0.01070334019,0.01091424397,0.0001041070355,3.481522292e-06,0.0002074222565,0.005850686983,1.50476926,1
Carry,2014-06,0.00774767406,0.007961010742,0.0001041070355,4.282954262e-06,0.0002090537281,0.01069565767,1.516427721,1
Carry,2014-07,-0.0007560764371,-0.0005468187173,0.0001041070355,4.601913609e-06,0.0002046558062,0.007796498974,1.515281186,1
Carry,2014-08,0.01103655365,0.0112490749,0.0001041070355,6.750205906e-06,0.0002057710417,0.01757730293,1.532004668,1
Carry,2014-09,-0.001267231133,-0.001066174495,0.0001041070355,3.000241056e-06,0.000198056397,0.01304816922,1.530063264,1
Carry,2014-10,0.005744412468,0.005974998738,0.0001041070355,2.476078457e-05,0.0002058254856,0.04930698306,1.538852579,1
Carry,2014-11,0.004331660752,0.004536939813,0.0001041070355,2.907191662e-06,0.0002023718699,0.01278793462,1.545518366,1
Carry,2014-12,0.005444716925,0.005777634272,0.0001041070355,0.0001316616121,0.0002012557347,0.4994550174,1.553933276,1
Carry,2015-01,0.01360161601,0.01381089056,0.0001041070355,1.495706625e-05,0.000194317482,0.03364161864,1.57506928,1
Carry,2015-02,-0.01046286943,-0.01023892525,0.0001041070355,1.689829971e-05,0.0002070458787,0.06634617026,1.558589536,1
Carry,2015-03,-0.01159251704,-0.0113747113,0.0001041070355,1.753761715e-05,0.0002002681197,0.0249285426,1.54052156,1
Carry,2015-04,0.0224077233,0.0226506345,0.0001041070355,2.616724892e-05,0.0002167439497,0.03917352925,1.575041141,1
Carry,2015-05,-0.009583336268,-0.009354641346,0.0001041070355,2.492478777e-05,0.0002037701342,0.03943097311,1.559946992,1
Carry,2015-06,-0.005112895111,-0.004886481194,0.0001041070355,1.26278941e-05,0.0002137860233,0.02217486096,1.551971147,1
Carry,2015-07,-0.01413023921,-0.01391640124,0.0001041070355,1.230548117e-05,0.0002015324946,0.02623662576,1.530041423,1
Carry,2015-08,-0.0289612116,-0.02872981173,0.0001041070355,1.881505555e-05,0.0002125848213,0.03318450164,1.48572957,1
Carry,2015-09,-0.02578816594,-0.02556403987,0.0001041070355,1.496605966e-05,0.0002091600174,0.03686972272,1.447415329,1
Carry,2015-10,0.02319129332,0.02341575406,0.0001041070355,1.934947704e-05,0.0002051112599,0.03341327143,1.480982762,1
Carry,2015-11,0.01643272137,0.01664446324,0.0001041070355,9.740029473e-06,0.0002020018395,0.02483950565,1.505319339,1
Carry,2015-12,-0.02860728933,-0.02838499078,0.0001041070355,7.695624948e-06,0.000214602924,0.03128774446,1.462256234,1
Carry,2016-01,-0.00337899427,-0.003160984092,0.0003119641739,1.082017446e-05,0.0002071900033,0.03503865117,1.457315278,1
Carry,2016-02,0.01770786532,0.01791982343,0.0003119641739,3.94108557e-06,0.0002080170208,0.008961433371,1.483121221,1
Carry,2016-03,0.01531911836,0.0155442478,0.0003119641739,6.145947502e-06,0.0002189835008,0.01730148685,1.50584133,1
Carry,2016-04,0.01869508596,0.01893488246,0.0003119641739,3.049196643e-05,0.0002093045321,0.04991775712,1.533993163,1
Carry,2016-05,0.001523919838,0.001736320701,0.0003119641739,9.955787799e-06,0.0002024450746,0.01828115061,1.536330846,1
Carry,2016-06,0.03690724595,0.03712283294,0.0003119641739,9.69040309e-06,0.0002058965808,0.02868438801,1.593032586,1
Carry,2016-07,-0.001546485252,-0.001312562884,0.0003119641739,2.694214302e-05,0.0002069802243,0.05047201911,1.590568985,1
Carry,2016-08,0.006115164529,0.006326828449,0.0003119641739,2.410765525e-06,0.0002092531552,0.008060205533,1.600295576,1
Carry,2016-09,0.002742408451,0.002955341896,0.0003119641739,5.198278167e-06,0.0002077351669,0.00626885477,1.60468424,1
Carry,2016-10,0.01938931977,0.01959374941,0.0003119641739,2.636400891e-06,0.0002017932409,0.006139688451,1.635797976,1
Carry,2016-11,-0.001061493106,-0.0008467631865,0.0003119641739,1.11618775e-05,0.0002035680415,0.03685366183,1.634061588,1
Carry,2016-12,0.01190373314,0.01212806727,0.0003119641739,1.566660022e-05,0.0002086675359,0.02464177774,1.653513021,1
Carry,2017-01,0.008908435644,0.009134704197,0.0005193472934,1.255854815e-05,0.0002137100047,0.02016857805,1.668243235,1
Carry,2017-02,0.01288837024,0.01310704975,0.0005193472934,1.46618778e-05,0.0002040176323,0.02490734438,1.689744172,1
Carry,2017-03,-0.01032569871,-0.01010858419,0.0005193472934,6.544014962e-06,0.000210570505,0.02333425263,1.672296382,1
Carry,2017-04,-0.0120254589,-0.01181067581,0.0007262586484,2.89366766e-06,0.0002118894258,0.01073881728,1.652186251,1
Carry,2017-05,-0.009481934242,-0.009261128073,0.0007262586484,8.285410623e-06,0.0002125207579,0.02128241716,1.63652033,1
Carry,2017-06,-0.002035410524,-0.001816322902,0.0007262586484,5.933357289e-06,0.0002131542654,0.021866839,1.633189339,1
Carry,2017-07,0.009186304028,0.009407403699,0.0009327004774,5.922043646e-06,0.0002151776277,0.02344401496,1.648192313,1
Carry,2017-08,-0.008889582368,-0.008661858329,0.0009327004774,1.697951946e-05,0.00021074452,0.03146362707,1.633540571,1
Carry,2017-09,0.0105443738,0.01075526227,0.0009327004774,4.692004412e-06,0.0002061964695,0.01329604097,1.650765234,1
Carry,2017-10,-0.002890380664,-0.002680104973,0.0009327004774,5.881951996e-06,0.0002043937388,0.0150520658,1.645993894,1
Carry,2017-11,-0.001167146276,-0.0009492301951,0.0009327004774,7.722381145e-06,0.0002101936995,0.02005893996,1.644072778,1
Carry,2017-12,-0.002290151889,-0.002075014787,0.0009327004774,3.447240688e-06,0.0002116898611,0.007845373631,1.640307602,1
Carry,2018-01,-0.001185294085,-0.0009624685413,0.001138675003,5.553156114e-06,0.0002172723872,0.01837004794,1.638363355,1
Carry,2018-02,0.004163344211,0.004384902436,0.001138675003,2.060633505e-05,0.0002009518892,0.04164888964,1.645184426,1
Carry,2018-03,-0.005302653288,-0.005080918164,0.001138675003,1.353834573e-05,0.000208196778,0.03655765106,1.636460583,1
Carry,2018-04,0.007613926286,0.007820634289,0.00134418443,4.557817286e-06,0.000202150185,0.008858146625,1.648920473,1
Carry,2018-05,-0.003942275202,-0.00372182999,0.00134418443,1.639632171e-05,0.0002040488903,0.03094518632,1.642419975,1
Carry,2018-06,-0.006222936847,-0.005999891037,0.00134418443,1.727670602e-05,0.0002057691035,0.02514686264,1.632199299,1
Carry,2018-07,0.006777004934,0.00699615148,0.001549230951,7.41549034e-06,0.0002117310557,0.01508700176,1.643260722,1
Carry,2018-08,-0.01114525787,-0.0109326771,0.001549230951,9.295705144e-06,0.0002032850667,0.01470823448,1.624946157,1
Carry,2018-09,0.008758502534,0.008994200861,0.001549230951,2.557882304e-05,0.0002101195041,0.03413606209,1.639178252,1
Carry,2018-10,0.03581431729,0.03602768093,0.00175381674,1.057922748e-05,0.0002027844093,0.01724805556,1.697884302,1
Carry,2018-11,-0.01385270026,-0.01361982133,0.00175381674,2.296020662e-05,0.0002099187296,0.0539331419,1.67436402,1
Carry,2018-12,-0.009485808927,-0.009266973269,0.00175381674,8.17079468e-06,0.0002106648634,0.01642076658,1.658481323,1
Carry,2019-01,0.02910772275,0.02932115604,0.001957943956,5.599569418e-06,0.000207833719,0.01576443244,1.706755937,1
Carry,2019-02,0.003502050157,0.003721409341,0.001957943956,1.343142027e-05,0.0002059277635,0.02658925929,1.712733082,1
Carry,2019-03,-0.004461587061,-0.004248569614,0.001957943956,7.135393948e-06,0.0002058820529,0.01350647769,1.705091575,1
Carry,2019-04,0.006816637478,0.007031773472,0.001957943956,9.435631762e-06,0.0002057003625,0.0138406348,1.716714566,1
Carry,2019-05,0.0006677675448,0.0008799404844,0.001957943956,5.122916041e-06,0.0002070500235,0.01455041131,1.717860932,1
Carry,2019-06,0.01117701949,0.01139433989,0.001957943956,3.94684705e-06,0.0002133735536,0.008169802547,1.737061497,1
Carry,2019-07,0.01747870852,0.01769402204,0.001957943956,1.214107917e-05,0.0002031724377,0.02192973207,1.767423089,1
Carry,2019-08,-0.01245150628,-0.01224029658,0.001957943956,6.689194614e-06,0.0002045205034,0.0263197257,1.745416009,1
Carry,2019-09,0.00711269247,0.007339430703,0.00175381674,1.979910237e-05,0.0002069391306,0.02343176414,1.757830616,1
Carry,2019-10,0.004451558613,0.004666829547,0.001549230951,2.403459294e-06,0.0002128674752,0.00842833173,1.765655702,1
Carry,2019-11,-0.01258133724,-0.01236097225,0.00134418443,1.279934706e-05,0.0002075656465,0.02002061628,1.743441392,1
Carry,2019-12,0.009085080015,0.009310759021,0.00134418443,1.202758898e-05,0.0002136514178,0.01682516804,1.759280697,1
Carry,2020-01,-0.003120168648,-0.002902735101,0.00134418443,1.46830252e-05,0.0002027505219,0.02387061217,1.753791445,1
Carry,2020-02,-0.01026828319,-0.01004450553,0.00134418443,1.682900802e-05,0.0002069486552,0.02831841963,1.735783017,1
Carry,2020-03,-0.04651420384,-0.04617142143,0.00134418443,0.0001344453891,0.0002083370197,0.5115068455,1.655044452,1
Carry,2020-04,-0.003448350233,-0.003210316748,0.0001041070355,2.851734278e-05,0.0002095161426,0.04983357493,1.649337279,1
Carry,2020-05,9.326295002e-05,0.0003133129154,0.0001041070355,9.794081517e-06,0.0002102558838,0.02148031008,1.649491101,1
Carry,2020-06,-0.003220190389,-0.003007864622,0.0001041070355,4.021836263e-06,0.0002083039314,0.01190047947,1.644179426,1
Carry,2020-07,-0.001669187492,-0.001447906043,0.0001041070355,4.09118182e-06,0.0002171902678,0.007535591923,1.641434982,1
Carry,2020-08,-0.0041185704,-0.003889915973,0.0001041070355,2.049631913e-05,0.0002081581082,0.04245127879,1.634674617,1
Carry,2020-09,-0.0118963707,-0.01167710621,0.0001041070355,1.274254226e-05,0.000206521944,0.0224004393,1.615227922,1
Carry,2020-10,-0.00527062858,-0.005052192503,0.0001041070355,9.089847853e-06,0.0002093462299,0.01594274021,1.606714655,1
Carry,2020-11,0.02262754465,0.02284374596,0.0001041070355,4.923108924e-06,0.0002112781977,0.01138320217,1.643070663,1
Carry,2020-12,0.001119515456,0.001349557099,0.0001041070355,1.808178448e-05,0.0002119598592,0.02275030839,1.644910106,1
Carry,2021-01,-0.007188978067,-0.006975661137,0.0001041070355,7.729642382e-06,0.0002055872869,0.01728654611,1.633084883,1
Carry,2021-02,0.006699831322,0.006918441437,0.0001041070355,1.197164699e-05,0.0002066384685,0.01519872298,1.644026276,1
Carry,2021-03,0.008699957652,0.008904214037,0.0001041070355,3.567110677e-06,0.000200689274,0.01045784003,1.658329235,1
Carry,2021-04,0.01431053518,0.01454118029,0.0001041070355,1.736314608e-05,0.0002132819648,0.03648470451,1.682060814,1
Carry,2021-05,0.009428721868,0.00965457013,0.0001041070355,1.716909281e-05,0.0002086791697,0.0233125346,1.697920498,1
Carry,2021-06,0.0163885985,0.01659805822,0.0001041070355,4.717391488e-06,0.0002047423272,0.009461255548,1.725747035,1
Carry,2021-07,-0.009134643424,-0.00891009832,0.0001041070355,1.525764595e-05,0.0002092874577,0.0368088582,1.709982951,1
Carry,2021-08,-0.004400962712,-0.004188029909,0.0001041070355,5.247158249e-06,0.0002076856446,0.0117529264,1.70245738,1
Carry,2021-09,-0.001886721377,-0.001680139762,0.0001041070355,2.517307373e-06,0.000204064307,0.00471720326,1.699245317,1
Carry,2021-10,0.001539551543,0.001757887271,0.0001041070355,1.11452867e-05,0.0002071904413,0.02064683036,1.701861393,1
Carry,2021-11,-0.001660988048,-0.001442129252,0.0001041070355,1.206605004e-05,0.0002067927462,0.02245549419,1.699034622,1
Carry,2021-12,0.0105698357,0.01078237479,0.0001041070355,6.620164397e-06,0.0002059189251,0.01973295455,1.716993138,1
Carry,2022-01,0.01429391711,0.01450356805,0.0001041070355,3.177998988e-06,0.0002064729445,0.01302066745,1.741535696,1
Carry,2022-02,0.01199426615,0.01221326681,0.0001041070355,1.028479367e-05,0.0002087158622,0.02308140212,1.762424139,1
Carry,2022-03,0.04219454286,0.0424074388,0.0001041070355,1.086209679e-05,0.0002020338399,0.01696207457,1.836788819,1
Carry,2022-04,0.01409266758,0.0144065522,0.0003119641739,0.0001174078622,0.0001964767607,0.5405906287,1.862674074,1
Carry,2022-05,0.002925050014,0.003153671396,0.0003119641739,1.713823014e-05,0.0002114831512,0.05632196787,1.868122489,1
Carry,2022-06,-0.001742508376,-0.001433387058,0.0007262586484,0.0001101103511,0.0001990109668,0.5147714639,1.864867269,1
Carry,2022-07,0.007976709453,0.008209786344,0.00134418443,2.469593944e-05,0.0002083809521,0.04545635735,1.879742774,1
Carry,2022-08,0.01471917603,0.01492664349,0.001957943956,4.872643495e-06,0.0002025948106,0.01237077748,1.907411039,1
Carry,2022-09,-0.001598109463,-0.001390818173,0.001957943956,5.856947277e-06,0.0002014343435,0.02901117631,1.904362787,1
Carry,2022-10,0.01325298679,0.01347401936,0.002567595531,1.374426728e-05,0.0002072883077,0.03493802393,1.929601282,1
Carry,2022-11,-0.01997621131,-0.01975024736,0.002567595531,5.564603601e-06,0.0002203993514,0.01538004432,1.891055159,1
Carry,2022-12,-0.01398851444,-0.01375359632,0.003173196228,1.800630963e-05,0.0002169118128,0.05701246207,1.864602106,1
Carry,2023-01,0.01007632877,0.01030115792,0.003574707178,1.369063728e-05,0.0002111385076,0.03939284377,1.88339045,1
Carry,2023-02,0.01632036789,0.01653096304,0.003574707178,9.161550916e-06,0.0002014336008,0.01083522923,1.914128075,1
Carry,2023-03,0.0009097891274,0.001135149646,0.003774801921,1.17101148e-05,0.0002136504041,0.0351059709,1.915869528,1
Carry,2023-04,0.01163447542,0.01185355809,0.003974458863,1.190201329e-05,0.0002071806649,0.02300161154,1.938159665,1
Carry,2023-05,0.01566520608,0.01587393728,0.003974458863,5.902097141e-06,0.0002028291036,0.01534379503,1.968521336,1
Carry,2023-06,0.03022460315,0.03044108314,0.004173680002,9.991389568e-06,0.0002064886032,0.02856847386,2.028019112,1
Carry,2023-07,0.007354492253,0.007576485734,0.004173680002,1.036005301e-05,0.0002116334273,0.02549677328,2.042934163,1
Carry,2023-08,0.004968362846,0.005281813688,0.004372467323,0.0001091874246,0.0002042634179,0.5132151164,2.053084201,1
Carry,2023-09,0.01483034951,0.01514225594,0.004372467323,0.0001085751423,0.000203331284,0.5148951377,2.083532157,1
Carry,2023-10,0.004466093314,0.004784348126,0.004372467323,0.0001108627522,0.0002073920598,0.5251795224,2.092837406,1
Carry,2023-11,0.01025087544,0.01046719681,0.004372467323,2.458964607e-06,0.000213862405,0.007511579687,2.114290822,1
Carry,2023-12,-0.0008315166716,-0.0006079620913,0.004372467323,9.67963717e-06,0.0002138749431,0.02381569802,2.112532754,1
Carry,2024-01,0.01623508004,0.0164474571,0.004372467323,1.05213092e-05,0.000201855753,0.02411600134,2.146829892,1
Carry,2024-02,0.008257320781,0.008476237886,0.004372467323,1.229337176e-05,0.0002066237332,0.03312492934,2.164556955,1
Carry,2024-03,0.008573004203,0.008783716296,0.004372467323,3.252962939e-06,0.0002074591294,0.01064106789,2.183113711,1
Carry,2024-04,0.009633476752,0.009838519767,0.004372467323,1.459957252e-06,0.0002035830577,0.006668234861,2.204144686,1
Carry,2024-05,0.003487112282,0.003706838702,0.004372467323,1.018006434e-05,0.0002095463563,0.02507471928,2.211830786,1
Carry,2024-06,7.962897687e-05,0.0002881684413,0.004372467323,3.876841165e-06,0.0002046626233,0.01011495871,2.212006912,1
Carry,2024-07,-0.009745465691,-0.009393596246,0.004372467323,0.0001374951914,0.0002143742536,0.5149379029,2.190449875,1
Carry,2024-08,-0.0005626606813,-0.0002169403477,0.004372467323,0.0001313648428,0.0002143554908,0.5283744226,2.189217395,1
Carry,2024-09,0.0130006473,0.01321958378,0.004372467323,7.653251344e-06,0.0002112832253,0.02650155912,2.217678638,1
Carry,2024-10,0.01341956797,0.0137490605,0.003974458863,0.0001338267462,0.0001956657847,0.5115039974,2.247438927,1
Carry,2024-11,-0.0106834318,-0.0103339724,0.003974458863,0.0001423704952,0.0002070889057,0.5294123189,2.223428567,1
Carry,2024-12,0.0139436599,0.01415774191,0.003774801921,1.193850834e-05,0.0002021435004,0.0226160046,2.254431298,1
Carry,2025-01,0.01592976333,0.01627185571,0.003574707178,0.0001324751691,0.0002096172073,0.5177717031,2.290343855,1
Carry,2025-02,-0.003639101622,-0.003409673418,0.003574707178,1.538747152e-05,0.0002140407327,0.02231992041,2.282009061,1
Carry,2025-03,-0.004676382289,-0.00445072222,0.003574707178,8.968111897e-06,0.000216691957,0.02540452371,2.271337515,1
Carry,2025-04,0.0006996806276,0.0009312550802,0.003574707178,1.444243956e-05,0.000217132013,0.03814492431,2.272926725,1
Carry,2025-05,0.005601795632,0.005827380937,0.003574707178,1.71172156e-05,0.0002084680891,0.04003420132,2.285659196,1
Carry,2025-06,0.01177137091,0.01211036703,0.003574707178,0.0001276148672,0.0002113812525,0.5065074688,2.312564539,1
Carry,2025-07,0.009129264273,0.009342106131,0.003574707178,1.077301882e-05,0.0002020688394,0.02017229483,2.333676551,1
Carry,2025-08,0.009066800751,0.009287986332,0.003574707178,9.117067775e-06,0.0002120685128,0.03214050617,2.354835532,1
Carry,2025-09,0.01101293596,0.01123094137,0.003574707178,9.420472451e-06,0.000208584938,0.01547826426,2.380769185,1
Carry,2025-10,0.01114918132,0.01135821925,0.003374172623,6.543143214e-06,0.0002024947832,0.01164373602,2.407312812,1
Carry,2025-11,0.01311943017,0.01333479607,0.003173196228,8.219457199e-06,0.0002071464443,0.02985432609,2.438895384,1
Carry,2025-12,-0.002115108378,-0.001776629335,0.003173196228,0.0001274075666,0.0002110714768,0.5056041606,2.433736856,1
Carry,2026-01,0.008687994571,0.008909371093,0.002971775953,6.735802453e-06,0.0002146407204,0.01768403767,2.454881149,1
Carry,2026-02,0.01275449603,0.01297616221,0.002971775953,1.701921475e-05,0.0002046469646,0.02834070422,2.486191921,1
Carry,2026-03,0.01660232056,0.01681125818,0.002971775953,8.196750349e-06,0.0002007408745,0.02504830056,2.527468476,1
Carry,2026-04,0.01207713985,0.01230283767,0.002971775953,1.270950943e-05,0.0002129883109,0.03760051174,2.557993066,1
Carry,2026-05,0.004672823461,0.004893761621,0.002971775953,1.408592325e-05,0.0002068522368,0.02040114864,2.569946116,1
Carry,2026-06,0.01288280923,0.01308691096,0.002971775953,2.991642068e-06,0.0002011100897,0.008796831456,2.603054242,1
Carry,2026-07,0.007614296348,0.007840075789,0.002971775953,1.41508832e-05,0.0002116285583,0.03599220522,2.622874668,1
Carry,2026-08,0.001600873352,0.002240972865,0.002971775953,0.0004316069858,0.0002084925266,1.015272466,2.627073558,1
EJR_rank,2010-03,-0.01125627242,-0.0108192938,0.0001041070355,0.000225,0.0002119786165,1,1.336590143,1
EJR_rank,2010-04,0.002149469125,0.00236143849,0.0001041070355,3.802079612e-06,0.0002081672847,0.0182473643,1.339463102,1
EJR_rank,2010-05,-0.01129442562,-0.01079509965,0.0001041070355,0.0003004882252,0.0001988377496,0.5018568588,1.324334635,1
EJR_rank,2010-06,0.01318368798,0.0135243433,0.0001041070355,0.0001316715909,0.0002089837298,0.5094138873,1.34179425,1
EJR_rank,2010-07,0.01566738015,0.01600850396,0.0001041070355,0.0001286365883,0.0002124872234,0.5148913873,1.362816651,1
EJR_rank,2010-08,-0.008234836715,-0.007717816606,0.0001041070355,0.0003092594553,0.0002077606535,0.5241832995,1.351594078,1
EJR_rank,2010-09,0.02300967563,0.02322671511,0.0001041070355,3.973778441e-06,0.0002130657069,0.01817014332,1.382693819,1
EJR_rank,2010-10,-0.01127961737,-0.0110595029,0.0001041070355,7.455214262e-06,0.0002126592602,0.02715164086,1.367097562,1
EJR_rank,2010-11,0.002437777469,0.002971372593,0.0001041070355,0.0003294059805,0.0002041891431,0.5215913806,1.370430242,1
EJR_rank,2010-12,-0.003172880298,-0.002954120046,0.0001041070355,4.376291657e-06,0.0002143839601,0.01896536728,1.366082031,1
EJR_rank,2011-01,0.01794002442,0.01848787293,0.0001041070355,0.0003407995047,0.000207049014,0.5297164793,1.390589576,1
EJR_rank,2011-02,0.004997973258,0.005212955246,0.0001041070355,4.083814157e-06,0.0002108981742,0.01805977313,1.397539705,1
EJR_rank,2011-03,0.005493216886,0.006029488125,0.0001041070355,0.0003282173498,0.0002080538897,0.5135260265,1.405216694,1
EJR_rank,2011-04,0.007794689161,0.008015292961,0.0001041070355,7.906981917e-06,0.0002126968173,0.01469955979,1.416169921,1
EJR_rank,2011-05,0.01289460731,0.01320727421,0.0001041070355,0.0001101492452,0.0002025176541,0.5213452492,1.434430876,1
EJR_rank,2011-06,-0.005279533533,-0.005063551098,0.0001041070355,6.409226903e-06,0.0002095732075,0.02675561375,1.42685775,1
EJR_rank,2011-07,0.004575771031,0.004793374324,0.0001041070355,9.057145217e-06,0.000208546148,0.01855863254,1.433386725,1
EJR_rank,2011-08,0.001758805559,0.001967890972,0.0001041070355,2.34308128e-06,0.0002067423316,0.01088690942,1.435907773,1
EJR_rank,2011-09,-0.02689476213,-0.02658900368,0.0001041070355,0.0001044901961,0.0002012682475,0.5128882966,1.397289375,1
EJR_rank,2011-10,0.02562520225,0.02586733452,0.0001041070355,3.012830453e-05,0.0002120039623,0.04566095233,1.433095198,1
EJR_rank,2011-11,-0.01655065177,-0.01632029675,0.0001041070355,2.384677558e-05,0.0002065082453,0.03738172058,1.409376538,1
EJR_rank,2011-12,-0.00788127859,-0.007660106339,0.0001041070355,1.294737511e-05,0.0002082248761,0.02006803343,1.398268849,1
EJR_rank,2012-01,0.01576911997,0.01598539386,0.0001041070355,3.923601096e-06,0.0002123502901,0.007825891405,1.420318319,1
EJR_rank,2012-02,0.01954275508,0.01976446411,0.0001041070355,1.75173938e-05,0.0002041916424,0.02039873631,1.448075252,1
EJR_rank,2012-03,-0.005853745263,-0.005641747494,0.0001041070355,6.787347698e-06,0.0002052104208,0.02394165735,1.439598588,1
EJR_rank,2012-04,-0.01279525593,-0.01256837746,0.0001041070355,1.456052472e-05,0.0002123179411,0.0204144163,1.421178556,1
EJR_rank,2012-05,-0.01864604665,-0.018432331,0.0001041070355,8.252833676e-06,0.0002054628149,0.02705960692,1.394679194,1
EJR_rank,2012-06,-0.0007030373777,-0.0004812576592,0.0001041070355,1.381729526e-05,0.0002079624232,0.03186036907,1.393698682,1
EJR_rank,2012-07,-0.006390143576,-0.006173909983,0.0001041070355,4.009977444e-06,0.0002122236158,0.008941305931,1.384792748,1
EJR_rank,2012-08,0.002088021987,0.002304125208,0.0001041070355,6.889033726e-06,0.0002092141868,0.01936449125,1.387684225,1
EJR_rank,2012-09,0.003793137222,0.004005840778,0.0001041070355,2.259462796e-06,0.0002104440937,0.007675962234,1.392947902,1
EJR_rank,2012-10,0.01163468738,0.01184231003,0.0001041070355,4.297366236e-06,0.0002033252861,0.01065763199,1.409154415,1
EJR_rank,2012-11,-0.002905191674,-0.002693666286,0.0001041070355,5.970442996e-06,0.0002055549448,0.02322679844,1.405060552,1
EJR_rank,2012-12,0.021417609,0.02163098655,0.0001041070355,9.397326238e-06,0.0002039802193,0.01834091256,1.435153589,1
EJR_rank,2013-01,-0.001360460969,-0.001047875733,0.0001041070355,0.0001020975607,0.0002104876756,0.4968184909,1.433201119,1
EJR_rank,2013-02,0.00704747208,0.007262825689,0.0001041070355,1.262355869e-05,0.0002027300498,0.02318205838,1.443301564,1
EJR_rank,2013-03,-0.00331742459,-0.002803769152,0.0001041070355,0.0003070301734,0.0002066252639,0.529179998,1.43851352,1
EJR_rank,2013-04,-0.009084886132,-0.008871027366,0.0001041070355,2.726657681e-06,0.0002111321087,0.0136332884,1.425444788,1
EJR_rank,2013-05,-0.003920984274,-0.003585866396,0.0001041070355,0.0001300341066,0.0002050837711,0.5251705328,1.419855641,1
EJR_rank,2013-06,0.005875167193,0.006209836525,0.0001041070355,0.0001272895119,0.0002073798209,0.5120795605,1.428197531,1
EJR_rank,2013-07,-0.01304670299,-0.01253370177,0.0001041070355,0.0003012140134,0.000211787206,0.5060700668,1.409564262,1
EJR_rank,2013-08,-0.0002268905397,-1.347997194e-05,0.0001041070355,7.694626249e-06,0.0002057159415,0.0245843535,1.409244445,1
EJR_rank,2013-09,0.003710121323,0.003929605413,0.0001041070355,6.717236384e-06,0.0002127668538,0.012051315,1.414472913,1
EJR_rank,2013-10,0.00712147853,0.007343368455,0.0001041070355,1.396149674e-05,0.0002079284282,0.0217395797,1.424546051,1
EJR_rank,2013-11,-0.01821344653,-0.01799849219,0.0001041070355,8.1118138e-06,0.0002068425253,0.01543335214,1.398600158,1
EJR_rank,2013-12,-0.01089936751,-0.01068085327,0.0001041070355,9.418611244e-06,0.0002090956305,0.01843842652,1.383356301,1
EJR_rank,2014-01,0.01890636498,0.01910998428,0.0001041070355,2.543816839e-06,0.0002010754805,0.01150889799,1.40951054,1
EJR_rank,2014-02,0.002939244806,0.003285586347,0.0001041070355,0.0001334495715,0.0002128919696,0.5043200062,1.413653436,1
EJR_rank,2014-03,0.008202389352,0.008424228092,0.0001041070355,1.499555702e-05,0.0002068431829,0.02237613651,1.425248772,1
EJR_rank,2014-04,0.006165809989,0.006383125012,0.0001041070355,9.475128831e-06,0.0002078398943,0.01941034522,1.434036585,1
EJR_rank,2014-05,0.01638406391,0.01659179958,0.0001041070355,3.170217589e-06,0.0002045654485,0.006240539993,1.457531933,1
EJR_rank,2014-06,0.007005476619,0.007219366307,0.0001041070355,5.845472101e-06,0.000208044216,0.01992666889,1.467742638,1
EJR_rank,2014-07,0.002218299471,0.00255060866,0.0001041070355,0.000128378245,0.0002039309439,0.5025324278,1.470998531,1
EJR_rank,2014-08,0.002428408194,0.002643807933,0.0001041070355,7.917289678e-06,0.0002074824501,0.0204929296,1.474570716,1
EJR_rank,2014-09,-0.01496852667,-0.01466311409,0.0001041070355,0.0001043350136,0.0002010775613,0.5111179689,1.452498565,1
EJR_rank,2014-10,8.659539914e-05,0.0004119654453,0.0001041070355,0.0001184687545,0.0002069012916,0.530720118,1.452624345,1
EJR_rank,2014-11,-0.01765343776,-0.0174430779,0.0001041070355,3.489371314e-06,0.0002068704866,0.01003161656,1.426980531,1
EJR_rank,2014-12,0.000333607044,0.000543432655,0.0001041070355,6.018602971e-06,0.0002038070081,0.01786251982,1.427456582,1
EJR_rank,2015-01,0.04373815014,0.04394073423,0.0001041070355,1.035679333e-05,0.0001922273001,0.02128655606,1.489890892,1
EJR_rank,2015-02,-0.02443761899,-0.02420591935,0.0001041070355,2.213689358e-05,0.0002095627423,0.07368605879,1.453481506,1
EJR_rank,2015-03,-0.005083204833,-0.004767782253,0.0001041070355,0.0001159359116,0.0001994866688,0.5308395878,1.446093162,1
EJR_rank,2015-04,0.007444002364,0.007688686001,0.0001041070355,2.743084329e-05,0.0002172527941,0.04245355173,1.456857883,1
EJR_rank,2015-05,-0.01156442451,-0.01123239531,0.0001041070355,0.0001284249406,0.0002036042552,0.5427655426,1.44001016,1
EJR_rank,2015-06,-0.0002395290321,-1.535671097e-05,0.0001041070355,1.199585098e-05,0.0002121764701,0.02252792172,1.439665236,1
EJR_rank,2015-07,-0.006221087646,-0.006010253348,0.0001041070355,8.936476974e-06,0.0002018978211,0.0190992786,1.430708952,1
EJR_rank,2015-08,-0.002703759258,-0.002479134159,0.0001041070355,1.897457153e-05,0.0002056505275,0.03047225166,1.42684066,1
EJR_rank,2015-09,-0.01452229433,-0.01420025826,0.0001041070355,0.0001154711859,0.0002065648859,0.5199402026,1.40611966,1
EJR_rank,2015-10,0.01108560235,0.01131271699,0.0001041070355,1.934492118e-05,0.000207769713,0.02705861272,1.421707343,1
EJR_rank,2015-11,0.01488026513,0.01509218857,0.0001041070355,9.971057987e-06,0.0002019523804,0.0184102511,1.442862725,1
EJR_rank,2015-12,-0.003263868121,-0.003046511894,0.0001041070355,7.215024922e-06,0.0002101412028,0.03199289008,1.438153411,1
EJR_rank,2016-01,0.007557156323,0.007867206424,0.0003119641739,0.0001068876873,0.0002031624134,0.5201427409,1.449021762,1
EJR_rank,2016-02,0.03331141486,0.03362313273,0.0003119641739,0.0001068631854,0.0002048546851,0.5141887412,1.497290727,1
EJR_rank,2016-03,0.0093851677,0.009609886507,0.0003119641739,7.667084073e-06,0.0002170517232,0.03427000581,1.511343051,1
EJR_rank,2016-04,0.01534845857,0.01568977003,0.0003119641739,0.0001293477201,0.0002119637423,0.542771886,1.534539837,1
EJR_rank,2016-05,0.003267860915,0.003481469873,0.0003119641739,1.153594694e-05,0.0002020730117,0.02418235225,1.5395545,1
EJR_rank,2016-06,0.04935075811,0.04956855702,0.0003119641739,9.384482117e-06,0.0002084144337,0.03001324288,1.615532682,1
EJR_rank,2016-07,0.001547727867,0.001776752378,0.0003119641739,2.232902864e-05,0.0002066954816,0.04694006505,1.618033087,1
EJR_rank,2016-08,0.003898130311,0.004209181903,0.0003119641739,0.000101932723,0.000209118869,0.5041962215,1.624340391,1
EJR_rank,2016-09,-0.006450184987,-0.006133490431,0.0003119641739,0.0001060453965,0.0002106491599,0.5083252629,1.613863095,1
EJR_rank,2016-10,0.001381287918,0.001691553288,0.0003119641739,0.0001057711858,0.0002044941844,0.5139435089,1.616092304,1
EJR_rank,2016-11,0.01888250863,0.01919092619,0.0003119641739,0.0001106319339,0.0001977856289,0.5237826763,1.646608181,1
EJR_rank,2016-12,0.02098639697,0.02121520185,0.0003119641739,2.475614364e-05,0.0002040487342,0.05361296366,1.681164554,1
EJR_rank,2017-01,0.005063126259,0.005385540711,0.0005193472934,0.0001088534837,0.000213560968,0.5109524889,1.689676503,1
EJR_rank,2017-02,0.009391808757,0.009612508739,0.0005193472934,1.48987902e-05,0.0002058011924,0.02481378395,1.705545621,1
EJR_rank,2017-03,-0.0004410340568,-0.0002280862651,0.0005193472934,4.836588411e-06,0.0002081112033,0.01625838279,1.704793417,1
EJR_rank,2017-04,0.01059093286,0.01080326761,0.0007262586484,3.978315645e-06,0.0002083564339,0.009124820569,1.72284877,1
EJR_rank,2017-05,-0.01490983592,-0.01469253109,0.0007262586484,4.798051034e-06,0.0002125067771,0.0184120456,1.697161378,1
EJR_rank,2017-06,-0.01199737737,-0.0117791039,0.0007262586484,4.079616844e-06,0.0002141938523,0.01985890174,1.676799892,1
EJR_rank,2017-07,0.001644962333,0.001867370154,0.0009327004774,7.152857451e-06,0.0002152549634,0.02800468756,1.679558165,1
EJR_rank,2017-08,-0.003018846338,-0.002793129678,0.0009327004774,1.806303848e-05,0.0002076536212,0.03250441281,1.674487837,1
EJR_rank,2017-09,0.006975855078,0.007188123353,0.0009327004774,2.265709052e-06,0.0002100025666,0.01002878569,1.686168821,1
EJR_rank,2017-10,0.005646541373,0.00585425155,0.0009327004774,4.510934959e-06,0.0002031992415,0.01539668936,1.695689843,1
EJR_rank,2017-11,0.0003067233751,0.0006252638969,0.0009327004774,0.0001082570261,0.0002102834957,0.5170243217,1.696209951,1
EJR_rank,2017-12,-0.01214543926,-0.01192960914,0.0009327004774,3.366519239e-06,0.0002124635966,0.008988876472,1.675608736,1
EJR_rank,2018-01,0.00777653375,0.007995724506,0.001138675003,4.573229185e-06,0.0002146175266,0.01960366056,1.688639164,1
EJR_rank,2018-02,0.01473836763,0.01495561067,0.001138675003,1.505474018e-05,0.0002021882918,0.0292673554,1.713526949,1
EJR_rank,2018-03,-0.001962800781,-0.001621823193,0.001138675003,0.0001327808103,0.000208196778,0.5045606437,1.710163637,1
EJR_rank,2018-04,-2.664968642e-05,0.0001811760618,0.00134418443,5.675563208e-06,0.000202150185,0.01072877155,1.710118061,1
EJR_rank,2018-05,0.001132303971,0.001468193764,0.00134418443,0.000133788401,0.0002021013915,0.5111345058,1.712054435,1
EJR_rank,2018-06,-0.002921869932,-0.002475295402,0.00134418443,0.000241687001,0.0002048875293,1.018206802,1.707052034,1
EJR_rank,2018-07,0.01091695833,0.01113623134,0.001549230951,8.558728537e-06,0.0002107142742,0.01715141439,1.72568785,1
EJR_rank,2018-08,-0.0324218487,-0.03220637592,0.001549230951,7.926682071e-06,0.0002075460971,0.01260037776,1.66973786,1
EJR_rank,2018-09,0.007059638671,0.007412277741,0.001549230951,0.0001447674567,0.0002078716128,0.5301327382,1.681525606,1
EJR_rank,2018-10,0.02573815546,0.02605155752,0.00175381674,0.0001082859803,0.000205116081,0.505821946,1.724804973,1
EJR_rank,2018-11,-0.005786459032,-0.00546181168,0.00175381674,0.000117357564,0.0002072897883,0.523688054,1.71482446,1
EJR_rank,2018-12,0.006060894108,0.006375827744,0.00175381674,0.0001082215748,0.0002067120618,0.5119063749,1.725217829,1
EJR_rank,2019-01,0.01445534694,0.01467095315,0.001957943956,3.150602596e-06,0.0002124556115,0.009432824028,1.750156452,1
EJR_rank,2019-02,0.007659814422,0.007980502754,0.001957943956,0.0001149951541,0.0002056931781,0.5240158569,1.763562325,1
EJR_rank,2019-03,-0.005572110746,-0.005232148494,0.001957943956,0.0001332927652,0.0002066694868,0.5178057938,1.753735561,1
EJR_rank,2019-04,-0.00274694832,-0.002430510744,0.001957943956,0.0001089368415,0.0002075007337,0.5125657937,1.74891814,1
EJR_rank,2019-05,0.0009787075498,0.001187848298,0.001957943956,2.32586903e-06,0.0002068148795,0.006691085332,1.750629819,1
EJR_rank,2019-06,0.006369897795,0.006588171851,0.001957943956,4.07764131e-06,0.0002141964149,0.008477900696,1.761781152,1
EJR_rank,2019-07,0.005263020803,0.005582706518,0.001957943956,0.0001142291686,0.0002054565461,0.5268111783,1.771053443,1
EJR_rank,2019-08,-0.02149421554,-0.02118205942,0.001957943956,0.0001059430908,0.0002062130244,0.5145815178,1.732986039,1
EJR_rank,2019-09,0.007297220657,0.007646568177,0.00175381674,0.0001421362958,0.0002072112241,0.5210933906,1.74563202,1
EJR_rank,2019-10,0.0121706238,0.0126079512,0.001549230951,0.0002266990668,0.0002106283333,1.005640284,1.766877451,1
EJR_rank,2019-11,-0.003747263568,-0.003432807116,0.00134418443,0.0001089217215,0.0002055347311,0.5095473913,1.760256495,1
EJR_rank,2019-12,0.01025498257,0.01048231513,0.00134418443,1.410189102e-05,0.0002132306747,0.01982185662,1.778307895,1
EJR_rank,2020-01,-0.01355348132,-0.01333455253,0.00134418443,1.417386038e-05,0.0002047549342,0.02268494235,1.754205632,1
EJR_rank,2020-02,-0.006460975884,-0.006242455765,0.00134418443,1.251192087e-05,0.000206008198,0.01804127074,1.742871752,1
EJR_rank,2020-03,-0.02736560782,-0.02715323715,0.00134418443,1.016120388e-05,0.0002022094658,0.0118581797,1.695177007,1
EJR_rank,2020-04,-0.003241801886,-0.002904058511,0.0001041070355,0.0001282272327,0.0002095161426,0.5292992123,1.689681579,1
EJR_rank,2020-05,0.007758431535,0.007979408387,0.0001041070355,1.07209683e-05,0.0002102558838,0.02178311323,1.702790858,1
EJR_rank,2020-06,-0.005036534144,-0.004724597382,0.0001041070355,0.000102744335,0.000209192427,0.5090363298,1.694214694,1
EJR_rank,2020-07,0.01497938821,0.01520026793,0.0001041070355,4.432616997e-06,0.0002164471056,0.009806405028,1.719592993,1
EJR_rank,2020-08,-0.01825631525,-0.01802656629,0.0001041070355,1.779946695e-05,0.0002119494913,0.03837325076,1.688199561,1
EJR_rank,2020-09,-0.01084383901,-0.01062760052,0.0001041070355,1.244193817e-05,0.0002037965491,0.03145607998,1.669892997,1
EJR_rank,2020-10,-0.001414447561,-0.001194100865,0.0001041070355,1.138839364e-05,0.0002089583029,0.02200628265,1.667531021,1
EJR_rank,2020-11,0.02091464351,0.02113450206,0.0001041070355,6.228057696e-06,0.000213630486,0.01153793055,1.702406838,1
EJR_rank,2020-12,0.005058244427,0.005290252011,0.0001041070355,1.941221844e-05,0.0002125953654,0.02491400138,1.711018028,1
EJR_rank,2021-01,-0.01386689253,-0.01365171166,0.0001041070355,8.389457154e-06,0.0002067914186,0.0203744881,1.687291525,1
EJR_rank,2021-02,-0.006591962014,-0.006247763437,0.0001041070355,0.0001348400915,0.0002093584851,0.5115981206,1.676168963,1
EJR_rank,2021-03,-0.01340152299,-0.01319320379,0.0001041070355,3.049873912e-06,0.0002052693235,0.009345802924,1.653705746,1
EJR_rank,2021-04,0.009303263183,0.00952806438,0.0001041070355,1.05009774e-05,0.0002143002203,0.02344805821,1.669090606,1
EJR_rank,2021-05,-0.002547003176,-0.002316614807,0.0001041070355,1.923871766e-05,0.0002111496513,0.02838930824,1.664839427,1
EJR_rank,2021-06,0.02485068996,0.02506202078,0.0001041070355,8.37586199e-06,0.0002029549543,0.01557770543,1.706211835,1
EJR_rank,2021-07,-0.00293253108,-0.002710255248,0.0001041070355,1.430597489e-05,0.0002079698572,0.04063338195,1.701208316,1
EJR_rank,2021-08,0.0006706649067,0.0008831995793,0.0001041070355,5.930769514e-06,0.0002066039031,0.009040717541,1.702349257,1
EJR_rank,2021-09,-0.005792807808,-0.005583716751,0.0001041070355,4.23798941e-06,0.000204853068,0.00829226849,1.692487875,1
EJR_rank,2021-10,-0.02260776995,-0.02238595854,0.0001041070355,9.617536618e-06,0.0002121938692,0.01679910309,1.654224498,1
EJR_rank,2021-11,0.019593916,0.01980428538,0.0001041070355,8.026297098e-06,0.0002023430887,0.02602686684,1.686637234,1
EJR_rank,2021-12,-0.002218917328,-0.00200316966,0.0001041070355,7.19096567e-06,0.000208556702,0.02819758269,1.682894725,1
EJR_rank,2022-01,0.01472467999,0.01493632469,0.0001041070355,5.285062435e-06,0.0002063596375,0.01070201464,1.707674812,1
EJR_rank,2022-02,0.01095339086,0.01117253798,0.0001041070355,1.023797645e-05,0.0002089091451,0.02328385982,1.726379641,1
EJR_rank,2022-03,0.007464550172,0.007684771097,0.0001041070355,1.097624015e-05,0.0002092446852,0.01646473983,1.739266289,1
EJR_rank,2022-04,-0.002706816199,-0.002480646474,0.0003119641739,2.490249158e-05,0.0002012672333,0.04198989608,1.734558415,1
EJR_rank,2022-05,0.007688487326,0.007908515242,0.0003119641739,9.421635017e-06,0.0002106062809,0.03408934634,1.747894545,1
EJR_rank,2022-06,-0.02172280379,-0.02151118843,0.0007262586484,8.508346375e-06,0.0002031070139,0.01165767007,1.709925375,1
EJR_rank,2022-07,0.01358924383,0.01381364001,0.00134418443,1.731635712e-05,0.0002070798265,0.02738886121,1.733161968,1
EJR_rank,2022-08,0.005987684853,0.00619562577,0.001957943956,3.738204903e-06,0.0002042027117,0.01230227694,1.743539595,1
EJR_rank,2022-09,3.511113631e-05,0.0002427728367,0.001957943956,6.775734868e-06,0.0002008859655,0.02492321895,1.743600813,1
EJR_rank,2022-10,-0.004464336584,-0.004239268653,0.002567595531,1.437508595e-05,0.0002106928446,0.03651412769,1.735816792,1
EJR_rank,2022-11,0.007225890932,0.007450799687,0.002567595531,1.050583551e-05,0.0002144029197,0.02206798491,1.748359615,1
EJR_rank,2022-12,0.01260220082,0.01281996702,0.003173196228,6.717232896e-06,0.0002110489654,0.02846577624,1.770392794,1
EJR_rank,2023-01,0.01066654217,0.01088114806,0.003574707178,3.954458529e-06,0.0002106514312,0.01773485254,1.789276763,1
EJR_rank,2023-02,0.008768255147,0.009107578844,0.003574707178,0.0001339793433,0.0002053443533,0.5105285988,1.804965598,1
EJR_rank,2023-03,0.007133635271,0.007350885921,0.003774801921,6.254666793e-06,0.0002109959839,0.01482206747,1.817841565,1
EJR_rank,2023-04,0.002617529715,0.002959832636,0.003974458863,0.0001336521749,0.0002086507459,0.5130249512,1.822599819,1
EJR_rank,2023-05,-0.004458401555,-0.004122534431,0.003974458863,0.0001304145449,0.000205452579,0.503785222,1.814473937,1
EJR_rank,2023-06,-0.00369121426,-0.003354555637,0.004173680002,0.000123529072,0.0002131295504,0.4964943796,1.807776325,1
EJR_rank,2023-07,0.01668570422,0.01703770347,0.004173680002,0.0001417512195,0.0002102480298,0.5225157244,1.837940346,1
EJR_rank,2023-08,-9.271714733e-05,0.0002443340191,0.004372467323,0.0001327286151,0.0002043225514,0.5129851693,1.837769938,1
EJR_rank,2023-09,-0.002871710811,-0.002656514829,0.004372467323,8.589425281e-06,0.000206606557,0.0198864768,1.832492394,1
EJR_rank,2023-10,0.006487972809,0.006699085466,0.004372467323,5.729686554e-06,0.00020538297,0.01675001453,1.844381555,1
EJR_rank,2023-11,0.005010253849,0.005227848072,0.004372467323,4.279096077e-06,0.0002133151267,0.01461299968,1.853622374,1
EJR_rank,2023-12,0.01038042452,0.01060333059,0.004372467323,1.0665052e-05,0.0002122410185,0.02340009126,1.872863762,1
EJR_rank,2024-01,-0.003299765685,-0.003087810349,0.004372467323,7.048480466e-06,0.0002049068558,0.01816476241,1.86668375,1
EJR_rank,2024-02,0.002370370552,0.002582623709,0.004372467323,5.269424436e-06,0.0002069837323,0.01704922405,1.871108482,1
EJR_rank,2024-03,0.002449477634,0.00265931513,0.004372467323,1.459640836e-06,0.000208377855,0.007081950443,1.875691721,1
EJR_rank,2024-04,-0.00670158118,-0.006492999779,0.004372467323,2.040225722e-06,0.0002065411752,0.004727974102,1.86312162,1
EJR_rank,2024-05,-0.003338731073,-0.003124584758,0.004372467323,4.148763664e-06,0.0002099975511,0.01093877418,1.856901158,1
EJR_rank,2024-06,-0.01041021181,-0.01020150542,0.004372467323,2.256531487e-06,0.0002064498627,0.008798637296,1.837570424,1
EJR_rank,2024-07,0.01578667221,0.01600567335,0.004372467323,1.04338125e-05,0.0002085673277,0.01472728691,1.866579546,1
EJR_rank,2024-08,0.001130961931,0.001355292934,0.004372467323,1.075737244e-05,0.0002135736297,0.02556389444,1.868690576,1
EJR_rank,2024-09,0.01693597495,0.0171519198,0.004372467323,6.897928311e-06,0.0002090469159,0.02443655576,1.900338673,1
EJR_rank,2024-10,-0.01344767603,-0.01323695227,0.003974458863,8.240059757e-06,0.0002024837036,0.01256662444,1.874783534,1
EJR_rank,2024-11,0.004077744744,0.004296128291,0.003974458863,1.386685437e-05,0.000204516693,0.02915035892,1.882428423,1
EJR_rank,2024-12,0.0006431235575,0.0008624363781,0.003774801921,1.543388115e-05,0.0002038789395,0.02593671063,1.883639057,1
EJR_rank,2025-01,0.02409342434,0.02430697233,0.003574707178,5.737360467e-06,0.0002078106303,0.02211406972,1.929022372,1
EJR_rank,2025-02,0.01084554864,0.01106832903,0.003574707178,1.397512927e-05,0.0002088052546,0.02544619703,1.949943678,1
EJR_rank,2025-03,-0.001438573533,-0.001224106677,0.003574707178,1.629815548e-06,0.0002128370405,0.007413221393,1.947138541,1
EJR_rank,2025-04,0.001224918456,0.001450974888,0.003574707178,8.332124568e-06,0.0002177243073,0.02070148602,1.949523627,1
EJR_rank,2025-05,0.001412117531,0.001637066944,0.003574707178,1.676134506e-05,0.0002081880676,0.04393254136,1.952276583,1
EJR_rank,2025-06,0.001969362742,0.002183271442,0.003574707178,1.067459774e-06,0.0002128412401,0.003209020557,1.956121324,1
EJR_rank,2025-07,0.0009663687675,0.001184464662,0.003574707178,1.341928508e-05,0.0002046766096,0.02329127572,1.958011658,1
EJR_rank,2025-08,0.007932252005,0.008248040055,0.003574707178,0.0001038285835,0.0002119594665,0.5137434569,1.9735431,1
EJR_rank,2025-09,0.01057632804,0.0108940043,0.003574707178,0.0001098813243,0.0002077949388,0.5166213069,1.994415939,1
EJR_rank,2025-10,0.002122274778,0.002431519332,0.003374172623,0.0001051828452,0.0002040617089,0.5044011034,1.998648638,1
EJR_rank,2025-11,0.003410783069,0.003721607845,0.003173196228,0.000102294361,0.0002085304151,0.5091353605,2.005465595,1
EJR_rank,2025-12,-0.01207433074,-0.01185699703,0.003173196228,4.883554887e-06,0.00021245016,0.00824620668,1.98125094,1
EJR_rank,2026-01,0.01497176462,0.01518720328,0.002971775953,4.31867386e-06,0.0002111199941,0.0197450995,2.010913763,1
EJR_rank,2026-02,0.01014426359,0.01036214713,0.002971775953,1.166433793e-05,0.0002062192059,0.01257033748,2.031313002,1
EJR_rank,2026-03,0.01534916458,0.01567911838,0.002971775953,0.0001296222247,0.0002003315736,0.5087900688,2.06249196,1
EJR_rank,2026-04,0.01107011375,0.01129570819,0.002971775953,1.271037487e-05,0.0002128840685,0.03896130312,2.08532398,1
EJR_rank,2026-05,0.001011211139,0.001357326598,0.002971775953,0.0001393304627,0.0002067849968,0.5204535171,2.087432683,1
EJR_rank,2026-06,0.006454495907,0.006659594032,0.002971775953,2.155339642e-06,0.0002029427862,0.008308801325,2.100906009,1
EJR_rank,2026-07,0.008783304255,0.009003461491,0.002971775953,9.547963663e-06,0.0002106092716,0.02676064612,2.119358906,1
EJR_rank,2026-08,-0.005355538089,-0.004639443531,0.002971775953,0.0005058398287,0.0002102547286,1.514059777,2.108008598,1
Gate_FX,2010-03,0.0001041070355,0.0001041070355,0.0001041070355,0,0,0,1.351947177,0
Gate_FX,2010-04,0.0001041070355,0.0001041070355,0.0001041070355,0,0,0,1.352087924,0
Gate_FX,2010-05,0.0001041070355,0.0001041070355,0.0001041070355,0,0,0,1.352228686,0
Gate_FX,2010-06,0.0001041070355,0.0001041070355,0.0001041070355,0,0,0,1.352369462,0
Gate_FX,2010-07,0.0001041070355,0.0001041070355,0.0001041070355,0,0,0,1.352510253,0
Gate_FX,2010-08,0.0001041070355,0.0001041070355,0.0001041070355,0,0,0,1.352651059,0
Gate_FX,2010-09,0.0001041070355,0.0001041070355,0.0001041070355,0,0,0,1.35279188,0
Gate_FX,2010-10,0.0001041070355,0.0001041070355,0.0001041070355,0,0,0,1.352932715,0
Gate_FX,2010-11,0.0001041070355,0.0001041070355,0.0001041070355,0,0,0,1.353073565,0
Gate_FX,2010-12,0.0001041070355,0.0001041070355,0.0001041070355,0,0,0,1.353214429,0
Gate_FX,2011-01,0.0001041070355,0.0001041070355,0.0001041070355,0,0,0,1.353355308,0
Gate_FX,2011-02,0.0001041070355,0.0001041070355,0.0001041070355,0,0,0,1.353496202,0
Gate_FX,2011-03,0.0001041070355,0.0001041070355,0.0001041070355,0,0,0,1.353637111,0
Gate_FX,2011-04,0.0001041070355,0.0001041070355,0.0001041070355,0,0,0,1.353778034,0
Gate_FX,2011-05,0.0001041070355,0.0001041070355,0.0001041070355,0,0,0,1.353918972,0
Gate_FX,2011-06,0.0001041070355,0.0001041070355,0.0001041070355,0,0,0,1.354059924,0
Gate_FX,2011-07,0.0001041070355,0.0001041070355,0.0001041070355,0,0,0,1.354200891,0
Gate_FX,2011-08,0.0001041070355,0.0001041070355,0.0001041070355,0,0,0,1.354341873,0
Gate_FX,2011-09,0.0001041070355,0.0001041070355,0.0001041070355,0,0,0,1.35448287,0
Gate_FX,2011-10,0.0001041070355,0.0001041070355,0.0001041070355,0,0,0,1.354623881,0
Gate_FX,2011-11,0.0001041070355,0.0001041070355,0.0001041070355,0,0,0,1.354764907,0
Gate_FX,2011-12,0.0001041070355,0.0001041070355,0.0001041070355,0,0,0,1.354905947,0
Gate_FX,2012-01,0.0001041070355,0.0001041070355,0.0001041070355,0,0,0,1.355047003,0
Gate_FX,2012-02,0.0001041070355,0.0001041070355,0.0001041070355,0,0,0,1.355188072,0
Gate_FX,2012-03,0.0001041070355,0.0001041070355,0.0001041070355,0,0,0,1.355329157,0
Gate_FX,2012-04,0.0001041070355,0.0001041070355,0.0001041070355,0,0,0,1.355470256,0
Gate_FX,2012-05,0.0001041070355,0.0001041070355,0.0001041070355,0,0,0,1.35561137,0
Gate_FX,2012-06,0.0001041070355,0.0001041070355,0.0001041070355,0,0,0,1.355752499,0
Gate_FX,2012-07,0.0001041070355,0.0001041070355,0.0001041070355,0,0,0,1.355893642,0
Gate_FX,2012-08,0.0001041070355,0.0001041070355,0.0001041070355,0,0,0,1.3560348,0
Gate_FX,2012-09,0.0001041070355,0.0001041070355,0.0001041070355,0,0,0,1.356175973,0
Gate_FX,2012-10,0.0001041070355,0.0001041070355,0.0001041070355,0,0,0,1.356317161,0
Gate_FX,2012-11,0.0001041070355,0.0001041070355,0.0001041070355,0,0,0,1.356458363,0
Gate_FX,2012-12,0.0001041070355,0.0001041070355,0.0001041070355,0,0,0,1.35659958,0
Gate_FX,2013-01,0.0001041070355,0.0001041070355,0.0001041070355,0,0,0,1.356740811,0
Gate_FX,2013-02,0.0001041070355,0.0001041070355,0.0001041070355,0,0,0,1.356882058,0
Gate_FX,2013-03,0.0001041070355,0.0001041070355,0.0001041070355,0,0,0,1.357023318,0
Gate_FX,2013-04,0.0001041070355,0.0001041070355,0.0001041070355,0,0,0,1.357164594,0
Gate_FX,2013-05,0.0001041070355,0.0001041070355,0.0001041070355,0,0,0,1.357305885,0
Gate_FX,2013-06,0.0001041070355,0.0001041070355,0.0001041070355,0,0,0,1.35744719,0
Gate_FX,2013-07,0.0001041070355,0.0001041070355,0.0001041070355,0,0,0,1.357588509,0
Gate_FX,2013-08,0.0001041070355,0.0001041070355,0.0001041070355,0,0,0,1.357729844,0
Gate_FX,2013-09,0.0001041070355,0.0001041070355,0.0001041070355,0,0,0,1.357871193,0
Gate_FX,2013-10,0.0001041070355,0.0001041070355,0.0001041070355,0,0,0,1.358012557,0
Gate_FX,2013-11,0.0001041070355,0.0001041070355,0.0001041070355,0,0,0,1.358153936,0
Gate_FX,2013-12,0.0001041070355,0.0001041070355,0.0001041070355,0,0,0,1.358295329,0
Gate_FX,2014-01,0.0001041070355,0.0001041070355,0.0001041070355,0,0,0,1.358436737,0
Gate_FX,2014-02,0.0001041070355,0.0001041070355,0.0001041070355,0,0,0,1.35857816,0
Gate_FX,2014-03,0.0001041070355,0.0001041070355,0.0001041070355,0,0,0,1.358719598,0
Gate_FX,2014-04,0.0001041070355,0.0001041070355,0.0001041070355,0,0,0,1.35886105,0
Gate_FX,2014-05,0.0001041070355,0.0001041070355,0.0001041070355,0,0,0,1.359002517,0
Gate_FX,2014-06,0.0001041070355,0.0001041070355,0.0001041070355,0,0,0,1.359143999,0
Gate_FX,2014-07,0.0001041070355,0.0001041070355,0.0001041070355,0,0,0,1.359285495,0
Gate_FX,2014-08,0.0001041070355,0.0001041070355,0.0001041070355,0,0,0,1.359427006,0
Gate_FX,2014-09,0.0001041070355,0.0001041070355,0.0001041070355,0,0,0,1.359568532,0
Gate_FX,2014-10,0.0001041070355,0.0001041070355,0.0001041070355,0,0,0,1.359710073,0
Gate_FX,2014-11,0.0001041070355,0.0001041070355,0.0001041070355,0,0,0,1.359851628,0
Gate_FX,2014-12,0.0001041070355,0.0001041070355,0.0001041070355,0,0,0,1.359993198,0
Gate_FX,2015-01,0.0001041070355,0.0001041070355,0.0001041070355,0,0,0,1.360134783,0
Gate_FX,2015-02,0.0001041070355,0.0001041070355,0.0001041070355,0,0,0,1.360276383,0
Gate_FX,2015-03,0.0001041070355,0.0001041070355,0.0001041070355,0,0,0,1.360417997,0
Gate_FX,2015-04,0.0001041070355,0.0001041070355,0.0001041070355,0,0,0,1.360559626,0
Gate_FX,2015-05,0.0001041070355,0.0001041070355,0.0001041070355,0,0,0,1.36070127,0
Gate_FX,2015-06,0.0001041070355,0.0001041070355,0.0001041070355,0,0,0,1.360842929,0
Gate_FX,2015-07,0.0001041070355,0.0001041070355,0.0001041070355,0,0,0,1.360984602,0
Gate_FX,2015-08,0.0001041070355,0.0001041070355,0.0001041070355,0,0,0,1.36112629,0
Gate_FX,2015-09,0.0001041070355,0.0001041070355,0.0001041070355,0,0,0,1.361267993,0
Gate_FX,2015-10,0.0001041070355,0.0001041070355,0.0001041070355,0,0,0,1.36140971,0
Gate_FX,2015-11,0.0160174614,0.01664446324,0.0001041070355,0.000425,0.0002020018395,1,1.383216038,1
Gate_FX,2015-12,-0.02860732313,-0.02838499078,0.0001041070355,7.72942376e-06,0.000214602924,0.03109617547,1.34364593,1
Gate_FX,2016-01,-0.0001230199977,0.0003119641739,0.0003119641739,0.0004349841717,0,1.030858597,1.343480634,0
Gate_FX,2016-02,0.01728680641,0.01791982343,0.0003119641739,0.000425,0.0002080170208,1,1.366705124,1
Gate_FX,2016-03,0.01531904338,0.0155442478,0.0003119641739,6.220924505e-06,0.0002189835008,0.01730864801,1.387641739,1
Gate_FX,2016-04,0.01869508593,0.01893488246,0.0003119641739,3.049200007e-05,0.0002093045321,0.04991783466,1.413583821,1
Gate_FX,2016-05,-0.0001196040436,0.0003119641739,0.0003119641739,0.0004315682175,0,1.004134623,1.41341475,0
Gate_FX,2016-06,0.0003119641739,0.0003119641739,0.0003119641739,0,0,0,1.413855685,0
Gate_FX,2016-07,0.0003119641739,0.0003119641739,0.0003119641739,0,0,0,1.414296757,0
Gate_FX,2016-08,0.0003119641739,0.0003119641739,0.0003119641739,0,0,0,1.414737967,0
Gate_FX,2016-09,0.0003119641739,0.0003119641739,0.0003119641739,0,0,0,1.415179315,0
Gate_FX,2016-10,0.0003119641739,0.0003119641739,0.0003119641739,0,0,0,1.4156208,0
Gate_FX,2016-11,0.0003119641739,0.0003119641739,0.0003119641739,0,0,0,1.416062423,0
Gate_FX,2016-12,0.0003119641739,0.0003119641739,0.0003119641739,0,0,0,1.416504184,0
Gate_FX,2017-01,0.0005193472934,0.0005193472934,0.0005193472934,0,0,0,1.417239842,0
Gate_FX,2017-02,0.0005193472934,0.0005193472934,0.0005193472934,0,0,0,1.417975881,0
Gate_FX,2017-03,0.0005193472934,0.0005193472934,0.0005193472934,0,0,0,1.418712303,0
Gate_FX,2017-04,0.0007262586484,0.0007262586484,0.0007262586484,0,0,0,1.419742655,0
Gate_FX,2017-05,0.0007262586484,0.0007262586484,0.0007262586484,0,0,0,1.420773756,0
Gate_FX,2017-06,0.0007262586484,0.0007262586484,0.0007262586484,0,0,0,1.421805605,0
Gate_FX,2017-07,0.0009327004774,0.0009327004774,0.0009327004774,0,0,0,1.423131724,0
Gate_FX,2017-08,0.0009327004774,0.0009327004774,0.0009327004774,0,0,0,1.424459079,0
Gate_FX,2017-09,0.0009327004774,0.0009327004774,0.0009327004774,0,0,0,1.425787673,0
Gate_FX,2017-10,0.0009327004774,0.0009327004774,0.0009327004774,0,0,0,1.427117506,0
Gate_FX,2017-11,0.0009327004774,0.0009327004774,0.0009327004774,0,0,0,1.428448579,0
Gate_FX,2017-12,0.0009327004774,0.0009327004774,0.0009327004774,0,0,0,1.429780894,0
Gate_FX,2018-01,0.001138675003,0.001138675003,0.001138675003,0,0,0,1.431408949,0
Gate_FX,2018-02,0.001138675003,0.001138675003,0.001138675003,0,0,0,1.433038859,0
Gate_FX,2018-03,0.001138675003,0.001138675003,0.001138675003,0,0,0,1.434670624,0
Gate_FX,2018-04,0.00134418443,0.00134418443,0.00134418443,0,0,0,1.436599086,0
Gate_FX,2018-05,0.00134418443,0.00134418443,0.00134418443,0,0,0,1.438530141,0
Gate_FX,2018-06,0.00134418443,0.00134418443,0.00134418443,0,0,0,1.44046379,0
Gate_FX,2018-07,0.001549230951,0.001549230951,0.001549230951,0,0,0,1.442695401,0
Gate_FX,2018-08,0.001549230951,0.001549230951,0.001549230951,0,0,0,1.44493047,0
Gate_FX,2018-09,0.001549230951,0.001549230951,0.001549230951,0,0,0,1.447169001,0
Gate_FX,2018-10,0.00175381674,0.00175381674,0.00175381674,0,0,0,1.44970707,0
Gate_FX,2018-11,0.00175381674,0.00175381674,0.00175381674,0,0,0,1.452249591,0
Gate_FX,2018-12,0.00175381674,0.00175381674,0.00175381674,0,0,0,1.45479657,0
Gate_FX,2019-01,0.001957943956,0.001957943956,0.001957943956,0,0,0,1.45764498,0
Gate_FX,2019-02,0.001957943956,0.001957943956,0.001957943956,0,0,0,1.460498968,0
Gate_FX,2019-03,0.001957943956,0.001957943956,0.001957943956,0,0,0,1.463358543,0
Gate_FX,2019-04,0.001957943956,0.001957943956,0.001957943956,0,0,0,1.466223717,0
Gate_FX,2019-05,0.001957943956,0.001957943956,0.001957943956,0,0,0,1.469094501,0
Gate_FX,2019-06,0.001957943956,0.001957943956,0.001957943956,0,0,0,1.471970905,0
Gate_FX,2019-07,0.001957943956,0.001957943956,0.001957943956,0,0,0,1.474852942,0
Gate_FX,2019-08,0.001957943956,0.001957943956,0.001957943956,0,0,0,1.477740621,0
Gate_FX,2019-09,0.00175381674,0.00175381674,0.00175381674,0,0,0,1.480332307,0
Gate_FX,2019-10,0.001549230951,0.001549230951,0.001549230951,0,0,0,1.482625684,0
Gate_FX,2019-11,0.00134418443,0.00134418443,0.00134418443,0,0,0,1.484618606,0
Gate_FX,2019-12,0.00134418443,0.00134418443,0.00134418443,0,0,0,1.486614208,0
Gate_FX,2020-01,0.00134418443,0.00134418443,0.00134418443,0,0,0,1.488612491,0
Gate_FX,2020-02,0.00134418443,0.00134418443,0.00134418443,0,0,0,1.490613461,0
Gate_FX,2020-03,0.00134418443,0.00134418443,0.00134418443,0,0,0,1.49261712,0
Gate_FX,2020-04,-0.00381983289,-0.003210316748,0.0001041070355,0.0004,0.0002095161426,1,1.486915572,1
Gate_FX,2020-05,9.333387916e-05,0.0003133129154,0.0001041070355,9.723152379e-06,0.0002102558838,0.02148832024,1.487054352,1
Gate_FX,2020-06,-0.003220190368,-0.003007864622,0.0001041070355,4.021814701e-06,0.0002083039314,0.01190044316,1.482265754,1
Gate_FX,2020-07,-0.001669187492,-0.001447906043,0.0001041070355,4.091181824e-06,0.0002171902678,0.007535591922,1.479791574,1
Gate_FX,2020-08,-0.0041185704,-0.003889915973,0.0001041070355,2.049631913e-05,0.0002081581082,0.04245127879,1.473696949,1
Gate_FX,2020-09,-0.0118963707,-0.01167710621,0.0001041070355,1.274254226e-05,0.000206521944,0.0224004393,1.456165303,1
Gate_FX,2020-10,-0.00527062858,-0.005052192503,0.0001041070355,9.089847853e-06,0.0002093462299,0.01594274021,1.448490397,1
Gate_FX,2020-11,0.02262754465,0.02284374596,0.0001041070355,4.923108924e-06,0.0002112781977,0.01138320217,1.481266178,1
Gate_FX,2020-12,0.001119515456,0.001349557099,0.0001041070355,1.808178448e-05,0.0002119598592,0.02275030839,1.482924479,1
Gate_FX,2021-01,-0.007188978067,-0.006975661137,0.0001041070355,7.729642382e-06,0.0002055872869,0.01728654611,1.472263767,1
Gate_FX,2021-02,0.006699831322,0.006918441437,0.0001041070355,1.197164699e-05,0.0002066384685,0.01519872298,1.482127686,1
Gate_FX,2021-03,0.008699957652,0.008904214037,0.0001041070355,3.567110677e-06,0.000200689274,0.01045784003,1.495022134,1
Gate_FX,2021-04,0.01431053518,0.01454118029,0.0001041070355,1.736314608e-05,0.0002132819648,0.03648470451,1.516416701,1
Gate_FX,2021-05,0.009428721868,0.00965457013,0.0001041070355,1.716909281e-05,0.0002086791697,0.0233125346,1.530714572,1
Gate_FX,2021-06,0.0163885985,0.01659805822,0.0001041070355,4.717391488e-06,0.0002047423272,0.009461255548,1.555800839,1
Gate_FX,2021-07,-0.009134643424,-0.00891009832,0.0001041070355,1.525764595e-05,0.0002092874577,0.0368088582,1.541589153,1
Gate_FX,2021-08,-0.004400962712,-0.004188029909,0.0001041070355,5.247158249e-06,0.0002076856446,0.0117529264,1.534804676,1
Gate_FX,2021-09,-0.001886721377,-0.001680139762,0.0001041070355,2.517307373e-06,0.000204064307,0.00471720326,1.531908928,1
Gate_FX,2021-10,0.001539551543,0.001757887271,0.0001041070355,1.11452867e-05,0.0002071904413,0.02064683036,1.53426738,1
Gate_FX,2021-11,-0.001660988048,-0.001442129252,0.0001041070355,1.206605004e-05,0.0002067927462,0.02245549419,1.531718981,1
Gate_FX,2021-12,0.0105698357,0.01078237479,0.0001041070355,6.620164397e-06,0.0002059189251,0.01973295455,1.547908999,1
Gate_FX,2022-01,0.01429391711,0.01450356805,0.0001041070355,3.177998988e-06,0.0002064729445,0.01302066745,1.570034681,1
Gate_FX,2022-02,0.01199426615,0.01221326681,0.0001041070355,1.028479367e-05,0.0002087158622,0.02308140212,1.588866095,1
Gate_FX,2022-03,-0.0003037050724,0.0001041070355,0.0001041070355,0.0004078121079,0,1.00171213,1.588383549,0
Gate_FX,2022-04,0.0003119641739,0.0003119641739,0.0003119641739,0,0,0,1.588879067,0
Gate_FX,2022-05,0.0003119641739,0.0003119641739,0.0003119641739,0,0,0,1.589374741,0
Gate_FX,2022-06,0.0007262586484,0.0007262586484,0.0007262586484,0,0,0,1.590529038,0
Gate_FX,2022-07,0.00134418443,0.00134418443,0.00134418443,0,0,0,1.592667002,0
Gate_FX,2022-08,0.001957943956,0.001957943956,0.001957943956,0,0,0,1.595785355,0
Gate_FX,2022-09,0.001957943956,0.001957943956,0.001957943956,0,0,0,1.598909813,0
Gate_FX,2022-10,0.002567595531,0.002567595531,0.002567595531,0,0,0,1.603015167,0
Gate_FX,2022-11,0.002567595531,0.002567595531,0.002567595531,0,0,0,1.607131062,0
Gate_FX,2022-12,0.003173196228,0.003173196228,0.003173196228,0,0,0,1.612230804,0
Gate_FX,2023-01,0.003574707178,0.003574707178,0.003574707178,0,0,0,1.617994057,0
Gate_FX,2023-02,0.003574707178,0.003574707178,0.003574707178,0,0,0,1.623777912,0
Gate_FX,2023-03,0.003774801921,0.003774801921,0.003774801921,0,0,0,1.629907352,0
Gate_FX,2023-04,0.003974458863,0.003974458863,0.003974458863,0,0,0,1.636385351,0
Gate_FX,2023-05,0.003974458863,0.003974458863,0.003974458863,0,0,0,1.642889098,0
Gate_FX,2023-06,0.004173680002,0.004173680002,0.004173680002,0,0,0,1.649745991,0
Gate_FX,2023-07,0.004173680002,0.004173680002,0.004173680002,0,0,0,1.656631503,0
Gate_FX,2023-08,0.004372467323,0.004372467323,0.004372467323,0,0,0,1.66387507,0
Gate_FX,2023-09,0.004372467323,0.004372467323,0.004372467323,0,0,0,1.671150309,0
Gate_FX,2023-10,0.004372467323,0.004372467323,0.004372467323,0,0,0,1.67845736,0
Gate_FX,2023-11,0.004372467323,0.004372467323,0.004372467323,0,0,0,1.685796359,0
Gate_FX,2023-12,0.004372467323,0.004372467323,0.004372467323,0,0,0,1.693167449,0
Gate_FX,2024-01,0.004372467323,0.004372467323,0.004372467323,0,0,0,1.700570768,0
Gate_FX,2024-02,0.004372467323,0.004372467323,0.004372467323,0,0,0,1.708006458,0
Gate_FX,2024-03,0.004372467323,0.004372467323,0.004372467323,0,0,0,1.715474661,0
Gate_FX,2024-04,0.004372467323,0.004372467323,0.004372467323,0,0,0,1.722975518,0
Gate_FX,2024-05,0.004372467323,0.004372467323,0.004372467323,0,0,0,1.730509172,0
Gate_FX,2024-06,0.004372467323,0.004372467323,0.004372467323,0,0,0,1.738075767,0
Gate_FX,2024-07,0.004372467323,0.004372467323,0.004372467323,0,0,0,1.745675446,0
Gate_FX,2024-08,0.004372467323,0.004372467323,0.004372467323,0,0,0,1.753308355,0
Gate_FX,2024-09,0.004372467323,0.004372467323,0.004372467323,0,0,0,1.760974639,0
Gate_FX,2024-10,0.003974458863,0.003974458863,0.003974458863,0,0,0,1.76797356,0
Gate_FX,2024-11,0.003974458863,0.003974458863,0.003974458863,0,0,0,1.775000298,0
Gate_FX,2024-12,0.003774801921,0.003774801921,0.003774801921,0,0,0,1.781700573,0
Gate_FX,2025-01,0.003574707178,0.003574707178,0.003574707178,0,0,0,1.78806963,0
Gate_FX,2025-02,0.003574707178,0.003574707178,0.003574707178,0,0,0,1.794461456,0
Gate_FX,2025-03,0.003574707178,0.003574707178,0.003574707178,0,0,0,1.80087613,0
Gate_FX,2025-04,0.003574707178,0.003574707178,0.003574707178,0,0,0,1.807313735,0
Gate_FX,2025-05,0.003574707178,0.003574707178,0.003574707178,0,0,0,1.813774352,0
Gate_FX,2025-06,0.003574707178,0.003574707178,0.003574707178,0,0,0,1.820258064,0
Gate_FX,2025-07,0.003574707178,0.003574707178,0.003574707178,0,0,0,1.826764954,0
Gate_FX,2025-08,0.003574707178,0.003574707178,0.003574707178,0,0,0,1.833295104,0
Gate_FX,2025-09,0.003574707178,0.003574707178,0.003574707178,0,0,0,1.839848597,0
Gate_FX,2025-10,0.003374172623,0.003374172623,0.003374172623,0,0,0,1.846056564,0
Gate_FX,2025-11,0.003173196228,0.003173196228,0.003173196228,0,0,0,1.851914463,0
Gate_FX,2025-12,0.003173196228,0.003173196228,0.003173196228,0,0,0,1.857790951,0
Gate_FX,2026-01,0.002971775953,0.002971775953,0.002971775953,0,0,0,1.86331189,0
Gate_FX,2026-02,0.002971775953,0.002971775953,0.002971775953,0,0,0,1.868849235,0
Gate_FX,2026-03,0.002971775953,0.002971775953,0.002971775953,0,0,0,1.874403037,0
Gate_FX,2026-04,0.002971775953,0.002971775953,0.002971775953,0,0,0,1.879973342,0
Gate_FX,2026-05,0.002971775953,0.002971775953,0.002971775953,0,0,0,1.885560202,0
Gate_FX,2026-06,0.002971775953,0.002971775953,0.002971775953,0,0,0,1.891163664,0
Gate_FX,2026-07,0.002971775953,0.002971775953,0.002971775953,0,0,0,1.896783779,0
Gate_FX,2026-08,0.002971775953,0.002971775953,0.002971775953,0,0,0,1.902420596,0
Gate_total,2010-03,0.0189952312,0.0195980511,0.0001041070355,0.0004,0.0002028198971,1,1.37748432,1
Gate_total,2010-04,0.01869895678,0.01891268644,0.0001041070355,7.832995959e-06,0.0002058966561,0.0299500019,1.40324184,1
Gate_total,2010-05,-0.01306843193,-0.01285556363,0.0001041070355,9.03027789e-06,0.0002038380185,0.02254359991,1.384903669,1
Gate_total,2010-06,0.005507710427,0.005734111873,0.0001041070355,1.502104035e-05,0.0002113804051,0.04476632047,1.392531318,1
Gate_total,2010-07,-0.004269276368,-0.004045882059,0.0001041070355,5.96991624e-06,0.0002174243926,0.01889896755,1.386586217,1
Gate_total,2010-08,-0.0003118051934,0.0001041070355,0.0001041070355,0.0004159122289,0,1.044096102,1.386153872,0
Gate_total,2010-09,0.0001041070355,0.0001041070355,0.0001041070355,0,0,0,1.38629818,0
Gate_total,2010-10,-0.008428649557,-0.007815414741,0.0001041070355,0.0004,0.0002132348162,1,1.374613559,1
Gate_total,2010-11,0.0241141841,0.02431977516,0.0001041070355,7.599641519e-06,0.0001979914221,0.02439606483,1.407761243,1
Gate_total,2010-12,0.00946210919,0.009813556892,0.0001041070355,0.0001369352078,0.0002145124943,0.5356556641,1.421081634,1
Gate_total,2011-01,0.005025512205,0.005249596684,0.0001041070355,1.424957082e-05,0.0002098349087,0.02977123413,1.428223297,1
Gate_total,2011-02,0.007926485768,0.008142126381,0.0001041070355,5.862283959e-06,0.0002097783289,0.01844700598,1.439544089,1
Gate_total,2011-03,0.005085691804,0.005300520796,0.0001041070355,4.835020709e-06,0.0002099939717,0.009291237331,1.446865166,1
Gate_total,2011-04,0.005189534531,0.005412999123,0.0001041070355,8.31863057e-06,0.0002151459618,0.01615997592,1.454373723,1
Gate_total,2011-05,0.003440909333,0.003659623496,0.0001041070355,1.407237649e-05,0.0002046417864,0.03278499287,1.459378091,1
Gate_total,2011-06,-0.00551459126,-0.00529892128,0.0001041070355,5.478494204e-06,0.0002101914849,0.01935790888,1.451330217,1
Gate_total,2011-07,-0.005366516445,-0.005146047535,0.0001041070355,9.657463329e-06,0.000210811447,0.01891787501,1.44354163,1
Gate_total,2011-08,-0.007878976264,-0.007662650516,0.0001041070355,5.178505181e-06,0.0002111472428,0.01612003721,1.432168,1
Gate_total,2011-09,-0.03851000266,-0.0382037159,0.0001041070355,0.0001031384632,0.0002031483025,0.5140784208,1.377015206,1
Gate_total,2011-10,0.04032406085,0.04056226619,0.0001041070355,2.8356208e-05,0.0002098491362,0.04306423725,1.432542051,1
Gate_total,2011-11,-0.02502085873,-0.02479243219,0.0001041070355,2.17395327e-05,0.0002066870066,0.03888995812,1.396698619,1
Gate_total,2011-12,-0.004526793705,-0.00430648774,0.0001041070355,1.313521634e-05,0.0002071707486,0.02553545832,1.390376052,1
Gate_total,2012-01,0.01803940712,0.01835511957,0.0001041070355,0.0001040164755,0.0002116959707,0.5044306514,1.415457612,1
Gate_total,2012-02,0.02232905122,0.02255110841,0.0001041070355,1.668122613e-05,0.0002053759597,0.01816750606,1.447063437,1
Gate_total,2012-03,-0.01004710039,-0.009835589689,0.0001041070355,6.074748922e-06,0.0002054359532,0.02195672846,1.432524646,1
Gate_total,2012-04,-0.01462195909,-0.01439932508,0.0001041070355,1.290348359e-05,0.0002097305247,0.01605715631,1.411578329,1
Gate_total,2012-05,-0.01949347094,-0.019284232,0.0001041070355,5.492467256e-06,0.0002037464703,0.01471864758,1.384061768,1
Gate_total,2012-06,0.005522847491,0.005748388189,0.0001041070355,1.667455855e-05,0.0002088661395,0.04103126934,1.39170573,1
Gate_total,2012-07,0.01002492186,0.01024064615,0.0001041070355,8.115216339e-06,0.0002076090785,0.01908529044,1.405657471,1
Gate_total,2012-08,0.003266093048,0.003480347133,0.0001041070355,3.541252192e-06,0.0002107128329,0.01440340736,1.410248479,1
Gate_total,2012-09,-0.002321217471,-0.002104941426,0.0001041070355,4.173101052e-06,0.0002121029438,0.01500383115,1.406974986,1
Gate_total,2012-10,0.004012533375,0.0042258829,0.0001041070355,7.440492557e-06,0.0002059090319,0.01828790476,1.41262052,1
Gate_total,2012-11,-0.001045154471,-0.000837373873,0.0001041070355,3.040539996e-06,0.0002047400583,0.01233607934,1.411144113,1
Gate_total,2012-12,0.02131012306,0.02152568923,0.0001041070355,9.708847669e-06,0.0002058573206,0.01737951917,1.441215768,1
Gate_total,2013-01,0.02168668703,0.02189929826,0.0001041070355,7.079846147e-06,0.0002055313899,0.02097461066,1.472470963,1
Gate_total,2013-02,0.01191681089,0.01212863039,0.0001041070355,8.083488989e-06,0.0002037360086,0.02392407817,1.490018121,1
Gate_total,2013-03,-0.0003162680025,0.0001041070355,0.0001041070355,0.000420375038,0,0.9783324692,1.489546876,0
Gate_total,2013-04,0.0001041070355,0.0001041070355,0.0001041070355,0,0,0,1.489701949,0
Gate_total,2013-05,0.0001041070355,0.0001041070355,0.0001041070355,0,0,0,1.489857037,0
Gate_total,2013-06,0.0001041070355,0.0001041070355,0.0001041070355,0,0,0,1.490012142,0
Gate_total,2013-07,0.0001041070355,0.0001041070355,0.0001041070355,0,0,0,1.490167262,0
Gate_total,2013-08,-0.006073003452,-0.00544030576,0.0001041070355,0.000425,0.0002076976919,1,1.481117471,1
Gate_total,2013-09,0.01413717789,0.01435261507,0.0001041070355,4.281389763e-06,0.0002111557952,0.005578289769,1.502056293,1
Gate_total,2013-10,0.005595500041,0.005815527012,0.0001041070355,1.133111026e-05,0.0002086958609,0.01713796987,1.510461049,1
Gate_total,2013-11,-0.004465890191,-0.004253547864,0.0001041070355,8.36458062e-06,0.000203977747,0.0136941237,1.503715495,1
Gate_total,2013-12,0.005377383292,0.005597477444,0.0001041070355,1.302417695e-05,0.0002070699746,0.02200120838,1.51180155,1
Gate_total,2014-01,-0.01138540354,-0.01116962708,0.0001041070355,6.726804668e-06,0.0002090496508,0.01686595262,1.494589079,1
Gate_total,2014-02,0.008561557125,0.008901522128,0.0001041070355,0.0001289462645,0.0002110187389,0.5121716102,1.507385089,1
Gate_total,2014-03,0.01430342274,0.01452208894,0.0001041070355,1.201667986e-05,0.0002066495222,0.01576468932,1.528945855,1
Gate_total,2014-04,0.002403238513,0.002620123681,0.0001041070355,7.357352633e-06,0.000209527815,0.01747974296,1.532620277,1
Gate_total,2014-05,0.01070334019,0.01091424397,0.0001041070355,3.481522292e-06,0.0002074222565,0.005850686983,1.549024433,1
Gate_total,2014-06,0.00774767406,0.007961010742,0.0001041070355,4.282954262e-06,0.0002090537281,0.01069565767,1.561025769,1
Gate_total,2014-07,-0.0007560764371,-0.0005468187173,0.0001041070355,4.601913609e-06,0.0002046558062,0.007796498974,1.559845515,1
Gate_total,2014-08,0.01103655365,0.0112490749,0.0001041070355,6.750205906e-06,0.0002057710417,0.01757730293,1.577060833,1
Gate_total,2014-09,-0.001267231133,-0.001066174495,0.0001041070355,3.000241056e-06,0.000198056397,0.01304816922,1.575062333,1
Gate_total,2014-10,0.005744412468,0.005974998738,0.0001041070355,2.476078457e-05,0.0002058254856,0.04930698306,1.58411014,1
Gate_total,2014-11,0.004331660752,0.004536939813,0.0001041070355,2.907191662e-06,0.0002023718699,0.01278793462,1.590971968,1
Gate_total,2014-12,0.005444716925,0.005777634272,0.0001041070355,0.0001316616121,0.0002012557347,0.4994550174,1.59963436,1
Gate_total,2015-01,0.01360161601,0.01381089056,0.0001041070355,1.495706625e-05,0.000194317482,0.03364161864,1.621391973,1
Gate_total,2015-02,-0.01046286943,-0.01023892525,0.0001041070355,1.689829971e-05,0.0002070458787,0.06634617026,1.60442756,1
Gate_total,2015-03,-0.01159251704,-0.0113747113,0.0001041070355,1.753761715e-05,0.0002002681197,0.0249285426,1.585828206,1
Gate_total,2015-04,0.0224077233,0.0226506345,0.0001041070355,2.616724892e-05,0.0002167439497,0.03917352925,1.621363006,1
Gate_total,2015-05,-0.009583336268,-0.009354641346,0.0001041070355,2.492478777e-05,0.0002037701342,0.03943097311,1.605824939,1
Gate_total,2015-06,-0.005112895111,-0.004886481194,0.0001041070355,1.26278941e-05,0.0002137860233,0.02217486096,1.597614524,1
Gate_total,2015-07,-0.01413023921,-0.01391640124,0.0001041070355,1.230548117e-05,0.0002015324946,0.02623662576,1.575039849,1
Gate_total,2015-08,-0.0289612116,-0.02872981173,0.0001041070355,1.881505555e-05,0.0002125848213,0.03318450164,1.529424787,1
Gate_total,2015-09,-0.02578816594,-0.02556403987,0.0001041070355,1.496605966e-05,0.0002091600174,0.03686972272,1.489983727,1
Gate_total,2015-10,0.02319129332,0.02341575406,0.0001041070355,1.934947704e-05,0.0002051112599,0.03341327143,1.524538376,1
Gate_total,2015-11,0.01643272137,0.01664446324,0.0001041070355,9.740029473e-06,0.0002020018395,0.02483950565,1.549590691,1
Gate_total,2015-12,-0.02860728933,-0.02838499078,0.0001041070355,7.695624948e-06,0.000214602924,0.03128774446,1.505261101,1
Gate_total,2016-01,-0.00337899427,-0.003160984092,0.0003119641739,1.082017446e-05,0.0002071900033,0.03503865117,1.500174833,1
Gate_total,2016-02,0.01770786532,0.01791982343,0.0003119641739,3.94108557e-06,0.0002080170208,0.008961433371,1.526739727,1
Gate_total,2016-03,0.01531911836,0.0155442478,0.0003119641739,6.145947502e-06,0.0002189835008,0.01730148685,1.550128033,1
Gate_total,2016-04,0.01869508596,0.01893488246,0.0003119641739,3.049196643e-05,0.0002093045321,0.04991775712,1.57910781,1
Gate_total,2016-05,0.001523919838,0.001736320701,0.0003119641739,9.955787799e-06,0.0002024450746,0.01828115061,1.581514244,1
Gate_total,2016-06,0.03690724595,0.03712283294,0.0003119641739,9.69040309e-06,0.0002058965808,0.02868438801,1.639883579,1
Gate_total,2016-07,-0.001546485252,-0.001312562884,0.0003119641739,2.694214302e-05,0.0002069802243,0.05047201911,1.637347523,1
Gate_total,2016-08,0.006115164529,0.006326828449,0.0003119641739,2.410765525e-06,0.0002092531552,0.008060205533,1.647360173,1
Gate_total,2016-09,0.002742408451,0.002955341896,0.0003119641739,5.198278167e-06,0.0002077351669,0.00626885477,1.651877907,1
Gate_total,2016-10,0.01938931977,0.01959374941,0.0003119641739,2.636400891e-06,0.0002017932409,0.006139688451,1.683906696,1
Gate_total,2016-11,-0.001061493106,-0.0008467631865,0.0003119641739,1.11618775e-05,0.0002035680415,0.03685366183,1.682119241,1
Gate_total,2016-12,0.01190373314,0.01212806727,0.0003119641739,1.566660022e-05,0.0002086675359,0.02464177774,1.702142739,1
Gate_total,2017-01,0.008908435644,0.009134704197,0.0005193472934,1.255854815e-05,0.0002137100047,0.02016857805,1.717306168,1
Gate_total,2017-02,0.01288837024,0.01310704975,0.0005193472934,1.46618778e-05,0.0002040176323,0.02490734438,1.739439446,1
Gate_total,2017-03,-0.01032569871,-0.01010858419,0.0005193472934,6.544014962e-06,0.000210570505,0.02333425263,1.721478518,1
Gate_total,2017-04,-0.0120254589,-0.01181067581,0.0007262586484,2.89366766e-06,0.0002118894258,0.01073881728,1.700776949,1
Gate_total,2017-05,-0.009481934242,-0.009261128073,0.0007262586484,8.285410623e-06,0.0002125207579,0.02128241716,1.684650294,1
Gate_total,2017-06,-0.002035410524,-0.001816322902,0.0007262586484,5.933357289e-06,0.0002131542654,0.021866839,1.681221339,1
Gate_total,2017-07,0.009186304028,0.009407403699,0.0009327004774,5.922043646e-06,0.0002151776277,0.02344401496,1.696665549,1
Gate_total,2017-08,-0.008889582368,-0.008661858329,0.0009327004774,1.697951946e-05,0.00021074452,0.03146362707,1.681582901,1
Gate_total,2017-09,0.0105443738,0.01075526227,0.0009327004774,4.692004412e-06,0.0002061964695,0.01329604097,1.69931414,1
Gate_total,2017-10,-0.002890380664,-0.002680104973,0.0009327004774,5.881951996e-06,0.0002043937388,0.0150520658,1.694402475,1
Gate_total,2017-11,-0.001167146276,-0.0009492301951,0.0009327004774,7.722381145e-06,0.0002101936995,0.02005893996,1.69242486,1
Gate_total,2017-12,-0.002290151889,-0.002075014787,0.0009327004774,3.447240688e-06,0.0002116898611,0.007845373631,1.68854895,1
Gate_total,2018-01,-0.001185294085,-0.0009624685413,0.001138675003,5.553156114e-06,0.0002172723872,0.01837004794,1.686547523,1
Gate_total,2018-02,0.004163344211,0.004384902436,0.001138675003,2.060633505e-05,0.0002009518892,0.04164888964,1.6935692,1
Gate_total,2018-03,-0.005302653288,-0.005080918164,0.001138675003,1.353834573e-05,0.000208196778,0.03655765106,1.68458879,1
Gate_total,2018-04,0.007613926286,0.007820634289,0.00134418443,4.557817286e-06,0.000202150185,0.008858146625,1.697415125,1
Gate_total,2018-05,-0.003942275202,-0.00372182999,0.00134418443,1.639632171e-05,0.0002040488903,0.03094518632,1.690723447,1
Gate_total,2018-06,-0.006222936847,-0.005999891037,0.00134418443,1.727670602e-05,0.0002057691035,0.02514686264,1.680202182,1
Gate_total,2018-07,0.006777004934,0.00699615148,0.001549230951,7.41549034e-06,0.0002117310557,0.01508700176,1.691588921,1
Gate_total,2018-08,-0.01114525787,-0.0109326771,0.001549230951,9.295705144e-06,0.0002032850667,0.01470823448,1.672735726,1
Gate_total,2018-09,0.008758502534,0.008994200861,0.001549230951,2.557882304e-05,0.0002101195041,0.03413606209,1.687386386,1
Gate_total,2018-10,0.03581431729,0.03602768093,0.00175381674,1.057922748e-05,0.0002027844093,0.01724805556,1.747818977,1
Gate_total,2018-11,-0.01385270026,-0.01361982133,0.00175381674,2.296020662e-05,0.0002099187296,0.0539331419,1.723606965,1
Gate_total,2018-12,-0.009485808927,-0.009266973269,0.00175381674,8.17079468e-06,0.0002106648634,0.01642076658,1.707257159,1
Gate_total,2019-01,0.02910772275,0.02932115604,0.001957943956,5.599569418e-06,0.000207833719,0.01576443244,1.756951527,1
Gate_total,2019-02,0.003502050157,0.003721409341,0.001957943956,1.343142027e-05,0.0002059277635,0.02658925929,1.763104459,1
Gate_total,2019-03,-0.004461587061,-0.004248569614,0.001957943956,7.135393948e-06,0.0002058820529,0.01350647769,1.755238215,1
Gate_total,2019-04,0.006816637478,0.007031773472,0.001957943956,9.435631762e-06,0.0002057003625,0.0138406348,1.767203038,1
Gate_total,2019-05,0.0006677675448,0.0008799404844,0.001957943956,5.122916041e-06,0.0002070500235,0.01455041131,1.768383119,1
Gate_total,2019-06,0.01117701949,0.01139433989,0.001957943956,3.94684705e-06,0.0002133735536,0.008169802547,1.788148371,1
Gate_total,2019-07,0.01747870852,0.01769402204,0.001957943956,1.214107917e-05,0.0002031724377,0.02192973207,1.819402895,1
Gate_total,2019-08,-0.01245150628,-0.01224029658,0.001957943956,6.689194614e-06,0.0002045205034,0.0263197257,1.796748589,1
Gate_total,2019-09,0.00711269247,0.007339430703,0.00175381674,1.979910237e-05,0.0002069391306,0.02343176414,1.809528309,1
Gate_total,2019-10,0.004451558613,0.004666829547,0.001549230951,2.403459294e-06,0.0002128674752,0.00842833173,1.81758353,1
Gate_total,2019-11,-0.01258133724,-0.01236097225,0.00134418443,1.279934706e-05,0.0002075656465,0.02002061628,1.794715899,1
Gate_total,2019-12,0.009085080015,0.009310759021,0.00134418443,1.202758898e-05,0.0002136514178,0.01682516804,1.811021036,1
Gate_total,2020-01,-0.003120168648,-0.002902735101,0.00134418443,1.46830252e-05,0.0002027505219,0.02387061217,1.805370345,1
Gate_total,2020-02,-0.01026828319,-0.01004450553,0.00134418443,1.682900802e-05,0.0002069486552,0.02831841963,1.786832291,1
Gate_total,2020-03,-0.04651420384,-0.04617142143,0.00134418443,0.0001344453891,0.0002083370197,0.5115068455,1.70371921,1
Gate_total,2020-04,-0.003448350233,-0.003210316748,0.0001041070355,2.851734278e-05,0.0002095161426,0.04983357493,1.697844189,1
Gate_total,2020-05,9.326295002e-05,0.0003133129154,0.0001041070355,9.794081517e-06,0.0002102558838,0.02148031008,1.698002535,1
Gate_total,2020-06,-0.003220190389,-0.003007864622,0.0001041070355,4.021836263e-06,0.0002083039314,0.01190047947,1.692534644,1
Gate_total,2020-07,-0.001669187492,-0.001447906043,0.0001041070355,4.09118182e-06,0.0002171902678,0.007535591923,1.689709486,1
Gate_total,2020-08,-0.0041185704,-0.003889915973,0.0001041070355,2.049631913e-05,0.0002081581082,0.04245127879,1.682750299,1
Gate_total,2020-09,-0.0118963707,-0.01167710621,0.0001041070355,1.274254226e-05,0.000206521944,0.0224004393,1.662731677,1
Gate_total,2020-10,-0.00527062858,-0.005052192503,0.0001041070355,9.089847853e-06,0.0002093462299,0.01594274021,1.653968036,1
Gate_total,2020-11,0.02262754465,0.02284374596,0.0001041070355,4.923108924e-06,0.0002112781977,0.01138320217,1.691393272,1
Gate_total,2020-12,0.001119515456,0.001349557099,0.0001041070355,1.808178448e-05,0.0002119598592,0.02275030839,1.693286813,1
Gate_total,2021-01,-0.007188978067,-0.006975661137,0.0001041070355,7.729642382e-06,0.0002055872869,0.01728654611,1.681113811,1
Gate_total,2021-02,0.006699831322,0.006918441437,0.0001041070355,1.197164699e-05,0.0002066384685,0.01519872298,1.69237699,1
Gate_total,2021-03,0.008699957652,0.008904214037,0.0001041070355,3.567110677e-06,0.000200689274,0.01045784003,1.707100598,1
Gate_total,2021-04,0.01431053518,0.01454118029,0.0001041070355,1.736314608e-05,0.0002132819648,0.03648470451,1.731530121,1
Gate_total,2021-05,0.009428721868,0.00965457013,0.0001041070355,1.716909281e-05,0.0002086791697,0.0233125346,1.747856237,1
Gate_total,2021-06,0.0163885985,0.01659805822,0.0001041070355,4.717391488e-06,0.0002047423272,0.009461255548,1.776501151,1
Gate_total,2021-07,-0.009134643424,-0.00891009832,0.0001041070355,1.525764595e-05,0.0002092874577,0.0368088582,1.760273447,1
Gate_total,2021-08,-0.004400962712,-0.004188029909,0.0001041070355,5.247158249e-06,0.0002076856446,0.0117529264,1.752526549,1
Gate_total,2021-09,-0.001886721377,-0.001680139762,0.0001041070355,2.517307373e-06,0.000204064307,0.00471720326,1.74922002,1
Gate_total,2021-10,0.001539551543,0.001757887271,0.0001041070355,1.11452867e-05,0.0002071904413,0.02064683036,1.751913034,1
Gate_total,2021-11,-0.001660988048,-0.001442129252,0.0001041070355,1.206605004e-05,0.0002067927462,0.02245549419,1.749003127,1
Gate_total,2021-12,0.0105698357,0.01078237479,0.0001041070355,6.620164397e-06,0.0002059189251,0.01973295455,1.767489803,1
Gate_total,2022-01,0.01429391711,0.01450356805,0.0001041070355,3.177998988e-06,0.0002064729445,0.01302066745,1.792754156,1
Gate_total,2022-02,0.01199426615,0.01221326681,0.0001041070355,1.028479367e-05,0.0002087158622,0.02308140212,1.814256926,1
Gate_total,2022-03,0.04219454286,0.0424074388,0.0001041070355,1.086209679e-05,0.0002020338399,0.01696207457,1.890808668,1
Gate_total,2022-04,0.01409266758,0.0144065522,0.0003119641739,0.0001174078622,0.0001964767607,0.5405906287,1.917455206,1
Gate_total,2022-05,0.002925050014,0.003153671396,0.0003119641739,1.713823014e-05,0.0002114831512,0.05632196787,1.923063858,1
Gate_total,2022-06,-0.001742508376,-0.001433387058,0.0007262586484,0.0001101103511,0.0001990109668,0.5147714639,1.919712904,1
Gate_total,2022-07,0.007976709453,0.008209786344,0.00134418443,2.469593944e-05,0.0002083809521,0.04545635735,1.935025896,1
Gate_total,2022-08,0.01471917603,0.01492664349,0.001957943956,4.872643495e-06,0.0002025948106,0.01237077748,1.963507882,1
Gate_total,2022-09,-0.001598109463,-0.001390818173,0.001957943956,5.856947277e-06,0.0002014343435,0.02901117631,1.960369982,1
Gate_total,2022-10,0.01325298679,0.01347401936,0.002567595531,1.374426728e-05,0.0002072883077,0.03493802393,1.986350739,1
Gate_total,2022-11,-0.01997621131,-0.01975024736,0.002567595531,5.564603601e-06,0.0002203993514,0.01538004432,1.946670977,1
Gate_total,2022-12,-0.01398851444,-0.01375359632,0.003173196228,1.800630963e-05,0.0002169118128,0.05701246207,1.919439942,1
Gate_total,2023-01,0.01007632877,0.01030115792,0.003574707178,1.369063728e-05,0.0002111385076,0.03939284377,1.93878085,1
Gate_total,2023-02,0.01632036789,0.01653096304,0.003574707178,9.161550916e-06,0.0002014336008,0.01083522923,1.970422467,1
Gate_total,2023-03,0.0009097891274,0.001135149646,0.003774801921,1.17101148e-05,0.0002136504041,0.0351059709,1.972215136,1
Gate_total,2023-04,0.01163447542,0.01185355809,0.003974458863,1.190201329e-05,0.0002071806649,0.02300161154,1.995160824,1
Gate_total,2023-05,0.01566520608,0.01587393728,0.003974458863,5.902097141e-06,0.0002028291036,0.01534379503,2.02641543,1
Gate_total,2023-06,0.03022460315,0.03044108314,0.004173680002,9.991389568e-06,0.0002064886032,0.02856847386,2.087663032,1
Gate_total,2023-07,0.007354492253,0.007576485734,0.004173680002,1.036005301e-05,0.0002116334273,0.02549677328,2.103016733,1
Gate_total,2023-08,0.004968362846,0.005281813688,0.004372467323,0.0001091874246,0.0002042634179,0.5132151164,2.113465284,1
Gate_total,2023-09,0.01483034951,0.01514225594,0.004372467323,0.0001085751423,0.000203331284,0.5148951377,2.144808713,1
Gate_total,2023-10,0.004466093314,0.004784348126,0.004372467323,0.0001108627522,0.0002073920598,0.5251795224,2.154387628,1
Gate_total,2023-11,0.01025087544,0.01046719681,0.004372467323,2.458964607e-06,0.000213862405,0.007511579687,2.176471988,1
Gate_total,2023-12,-0.0008315166716,-0.0006079620913,0.004372467323,9.67963717e-06,0.0002138749431,0.02381569802,2.174662215,1
Gate_total,2024-01,0.01623508004,0.0164474571,0.004372467323,1.05213092e-05,0.000201855753,0.02411600134,2.20996803,1
Gate_total,2024-02,0.008257320781,0.008476237886,0.004372467323,1.229337176e-05,0.0002066237332,0.03312492934,2.228216445,1
Gate_total,2024-03,0.008573004203,0.008783716296,0.004372467323,3.252962939e-06,0.0002074591294,0.01064106789,2.247318954,1
Gate_total,2024-04,0.009633476752,0.009838519767,0.004372467323,1.459957252e-06,0.0002035830577,0.006668234861,2.268968449,1
Gate_total,2024-05,0.003487112282,0.003706838702,0.004372467323,1.018006434e-05,0.0002095463563,0.02507471928,2.276880597,1
Gate_total,2024-06,7.962897687e-05,0.0002881684413,0.004372467323,3.876841165e-06,0.0002046626233,0.01011495871,2.277061902,1
Gate_total,2024-07,-0.009745465691,-0.009393596246,0.004372467323,0.0001374951914,0.0002143742536,0.5149379029,2.254870874,1
Gate_total,2024-08,-0.0005626606813,-0.0002169403477,0.004372467323,0.0001313648428,0.0002143554908,0.5283744226,2.253602146,1
Gate_total,2024-09,0.0130006473,0.01321958378,0.004372467323,7.653251344e-06,0.0002112832253,0.02650155912,2.282900433,1
Gate_total,2024-10,0.01341956797,0.0137490605,0.003974458863,0.0001338267462,0.0001956657847,0.5115039974,2.313535971,1
Gate_total,2024-11,-0.0106834318,-0.0103339724,0.003974458863,0.0001423704952,0.0002070889057,0.5294123189,2.288819467,1
Gate_total,2024-12,0.0139436599,0.01415774191,0.003774801921,1.193850834e-05,0.0002021435004,0.0226160046,2.320733987,1
Gate_total,2025-01,0.01592976333,0.01627185571,0.003574707178,0.0001324751691,0.0002096172073,0.5177717031,2.35770273,1
Gate_total,2025-02,-0.003639101622,-0.003409673418,0.003574707178,1.538747152e-05,0.0002140407327,0.02231992041,2.34912281,1
Gate_total,2025-03,-0.004676382289,-0.00445072222,0.003574707178,8.968111897e-06,0.000216691957,0.02540452371,2.338137414,1
Gate_total,2025-04,0.0006996806276,0.0009312550802,0.003574707178,1.444243956e-05,0.000217132013,0.03814492431,2.339773363,1
Gate_total,2025-05,0.005601795632,0.005827380937,0.003574707178,1.71172156e-05,0.0002084680891,0.04003420132,2.352880296,1
Gate_total,2025-06,0.01177137091,0.01211036703,0.003574707178,0.0001276148672,0.0002113812525,0.5065074688,2.380576922,1
Gate_total,2025-07,0.009129264273,0.009342106131,0.003574707178,1.077301882e-05,0.0002020688394,0.02017229483,2.402309838,1
Gate_total,2025-08,0.009066800751,0.009287986332,0.003574707178,9.117067775e-06,0.0002120685128,0.03214050617,2.424091103,1
Gate_total,2025-09,0.01101293596,0.01123094137,0.003574707178,9.420472451e-06,0.000208584938,0.01547826426,2.450787463,1
Gate_total,2025-10,0.01114918132,0.01135821925,0.003374172623,6.543143214e-06,0.0002024947832,0.01164373602,2.478111737,1
Gate_total,2025-11,0.01311943017,0.01333479607,0.003173196228,8.219457199e-06,0.0002071464443,0.02985432609,2.510623151,1
Gate_total,2025-12,-0.002115108378,-0.001776629335,0.003173196228,0.0001274075666,0.0002110714768,0.5056041606,2.505312911,1
Gate_total,2026-01,0.008687994571,0.008909371093,0.002971775953,6.735802453e-06,0.0002146407204,0.01768403767,2.527079056,1
Gate_total,2026-02,0.01275449603,0.01297616221,0.002971775953,1.701921475e-05,0.0002046469646,0.02834070422,2.559310675,1
Gate_total,2026-03,0.01660232056,0.01681125818,0.002971775953,8.196750349e-06,0.0002007408745,0.02504830056,2.601801172,1
Gate_total,2026-04,0.01207713985,0.01230283767,0.002971775953,1.270950943e-05,0.0002129883109,0.03760051174,2.633223488,1
Gate_total,2026-05,0.004672823461,0.004893761621,0.002971775953,1.408592325e-05,0.0002068522368,0.02040114864,2.645528077,1
Gate_total,2026-06,0.01288280923,0.01308691096,0.002971775953,2.991642068e-06,0.0002011100897,0.008796831456,2.67960991,1
Gate_total,2026-07,0.007614296348,0.007840075789,0.002971775953,1.41508832e-05,0.0002116285583,0.03599220522,2.700013254,1
Gate_total,2026-08,0.001600873352,0.002240972865,0.002971775953,0.0004316069858,0.0002084925266,1.015272466,2.704335633,1
Pair_total,2010-03,0.0189952312,0.0195980511,0.0001041070355,0.0004,0.0002028198971,1,1.37748432,1
Pair_total,2010-04,0.00528664519,0.005690984727,0.0001041070355,0.0003014402913,0.0001028992457,0.4979864787,1.384766591,0.5
Pair_total,2010-05,0.005957643595,0.006055035926,0.0001041070355,1.111499435e-06,9.628083107e-05,0.005557497176,1.393016537,0.5
Pair_total,2010-06,0.009557129149,0.009667906633,0.0001041070355,6.915546253e-06,0.000103861937,0.03457773126,1.406329776,0.5
Pair_total,2010-07,-0.005502950546,-0.00539046317,0.0001041070355,1.894652481e-06,0.0001105927237,0.009473262405,1.398590812,0.5
Pair_total,2010-08,-0.00462628827,-0.004113975085,0.0001041070355,0.0004056737112,0.0001066394734,1.028368556,1.392120528,0.5
Pair_total,2010-09,0.007930280003,0.008040216221,0.0001041070355,4.336620622e-06,0.0001055995974,0.01005282563,1.403160434,0.5
Pair_total,2010-10,-0.006707779047,-0.006590674489,0.0001041070355,9.631550911e-06,0.0001074730069,0.01080347233,1.393748344,0.5
Pair_total,2010-11,0.009181991991,0.009287175869,0.0001041070355,4.901824026e-06,0.0001002820546,0.01266303464,1.40654573,0.5
Pair_total,2010-12,0.009469350658,0.009813556892,0.0001041070355,0.0001296937402,0.0002145124943,0.513889245,1.419864805,1
Pair_total,2011-01,0.005025515355,0.005249596684,0.0001041070355,1.424641984e-05,0.0002098349087,0.02976384703,1.427000357,1
Pair_total,2011-02,0.007926485768,0.008142126381,0.0001041070355,5.86228449e-06,0.0002097783289,0.01844700592,1.438311455,1
Pair_total,2011-03,0.005085691804,0.005300520796,0.0001041070355,4.835020709e-06,0.0002099939717,0.009291237331,1.445626264,1
Pair_total,2011-04,0.005189534531,0.005412999123,0.0001041070355,8.31863057e-06,0.0002151459618,0.01615997592,1.453128391,1
Pair_total,2011-05,0.003440909333,0.003659623496,0.0001041070355,1.407237649e-05,0.0002046417864,0.03278499287,1.458128474,1
Pair_total,2011-06,-0.00551459126,-0.00529892128,0.0001041070355,5.478494204e-06,0.0002101914849,0.01935790888,1.450087492,1
Pair_total,2011-07,-0.005366516445,-0.005146047535,0.0001041070355,9.657463329e-06,0.000210811447,0.01891787501,1.442305573,1
Pair_total,2011-08,-0.007878976264,-0.007662650516,0.0001041070355,5.178505181e-06,0.0002111472428,0.01612003721,1.430941682,1
Pair_total,2011-09,-0.03123790724,-0.03100608891,0.0001041070355,0.0001281384632,0.0001036798638,0.5140784208,1.386242058,0.5
Pair_total,2011-10,0.03102043121,0.03114968612,0.0001041070355,2.661627549e-05,0.0001026386416,0.03211334979,1.429243885,0.5
Pair_total,2011-11,-0.01677462774,-0.01664852741,0.0001041070355,2.126048762e-05,0.0001048398366,0.03011150715,1.405268851,0.5
Pair_total,2011-12,-0.005142445975,-0.005025890542,0.0001041070355,1.229793369e-05,0.0001042575001,0.01703844807,1.398042331,0.5
Pair_total,2012-01,0.01801448977,0.01835511957,0.0001041070355,0.000128933831,0.0002116959707,0.5051565147,1.423227351,1
Pair_total,2012-02,0.02232904286,0.02255110841,0.0001041070355,1.668958927e-05,0.0002053759597,0.01818018895,1.455006655,1
Pair_total,2012-03,-0.01004710039,-0.009835589689,0.0001041070355,6.074750812e-06,0.0002054359532,0.02195672864,1.440388057,1
Pair_total,2012-04,-0.01462195909,-0.01439932508,0.0001041070355,1.290348359e-05,0.0002097305247,0.01605715631,1.419326762,1
Pair_total,2012-05,-0.01949347094,-0.019284232,0.0001041070355,5.492467256e-06,0.0002037464703,0.01471864758,1.391659157,1
Pair_total,2012-06,0.005522847491,0.005748388189,0.0001041070355,1.667455855e-05,0.0002088661395,0.04103126934,1.399345078,1
Pair_total,2012-07,0.01002492186,0.01024064615,0.0001041070355,8.115216339e-06,0.0002076090785,0.01908529044,1.413373403,1
Pair_total,2012-08,0.003266093048,0.003480347133,0.0001041070355,3.541252192e-06,0.0002107128329,0.01440340736,1.417989612,1
Pair_total,2012-09,-0.002321217471,-0.002104941426,0.0001041070355,4.173101052e-06,0.0002121029438,0.01500383115,1.41469815,1
Pair_total,2012-10,0.004012533375,0.0042258829,0.0001041070355,7.440492557e-06,0.0002059090319,0.01828790476,1.420374674,1
Pair_total,2012-11,-0.001045154471,-0.000837373873,0.0001041070355,3.040539996e-06,0.0002047400583,0.01233607934,1.418890163,1
Pair_total,2012-12,0.02131012306,0.02152568923,0.0001041070355,9.708847669e-06,0.0002058573206,0.01737951917,1.449126887,1
Pair_total,2013-01,0.02168668703,0.02189929826,0.0001041070355,7.079846147e-06,0.0002055313899,0.02097461066,1.480553648,1
Pair_total,2013-02,0.01091035817,0.01113698127,0.0001041070355,0.0001256930067,0.0001009300962,0.486971667,1.496707019,0.5
Pair_total,2013-03,0.003029196009,0.003133400203,0.0001041070355,2.608131667e-06,0.0001015960631,0.01091380076,1.501240838,0.5
Pair_total,2013-04,-0.003729678407,-0.003618072897,0.0001041070355,5.266849578e-06,0.0001063386608,0.01079151234,1.495641692,0.5
Pair_total,2013-05,-0.01141692473,-0.01130961826,0.0001041070355,3.665738796e-06,0.0001036407366,0.008600307618,1.478566063,0.5
Pair_total,2013-06,-0.009206958321,-0.009091941734,0.0001041070355,1.025723211e-05,0.0001047593542,0.01154553985,1.464952967,0.5
Pair_total,2013-07,-0.0104234111,-0.01031141707,0.0001041070355,6.27446586e-06,0.0001057195644,0.009281503183,1.44968316,0.5
Pair_total,2013-08,-0.004691297481,-0.004582038971,0.0001041070355,5.40562323e-06,0.0001038528867,0.01052523294,1.442882265,0.5
Pair_total,2013-09,0.007882368568,0.007993031153,0.0001041070355,4.370848939e-06,0.0001062917361,0.004708233731,1.454255595,0.5
Pair_total,2013-10,0.005576423157,0.005693192105,0.0001041070355,1.15533458e-05,0.0001052156029,0.01403742498,1.46236514,0.5
Pair_total,2013-11,-0.011043389,-0.01093255282,0.0001041070355,6.898624682e-06,0.0001039375482,0.007792313934,1.446215673,0.5
Pair_total,2013-12,-0.005742446982,-0.005627531415,0.0001041070355,9.371381314e-06,0.0001055441856,0.01115990301,1.437910856,0.5
Pair_total,2014-01,5.046466119e-05,0.0001545037363,0.0001041070355,1.949507552e-06,0.0001020895676,0.005764742176,1.437983419,0.5
Pair_total,2014-02,0.007813203241,0.007925605324,0.0001041070355,5.946487959e-06,0.0001064555949,0.00994440937,1.449218676,0.5
Pair_total,2014-03,0.008912049199,0.009028003508,0.0001041070355,1.197607911e-05,0.0001039782306,0.01478622445,1.462134184,0.5
Pair_total,2014-04,0.002365809551,0.002477164323,0.0001041070355,6.719802132e-06,0.0001046349696,0.008845068785,1.465593315,0.5
Pair_total,2014-05,0.009769274646,0.00987461864,0.0001041070355,3.004917725e-06,0.0001023390768,0.003429891984,1.479911099,0.5
Pair_total,2014-06,0.004827997912,0.004936820978,0.0001041070355,4.266008414e-06,0.0001045570576,0.009675984257,1.487056107,0.5
Pair_total,2014-07,0.0008952616404,0.001001894971,0.0001041070355,4.594482859e-06,0.0001020388482,0.004809493717,1.488387411,0.5
Pair_total,2014-08,0.006838243365,0.006946441415,0.0001041070355,5.518467946e-06,0.0001026795821,0.009795436509,1.498565366,0.5
Pair_total,2014-09,-0.007426645226,-0.007324671849,0.0001041070355,2.585367728e-06,9.938801004e-05,0.006795862617,1.487436053,0.5
Pair_total,2014-10,0.003070674614,0.003193482091,0.0001041070355,1.91292466e-05,0.0001036782307,0.02689250261,1.492003485,0.5
Pair_total,2014-11,-0.006558394398,-0.006453069043,0.0001041070355,1.499630717e-06,0.0001038257245,0.003079917631,1.482218338,0.5
Pair_total,2014-12,-0.0006567620612,-0.0005494767586,0.0001041070355,5.972531053e-06,0.0001013127715,0.006600464528,1.481244873,0.5
Pair_total,2015-01,0.01853200381,0.01863772798,0.0001041070355,8.730181591e-06,9.699399459e-05,0.01411429377,1.508695309,0.5
Pair_total,2015-02,-0.01654900342,-0.01643784652,0.0001041070355,7.58923194e-06,0.0001035676685,0.02477965663,1.483727905,0.5
Pair_total,2015-03,-0.01409774508,-0.01398337802,0.0001041070355,1.465797627e-05,9.970907651e-05,0.01682031297,1.462810687,0.5
Pair_total,2015-04,0.01630597587,0.01643762654,0.0001041070355,2.306914844e-05,0.0001085815213,0.0289226296,1.486663243,0.5
Pair_total,2015-05,-0.006750891923,-0.006500295264,0.0001041070355,0.0001487176024,0.0001018790569,0.5288150315,1.47662694,0.5
Pair_total,2015-06,-0.001722534774,-0.001603301999,0.0001041070355,1.169293994e-05,0.0001075398346,0.01440875094,1.474083399,0.5
Pair_total,2015-07,-0.006148226925,-0.006039471611,0.0001041070355,9.322776353e-06,9.943253709e-05,0.01526369333,1.465020399,0.5
Pair_total,2015-08,-0.01948812271,-0.01936296204,0.0001041070355,1.909801342e-05,0.0001060626543,0.02605301365,1.436469902,0.5
Pair_total,2015-09,-0.02588638018,-0.02556403987,0.0001041070355,0.000113180302,0.0002091600174,0.519853986,1.399284896,1
Pair_total,2015-10,0.02319129893,0.02341575406,0.0001041070355,1.934386612e-05,0.0002051112599,0.03346705241,1.43173613,1
Pair_total,2015-11,0.01643272138,0.01664446324,0.0001041070355,9.740029008e-06,0.0002020018395,0.02483950826,1.455263451,1
Pair_total,2015-12,-0.02860728933,-0.02838499078,0.0001041070355,7.695624948e-06,0.000214602924,0.03128774446,1.413632309,1
Pair_total,2016-01,0.0004925898202,0.0007052815435,0.0003119641739,0.0001099841566,0.0001027075667,0.5308585616,1.41432865,0.5
Pair_total,2016-02,0.0176073958,0.01791982343,0.0003119641739,0.0001044106077,0.0002080170208,0.5069972324,1.439231294,1
Pair_total,2016-03,0.01531910047,0.0155442478,0.0003119641739,6.163832245e-06,0.0002189835008,0.01730319505,1.461279023,1
Pair_total,2016-04,0.01869508596,0.01893488246,0.0003119641739,3.049197446e-05,0.0002093045321,0.04991777562,1.48859776,1
Pair_total,2016-05,0.001523919838,0.001736320701,0.0003119641739,9.955787801e-06,0.0002024450746,0.01828115061,1.490866263,1
Pair_total,2016-06,0.03420357328,0.03440918153,0.0003119641739,0.0001033926231,0.0001022156265,0.497195488,1.541859217,0.5
Pair_total,2016-07,-0.001643486295,-0.001312562884,0.0003119641739,0.0001239431865,0.0002069802243,0.5329695412,1.539325192,1
Pair_total,2016-08,0.006115195872,0.006326828449,0.0003119641739,2.379422521e-06,0.0002092531552,0.008012408305,1.548738467,1
Pair_total,2016-09,0.002742408461,0.002955341896,0.0003119641739,5.19826788e-06,0.0002077351669,0.006268838999,1.552985741,1
Pair_total,2016-10,0.01938931977,0.01959374941,0.0003119641739,2.63640089e-06,0.0002017932409,0.006139688456,1.583097078,1
Pair_total,2016-11,-0.001061493106,-0.0008467631865,0.0003119641739,1.11618775e-05,0.0002035680415,0.03685366183,1.581416631,1
Pair_total,2016-12,0.01190373314,0.01212806727,0.0003119641739,1.566660022e-05,0.0002086675359,0.02464177774,1.600241393,1
Pair_total,2017-01,0.006331066851,0.006547272978,0.0005193472934,0.0001087776036,0.0001074285239,0.5012638555,1.610372628,0.5
Pair_total,2017-02,0.01153838558,0.01165368604,0.0005193472934,1.391922188e-05,0.0001013812392,0.0181888015,1.628953728,0.5
Pair_total,2017-03,-0.005437116601,-0.005327322066,0.0005193472934,4.314688552e-06,0.0001054798462,0.01100733191,1.620096917,0.5
Pair_total,2017-04,-0.0009837050722,-0.0008755328295,0.0007262586484,2.778143051e-06,0.0001053940996,0.005878632168,1.61850322,0.5
Pair_total,2017-05,-0.006264385305,-0.006156392005,0.0007262586484,2.412549405e-06,0.0001055807504,0.004574966857,1.608364292,0.5
Pair_total,2017-06,-0.002132983934,-0.001816322902,0.0007262586484,0.0001035067667,0.0002131542654,0.506926038,1.604933677,1
Pair_total,2017-07,0.009186310782,0.009407403699,0.0009327004774,5.915289067e-06,0.0002151776277,0.02349519835,1.619677096,1
Pair_total,2017-08,-0.008889582366,-0.008661858329,0.0009327004774,1.69795165e-05,0.00021074452,0.03146362016,1.605278843,1
Pair_total,2017-09,0.0105443738,0.01075526227,0.0009327004774,4.692004411e-06,0.0002061964695,0.01329604097,1.622205503,1
Pair_total,2017-10,-0.002890380664,-0.002680104973,0.0009327004774,5.881951996e-06,0.0002043937388,0.0150520658,1.617516712,1
Pair_total,2017-11,-0.001167146276,-0.0009492301951,0.0009327004774,7.722381145e-06,0.0002101936995,0.02005893996,1.615628833,1
Pair_total,2017-12,-0.002290151889,-0.002075014787,0.0009327004774,3.447240688e-06,0.0002116898611,0.007845373631,1.611928798,1
Pair_total,2018-01,-0.001185294085,-0.0009624685413,0.001138675003,5.553156114e-06,0.0002172723872,0.01837004794,1.610018188,1
Pair_total,2018-02,0.004163344211,0.004384902436,0.001138675003,2.060633505e-05,0.0002009518892,0.04164888964,1.616721248,1
Pair_total,2018-03,-0.005302653288,-0.005080918164,0.001138675003,1.353834573e-05,0.000208196778,0.03655765106,1.608148336,1
Pair_total,2018-04,0.007613926286,0.007820634289,0.00134418443,4.557817286e-06,0.000202150185,0.008858146625,1.620392659,1
Pair_total,2018-05,-0.003942275202,-0.00372182999,0.00134418443,1.639632171e-05,0.0002040488903,0.03094518632,1.614004625,1
Pair_total,2018-06,-0.006222936847,-0.005999891037,0.00134418443,1.727670602e-05,0.0002057691035,0.02514686264,1.603960776,1
Pair_total,2018-07,0.006777004934,0.00699615148,0.001549230951,7.41549034e-06,0.0002117310557,0.01508700176,1.614830826,1
Pair_total,2018-08,-0.01114525787,-0.0109326771,0.001549230951,9.295705144e-06,0.0002032850667,0.01470823448,1.59683312,1
Pair_total,2018-09,0.008758502534,0.008994200861,0.001549230951,2.557882304e-05,0.0002101195041,0.03413606209,1.610818987,1
Pair_total,2018-10,0.03581431729,0.03602768093,0.00175381674,1.057922748e-05,0.0002027844093,0.01724805556,1.668509369,1
Pair_total,2018-11,-0.01385270026,-0.01361982133,0.00175381674,2.296020662e-05,0.0002099187296,0.0539331419,1.645396009,1
Pair_total,2018-12,-0.009485808927,-0.009266973269,0.00175381674,8.17079468e-06,0.0002106648634,0.01642076658,1.629788097,1
Pair_total,2019-01,0.02910772275,0.02932115604,0.001957943956,5.599569418e-06,0.000207833719,0.01576443244,1.677227517,1
Pair_total,2019-02,0.003502050157,0.003721409341,0.001957943956,1.343142027e-05,0.0002059277635,0.02658925929,1.683101252,1
Pair_total,2019-03,-0.003533008608,-0.003301815877,0.001957943956,0.0001286776087,0.0001025151223,0.5013329379,1.677154841,0.5
Pair_total,2019-04,0.002187535212,0.002300631364,0.001957943956,9.087004888e-06,0.0001040091472,0.01162606915,1.680823676,0.5
Pair_total,2019-05,0.0009294846048,0.001033894391,0.001957943956,8.653686105e-07,0.0001035444179,0.00167024062,1.682385976,0.5
Pair_total,2019-06,0.008881858319,0.008991255871,0.001957943956,3.091682947e-06,0.0001063058687,0.00453734393,1.69732869,0.5
Pair_total,2019-07,0.01098704944,0.01109945557,0.001957943956,1.033561549e-05,0.000102070512,0.01257843048,1.715977324,0.5
Pair_total,2019-08,-0.01681709352,-0.016711178,0.001957943956,2.823022902e-06,0.0001030924955,0.009042164903,1.687119573,0.5
Pair_total,2019-09,0.006151141975,0.006271653508,0.00175381674,1.77324201e-05,0.0001027791132,0.01898845254,1.697497285,0.5
Pair_total,2019-10,0.007165732289,0.007273847864,0.001549230951,1.413812571e-06,0.0001067017627,0.005349832157,1.709661096,0.5
Pair_total,2019-11,-0.008010121174,-0.007896889682,0.00134418443,1.067117068e-05,0.0001025603205,0.01399602601,1.695966503,0.5
Pair_total,2019-12,0.009778298905,0.009896537077,0.00134418443,1.168123829e-05,0.0001065569339,0.01325826786,1.712550171,0.5
Pair_total,2020-01,-0.008233377704,-0.008118643815,0.00134418443,1.225483885e-05,0.00010247905,0.01477837475,1.698450098,0.5
Pair_total,2020-02,-0.008259016274,-0.008143480647,0.00134418443,1.207583335e-05,0.0001034597938,0.01376546486,1.684422571,0.5
Pair_total,2020-03,-0.03192495158,-0.03181163091,0.00134418443,9.353264566e-06,0.0001039674044,0.009566676413,1.630647462,0.5
Pair_total,2020-04,-0.003547967872,-0.003210316748,0.0001041070355,0.0001281349816,0.0002095161426,0.53424922,1.624861978,1
Pair_total,2020-05,9.328196535e-05,0.0003133129154,0.0001041070355,9.775066186e-06,0.0002102558838,0.02148245752,1.625013548,1
Pair_total,2020-06,-0.005415751029,-0.005207541734,0.0001041070355,0.000103462665,0.0001047466295,0.5091046424,1.616212879,0.5
Pair_total,2020-07,0.0001546440277,0.0002680736283,0.0001041070355,3.216378993e-06,0.0001102132216,0.005340571978,1.616462817,0.5
Pair_total,2020-08,-0.01316936711,-0.01304699523,0.0001041070355,1.739640148e-05,0.0001049754772,0.02888470831,1.595175025,0.5
Pair_total,2020-09,-0.005310141444,-0.005198829558,0.0001041070355,9.169239086e-06,0.0001021426465,0.01332660522,1.58670442,0.5
Pair_total,2020-10,-0.004300185765,-0.004186394547,0.0001041070355,9.713505185e-06,0.0001040777131,0.01263501113,1.579881296,0.5
Pair_total,2020-11,0.01702839273,0.01713877107,0.0001041070355,3.70062218e-06,0.0001066777232,0.004309031217,1.606784135,0.5
Pair_total,2020-12,-0.0003606921999,-0.0002352842179,0.0001041070355,1.871106215e-05,0.0001066969198,0.02001880502,1.60620458,0.5
Pair_total,2021-01,-0.01003412459,-0.00992417378,0.0001041070355,6.93011434e-06,0.0001030207,0.01177653304,1.590087724,0.5
Pair_total,2021-02,0.0002207528143,0.0003353389999,0.0001041070355,1.054817833e-05,0.0001040380072,0.01082701339,1.59043874,0.5
Pair_total,2021-03,-0.002245588955,-0.002144494878,0.0001041070355,3.305926977e-07,0.0001007634836,0.0007051084499,1.586867268,0.5
Pair_total,2021-04,0.01191576098,0.01203462233,0.0001041070355,1.152316303e-05,0.0001073381899,0.0177028299,1.605775999,0.5
Pair_total,2021-05,0.003546628725,0.003668977662,0.0001041070355,1.715624226e-05,0.0001051926944,0.02073371833,1.611471091,0.5
Pair_total,2021-06,0.0207232688,0.0208300395,0.0001041070355,5.310486256e-06,0.000101460211,0.006482629069,1.644866039,0.5
Pair_total,2021-07,-0.005925478926,-0.005810176784,0.0001041070355,1.107403877e-05,0.0001042281035,0.02030514352,1.63511942,0.5
Pair_total,2021-08,-0.00176080525,-0.001652415165,0.0001041070355,4.722788254e-06,0.0001036672966,0.00594953768,1.632240293,0.5
Pair_total,2021-09,-0.003736646482,-0.003631928257,0.0001041070355,2.796076433e-06,0.0001019221487,0.003487047022,1.626141188,0.5
Pair_total,2021-10,-0.01042803231,-0.01031403564,0.0001041070355,9.236353708e-06,0.0001047603188,0.01289389092,1.609183735,0.5
Pair_total,2021-11,0.00907208046,0.009181078065,0.0001041070355,7.353406559e-06,0.0001016441982,0.01052792825,1.62378238,0.5
Pair_total,2021-12,0.004283458195,0.004389602565,0.0001041070355,2.316894167e-06,0.0001038274765,0.00899536436,1.630737784,0.5
Pair_total,2022-01,0.01461466047,0.01471994637,0.0001041070355,2.682814047e-06,0.0001026030842,0.004267217084,1.654570463,0.5
Pair_total,2022-02,0.01157984964,0.0116929024,0.0001041070355,8.484558757e-06,0.0001045681974,0.01440531061,1.67373014,0.5
Pair_total,2022-03,0.02493300393,0.02504610495,0.0001041070355,9.845903518e-06,0.0001032551129,0.01145613504,1.71546126,0.5
Pair_total,2022-04,0.009005937865,0.009122521918,0.0003119641739,1.768156542e-05,9.890248783e-05,0.0243352471,1.730910598,0.5
Pair_total,2022-05,0.005902002465,0.00601696813,0.0003119641739,9.089158124e-06,0.0001058765067,0.02096987596,1.741126436,0.5
Pair_total,2022-06,-0.0115819647,-0.01147228774,0.0007262586484,8.680168349e-06,0.0001009967927,0.01068592687,1.720960771,0.5
Pair_total,2022-07,0.01089125656,0.01101171318,0.00134418443,1.818529027e-05,0.000102271325,0.02208116043,1.739704197,0.5
Pair_total,2022-08,0.01045526284,0.01056113463,0.001957943956,3.727617924e-06,0.0001021441667,0.009563371614,1.757893261,0.5
Pair_total,2022-09,0.003192424414,0.003391962563,0.001957943956,9.964551802e-05,9.989263167e-05,0.4937330815,1.763505203,0.5
Pair_total,2022-10,0.01569959244,0.01581274537,0.002567595531,1.180507399e-05,0.0001013478619,0.02062809344,1.791191516,0.5
Pair_total,2022-11,-0.01174703354,-0.01163104616,0.002567595531,4.608926619e-06,0.0001113784484,0.01304042055,1.770150329,0.5
Pair_total,2022-12,-0.01408070676,-0.01375359632,0.003173196228,0.0001101986256,0.0002169118128,0.5265759867,1.745225361,1
Pair_total,2023-01,0.01007629009,0.01030115792,0.003574707178,1.372932107e-05,0.0002111385076,0.03949003635,1.762810758,1
Pair_total,2023-02,0.01632036787,0.01653096304,0.003574707178,9.161566586e-06,0.0002014336008,0.01083526794,1.791580478,1
Pair_total,2023-03,0.0009097891274,0.001135149646,0.003774801921,1.171011479e-05,0.0002136504041,0.03510597089,1.793210439,1
Pair_total,2023-04,0.01163447542,0.01185355809,0.003974458863,1.190201329e-05,0.0002071806649,0.02300161154,1.814073501,1
Pair_total,2023-05,0.01566520608,0.01587393728,0.003974458863,5.902097141e-06,0.0002028291036,0.01534379503,1.842491337,1
Pair_total,2023-06,0.03022460315,0.03044108314,0.004173680002,9.991389568e-06,0.0002064886032,0.02856847386,1.898179906,1
Pair_total,2023-07,0.007354492253,0.007576485734,0.004173680002,1.036005301e-05,0.0002116334273,0.02549677328,1.912140055,1
Pair_total,2023-08,0.004968362846,0.005281813688,0.004372467323,0.0001091874246,0.0002042634179,0.5132151164,1.921640261,1
Pair_total,2023-09,0.01483034951,0.01514225594,0.004372467323,0.0001085751423,0.000203331284,0.5148951377,1.950138858,1
Pair_total,2023-10,0.004466093314,0.004784348126,0.004372467323,0.0001108627522,0.0002073920598,0.5251795224,1.95884836,1
Pair_total,2023-11,0.01025087544,0.01046719681,0.004372467323,2.458964607e-06,0.000213862405,0.007511579687,1.97892827,1
Pair_total,2023-12,-0.0008315166716,-0.0006079620913,0.004372467323,9.67963717e-06,0.0002138749431,0.02381569802,1.977282759,1
Pair_total,2024-01,0.01623508004,0.0164474571,0.004372467323,1.05213092e-05,0.000201855753,0.02411600134,2.009384102,1
Pair_total,2024-02,0.008257320781,0.008476237886,0.004372467323,1.229337176e-05,0.0002066237332,0.03312492934,2.025976232,1
Pair_total,2024-03,0.008573004203,0.008783716296,0.004372467323,3.252962939e-06,0.0002074591294,0.01064106789,2.043344934,1
Pair_total,2024-04,0.009633476752,0.009838519767,0.004372467323,1.459957252e-06,0.0002035830577,0.006668234861,2.06302945,1
Pair_total,2024-05,0.003487112282,0.003706838702,0.004372467323,1.018006434e-05,0.0002095463563,0.02507471928,2.070223466,1
Pair_total,2024-06,7.962897687e-05,0.0002881684413,0.004372467323,3.876841165e-06,0.0002046626233,0.01011495871,2.070388315,1
Pair_total,2024-07,-0.01622363615,-0.01599992482,0.004372467323,0.0001124050701,0.0001113062579,0.5144872965,2.036799089,0.5
Pair_total,2024-08,-0.0005364565811,-0.0002169403477,0.004372467323,0.0001051607426,0.0002143554908,0.522406809,2.035706434,1
Pair_total,2024-09,0.01300065799,0.01321958378,0.004372467323,7.642563424e-06,0.0002112832253,0.02647464614,2.062171957,1
Pair_total,2024-10,0.006931448374,0.007137575258,0.003974458863,0.0001088267419,9.730014227e-05,0.5115039867,2.076465796,0.5
Pair_total,2024-11,-0.01065957242,-0.0103339724,0.003974458863,0.0001185111116,0.0002070889057,0.5329460809,2.054331558,1
Pair_total,2024-12,0.01394365295,0.01415774191,0.003774801921,1.194545536e-05,0.0002021435004,0.02262751741,2.082976445,1
Pair_total,2025-01,0.01740244871,0.01761319285,0.003574707178,0.0001051974741,0.0001055466578,0.5063832345,2.119225335,0.5
Pair_total,2025-02,-0.0006128064541,-0.0004927609257,0.003574707178,1.301930583e-05,0.0001070262225,0.01379836041,2.11792666,0.5
Pair_total,2025-03,0.005993175411,0.006102754184,0.003574707178,4.476894753e-06,0.0001051018781,0.01017479939,2.130619766,0.5
Pair_total,2025-04,0.002492572667,0.002604909043,0.003574707178,3.522450918e-06,0.0001088139245,0.004195427372,2.135930491,0.5
Pair_total,2025-05,0.0043566443,0.004472082367,0.003574707178,1.176125555e-05,0.0001036768115,0.02024701716,2.14523598,0.5
Pair_total,2025-06,0.01179729094,0.01211036703,0.003574707178,0.0001016948344,0.0002113812525,0.503420379,2.170543953,1
Pair_total,2025-07,0.009129272234,0.009342106131,0.003574707178,1.07650575e-05,0.0002020688394,0.02015896915,2.19035944,1
Pair_total,2025-08,0.009066800748,0.009287986332,0.003574707178,9.117070859e-06,0.0002120685128,0.03214051381,2.210218993,1
Pair_total,2025-09,0.01101293596,0.01123094137,0.003574707178,9.420472452e-06,0.000208584938,0.01547826426,2.234559993,1
Pair_total,2025-10,0.01114918132,0.01135821925,0.003374172623,6.543143214e-06,0.0002024947832,0.01164373602,2.259473507,1
Pair_total,2025-11,0.01311943017,0.01333479607,0.003173196228,8.219457199e-06,0.0002071464443,0.02985432609,2.289116512,1
Pair_total,2025-12,-0.002115108378,-0.001776629335,0.003173196228,0.0001274075666,0.0002110714768,0.5056041606,2.284274783,1
Pair_total,2026-01,0.008687994571,0.008909371093,0.002971775953,6.735802453e-06,0.0002146407204,0.01768403767,2.30412055,1
Pair_total,2026-02,0.01275449603,0.01297616221,0.002971775953,1.701921475e-05,0.0002046469646,0.02834070422,2.333508446,1
Pair_total,2026-03,0.01660232056,0.01681125818,0.002971775953,8.196750349e-06,0.0002007408745,0.02504830056,2.372250101,1
Pair_total,2026-04,0.01207713985,0.01230283767,0.002971775953,1.270950943e-05,0.0002129883109,0.03760051174,2.400900098,1
Pair_total,2026-05,0.004672823461,0.004893761621,0.002971775953,1.408592325e-05,0.0002068522368,0.02040114864,2.41211908,1
Pair_total,2026-06,0.01288280923,0.01308691096,0.002971775953,2.991642068e-06,0.0002011100897,0.008796831456,2.44319395,1
Pair_total,2026-07,0.007614296348,0.007840075789,0.002971775953,1.41508832e-05,0.0002116285583,0.03599220522,2.461797153,1
Pair_total,2026-08,-0.001315778921,-0.0007802528253,0.002971775953,0.000431028398,0.0001044976973,1.01235387,2.458557972,0.5
Pair_FX,2010-03,0.0007617394481,0.0009652075938,0.0001041070355,0.0001,0.0001034681458,0.5,1.352836168,0.5
Pair_FX,2010-04,0.005587532039,0.005690984727,0.0001041070355,5.534423674e-07,0.0001028992457,0.002767211837,1.360395184,0.5
Pair_FX,2010-05,0.005957643928,0.006055035926,0.0001041070355,1.111166858e-06,9.628083107e-05,0.005555834289,1.368499934,0.5
Pair_FX,2010-06,0.009557129149,0.009667906633,0.0001041070355,6.915546283e-06,0.000103861937,0.03457773142,1.381578865,0.5
Pair_FX,2010-07,-0.005502950546,-0.00539046317,0.0001041070355,1.894652481e-06,0.0001105927237,0.009473262405,1.373976104,0.5
Pair_FX,2010-08,-1.566675688e-06,0.0001041070355,0.0001041070355,0.0001056737112,0,0.5283685558,1.373973952,0
Pair_FX,2010-09,0.0001041070355,0.0001041070355,0.0001041070355,0,0,0,1.374116992,0
Pair_FX,2010-10,0.0001041070355,0.0001041070355,0.0001041070355,0,0,0,1.374260047,0
Pair_FX,2010-11,0.0001041070355,0.0001041070355,0.0001041070355,0,0,0,1.374403118,0
Pair_FX,2010-12,0.005941818731,0.006173902489,0.0001041070355,0.000125,0.0001070837581,0.5,1.382569572,0.5
Pair_FX,2011-01,0.003053322411,0.003164640007,0.0001041070355,4.578258188e-06,0.0001067393381,0.01710624418,1.386791002,0.5
Pair_FX,2011-02,-2.453220743e-05,0.0001041070355,0.0001041070355,0.0001286392429,0,0.5139467282,1.386756981,0
Pair_FX,2011-03,0.0001041070355,0.0001041070355,0.0001041070355,0,0,0,1.386901353,0
Pair_FX,2011-04,0.0001041070355,0.0001041070355,0.0001041070355,0,0,0,1.387045739,0
Pair_FX,2011-05,0.0001041070355,0.0001041070355,0.0001041070355,0,0,0,1.38719014,0
Pair_FX,2011-06,0.0001041070355,0.0001041070355,0.0001041070355,0,0,0,1.387334556,0
Pair_FX,2011-07,0.0001041070355,0.0001041070355,0.0001041070355,0,0,0,1.387478987,0
Pair_FX,2011-08,-0.002498904171,-0.002268349703,0.0001041070355,0.000125,0.0001055544678,0.5,1.38401181,0.5
Pair_FX,2011-09,-2.224121605e-05,0.0001041070355,0.0001041070355,0.0001263482515,0,0.5058686861,1.383981028,0
Pair_FX,2011-10,0.0001041070355,0.0001041070355,0.0001041070355,0,0,0,1.384125111,0
Pair_FX,2011-11,0.0001041070355,0.0001041070355,0.0001041070355,0,0,0,1.384269208,0
Pair_FX,2011-12,0.0001041070355,0.0001041070355,0.0001041070355,0,0,0,1.38441332,0
Pair_FX,2012-01,0.0006270118777,0.0008580864558,0.0001041070355,0.000125,0.0001060745781,0.5,1.385281363,0.5
Pair_FX,2012-02,-2.335522005e-05,0.0001041070355,0.0001041070355,0.0001274622555,0,0.5096983206,1.38524901,0
Pair_FX,2012-03,0.0001041070355,0.0001041070355,0.0001041070355,0,0,0,1.385393224,0
Pair_FX,2012-04,0.0001041070355,0.0001041070355,0.0001041070355,0,0,0,1.385537453,0
Pair_FX,2012-05,0.0001041070355,0.0001041070355,0.0001041070355,0,0,0,1.385681697,0
Pair_FX,2012-06,0.0001041070355,0.0001041070355,0.0001041070355,0,0,0,1.385825957,0
Pair_FX,2012-07,0.01221964191,0.01244627679,0.0001041070355,0.000125,0.0001016348828,0.5,1.402760254,0.5
Pair_FX,2012-08,-2.006551047e-05,0.0001041070355,0.0001041070355,0.0001241725459,0,0.494251549,1.402732106,0
Pair_FX,2012-09,0.000322968738,0.0005532699882,0.0001041070355,0.000125,0.0001053012502,0.5,1.403185145,0.5
Pair_FX,2012-10,0.00410823039,0.00421093041,0.0001041070355,1.465193629e-06,0.000101234826,0.005770970931,1.408949753,0.5
Pair_FX,2012-11,0.006791408712,0.006894818615,0.0001041070355,2.780374626e-06,0.000100629529,0.01193950263,1.418518507,0.5
Pair_FX,2012-12,0.01658209931,0.01668514825,0.0001041070355,3.02676939e-06,0.0001000221621,0.0134560584,1.442040521,0.5
Pair_FX,2013-01,-1.886385416e-05,0.0001041070355,0.0001041070355,0.0001229708896,0,0.488621443,1.442013319,0
Pair_FX,2013-02,0.0001041070355,0.0001041070355,0.0001041070355,0,0,0,1.442163443,0
Pair_FX,2013-03,0.0001041070355,0.0001041070355,0.0001041070355,0,0,0,1.442313582,0
Pair_FX,2013-04,0.0001041070355,0.0001041070355,0.0001041070355,0,0,0,1.442463737,0
Pair_FX,2013-05,0.0001041070355,0.0001041070355,0.0001041070355,0,0,0,1.442613908,0
Pair_FX,2013-06,0.0001041070355,0.0001041070355,0.0001041070355,0,0,0,1.442764094,0
Pair_FX,2013-07,0.0001041070355,0.0001041070355,0.0001041070355,0,0,0,1.442914296,0
Pair_FX,2013-08,0.0001041070355,0.0001041070355,0.0001041070355,0,0,0,1.443064513,0
Pair_FX,2013-09,0.0001041070355,0.0001041070355,0.0001041070355,0,0,0,1.443214746,0
Pair_FX,2013-10,0.0001041070355,0.0001041070355,0.0001041070355,0,0,0,1.443364995,0
Pair_FX,2013-11,0.0001041070355,0.0001041070355,0.0001041070355,0,0,0,1.44351526,0
Pair_FX,2013-12,0.0001041070355,0.0001041070355,0.0001041070355,0,0,0,1.44366554,0
Pair_FX,2014-01,0.0001041070355,0.0001041070355,0.0001041070355,0,0,0,1.443815836,0
Pair_FX,2014-02,0.0001041070355,0.0001041070355,0.0001041070355,0,0,0,1.443966147,0
Pair_FX,2014-03,0.0001041070355,0.0001041070355,0.0001041070355,0,0,0,1.444116474,0
Pair_FX,2014-04,0.0001041070355,0.0001041070355,0.0001041070355,0,0,0,1.444266817,0
Pair_FX,2014-05,0.0001041070355,0.0001041070355,0.0001041070355,0,0,0,1.444417175,0
Pair_FX,2014-06,0.0001041070355,0.0001041070355,0.0001041070355,0,0,0,1.444567549,0
Pair_FX,2014-07,0.0001041070355,0.0001041070355,0.0001041070355,0,0,0,1.444717939,0
Pair_FX,2014-08,0.0001041070355,0.0001041070355,0.0001041070355,0,0,0,1.444868344,0
Pair_FX,2014-09,0.0001041070355,0.0001041070355,0.0001041070355,0,0,0,1.445018765,0
Pair_FX,2014-10,0.0001041070355,0.0001041070355,0.0001041070355,0,0,0,1.445169202,0
Pair_FX,2014-11,0.0001041070355,0.0001041070355,0.0001041070355,0,0,0,1.445319654,0
Pair_FX,2014-12,0.0001041070355,0.0001041070355,0.0001041070355,0,0,0,1.445470122,0
Pair_FX,2015-01,0.0001041070355,0.0001041070355,0.0001041070355,0,0,0,1.445620605,0
Pair_FX,2015-02,0.0001041070355,0.0001041070355,0.0001041070355,0,0,0,1.445771105,0
Pair_FX,2015-03,0.0001041070355,0.0001041070355,0.0001041070355,0,0,0,1.44592162,0
Pair_FX,2015-04,0.0001041070355,0.0001041070355,0.0001041070355,0,0,0,1.44607215,0
Pair_FX,2015-05,0.0001041070355,0.0001041070355,0.0001041070355,0,0,0,1.446222696,0
Pair_FX,2015-06,0.0001041070355,0.0001041070355,0.0001041070355,0,0,0,1.446373258,0
Pair_FX,2015-07,0.0001041070355,0.0001041070355,0.0001041070355,0,0,0,1.446523836,0
Pair_FX,2015-08,0.0001041070355,0.0001041070355,0.0001041070355,0,0,0,1.446674429,0
Pair_FX,2015-09,0.0001041070355,0.0001041070355,0.0001041070355,0,0,0,1.446825038,0
Pair_FX,2015-10,0.008839201484,0.009041638711,0.0001041070355,0.0001,0.000102437227,0.5,1.459613816,0.5
Pair_FX,2015-11,0.01611568956,0.01664446324,0.0001041070355,0.0003267718446,0.0002020018395,0.5088592232,1.4831365,1
Pair_FX,2015-12,-0.01217396983,-0.01196733196,0.0001041070355,9.923431748e-05,0.0001074035485,0.4887059605,1.465080841,0.5
Pair_FX,2016-01,-1.494535055e-05,0.0003119641739,0.0003119641739,0.0003269095245,0,0.5095178417,1.465058944,0
Pair_FX,2016-02,0.01728680641,0.01791982343,0.0003119641739,0.000425,0.0002080170208,1,1.490385135,1
Pair_FX,2016-03,0.01531904338,0.0155442478,0.0003119641739,6.220924505e-06,0.0002189835008,0.01730864801,1.513216409,1
Pair_FX,2016-04,0.01869508593,0.01893488246,0.0003119641739,3.049200007e-05,0.0002093045321,0.04991783466,1.54150612,1
Pair_FX,2016-05,-0.0001196040436,0.0003119641739,0.0003119641739,0.0004315682175,0,1.004134623,1.54132175,0
Pair_FX,2016-06,0.0003119641739,0.0003119641739,0.0003119641739,0,0,0,1.541802587,0
Pair_FX,2016-07,0.0003119641739,0.0003119641739,0.0003119641739,0,0,0,1.542283574,0
Pair_FX,2016-08,0.0003119641739,0.0003119641739,0.0003119641739,0,0,0,1.542764711,0
Pair_FX,2016-09,0.0003119641739,0.0003119641739,0.0003119641739,0,0,0,1.543245999,0
Pair_FX,2016-10,0.0003119641739,0.0003119641739,0.0003119641739,0,0,0,1.543727436,0
Pair_FX,2016-11,0.0003119641739,0.0003119641739,0.0003119641739,0,0,0,1.544209024,0
Pair_FX,2016-12,0.0003119641739,0.0003119641739,0.0003119641739,0,0,0,1.544690762,0
Pair_FX,2017-01,0.0005193472934,0.0005193472934,0.0005193472934,0,0,0,1.545492993,0
Pair_FX,2017-02,0.0005193472934,0.0005193472934,0.0005193472934,0,0,0,1.54629564,0
Pair_FX,2017-03,0.0005193472934,0.0005193472934,0.0005193472934,0,0,0,1.547098705,0
Pair_FX,2017-04,0.0007262586484,0.0007262586484,0.0007262586484,0,0,0,1.548222298,0
Pair_FX,2017-05,0.0007262586484,0.0007262586484,0.0007262586484,0,0,0,1.549346708,0
Pair_FX,2017-06,0.006267983941,0.006473923628,0.0007262586484,0.0001,0.0001059396865,0.5,1.559057989,0.5
Pair_FX,2017-07,0.003827643786,0.00393686299,0.0009327004774,2.177223796e-06,0.0001070419805,0.01088611898,1.565025507,0.5
Pair_FX,2017-08,-0.004747359835,-0.004639389849,0.0009327004774,2.932827204e-06,0.0001050371591,0.01466413602,1.557595768,0.5
Pair_FX,2017-09,0.0008325373862,0.0009327004774,0.0009327004774,0.0001001630912,0,0.5008154561,1.558892525,0
Pair_FX,2017-10,-0.004194498869,-0.003991814471,0.0009327004774,0.0001,0.0001026843974,0.5,1.552353752,0.5
Pair_FX,2017-11,0.0008347303427,0.0009327004774,0.0009327004774,9.797013469e-05,0,0.4898506734,1.553649548,0
Pair_FX,2017-12,0.00486123653,0.005066669082,0.0009327004774,0.0001,0.0001054325524,0.5,1.561202206,0.5
Pair_FX,2018-01,-0.0029354945,-0.002825782845,0.001138675003,1.514756344e-06,0.000108196898,0.007573781719,1.556619306,0.5
Pair_FX,2018-02,-0.003630237964,-0.003524758589,0.001138675003,3.34481195e-06,0.0001021345634,0.01672405975,1.550968407,0.5
Pair_FX,2018-03,-0.003182057547,-0.003074415699,0.001138675003,2.562527772e-06,0.0001050793196,0.01281263886,1.546033137,0.5
Pair_FX,2018-04,0.007149429721,0.007252395689,0.00134418443,8.45307959e-07,0.00010212066,0.004226539795,1.557086392,0.5
Pair_FX,2018-05,0.00969708513,0.00979949408,0.00134418443,1.519343391e-06,0.0001008896065,0.007596716956,1.572185591,0.5
Pair_FX,2018-06,-0.004945310312,-0.004839075315,0.00134418443,2.433371752e-06,0.0001038016255,0.01216685876,1.564410646,0.5
Pair_FX,2018-07,0.004159203253,0.004265309665,0.001549230951,1.242797971e-06,0.000104863614,0.006213989853,1.570917347,0.5
Pair_FX,2018-08,0.003569980641,0.003674152493,0.001549230951,7.595875217e-07,0.000103412264,0.003797937608,1.576525492,0.5
Pair_FX,2018-09,0.003949569573,0.004053752616,0.001549230951,6.869406583e-07,0.0001034961026,0.003434703292,1.582752089,0.5
Pair_FX,2018-10,0.005463033376,0.005565447165,0.00175381674,5.687275709e-07,0.000101845061,0.002843637854,1.591398717,0.5
Pair_FX,2018-11,-0.002227915845,-0.002121337591,0.00175381674,2.03425576e-06,0.0001045439985,0.0101712788,1.587853214,0.5
Pair_FX,2018-12,0.001654040755,0.00175381674,0.00175381674,9.977598465e-05,0,0.4988799232,1.590479588,0
Pair_FX,2019-01,0.01044660137,0.01065111364,0.001957943956,0.0001,0.0001045122638,0.5,1.607094694,0.5
Pair_FX,2019-02,0.003403245134,0.003508479607,0.001957943956,1.720658898e-06,0.0001035138145,0.008603294492,1.612564032,0.5
Pair_FX,2019-03,0.001858631756,0.001957943956,0.001957943956,9.931219998e-05,0,0.4965609999,1.615561194,0
Pair_FX,2019-04,0.001957943956,0.001957943956,0.001957943956,0,0,0,1.618724373,0
Pair_FX,2019-05,0.001957943956,0.001957943956,0.001957943956,0,0,0,1.621893744,0
Pair_FX,2019-06,0.008584950002,0.008991255871,0.001957943956,0.0003,0.0001063058687,0.5,1.635817621,0.5
Pair_FX,2019-07,0.01098695809,0.01109945557,0.001957943956,1.042697242e-05,0.000102070512,0.01272932387,1.65379028,0.5
Pair_FX,2019-08,0.001658230477,0.001957943956,0.001957943956,0.000299713479,0,0.4934943545,1.656532646,0
Pair_FX,2019-09,0.00175381674,0.00175381674,0.00175381674,0,0,0,1.659437901,0
Pair_FX,2019-10,0.006867146102,0.007273847864,0.001549230951,0.0003,0.0001067017627,0.5,1.670833503,0.5
Pair_FX,2019-11,-0.008010213303,-0.007896889682,0.00134418443,1.076330014e-05,0.0001025603205,0.0141484514,1.65744977,0.5
Pair_FX,2019-12,0.009778298932,0.009896537077,0.00134418443,1.168121152e-05,0.0001065569339,0.01325822265,1.67365681,0.5
Pair_FX,2020-01,-0.008233377704,-0.008118643815,0.00134418443,1.225483884e-05,0.00010247905,0.01477837474,1.659876961,0.5
Pair_FX,2020-02,-0.008259016274,-0.008143480647,0.00134418443,1.207583335e-05,0.0001034597938,0.01376546486,1.64616801,0.5
Pair_FX,2020-03,-0.03192495158,-0.03181163091,0.00134418443,9.353264566e-06,0.0001039674044,0.009566676413,1.593614176,0.5
Pair_FX,2020-04,-0.005809167307,-0.005677626299,0.0001041070355,2.813498156e-05,0.0001034060267,0.03424922003,1.584356605,0.5
Pair_FX,2020-05,-0.003802765804,-0.003689717841,0.0001041070355,6.391125935e-06,0.0001066568373,0.006774865463,1.578331668,0.5
Pair_FX,2020-06,-0.005316695537,-0.005207541734,0.0001041070355,4.407173274e-06,0.0001047466295,0.009884160107,1.569940159,0.5
Pair_FX,2020-07,0.000154624431,0.0002680736283,0.0001041070355,3.235975681e-06,0.0001102132216,0.005340040137,1.57018291,0.5
Pair_FX,2020-08,-0.01316936711,-0.01304699523,0.0001041070355,1.73964077e-05,0.0001049754772,0.02888471868,1.549504595,0.5
Pair_FX,2020-09,-0.005310141444,-0.005198829558,0.0001041070355,9.169239085e-06,0.0001021426465,0.01332660522,1.541276506,0.5
Pair_FX,2020-10,-0.004300185765,-0.004186394547,0.0001041070355,9.713505185e-06,0.0001040777131,0.01263501113,1.534648731,0.5
Pair_FX,2020-11,0.01702839273,0.01713877107,0.0001041070355,3.70062218e-06,0.0001066777232,0.004309031217,1.560781332,0.5
Pair_FX,2020-12,-0.0003606921999,-0.0002352842179,0.0001041070355,1.871106215e-05,0.0001066969198,0.02001880502,1.56021837,0.5
Pair_FX,2021-01,-0.01003412459,-0.00992417378,0.0001041070355,6.93011434e-06,0.0001030207,0.01177653304,1.544562945,0.5
Pair_FX,2021-02,0.0002207528143,0.0003353389999,0.0001041070355,1.054817833e-05,0.0001040380072,0.01082701339,1.544903912,0.5
Pair_FX,2021-03,-0.002245588955,-0.002144494878,0.0001041070355,3.305926977e-07,0.0001007634836,0.0007051084499,1.541434692,0.5
Pair_FX,2021-04,0.01191576098,0.01203462233,0.0001041070355,1.152316303e-05,0.0001073381899,0.0177028299,1.55980206,0.5
Pair_FX,2021-05,0.003546628725,0.003668977662,0.0001041070355,1.715624226e-05,0.0001051926944,0.02073371833,1.565334099,0.5
Pair_FX,2021-06,0.0207232688,0.0208300395,0.0001041070355,5.310486256e-06,0.000101460211,0.006482629069,1.597772938,0.5
Pair_FX,2021-07,-0.005925478926,-0.005810176784,0.0001041070355,1.107403877e-05,0.0001042281035,0.02030514352,1.588305368,0.5
Pair_FX,2021-08,-0.00176080525,-0.001652415165,0.0001041070355,4.722788254e-06,0.0001036672966,0.00594953768,1.585508672,0.5
Pair_FX,2021-09,-0.003736646482,-0.003631928257,0.0001041070355,2.796076433e-06,0.0001019221487,0.003487047022,1.579584186,0.5
Pair_FX,2021-10,-0.01042803231,-0.01031403564,0.0001041070355,9.236353708e-06,0.0001047603188,0.01289389092,1.563112231,0.5
Pair_FX,2021-11,0.00907208046,0.009181078065,0.0001041070355,7.353406559e-06,0.0001016441982,0.01052792825,1.577292911,0.5
Pair_FX,2021-12,0.004283458195,0.004389602565,0.0001041070355,2.316894167e-06,0.0001038274765,0.00899536436,1.584049179,0.5
Pair_FX,2022-01,0.01461466047,0.01471994637,0.0001041070355,2.682814047e-06,0.0001026030842,0.004267217084,1.60719952,0.5
Pair_FX,2022-02,0.01157984964,0.0116929024,0.0001041070355,8.484558757e-06,0.0001045681974,0.01440531061,1.625810649,0.5
Pair_FX,2022-03,0.02493300393,0.02504610495,0.0001041070355,9.845903518e-06,0.0001032551129,0.01145613504,1.666346992,0.5
Pair_FX,2022-04,0.009005937865,0.009122521918,0.0003119641739,1.768156542e-05,9.890248783e-05,0.0243352471,1.68135401,0.5
Pair_FX,2022-05,0.005902002465,0.00601696813,0.0003119641739,9.089158124e-06,0.0001058765067,0.02096987596,1.691277365,0.5
Pair_FX,2022-06,-0.0115819647,-0.01147228774,0.0007262586484,8.680168349e-06,0.0001009967927,0.01068592687,1.671689051,0.5
Pair_FX,2022-07,0.01089125656,0.01101171318,0.00134418443,1.818529027e-05,0.000102271325,0.02208116043,1.689895845,0.5
Pair_FX,2022-08,0.01045526284,0.01056113463,0.001957943956,3.727617924e-06,0.0001021441667,0.009563371614,1.70756415,0.5
Pair_FX,2022-09,0.001658298438,0.001957943956,0.001957943956,0.000299645518,0,0.4937330815,1.710395801,0
Pair_FX,2022-10,0.002567595531,0.002567595531,0.002567595531,0,0,0,1.714787406,0
Pair_FX,2022-11,0.002567595531,0.002567595531,0.002567595531,0,0,0,1.719190286,0
Pair_FX,2022-12,0.003173196228,0.003173196228,0.003173196228,0,0,0,1.724645614,0
Pair_FX,2023-01,0.003574707178,0.003574707178,0.003574707178,0,0,0,1.730810717,0
Pair_FX,2023-02,0.003574707178,0.003574707178,0.003574707178,0,0,0,1.736997859,0
Pair_FX,2023-03,0.003774801921,0.003774801921,0.003774801921,0,0,0,1.743554682,0
Pair_FX,2023-04,0.003974458863,0.003974458863,0.003974458863,0,0,0,1.750484368,0
Pair_FX,2023-05,0.003974458863,0.003974458863,0.003974458863,0,0,0,1.757441596,0
Pair_FX,2023-06,0.0071801604,0.007386111467,0.004173680002,0.0001,0.0001059510673,0.5,1.770060309,0.5
Pair_FX,2023-07,0.004071784663,0.004173680002,0.004173680002,0.0001018953387,0,0.5094766933,1.777267613,0
Pair_FX,2023-08,0.00460198431,0.004804686287,0.004372467323,0.0001,0.0001027019765,0.5,1.785446571,0.5
Pair_FX,2023-09,0.00427395727,0.004372467323,0.004372467323,9.851005257e-05,0,0.4925502628,1.793077493,0
Pair_FX,2023-10,0.00180258305,0.002006995613,0.004372467323,0.0001,0.000104412563,0.5,1.796309664,0.5
Pair_FX,2023-11,0.007508302819,0.007616002296,0.004372467323,4.722430846e-07,0.0001072272341,0.002361215423,1.809796901,0.5
Pair_FX,2023-12,0.002948223145,0.003056673186,0.004372467323,3.14936773e-06,0.0001053006734,0.01574683865,1.815132586,0.5
Pair_FX,2024-01,0.008751426352,0.008854444084,0.004372467323,8.590705019e-07,0.0001021586617,0.004295352509,1.831017586,0.5
Pair_FX,2024-02,0.003872123235,0.00397775585,0.004372467323,1.571614901e-06,0.0001040610004,0.007858074504,1.838107511,0.5
Pair_FX,2024-03,0.004942813391,0.00504707531,0.004372467323,2.396245129e-07,0.0001040222948,0.001198122564,1.847192934,0.5
Pair_FX,2024-04,0.004610054026,0.004713494819,0.004372467323,1.701952425e-07,0.0001032705973,0.0008509762123,1.855708593,0.5
Pair_FX,2024-05,0.004855481606,0.004961874834,0.004372467323,9.242080128e-07,0.0001054690199,0.004621040064,1.864718952,0.5
Pair_FX,2024-06,0.006642267752,0.006746231559,0.004372467323,1.208193075e-06,0.000102755614,0.006040965375,1.877104914,0.5
Pair_FX,2024-07,0.00427368041,0.004372467323,0.004372467323,9.878691247e-05,0,0.4939345624,1.885127061,0
Pair_FX,2024-08,0.005267682666,0.005474341021,0.004372467323,0.0001,0.0001066583551,0.5,1.895057312,0.5
Pair_FX,2024-09,0.006268412694,0.006375991099,0.004372467323,2.387653731e-06,0.0001051907509,0.01193826865,1.906936313,0.5
Pair_FX,2024-10,0.003873398252,0.003974458863,0.003974458863,0.0001010606109,0,0.5053030545,1.914322637,0
Pair_FX,2024-11,0.003974458863,0.003974458863,0.003974458863,0,0,0,1.921931034,0
Pair_FX,2024-12,0.003774801921,0.003774801921,0.003774801921,0,0,0,1.929185943,0
Pair_FX,2025-01,0.003574707178,0.003574707178,0.003574707178,0,0,0,1.936082218,0
Pair_FX,2025-02,0.003574707178,0.003574707178,0.003574707178,0,0,0,1.943003145,0
Pair_FX,2025-03,0.003574707178,0.003574707178,0.003574707178,0,0,0,1.949948812,0
Pair_FX,2025-04,0.003574707178,0.003574707178,0.003574707178,0,0,0,1.956919308,0
Pair_FX,2025-05,0.003574707178,0.003574707178,0.003574707178,0,0,0,1.963914721,0
Pair_FX,2025-06,-0.000549280724,-0.0003416139269,0.003574707178,0.0001,0.0001076667971,0.5,1.962835981,0.5
Pair_FX,2025-07,0.003471882008,0.003574707178,0.003574707178,0.0001028251709,0,0.5141258543,1.969650716,0
Pair_FX,2025-08,0.003272444308,0.003478540374,0.003574707178,0.0001,0.0001060960658,0.5,1.976096288,0.5
Pair_FX,2025-09,0.001967726518,0.002074303327,0.003574707178,1.668502535e-06,0.0001049083067,0.008342512674,1.979984705,0.5
Pair_FX,2025-10,0.001374570475,0.001477458765,0.003374172623,3.807058807e-07,0.0001025075842,0.001903529403,1.982706334,0.5
Pair_FX,2025-11,0.005308934988,0.005415154164,0.003173196228,1.944318721e-06,0.000104274857,0.009721593606,1.993232393,0.5
Pair_FX,2025-12,0.003073010523,0.003173196228,0.003173196228,0.0001001857046,0,0.5009285228,1.999357617,0
Pair_FX,2026-01,0.002971775953,0.002971775953,0.002971775953,0,0,0,2.00529926,0
Pair_FX,2026-02,0.002971775953,0.002971775953,0.002971775953,0,0,0,2.01125856,0
Pair_FX,2026-03,0.002971775953,0.002971775953,0.002971775953,0,0,0,2.01723557,0
Pair_FX,2026-04,0.002971775953,0.002971775953,0.002971775953,0,0,0,2.023230342,0
Pair_FX,2026-05,0.002971775953,0.002971775953,0.002971775953,0,0,0,2.029242929,0
Pair_FX,2026-06,0.002971775953,0.002971775953,0.002971775953,0,0,0,2.035273384,0
Pair_FX,2026-07,0.002971775953,0.002971775953,0.002971775953,0,0,0,2.041321761,0
Pair_FX,2026-08,0.002971775953,0.002971775953,0.002971775953,0,0,0,2.047388112,0
Size_signal,2010-03,0.0001041070355,0.0001041070355,0.0001041070355,0,0,0,1.351947177,0
Size_signal,2010-04,0.0001041070355,0.0001041070355,0.0001041070355,0,0,0,1.352087924,0
Size_signal,2010-05,0.0001041070355,0.0001041070355,0.0001041070355,0,0,0,1.352228686,0
Size_signal,2010-06,0.0001041070355,0.0001041070355,0.0001041070355,0,0,0,1.352369462,0
Size_signal,2010-07,0.0001041070355,0.0001041070355,0.0001041070355,0,0,0,1.352510253,0
Size_signal,2010-08,0.0001041070355,0.0001041070355,0.0001041070355,0,0,0,1.352651059,0
Size_signal,2010-09,0.0001041070355,0.0001041070355,0.0001041070355,0,0,0,1.35279188,0
Size_signal,2010-10,0.0001041070355,0.0001041070355,0.0001041070355,0,0,0,1.352932715,0
Size_signal,2010-11,0.0001041070355,0.0001041070355,0.0001041070355,0,0,0,1.353073565,0
Size_signal,2010-12,0.0001041070355,0.0001041070355,0.0001041070355,0,0,0,1.353214429,0
Size_signal,2011-01,0.0001041070355,0.0001041070355,0.0001041070355,0,0,0,1.353355308,0
Size_signal,2011-02,0.0001041070355,0.0001041070355,0.0001041070355,0,0,0,1.353496202,0
Size_signal,2011-03,0.0001041070355,0.0001041070355,0.0001041070355,0,0,0,1.353637111,0
Size_signal,2011-04,0.0001041070355,0.0001041070355,0.0001041070355,0,0,0,1.353778034,0
Size_signal,2011-05,0.0001041070355,0.0001041070355,0.0001041070355,0,0,0,1.353918972,0
Size_signal,2011-06,0.0001041070355,0.0001041070355,0.0001041070355,0,0,0,1.354059924,0
Size_signal,2011-07,0.0001041070355,0.0001041070355,0.0001041070355,0,0,0,1.354200891,0
Size_signal,2011-08,0.0001041070355,0.0001041070355,0.0001041070355,0,0,0,1.354341873,0
Size_signal,2011-09,0.0001041070355,0.0001041070355,0.0001041070355,0,0,0,1.35448287,0
Size_signal,2011-10,0.0001041070355,0.0001041070355,0.0001041070355,0,0,0,1.354623881,0
Size_signal,2011-11,0.0001041070355,0.0001041070355,0.0001041070355,0,0,0,1.354764907,0
Size_signal,2011-12,0.0001041070355,0.0001041070355,0.0001041070355,0,0,0,1.354905947,0
Size_signal,2012-01,0.0177184236,0.01835511957,0.0001041070355,0.000425,0.0002116959707,1,1.378912745,1
Size_signal,2012-02,0.02232894345,0.02255110841,0.0001041070355,1.678899076e-05,0.0002053759597,0.01833093362,1.409702409,1
Size_signal,2012-03,-0.01004710042,-0.009835589689,0.0001041070355,6.07477328e-06,0.0002054359532,0.02195673077,1.395538988,1
Size_signal,2012-04,-0.01277025781,-0.01254542863,0.0001041070355,4.190739526e-05,0.0001829217892,0.1140223696,1.377717595,0.8721753281
Size_signal,2012-05,-0.01954398815,-0.019284232,0.0001041070355,5.600967547e-05,0.0002037464703,0.1233113515,1.350791499,1
Size_signal,2012-06,0.005522863378,0.005748388189,0.0001041070355,1.665867233e-05,0.0002088661395,0.04100762134,1.358251736,1
Size_signal,2012-07,0.01002492186,0.01024064615,0.0001041070355,8.115218976e-06,0.0002076090785,0.01908529013,1.371868103,1
Size_signal,2012-08,0.003266093048,0.003480347133,0.0001041070355,3.541252192e-06,0.0002107128329,0.01440340736,1.376348752,1
Size_signal,2012-09,-0.002321217471,-0.002104941426,0.0001041070355,4.173101052e-06,0.0002121029438,0.01500383115,1.373153947,1
Size_signal,2012-10,0.004012533375,0.0042258829,0.0001041070355,7.440492557e-06,0.0002059090319,0.01828790476,1.378663773,1
Size_signal,2012-11,-0.001045154471,-0.000837373873,0.0001041070355,3.040539996e-06,0.0002047400583,0.01233607934,1.377222857,1
Size_signal,2012-12,0.02131012306,0.02152568923,0.0001041070355,9.708847669e-06,0.0002058573206,0.01737951917,1.406571645,1
Size_signal,2013-01,0.02168668703,0.02189929826,0.0001041070355,7.079846147e-06,0.0002055313899,0.02097461066,1.437075524,1
Size_signal,2013-02,0.005423733831,0.005745617066,0.0001041070355,0.0002262970147,9.558622011e-05,0.5178046269,1.44486984,0.4691670401
Size_signal,2013-03,-9.4392773e-05,0.0001041070355,0.0001041070355,0.0001984998085,0,0.4619656026,1.444733454,0
Size_signal,2013-04,0.0001041070355,0.0001041070355,0.0001041070355,0,0,0,1.444883861,0
Size_signal,2013-05,0.0001041070355,0.0001041070355,0.0001041070355,0,0,0,1.445034284,0
Size_signal,2013-06,0.0001041070355,0.0001041070355,0.0001041070355,0,0,0,1.445184722,0
Size_signal,2013-07,0.0001041070355,0.0001041070355,0.0001041070355,0,0,0,1.445335176,0
Size_signal,2013-08,-0.002481317386,-0.002216502297,0.0001041070355,0.0001778833941,8.693169502e-05,0.4185491626,1.441748841,0.4185491626
Size_signal,2013-09,0.01173954713,0.01209938921,0.0001041070355,0.0001820779688,0.0001777641097,0.4258658967,1.458674319,0.8418623299
Size_signal,2013-10,0.005549418143,0.005815527012,0.0001041070355,5.74130083e-05,0.0002086958609,0.1447518013,1.466769113,1
Size_signal,2013-11,-0.004044709448,-0.003812943286,0.0001041070355,4.841270367e-05,0.0001833534591,0.103027631,1.460836458,0.8988895201
Size_signal,2013-12,0.005302198432,0.005559533913,0.0001041070355,5.169576953e-05,0.0002056397113,0.113329018,1.468582103,0.9930928505
Size_signal,2014-01,-0.01138655333,-0.01116962708,0.0001041070355,7.876594849e-06,0.0002090496508,0.01675070962,1.451860014,1
Size_signal,2014-02,0.008561557324,0.008901522128,0.0001041070355,0.0001289460655,0.0002110187389,0.5121716244,1.464290197,1
Size_signal,2014-03,0.01430342274,0.01452208894,0.0001041070355,1.201667982e-05,0.0002066495222,0.01576468931,1.485234559,1
Size_signal,2014-04,0.002403238513,0.002620123681,0.0001041070355,7.357352633e-06,0.000209527815,0.01747974296,1.488803932,1
Size_signal,2014-05,0.01070334019,0.01091424397,0.0001041070355,3.481522292e-06,0.0002074222565,0.005850686983,1.504739107,1
Size_signal,2014-06,0.00774767406,0.007961010742,0.0001041070355,4.282954262e-06,0.0002090537281,0.01069565767,1.516397335,1
Size_signal,2014-07,-0.0007560764371,-0.0005468187173,0.0001041070355,4.601913609e-06,0.0002046558062,0.007796498974,1.515250822,1
Size_signal,2014-08,0.01103655365,0.0112490749,0.0001041070355,6.750205906e-06,0.0002057710417,0.01757730293,1.531973969,1
Size_signal,2014-09,-0.001267231133,-0.001066174495,0.0001041070355,3.000241056e-06,0.000198056397,0.01304816922,1.530032604,1
Size_signal,2014-10,0.005327274059,0.005523278988,0.0001041070355,6.016124463e-06,0.000189988805,0.02763528951,1.538183507,0.9230577274
Size_signal,2014-11,0.004302066714,0.004536939813,0.0001041070355,3.250122909e-05,0.0002023718699,0.08756107164,1.544800875,1
Size_signal,2014-12,0.005444725569,0.005777634272,0.0001041070355,0.0001316529683,0.0002012557347,0.4994402677,1.553211892,1
Size_signal,2015-01,0.01360161601,0.01381089056,0.0001041070355,1.495706977e-05,0.000194317482,0.03364162695,1.574338084,1
Size_signal,2015-02,-0.01046286943,-0.01023892525,0.0001041070355,1.689829971e-05,0.0002070458787,0.06634617025,1.55786599,1
Size_signal,2015-03,-0.01159251704,-0.0113747113,0.0001041070355,1.753761715e-05,0.0002002681197,0.0249285426,1.539806402,1
Size_signal,2015-04,0.0224077233,0.0226506345,0.0001041070355,2.616724892e-05,0.0002167439497,0.03917352925,1.574309958,1
Size_signal,2015-05,-0.009583336268,-0.009354641346,0.0001041070355,2.492478777e-05,0.0002037701342,0.03943097311,1.559222816,1
Size_signal,2015-06,-0.005112895111,-0.004886481194,0.0001041070355,1.26278941e-05,0.0002137860233,0.02217486096,1.551250673,1
Size_signal,2015-07,-0.01413023921,-0.01391640124,0.0001041070355,1.230548117e-05,0.0002015324946,0.02623662576,1.52933113,1
Size_signal,2015-08,-0.0289612116,-0.02872981173,0.0001041070355,1.881505555e-05,0.0002125848213,0.03318450164,1.485039848,1
Size_signal,2015-09,-0.02578816594,-0.02556403987,0.0001041070355,1.496605966e-05,0.0002091600174,0.03686972272,1.446743394,1
Size_signal,2015-10,0.02319129332,0.02341575406,0.0001041070355,1.934947704e-05,0.0002051112599,0.03341327143,1.480295244,1
Size_signal,2015-11,0.01643272137,0.01664446324,0.0001041070355,9.740029473e-06,0.0002020018395,0.02483950565,1.504620524,1
Size_signal,2015-12,-0.02860728933,-0.02838499078,0.0001041070355,7.695624948e-06,0.000214602924,0.03128774446,1.461577409,1
Size_signal,2016-01,-0.00337899427,-0.003160984092,0.0003119641739,1.082017446e-05,0.0002071900033,0.03503865117,1.456638747,1
Size_signal,2016-02,0.01770786532,0.01791982343,0.0003119641739,3.94108557e-06,0.0002080170208,0.008961433371,1.48243271,1
Size_signal,2016-03,0.01531911836,0.0155442478,0.0003119641739,6.145947502e-06,0.0002189835008,0.01730148685,1.505142272,1
Size_signal,2016-04,0.01869508596,0.01893488246,0.0003119641739,3.049196643e-05,0.0002093045321,0.04991775712,1.533281036,1
Size_signal,2016-05,0.001523919838,0.001736320701,0.0003119641739,9.955787799e-06,0.0002024450746,0.01828115061,1.535617634,1
Size_signal,2016-06,0.03690724595,0.03712283294,0.0003119641739,9.69040309e-06,0.0002058965808,0.02868438801,1.592293051,1
Size_signal,2016-07,-0.001546485252,-0.001312562884,0.0003119641739,2.694214302e-05,0.0002069802243,0.05047201911,1.589830594,1
Size_signal,2016-08,0.006115164529,0.006326828449,0.0003119641739,2.410765525e-06,0.0002092531552,0.008060205533,1.599552669,1
Size_signal,2016-09,0.002742408451,0.002955341896,0.0003119641739,5.198278167e-06,0.0002077351669,0.00626885477,1.603939296,1
Size_signal,2016-10,0.01938931977,0.01959374941,0.0003119641739,2.636400891e-06,0.0002017932409,0.006139688451,1.635038588,1
Size_signal,2016-11,-0.001061493106,-0.0008467631865,0.0003119641739,1.11618775e-05,0.0002035680415,0.03685366183,1.633303006,1
Size_signal,2016-12,0.01190373314,0.01212806727,0.0003119641739,1.566660022e-05,0.0002086675359,0.02464177774,1.652745409,1
Size_signal,2017-01,0.008908435644,0.009134704197,0.0005193472934,1.255854815e-05,0.0002137100047,0.02016857805,1.667468785,1
Size_signal,2017-02,0.01288837024,0.01310704975,0.0005193472934,1.46618778e-05,0.0002040176323,0.02490734438,1.68895974,1
Size_signal,2017-03,-0.01032569871,-0.01010858419,0.0005193472934,6.544014962e-06,0.000210570505,0.02333425263,1.671520051,1
Size_signal,2017-04,-0.01167206815,-0.01145165227,0.0007262586484,1.459438609e-05,0.0002058214918,0.03879848082,1.652009955,0.9713627333
Size_signal,2017-05,-0.009479322536,-0.009261128073,0.0007262586484,5.67370485e-06,0.0002125207579,0.01532161097,1.636350019,1
Size_signal,2017-06,-0.002035410707,-0.001816322902,0.0007262586484,5.933539397e-06,0.0002131542654,0.02186546299,1.633019375,1
Size_signal,2017-07,0.009186304028,0.009407403699,0.0009327004774,5.922043633e-06,0.0002151776277,0.02344401505,1.648020788,1
Size_signal,2017-08,-0.008889582368,-0.008661858329,0.0009327004774,1.697951946e-05,0.00021074452,0.03146362707,1.633370571,1
Size_signal,2017-09,0.0105443738,0.01075526227,0.0009327004774,4.692004412e-06,0.0002061964695,0.01329604097,1.650593441,1
Size_signal,2017-10,-0.002890380664,-0.002680104973,0.0009327004774,5.881951996e-06,0.0002043937388,0.0150520658,1.645822598,1
Size_signal,2017-11,-0.001167146276,-0.0009492301951,0.0009327004774,7.722381145e-06,0.0002101936995,0.02005893996,1.643901682,1
Size_signal,2017-12,-0.002290151889,-0.002075014787,0.0009327004774,3.447240688e-06,0.0002116898611,0.007845373631,1.640136897,1
Size_signal,2018-01,-0.001185294085,-0.0009624685413,0.001138675003,5.553156114e-06,0.0002172723872,0.01837004794,1.638192853,1
Size_signal,2018-02,0.004163344211,0.004384902436,0.001138675003,2.060633505e-05,0.0002009518892,0.04164888964,1.645013213,1
Size_signal,2018-03,-0.005302653288,-0.005080918164,0.001138675003,1.353834573e-05,0.000208196778,0.03655765106,1.636290279,1
Size_signal,2018-04,0.007613926286,0.007820634289,0.00134418443,4.557817286e-06,0.000202150185,0.008858146625,1.648748872,1
Size_signal,2018-05,-0.003942275202,-0.00372182999,0.00134418443,1.639632171e-05,0.0002040488903,0.03094518632,1.64224905,1
Size_signal,2018-06,-0.006222936847,-0.005999891037,0.00134418443,1.727670602e-05,0.0002057691035,0.02514686264,1.632029438,1
Size_signal,2018-07,0.006777004934,0.00699615148,0.001549230951,7.41549034e-06,0.0002117310557,0.01508700176,1.64308971,1
Size_signal,2018-08,-0.01114525787,-0.0109326771,0.001549230951,9.295705144e-06,0.0002032850667,0.01470823448,1.624777051,1
Size_signal,2018-09,0.008758502534,0.008994200861,0.001549230951,2.557882304e-05,0.0002101195041,0.03413606209,1.639007665,1
Size_signal,2018-10,0.03581431729,0.03602768093,0.00175381674,1.057922748e-05,0.0002027844093,0.01724805556,1.697707606,1
Size_signal,2018-11,-0.01385270026,-0.01361982133,0.00175381674,2.296020662e-05,0.0002099187296,0.0539331419,1.674189771,1
Size_signal,2018-12,-0.008863443069,-0.008643104657,0.00175381674,2.159893645e-05,0.0001987394755,0.06239870299,1.659350686,0.9433916615
Size_signal,2019-01,0.02909308462,0.02932115604,0.001957943956,2.023769965e-05,0.000207833719,0.04837133838,1.707626315,1
Size_signal,2019-02,0.003502047477,0.003721409341,0.001957943956,1.343410058e-05,0.0002059277635,0.02658963751,1.713606504,1
Size_signal,2019-03,-0.00442460596,-0.004214860426,0.001957943956,4.981680218e-06,0.000204763854,0.008848079372,1.70602447,0.9945687401
Size_signal,2019-04,0.006814365087,0.007031773472,0.001957943956,1.170802234e-05,0.0002057003625,0.019233155,1.717649944,1
Size_signal,2019-05,0.0006677684925,0.0008799404844,0.001957943956,5.121968374e-06,0.0002070500235,0.01454818714,1.718796936,1
Size_signal,2019-06,0.01095483776,0.0111693111,0.001957943956,6.188084929e-06,0.0002082852559,0.01567709623,1.737626078,0.9761531003
Size_signal,2019-07,0.01748638569,0.01769402204,0.001957943956,4.463916725e-06,0.0002031724377,0.009111551578,1.768010878,1
Size_signal,2019-08,-0.01116138082,-0.01094341383,0.001957943956,3.212761184e-05,0.000185839378,0.06501401637,1.748277435,0.9086589113
Size_signal,2019-09,0.005140512344,0.005367657185,0.00175381674,9.325714179e-05,0.0001338876988,0.2418147992,1.757264477,0.6469907282
Size_signal,2019-10,0.004042178784,0.004339024022,0.001549230951,0.0001063600972,0.0001904851407,0.2520567641,1.764367654,0.894853197
Size_signal,2019-11,-0.008679253968,-0.00844259683,0.00134418443,8.843558642e-05,0.000148221551,0.1990460638,1.749054259,0.7140948104
Size_signal,2019-12,0.005855173465,0.006027071349,0.00134418443,4.630997677e-05,0.0001255879071,0.1197793213,1.759295275,0.5878168672
Size_signal,2020-01,-0.003013318461,-0.002678060776,0.00134418443,0.0001432332525,0.000192024433,0.3433160941,1.753993958,0.9470971081
Size_signal,2020-02,-0.007165143617,-0.006937164728,0.00134418443,7.74950249e-05,0.0001504838641,0.1930226317,1.74142634,0.7271555541
Size_signal,2020-03,-0.04658703782,-0.04617142143,0.00134418443,0.0002072793633,0.0002083370197,0.6447763838,1.660298445,1
Size_signal,2020-04,-0.003448337133,-0.003210316748,0.0001041070355,2.850424273e-05,0.0002095161426,0.04983738186,1.654573176,1
Size_signal,2020-05,9.326294752e-05,0.0003133129154,0.0001041070355,9.794084017e-06,0.0002102558838,0.0214803098,1.654727486,1
Size_signal,2020-06,-0.003220190389,-0.003007864622,0.0001041070355,4.021836264e-06,0.0002083039314,0.01190047947,1.649398949,1
Size_signal,2020-07,-0.001669187492,-0.001447906043,0.0001041070355,4.09118182e-06,0.0002171902678,0.007535591923,1.646645793,1
Size_signal,2020-08,-0.0041185704,-0.003889915973,0.0001041070355,2.049631913e-05,0.0002081581082,0.04245127879,1.639863966,1
Size_signal,2020-09,-0.0118963707,-0.01167710621,0.0001041070355,1.274254226e-05,0.000206521944,0.0224004393,1.620355537,1
Size_signal,2020-10,-0.00527062858,-0.005052192503,0.0001041070355,9.089847853e-06,0.0002093462299,0.01594274021,1.611815244,1
Size_signal,2020-11,0.02262754465,0.02284374596,0.0001041070355,4.923108924e-06,0.0002112781977,0.01138320217,1.648286666,1
Size_signal,2020-12,0.001119515456,0.001349557099,0.0001041070355,1.808178448e-05,0.0002119598592,0.02275030839,1.650131948,1
Size_signal,2021-01,-0.007188978067,-0.006975661137,0.0001041070355,7.729642382e-06,0.0002055872869,0.01728654611,1.638269186,1
Size_signal,2021-02,0.006699831322,0.006918441437,0.0001041070355,1.197164699e-05,0.0002066384685,0.01519872298,1.649245313,1
Size_signal,2021-03,0.008699957652,0.008904214037,0.0001041070355,3.567110677e-06,0.000200689274,0.01045784003,1.663593677,1
Size_signal,2021-04,0.01431053518,0.01454118029,0.0001041070355,1.736314608e-05,0.0002132819648,0.03648470451,1.687400593,1
Size_signal,2021-05,0.009428721868,0.00965457013,0.0001041070355,1.716909281e-05,0.0002086791697,0.0233125346,1.703310624,1
Size_signal,2021-06,0.0163885985,0.01659805822,0.0001041070355,4.717391488e-06,0.0002047423272,0.009461255548,1.731225498,1
Size_signal,2021-07,-0.009134643424,-0.00891009832,0.0001041070355,1.525764595e-05,0.0002092874577,0.0368088582,1.71541137,1
Size_signal,2021-08,-0.004242886048,-0.004030119303,0.0001041070355,1.2721995e-05,0.00020004475,0.0413021669,1.708133075,0.9632093271
Size_signal,2021-09,-0.001901121375,-0.001680139762,0.0001041070355,1.69173053e-05,0.000204064307,0.04006433166,1.704885707,1
Size_signal,2021-10,0.001539557153,0.001757887271,0.0001041070355,1.113967653e-05,0.0002071904413,0.02063270082,1.707510476,1
Size_signal,2021-11,-0.001660988049,-0.001442129252,0.0001041070355,1.20660511e-05,0.0002067927462,0.02245549406,1.704674322,1
Size_signal,2021-12,0.0105698357,0.01078237479,0.0001041070355,6.620164397e-06,0.0002059189251,0.01973295455,1.722692449,1
Size_signal,2022-01,0.01429391711,0.01450356805,0.0001041070355,3.177998988e-06,0.0002064729445,0.01302066745,1.747316472,1
Size_signal,2022-02,0.01199426615,0.01221326681,0.0001041070355,1.028479367e-05,0.0002087158622,0.02308140212,1.768274251,1
Size_signal,2022-03,0.04219454286,0.0424074388,0.0001041070355,1.086209679e-05,0.0002020338399,0.01696207457,1.842885775,1
Size_signal,2022-04,0.01409266758,0.0144065522,0.0003119641739,0.0001174078622,0.0001964767607,0.5405906287,1.868856951,1
Size_signal,2022-05,0.002925050014,0.003153671396,0.0003119641739,1.713823014e-05,0.0002114831512,0.05632196787,1.874323451,1
Size_signal,2022-06,-0.001672407878,-0.001359847725,0.0007262586484,0.000120325823,0.0001922343304,0.5317972503,1.871188818,0.9659484272
Size_signal,2022-07,0.007963904304,0.008209786344,0.00134418443,3.750108871e-05,0.0002083809521,0.07802481347,1.886090787,1
Size_signal,2022-08,0.01471917343,0.01492664349,0.001957943956,4.875246192e-06,0.0002025948106,0.01237093464,1.913852484,1
Size_signal,2022-09,-0.001598109464,-0.001390818173,0.001957943956,5.856947549e-06,0.0002014343435,0.0290111751,1.910793938,1
Size_signal,2022-10,0.01325298679,0.01347401936,0.002567595531,1.374426728e-05,0.0002072883077,0.03493802393,1.936117665,1
Size_signal,2022-11,-0.01997621131,-0.01975024736,0.002567595531,5.564603601e-06,0.0002203993514,0.01538004432,1.89744137,1
Size_signal,2022-12,-0.01398851444,-0.01375359632,0.003173196228,1.800630963e-05,0.0002169118128,0.05701246207,1.870898984,1
Size_signal,2023-01,0.01007632877,0.01030115792,0.003574707178,1.369063728e-05,0.0002111385076,0.03939284377,1.889750777,1
Size_signal,2023-02,0.01632036789,0.01653096304,0.003574707178,9.161550916e-06,0.0002014336008,0.01083522923,1.920592205,1
Size_signal,2023-03,0.0009097891274,0.001135149646,0.003774801921,1.17101148e-05,0.0002136504041,0.0351059709,1.922339539,1
Size_signal,2023-04,0.01163447542,0.01185355809,0.003974458863,1.190201329e-05,0.0002071806649,0.02300161154,1.944704951,1
Size_signal,2023-05,0.01566520608,0.01587393728,0.003974458863,5.902097141e-06,0.0002028291036,0.01534379503,1.975169155,1
Size_signal,2023-06,0.03022460315,0.03044108314,0.004173680002,9.991389568e-06,0.0002064886032,0.02856847386,2.034867858,1
Size_signal,2023-07,0.007354492253,0.007576485734,0.004173680002,1.036005301e-05,0.0002116334273,0.02549677328,2.049833278,1
Size_signal,2023-08,0.004968362846,0.005281813688,0.004372467323,0.0001091874246,0.0002042634179,0.5132151164,2.060017594,1
Size_signal,2023-09,0.01483034951,0.01514225594,0.004372467323,0.0001085751423,0.000203331284,0.5148951377,2.090568375,1
Size_signal,2023-10,0.004466093314,0.004784348126,0.004372467323,0.0001108627522,0.0002073920598,0.5251795224,2.099905048,1
Size_signal,2023-11,0.01025087544,0.01046719681,0.004372467323,2.458964607e-06,0.000213862405,0.007511579687,2.121430913,1
Size_signal,2023-12,-0.0008315166716,-0.0006079620913,0.004372467323,9.67963717e-06,0.0002138749431,0.02381569802,2.119666908,1
Size_signal,2024-01,0.01623508004,0.0164474571,0.004372467323,1.05213092e-05,0.000201855753,0.02411600134,2.15407987,1
Size_signal,2024-02,0.008257320781,0.008476237886,0.004372467323,1.229337176e-05,0.0002066237332,0.03312492934,2.171866798,1
Size_signal,2024-03,0.008573004203,0.008783716296,0.004372467323,3.252962939e-06,0.0002074591294,0.01064106789,2.190486222,1
Size_signal,2024-04,0.009003237857,0.009227323658,0.004372467323,4.32667347e-05,0.0001808190659,0.105148495,2.21020769,0.8881832701
Size_signal,2024-05,0.003652865973,0.003849751081,0.004372467323,3.232895668e-05,0.0001645561512,0.08115606092,2.218281283,0.7852971252
Size_signal,2024-06,0.001210750518,0.001380807125,0.004372467323,2.014568192e-05,0.0001499109252,0.05531716206,2.220967068,0.7324782745
Size_signal,2024-07,0.0001048085847,0.0003699390465,0.004372467323,0.0002028004422,6.233001958e-05,0.5715418387,2.221199844,0.2907532902
Size_signal,2024-08,-0.0002616556091,0.0002144974891,0.004372467323,0.0002819485889,0.0001942045093,0.7546604801,2.220618655,0.9059926971
Size_signal,2024-09,0.01297752022,0.01321958378,0.004372467323,3.078033088e-05,0.0002112832253,0.07027709269,2.249436778,1
Size_signal,2024-10,0.01091291807,0.01126260094,0.003974458863,0.0002037904784,0.0001458923947,0.6387169062,2.273984698,0.7456203694
Size_signal,2024-11,-0.01074849119,-0.0103339724,0.003974458863,0.0002074298795,0.0002070889057,0.6482502013,2.249542793,1
Size_signal,2024-12,0.01394367884,0.01415774191,0.003774801921,1.191956361e-05,0.0002021435004,0.02258460883,2.280909695,1
Size_signal,2025-01,0.01592976333,0.01627185571,0.003574707178,0.0001324751746,0.0002096172073,0.5177717121,2.317244047,1
Size_signal,2025-02,-0.003639101622,-0.003409673418,0.003574707178,1.538747152e-05,0.0002140407327,0.0223199204,2.30881136,1
Size_signal,2025-03,-0.004676382289,-0.00445072222,0.003574707178,8.968111897e-06,0.000216691957,0.02540452371,2.298014476,1
Size_signal,2025-04,0.0006996806276,0.0009312550802,0.003574707178,1.444243956e-05,0.000217132013,0.03814492431,2.299622352,1
Size_signal,2025-05,0.005601795632,0.005827380937,0.003574707178,1.71172156e-05,0.0002084680891,0.04003420132,2.312504367,1
Size_signal,2025-06,0.01177137091,0.01211036703,0.003574707178,0.0001276148672,0.0002113812525,0.5065074688,2.339725713,1
Size_signal,2025-07,0.009129264273,0.009342106131,0.003574707178,1.077301882e-05,0.0002020688394,0.02017229483,2.361085688,1
Size_signal,2025-08,0.009066800751,0.009287986332,0.003574707178,9.117067775e-06,0.0002120685128,0.03214050617,2.382493181,1
Size_signal,2025-09,0.01101293596,0.01123094137,0.003574707178,9.420472451e-06,0.000208584938,0.01547826426,2.408731426,1
Size_signal,2025-10,0.01114918132,0.01135821925,0.003374172623,6.543143214e-06,0.0002024947832,0.01164373602,2.435586809,1
Size_signal,2025-11,0.01311943017,0.01333479607,0.003173196228,8.219457199e-06,0.0002071464443,0.02985432609,2.46754032,1
Size_signal,2025-12,-0.002115108378,-0.001776629335,0.003173196228,0.0001274075666,0.0002110714768,0.5056041606,2.462321205,1
Size_signal,2026-01,0.008687994571,0.008909371093,0.002971775953,6.735802453e-06,0.0002146407204,0.01768403767,2.483713838,1
Size_signal,2026-02,0.01275449603,0.01297616221,0.002971775953,1.701921475e-05,0.0002046469646,0.02834070422,2.515392357,1
Size_signal,2026-03,0.01660232056,0.01681125818,0.002971775953,8.196750349e-06,0.0002007408745,0.02504830056,2.557153707,1
Size_signal,2026-04,0.01207713985,0.01230283767,0.002971775953,1.270950943e-05,0.0002129883109,0.03760051174,2.58803681,1
Size_signal,2026-05,0.004672823461,0.004893761621,0.002971775953,1.408592325e-05,0.0002068522368,0.02040114864,2.600130249,1
Size_signal,2026-06,0.0122392556,0.01245143966,0.002971775953,2.370847613e-05,0.0001884755881,0.05402697607,2.631953908,0.9371761925
Size_signal,2026-07,0.007261781434,0.007463939806,0.002971775953,6.880720268e-06,0.0001952776517,0.01871817228,2.651066582,0.9227377123
Size_signal,2026-08,0.001864908684,0.002420824599,0.002971775953,0.0003987337107,0.0001571822037,0.9369614792,2.656010579,0.7538985031
Size_vol,2010-03,0.01399087883,0.01443400875,0.0001041070355,0.0002940380186,0.0001490919017,0.7350950466,1.370719404,0.7350950466
Size_vol,2010-04,0.01371954613,0.01387674799,0.0001041070355,6.433398287e-06,0.000150768469,0.01888983266,1.389525052,0.7322531205
Size_vol,2010-05,-0.009791084906,-0.009632838711,0.0001041070355,5.09726243e-06,0.0001531489324,0.02432704323,1.375920095,0.7513266346
Size_vol,2010-06,0.004241256714,0.004419858184,0.0001041070355,1.656515622e-05,0.000162036313,0.04238414395,1.381755725,0.7665626004
Size_vol,2010-07,-0.003114916554,-0.002937775948,0.0001041070355,1.77716183e-05,0.0001593689875,0.04590963574,1.377451671,0.7329857776
Size_vol,2010-08,-0.00361621772,-0.003379178364,0.0001041070355,8.445231308e-05,0.0001525870433,0.3976673584,1.372470506,0.7335080676
Size_vol,2010-09,-0.002509407009,-0.002324152148,0.0001041070355,1.612917253e-05,0.0001691256885,0.04512360732,1.369026419,0.7768089933
Size_vol,2010-10,-0.006228664492,-0.006048605304,0.0001041070355,1.439609408e-05,0.0001656630945,0.03462512795,1.360499213,0.7769045295
Size_vol,2010-11,0.01864470108,0.01880466487,0.0001041070355,7.064846554e-06,0.0001528989422,0.02184575767,1.385865314,0.7722503356
Size_vol,2010-12,0.00762583165,0.007916759043,0.0001041070355,0.0001183211698,0.0001726062232,0.4441286751,1.396433689,0.804644148
Size_vol,2011-01,0.004011863942,0.004194886572,0.0001041070355,1.619917745e-05,0.000166823453,0.03508701918,1.402035991,0.7950224014
Size_vol,2011-02,0.007014360735,0.00723885502,0.0001041070355,3.828976826e-05,0.000186204517,0.08588758612,1.411870378,0.8876251322
Size_vol,2011-03,0.004877304493,0.005107177885,0.0001041070355,2.769266432e-05,0.0002021807282,0.06802720229,1.418756499,0.9627930107
Size_vol,2011-04,0.005067997995,0.005283488434,0.0001041070355,5.592973741e-06,0.0002098974652,0.01485974606,1.425946754,0.9756049498
Size_vol,2011-05,0.003450529333,0.003659623496,0.0001041070355,4.45237648e-06,0.0002046417864,0.01290896082,1.430867026,1
Size_vol,2011-06,-0.005514590488,-0.00529892128,0.0001041070355,5.477722663e-06,0.0002101914849,0.01936251676,1.42297638,1
Size_vol,2011-07,-0.005366516445,-0.005146047535,0.0001041070355,9.657463108e-06,0.000210811447,0.01891787461,1.415339954,1
Size_vol,2011-08,-0.007878976264,-0.007662650516,0.0001041070355,5.178505181e-06,0.0002111472428,0.01612003721,1.404188524,1
Size_vol,2011-09,-0.03851000266,-0.0382037159,0.0001041070355,0.0001031384632,0.0002031483025,0.5140784208,1.35011322,1
Size_vol,2011-10,0.04032406085,0.04056226619,0.0001041070355,2.8356208e-05,0.0002098491362,0.04306423725,1.404555268,1
Size_vol,2011-11,-0.01925886939,-0.01898583229,0.0001041070355,0.0001145555428,0.0001584815616,0.2405871601,1.377505121,0.7667708012
Size_vol,2011-12,-0.002792283406,-0.002609645141,0.0001041070355,5.517018011e-05,0.000127468085,0.141089936,1.373658736,0.6152803226
Size_vol,2012-01,0.01089219531,0.01108251215,0.0001041070355,6.297683603e-05,0.0001273400105,0.3102246946,1.388620896,0.6015230716
Size_vol,2012-02,0.01365156519,0.01378622969,0.0001041070355,9.481675046e-06,0.0001251828261,0.01169455427,1.407577744,0.609530085
Size_vol,2012-03,-0.005851993675,-0.00571861877,0.0001041070355,1.302945928e-05,0.0001203454451,0.02741223151,1.399340608,0.5858051777
Size_vol,2012-04,-0.008108683145,-0.007986729062,0.0001041070355,4.954514871e-06,0.0001169995686,0.01879607041,1.387993799,0.5578566531
Size_vol,2012-05,-0.0107506501,-0.01063482306,0.0001041070355,2.974713894e-06,0.0001128523231,0.008156978451,1.373071963,0.553886028
Size_vol,2012-06,0.003068977573,0.003191755983,0.0001041070355,8.520225637e-06,0.0001142581842,0.02155047731,1.37728589,0.5470402453
Size_vol,2012-07,0.005421738988,0.00553716627,0.0001041070355,4.15139138e-06,0.0001112758909,0.01393085459,1.384753175,0.5359875961
Size_vol,2012-08,0.001782027911,0.001897828564,0.0001041070355,3.853595622e-06,0.0001119470576,0.01095587967,1.387220844,0.5312778347
Size_vol,2012-09,-0.001168335995,-0.001051753647,0.0001041070355,5.601779635e-06,0.0001109805682,0.01496117974,1.385600103,0.5232391698
Size_vol,2012-10,0.002153361517,0.002264533735,0.0001041070355,3.24510541e-06,0.0001079271132,0.008043648889,1.388583801,0.5241494858
Size_vol,2012-11,-0.0006474775802,-0.0004791876295,0.0001041070355,4.144321102e-05,0.0001268467397,0.100440889,1.387684725,0.6195501785
Size_vol,2012-12,0.01694748149,0.01719353586,0.0001041070355,8.182821891e-05,0.0001642261527,0.189069522,1.411202486,0.7977668814
Size_vol,2013-01,0.02029298736,0.02054331504,0.0001041070355,5.758338376e-05,0.0001927442979,0.145803315,1.43984,0.9377852112
Size_vol,2013-02,0.01018552529,0.0103958993,0.0001041070355,3.599632066e-05,0.000174377696,0.07093151257,1.454505527,0.8559002271
Size_vol,2013-03,0.004472574855,0.004650423535,0.0001041070355,9.876351179e-06,0.0001679723286,0.01532554563,1.461010912,0.8259843086
Size_vol,2013-04,0.003318371557,0.003532797808,0.0001041070355,3.132305358e-05,0.0001831031972,0.07618835149,1.465859089,0.8834193401
Size_vol,2013-05,-0.006100717576,-0.005890994803,0.0001041070355,1.956836767e-05,0.0001901544053,0.04904801088,1.456916296,0.9284744647
Size_vol,2013-06,-0.01682580514,-0.01657338639,0.0001041070355,4.20256398e-05,0.0002103931076,0.08766136961,1.432402507,1
Size_vol,2013-07,-0.007262617084,-0.007045245889,0.0001041070355,6.42809065e-06,0.0002109431051,0.01749472086,1.421999516,1
Size_vol,2013-08,-0.00565721508,-0.00544030576,0.0001041070355,9.211628127e-06,0.0002076976919,0.02257943808,1.413954959,1
Size_vol,2013-09,0.01413708559,0.01435261507,0.0001041070355,4.373684123e-06,0.0002111557952,0.005575957185,1.433944161,1
Size_vol,2013-10,0.005574125859,0.005794579425,0.0001041070355,1.252313265e-05,0.000207930434,0.01897185045,1.441937146,0.996332333
Size_vol,2013-11,-0.00433234077,-0.004117617051,0.0001041070355,1.710876608e-05,0.0001976149529,0.02941149487,1.435690183,0.9688064302
Size_vol,2013-12,0.005209451346,0.005422355983,0.0001041070355,1.243578195e-05,0.0002004688547,0.02103446552,1.443169341,0.9681213084
Size_vol,2014-01,-0.01084641703,-0.01064300734,0.0001041070355,4.125184789e-06,0.0001992845035,0.01656689933,1.427516125,0.9532879043
Size_vol,2014-02,0.008552442149,0.008901522128,0.0001041070355,0.0001380612406,0.0002110187389,0.5167759512,1.439724874,1
Size_vol,2014-03,0.01430342082,0.01452208894,0.0001041070355,1.2018596e-05,0.0002066495222,0.01576483179,1.460317864,1
Size_vol,2014-04,0.002403238513,0.002620123681,0.0001041070355,7.357352836e-06,0.000209527815,0.01747974204,1.463827357,1
Size_vol,2014-05,0.01070334019,0.01091424397,0.0001041070355,3.481522292e-06,0.0002074222565,0.005850686983,1.479495199,1
Size_vol,2014-06,0.00774767406,0.007961010742,0.0001041070355,4.282954262e-06,0.0002090537281,0.01069565767,1.490957845,1
Size_vol,2014-07,-0.0007560764371,-0.0005468187173,0.0001041070355,4.601913609e-06,0.0002046558062,0.007796498974,1.489830567,1
Size_vol,2014-08,0.01103655365,0.0112490749,0.0001041070355,6.750205906e-06,0.0002057710417,0.01757730293,1.506273162,1
Size_vol,2014-09,-0.001267231133,-0.001066174495,0.0001041070355,3.000241056e-06,0.000198056397,0.01304816922,1.504364366,1
Size_vol,2014-10,0.005744412468,0.005974998738,0.0001041070355,2.476078457e-05,0.0002058254856,0.04930698306,1.513006055,1
Size_vol,2014-11,0.004331660752,0.004536939813,0.0001041070355,2.907191662e-06,0.0002023718699,0.01278793462,1.519559884,1
Size_vol,2014-12,0.005444716925,0.005777634272,0.0001041070355,0.0001316616121,0.0002012557347,0.4994550174,1.527833458,1
Size_vol,2015-01,0.01360161601,0.01381089056,0.0001041070355,1.495706625e-05,0.000194317482,0.03364161864,1.548614462,1
Size_vol,2015-02,-0.01046286943,-0.01023892525,0.0001041070355,1.689829971e-05,0.0002070458787,0.06634617026,1.532411511,1
Size_vol,2015-03,-0.01159251704,-0.0113747113,0.0001041070355,1.753761715e-05,0.0002002681197,0.0249285426,1.514647004,1
Size_vol,2015-04,0.0224077233,0.0226506345,0.0001041070355,2.616724892e-05,0.0002167439497,0.03917352925,1.548586795,1
Size_vol,2015-05,-0.009583336268,-0.009354641346,0.0001041070355,2.492478777e-05,0.0002037701342,0.03943097311,1.533746167,1
Size_vol,2015-06,-0.005112895111,-0.004886481194,0.0001041070355,1.26278941e-05,0.0002137860233,0.02217486096,1.525904284,1
Size_vol,2015-07,-0.01413023921,-0.01391640124,0.0001041070355,1.230548117e-05,0.0002015324946,0.02623662576,1.504342891,1
Size_vol,2015-08,-0.0289612116,-0.02872981173,0.0001041070355,1.881505555e-05,0.0002125848213,0.03318450164,1.460775299,1
Size_vol,2015-09,-0.02578816594,-0.02556403987,0.0001041070355,1.496605966e-05,0.0002091600174,0.03686972272,1.423104583,1
Size_vol,2015-10,0.01934889386,0.01958008109,0.0001041070355,5.982474902e-05,0.000171362477,0.168498416,1.450640082,0.8354610911
Size_vol,2015-11,0.01234035548,0.01252914969,0.0001041070355,3.705131798e-05,0.0001517428911,0.07465221758,1.468541497,0.7511955905
Size_vol,2015-12,-0.01933517681,-0.01916175306,0.0001041070355,2.829770929e-05,0.0001451260386,0.05534141072,1.440146987,0.6762537802
Size_vol,2016-01,-0.00208569879,-0.001935257493,0.0003119641739,1.637599361e-05,0.0001340653039,0.04346622442,1.437143274,0.6470645384
Size_vol,2016-02,0.01075754531,0.010899572,0.0003119641739,1.69460231e-05,0.0001250806589,0.04113160797,1.452603408,0.6013001166
Size_vol,2016-03,0.009777172863,0.009925434293,0.0003119641739,1.005553914e-05,0.0001382058917,0.0268136786,1.466805763,0.6311246792
Size_vol,2016-04,0.01120932631,0.0113702958,0.0003119641739,3.668397537e-05,0.0001242855116,0.07246340964,1.483247667,0.5938022952
Size_vol,2016-05,0.001004663421,0.001134332155,0.0003119641739,1.278483357e-05,0.000116883901,0.0233103553,1.484737832,0.5773610511
Size_vol,2016-06,0.021887348,0.02201948229,0.0003119641739,1.071624849e-05,0.0001214180461,0.02861333325,1.517234806,0.5897040425
Size_vol,2016-07,-0.0007910888085,-0.0006517918224,0.0003119641739,1.650529038e-05,0.0001227916957,0.02764184795,1.516034538,0.5932532742
Size_vol,2016-08,0.003303851254,0.003442216157,0.0003119641739,2.946550369e-05,0.0001088993989,0.06826139261,1.521043291,0.5204193877
Size_vol,2016-09,0.001608261485,0.001721357561,0.0003119641739,2.336056259e-06,0.0001107600205,0.009259036287,1.523489526,0.533178961
Size_vol,2016-10,0.01178068766,0.01193145543,0.0003119641739,2.916416124e-05,0.0001216036155,0.07061267963,1.54143728,0.6026149093
Size_vol,2016-11,-0.0006867097952,-0.0005005877007,0.0003119641739,4.337100445e-05,0.00014275109,0.113076318,1.54037876,0.7012450921
Size_vol,2016-12,0.008580393774,0.00874555088,0.0003119641739,1.622342223e-05,0.0001489336833,0.02913157012,1.553595817,0.713736723
Size_vol,2017-01,0.006514071482,0.006676086786,0.0005193472934,9.293038263e-06,0.0001527222657,0.0143439928,1.563716051,0.7146238469
Size_vol,2017-02,0.01258034366,0.0128832369,0.0005193472934,0.0001025030958,0.000200390142,0.248054154,1.583388136,0.9822197214
Size_vol,2017-03,-0.01033083023,-0.01010858419,0.0005193472934,1.167553529e-05,0.000210570505,0.03822411006,1.567030422,1
Size_vol,2017-04,-0.01202545801,-0.01181067581,0.0007262586484,2.892775273e-06,0.0002118894258,0.01073887296,1.548186163,1
Size_vol,2017-05,-0.008896389411,-0.008663858423,0.0007262586484,3.271948059e-05,0.0001998115075,0.07617507314,1.534412896,0.9401976046
Size_vol,2017-06,-0.001712633821,-0.001495116384,0.0007262586484,3.129113282e-05,0.0001862263034,0.08419737655,1.531785009,0.8736691386
Size_vol,2017-07,0.007760698441,0.007962018975,0.0009327004774,2.284206279e-05,0.0001784784716,0.0634107296,1.543672731,0.8294471575
Size_vol,2017-08,-0.008930485593,-0.008661858329,0.0009327004774,5.788274351e-05,0.00021074452,0.1432451499,1.529886984,1
Size_vol,2017-09,0.01054436019,0.01075526227,0.0009327004774,4.705611395e-06,0.0002061964695,0.01331722562,1.546018663,1
Size_vol,2017-10,-0.002890380659,-0.002680104973,0.0009327004774,5.881947699e-06,0.0002043937388,0.01505205927,1.54155008,1
Size_vol,2017-11,-0.001167146276,-0.0009492301951,0.0009327004774,7.722381146e-06,0.0002101936995,0.02005893996,1.539750866,1
Size_vol,2017-12,-0.002290151889,-0.002075014787,0.0009327004774,3.447240688e-06,0.0002116898611,0.007845373631,1.536224603,1
Size_vol,2018-01,-0.001185294085,-0.0009624685413,0.001138675003,5.553156114e-06,0.0002172723872,0.01837004794,1.534403725,1
Size_vol,2018-02,0.004163344211,0.004384902436,0.001138675003,2.060633505e-05,0.0002009518892,0.04164888964,1.540791976,1
Size_vol,2018-03,-0.005302653288,-0.005080918164,0.001138675003,1.353834573e-05,0.000208196778,0.03655765106,1.53262169,1
Size_vol,2018-04,0.007613926286,0.007820634289,0.00134418443,4.557817286e-06,0.000202150185,0.008858146625,1.544290959,1
Size_vol,2018-05,-0.003942275202,-0.00372182999,0.00134418443,1.639632171e-05,0.0002040488903,0.03094518632,1.538202939,1
Size_vol,2018-06,-0.006222936847,-0.005999891037,0.00134418443,1.727670602e-05,0.0002057691035,0.02514686264,1.528630799,1
Size_vol,2018-07,0.006777004934,0.00699615148,0.001549230951,7.41549034e-06,0.0002117310557,0.01508700176,1.538990337,1
Size_vol,2018-08,-0.01114525787,-0.0109326771,0.001549230951,9.295705144e-06,0.0002032850667,0.01470823448,1.521837893,1
Size_vol,2018-09,0.008758502534,0.008994200861,0.001549230951,2.557882304e-05,0.0002101195041,0.03413606209,1.535166914,1
Size_vol,2018-10,0.03581431729,0.03602768093,0.00175381674,1.057922748e-05,0.0002027844093,0.01724805556,1.590147869,1
Size_vol,2018-11,-0.01385270026,-0.01361982133,0.00175381674,2.296020662e-05,0.0002099187296,0.0539331419,1.568120027,1
Size_vol,2018-12,-0.009142202784,-0.00892739329,0.00175381674,1.063577783e-05,0.0002041737162,0.03660303564,1.553783956,0.9691873288
Size_vol,2019-01,0.02629403517,0.02651508599,0.001957943956,3.45302457e-05,0.0001865205789,0.08047360192,1.594639206,0.8974509996
Size_vol,2019-02,0.003295756679,0.003492912525,0.001957943956,1.791068091e-05,0.0001792451653,0.02724738386,1.599894749,0.8704273882
Size_vol,2019-03,-0.002892537642,-0.002692939229,0.001957943956,4.531962665e-05,0.0001542787859,0.1094923417,1.595266993,0.7493551948
Size_vol,2019-04,0.005598968667,0.005760761044,0.001957943956,7.620690687e-06,0.0001541716865,0.01167564826,1.604198843,0.749496426
Size_vol,2019-05,0.0009911858994,0.001149885544,0.001957943956,3.497442311e-06,0.0001552022026,0.01010265298,1.605788902,0.7495879494
Size_vol,2019-06,0.008882722638,0.009046768234,0.001957943956,3.754777698e-06,0.0001602908184,0.007997829479,1.62005268,0.7512215815
Size_vol,2019-07,0.01370969046,0.01387089319,0.001957943956,7.39166763e-06,0.0001538110655,0.01239457689,1.6422631,0.7570469068
Size_vol,2019-08,-0.009094752438,-0.008929867807,0.001957943956,8.049652452e-06,0.0001568349781,0.02698003244,1.627327124,0.7668423236
Size_vol,2019-09,0.005760728977,0.005927586865,0.00175381674,1.22255826e-05,0.0001546323049,0.02097836183,1.636701715,0.7472356938
Size_vol,2019-10,0.003691968426,0.003852063341,0.001549230951,2.859112775e-06,0.0001572358023,0.006198623299,1.642744366,0.7386558335
Size_vol,2019-11,-0.008956108776,-0.008793313921,0.00134418443,9.261666096e-06,0.0001535331882,0.01432941615,1.628031768,0.7396849659
Size_vol,2019-12,0.008440461691,0.008725353285,0.00134418443,8.693986772e-05,0.000197951726,0.1933590428,1.641773108,0.9265172591
Size_vol,2020-01,-0.002865869992,-0.002667391717,0.00134418443,6.963188578e-06,0.0001915150857,0.008493650281,1.637068,0.9445849206
Size_vol,2020-02,-0.01021396945,-0.0099715243,0.00134418443,3.682266974e-05,0.0002056224828,0.07599008703,1.620347037,0.9935917802
Size_vol,2020-03,-0.04651561212,-0.04617142143,0.00134418443,0.0001358536694,0.0002083370197,0.5131241969,1.544975603,1
Size_vol,2020-04,-0.00344834998,-0.003210316748,0.0001041070355,2.851708951e-05,0.0002095161426,0.04983364853,1.539647987,1
Size_vol,2020-05,-1.389579486e-05,0.000249687422,0.0001041070355,0.0001172721626,0.0001463110542,0.3097223014,1.539626592,0.6958713905
Size_vol,2020-06,-0.0022387645,-0.002089956391,0.0001041070355,1.945577267e-06,0.0001468625321,0.006347003588,1.536179731,0.7050396558
Size_vol,2020-07,-0.00114215918,-0.0009868824073,0.0001041070355,2.602614718e-06,0.0001526741575,0.005307665227,1.534425169,0.7029511917
Size_vol,2020-08,-0.002953229151,-0.002795930332,0.0001041070355,6.156400938e-06,0.0001511424173,0.01211990111,1.52989366,0.7260943069
Size_vol,2020-09,-0.00939276773,-0.009197852713,0.0001041070355,3.185381347e-05,0.0001630612035,0.06499444658,1.515523724,0.7895587281
Size_vol,2020-10,-0.004196777253,-0.004018554826,0.0001041070355,1.084198011e-05,0.0001673804463,0.01899604845,1.509163408,0.7995388614
Size_vol,2020-11,0.01858653893,0.01877019505,0.0001041070355,1.02260392e-05,0.0001734300816,0.01837725831,1.537213533,0.8208612317
Size_vol,2020-12,0.0009588236555,0.001149696474,0.0001041070355,1.292671203e-05,0.0001779461069,0.02428447126,1.538687449,0.839527388
Size_vol,2021-01,-0.005130174598,-0.004925946329,0.0001041070355,5.816204232e-05,0.0001460662268,0.1436942439,1.530793714,0.7104827788
Size_vol,2021-02,0.004877129706,0.005041282511,0.0001041070355,1.443746685e-05,0.0001497153381,0.02500776194,1.538259594,0.724527912
Size_vol,2021-03,0.006332253244,0.006479842445,0.0001041070355,2.188502302e-06,0.0001454006992,0.006922979235,1.548000243,0.724506578
Size_vol,2021-04,0.01022159579,0.01038135224,0.0001041070355,7.928508966e-06,0.0001518279372,0.01743792606,1.563823276,0.7118648653
Size_vol,2021-05,0.009344060978,0.00965457013,0.0001041070355,0.000101829982,0.0002086791697,0.2685912689,1.578435736,1
Size_vol,2021-06,0.016388573,0.01659805822,0.0001041070355,4.742891529e-06,0.0002047423272,0.009503693795,1.604304045,1
Size_vol,2021-07,-0.009134643427,-0.00891009832,0.0001041070355,1.525764884e-05,0.0002092874577,0.03680884658,1.5896493,1
Size_vol,2021-08,-0.004400962712,-0.004188029909,0.0001041070355,5.247158249e-06,0.0002076856446,0.0117529264,1.582653312,1
Size_vol,2021-09,-0.001886721377,-0.001680139762,0.0001041070355,2.517307373e-06,0.000204064307,0.00471720326,1.579667287,1
Size_vol,2021-10,0.001539551543,0.001757887271,0.0001041070355,1.11452867e-05,0.0002071904413,0.02064683036,1.582099266,1
Size_vol,2021-11,-0.001660988048,-0.001442129252,0.0001041070355,1.206605004e-05,0.0002067927462,0.02245549419,1.579471418,1
Size_vol,2021-12,0.0105698357,0.01078237479,0.0001041070355,6.620164397e-06,0.0002059189251,0.01973295455,1.596166171,1
Size_vol,2022-01,0.01429391711,0.01450356805,0.0001041070355,3.177998988e-06,0.0002064729445,0.01302066745,1.618981638,1
Size_vol,2022-02,0.01199426615,0.01221326681,0.0001041070355,1.028479367e-05,0.0002087158622,0.02308140212,1.638400135,1
Size_vol,2022-03,0.04219454286,0.0424074388,0.0001041070355,1.086209679e-05,0.0002020338399,0.01696207457,1.70753168,1
Size_vol,2022-04,0.01409266758,0.0144065522,0.0003119641739,0.0001174078622,0.0001964767607,0.5405906287,1.731595356,1
Size_vol,2022-05,0.002570001271,0.002788566962,0.0003119641739,3.425403585e-05,0.0001843116553,0.07215869709,1.736045558,0.871519335
Size_vol,2022-06,-0.001435955893,-0.001166939676,0.0007262586484,9.455832822e-05,0.0001744578881,0.4463939022,1.733552673,0.876624494
Size_vol,2022-07,0.007102342181,0.007301321709,0.00134418443,1.817179168e-05,0.000180807736,0.03115935411,1.745864958,0.8676788071
Size_vol,2022-08,0.01301014004,0.01319048719,0.001957943956,4.874281595e-06,0.0001754728733,0.01165184745,1.768578905,0.8661271863
Size_vol,2022-09,-0.001345449035,-0.001132483888,0.001957943956,2.707009671e-05,0.0001858950502,0.08031945646,1.766199372,0.9228567827
Size_vol,2022-10,0.01280560314,0.01303190524,0.002567595531,2.741664602e-05,0.0001988854536,0.06907429688,1.788816621,0.9594629612
Size_vol,2022-11,-0.01854046917,-0.01832213734,0.002567595531,1.203574253e-05,0.0002062960833,0.02435847684,1.755651121,0.9360103921
Size_vol,2022-12,-0.01311631655,-0.01289948032,0.003173196228,1.086965687e-05,0.0002059665703,0.03838674025,1.732623445,0.9495405879
Size_vol,2023-01,0.008409690698,0.008659394595,0.003574707178,9.009917291e-05,0.0001596047239,0.2301491614,1.747194273,0.7559242779
Size_vol,2023-02,0.01224619358,0.01242043115,0.003574707178,3.671126497e-05,0.0001375263078,0.08264010044,1.768590752,0.6827376728
Size_vol,2023-03,0.00178739922,0.001946309058,0.003774801921,1.091373865e-05,0.0001479960989,0.03128119656,1.77175193,0.6927021718
Size_vol,2023-04,0.009283852701,0.009435289321,0.003974458863,7.844255371e-06,0.000143592364,0.01493662679,1.788200614,0.6930780153
Size_vol,2023-05,0.01524567444,0.01555353296,0.003974458863,0.0001104907745,0.0001973677447,0.2839134698,1.815462938,0.9730740864
Size_vol,2023-06,0.03021425863,0.03044108314,0.004173680002,2.033590332e-05,0.0002064886032,0.05433453776,1.870315805,1
Size_vol,2023-07,0.007290338425,0.007512976729,0.004173680002,1.495474363e-05,0.0002076835608,0.02979620376,1.88395104,0.9813362826
Size_vol,2023-08,0.004823326018,0.005143705588,0.004372467323,0.0001471389106,0.0001732406594,0.5703061991,1.89303795,0.848123767
Size_vol,2023-09,0.0132582435,0.01352370222,0.004372467323,9.268538058e-05,0.0001727733393,0.4382251622,1.918136308,0.8497135114
Size_vol,2023-10,0.004448827929,0.0047299812,0.004372467323,0.0001011362887,0.0001800169829,0.4639158948,1.926669766,0.8680032547
Size_vol,2023-11,0.009463974764,0.009650727504,0.004372467323,1.540021298e-06,0.0001852127184,0.005529513236,1.94490372,0.8660368258
Size_vol,2023-12,-0.0001781571571,1.403691498e-05,0.004372467323,5.029677597e-06,0.0001871643945,0.01224190106,1.944557222,0.87511137
Size_vol,2024-01,0.01620461845,0.0164474571,0.004372467323,4.098289714e-05,0.000201855753,0.1043700983,1.97606803,1
Size_vol,2024-02,0.008257332403,0.008476237886,0.004372467323,1.228174993e-05,0.0002066237332,0.03309594644,1.99238508,1
Size_vol,2024-03,0.008573004199,0.008783716296,0.004372467323,3.252967512e-06,0.0002074591294,0.01064107929,2.009465806,1
Size_vol,2024-04,0.009633476752,0.009838519767,0.004372467323,1.45995725e-06,0.0002035830577,0.006668234857,2.028823948,1
Size_vol,2024-05,0.003487112282,0.003706838702,0.004372467323,1.018006434e-05,0.0002095463563,0.02507471928,2.035898685,1
Size_vol,2024-06,7.962897687e-05,0.0002881684413,0.004372467323,3.876841165e-06,0.0002046626233,0.01011495871,2.036060802,1
Size_vol,2024-07,-0.009745465691,-0.009393596246,0.004372467323,0.0001374951914,0.0002143742536,0.5149379029,2.016218441,1
Size_vol,2024-08,-0.0005626606813,-0.0002169403477,0.004372467323,0.0001313648428,0.0002143554908,0.5283744226,2.015083994,1
Size_vol,2024-09,0.0130006473,0.01321958378,0.004372467323,7.653251344e-06,0.0002112832253,0.02650155912,2.04128139,1
Size_vol,2024-10,0.01341956797,0.0137490605,0.003974458863,0.0001338267462,0.0001956657847,0.5115039974,2.068674505,1
Size_vol,2024-11,-0.0106834318,-0.0103339724,0.003974458863,0.0001423704952,0.0002070889057,0.5294123189,2.046573962,1
Size_vol,2024-12,0.0139436599,0.01415774191,0.003774801921,1.193850834e-05,0.0002021435004,0.0226160046,2.075110693,1
Size_vol,2025-01,0.01592976333,0.01627185571,0.003574707178,0.0001324751691,0.0002096172073,0.5177717031,2.108166715,1
Size_vol,2025-02,-0.003639101622,-0.003409673418,0.003574707178,1.538747152e-05,0.0002140407327,0.02231992041,2.100494882,1
Size_vol,2025-03,-0.004676382289,-0.00445072222,0.003574707178,8.968111897e-06,0.000216691957,0.02540452371,2.090672165,1
Size_vol,2025-04,0.0006996806276,0.0009312550802,0.003574707178,1.444243956e-05,0.000217132013,0.03814492431,2.092134968,1
Size_vol,2025-05,0.005601795632,0.005827380937,0.003574707178,1.71172156e-05,0.0002084680891,0.04003420132,2.103854681,1
Size_vol,2025-06,0.01177137091,0.01211036703,0.003574707178,0.0001276148672,0.0002113812525,0.5065074688,2.128619934,1
Size_vol,2025-07,0.009129264273,0.009342106131,0.003574707178,1.077301882e-05,0.0002020688394,0.02017229483,2.148052668,1
Size_vol,2025-08,0.009066800751,0.009287986332,0.003574707178,9.117067775e-06,0.0002120685128,0.03214050617,2.167528634,1
Size_vol,2025-09,0.01101293596,0.01123094137,0.003574707178,9.420472451e-06,0.000208584938,0.01547826426,2.191399488,1
Size_vol,2025-10,0.01114918132,0.01135821925,0.003374172623,6.543143214e-06,0.0002024947832,0.01164373602,2.215831798,1
Size_vol,2025-11,0.01311943017,0.01333479607,0.003173196228,8.219457199e-06,0.0002071464443,0.02985432609,2.244902249,1
Size_vol,2025-12,-0.002115108378,-0.001776629335,0.003173196228,0.0001274075666,0.0002110714768,0.5056041606,2.240154037,1
Size_vol,2026-01,0.008687994571,0.008909371093,0.002971775953,6.735802453e-06,0.0002146407204,0.01768403767,2.259616483,1
Size_vol,2026-02,0.01275449603,0.01297616221,0.002971775953,1.701921475e-05,0.0002046469646,0.02834070422,2.288436753,1
Size_vol,2026-03,0.01660232056,0.01681125818,0.002971775953,8.196750349e-06,0.0002007408745,0.02504830056,2.326430113,1
Size_vol,2026-04,0.01207713985,0.01230283767,0.002971775953,1.270950943e-05,0.0002129883109,0.03760051174,2.354526735,1
Size_vol,2026-05,0.004672823461,0.004893761621,0.002971775953,1.408592325e-05,0.0002068522368,0.02040114864,2.365529023,1
Size_vol,2026-06,0.01288280923,0.01308691096,0.002971775953,2.991642068e-06,0.0002011100897,0.008796831456,2.396003682,1
Size_vol,2026-07,0.007614296348,0.007840075789,0.002971775953,1.41508832e-05,0.0002116285583,0.03599220522,2.414247564,1
Size_vol,2026-08,0.001600873352,0.002240972865,0.002971775953,0.0004316069858,0.0002084925266,1.015272466,2.418112469,1
Size_signal_vol,2010-03,0.0001041070355,0.0001041070355,0.0001041070355,0,0,0,1.351947177,0
Size_signal_vol,2010-04,0.0001041070355,0.0001041070355,0.0001041070355,0,0,0,1.352087924,0
Size_signal_vol,2010-05,0.0001041070355,0.0001041070355,0.0001041070355,0,0,0,1.352228686,0
Size_signal_vol,2010-06,0.0001041070355,0.0001041070355,0.0001041070355,0,0,0,1.352369462,0
Size_signal_vol,2010-07,0.0001041070355,0.0001041070355,0.0001041070355,0,0,0,1.352510253,0
Size_signal_vol,2010-08,0.0001041070355,0.0001041070355,0.0001041070355,0,0,0,1.352651059,0
Size_signal_vol,2010-09,0.0001041070355,0.0001041070355,0.0001041070355,0,0,0,1.35279188,0
Size_signal_vol,2010-10,0.0001041070355,0.0001041070355,0.0001041070355,0,0,0,1.352932715,0
Size_signal_vol,2010-11,0.0001041070355,0.0001041070355,0.0001041070355,0,0,0,1.353073565,0
Size_signal_vol,2010-12,0.0001041070355,0.0001041070355,0.0001041070355,0,0,0,1.353214429,0
Size_signal_vol,2011-01,0.0001041070355,0.0001041070355,0.0001041070355,0,0,0,1.353355308,0
Size_signal_vol,2011-02,0.0001041070355,0.0001041070355,0.0001041070355,0,0,0,1.353496202,0
Size_signal_vol,2011-03,0.0001041070355,0.0001041070355,0.0001041070355,0,0,0,1.353637111,0
Size_signal_vol,2011-04,0.0001041070355,0.0001041070355,0.0001041070355,0,0,0,1.353778034,0
Size_signal_vol,2011-05,0.0001041070355,0.0001041070355,0.0001041070355,0,0,0,1.353918972,0
Size_signal_vol,2011-06,0.0001041070355,0.0001041070355,0.0001041070355,0,0,0,1.354059924,0
Size_signal_vol,2011-07,0.0001041070355,0.0001041070355,0.0001041070355,0,0,0,1.354200891,0
Size_signal_vol,2011-08,0.0001041070355,0.0001041070355,0.0001041070355,0,0,0,1.354341873,0
Size_signal_vol,2011-09,0.0001041070355,0.0001041070355,0.0001041070355,0,0,0,1.35448287,0
Size_signal_vol,2011-10,0.0001041070355,0.0001041070355,0.0001041070355,0,0,0,1.354623881,0
Size_signal_vol,2011-11,0.0001041070355,0.0001041070355,0.0001041070355,0,0,0,1.354764907,0
Size_signal_vol,2011-12,0.0001041070355,0.0001041070355,0.0001041070355,0,0,0,1.354905947,0
Size_signal_vol,2012-01,0.01069952484,0.01108251215,0.0001041070355,0.0002556473054,0.0001273400105,0.6015230716,1.369402797,0.6015230716
Size_signal_vol,2012-02,0.01365155466,0.01378622969,0.0001041070355,9.492197187e-06,0.0001251828261,0.01163868601,1.388097274,0.609530085
Size_signal_vol,2012-03,-0.005851993677,-0.00571861877,0.0001041070355,1.302946139e-05,0.0001203454451,0.02741223484,1.379974138,0.5858051777
Size_signal_vol,2012-04,-0.007088454209,-0.006952520592,0.0001041070355,3.388948015e-05,0.0001020441371,0.0887330458,1.370192254,0.4865488094
Size_signal_vol,2012-05,-0.01077841115,-0.01063482306,0.0001041070355,3.073576755e-05,0.0001128523231,0.067618051,1.355423759,0.553886028
Size_signal_vol,2012-06,0.003068982323,0.003191755983,0.0001041070355,8.515475382e-06,0.0001142581842,0.02154340615,1.35958353,0.5470402453
Size_signal_vol,2012-07,0.005421738989,0.00553716627,0.0001041070355,4.151390282e-06,0.0001112758909,0.01393085199,1.366954837,0.5359875961
Size_signal_vol,2012-08,0.001782027911,0.001897828564,0.0001041070355,3.853595622e-06,0.0001119470576,0.01095587967,1.369390789,0.5312778347
Size_signal_vol,2012-09,-0.001168335995,-0.001051753647,0.0001041070355,5.601779635e-06,0.0001109805682,0.01496117974,1.367790881,0.5232391698
Size_signal_vol,2012-10,0.002153361517,0.002264533735,0.0001041070355,3.24510541e-06,0.0001079271132,0.008043648889,1.370736229,0.5241494858
Size_signal_vol,2012-11,-0.0006474775802,-0.0004791876295,0.0001041070355,4.144321102e-05,0.0001268467397,0.100440889,1.369848708,0.6195501785
Size_signal_vol,2012-12,0.01694748149,0.01719353586,0.0001041070355,8.182821891e-05,0.0001642261527,0.189069522,1.393064193,0.7977668814
Size_signal_vol,2013-01,0.02029298736,0.02054331504,0.0001041070355,5.758338376e-05,0.0001927442979,0.145803315,1.421333627,0.9377852112
Size_signal_vol,2013-02,0.004621773642,0.004932676752,0.0001041070355,0.0002290908423,8.18122675e-05,0.5252715635,1.42790271,0.4015601762
Size_signal_vol,2013-03,-6.592461871e-05,0.0001041070355,0.0001041070355,0.0001700316542,0,0.3957120976,1.427808576,0
Size_signal_vol,2013-04,0.0001041070355,0.0001041070355,0.0001041070355,0,0,0,1.427957221,0
Size_signal_vol,2013-05,0.0001041070355,0.0001041070355,0.0001041070355,0,0,0,1.428105881,0
Size_signal_vol,2013-06,0.0001041070355,0.0001041070355,0.0001041070355,0,0,0,1.428254557,0
Size_signal_vol,2013-07,0.0001041070355,0.0001041070355,0.0001041070355,0,0,0,1.428403248,0
Size_signal_vol,2013-08,-0.002481317386,-0.002216502297,0.0001041070355,0.0001778833941,8.693169502e-05,0.4185491626,1.424858927,0.4185491626
Size_signal_vol,2013-09,0.01173954713,0.01209938921,0.0001041070355,0.0001820779688,0.0001777641097,0.4258658967,1.441586125,0.8418623299
Size_signal_vol,2013-10,0.005530794742,0.005794579425,0.0001041070355,5.585424981e-05,0.000207930434,0.1410841342,1.449559242,0.996332333
Size_signal_vol,2013-11,-0.003927149265,-0.003690756503,0.0001041070355,5.875875179e-05,0.0001776340102,0.1274109939,1.443866607,0.8708499471
Size_signal_vol,2013-12,0.005136701478,0.005385622042,0.0001041070355,4.983637709e-05,0.0001990841863,0.1092140858,1.451283318,0.9614343497
Size_signal_vol,2014-01,-0.01084729485,-0.01064300734,0.0001041070355,5.003013747e-06,0.0001992845035,0.01621938902,1.43554082,0.9532879043
Size_signal_vol,2014-02,0.008552442381,0.008901522128,0.0001041070355,0.0001380610082,0.0002110187389,0.5167755224,1.4478182,1
Size_signal_vol,2014-03,0.01430342082,0.01452208894,0.0001041070355,1.201859595e-05,0.0002066495222,0.01576483179,1.468526953,1
Size_signal_vol,2014-04,0.002403238513,0.002620123681,0.0001041070355,7.357352836e-06,0.000209527815,0.01747974204,1.472056174,1
Size_signal_vol,2014-05,0.01070334019,0.01091424397,0.0001041070355,3.481522292e-06,0.0002074222565,0.005850686983,1.487812092,1
Size_signal_vol,2014-06,0.00774767406,0.007961010742,0.0001041070355,4.282954262e-06,0.0002090537281,0.01069565767,1.499339175,1
Size_signal_vol,2014-07,-0.0007560764371,-0.0005468187173,0.0001041070355,4.601913609e-06,0.0002046558062,0.007796498974,1.49820556,1
Size_signal_vol,2014-08,0.01103655365,0.0112490749,0.0001041070355,6.750205906e-06,0.0002057710417,0.01757730293,1.514740586,1
Size_signal_vol,2014-09,-0.001267231133,-0.001066174495,0.0001041070355,3.000241056e-06,0.000198056397,0.01304816922,1.51282106,1
Size_signal_vol,2014-10,0.005327274059,0.005523278988,0.0001041070355,6.016124463e-06,0.000189988805,0.02763528951,1.520880272,0.9230577274
Size_signal_vol,2014-11,0.004302066714,0.004536939813,0.0001041070355,3.250122909e-05,0.0002023718699,0.08756107164,1.5274232,1
Size_signal_vol,2014-12,0.005444725569,0.005777634272,0.0001041070355,0.0001316529683,0.0002012557347,0.4994402677,1.535739601,1
Size_signal_vol,2015-01,0.01360161601,0.01381089056,0.0001041070355,1.495706977e-05,0.000194317482,0.03364162695,1.556628141,1
Size_signal_vol,2015-02,-0.01046286943,-0.01023892525,0.0001041070355,1.689829971e-05,0.0002070458787,0.06634617025,1.540341344,1
Size_signal_vol,2015-03,-0.01159251704,-0.0113747113,0.0001041070355,1.753761715e-05,0.0002002681197,0.0249285426,1.522484911,1
Size_signal_vol,2015-04,0.0224077233,0.0226506345,0.0001041070355,2.616724892e-05,0.0002167439497,0.03917352925,1.556600331,1
Size_signal_vol,2015-05,-0.009583336268,-0.009354641346,0.0001041070355,2.492478777e-05,0.0002037701342,0.03943097311,1.541682907,1
Size_signal_vol,2015-06,-0.005112895111,-0.004886481194,0.0001041070355,1.26278941e-05,0.0002137860233,0.02217486096,1.533800444,1
Size_signal_vol,2015-07,-0.01413023921,-0.01391640124,0.0001041070355,1.230548117e-05,0.0002015324946,0.02623662576,1.512127477,1
Size_signal_vol,2015-08,-0.0289612116,-0.02872981173,0.0001041070355,1.881505555e-05,0.0002125848213,0.03318450164,1.468334433,1
Size_signal_vol,2015-09,-0.02578816594,-0.02556403987,0.0001041070355,1.496605966e-05,0.0002091600174,0.03686972272,1.430468781,1
Size_signal_vol,2015-10,0.01934889386,0.01958008109,0.0001041070355,5.982474902e-05,0.000171362477,0.168498416,1.458146769,0.8354610911
Size_signal_vol,2015-11,0.01234035548,0.01252914969,0.0001041070355,3.705131798e-05,0.0001517428911,0.07465221758,1.476140819,0.7511955905
Size_signal_vol,2015-12,-0.01933517681,-0.01916175306,0.0001041070355,2.829770929e-05,0.0001451260386,0.05534141072,1.447599375,0.6762537802
Size_signal_vol,2016-01,-0.00208569879,-0.001935257493,0.0003119641739,1.637599361e-05,0.0001340653039,0.04346622442,1.444580119,0.6470645384
Size_signal_vol,2016-02,0.01075754531,0.010899572,0.0003119641739,1.69460231e-05,0.0001250806589,0.04113160797,1.460120255,0.6013001166
Size_signal_vol,2016-03,0.009777172863,0.009925434293,0.0003119641739,1.005553914e-05,0.0001382058917,0.0268136786,1.474396103,0.6311246792
Size_signal_vol,2016-04,0.01120932631,0.0113702958,0.0003119641739,3.668397537e-05,0.0001242855116,0.07246340964,1.49092309,0.5938022952
Size_signal_vol,2016-05,0.001004663421,0.001134332155,0.0003119641739,1.278483357e-05,0.000116883901,0.0233103553,1.492420966,0.5773610511
Size_signal_vol,2016-06,0.021887348,0.02201948229,0.0003119641739,1.071624849e-05,0.0001214180461,0.02861333325,1.525086103,0.5897040425
Size_signal_vol,2016-07,-0.0007910888085,-0.0006517918224,0.0003119641739,1.650529038e-05,0.0001227916957,0.02764184795,1.523879625,0.5932532742
Size_signal_vol,2016-08,0.003303851254,0.003442216157,0.0003119641739,2.946550369e-05,0.0001088993989,0.06826139261,1.528914296,0.5204193877
Size_signal_vol,2016-09,0.001608261485,0.001721357561,0.0003119641739,2.336056259e-06,0.0001107600205,0.009259036287,1.53137319,0.533178961
Size_signal_vol,2016-10,0.01178068766,0.01193145543,0.0003119641739,2.916416124e-05,0.0001216036155,0.07061267963,1.549413819,0.6026149093
Size_signal_vol,2016-11,-0.0006867097952,-0.0005005877007,0.0003119641739,4.337100445e-05,0.00014275109,0.113076318,1.548349822,0.7012450921
Size_signal_vol,2016-12,0.008580393774,0.00874555088,0.0003119641739,1.622342223e-05,0.0001489336833,0.02913157012,1.561635273,0.713736723
Size_signal_vol,2017-01,0.006514071482,0.006676086786,0.0005193472934,9.293038263e-06,0.0001527222657,0.0143439928,1.571807877,0.7146238469
Size_signal_vol,2017-02,0.01258034366,0.0128832369,0.0005193472934,0.0001025030958,0.000200390142,0.248054154,1.59158176,0.9822197214
Size_signal_vol,2017-03,-0.01033083023,-0.01010858419,0.0005193472934,1.167553529e-05,0.000210570505,0.03822411006,1.575139399,1
Size_signal_vol,2017-04,-0.01167207037,-0.01145165227,0.0007262586484,1.459660232e-05,0.0002058214918,0.03880371859,1.556754261,0.9713627333
Size_signal_vol,2017-05,-0.008883859273,-0.008663858423,0.0007262586484,2.018934274e-05,0.0001998115075,0.04671592959,1.542924275,0.9401976046
Size_signal_vol,2017-06,-0.001712628731,-0.001495116384,0.0007262586484,3.128604296e-05,0.0001862263034,0.08418526677,1.540281819,0.8736691386
Size_signal_vol,2017-07,0.007760698443,0.007962018975,0.0009327004774,2.284206087e-05,0.0001784784716,0.06341072505,1.552235482,0.8294471575
Size_signal_vol,2017-08,-0.008930485593,-0.008661858329,0.0009327004774,5.788274351e-05,0.00021074452,0.1432451499,1.538373265,1
Size_signal_vol,2017-09,0.01054436019,0.01075526227,0.0009327004774,4.705611395e-06,0.0002061964695,0.01331722562,1.554594427,1
Size_signal_vol,2017-10,-0.002890380659,-0.002680104973,0.0009327004774,5.881947699e-06,0.0002043937388,0.01505205927,1.550101057,1
Size_signal_vol,2017-11,-0.001167146276,-0.0009492301951,0.0009327004774,7.722381146e-06,0.0002101936995,0.02005893996,1.548291862,1
Size_signal_vol,2017-12,-0.002290151889,-0.002075014787,0.0009327004774,3.447240688e-06,0.0002116898611,0.007845373631,1.544746039,1
Size_signal_vol,2018-01,-0.001185294085,-0.0009624685413,0.001138675003,5.553156114e-06,0.0002172723872,0.01837004794,1.542915061,1
Size_signal_vol,2018-02,0.004163344211,0.004384902436,0.001138675003,2.060633505e-05,0.0002009518892,0.04164888964,1.549338747,1
Size_signal_vol,2018-03,-0.005302653288,-0.005080918164,0.001138675003,1.353834573e-05,0.000208196778,0.03655765106,1.541123141,1
Size_signal_vol,2018-04,0.007613926286,0.007820634289,0.00134418443,4.557817286e-06,0.000202150185,0.008858146625,1.552857139,1
Size_signal_vol,2018-05,-0.003942275202,-0.00372182999,0.00134418443,1.639632171e-05,0.0002040488903,0.03094518632,1.546735349,1
Size_signal_vol,2018-06,-0.006222936847,-0.005999891037,0.00134418443,1.727670602e-05,0.0002057691035,0.02514686264,1.537110112,1
Size_signal_vol,2018-07,0.006777004934,0.00699615148,0.001549230951,7.41549034e-06,0.0002117310557,0.01508700176,1.547527115,1
Size_signal_vol,2018-08,-0.01114525787,-0.0109326771,0.001549230951,9.295705144e-06,0.0002032850667,0.01470823448,1.530279526,1
Size_signal_vol,2018-09,0.008758502534,0.008994200861,0.001549230951,2.557882304e-05,0.0002101195041,0.03413606209,1.543682483,1
Size_signal_vol,2018-10,0.03581431729,0.03602768093,0.00175381674,1.057922748e-05,0.0002027844093,0.01724805556,1.598968418,1
Size_signal_vol,2018-11,-0.01385270026,-0.01361982133,0.00175381674,2.296020662e-05,0.0002099187296,0.0539331419,1.576818387,1
Size_signal_vol,2018-12,-0.008549316532,-0.008322747737,0.00175381674,3.395301369e-05,0.0001926157814,0.09146712003,1.563337668,0.9143232445
Size_signal_vol,2019-01,0.02631781589,0.02651508599,0.001957943956,1.07495264e-05,0.0001865205789,0.0245632218,1.604481301,0.8974509996
Size_signal_vol,2019-02,0.00329576264,0.003492912525,0.001957943956,1.790471954e-05,0.0001792451653,0.02723666822,1.60976929,0.8704273882
Size_signal_vol,2019-03,-0.002868169282,-0.002667679074,0.001957943956,4.704935018e-05,0.0001534408577,0.1135622794,1.6051522,0.745285252
Size_signal_vol,2019-04,0.005597272448,0.005760761044,0.001957943956,9.316909457e-06,0.0001541716865,0.01570087793,1.614136674,0.749496426
Size_signal_vol,2019-05,0.0009911864309,0.001149885544,0.001957943956,3.496910845e-06,0.0001552022026,0.01010140563,1.615736584,0.7495879494
Size_signal_vol,2019-06,0.008717394571,0.008877721752,0.001957943956,3.858802064e-06,0.0001564683793,0.009916475844,1.629821597,0.7333072758
Size_signal_vol,2019-07,0.01371414924,0.01387089319,0.001957943956,2.932890878e-06,0.0001538110655,0.008359443223,1.652173214,0.7570469068
Size_signal_vol,2019-08,-0.008099590467,-0.007935363227,0.001957943956,2.171773986e-05,0.0001425095004,0.04306092601,1.638791288,0.6967981109
Size_signal_vol,2019-09,0.004278128492,0.004454207312,0.00175381674,7.603315242e-05,0.0001000456675,0.1960152538,1.645802247,0.4834545657
Size_signal_vol,2019-10,0.003393187669,0.003609927877,0.001549230951,7.603724784e-05,0.0001407029604,0.1802556395,1.651386763,0.660988534
Size_signal_vol,2019-11,-0.006069786162,-0.005894950533,0.00134418443,6.519837656e-05,0.0001096372529,0.1467279001,1.641363199,0.5282051955
Size_signal_vol,2019-12,0.005553605484,0.005682959982,0.00134418443,1.299513521e-05,0.0001163593634,0.02259834162,1.650478682,0.5446224726
Size_signal_vol,2020-01,-0.002776459685,-0.002455167738,0.00134418443,0.0001399085626,0.0001813833838,0.3350323469,1.645896195,0.8946136467
Size_signal_vol,2020-02,-0.007091584328,-0.006884096022,0.00134418443,5.796877585e-05,0.0001495195304,0.1464842094,1.634224183,0.7224957815
Size_signal_vol,2020-03,-0.046588287,-0.04617142143,0.00134418443,0.0002085285456,0.0002083370197,0.6470788828,1.558088478,1
Size_signal_vol,2020-04,-0.003448336909,-0.003210316748,0.0001041070355,2.850401803e-05,0.0002095161426,0.04983744715,1.552715664,1
Size_signal_vol,2020-05,-1.389578968e-05,0.000249687422,0.0001041070355,0.0001172721574,0.0001463110542,0.3097222882,1.552694088,0.6958713905
Size_signal_vol,2020-06,-0.0022387645,-0.002089956391,0.0001041070355,1.945577268e-06,0.0001468625321,0.006347003589,1.549217971,0.7050396558
Size_signal_vol,2020-07,-0.00114215918,-0.0009868824073,0.0001041070355,2.602614718e-06,0.0001526741575,0.005307665227,1.547448518,0.7029511917
Size_signal_vol,2020-08,-0.002953229151,-0.002795930332,0.0001041070355,6.156400938e-06,0.0001511424173,0.01211990111,1.542878548,0.7260943069
Size_signal_vol,2020-09,-0.00939276773,-0.009197852713,0.0001041070355,3.185381347e-05,0.0001630612035,0.06499444658,1.528386648,0.7895587281
Size_signal_vol,2020-10,-0.004196777253,-0.004018554826,0.0001041070355,1.084198011e-05,0.0001673804463,0.01899604845,1.52197235,0.7995388614
Size_signal_vol,2020-11,0.01858653893,0.01877019505,0.0001041070355,1.02260392e-05,0.0001734300816,0.01837725831,1.550260548,0.8208612317
Size_signal_vol,2020-12,0.0009588236555,0.001149696474,0.0001041070355,1.292671203e-05,0.0001779461069,0.02428447126,1.551746974,0.839527388
Size_signal_vol,2021-01,-0.005130174598,-0.004925946329,0.0001041070355,5.816204232e-05,0.0001460662268,0.1436942439,1.543786241,0.7104827788
Size_signal_vol,2021-02,0.004877129706,0.005041282511,0.0001041070355,1.443746685e-05,0.0001497153381,0.02500776194,1.551315487,0.724527912
Size_signal_vol,2021-03,0.006332253244,0.006479842445,0.0001041070355,2.188502302e-06,0.0001454006992,0.006922979235,1.56113881,0.724506578
Size_signal_vol,2021-04,0.01022159579,0.01038135224,0.0001041070355,7.928508966e-06,0.0001518279372,0.01743792606,1.57709614,0.7118648653
Size_signal_vol,2021-05,0.009344060978,0.00965457013,0.0001041070355,0.000101829982,0.0002086791697,0.2685912689,1.591832622,1
Size_signal_vol,2021-06,0.016388573,0.01659805822,0.0001041070355,4.742891529e-06,0.0002047423272,0.009503693795,1.617920487,1
Size_signal_vol,2021-07,-0.009134643427,-0.00891009832,0.0001041070355,1.525764884e-05,0.0002092874577,0.03680884658,1.603141361,1
Size_signal_vol,2021-08,-0.004242886048,-0.004030119303,0.0001041070355,1.2721995e-05,0.00020004475,0.0413021669,1.596339414,0.9632093271
Size_signal_vol,2021-09,-0.001901121375,-0.001680139762,0.0001041070355,1.69173053e-05,0.000204064307,0.04006433166,1.593304579,1
Size_signal_vol,2021-10,0.001539557153,0.001757887271,0.0001041070355,1.113967653e-05,0.0002071904413,0.02063270082,1.595757563,1
Size_signal_vol,2021-11,-0.001660988049,-0.001442129252,0.0001041070355,1.20660511e-05,0.0002067927462,0.02245549406,1.593107029,1
Size_signal_vol,2021-12,0.0105698357,0.01078237479,0.0001041070355,6.620164397e-06,0.0002059189251,0.01973295455,1.609945908,1
Size_signal_vol,2022-01,0.01429391711,0.01450356805,0.0001041070355,3.177998988e-06,0.0002064729445,0.01302066745,1.632958342,1
Size_signal_vol,2022-02,0.01199426615,0.01221326681,0.0001041070355,1.028479367e-05,0.0002087158622,0.02308140212,1.652544479,1
Size_signal_vol,2022-03,0.04219454286,0.0424074388,0.0001041070355,1.086209679e-05,0.0002020338399,0.01696207457,1.722272837,1
Size_signal_vol,2022-04,0.01409266758,0.0144065522,0.0003119641739,0.0001174078622,0.0001964767607,0.5405906287,1.746544256,1
Size_signal_vol,2022-05,0.002570001271,0.002788566962,0.0003119641739,3.425403585e-05,0.0001843116553,0.07215869709,1.751032877,0.871519335
Size_signal_vol,2022-06,-0.001374504079,-0.001102473296,0.0007262586484,0.0001035134611,0.0001685173226,0.4613191236,1.748626075,0.8467740512
Size_signal_vol,2022-07,0.007091123078,0.007301321709,0.00134418443,2.939089496e-05,0.000180807736,0.05969388074,1.761025798,0.8676788071
Size_signal_vol,2022-08,0.01301013709,0.01319048719,0.001957943956,4.87723052e-06,0.0001754728733,0.01165680163,1.783936985,0.8661271863
Size_signal_vol,2022-09,-0.001345449034,-0.001132483888,0.001957943956,2.707009572e-05,0.0001858950502,0.080319454,1.781536789,0.9228567827
Size_signal_vol,2022-10,0.01280560314,0.01303190524,0.002567595531,2.741664602e-05,0.0001988854536,0.06907429688,1.804350442,0.9594629612
Size_signal_vol,2022-11,-0.01854046917,-0.01832213734,0.002567595531,1.203574253e-05,0.0002062960833,0.02435847684,1.770896938,0.9360103921
Size_signal_vol,2022-12,-0.01311631655,-0.01289948032,0.003173196228,1.086965687e-05,0.0002059665703,0.03838674025,1.747669293,0.9495405879
Size_signal_vol,2023-01,0.008409690698,0.008659394595,0.003574707178,9.009917291e-05,0.0001596047239,0.2301491614,1.762366651,0.7559242779
Size_signal_vol,2023-02,0.01224619358,0.01242043115,0.003574707178,3.671126497e-05,0.0001375263078,0.08264010044,1.783948934,0.6827376728
Size_signal_vol,2023-03,0.00178739922,0.001946309058,0.003774801921,1.091373865e-05,0.0001479960989,0.03128119656,1.787137563,0.6927021718
Size_signal_vol,2023-04,0.009283852701,0.009435289321,0.003974458863,7.844255371e-06,0.000143592364,0.01493662679,1.803729085,0.6930780153
Size_signal_vol,2023-05,0.01524567444,0.01555353296,0.003974458863,0.0001104907745,0.0001973677447,0.2839134698,1.831228152,0.9730740864
Size_signal_vol,2023-06,0.03021425863,0.03044108314,0.004173680002,2.033590332e-05,0.0002064886032,0.05433453776,1.886557353,1
Size_signal_vol,2023-07,0.007290338425,0.007512976729,0.004173680002,1.495474363e-05,0.0002076835608,0.02979620376,1.900310994,0.9813362826
Size_signal_vol,2023-08,0.004823326018,0.005143705588,0.004372467323,0.0001471389106,0.0001732406594,0.5703061991,1.909476814,0.848123767
Size_signal_vol,2023-09,0.0132582435,0.01352370222,0.004372467323,9.268538058e-05,0.0001727733393,0.4382251622,1.934793122,0.8497135114
Size_signal_vol,2023-10,0.004448827929,0.0047299812,0.004372467323,0.0001011362887,0.0001800169829,0.4639158948,1.943400684,0.8680032547
Size_signal_vol,2023-11,0.009463974764,0.009650727504,0.004372467323,1.540021298e-06,0.0001852127184,0.005529513236,1.961792979,0.8660368258
Size_signal_vol,2023-12,-0.0001781571571,1.403691498e-05,0.004372467323,5.029677597e-06,0.0001871643945,0.01224190106,1.961443471,0.87511137
Size_signal_vol,2024-01,0.01620461845,0.0164474571,0.004372467323,4.098289714e-05,0.000201855753,0.1043700983,1.993227915,1
Size_signal_vol,2024-02,0.008257332403,0.008476237886,0.004372467323,1.228174993e-05,0.0002066237332,0.03309594644,2.00968666,1
Size_signal_vol,2024-03,0.008573004199,0.008783716296,0.004372467323,3.252967512e-06,0.0002074591294,0.01064107929,2.026915712,1
Size_signal_vol,2024-04,0.009003237857,0.009227323658,0.004372467323,4.32667347e-05,0.0001808190659,0.105148495,2.045164516,0.8881832701
Size_signal_vol,2024-05,0.003652865973,0.003849751081,0.004372467323,3.232895668e-05,0.0001645561512,0.08115606092,2.052635228,0.7852971252
Size_signal_vol,2024-06,0.001210750518,0.001380807125,0.004372467323,2.014568192e-05,0.0001499109252,0.05531716206,2.055120457,0.7324782745
Size_signal_vol,2024-07,0.0001048085847,0.0003699390465,0.004372467323,0.0002028004422,6.233001958e-05,0.5715418387,2.055335852,0.2907532902
Size_signal_vol,2024-08,-0.0002616556091,0.0002144974891,0.004372467323,0.0002819485889,0.0001942045093,0.7546604801,2.054798062,0.9059926971
Size_signal_vol,2024-09,0.01297752022,0.01321958378,0.004372467323,3.078033088e-05,0.0002112832253,0.07027709269,2.081464245,1
Size_signal_vol,2024-10,0.01091291807,0.01126260094,0.003974458863,0.0002037904784,0.0001458923947,0.6387169062,2.104179094,0.7456203694
Size_signal_vol,2024-11,-0.01074849119,-0.0103339724,0.003974458863,0.0002074298795,0.0002070889057,0.6482502013,2.081562343,1
Size_signal_vol,2024-12,0.01394367884,0.01415774191,0.003774801921,1.191956361e-05,0.0002021435004,0.02258460883,2.11058698,1
Size_signal_vol,2025-01,0.01592976333,0.01627185571,0.003574707178,0.0001324751746,0.0002096172073,0.5177717121,2.144208131,1
Size_signal_vol,2025-02,-0.003639101622,-0.003409673418,0.003574707178,1.538747152e-05,0.0002140407327,0.0223199204,2.13640514,1
Size_signal_vol,2025-03,-0.004676382289,-0.00445072222,0.003574707178,8.968111897e-06,0.000216691957,0.02540452371,2.126414493,1
Size_signal_vol,2025-04,0.0006996806276,0.0009312550802,0.003574707178,1.444243956e-05,0.000217132013,0.03814492431,2.127902304,1
Size_signal_vol,2025-05,0.005601795632,0.005827380937,0.003574707178,1.71172156e-05,0.0002084680891,0.04003420132,2.139822378,1
Size_signal_vol,2025-06,0.01177137091,0.01211036703,0.003574707178,0.0001276148672,0.0002113812525,0.5065074688,2.16501102,1
Size_signal_vol,2025-07,0.009129264273,0.009342106131,0.003574707178,1.077301882e-05,0.0002020688394,0.02017229483,2.184775978,1
Size_signal_vol,2025-08,0.009066800751,0.009287986332,0.003574707178,9.117067775e-06,0.0002120685128,0.03214050617,2.204584907,1
Size_signal_vol,2025-09,0.01101293596,0.01123094137,0.003574707178,9.420472451e-06,0.000208584938,0.01547826426,2.228863859,1
Size_signal_vol,2025-10,0.01114918132,0.01135821925,0.003374172623,6.543143214e-06,0.0002024947832,0.01164373602,2.253713866,1
Size_signal_vol,2025-11,0.01311943017,0.01333479607,0.003173196228,8.219457199e-06,0.0002071464443,0.02985432609,2.283281308,1
Size_signal_vol,2025-12,-0.002115108378,-0.001776629335,0.003173196228,0.0001274075666,0.0002110714768,0.5056041606,2.278451921,1
Size_signal_vol,2026-01,0.008687994571,0.008909371093,0.002971775953,6.735802453e-06,0.0002146407204,0.01768403767,2.298247099,1
Size_signal_vol,2026-02,0.01275449603,0.01297616221,0.002971775953,1.701921475e-05,0.0002046469646,0.02834070422,2.327560082,1
Size_signal_vol,2026-03,0.01660232056,0.01681125818,0.002971775953,8.196750349e-06,0.0002007408745,0.02504830056,2.366202981,1
Size_signal_vol,2026-04,0.01207713985,0.01230283767,0.002971775953,1.270950943e-05,0.0002129883109,0.03760051174,2.394779945,1
Size_signal_vol,2026-05,0.004672823461,0.004893761621,0.002971775953,1.408592325e-05,0.0002068522368,0.02040114864,2.405970329,1
Size_signal_vol,2026-06,0.0122392556,0.01245143966,0.002971775953,2.370847613e-05,0.0001884755881,0.05402697607,2.435417615,0.9371761925
Size_signal_vol,2026-07,0.007261781434,0.007463939806,0.002971775953,6.880720268e-06,0.0001952776517,0.01871817228,2.453103085,0.9227377123
Size_signal_vol,2026-08,0.001864908684,0.002420824599,0.002971775953,0.0003987337107,0.0001571822037,0.9369614792,2.457677898,0.7538985031
Agree_all,2010-03,0.0001041070355,0.0001041070355,0.0001041070355,0,0,0,1.351947177,0
Agree_all,2010-04,0.0001041070355,0.0001041070355,0.0001041070355,0,0,0,1.352087924,0
Agree_all,2010-05,0.0001041070355,0.0001041070355,0.0001041070355,0,0,0,1.352228686,0
Agree_all,2010-06,0.0001041070355,0.0001041070355,0.0001041070355,0,0,0,1.352369462,0
Agree_all,2010-07,0.0001041070355,0.0001041070355,0.0001041070355,0,0,0,1.352510253,0
Agree_all,2010-08,0.0001041070355,0.0001041070355,0.0001041070355,0,0,0,1.352651059,0
Agree_all,2010-09,0.0001041070355,0.0001041070355,0.0001041070355,0,0,0,1.35279188,0
Agree_all,2010-10,0.0001041070355,0.0001041070355,0.0001041070355,0,0,0,1.352932715,0
Agree_all,2010-11,0.0001041070355,0.0001041070355,0.0001041070355,0,0,0,1.353073565,0
Agree_all,2010-12,0.0001041070355,0.0001041070355,0.0001041070355,0,0,0,1.353214429,0
Agree_all,2011-01,0.0001041070355,0.0001041070355,0.0001041070355,0,0,0,1.353355308,0
Agree_all,2011-02,0.0001041070355,0.0001041070355,0.0001041070355,0,0,0,1.353496202,0
Agree_all,2011-03,0.0001041070355,0.0001041070355,0.0001041070355,0,0,0,1.353637111,0
Agree_all,2011-04,0.0001041070355,0.0001041070355,0.0001041070355,0,0,0,1.353778034,0
Agree_all,2011-05,0.0001041070355,0.0001041070355,0.0001041070355,0,0,0,1.353918972,0
Agree_all,2011-06,0.0001041070355,0.0001041070355,0.0001041070355,0,0,0,1.354059924,0
Agree_all,2011-07,0.0001041070355,0.0001041070355,0.0001041070355,0,0,0,1.354200891,0
Agree_all,2011-08,0.0001041070355,0.0001041070355,0.0001041070355,0,0,0,1.354341873,0
Agree_all,2011-09,0.0001041070355,0.0001041070355,0.0001041070355,0,0,0,1.35448287,0
Agree_all,2011-10,0.0001041070355,0.0001041070355,0.0001041070355,0,0,0,1.354623881,0
Agree_all,2011-11,0.0001041070355,0.0001041070355,0.0001041070355,0,0,0,1.354764907,0
Agree_all,2011-12,0.0001041070355,0.0001041070355,0.0001041070355,0,0,0,1.354905947,0
Agree_all,2012-01,0.0001041070355,0.0001041070355,0.0001041070355,0,0,0,1.355047003,0
Agree_all,2012-02,0.0001041070355,0.0001041070355,0.0001041070355,0,0,0,1.355188072,0
Agree_all,2012-03,0.0001041070355,0.0001041070355,0.0001041070355,0,0,0,1.355329157,0
Agree_all,2012-04,0.0001041070355,0.0001041070355,0.0001041070355,0,0,0,1.355470256,0
Agree_all,2012-05,0.0001041070355,0.0001041070355,0.0001041070355,0,0,0,1.35561137,0
Agree_all,2012-06,0.0001041070355,0.0001041070355,0.0001041070355,0,0,0,1.355752499,0
Agree_all,2012-07,0.0001041070355,0.0001041070355,0.0001041070355,0,0,0,1.355893642,0
Agree_all,2012-08,0.0001041070355,0.0001041070355,0.0001041070355,0,0,0,1.3560348,0
Agree_all,2012-09,0.0001041070355,0.0001041070355,0.0001041070355,0,0,0,1.356175973,0
Agree_all,2012-10,0.0001041070355,0.0001041070355,0.0001041070355,0,0,0,1.356317161,0
Agree_all,2012-11,0.0001041070355,0.0001041070355,0.0001041070355,0,0,0,1.356458363,0
Agree_all,2012-12,0.0001041070355,0.0001041070355,0.0001041070355,0,0,0,1.35659958,0
Agree_all,2013-01,0.0001041070355,0.0001041070355,0.0001041070355,0,0,0,1.356740811,0
Agree_all,2013-02,0.0001041070355,0.0001041070355,0.0001041070355,0,0,0,1.356882058,0
Agree_all,2013-03,0.0001041070355,0.0001041070355,0.0001041070355,0,0,0,1.357023318,0
Agree_all,2013-04,0.0001041070355,0.0001041070355,0.0001041070355,0,0,0,1.357164594,0
Agree_all,2013-05,0.0001041070355,0.0001041070355,0.0001041070355,0,0,0,1.357305885,0
Agree_all,2013-06,0.0001041070355,0.0001041070355,0.0001041070355,0,0,0,1.35744719,0
Agree_all,2013-07,0.0001041070355,0.0001041070355,0.0001041070355,0,0,0,1.357588509,0
Agree_all,2013-08,0.0001041070355,0.0001041070355,0.0001041070355,0,0,0,1.357729844,0
Agree_all,2013-09,0.0001041070355,0.0001041070355,0.0001041070355,0,0,0,1.357871193,0
Agree_all,2013-10,0.0001041070355,0.0001041070355,0.0001041070355,0,0,0,1.358012557,0
Agree_all,2013-11,0.0001041070355,0.0001041070355,0.0001041070355,0,0,0,1.358153936,0
Agree_all,2013-12,0.0001041070355,0.0001041070355,0.0001041070355,0,0,0,1.358295329,0
Agree_all,2014-01,0.0001041070355,0.0001041070355,0.0001041070355,0,0,0,1.358436737,0
Agree_all,2014-02,0.0001041070355,0.0001041070355,0.0001041070355,0,0,0,1.35857816,0
Agree_all,2014-03,0.0001041070355,0.0001041070355,0.0001041070355,0,0,0,1.358719598,0
Agree_all,2014-04,0.0001041070355,0.0001041070355,0.0001041070355,0,0,0,1.35886105,0
Agree_all,2014-05,0.0001041070355,0.0001041070355,0.0001041070355,0,0,0,1.359002517,0
Agree_all,2014-06,0.0001041070355,0.0001041070355,0.0001041070355,0,0,0,1.359143999,0
Agree_all,2014-07,0.0001041070355,0.0001041070355,0.0001041070355,0,0,0,1.359285495,0
Agree_all,2014-08,0.0001041070355,0.0001041070355,0.0001041070355,0,0,0,1.359427006,0
Agree_all,2014-09,0.0001041070355,0.0001041070355,0.0001041070355,0,0,0,1.359568532,0
Agree_all,2014-10,0.0001041070355,0.0001041070355,0.0001041070355,0,0,0,1.359710073,0
Agree_all,2014-11,0.0001041070355,0.0001041070355,0.0001041070355,0,0,0,1.359851628,0
Agree_all,2014-12,0.0001041070355,0.0001041070355,0.0001041070355,0,0,0,1.359993198,0
Agree_all,2015-01,0.0001041070355,0.0001041070355,0.0001041070355,0,0,0,1.360134783,0
Agree_all,2015-02,0.0001041070355,0.0001041070355,0.0001041070355,0,0,0,1.360276383,0
Agree_all,2015-03,0.0001041070355,0.0001041070355,0.0001041070355,0,0,0,1.360417997,0
Agree_all,2015-04,0.0001041070355,0.0001041070355,0.0001041070355,0,0,0,1.360559626,0
Agree_all,2015-05,0.0001041070355,0.0001041070355,0.0001041070355,0,0,0,1.36070127,0
Agree_all,2015-06,0.0001041070355,0.0001041070355,0.0001041070355,0,0,0,1.360842929,0
Agree_all,2015-07,0.0001041070355,0.0001041070355,0.0001041070355,0,0,0,1.360984602,0
Agree_all,2015-08,0.0001041070355,0.0001041070355,0.0001041070355,0,0,0,1.36112629,0
Agree_all,2015-09,0.0001041070355,0.0001041070355,0.0001041070355,0,0,0,1.361267993,0
Agree_all,2015-10,0.0001041070355,0.0001041070355,0.0001041070355,0,0,0,1.36140971,0
Agree_all,2015-11,0.0160174614,0.01664446324,0.0001041070355,0.000425,0.0002020018395,1,1.383216038,1
Agree_all,2015-12,-0.02860732313,-0.02838499078,0.0001041070355,7.72942376e-06,0.000214602924,0.03109617547,1.34364593,1
Agree_all,2016-01,-0.0001230199977,0.0003119641739,0.0003119641739,0.0004349841717,0,1.030858597,1.343480634,0
Agree_all,2016-02,0.01728680641,0.01791982343,0.0003119641739,0.000425,0.0002080170208,1,1.366705124,1
Agree_all,2016-03,0.01531904338,0.0155442478,0.0003119641739,6.220924505e-06,0.0002189835008,0.01730864801,1.387641739,1
Agree_all,2016-04,0.01869508593,0.01893488246,0.0003119641739,3.049200007e-05,0.0002093045321,0.04991783466,1.413583821,1
Agree_all,2016-05,-0.0001196040436,0.0003119641739,0.0003119641739,0.0004315682175,0,1.004134623,1.41341475,0
Agree_all,2016-06,0.0003119641739,0.0003119641739,0.0003119641739,0,0,0,1.413855685,0
Agree_all,2016-07,0.0003119641739,0.0003119641739,0.0003119641739,0,0,0,1.414296757,0
Agree_all,2016-08,0.0003119641739,0.0003119641739,0.0003119641739,0,0,0,1.414737967,0
Agree_all,2016-09,0.0003119641739,0.0003119641739,0.0003119641739,0,0,0,1.415179315,0
Agree_all,2016-10,0.0003119641739,0.0003119641739,0.0003119641739,0,0,0,1.4156208,0
Agree_all,2016-11,0.0003119641739,0.0003119641739,0.0003119641739,0,0,0,1.416062423,0
Agree_all,2016-12,0.0003119641739,0.0003119641739,0.0003119641739,0,0,0,1.416504184,0
Agree_all,2017-01,0.0005193472934,0.0005193472934,0.0005193472934,0,0,0,1.417239842,0
Agree_all,2017-02,0.0005193472934,0.0005193472934,0.0005193472934,0,0,0,1.417975881,0
Agree_all,2017-03,0.0005193472934,0.0005193472934,0.0005193472934,0,0,0,1.418712303,0
Agree_all,2017-04,0.0007262586484,0.0007262586484,0.0007262586484,0,0,0,1.419742655,0
Agree_all,2017-05,0.0007262586484,0.0007262586484,0.0007262586484,0,0,0,1.420773756,0
Agree_all,2017-06,0.0007262586484,0.0007262586484,0.0007262586484,0,0,0,1.421805605,0
Agree_all,2017-07,0.0009327004774,0.0009327004774,0.0009327004774,0,0,0,1.423131724,0
Agree_all,2017-08,0.0009327004774,0.0009327004774,0.0009327004774,0,0,0,1.424459079,0
Agree_all,2017-09,0.0009327004774,0.0009327004774,0.0009327004774,0,0,0,1.425787673,0
Agree_all,2017-10,0.0009327004774,0.0009327004774,0.0009327004774,0,0,0,1.427117506,0
Agree_all,2017-11,0.0009327004774,0.0009327004774,0.0009327004774,0,0,0,1.428448579,0
Agree_all,2017-12,0.0009327004774,0.0009327004774,0.0009327004774,0,0,0,1.429780894,0
Agree_all,2018-01,0.001138675003,0.001138675003,0.001138675003,0,0,0,1.431408949,0
Agree_all,2018-02,0.001138675003,0.001138675003,0.001138675003,0,0,0,1.433038859,0
Agree_all,2018-03,0.001138675003,0.001138675003,0.001138675003,0,0,0,1.434670624,0
Agree_all,2018-04,0.00134418443,0.00134418443,0.00134418443,0,0,0,1.436599086,0
Agree_all,2018-05,0.00134418443,0.00134418443,0.00134418443,0,0,0,1.438530141,0
Agree_all,2018-06,0.00134418443,0.00134418443,0.00134418443,0,0,0,1.44046379,0
Agree_all,2018-07,0.001549230951,0.001549230951,0.001549230951,0,0,0,1.442695401,0
Agree_all,2018-08,0.001549230951,0.001549230951,0.001549230951,0,0,0,1.44493047,0
Agree_all,2018-09,0.001549230951,0.001549230951,0.001549230951,0,0,0,1.447169001,0
Agree_all,2018-10,0.00175381674,0.00175381674,0.00175381674,0,0,0,1.44970707,0
Agree_all,2018-11,0.00175381674,0.00175381674,0.00175381674,0,0,0,1.452249591,0
Agree_all,2018-12,0.00175381674,0.00175381674,0.00175381674,0,0,0,1.45479657,0
Agree_all,2019-01,0.001957943956,0.001957943956,0.001957943956,0,0,0,1.45764498,0
Agree_all,2019-02,0.001957943956,0.001957943956,0.001957943956,0,0,0,1.460498968,0
Agree_all,2019-03,0.001957943956,0.001957943956,0.001957943956,0,0,0,1.463358543,0
Agree_all,2019-04,0.001957943956,0.001957943956,0.001957943956,0,0,0,1.466223717,0
Agree_all,2019-05,0.001957943956,0.001957943956,0.001957943956,0,0,0,1.469094501,0
Agree_all,2019-06,0.001957943956,0.001957943956,0.001957943956,0,0,0,1.471970905,0
Agree_all,2019-07,0.001957943956,0.001957943956,0.001957943956,0,0,0,1.474852942,0
Agree_all,2019-08,0.001957943956,0.001957943956,0.001957943956,0,0,0,1.477740621,0
Agree_all,2019-09,0.00175381674,0.00175381674,0.00175381674,0,0,0,1.480332307,0
Agree_all,2019-10,0.001549230951,0.001549230951,0.001549230951,0,0,0,1.482625684,0
Agree_all,2019-11,0.00134418443,0.00134418443,0.00134418443,0,0,0,1.484618606,0
Agree_all,2019-12,0.00134418443,0.00134418443,0.00134418443,0,0,0,1.486614208,0
Agree_all,2020-01,0.00134418443,0.00134418443,0.00134418443,0,0,0,1.488612491,0
Agree_all,2020-02,0.00134418443,0.00134418443,0.00134418443,0,0,0,1.490613461,0
Agree_all,2020-03,0.00134418443,0.00134418443,0.00134418443,0,0,0,1.49261712,0
Agree_all,2020-04,-0.00381983289,-0.003210316748,0.0001041070355,0.0004,0.0002095161426,1,1.486915572,1
Agree_all,2020-05,9.333387916e-05,0.0003133129154,0.0001041070355,9.723152379e-06,0.0002102558838,0.02148832024,1.487054352,1
Agree_all,2020-06,-0.003220190368,-0.003007864622,0.0001041070355,4.021814701e-06,0.0002083039314,0.01190044316,1.482265754,1
Agree_all,2020-07,-0.001669187492,-0.001447906043,0.0001041070355,4.091181824e-06,0.0002171902678,0.007535591922,1.479791574,1
Agree_all,2020-08,-0.0041185704,-0.003889915973,0.0001041070355,2.049631913e-05,0.0002081581082,0.04245127879,1.473696949,1
Agree_all,2020-09,-0.0118963707,-0.01167710621,0.0001041070355,1.274254226e-05,0.000206521944,0.0224004393,1.456165303,1
Agree_all,2020-10,-0.00527062858,-0.005052192503,0.0001041070355,9.089847853e-06,0.0002093462299,0.01594274021,1.448490397,1
Agree_all,2020-11,0.02262754465,0.02284374596,0.0001041070355,4.923108924e-06,0.0002112781977,0.01138320217,1.481266178,1
Agree_all,2020-12,0.001119515456,0.001349557099,0.0001041070355,1.808178448e-05,0.0002119598592,0.02275030839,1.482924479,1
Agree_all,2021-01,-0.007188978067,-0.006975661137,0.0001041070355,7.729642382e-06,0.0002055872869,0.01728654611,1.472263767,1
Agree_all,2021-02,0.006699831322,0.006918441437,0.0001041070355,1.197164699e-05,0.0002066384685,0.01519872298,1.482127686,1
Agree_all,2021-03,0.008699957652,0.008904214037,0.0001041070355,3.567110677e-06,0.000200689274,0.01045784003,1.495022134,1
Agree_all,2021-04,0.01431053518,0.01454118029,0.0001041070355,1.736314608e-05,0.0002132819648,0.03648470451,1.516416701,1
Agree_all,2021-05,0.009428721868,0.00965457013,0.0001041070355,1.716909281e-05,0.0002086791697,0.0233125346,1.530714572,1
Agree_all,2021-06,0.0163885985,0.01659805822,0.0001041070355,4.717391488e-06,0.0002047423272,0.009461255548,1.555800839,1
Agree_all,2021-07,-0.009134643424,-0.00891009832,0.0001041070355,1.525764595e-05,0.0002092874577,0.0368088582,1.541589153,1
Agree_all,2021-08,-0.004400962712,-0.004188029909,0.0001041070355,5.247158249e-06,0.0002076856446,0.0117529264,1.534804676,1
Agree_all,2021-09,-0.001886721377,-0.001680139762,0.0001041070355,2.517307373e-06,0.000204064307,0.00471720326,1.531908928,1
Agree_all,2021-10,0.001539551543,0.001757887271,0.0001041070355,1.11452867e-05,0.0002071904413,0.02064683036,1.53426738,1
Agree_all,2021-11,-0.001660988048,-0.001442129252,0.0001041070355,1.206605004e-05,0.0002067927462,0.02245549419,1.531718981,1
Agree_all,2021-12,0.0105698357,0.01078237479,0.0001041070355,6.620164397e-06,0.0002059189251,0.01973295455,1.547908999,1
Agree_all,2022-01,0.01429391711,0.01450356805,0.0001041070355,3.177998988e-06,0.0002064729445,0.01302066745,1.570034681,1
Agree_all,2022-02,0.01199426615,0.01221326681,0.0001041070355,1.028479367e-05,0.0002087158622,0.02308140212,1.588866095,1
Agree_all,2022-03,-0.0003037050724,0.0001041070355,0.0001041070355,0.0004078121079,0,1.00171213,1.588383549,0
Agree_all,2022-04,0.0003119641739,0.0003119641739,0.0003119641739,0,0,0,1.588879067,0
Agree_all,2022-05,0.0003119641739,0.0003119641739,0.0003119641739,0,0,0,1.589374741,0
Agree_all,2022-06,0.0007262586484,0.0007262586484,0.0007262586484,0,0,0,1.590529038,0
Agree_all,2022-07,0.00134418443,0.00134418443,0.00134418443,0,0,0,1.592667002,0
Agree_all,2022-08,0.001957943956,0.001957943956,0.001957943956,0,0,0,1.595785355,0
Agree_all,2022-09,0.001957943956,0.001957943956,0.001957943956,0,0,0,1.598909813,0
Agree_all,2022-10,0.002567595531,0.002567595531,0.002567595531,0,0,0,1.603015167,0
Agree_all,2022-11,0.002567595531,0.002567595531,0.002567595531,0,0,0,1.607131062,0
Agree_all,2022-12,0.003173196228,0.003173196228,0.003173196228,0,0,0,1.612230804,0
Agree_all,2023-01,0.003574707178,0.003574707178,0.003574707178,0,0,0,1.617994057,0
Agree_all,2023-02,0.003574707178,0.003574707178,0.003574707178,0,0,0,1.623777912,0
Agree_all,2023-03,0.003774801921,0.003774801921,0.003774801921,0,0,0,1.629907352,0
Agree_all,2023-04,0.003974458863,0.003974458863,0.003974458863,0,0,0,1.636385351,0
Agree_all,2023-05,0.003974458863,0.003974458863,0.003974458863,0,0,0,1.642889098,0
Agree_all,2023-06,0.004173680002,0.004173680002,0.004173680002,0,0,0,1.649745991,0
Agree_all,2023-07,0.004173680002,0.004173680002,0.004173680002,0,0,0,1.656631503,0
Agree_all,2023-08,0.004372467323,0.004372467323,0.004372467323,0,0,0,1.66387507,0
Agree_all,2023-09,0.004372467323,0.004372467323,0.004372467323,0,0,0,1.671150309,0
Agree_all,2023-10,0.004372467323,0.004372467323,0.004372467323,0,0,0,1.67845736,0
Agree_all,2023-11,0.004372467323,0.004372467323,0.004372467323,0,0,0,1.685796359,0
Agree_all,2023-12,0.004372467323,0.004372467323,0.004372467323,0,0,0,1.693167449,0
Agree_all,2024-01,0.004372467323,0.004372467323,0.004372467323,0,0,0,1.700570768,0
Agree_all,2024-02,0.004372467323,0.004372467323,0.004372467323,0,0,0,1.708006458,0
Agree_all,2024-03,0.004372467323,0.004372467323,0.004372467323,0,0,0,1.715474661,0
Agree_all,2024-04,0.004372467323,0.004372467323,0.004372467323,0,0,0,1.722975518,0
Agree_all,2024-05,0.004372467323,0.004372467323,0.004372467323,0,0,0,1.730509172,0
Agree_all,2024-06,0.004372467323,0.004372467323,0.004372467323,0,0,0,1.738075767,0
Agree_all,2024-07,0.004372467323,0.004372467323,0.004372467323,0,0,0,1.745675446,0
Agree_all,2024-08,0.004372467323,0.004372467323,0.004372467323,0,0,0,1.753308355,0
Agree_all,2024-09,0.004372467323,0.004372467323,0.004372467323,0,0,0,1.760974639,0
Agree_all,2024-10,0.003974458863,0.003974458863,0.003974458863,0,0,0,1.76797356,0
Agree_all,2024-11,0.003974458863,0.003974458863,0.003974458863,0,0,0,1.775000298,0
Agree_all,2024-12,0.003774801921,0.003774801921,0.003774801921,0,0,0,1.781700573,0
Agree_all,2025-01,0.003574707178,0.003574707178,0.003574707178,0,0,0,1.78806963,0
Agree_all,2025-02,0.003574707178,0.003574707178,0.003574707178,0,0,0,1.794461456,0
Agree_all,2025-03,0.003574707178,0.003574707178,0.003574707178,0,0,0,1.80087613,0
Agree_all,2025-04,0.003574707178,0.003574707178,0.003574707178,0,0,0,1.807313735,0
Agree_all,2025-05,0.003574707178,0.003574707178,0.003574707178,0,0,0,1.813774352,0
Agree_all,2025-06,0.003574707178,0.003574707178,0.003574707178,0,0,0,1.820258064,0
Agree_all,2025-07,0.003574707178,0.003574707178,0.003574707178,0,0,0,1.826764954,0
Agree_all,2025-08,0.003574707178,0.003574707178,0.003574707178,0,0,0,1.833295104,0
Agree_all,2025-09,0.003574707178,0.003574707178,0.003574707178,0,0,0,1.839848597,0
Agree_all,2025-10,0.003374172623,0.003374172623,0.003374172623,0,0,0,1.846056564,0
Agree_all,2025-11,0.003173196228,0.003173196228,0.003173196228,0,0,0,1.851914463,0
Agree_all,2025-12,0.003173196228,0.003173196228,0.003173196228,0,0,0,1.857790951,0
Agree_all,2026-01,0.002971775953,0.002971775953,0.002971775953,0,0,0,1.86331189,0
Agree_all,2026-02,0.002971775953,0.002971775953,0.002971775953,0,0,0,1.868849235,0
Agree_all,2026-03,0.002971775953,0.002971775953,0.002971775953,0,0,0,1.874403037,0
Agree_all,2026-04,0.002971775953,0.002971775953,0.002971775953,0,0,0,1.879973342,0
Agree_all,2026-05,0.002971775953,0.002971775953,0.002971775953,0,0,0,1.885560202,0
Agree_all,2026-06,0.002971775953,0.002971775953,0.002971775953,0,0,0,1.891163664,0
Agree_all,2026-07,0.002971775953,0.002971775953,0.002971775953,0,0,0,1.896783779,0
Agree_all,2026-08,0.002971775953,0.002971775953,0.002971775953,0,0,0,1.902420596,0
Agree_3of4,2010-03,0.0001041070355,0.0001041070355,0.0001041070355,0,0,0,1.351947177,0
Agree_3of4,2010-04,0.0001041070355,0.0001041070355,0.0001041070355,0,0,0,1.352087924,0
Agree_3of4,2010-05,0.0001041070355,0.0001041070355,0.0001041070355,0,0,0,1.352228686,0
Agree_3of4,2010-06,0.0001041070355,0.0001041070355,0.0001041070355,0,0,0,1.352369462,0
Agree_3of4,2010-07,0.0001041070355,0.0001041070355,0.0001041070355,0,0,0,1.352510253,0
Agree_3of4,2010-08,0.0001041070355,0.0001041070355,0.0001041070355,0,0,0,1.352651059,0
Agree_3of4,2010-09,0.0001041070355,0.0001041070355,0.0001041070355,0,0,0,1.35279188,0
Agree_3of4,2010-10,0.0001041070355,0.0001041070355,0.0001041070355,0,0,0,1.352932715,0
Agree_3of4,2010-11,0.0001041070355,0.0001041070355,0.0001041070355,0,0,0,1.353073565,0
Agree_3of4,2010-12,0.0001041070355,0.0001041070355,0.0001041070355,0,0,0,1.353214429,0
Agree_3of4,2011-01,0.0001041070355,0.0001041070355,0.0001041070355,0,0,0,1.353355308,0
Agree_3of4,2011-02,0.0001041070355,0.0001041070355,0.0001041070355,0,0,0,1.353496202,0
Agree_3of4,2011-03,0.0001041070355,0.0001041070355,0.0001041070355,0,0,0,1.353637111,0
Agree_3of4,2011-04,0.0001041070355,0.0001041070355,0.0001041070355,0,0,0,1.353778034,0
Agree_3of4,2011-05,0.0001041070355,0.0001041070355,0.0001041070355,0,0,0,1.353918972,0
Agree_3of4,2011-06,0.0001041070355,0.0001041070355,0.0001041070355,0,0,0,1.354059924,0
Agree_3of4,2011-07,0.0001041070355,0.0001041070355,0.0001041070355,0,0,0,1.354200891,0
Agree_3of4,2011-08,0.0001041070355,0.0001041070355,0.0001041070355,0,0,0,1.354341873,0
Agree_3of4,2011-09,0.0001041070355,0.0001041070355,0.0001041070355,0,0,0,1.35448287,0
Agree_3of4,2011-10,0.0001041070355,0.0001041070355,0.0001041070355,0,0,0,1.354623881,0
Agree_3of4,2011-11,0.0001041070355,0.0001041070355,0.0001041070355,0,0,0,1.354764907,0
Agree_3of4,2011-12,0.0001041070355,0.0001041070355,0.0001041070355,0,0,0,1.354905947,0
Agree_3of4,2012-01,0.0001041070355,0.0001041070355,0.0001041070355,0,0,0,1.355047003,0
Agree_3of4,2012-02,0.0001041070355,0.0001041070355,0.0001041070355,0,0,0,1.355188072,0
Agree_3of4,2012-03,0.0001041070355,0.0001041070355,0.0001041070355,0,0,0,1.355329157,0
Agree_3of4,2012-04,0.0001041070355,0.0001041070355,0.0001041070355,0,0,0,1.355470256,0
Agree_3of4,2012-05,0.0001041070355,0.0001041070355,0.0001041070355,0,0,0,1.35561137,0
Agree_3of4,2012-06,0.0001041070355,0.0001041070355,0.0001041070355,0,0,0,1.355752499,0
Agree_3of4,2012-07,0.0001041070355,0.0001041070355,0.0001041070355,0,0,0,1.355893642,0
Agree_3of4,2012-08,0.0001041070355,0.0001041070355,0.0001041070355,0,0,0,1.3560348,0
Agree_3of4,2012-09,0.0001041070355,0.0001041070355,0.0001041070355,0,0,0,1.356175973,0
Agree_3of4,2012-10,0.0001041070355,0.0001041070355,0.0001041070355,0,0,0,1.356317161,0
Agree_3of4,2012-11,0.0001041070355,0.0001041070355,0.0001041070355,0,0,0,1.356458363,0
Agree_3of4,2012-12,0.0001041070355,0.0001041070355,0.0001041070355,0,0,0,1.35659958,0
Agree_3of4,2013-01,0.0001041070355,0.0001041070355,0.0001041070355,0,0,0,1.356740811,0
Agree_3of4,2013-02,0.0001041070355,0.0001041070355,0.0001041070355,0,0,0,1.356882058,0
Agree_3of4,2013-03,0.0001041070355,0.0001041070355,0.0001041070355,0,0,0,1.357023318,0
Agree_3of4,2013-04,0.0001041070355,0.0001041070355,0.0001041070355,0,0,0,1.357164594,0
Agree_3of4,2013-05,0.0001041070355,0.0001041070355,0.0001041070355,0,0,0,1.357305885,0
Agree_3of4,2013-06,0.0001041070355,0.0001041070355,0.0001041070355,0,0,0,1.35744719,0
Agree_3of4,2013-07,0.0001041070355,0.0001041070355,0.0001041070355,0,0,0,1.357588509,0
Agree_3of4,2013-08,0.0001041070355,0.0001041070355,0.0001041070355,0,0,0,1.357729844,0
Agree_3of4,2013-09,0.0001041070355,0.0001041070355,0.0001041070355,0,0,0,1.357871193,0
Agree_3of4,2013-10,0.0001041070355,0.0001041070355,0.0001041070355,0,0,0,1.358012557,0
Agree_3of4,2013-11,0.0001041070355,0.0001041070355,0.0001041070355,0,0,0,1.358153936,0
Agree_3of4,2013-12,0.0001041070355,0.0001041070355,0.0001041070355,0,0,0,1.358295329,0
Agree_3of4,2014-01,0.0001041070355,0.0001041070355,0.0001041070355,0,0,0,1.358436737,0
Agree_3of4,2014-02,0.0001041070355,0.0001041070355,0.0001041070355,0,0,0,1.35857816,0
Agree_3of4,2014-03,0.0001041070355,0.0001041070355,0.0001041070355,0,0,0,1.358719598,0
Agree_3of4,2014-04,0.0001041070355,0.0001041070355,0.0001041070355,0,0,0,1.35886105,0
Agree_3of4,2014-05,0.0001041070355,0.0001041070355,0.0001041070355,0,0,0,1.359002517,0
Agree_3of4,2014-06,0.0001041070355,0.0001041070355,0.0001041070355,0,0,0,1.359143999,0
Agree_3of4,2014-07,0.0001041070355,0.0001041070355,0.0001041070355,0,0,0,1.359285495,0
Agree_3of4,2014-08,0.0001041070355,0.0001041070355,0.0001041070355,0,0,0,1.359427006,0
Agree_3of4,2014-09,0.0001041070355,0.0001041070355,0.0001041070355,0,0,0,1.359568532,0
Agree_3of4,2014-10,0.0001041070355,0.0001041070355,0.0001041070355,0,0,0,1.359710073,0
Agree_3of4,2014-11,0.0001041070355,0.0001041070355,0.0001041070355,0,0,0,1.359851628,0
Agree_3of4,2014-12,0.0001041070355,0.0001041070355,0.0001041070355,0,0,0,1.359993198,0
Agree_3of4,2015-01,0.0001041070355,0.0001041070355,0.0001041070355,0,0,0,1.360134783,0
Agree_3of4,2015-02,0.0001041070355,0.0001041070355,0.0001041070355,0,0,0,1.360276383,0
Agree_3of4,2015-03,0.0001041070355,0.0001041070355,0.0001041070355,0,0,0,1.360417997,0
Agree_3of4,2015-04,0.0001041070355,0.0001041070355,0.0001041070355,0,0,0,1.360559626,0
Agree_3of4,2015-05,0.0001041070355,0.0001041070355,0.0001041070355,0,0,0,1.36070127,0
Agree_3of4,2015-06,0.0001041070355,0.0001041070355,0.0001041070355,0,0,0,1.360842929,0
Agree_3of4,2015-07,0.0001041070355,0.0001041070355,0.0001041070355,0,0,0,1.360984602,0
Agree_3of4,2015-08,0.0001041070355,0.0001041070355,0.0001041070355,0,0,0,1.36112629,0
Agree_3of4,2015-09,0.0001041070355,0.0001041070355,0.0001041070355,0,0,0,1.361267993,0
Agree_3of4,2015-10,0.0001041070355,0.0001041070355,0.0001041070355,0,0,0,1.36140971,0
Agree_3of4,2015-11,0.0160174614,0.01664446324,0.0001041070355,0.000425,0.0002020018395,1,1.383216038,1
Agree_3of4,2015-12,-0.02860732313,-0.02838499078,0.0001041070355,7.72942376e-06,0.000214602924,0.03109617547,1.34364593,1
Agree_3of4,2016-01,-0.0001230199977,0.0003119641739,0.0003119641739,0.0004349841717,0,1.030858597,1.343480634,0
Agree_3of4,2016-02,0.01728680641,0.01791982343,0.0003119641739,0.000425,0.0002080170208,1,1.366705124,1
Agree_3of4,2016-03,0.01531904338,0.0155442478,0.0003119641739,6.220924505e-06,0.0002189835008,0.01730864801,1.387641739,1
Agree_3of4,2016-04,0.01869508593,0.01893488246,0.0003119641739,3.049200007e-05,0.0002093045321,0.04991783466,1.413583821,1
Agree_3of4,2016-05,-0.0001196040436,0.0003119641739,0.0003119641739,0.0004315682175,0,1.004134623,1.41341475,0
Agree_3of4,2016-06,0.0003119641739,0.0003119641739,0.0003119641739,0,0,0,1.413855685,0
Agree_3of4,2016-07,0.0003119641739,0.0003119641739,0.0003119641739,0,0,0,1.414296757,0
Agree_3of4,2016-08,0.0003119641739,0.0003119641739,0.0003119641739,0,0,0,1.414737967,0
Agree_3of4,2016-09,0.0003119641739,0.0003119641739,0.0003119641739,0,0,0,1.415179315,0
Agree_3of4,2016-10,0.0003119641739,0.0003119641739,0.0003119641739,0,0,0,1.4156208,0
Agree_3of4,2016-11,0.0003119641739,0.0003119641739,0.0003119641739,0,0,0,1.416062423,0
Agree_3of4,2016-12,0.0003119641739,0.0003119641739,0.0003119641739,0,0,0,1.416504184,0
Agree_3of4,2017-01,0.0005193472934,0.0005193472934,0.0005193472934,0,0,0,1.417239842,0
Agree_3of4,2017-02,0.0005193472934,0.0005193472934,0.0005193472934,0,0,0,1.417975881,0
Agree_3of4,2017-03,0.0005193472934,0.0005193472934,0.0005193472934,0,0,0,1.418712303,0
Agree_3of4,2017-04,0.0007262586484,0.0007262586484,0.0007262586484,0,0,0,1.419742655,0
Agree_3of4,2017-05,0.0007262586484,0.0007262586484,0.0007262586484,0,0,0,1.420773756,0
Agree_3of4,2017-06,0.0007262586484,0.0007262586484,0.0007262586484,0,0,0,1.421805605,0
Agree_3of4,2017-07,0.0009327004774,0.0009327004774,0.0009327004774,0,0,0,1.423131724,0
Agree_3of4,2017-08,0.0009327004774,0.0009327004774,0.0009327004774,0,0,0,1.424459079,0
Agree_3of4,2017-09,0.0009327004774,0.0009327004774,0.0009327004774,0,0,0,1.425787673,0
Agree_3of4,2017-10,0.0009327004774,0.0009327004774,0.0009327004774,0,0,0,1.427117506,0
Agree_3of4,2017-11,0.0009327004774,0.0009327004774,0.0009327004774,0,0,0,1.428448579,0
Agree_3of4,2017-12,0.0009327004774,0.0009327004774,0.0009327004774,0,0,0,1.429780894,0
Agree_3of4,2018-01,0.001138675003,0.001138675003,0.001138675003,0,0,0,1.431408949,0
Agree_3of4,2018-02,0.001138675003,0.001138675003,0.001138675003,0,0,0,1.433038859,0
Agree_3of4,2018-03,0.001138675003,0.001138675003,0.001138675003,0,0,0,1.434670624,0
Agree_3of4,2018-04,0.00134418443,0.00134418443,0.00134418443,0,0,0,1.436599086,0
Agree_3of4,2018-05,0.00134418443,0.00134418443,0.00134418443,0,0,0,1.438530141,0
Agree_3of4,2018-06,0.00134418443,0.00134418443,0.00134418443,0,0,0,1.44046379,0
Agree_3of4,2018-07,0.001549230951,0.001549230951,0.001549230951,0,0,0,1.442695401,0
Agree_3of4,2018-08,0.001549230951,0.001549230951,0.001549230951,0,0,0,1.44493047,0
Agree_3of4,2018-09,0.001549230951,0.001549230951,0.001549230951,0,0,0,1.447169001,0
Agree_3of4,2018-10,0.00175381674,0.00175381674,0.00175381674,0,0,0,1.44970707,0
Agree_3of4,2018-11,0.00175381674,0.00175381674,0.00175381674,0,0,0,1.452249591,0
Agree_3of4,2018-12,0.00175381674,0.00175381674,0.00175381674,0,0,0,1.45479657,0
Agree_3of4,2019-01,0.001957943956,0.001957943956,0.001957943956,0,0,0,1.45764498,0
Agree_3of4,2019-02,0.001957943956,0.001957943956,0.001957943956,0,0,0,1.460498968,0
Agree_3of4,2019-03,0.001957943956,0.001957943956,0.001957943956,0,0,0,1.463358543,0
Agree_3of4,2019-04,0.001957943956,0.001957943956,0.001957943956,0,0,0,1.466223717,0
Agree_3of4,2019-05,0.001957943956,0.001957943956,0.001957943956,0,0,0,1.469094501,0
Agree_3of4,2019-06,0.001957943956,0.001957943956,0.001957943956,0,0,0,1.471970905,0
Agree_3of4,2019-07,0.001957943956,0.001957943956,0.001957943956,0,0,0,1.474852942,0
Agree_3of4,2019-08,0.001957943956,0.001957943956,0.001957943956,0,0,0,1.477740621,0
Agree_3of4,2019-09,0.00175381674,0.00175381674,0.00175381674,0,0,0,1.480332307,0
Agree_3of4,2019-10,0.001549230951,0.001549230951,0.001549230951,0,0,0,1.482625684,0
Agree_3of4,2019-11,0.00134418443,0.00134418443,0.00134418443,0,0,0,1.484618606,0
Agree_3of4,2019-12,0.00134418443,0.00134418443,0.00134418443,0,0,0,1.486614208,0
Agree_3of4,2020-01,0.00134418443,0.00134418443,0.00134418443,0,0,0,1.488612491,0
Agree_3of4,2020-02,0.00134418443,0.00134418443,0.00134418443,0,0,0,1.490613461,0
Agree_3of4,2020-03,0.00134418443,0.00134418443,0.00134418443,0,0,0,1.49261712,0
Agree_3of4,2020-04,-0.00381983289,-0.003210316748,0.0001041070355,0.0004,0.0002095161426,1,1.486915572,1
Agree_3of4,2020-05,9.333387916e-05,0.0003133129154,0.0001041070355,9.723152379e-06,0.0002102558838,0.02148832024,1.487054352,1
Agree_3of4,2020-06,-0.003220190368,-0.003007864622,0.0001041070355,4.021814701e-06,0.0002083039314,0.01190044316,1.482265754,1
Agree_3of4,2020-07,-0.001669187492,-0.001447906043,0.0001041070355,4.091181824e-06,0.0002171902678,0.007535591922,1.479791574,1
Agree_3of4,2020-08,-0.0041185704,-0.003889915973,0.0001041070355,2.049631913e-05,0.0002081581082,0.04245127879,1.473696949,1
Agree_3of4,2020-09,-0.0118963707,-0.01167710621,0.0001041070355,1.274254226e-05,0.000206521944,0.0224004393,1.456165303,1
Agree_3of4,2020-10,-0.00527062858,-0.005052192503,0.0001041070355,9.089847853e-06,0.0002093462299,0.01594274021,1.448490397,1
Agree_3of4,2020-11,0.02262754465,0.02284374596,0.0001041070355,4.923108924e-06,0.0002112781977,0.01138320217,1.481266178,1
Agree_3of4,2020-12,0.001119515456,0.001349557099,0.0001041070355,1.808178448e-05,0.0002119598592,0.02275030839,1.482924479,1
Agree_3of4,2021-01,-0.007188978067,-0.006975661137,0.0001041070355,7.729642382e-06,0.0002055872869,0.01728654611,1.472263767,1
Agree_3of4,2021-02,0.006699831322,0.006918441437,0.0001041070355,1.197164699e-05,0.0002066384685,0.01519872298,1.482127686,1
Agree_3of4,2021-03,0.008699957652,0.008904214037,0.0001041070355,3.567110677e-06,0.000200689274,0.01045784003,1.495022134,1
Agree_3of4,2021-04,0.01431053518,0.01454118029,0.0001041070355,1.736314608e-05,0.0002132819648,0.03648470451,1.516416701,1
Agree_3of4,2021-05,0.009428721868,0.00965457013,0.0001041070355,1.716909281e-05,0.0002086791697,0.0233125346,1.530714572,1
Agree_3of4,2021-06,0.0163885985,0.01659805822,0.0001041070355,4.717391488e-06,0.0002047423272,0.009461255548,1.555800839,1
Agree_3of4,2021-07,-0.009134643424,-0.00891009832,0.0001041070355,1.525764595e-05,0.0002092874577,0.0368088582,1.541589153,1
Agree_3of4,2021-08,-0.004400962712,-0.004188029909,0.0001041070355,5.247158249e-06,0.0002076856446,0.0117529264,1.534804676,1
Agree_3of4,2021-09,-0.001886721377,-0.001680139762,0.0001041070355,2.517307373e-06,0.000204064307,0.00471720326,1.531908928,1
Agree_3of4,2021-10,0.001539551543,0.001757887271,0.0001041070355,1.11452867e-05,0.0002071904413,0.02064683036,1.53426738,1
Agree_3of4,2021-11,-0.001660988048,-0.001442129252,0.0001041070355,1.206605004e-05,0.0002067927462,0.02245549419,1.531718981,1
Agree_3of4,2021-12,0.0105698357,0.01078237479,0.0001041070355,6.620164397e-06,0.0002059189251,0.01973295455,1.547908999,1
Agree_3of4,2022-01,0.01429391711,0.01450356805,0.0001041070355,3.177998988e-06,0.0002064729445,0.01302066745,1.570034681,1
Agree_3of4,2022-02,0.01199426615,0.01221326681,0.0001041070355,1.028479367e-05,0.0002087158622,0.02308140212,1.588866095,1
Agree_3of4,2022-03,-0.0003037050724,0.0001041070355,0.0001041070355,0.0004078121079,0,1.00171213,1.588383549,0
Agree_3of4,2022-04,0.0003119641739,0.0003119641739,0.0003119641739,0,0,0,1.588879067,0
Agree_3of4,2022-05,0.0003119641739,0.0003119641739,0.0003119641739,0,0,0,1.589374741,0
Agree_3of4,2022-06,0.0007262586484,0.0007262586484,0.0007262586484,0,0,0,1.590529038,0
Agree_3of4,2022-07,0.00134418443,0.00134418443,0.00134418443,0,0,0,1.592667002,0
Agree_3of4,2022-08,0.001957943956,0.001957943956,0.001957943956,0,0,0,1.595785355,0
Agree_3of4,2022-09,0.001957943956,0.001957943956,0.001957943956,0,0,0,1.598909813,0
Agree_3of4,2022-10,0.002567595531,0.002567595531,0.002567595531,0,0,0,1.603015167,0
Agree_3of4,2022-11,0.002567595531,0.002567595531,0.002567595531,0,0,0,1.607131062,0
Agree_3of4,2022-12,0.003173196228,0.003173196228,0.003173196228,0,0,0,1.612230804,0
Agree_3of4,2023-01,0.003574707178,0.003574707178,0.003574707178,0,0,0,1.617994057,0
Agree_3of4,2023-02,0.003574707178,0.003574707178,0.003574707178,0,0,0,1.623777912,0
Agree_3of4,2023-03,0.003774801921,0.003774801921,0.003774801921,0,0,0,1.629907352,0
Agree_3of4,2023-04,0.003974458863,0.003974458863,0.003974458863,0,0,0,1.636385351,0
Agree_3of4,2023-05,0.003974458863,0.003974458863,0.003974458863,0,0,0,1.642889098,0
Agree_3of4,2023-06,0.004173680002,0.004173680002,0.004173680002,0,0,0,1.649745991,0
Agree_3of4,2023-07,0.004173680002,0.004173680002,0.004173680002,0,0,0,1.656631503,0
Agree_3of4,2023-08,0.004372467323,0.004372467323,0.004372467323,0,0,0,1.66387507,0
Agree_3of4,2023-09,0.004372467323,0.004372467323,0.004372467323,0,0,0,1.671150309,0
Agree_3of4,2023-10,0.004372467323,0.004372467323,0.004372467323,0,0,0,1.67845736,0
Agree_3of4,2023-11,0.004372467323,0.004372467323,0.004372467323,0,0,0,1.685796359,0
Agree_3of4,2023-12,0.004372467323,0.004372467323,0.004372467323,0,0,0,1.693167449,0
Agree_3of4,2024-01,0.004372467323,0.004372467323,0.004372467323,0,0,0,1.700570768,0
Agree_3of4,2024-02,0.004372467323,0.004372467323,0.004372467323,0,0,0,1.708006458,0
Agree_3of4,2024-03,0.004372467323,0.004372467323,0.004372467323,0,0,0,1.715474661,0
Agree_3of4,2024-04,0.004372467323,0.004372467323,0.004372467323,0,0,0,1.722975518,0
Agree_3of4,2024-05,0.004372467323,0.004372467323,0.004372467323,0,0,0,1.730509172,0
Agree_3of4,2024-06,0.004372467323,0.004372467323,0.004372467323,0,0,0,1.738075767,0
Agree_3of4,2024-07,0.004372467323,0.004372467323,0.004372467323,0,0,0,1.745675446,0
Agree_3of4,2024-08,0.004372467323,0.004372467323,0.004372467323,0,0,0,1.753308355,0
Agree_3of4,2024-09,0.004372467323,0.004372467323,0.004372467323,0,0,0,1.760974639,0
Agree_3of4,2024-10,0.003974458863,0.003974458863,0.003974458863,0,0,0,1.76797356,0
Agree_3of4,2024-11,0.003974458863,0.003974458863,0.003974458863,0,0,0,1.775000298,0
Agree_3of4,2024-12,0.003774801921,0.003774801921,0.003774801921,0,0,0,1.781700573,0
Agree_3of4,2025-01,0.003574707178,0.003574707178,0.003574707178,0,0,0,1.78806963,0
Agree_3of4,2025-02,0.003574707178,0.003574707178,0.003574707178,0,0,0,1.794461456,0
Agree_3of4,2025-03,0.003574707178,0.003574707178,0.003574707178,0,0,0,1.80087613,0
Agree_3of4,2025-04,0.003574707178,0.003574707178,0.003574707178,0,0,0,1.807313735,0
Agree_3of4,2025-05,0.003574707178,0.003574707178,0.003574707178,0,0,0,1.813774352,0
Agree_3of4,2025-06,0.003574707178,0.003574707178,0.003574707178,0,0,0,1.820258064,0
Agree_3of4,2025-07,0.003574707178,0.003574707178,0.003574707178,0,0,0,1.826764954,0
Agree_3of4,2025-08,0.003574707178,0.003574707178,0.003574707178,0,0,0,1.833295104,0
Agree_3of4,2025-09,0.003574707178,0.003574707178,0.003574707178,0,0,0,1.839848597,0
Agree_3of4,2025-10,0.003374172623,0.003374172623,0.003374172623,0,0,0,1.846056564,0
Agree_3of4,2025-11,0.003173196228,0.003173196228,0.003173196228,0,0,0,1.851914463,0
Agree_3of4,2025-12,0.003173196228,0.003173196228,0.003173196228,0,0,0,1.857790951,0
Agree_3of4,2026-01,0.002971775953,0.002971775953,0.002971775953,0,0,0,1.86331189,0
Agree_3of4,2026-02,0.002971775953,0.002971775953,0.002971775953,0,0,0,1.868849235,0
Agree_3of4,2026-03,0.002971775953,0.002971775953,0.002971775953,0,0,0,1.874403037,0
Agree_3of4,2026-04,0.002971775953,0.002971775953,0.002971775953,0,0,0,1.879973342,0
Agree_3of4,2026-05,0.002971775953,0.002971775953,0.002971775953,0,0,0,1.885560202,0
Agree_3of4,2026-06,0.002971775953,0.002971775953,0.002971775953,0,0,0,1.891163664,0
Agree_3of4,2026-07,0.002971775953,0.002971775953,0.002971775953,0,0,0,1.896783779,0
Agree_3of4,2026-08,0.002971775953,0.002971775953,0.002971775953,0,0,0,1.902420596,0
Exit_fixed,2010-03,0.001678367382,0.001728602374,0.0001041070355,3.333333333e-05,1.690165809e-05,0.08333333333,1.354075272,0.08333333333
Exit_fixed,2010-04,0.003171523649,0.003238870269,0.0001041070355,3.303051081e-05,3.431610936e-05,0.08404106517,1.358369754,0.1666666667
Exit_fixed,2010-05,-0.003218686778,-0.003135810631,0.0001041070355,3.191664234e-05,5.095950462e-05,0.08265588899,1.353997587,0.25
Exit_fixed,2010-06,0.001873421728,0.001980775315,0.0001041070355,3.689345152e-05,7.046013505e-05,0.09115376504,1.356534195,0.3333333333
Exit_fixed,2010-07,-0.001746774736,-0.001625055087,0.0001041070355,3.112615185e-05,9.059349691e-05,0.07717003583,1.354164636,0.4166666667
Exit_fixed,2010-08,-0.0009190481771,-0.0007861555079,0.0001041070355,2.8880832e-05,0.0001040118371,0.07475770587,1.352920093,0.5
Exit_fixed,2010-09,-0.001831420201,-0.001671651375,0.0001041070355,3.276636787e-05,0.0001270024581,0.08443674164,1.350442328,0.5833333333
Exit_fixed,2010-10,-0.005863227029,-0.005696975504,0.0001041070355,2.409498081e-05,0.0001421565441,0.06484943935,1.342524378,0.6666666667
Exit_fixed,2010-11,0.01545622554,0.01563427343,0.0001041070355,2.95543222e-05,0.0001484935666,0.07176260354,1.363274738,0.75
Exit_fixed,2010-12,0.0005173456419,0.0007404148722,0.0001041070355,4.430881839e-05,0.0001787604119,0.1160198415,1.363980022,0.8333333333
Exit_fixed,2011-01,0.0001355212299,0.0003515198414,0.0001041070355,2.364994515e-05,0.0001923486663,0.06288337115,1.36416487,0.9166666667
Exit_fixed,2011-02,0.007054396078,0.007299468127,0.0001041070355,3.529372053e-05,0.0002097783289,0.08164461841,1.373788229,1
Exit_fixed,2011-03,0.004037651692,0.004261980523,0.0001041070355,1.433485845e-05,0.0002099939717,0.0482619436,1.379335108,1
Exit_fixed,2011-04,0.002217640453,0.002451495852,0.0001041070355,1.870943747e-05,0.0002151459618,0.05691377596,1.382393977,1
Exit_fixed,2011-05,0.004643331309,0.004869537884,0.0001041070355,2.156478815e-05,0.0002046417864,0.06473423392,1.38881289,1
Exit_fixed,2011-06,-0.002893769738,-0.002668668771,0.0001041070355,1.490948235e-05,0.0002101914849,0.05920231684,1.384793986,1
Exit_fixed,2011-07,-0.003981865373,-0.003752334552,0.0001041070355,1.871937408e-05,0.000210811447,0.05732196328,1.379279922,1
Exit_fixed,2011-08,-0.009904765779,-0.009678582733,0.0001041070355,1.50358033e-05,0.0002111472428,0.0572985908,1.365618478,1
Exit_fixed,2011-09,-0.03332209211,-0.03310026097,0.0001041070355,2.063385096e-05,0.0002011972838,0.09200823965,1.320113213,1
Exit_fixed,2011-10,0.0383205858,0.03857698859,0.0001041070355,4.588878636e-05,0.0002105140034,0.115668484,1.370700725,1
Exit_fixed,2011-11,-0.02143752611,-0.02119572878,0.0001041070355,3.662382793e-05,0.0002051734998,0.1072758432,1.341316292,1
Exit_fixed,2011-12,-0.0005877948532,-0.0003607474048,0.0001041070355,2.152007517e-05,0.0002055273733,0.0634871783,1.340527873,1
Exit_fixed,2012-01,0.01809859081,0.01831707642,0.0001041070355,6.781133212e-06,0.0002117044774,0.01388164819,1.364789539,1
Exit_fixed,2012-02,0.02319875768,0.02342043305,0.0001041070355,1.666883703e-05,0.0002050065395,0.01817475102,1.396450961,1
Exit_fixed,2012-03,-0.01105786676,-0.01084596889,0.0001041070355,6.048261134e-06,0.0002058496102,0.02278768015,1.381009192,1
Exit_fixed,2012-04,-0.01676560165,-0.01654204368,0.0001041070355,1.294214524e-05,0.0002106158237,0.01709524458,1.357855742,1
Exit_fixed,2012-05,-0.02078688032,-0.02057715237,0.0001041070355,5.449749091e-06,0.0002042781995,0.01692999223,1.329630157,1
Exit_fixed,2012-06,0.006230004749,0.006454572681,0.0001041070355,1.60032286e-05,0.0002085647036,0.03910466644,1.337913759,1
Exit_fixed,2012-07,0.007636199237,0.007852887907,0.0001041070355,8.092137011e-06,0.0002085965335,0.0183700655,1.348130335,1
Exit_fixed,2012-08,0.004447469674,0.004660812247,0.0001041070355,3.136209579e-06,0.0002102063642,0.01254324289,1.354126104,1
Exit_fixed,2012-09,-0.002128999931,-0.001906578044,0.0001041070355,1.041265509e-05,0.0002120092316,0.04753165949,1.35124317,1
Exit_fixed,2012-10,0.004425434905,0.004644751717,0.0001041070355,1.358948571e-05,0.0002057273263,0.04925322008,1.357223009,1
Exit_fixed,2012-11,-0.0009501264067,-0.0007342527046,0.0001041070355,1.118019834e-05,0.0002046935038,0.0533952465,1.355933475,1
Exit_fixed,2012-12,0.02130181811,0.02152568923,0.0001041070355,1.80137973e-05,0.0002058573206,0.05880022342,1.384817323,1
Exit_fixed,2013-01,0.02168668514,0.02189929826,0.0001041070355,7.081733357e-06,0.0002055313899,0.02097478122,1.414849421,1
Exit_fixed,2013-02,0.01191681089,0.01212863039,0.0001041070355,8.083489604e-06,0.0002037360086,0.02392407913,1.431709914,1
Exit_fixed,2013-03,0.005399676503,0.005608226729,0.0001041070355,5.190032977e-06,0.0002033601932,0.02223260173,1.439440684,1
Exit_fixed,2013-04,0.003769245616,0.003985265866,0.0001041070355,8.753792644e-06,0.0002072664577,0.02360539498,1.44486629,1
Exit_fixed,2013-05,-0.00656109408,-0.006352830734,0.0001041070355,3.460292491e-06,0.0002048030533,0.01456830793,1.435386386,1
Exit_fixed,2013-06,-0.01679626357,-0.01657338639,0.0001041070355,1.248406807e-05,0.0002103931076,0.01768457993,1.411277258,1
Exit_fixed,2013-07,-0.007262619145,-0.007045245889,0.0001041070355,6.430150978e-06,0.0002109431051,0.01747917209,1.401027689,1
Exit_fixed,2013-08,-0.00565721508,-0.00544030576,0.0001041070355,9.211627991e-06,0.0002076976919,0.02257943916,1.393101774,1
Exit_fixed,2013-09,0.01413708559,0.01435261507,0.0001041070355,4.373684123e-06,0.0002111557952,0.005575957185,1.412796173,1
Exit_fixed,2013-10,0.00559550001,0.005815527012,0.0001041070355,1.133114087e-05,0.0002086958609,0.01713801693,1.420701474,1
Exit_fixed,2013-11,-0.004465890191,-0.004253547864,0.0001041070355,8.364580625e-06,0.000203977747,0.0136941237,1.414356777,1
Exit_fixed,2013-12,0.005377383292,0.005597477444,0.0001041070355,1.302417695e-05,0.0002070699746,0.02200120838,1.421962315,1
Exit_fixed,2014-01,-0.01138540354,-0.01116962708,0.0001041070355,6.726804668e-06,0.0002090496508,0.01686595262,1.405772701,1
Exit_fixed,2014-02,0.01203490078,0.01226028245,0.0001041070355,1.436293112e-05,0.0002110187389,0.05383827687,1.422691036,1
Exit_fixed,2014-03,0.01021796269,0.01044683059,0.0001041070355,2.221837926e-05,0.0002066495222,0.05876421654,1.437228039,1
Exit_fixed,2014-04,-0.0006428304336,-0.0004165663546,0.0001041070355,1.673626405e-05,0.000209527815,0.05211414679,1.436304146,1
Exit_fixed,2014-05,0.005521452541,0.00574303979,0.0001041070355,1.416499288e-05,0.0002074222565,0.04651604813,1.444234631,1
Exit_fixed,2014-06,0.004641944818,0.004865415272,0.0001041070355,1.441672621e-05,0.0002090537281,0.04768982563,1.450938688,1
Exit_fixed,2014-07,-0.001277708629,-0.001058614056,0.0001041070355,1.44387673e-05,0.0002046558062,0.04419114918,1.449084811,1
Exit_fixed,2014-08,0.009514511894,0.009735854929,0.0001041070355,1.55719927e-05,0.0002057710417,0.05327539796,1.462872146,1
Exit_fixed,2014-09,-0.002607929098,-0.002396882903,0.0001041070355,1.298979829e-05,0.000198056397,0.05195084158,1.459057079,1
Exit_fixed,2014-10,0.005165547702,0.005404597988,0.0001041070355,3.322480015e-05,0.0002058254856,0.08416954958,1.466593908,1
Exit_fixed,2014-11,0.004601730048,0.004816898134,0.0001041070355,1.279621616e-05,0.0002023718699,0.05193989306,1.473342777,1
Exit_fixed,2014-12,-0.001774421948,-0.001551310388,0.0001041070355,2.735564134e-05,0.0001957559186,0.08199452633,1.470728446,0.9583333333
Exit_fixed,2015-01,-0.003483443992,-0.003252583461,0.0001041070355,2.943811855e-05,0.0002014224129,0.09790722128,1.465605245,1
Exit_fixed,2015-02,-0.009290169842,-0.009062061571,0.0001041070355,2.155731368e-05,0.0002065509578,0.08743428442,1.451989524,1
Exit_fixed,2015-03,-0.01657786383,-0.01634790089,0.0001041070355,2.763250222e-05,0.000202330433,0.06444768779,1.427918639,1
Exit_fixed,2015-04,0.02669799412,0.02694697069,0.0001041070355,3.403668918e-05,0.0002149398838,0.07487924382,1.466041203,1
Exit_fixed,2015-05,-0.007216073959,-0.006981540694,0.0001041070355,3.176516849e-05,0.0002027680967,0.0702472254,1.455462141,1
Exit_fixed,2015-06,-0.003035211799,-0.002799698608,0.0001041070355,2.26086775e-05,0.0002129045135,0.06001836449,1.451044505,1
Exit_fixed,2015-07,-0.01668955245,-0.0164690288,0.0001041070355,1.793478675e-05,0.0002025888629,0.05337287553,1.426827222,1
Exit_fixed,2015-08,-0.02939459606,-0.02915437682,0.0001041070355,2.74666862e-05,0.0002127525546,0.07002262853,1.384886212,1
Exit_fixed,2015-09,-0.02581424236,-0.02558542299,0.0001041070355,1.965659253e-05,0.0002091627733,0.06093938446,1.349136423,1
Exit_fixed,2015-10,0.02294747978,0.02317787891,0.0001041070355,2.519132618e-05,0.0002052078029,0.06034933413,1.380095704,1
Exit_fixed,2015-11,0.01642262052,0.01664446324,0.0001041070355,1.984088003e-05,0.0002020018395,0.06509537478,1.402760492,1
Exit_fixed,2015-12,-0.02860729015,-0.02838499078,0.0001041070355,7.696446748e-06,0.000214602924,0.03128308657,1.362631316,1
Exit_fixed,2016-01,-0.00337899427,-0.003160984092,0.0003119641739,1.082017475e-05,0.0002071900033,0.03503865162,1.358026992,1
Exit_fixed,2016-02,0.01770786532,0.01791982343,0.0003119641739,3.94108557e-06,0.0002080170208,0.008961433371,1.382074752,1
Exit_fixed,2016-03,0.01531911836,0.0155442478,0.0003119641739,6.145947502e-06,0.0002189835008,0.01730148685,1.403246918,1
Exit_fixed,2016-04,0.01869508596,0.01893488246,0.0003119641739,3.049196643e-05,0.0002093045321,0.04991775712,1.42948074,1
Exit_fixed,2016-05,0.001523919838,0.001736320701,0.0003119641739,9.955787799e-06,0.0002024450746,0.01828115061,1.431659154,1
Exit_fixed,2016-06,0.03690724595,0.03712283294,0.0003119641739,9.69040309e-06,0.0002058965808,0.02868438801,1.484497751,1
Exit_fixed,2016-07,-0.001546485252,-0.001312562884,0.0003119641739,2.694214302e-05,0.0002069802243,0.05047201911,1.482201997,1
Exit_fixed,2016-08,0.006115164529,0.006326828449,0.0003119641739,2.410765525e-06,0.0002092531552,0.008060205533,1.491265906,1
Exit_fixed,2016-09,0.002742408451,0.002955341896,0.0003119641739,5.198278167e-06,0.0002077351669,0.00626885477,1.495355566,1
Exit_fixed,2016-10,0.01938931977,0.01959374941,0.0003119641739,2.636400891e-06,0.0002017932409,0.006139688451,1.524349493,1
Exit_fixed,2016-11,-0.001061493106,-0.0008467631865,0.0003119641739,1.11618775e-05,0.0002035680415,0.03685366183,1.522731407,1
Exit_fixed,2016-12,0.01190373314,0.01212806727,0.0003119641739,1.566660022e-05,0.0002086675359,0.02464177774,1.540857595,1
Exit_fixed,2017-01,0.008908435644,0.009134704197,0.0005193472934,1.255854815e-05,0.0002137100047,0.02016857805,1.554584226,1
Exit_fixed,2017-02,0.01288837024,0.01310704975,0.0005193472934,1.46618778e-05,0.0002040176323,0.02490734438,1.574620283,1
Exit_fixed,2017-03,-0.01032569871,-0.01010858419,0.0005193472934,6.544014962e-06,0.000210570505,0.02333425263,1.558361228,1
Exit_fixed,2017-04,-0.0120254589,-0.01181067581,0.0007262586484,2.89366766e-06,0.0002118894258,0.01073881728,1.539621219,1
Exit_fixed,2017-05,-0.009481934242,-0.009261128073,0.0007262586484,8.285410623e-06,0.0002125207579,0.02128241716,1.525022632,1
Exit_fixed,2017-06,-0.002035410524,-0.001816322902,0.0007262586484,5.933357289e-06,0.0002131542654,0.021866839,1.521918585,1
Exit_fixed,2017-07,0.009186304028,0.009407403699,0.0009327004774,5.922043646e-06,0.0002151776277,0.02344401496,1.535899392,1
Exit_fixed,2017-08,-0.008889582368,-0.008661858329,0.0009327004774,1.697951946e-05,0.00021074452,0.03146362707,1.522245888,1
Exit_fixed,2017-09,0.0105443738,0.01075526227,0.0009327004774,4.692004412e-06,0.0002061964695,0.01329604097,1.538297017,1
Exit_fixed,2017-10,-0.002890380664,-0.002680104973,0.0009327004774,5.881951996e-06,0.0002043937388,0.0150520658,1.533850753,1
Exit_fixed,2017-11,-0.001167146276,-0.0009492301951,0.0009327004774,7.722381145e-06,0.0002101936995,0.02005893996,1.532060525,1
Exit_fixed,2017-12,-0.002290151889,-0.002075014787,0.0009327004774,3.447240688e-06,0.0002116898611,0.007845373631,1.528551874,1
Exit_fixed,2018-01,-0.001185294085,-0.0009624685413,0.001138675003,5.553156114e-06,0.0002172723872,0.01837004794,1.52674009,1
Exit_fixed,2018-02,0.004163344211,0.004384902436,0.001138675003,2.060633505e-05,0.0002009518892,0.04164888964,1.533096435,1
Exit_fixed,2018-03,-0.005302653288,-0.005080918164,0.001138675003,1.353834573e-05,0.000208196778,0.03655765106,1.524966956,1
Exit_fixed,2018-04,0.007613926286,0.007820634289,0.00134418443,4.557817286e-06,0.000202150185,0.008858146625,1.536577942,1
Exit_fixed,2018-05,-0.003942275202,-0.00372182999,0.00134418443,1.639632171e-05,0.0002040488903,0.03094518632,1.530520329,1
Exit_fixed,2018-06,-0.006222936847,-0.005999891037,0.00134418443,1.727670602e-05,0.0002057691035,0.02514686264,1.520995998,1
Exit_fixed,2018-07,0.006777004934,0.00699615148,0.001549230951,7.41549034e-06,0.0002117310557,0.01508700176,1.531303795,1
Exit_fixed,2018-08,-0.01114525787,-0.0109326771,0.001549230951,9.295705144e-06,0.0002032850667,0.01470823448,1.514237019,1
Exit_fixed,2018-09,0.008758502534,0.008994200861,0.001549230951,2.557882304e-05,0.0002101195041,0.03413606209,1.527499468,1
Exit_fixed,2018-10,0.03581431729,0.03602768093,0.00175381674,1.057922748e-05,0.0002027844093,0.01724805556,1.582205819,1
Exit_fixed,2018-11,-0.01385270026,-0.01361982133,0.00175381674,2.296020662e-05,0.0002099187296,0.0539331419,1.560287996,1
Exit_fixed,2018-12,-0.009485808927,-0.009266973269,0.00175381674,8.17079468e-06,0.0002106648634,0.01642076658,1.545487402,1
Exit_fixed,2019-01,0.02910772275,0.02932115604,0.001957943956,5.599569418e-06,0.000207833719,0.01576443244,1.590473021,1
Exit_fixed,2019-02,0.003502050157,0.003721409341,0.001957943956,1.343142027e-05,0.0002059277635,0.02658925929,1.596042937,1
Exit_fixed,2019-03,-0.004461587061,-0.004248569614,0.001957943956,7.135393948e-06,0.0002058820529,0.01350647769,1.588922053,1
Exit_fixed,2019-04,0.006816637478,0.007031773472,0.001957943956,9.435631762e-06,0.0002057003625,0.0138406348,1.599753158,1
Exit_fixed,2019-05,0.0006677675448,0.0008799404844,0.001957943956,5.122916041e-06,0.0002070500235,0.01455041131,1.600821421,1
Exit_fixed,2019-06,0.01117701949,0.01139433989,0.001957943956,3.94684705e-06,0.0002133735536,0.008169802547,1.618713834,1
Exit_fixed,2019-07,0.01747870852,0.01769402204,0.001957943956,1.214107917e-05,0.0002031724377,0.02192973207,1.647006861,1
Exit_fixed,2019-08,-0.01245150628,-0.01224029658,0.001957943956,6.689194614e-06,0.0002045205034,0.0263197257,1.626499145,1
Exit_fixed,2019-09,0.00711269247,0.007339430703,0.00175381674,1.979910237e-05,0.0002069391306,0.02343176414,1.638067933,1
Exit_fixed,2019-10,0.004451558613,0.004666829547,0.001549230951,2.403459294e-06,0.0002128674752,0.00842833173,1.645359888,1
Exit_fixed,2019-11,-0.01258133724,-0.01236097225,0.00134418443,1.279934706e-05,0.0002075656465,0.02002061628,1.624659061,1
Exit_fixed,2019-12,0.009085080015,0.009310759021,0.00134418443,1.202758898e-05,0.0002136514178,0.01682516804,1.639419218,1
Exit_fixed,2020-01,-0.003120168648,-0.002902735101,0.00134418443,1.46830252e-05,0.0002027505219,0.02387061217,1.634303954,1
Exit_fixed,2020-02,-0.01026828319,-0.01004450553,0.00134418443,1.682900802e-05,0.0002069486552,0.02831841963,1.617522458,1
Exit_fixed,2020-03,-0.03750296609,-0.03727847441,0.00134418443,1.986205581e-05,0.0002046296317,0.05317351217,1.556860568,1
Exit_fixed,2020-04,-0.005770462352,-0.005521623238,0.0001041070355,3.836508666e-05,0.0002104740272,0.08008727925,1.547876763,1
Exit_fixed,2020-05,-0.0086729964,-0.008438531756,0.0001041070355,2.056604478e-05,0.0002138985998,0.0634794033,1.534452033,1
Exit_fixed,2020-06,-0.005025399488,-0.004796278931,0.0001041070355,2.007565365e-05,0.0002090449028,0.06812297408,1.526740799,1
Exit_fixed,2020-07,-0.009392381099,-0.009157364576,0.0001041070355,1.461751754e-05,0.0002203990049,0.05071688788,1.512401067,1
Exit_fixed,2020-08,-0.006223230881,-0.005978670067,0.0001041070355,3.553329451e-05,0.0002090275195,0.0923907815,1.502989046,1
Exit_fixed,2020-09,-0.00694347841,-0.006715836372,0.0001041070355,2.31893564e-05,0.0002044526819,0.06540109509,1.492553074,1
Exit_fixed,2020-10,-0.00598969162,-0.005761024412,0.0001041070355,1.902741636e-05,0.0002096397923,0.0524028071,1.483613142,1
Exit_fixed,2020-11,0.02019176575,0.02041856949,0.0001041070355,1.451568561e-05,0.0002122880558,0.04859437485,1.513569911,1
Exit_fixed,2020-12,-7.743835835e-05,0.000164494175,0.0001041070355,2.94793658e-05,0.0002124531675,0.06607553134,1.513452702,1
Exit_fixed,2021-01,-0.007134455068,-0.006910742368,0.0001041070355,1.815269779e-05,0.0002055600023,0.05694963827,1.502655042,1
Exit_fixed,2021-02,0.006689505044,0.006918441437,0.0001041070355,2.229792448e-05,0.0002066384685,0.05648026468,1.51270706,1
Exit_fixed,2021-03,0.008699960693,0.008904214037,0.0001041070355,3.564069969e-06,0.000200689274,0.01045281847,1.525867552,1
Exit_fixed,2021-04,0.01431053517,0.01454118029,0.0001041070355,1.736314723e-05,0.0002132819648,0.03648470741,1.547703534,1
Exit_fixed,2021-05,0.009428721868,0.00965457013,0.0001041070355,1.716909281e-05,0.0002086791697,0.0233125346,1.5622964,1
Exit_fixed,2021-06,0.0163885985,0.01659805822,0.0001041070355,4.717391488e-06,0.0002047423272,0.009461255548,1.587900248,1
Exit_fixed,2021-07,-0.009134643424,-0.00891009832,0.0001041070355,1.525764595e-05,0.0002092874577,0.0368088582,1.573395346,1
Exit_fixed,2021-08,-0.004400962712,-0.004188029909,0.0001041070355,5.247158249e-06,0.0002076856446,0.0117529264,1.566470891,1
Exit_fixed,2021-09,-0.001886721377,-0.001680139762,0.0001041070355,2.517307373e-06,0.000204064307,0.00471720326,1.563515397,1
Exit_fixed,2021-10,0.001539551543,0.001757887271,0.0001041070355,1.11452867e-05,0.0002071904413,0.02064683036,1.56592251,1
Exit_fixed,2021-11,-0.001660988048,-0.001442129252,0.0001041070355,1.206605004e-05,0.0002067927462,0.02245549419,1.563321531,1
Exit_fixed,2021-12,0.0105698357,0.01078237479,0.0001041070355,6.620164397e-06,0.0002059189251,0.01973295455,1.579845583,1
Exit_fixed,2022-01,0.01429391711,0.01450356805,0.0001041070355,3.177998988e-06,0.0002064729445,0.01302066745,1.602427765,1
Exit_fixed,2022-02,0.01199426615,0.01221326681,0.0001041070355,1.028479367e-05,0.0002087158622,0.02308140212,1.62164771,1
Exit_fixed,2022-03,0.04219454286,0.0424074388,0.0001041070355,1.086209679e-05,0.0002020338399,0.01696207457,1.690072394,1
Exit_fixed,2022-04,0.01997687751,0.02019909547,0.0003119641739,2.574119549e-05,0.0001964767607,0.0822572954,1.723834763,1
Exit_fixed,2022-05,0.003728748403,0.003963462748,0.0003119641739,2.323119299e-05,0.0002114831512,0.08118724785,1.730262509,1
Exit_fixed,2022-06,-0.002409375533,-0.002200398393,0.0007262586484,9.966173507e-06,0.0001990109668,0.01487993831,1.726093657,1
Exit_fixed,2022-07,0.007844475639,0.008077455421,0.00134418443,2.459882978e-05,0.0002083809521,0.04558712996,1.739633957,1
Exit_fixed,2022-08,0.01373945639,0.01394697699,0.001957943956,4.925783912e-06,0.0002025948106,0.01250370152,1.763535581,1
Exit_fixed,2022-09,-0.001785910514,-0.001578323641,0.001957943956,6.152529568e-06,0.0002014343435,0.02952238212,1.760386065,1
Exit_fixed,2022-10,0.01477232203,0.01499331951,0.002567595531,1.370916646e-05,0.0002072883077,0.03494430096,1.786391055,1
Exit_fixed,2022-11,-0.01875755054,-0.01853170111,0.002567595531,5.45007595e-06,0.0002203993514,0.01632325377,1.752882734,1
Exit_fixed,2022-12,-0.0138350089,-0.01360036156,0.003173196228,1.773553186e-05,0.0002169118128,0.05694153833,1.728631586,1
Exit_fixed,2023-01,0.01072844287,0.0109532387,0.003574707178,1.365731947e-05,0.0002111385076,0.03938643734,1.747177111,1
Exit_fixed,2023-02,0.0160090878,0.01621960038,0.003574707178,9.078975916e-06,0.0002014336008,0.01109011042,1.775147823,1
Exit_fixed,2023-03,0.001733490769,0.001958793617,0.003774801921,1.165244368e-05,0.0002136504041,0.03511680778,1.778225025,1
Exit_fixed,2023-04,0.0119351112,0.01216207008,0.003974458863,1.97782168e-05,0.0002071806649,0.06323492535,1.799448339,1
Exit_fixed,2023-05,0.01565699634,0.01587393728,0.003974458863,1.411183566e-05,0.0002028291036,0.05669378639,1.827622295,1
Exit_fixed,2023-06,0.0302246063,0.03044108314,0.004173680002,9.988237058e-06,0.0002064886032,0.02856062161,1.882861459,1
Exit_fixed,2023-07,0.007354492254,0.007576485734,0.004173680002,1.036005236e-05,0.0002116334273,0.02549677321,1.896708949,1
Exit_fixed,2023-08,0.002546914665,0.002768698841,0.004372467323,1.752075789e-05,0.0002042634179,0.05488178308,1.901539705,1
Exit_fixed,2023-09,0.0140508139,0.01426371958,0.004372467323,9.574403433e-06,0.000203331284,0.02223915857,1.928257885,1
Exit_fixed,2023-10,-0.0002161944525,1.03554276e-05,0.004372467323,1.915782032e-05,0.0002073920598,0.06740120057,1.927841007,1
Exit_fixed,2023-11,0.005907851169,0.006129857027,0.004372467323,8.143452298e-06,0.000213862405,0.04059491704,1.939230404,1
Exit_fixed,2023-12,0.002806441874,0.003038246618,0.004372467323,1.792980093e-05,0.0002138749431,0.06064286451,1.944672742,1
Exit_fixed,2024-01,0.01455640635,0.01477615103,0.004372467323,1.788892748e-05,0.000201855753,0.06468522751,1.972980189,1
Exit_fixed,2024-02,0.007176503432,0.00740205301,0.004372467323,1.892584439e-05,0.0002066237332,0.06789498705,1.987139288,1
Exit_fixed,2024-03,0.008702426831,0.008920510544,0.004372467323,1.062458361e-05,0.0002074591294,0.04856625243,2.004432222,1
Exit_fixed,2024-04,0.009577668858,0.009790953247,0.004372467323,9.701331373e-06,0.0002035830577,0.04774688044,2.02363001,1
Exit_fixed,2024-05,0.002815963313,0.003043544045,0.004372467323,1.803437571e-05,0.0002095463563,0.06440012696,2.029328478,1
Exit_fixed,2024-06,8.696164132e-05,0.0003024222095,0.004372467323,1.079794492e-05,0.0002046626233,0.04538353827,2.029504952,1
Exit_fixed,2024-07,-0.01521365281,-0.01496593934,0.004372467323,3.123500761e-05,0.0002164784645,0.09821333376,1.998628768,1
Exit_fixed,2024-08,-0.000989688939,-0.0007672020762,0.004372467323,7.914181375e-06,0.0002145726814,0.03712155624,1.996650747,1
Exit_fixed,2024-09,0.01293283754,0.01315754042,0.004372467323,1.339210899e-05,0.0002113107652,0.05420913988,2.022473107,1
Exit_fixed,2024-10,0.007756112586,0.007973430389,0.003974458863,1.925239447e-05,0.0001980654082,0.05317708091,2.038159636,1
Exit_fixed,2024-11,-0.0109608725,-0.01073105761,0.003974458863,2.256096602e-05,0.0002072539175,0.05117024265,2.015819628,1
Exit_fixed,2024-12,0.01374879469,0.01396283018,0.003774801921,1.180404931e-05,0.0002022314397,0.02208060519,2.043534718,1
Exit_fixed,2025-01,0.01575985532,0.01598791789,0.003574707178,1.83431549e-05,0.0002097194186,0.06141432407,2.07574053,1
Exit_fixed,2025-02,0.0005624466654,0.0007992532038,0.003574707178,2.454413552e-05,0.0002122624029,0.05886210335,2.076908023,1
Exit_fixed,2025-03,5.108481809e-07,0.0002300264777,0.003574707178,1.47960361e-05,0.0002147195934,0.05374597165,2.076909084,1
Exit_fixed,2025-04,-0.0008000196624,-0.0005660548802,0.003574707178,1.622119274e-05,0.0002177435894,0.05501463551,2.075247516,1
Exit_fixed,2025-05,0.006532351125,0.006765197293,0.003574707178,2.476811231e-05,0.0002080780561,0.07410594833,2.088803761,1
Exit_fixed,2025-06,0.01559631294,0.01580904764,0.003574707178,2.891714124e-06,0.0002098429905,0.007157694613,2.121381398,1
Exit_fixed,2025-07,0.00924214661,0.009462560729,0.003574707178,1.839538558e-05,0.0002020187328,0.05215107255,2.140987516,1
Exit_fixed,2025-08,0.007883514961,0.008105655952,0.003574707178,9.580653023e-06,0.0002125603381,0.03236811145,2.157866024,1
Exit_fixed,2025-09,0.01102907775,0.01124806144,0.003574707178,1.040587567e-05,0.0002085778164,0.01784354888,2.181665296,1
Exit_fixed,2025-10,0.009902508963,0.01012233204,0.003374172623,1.681418558e-05,0.0002030088871,0.05274589322,2.203269256,1
Exit_fixed,2025-11,0.0135651867,0.01377977525,0.003173196228,7.618350939e-06,0.0002069701901,0.02743296265,2.233157015,1
Exit_fixed,2025-12,-0.0002870955249,-6.332205654e-05,0.003173196228,1.342565981e-05,0.0002103478086,0.049942332,2.232515885,1
Exit_fixed,2026-01,0.01229704643,0.01251648142,0.002971775953,6.305860044e-06,0.0002131291237,0.01593790244,2.259969237,1
Exit_fixed,2026-02,0.01105928063,0.01127895109,0.002971775953,1.432789493e-05,0.000205342564,0.021111161,2.284962871,1
Exit_fixed,2026-03,0.0134713535,0.0136809843,0.002971775953,7.597897517e-06,0.0002020328959,0.02257331556,2.315744413,1
Exit_fixed,2026-04,0.01308119479,0.01330379794,0.002971775953,1.00421453e-05,0.0002125610056,0.03153865813,2.346037117,1
Exit_fixed,2026-05,0.005614009279,0.005833735925,0.002971775953,1.327609868e-05,0.0002064505473,0.01840180337,2.359207791,1
Exit_fixed,2026-06,0.009891909709,0.01010777954,0.002971775953,1.352891836e-05,0.000202340915,0.05010680591,2.382544862,1
Exit_fixed,2026-07,0.008400490264,0.0086327064,0.002971775953,2.093166368e-05,0.0002112844725,0.06571739722,2.402559407,1
Exit_fixed,2026-08,0.0008639122532,0.001506947577,0.002971775953,0.0004342481381,0.0002087871857,1.052470774,2.404635007,1
Exit_total,2010-03,0.001678367382,0.001728602374,0.0001041070355,3.333333333e-05,1.690165809e-05,0.08333333333,1.354075272,0.08333333333
Exit_total,2010-04,0.003171523649,0.003238870269,0.0001041070355,3.303051081e-05,3.431610936e-05,0.08404106517,1.358369754,0.1666666667
Exit_total,2010-05,-0.003218686778,-0.003135810631,0.0001041070355,3.191664234e-05,5.095950462e-05,0.08265588899,1.353997587,0.25
Exit_total,2010-06,0.001873421728,0.001980775315,0.0001041070355,3.689345152e-05,7.046013505e-05,0.09115376504,1.356534195,0.3333333333
Exit_total,2010-07,-0.001746774736,-0.001625055087,0.0001041070355,3.112615185e-05,9.059349691e-05,0.07717003583,1.354164636,0.4166666667
Exit_total,2010-08,-0.0004832906347,-0.0003904219146,0.0001041070355,6.192189079e-06,8.667653093e-05,0.01727406621,1.353510181,0.4166666667
Exit_total,2010-09,-0.00124349075,-0.001150661187,0.0001041070355,2.113521803e-06,9.071604152e-05,0.007468830223,1.351827103,0.4166666667
Exit_total,2010-10,-0.004510894361,-0.004377055208,0.0001041070355,2.722174462e-05,0.0001066174081,0.07230979851,1.345729154,0.5
Exit_total,2010-11,0.01145196938,0.01159832874,0.0001041070355,3.086436445e-05,0.0001154949962,0.07579504068,1.361140403,0.5833333333
Exit_total,2010-12,-2.591683582e-05,0.0001586435461,0.0001041070355,4.155205239e-05,0.0001430083295,0.1071256261,1.361105127,0.6666666667
Exit_total,2011-01,0.0009097155143,0.001092776358,0.0001041070355,2.56846625e-05,0.0001573761815,0.06587304882,1.362343345,0.75
Exit_total,2011-02,0.0047380865,0.004921678856,0.0001041070355,4.37401368e-05,0.0001398522193,0.1277936255,1.368798246,0.6666666667
Exit_total,2011-03,0.002157970375,0.002311202191,0.0001041070355,1.323583516e-05,0.0001399959811,0.04580599545,1.371752072,0.6666666667
Exit_total,2011-04,0.002704326006,0.002863861612,0.0001041070355,1.610496563e-05,0.0001434306412,0.05146011743,1.375461737,0.6666666667
Exit_total,2011-05,0.00309401007,0.003247598883,0.0001041070355,1.716095508e-05,0.0001364278576,0.05473331,1.379717429,0.6666666667
Exit_total,2011-06,-0.003739442575,-0.003585725179,0.0001041070355,1.358973911e-05,0.0001401276566,0.05262403211,1.374558055,0.6666666667
Exit_total,2011-07,-0.003552818009,-0.003395996012,0.0001041070355,1.628103294e-05,0.0001405409647,0.05270132432,1.3696745,0.6666666667
Exit_total,2011-08,-0.005912314781,-0.005720961128,0.0001041070355,3.299322066e-05,0.0001583604321,0.07635411354,1.361576554,0.75
Exit_total,2011-09,-0.02822558038,-0.0280226895,0.0001041070355,3.519691674e-05,0.000167693964,0.08177337065,1.323145265,0.8333333333
Exit_total,2011-10,0.03546039081,0.03571377022,0.0001041070355,6.041932719e-05,0.0001929600887,0.1170315535,1.370064513,0.9166666667
Exit_total,2011-11,-0.02142013987,-0.02119572878,0.0001041070355,1.923758645e-05,0.0002051734998,0.07157279208,1.34071754,1
Exit_total,2011-12,-0.0005877990607,-0.0003607474048,0.0001041070355,2.152428259e-05,0.0002055273733,0.06348901147,1.339929467,1
Exit_total,2012-01,0.01809859081,0.01831707642,0.0001041070355,6.781131872e-06,0.0002117044774,0.01388164614,1.364180302,1
Exit_total,2012-02,0.02319875768,0.02342043305,0.0001041070355,1.666883703e-05,0.0002050065395,0.01817475102,1.395827591,1
Exit_total,2012-03,-0.01105786676,-0.01084596889,0.0001041070355,6.048261134e-06,0.0002058496102,0.02278768015,1.380392715,1
Exit_total,2012-04,-0.009834542655,-0.009564847707,0.0001041070355,0.0001298745986,0.0001398203498,0.3215606691,1.366817184,0.6666666667
Exit_total,2012-05,-0.01296169232,-0.01282145232,0.0001041070355,4.409014919e-06,0.0001358309802,0.009964134409,1.34910092,0.6666666667
Exit_total,2012-06,0.003715240433,0.003866961138,0.0001041070355,1.24766124e-05,0.000139244093,0.02937901292,1.354113155,0.6666666667
Exit_total,2012-07,0.006718183948,0.006861799781,0.0001041070355,5.20978055e-06,0.0001384060524,0.01274644096,1.363210336,0.6666666667
Exit_total,2012-08,0.002211852013,0.002354933767,0.0001041070355,2.606532117e-06,0.0001404752219,0.01025496624,1.366225555,0.6666666667
Exit_total,2012-09,-0.001744553623,-0.001552679311,0.0001041070355,3.279710488e-05,0.0001590772078,0.07493635355,1.363842102,0.75
Exit_total,2012-10,0.003337305742,0.003538920256,0.0001041070355,3.00236537e-05,0.0001715908599,0.07005858179,1.36839366,0.8333333333
Exit_total,2012-11,-0.0009838559956,-0.0007589171307,0.0001041070355,3.726047816e-05,0.0001876783868,0.09232050938,1.367047357,0.9166666667
Exit_total,2012-12,0.02127553856,0.02152568923,0.0001041070355,4.429335138e-05,0.0002058573206,0.09908757425,1.396132026,1
Exit_total,2013-01,0.02168667917,0.02189929826,0.0001041070355,7.087705305e-06,0.0002055313899,0.02097532095,1.426409494,1
Exit_total,2013-02,0.01191681089,0.01212863039,0.0001041070355,8.083491551e-06,0.0002037360086,0.0239240822,1.443407746,1
Exit_total,2013-03,-0.0003162680025,0.0001041070355,0.0001041070355,0.000420375038,0,0.9783324692,1.442951242,0
Exit_total,2013-04,0.0001041070355,0.0001041070355,0.0001041070355,0,0,0,1.443101463,0
Exit_total,2013-05,0.0001041070355,0.0001041070355,0.0001041070355,0,0,0,1.4432517,0
Exit_total,2013-06,0.0001041070355,0.0001041070355,0.0001041070355,0,0,0,1.443401953,0
Exit_total,2013-07,0.0001041070355,0.0001041070355,0.0001041070355,0,0,0,1.443552221,0
Exit_total,2013-08,-0.0004106521718,-0.0003579273642,0.0001041070355,3.541666667e-05,1.730814099e-05,0.08333333333,1.442959424,0.08333333333
Exit_total,2013-09,0.002407744582,0.002478858375,0.0001041070355,3.592116056e-05,3.519263253e-05,0.08401315641,1.446433701,0.1666666667
Exit_total,2013-10,0.001446988118,0.00153196203,0.0001041070355,3.279994599e-05,5.217396524e-05,0.0791070473,1.448526674,0.25
Exit_total,2013-11,-0.001450052834,-0.001348444598,0.0001041070355,3.361565384e-05,6.799258234e-05,0.08182795654,1.446426233,0.3333333333
Exit_total,2013-12,0.00226663506,0.002393011372,0.0001041070355,4.009715628e-05,8.627915607e-05,0.09127338492,1.449704754,0.4166666667
Exit_total,2014-01,-0.005673749993,-0.005532760024,0.0001041070355,3.646514363e-05,0.0001045248254,0.08450092134,1.441479492,0.5
Exit_total,2014-02,0.006909766757,0.007067983593,0.0001041070355,3.512257167e-05,0.0001230942644,0.08440570584,1.451439779,0.5833333333
Exit_total,2014-03,0.007106327138,0.007270939964,0.0001041070355,2.684647841e-05,0.0001377663481,0.07678789493,1.461754184,0.6666666667
Exit_total,2014-04,-0.0002210935565,-3.334050409e-05,0.0001041070355,3.060719111e-05,0.0001571458613,0.08625180153,1.461431,0.75
Exit_total,2014-05,0.005030861666,0.005234151346,0.0001041070355,3.04378001e-05,0.0001728518804,0.07899002334,1.468783257,0.8333333333
Exit_total,2014-06,0.004429851857,0.004652901221,0.0001041070355,3.141677923e-05,0.0001916325841,0.08600378518,1.475289749,0.9166666667
Exit_total,2014-07,-0.001292594341,-0.001058614056,0.0001041070355,2.932447973e-05,0.0002046558062,0.0796653192,1.473382798,1
Exit_total,2014-08,0.009514516848,0.009735854929,0.0001041070355,1.556703911e-05,0.0002057710417,0.05326439226,1.487401324,1
Exit_total,2014-09,-0.002607929097,-0.002396882903,0.0001041070355,1.298979753e-05,0.000198056397,0.05195084296,1.483522287,1
Exit_total,2014-10,0.005165547702,0.005404597988,0.0001041070355,3.322480015e-05,0.0002058254856,0.08416954958,1.491185492,1
Exit_total,2014-11,0.004601730048,0.004816898134,0.0001041070355,1.279621616e-05,0.0002023718699,0.05193989306,1.498047525,1
Exit_total,2014-12,-0.001774421948,-0.001551310388,0.0001041070355,2.735564134e-05,0.0001957559186,0.08199452633,1.495389356,0.9583333333
Exit_total,2015-01,-0.003483443992,-0.003252583461,0.0001041070355,2.943811855e-05,0.0002014224129,0.09790722128,1.490180251,1
Exit_total,2015-02,-0.009290169842,-0.009062061571,0.0001041070355,2.155731368e-05,0.0002065509578,0.08743428442,1.476336224,1
Exit_total,2015-03,-0.01657786383,-0.01634790089,0.0001041070355,2.763250222e-05,0.000202330433,0.06444768779,1.451861723,1
Exit_total,2015-04,0.02669799412,0.02694697069,0.0001041070355,3.403668918e-05,0.0002149398838,0.07487924382,1.490623519,1
Exit_total,2015-05,-0.007216073959,-0.006981540694,0.0001041070355,3.176516849e-05,0.0002027680967,0.0702472254,1.479867069,1
Exit_total,2015-06,-0.003035211799,-0.002799698608,0.0001041070355,2.26086775e-05,0.0002129045135,0.06001836449,1.475375359,1
Exit_total,2015-07,-0.01668955245,-0.0164690288,0.0001041070355,1.793478675e-05,0.0002025888629,0.05337287553,1.450752005,1
Exit_total,2015-08,-0.02939459606,-0.02915437682,0.0001041070355,2.74666862e-05,0.0002127525546,0.07002262853,1.408107735,1
Exit_total,2015-09,-0.02581424236,-0.02558542299,0.0001041070355,1.965659253e-05,0.0002091627733,0.06093938446,1.371758501,1
Exit_total,2015-10,0.02294747978,0.02317787891,0.0001041070355,2.519132618e-05,0.0002052078029,0.06034933413,1.403236902,1
Exit_total,2015-11,0.01642262052,0.01664446324,0.0001041070355,1.984088003e-05,0.0002020018395,0.06509537478,1.426281729,1
Exit_total,2015-12,-0.02860729015,-0.02838499078,0.0001041070355,7.696446748e-06,0.000214602924,0.03128308657,1.385479673,1
Exit_total,2016-01,-0.00337899427,-0.003160984092,0.0003119641739,1.082017475e-05,0.0002071900033,0.03503865162,1.380798146,1
Exit_total,2016-02,0.01770786532,0.01791982343,0.0003119641739,3.94108557e-06,0.0002080170208,0.008961433371,1.405249133,1
Exit_total,2016-03,0.01531911836,0.0155442478,0.0003119641739,6.145947502e-06,0.0002189835008,0.01730148685,1.426776311,1
Exit_total,2016-04,0.01869508596,0.01893488246,0.0003119641739,3.049196643e-05,0.0002093045321,0.04991775712,1.453450017,1
Exit_total,2016-05,0.001523919838,0.001736320701,0.0003119641739,9.955787799e-06,0.0002024450746,0.01828115061,1.455664958,1
Exit_total,2016-06,0.03690724595,0.03712283294,0.0003119641739,9.69040309e-06,0.0002058965808,0.02868438801,1.509389543,1
Exit_total,2016-07,-0.001546485252,-0.001312562884,0.0003119641739,2.694214302e-05,0.0002069802243,0.05047201911,1.507055294,1
Exit_total,2016-08,0.006115164529,0.006326828449,0.0003119641739,2.410765525e-06,0.0002092531552,0.008060205533,1.516271185,1
Exit_total,2016-09,0.002742408451,0.002955341896,0.0003119641739,5.198278167e-06,0.0002077351669,0.00626885477,1.52042942,1
Exit_total,2016-10,0.01938931977,0.01959374941,0.0003119641739,2.636400891e-06,0.0002017932409,0.006139688451,1.549909512,1
Exit_total,2016-11,-0.001061493106,-0.0008467631865,0.0003119641739,1.11618775e-05,0.0002035680415,0.03685366183,1.548264294,1
Exit_total,2016-12,0.01190373314,0.01212806727,0.0003119641739,1.566660022e-05,0.0002086675359,0.02464177774,1.566694419,1
Exit_total,2017-01,0.008908435644,0.009134704197,0.0005193472934,1.255854815e-05,0.0002137100047,0.02016857805,1.580651215,1
Exit_total,2017-02,0.01288837024,0.01310704975,0.0005193472934,1.46618778e-05,0.0002040176323,0.02490734438,1.601023233,1
Exit_total,2017-03,-0.01032569871,-0.01010858419,0.0005193472934,6.544014962e-06,0.000210570505,0.02333425263,1.58449155,1
Exit_total,2017-04,-0.0120254589,-0.01181067581,0.0007262586484,2.89366766e-06,0.0002118894258,0.01073881728,1.565437312,1
Exit_total,2017-05,-0.009481934242,-0.009261128073,0.0007262586484,8.285410623e-06,0.0002125207579,0.02128241716,1.550593938,1
Exit_total,2017-06,-0.002035410524,-0.001816322902,0.0007262586484,5.933357289e-06,0.0002131542654,0.021866839,1.547437843,1
Exit_total,2017-07,0.009186304028,0.009407403699,0.0009327004774,5.922043646e-06,0.0002151776277,0.02344401496,1.561653077,1
Exit_total,2017-08,-0.008889582368,-0.008661858329,0.0009327004774,1.697951946e-05,0.00021074452,0.03146362707,1.547770634,1
Exit_total,2017-09,0.0105443738,0.01075526227,0.0009327004774,4.692004412e-06,0.0002061964695,0.01329604097,1.564090906,1
Exit_total,2017-10,-0.002890380664,-0.002680104973,0.0009327004774,5.881951996e-06,0.0002043937388,0.0150520658,1.559570088,1
Exit_total,2017-11,-0.001167146276,-0.0009492301951,0.0009327004774,7.722381145e-06,0.0002101936995,0.02005893996,1.557749841,1
Exit_total,2017-12,-0.002290151889,-0.002075014787,0.0009327004774,3.447240688e-06,0.0002116898611,0.007845373631,1.554182358,1
Exit_total,2018-01,-0.001185294085,-0.0009624685413,0.001138675003,5.553156114e-06,0.0002172723872,0.01837004794,1.552340194,1
Exit_total,2018-02,0.004163344211,0.004384902436,0.001138675003,2.060633505e-05,0.0002009518892,0.04164888964,1.558803121,1
Exit_total,2018-03,-0.005302653288,-0.005080918164,0.001138675003,1.353834573e-05,0.000208196778,0.03655765106,1.550537329,1
Exit_total,2018-04,0.007613926286,0.007820634289,0.00134418443,4.557817286e-06,0.000202150185,0.008858146625,1.562343005,1
Exit_total,2018-05,-0.003942275202,-0.00372182999,0.00134418443,1.639632171e-05,0.0002040488903,0.03094518632,1.556183819,1
Exit_total,2018-06,-0.006222936847,-0.005999891037,0.00134418443,1.727670602e-05,0.0002057691035,0.02514686264,1.546499786,1
Exit_total,2018-07,0.006777004934,0.00699615148,0.001549230951,7.41549034e-06,0.0002117310557,0.01508700176,1.556980422,1
Exit_total,2018-08,-0.01114525787,-0.0109326771,0.001549230951,9.295705144e-06,0.0002032850667,0.01470823448,1.539627474,1
Exit_total,2018-09,0.008758502534,0.008994200861,0.001549230951,2.557882304e-05,0.0002101195041,0.03413606209,1.553112305,1
Exit_total,2018-10,0.03581431729,0.03602768093,0.00175381674,1.057922748e-05,0.0002027844093,0.01724805556,1.608735962,1
Exit_total,2018-11,-0.01385270026,-0.01361982133,0.00175381674,2.296020662e-05,0.0002099187296,0.0539331419,1.586450625,1
Exit_total,2018-12,-0.009485808927,-0.009266973269,0.00175381674,8.17079468e-06,0.0002106648634,0.01642076658,1.571401858,1
Exit_total,2019-01,0.02910772275,0.02932115604,0.001957943956,5.599569418e-06,0.000207833719,0.01576443244,1.617141787,1
Exit_total,2019-02,0.003502050157,0.003721409341,0.001957943956,1.343142027e-05,0.0002059277635,0.02658925929,1.622805099,1
Exit_total,2019-03,-0.004461587061,-0.004248569614,0.001957943956,7.135393948e-06,0.0002058820529,0.01350647769,1.615564813,1
Exit_total,2019-04,0.006816637478,0.007031773472,0.001957943956,9.435631762e-06,0.0002057003625,0.0138406348,1.626577532,1
Exit_total,2019-05,0.0006677675448,0.0008799404844,0.001957943956,5.122916041e-06,0.0002070500235,0.01455041131,1.627663708,1
Exit_total,2019-06,0.01117701949,0.01139433989,0.001957943956,3.94684705e-06,0.0002133735536,0.008169802547,1.645856137,1
Exit_total,2019-07,0.01747870852,0.01769402204,0.001957943956,1.214107917e-05,0.0002031724377,0.02192973207,1.674623577,1
Exit_total,2019-08,-0.01245150628,-0.01224029658,0.001957943956,6.689194614e-06,0.0002045205034,0.0263197257,1.653771991,1
Exit_total,2019-09,0.00711269247,0.007339430703,0.00175381674,1.979910237e-05,0.0002069391306,0.02343176414,1.665534762,1
Exit_total,2019-10,0.004451558613,0.004666829547,0.001549230951,2.403459294e-06,0.0002128674752,0.00842833173,1.672948988,1
Exit_total,2019-11,-0.01258133724,-0.01236097225,0.00134418443,1.279934706e-05,0.0002075656465,0.02002061628,1.651901052,1
Exit_total,2019-12,0.009085080015,0.009310759021,0.00134418443,1.202758898e-05,0.0002136514178,0.01682516804,1.666908706,1
Exit_total,2020-01,-0.003120168648,-0.002902735101,0.00134418443,1.46830252e-05,0.0002027505219,0.02387061217,1.661707669,1
Exit_total,2020-02,-0.01026828319,-0.01004450553,0.00134418443,1.682900802e-05,0.0002069486552,0.02831841963,1.644644784,1
Exit_total,2020-03,-0.03750296609,-0.03727847441,0.00134418443,1.986205581e-05,0.0002046296317,0.05317351217,1.582965727,1
Exit_total,2020-04,-0.005770462352,-0.005521623238,0.0001041070355,3.836508666e-05,0.0002104740272,0.08008727925,1.573831283,1
Exit_total,2020-05,-0.0086729964,-0.008438531756,0.0001041070355,2.056604478e-05,0.0002138985998,0.0634794033,1.56018145,1
Exit_total,2020-06,-0.005025399488,-0.004796278931,0.0001041070355,2.007565365e-05,0.0002090449028,0.06812297408,1.552340915,1
Exit_total,2020-07,-0.009392381099,-0.009157364576,0.0001041070355,1.461751754e-05,0.0002203990049,0.05071688788,1.537760737,1
Exit_total,2020-08,-0.006223230881,-0.005978670067,0.0001041070355,3.553329451e-05,0.0002090275195,0.0923907815,1.528190897,1
Exit_total,2020-09,-0.00694347841,-0.006715836372,0.0001041070355,2.31893564e-05,0.0002044526819,0.06540109509,1.517579937,1
Exit_total,2020-10,-0.00598969162,-0.005761024412,0.0001041070355,1.902741636e-05,0.0002096397923,0.0524028071,1.508490101,1
Exit_total,2020-11,0.02019176575,0.02041856949,0.0001041070355,1.451568561e-05,0.0002122880558,0.04859437485,1.538949179,1
Exit_total,2020-12,-7.743835835e-05,0.000164494175,0.0001041070355,2.94793658e-05,0.0002124531675,0.06607553134,1.538830006,1
Exit_total,2021-01,-0.007134455068,-0.006910742368,0.0001041070355,1.815269779e-05,0.0002055600023,0.05694963827,1.527851292,1
Exit_total,2021-02,0.006689505044,0.006918441437,0.0001041070355,2.229792448e-05,0.0002066384685,0.05648026468,1.538071861,1
Exit_total,2021-03,0.008699960693,0.008904214037,0.0001041070355,3.564069969e-06,0.000200689274,0.01045281847,1.551453026,1
Exit_total,2021-04,0.01431053517,0.01454118029,0.0001041070355,1.736314723e-05,0.0002132819648,0.03648470741,1.573655149,1
Exit_total,2021-05,0.009428721868,0.00965457013,0.0001041070355,1.716909281e-05,0.0002086791697,0.0233125346,1.588492706,1
Exit_total,2021-06,0.0163885985,0.01659805822,0.0001041070355,4.717391488e-06,0.0002047423272,0.009461255548,1.614525875,1
Exit_total,2021-07,-0.009134643424,-0.00891009832,0.0001041070355,1.525764595e-05,0.0002092874577,0.0368088582,1.599777757,1
Exit_total,2021-08,-0.004400962712,-0.004188029909,0.0001041070355,5.247158249e-06,0.0002076856446,0.0117529264,1.592737194,1
Exit_total,2021-09,-0.001886721377,-0.001680139762,0.0001041070355,2.517307373e-06,0.000204064307,0.00471720326,1.589732143,1
Exit_total,2021-10,0.001539551543,0.001757887271,0.0001041070355,1.11452867e-05,0.0002071904413,0.02064683036,1.592179618,1
Exit_total,2021-11,-0.001660988048,-0.001442129252,0.0001041070355,1.206605004e-05,0.0002067927462,0.02245549419,1.589535026,1
Exit_total,2021-12,0.0105698357,0.01078237479,0.0001041070355,6.620164397e-06,0.0002059189251,0.01973295455,1.60633615,1
Exit_total,2022-01,0.01429391711,0.01450356805,0.0001041070355,3.177998988e-06,0.0002064729445,0.01302066745,1.629296986,1
Exit_total,2022-02,0.01199426615,0.01221326681,0.0001041070355,1.028479367e-05,0.0002087158622,0.02308140212,1.648839208,1
Exit_total,2022-03,0.04219454286,0.0424074388,0.0001041070355,1.086209679e-05,0.0002020338399,0.01696207457,1.718411225,1
Exit_total,2022-04,0.01997687751,0.02019909547,0.0003119641739,2.574119549e-05,0.0001964767607,0.0822572954,1.752739715,1
Exit_total,2022-05,0.003728748403,0.003963462748,0.0003119641739,2.323119299e-05,0.0002114831512,0.08118724785,1.759275241,1
Exit_total,2022-06,-0.002409375533,-0.002200398393,0.0007262586484,9.966173507e-06,0.0001990109668,0.01487993831,1.755036486,1
Exit_total,2022-07,0.007844475639,0.008077455421,0.00134418443,2.459882978e-05,0.0002083809521,0.04558712996,1.768803827,1
Exit_total,2022-08,0.01373945639,0.01394697699,0.001957943956,4.925783912e-06,0.0002025948106,0.01250370152,1.79310623,1
Exit_total,2022-09,-0.001785910514,-0.001578323641,0.001957943956,6.152529568e-06,0.0002014343435,0.02952238212,1.789903903,1
Exit_total,2022-10,0.01477232203,0.01499331951,0.002567595531,1.370916646e-05,0.0002072883077,0.03494430096,1.816344939,1
Exit_total,2022-11,-0.01875755054,-0.01853170111,0.002567595531,5.45007595e-06,0.0002203993514,0.01632325377,1.782274757,1
Exit_total,2022-12,-0.0138350089,-0.01360036156,0.003173196228,1.773553186e-05,0.0002169118128,0.05694153833,1.75761697,1
Exit_total,2023-01,0.01072844287,0.0109532387,0.003574707178,1.365731947e-05,0.0002111385076,0.03938643734,1.776473464,1
Exit_total,2023-02,0.0160090878,0.01621960038,0.003574707178,9.078975916e-06,0.0002014336008,0.01109011042,1.804913183,1
Exit_total,2023-03,0.001733490769,0.001958793617,0.003774801921,1.165244368e-05,0.0002136504041,0.03511680778,1.808041984,1
Exit_total,2023-04,0.0119351112,0.01216207008,0.003974458863,1.97782168e-05,0.0002071806649,0.06323492535,1.829621166,1
Exit_total,2023-05,0.01565699634,0.01587393728,0.003974458863,1.411183566e-05,0.0002028291036,0.05669378639,1.858267538,1
Exit_total,2023-06,0.0302246063,0.03044108314,0.004173680002,9.988237058e-06,0.0002064886032,0.02856062161,1.914432942,1
Exit_total,2023-07,0.007354492254,0.007576485734,0.004173680002,1.036005236e-05,0.0002116334273,0.02549677321,1.928512625,1
Exit_total,2023-08,0.002546914665,0.002768698841,0.004372467323,1.752075789e-05,0.0002042634179,0.05488178308,1.933424382,1
Exit_total,2023-09,0.0140508139,0.01426371958,0.004372467323,9.574403433e-06,0.000203331284,0.02223915857,1.960590568,1
Exit_total,2023-10,-0.0002161944525,1.03554276e-05,0.004372467323,1.915782032e-05,0.0002073920598,0.06740120057,1.960166699,1
Exit_total,2023-11,0.005907851169,0.006129857027,0.004372467323,8.143452298e-06,0.000213862405,0.04059491704,1.971747072,1
Exit_total,2023-12,0.002806441874,0.003038246618,0.004372467323,1.792980093e-05,0.0002138749431,0.06064286451,1.977280666,1
Exit_total,2024-01,0.01455640635,0.01477615103,0.004372467323,1.788892748e-05,0.000201855753,0.06468522751,2.006062766,1
Exit_total,2024-02,0.007176503432,0.00740205301,0.004372467323,1.892584439e-05,0.0002066237332,0.06789498705,2.020459283,1
Exit_total,2024-03,0.008702426831,0.008920510544,0.004372467323,1.062458361e-05,0.0002074591294,0.04856625243,2.038042182,1
Exit_total,2024-04,0.009577668858,0.009790953247,0.004372467323,9.701331373e-06,0.0002035830577,0.04774688044,2.057561875,1
Exit_total,2024-05,0.002815963313,0.003043544045,0.004372467323,1.803437571e-05,0.0002095463563,0.06440012696,2.063355894,1
Exit_total,2024-06,8.696164132e-05,0.0003024222095,0.004372467323,1.079794492e-05,0.0002046626233,0.04538353827,2.063535327,1
Exit_total,2024-07,-0.01521365281,-0.01496593934,0.004372467323,3.123500761e-05,0.0002164784645,0.09821333376,2.032141417,1
Exit_total,2024-08,-0.000989688939,-0.0007672020762,0.004372467323,7.914181375e-06,0.0002145726814,0.03712155624,2.030130229,1
Exit_total,2024-09,0.01293283754,0.01315754042,0.004372467323,1.339210899e-05,0.0002113107652,0.05420913988,2.056385573,1
Exit_total,2024-10,0.007756112586,0.007973430389,0.003974458863,1.925239447e-05,0.0001980654082,0.05317708091,2.072335131,1
Exit_total,2024-11,-0.0109608725,-0.01073105761,0.003974458863,2.256096602e-05,0.0002072539175,0.05117024265,2.04962053,1
Exit_total,2024-12,0.01374879469,0.01396283018,0.003774801921,1.180404931e-05,0.0002022314397,0.02208060519,2.077800342,1
Exit_total,2025-01,0.01575985532,0.01598791789,0.003574707178,1.83431549e-05,0.0002097194186,0.06141432407,2.110546175,1
Exit_total,2025-02,0.0005624466654,0.0007992532038,0.003574707178,2.454413552e-05,0.0002122624029,0.05886210335,2.111733244,1
Exit_total,2025-03,5.108481809e-07,0.0002300264777,0.003574707178,1.47960361e-05,0.0002147195934,0.05374597165,2.111734323,1
Exit_total,2025-04,-0.0008000196624,-0.0005660548802,0.003574707178,1.622119274e-05,0.0002177435894,0.05501463551,2.110044894,1
Exit_total,2025-05,0.006532351125,0.006765197293,0.003574707178,2.476811231e-05,0.0002080780561,0.07410594833,2.123828448,1
Exit_total,2025-06,0.01559631294,0.01580904764,0.003574707178,2.891714124e-06,0.0002098429905,0.007157694613,2.156952341,1
Exit_total,2025-07,0.00924214661,0.009462560729,0.003574707178,1.839538558e-05,0.0002020187328,0.05215107255,2.176887211,1
Exit_total,2025-08,0.007883514961,0.008105655952,0.003574707178,9.580653023e-06,0.0002125603381,0.03236811145,2.194048734,1
Exit_total,2025-09,0.01102907775,0.01124806144,0.003574707178,1.040587567e-05,0.0002085778164,0.01784354888,2.218247068,1
Exit_total,2025-10,0.009902508963,0.01012233204,0.003374172623,1.681418558e-05,0.0002030088871,0.05274589322,2.24021328,1
Exit_total,2025-11,0.0135651867,0.01377977525,0.003173196228,7.618350939e-06,0.0002069701901,0.02743296265,2.270602191,1
Exit_total,2025-12,-0.0002870955249,-6.332205654e-05,0.003173196228,1.342565981e-05,0.0002103478086,0.049942332,2.269950311,1
Exit_total,2026-01,0.01229704643,0.01251648142,0.002971775953,6.305860044e-06,0.0002131291237,0.01593790244,2.297863996,1
Exit_total,2026-02,0.01105928063,0.01127895109,0.002971775953,1.432789493e-05,0.000205342564,0.021111161,2.323276718,1
Exit_total,2026-03,0.0134713535,0.0136809843,0.002971775953,7.597897517e-06,0.0002020328959,0.02257331556,2.3545744,1
Exit_total,2026-04,0.01308119479,0.01330379794,0.002971775953,1.00421453e-05,0.0002125610056,0.03153865813,2.385375047,1
Exit_total,2026-05,0.005614009279,0.005833735925,0.002971775953,1.327609868e-05,0.0002064505473,0.01840180337,2.398766564,1
Exit_total,2026-06,0.009891909709,0.01010777954,0.002971775953,1.352891836e-05,0.000202340915,0.05010680591,2.422494947,1
Exit_total,2026-07,0.008400490264,0.0086327064,0.002971775953,2.093166368e-05,0.0002112844725,0.06571739722,2.442845092,1
Exit_total,2026-08,0.0008639122532,0.001506947577,0.002971775953,0.0004342481381,0.0002087871857,1.052470774,2.444955496,1
Exit_reversal,2010-03,0.001678367382,0.001728602374,0.0001041070355,3.333333333e-05,1.690165809e-05,0.08333333333,1.354075272,0.08333333333
Exit_reversal,2010-04,0.003171523649,0.003238870269,0.0001041070355,3.303051081e-05,3.431610936e-05,0.08404106517,1.358369754,0.1666666667
Exit_reversal,2010-05,-0.003218686778,-0.003135810631,0.0001041070355,3.191664234e-05,5.095950462e-05,0.08265588899,1.353997587,0.25
Exit_reversal,2010-06,0.001873421728,0.001980775315,0.0001041070355,3.689345152e-05,7.046013505e-05,0.09115376504,1.356534195,0.3333333333
Exit_reversal,2010-07,-0.001746774736,-0.001625055087,0.0001041070355,3.112615185e-05,9.059349691e-05,0.07717003583,1.354164636,0.4166666667
Exit_reversal,2010-08,-0.0009190481771,-0.0007861555079,0.0001041070355,2.8880832e-05,0.0001040118371,0.07475770587,1.352920093,0.5
Exit_reversal,2010-09,-0.001831420201,-0.001671651375,0.0001041070355,3.276636787e-05,0.0001270024581,0.08443674164,1.350442328,0.5833333333
Exit_reversal,2010-10,-0.004527688891,-0.004377055208,0.0001041070355,4.401627533e-05,0.0001066174081,0.1090401747,1.344327945,0.5
Exit_reversal,2010-11,0.01145197209,0.01159832874,0.0001041070355,3.086165156e-05,0.0001154949962,0.07578999281,1.359723151,0.5833333333
Exit_reversal,2010-12,-2.591683643e-05,0.0001586435461,0.0001041070355,4.1552053e-05,0.0001430083295,0.1071256276,1.359687912,0.6666666667
Exit_reversal,2011-01,0.0009097155143,0.001092776358,0.0001041070355,2.56846625e-05,0.0001573761815,0.06587304882,1.360924841,0.75
Exit_reversal,2011-02,0.0047380865,0.004921678856,0.0001041070355,4.37401368e-05,0.0001398522193,0.1277936255,1.367373021,0.6666666667
Exit_reversal,2011-03,0.002157970375,0.002311202191,0.0001041070355,1.323583516e-05,0.0001399959811,0.04580599545,1.370323771,0.6666666667
Exit_reversal,2011-04,0.002704326006,0.002863861612,0.0001041070355,1.610496563e-05,0.0001434306412,0.05146011743,1.374029573,0.6666666667
Exit_reversal,2011-05,0.00309401007,0.003247598883,0.0001041070355,1.716095508e-05,0.0001364278576,0.05473331,1.378280835,0.6666666667
Exit_reversal,2011-06,-0.003739442575,-0.003585725179,0.0001041070355,1.358973911e-05,0.0001401276566,0.05262403211,1.373126833,0.6666666667
Exit_reversal,2011-07,-0.003552818009,-0.003395996012,0.0001041070355,1.628103294e-05,0.0001405409647,0.05270132432,1.368248363,0.6666666667
Exit_reversal,2011-08,-0.005912314781,-0.005720961128,0.0001041070355,3.299322066e-05,0.0001583604321,0.07635411354,1.360158848,0.75
Exit_reversal,2011-09,-0.02822558038,-0.0280226895,0.0001041070355,3.519691674e-05,0.000167693964,0.08177337065,1.321767575,0.8333333333
Exit_reversal,2011-10,0.03546039081,0.03571377022,0.0001041070355,6.041932719e-05,0.0001929600887,0.1170315535,1.36863797,0.9166666667
Exit_reversal,2011-11,-0.02142013987,-0.02119572878,0.0001041070355,1.923758645e-05,0.0002051734998,0.07157279208,1.339321553,1
Exit_reversal,2011-12,-0.0005877990607,-0.0003607474048,0.0001041070355,2.152428259e-05,0.0002055273733,0.06348901147,1.338534301,1
Exit_reversal,2012-01,0.01809859081,0.01831707642,0.0001041070355,6.781131872e-06,0.0002117044774,0.01388164614,1.362759886,1
Exit_reversal,2012-02,0.02319875768,0.02342043305,0.0001041070355,1.666883703e-05,0.0002050065395,0.01817475102,1.394374222,1
Exit_reversal,2012-03,-0.01105786676,-0.01084596889,0.0001041070355,6.048261134e-06,0.0002058496102,0.02278768015,1.378955418,1
Exit_reversal,2012-04,-0.009834542655,-0.009564847707,0.0001041070355,0.0001298745986,0.0001398203498,0.3215606691,1.365394022,0.6666666667
Exit_reversal,2012-05,-0.01296169232,-0.01282145232,0.0001041070355,4.409014919e-06,0.0001358309802,0.009964134409,1.347696204,0.6666666667
Exit_reversal,2012-06,0.003715240433,0.003866961138,0.0001041070355,1.24766124e-05,0.000139244093,0.02937901292,1.35270322,0.6666666667
Exit_reversal,2012-07,0.006718183948,0.006861799781,0.0001041070355,5.20978055e-06,0.0001384060524,0.01274644096,1.361790929,0.6666666667
Exit_reversal,2012-08,0.002211852013,0.002354933767,0.0001041070355,2.606532117e-06,0.0001404752219,0.01025496624,1.364803009,0.6666666667
Exit_reversal,2012-09,-0.001744553623,-0.001552679311,0.0001041070355,3.279710488e-05,0.0001590772078,0.07493635355,1.362422037,0.75
Exit_reversal,2012-10,0.003337305742,0.003538920256,0.0001041070355,3.00236537e-05,0.0001715908599,0.07005858179,1.366968856,0.8333333333
Exit_reversal,2012-11,-0.0009838559956,-0.0007589171307,0.0001041070355,3.726047816e-05,0.0001876783868,0.09232050938,1.365623955,0.9166666667
Exit_reversal,2012-12,0.02127553856,0.02152568923,0.0001041070355,4.429335138e-05,0.0002058573206,0.09908757425,1.39467834,1
Exit_reversal,2013-01,0.02168667917,0.02189929826,0.0001041070355,7.087705305e-06,0.0002055313899,0.02097532095,1.424924282,1
Exit_reversal,2013-02,0.01191681089,0.01212863039,0.0001041070355,8.083491551e-06,0.0002037360086,0.0239240822,1.441904835,1
Exit_reversal,2013-03,0.0001608786225,0.0005627836766,0.0001041070355,0.0003849583713,1.694668277e-05,0.8949991359,1.442136807,0.08333333333
Exit_reversal,2013-04,0.0006804579715,0.0007509668405,0.0001041070355,3.596445947e-05,3.454440961e-05,0.08487425698,1.443118121,0.1666666667
Exit_reversal,2013-05,-0.001596637547,-0.001510127407,0.0001041070355,3.530937656e-05,5.120076333e-05,0.08364926725,1.440813984,0.25
Exit_reversal,2013-06,-0.005564201093,-0.00545505744,0.0001041070355,3.90126172e-05,7.013103588e-05,0.08878627058,1.432797005,0.3333333333
Exit_reversal,2013-07,-0.002999976937,-0.002874790016,0.0001041070355,3.729396026e-05,8.789296046e-05,0.0837340768,1.428498647,0.4166666667
Exit_reversal,2013-08,-0.0005158938448,-0.0003579273642,0.0001041070355,0.0001406583397,1.730814099e-05,0.3368467826,1.427761694,0.08333333333
Exit_reversal,2013-09,0.002407748258,0.002478858375,0.0001041070355,3.591748445e-05,3.519263253e-05,0.08400445332,1.431199384,0.1666666667
Exit_reversal,2013-10,0.001446988118,0.00153196203,0.0001041070355,3.279994626e-05,5.217396524e-05,0.07910704793,1.433270313,0.25
Exit_reversal,2013-11,-0.001450052834,-0.001348444598,0.0001041070355,3.361565384e-05,6.799258234e-05,0.08182795654,1.431191995,0.3333333333
Exit_reversal,2013-12,0.00226663506,0.002393011372,0.0001041070355,4.009715628e-05,8.627915607e-05,0.09127338492,1.434435985,0.4166666667
Exit_reversal,2014-01,-0.005673749993,-0.005532760024,0.0001041070355,3.646514363e-05,0.0001045248254,0.08450092134,1.426297354,0.5
Exit_reversal,2014-02,0.006909766757,0.007067983593,0.0001041070355,3.512257167e-05,0.0001230942644,0.08440570584,1.436152736,0.5833333333
Exit_reversal,2014-03,0.007106327138,0.007270939964,0.0001041070355,2.684647841e-05,0.0001377663481,0.07678789493,1.446358507,0.6666666667
Exit_reversal,2014-04,-0.0002210935565,-3.334050409e-05,0.0001041070355,3.060719111e-05,0.0001571458613,0.08625180153,1.446038727,0.75
Exit_reversal,2014-05,0.005030861666,0.005234151346,0.0001041070355,3.04378001e-05,0.0001728518804,0.07899002334,1.453313547,0.8333333333
Exit_reversal,2014-06,0.004429851857,0.004652901221,0.0001041070355,3.141677923e-05,0.0001916325841,0.08600378518,1.459751511,0.9166666667
Exit_reversal,2014-07,-0.001292594341,-0.001058614056,0.0001041070355,2.932447973e-05,0.0002046558062,0.0796653192,1.457864645,1
Exit_reversal,2014-08,0.009514516848,0.009735854929,0.0001041070355,1.556703911e-05,0.0002057710417,0.05326439226,1.471735522,1
Exit_reversal,2014-09,-0.002607929097,-0.002396882903,0.0001041070355,1.298979753e-05,0.000198056397,0.05195084296,1.46789734,1
Exit_reversal,2014-10,0.005165547702,0.005404597988,0.0001041070355,3.322480015e-05,0.0002058254856,0.08416954958,1.475479834,1
Exit_reversal,2014-11,0.004601730048,0.004816898134,0.0001041070355,1.279621616e-05,0.0002023718699,0.05193989306,1.482269594,1
Exit_reversal,2014-12,-0.001774421948,-0.001551310388,0.0001041070355,2.735564134e-05,0.0001957559186,0.08199452633,1.479639422,0.9583333333
Exit_reversal,2015-01,-0.003483443992,-0.003252583461,0.0001041070355,2.943811855e-05,0.0002014224129,0.09790722128,1.474485181,1
Exit_reversal,2015-02,-0.009290169842,-0.009062061571,0.0001041070355,2.155731368e-05,0.0002065509578,0.08743428442,1.460786963,1
Exit_reversal,2015-03,-0.01657786383,-0.01634790089,0.0001041070355,2.763250222e-05,0.000202330433,0.06444768779,1.436570236,1
Exit_reversal,2015-04,0.02669799412,0.02694697069,0.0001041070355,3.403668918e-05,0.0002149398838,0.07487924382,1.47492378,1
Exit_reversal,2015-05,-0.007216073959,-0.006981540694,0.0001041070355,3.176516849e-05,0.0002027680967,0.0702472254,1.464280621,1
Exit_reversal,2015-06,-0.003035211799,-0.002799698608,0.0001041070355,2.26086775e-05,0.0002129045135,0.06001836449,1.459836219,1
Exit_reversal,2015-07,-0.01668955245,-0.0164690288,0.0001041070355,1.793478675e-05,0.0002025888629,0.05337287553,1.435472206,1
Exit_reversal,2015-08,-0.02939459606,-0.02915437682,0.0001041070355,2.74666862e-05,0.0002127525546,0.07002262853,1.39327708,1
Exit_reversal,2015-09,-0.02581424236,-0.02558542299,0.0001041070355,1.965659253e-05,0.0002091627733,0.06093938446,1.357310688,1
Exit_reversal,2015-10,0.02294747978,0.02317787891,0.0001041070355,2.519132618e-05,0.0002052078029,0.06034933413,1.388457547,1
Exit_reversal,2015-11,0.01642262052,0.01664446324,0.0001041070355,1.984088003e-05,0.0002020018395,0.06509537478,1.411259659,1
Exit_reversal,2015-12,-0.02860729015,-0.02838499078,0.0001041070355,7.696446748e-06,0.000214602924,0.03128308657,1.370887344,1
Exit_reversal,2016-01,-0.00337899427,-0.003160984092,0.0003119641739,1.082017475e-05,0.0002071900033,0.03503865162,1.366255124,1
Exit_reversal,2016-02,0.01770786532,0.01791982343,0.0003119641739,3.94108557e-06,0.0002080170208,0.008961433371,1.390448586,1
Exit_reversal,2016-03,0.01531911836,0.0155442478,0.0003119641739,6.145947502e-06,0.0002189835008,0.01730148685,1.411749032,1
Exit_reversal,2016-04,0.01869508596,0.01893488246,0.0003119641739,3.049196643e-05,0.0002093045321,0.04991775712,1.438141802,1
Exit_reversal,2016-05,0.001523919838,0.001736320701,0.0003119641739,9.955787799e-06,0.0002024450746,0.01828115061,1.440333414,1
Exit_reversal,2016-06,0.03690724595,0.03712283294,0.0003119641739,9.69040309e-06,0.0002058965808,0.02868438801,1.493492154,1
Exit_reversal,2016-07,-0.001546485252,-0.001312562884,0.0003119641739,2.694214302e-05,0.0002069802243,0.05047201911,1.49118249,1
Exit_reversal,2016-08,0.006115164529,0.006326828449,0.0003119641739,2.410765525e-06,0.0002092531552,0.008060205533,1.500301317,1
Exit_reversal,2016-09,0.002742408451,0.002955341896,0.0003119641739,5.198278167e-06,0.0002077351669,0.00626885477,1.504415756,1
Exit_reversal,2016-10,0.01938931977,0.01959374941,0.0003119641739,2.636400891e-06,0.0002017932409,0.006139688451,1.533585354,1
Exit_reversal,2016-11,-0.001061493106,-0.0008467631865,0.0003119641739,1.11618775e-05,0.0002035680415,0.03685366183,1.531957464,1
Exit_reversal,2016-12,0.01190373314,0.01212806727,0.0003119641739,1.566660022e-05,0.0002086675359,0.02464177774,1.550193476,1
Exit_reversal,2017-01,0.008908435644,0.009134704197,0.0005193472934,1.255854815e-05,0.0002137100047,0.02016857805,1.564003275,1
Exit_reversal,2017-02,0.01288837024,0.01310704975,0.0005193472934,1.46618778e-05,0.0002040176323,0.02490734438,1.584160728,1
Exit_reversal,2017-03,-0.01032569871,-0.01010858419,0.0005193472934,6.544014962e-06,0.000210570505,0.02333425263,1.567803162,1
Exit_reversal,2017-04,-0.0120254589,-0.01181067581,0.0007262586484,2.89366766e-06,0.0002118894258,0.01073881728,1.54894961,1
Exit_reversal,2017-05,-0.009481934242,-0.009261128073,0.0007262586484,8.285410623e-06,0.0002125207579,0.02128241716,1.534262571,1
Exit_reversal,2017-06,-0.002035410524,-0.001816322902,0.0007262586484,5.933357289e-06,0.0002131542654,0.021866839,1.531139717,1
Exit_reversal,2017-07,0.009186304028,0.009407403699,0.0009327004774,5.922043646e-06,0.0002151776277,0.02344401496,1.545205232,1
Exit_reversal,2017-08,-0.008889582368,-0.008661858329,0.0009327004774,1.697951946e-05,0.00021074452,0.03146362707,1.531469003,1
Exit_reversal,2017-09,0.0105443738,0.01075526227,0.0009327004774,4.692004412e-06,0.0002061964695,0.01329604097,1.547617384,1
Exit_reversal,2017-10,-0.002890380664,-0.002680104973,0.0009327004774,5.881951996e-06,0.0002043937388,0.0150520658,1.543144181,1
Exit_reversal,2017-11,-0.001167146276,-0.0009492301951,0.0009327004774,7.722381145e-06,0.0002101936995,0.02005893996,1.541343106,1
Exit_reversal,2017-12,-0.002290151889,-0.002075014787,0.0009327004774,3.447240688e-06,0.0002116898611,0.007845373631,1.537813196,1
Exit_reversal,2018-01,-0.001185294085,-0.0009624685413,0.001138675003,5.553156114e-06,0.0002172723872,0.01837004794,1.535990435,1
Exit_reversal,2018-02,0.004163344211,0.004384902436,0.001138675003,2.060633505e-05,0.0002009518892,0.04164888964,1.542385292,1
Exit_reversal,2018-03,-0.005302653288,-0.005080918164,0.001138675003,1.353834573e-05,0.000208196778,0.03655765106,1.534206558,1
Exit_reversal,2018-04,0.007613926286,0.007820634289,0.00134418443,4.557817286e-06,0.000202150185,0.008858146625,1.545887893,1
Exit_reversal,2018-05,-0.003942275202,-0.00372182999,0.00134418443,1.639632171e-05,0.0002040488903,0.03094518632,1.539793578,1
Exit_reversal,2018-06,-0.006222936847,-0.005999891037,0.00134418443,1.727670602e-05,0.0002057691035,0.02514686264,1.53021154,1
Exit_reversal,2018-07,0.006777004934,0.00699615148,0.001549230951,7.41549034e-06,0.0002117310557,0.01508700176,1.540581791,1
Exit_reversal,2018-08,-0.01114525787,-0.0109326771,0.001549230951,9.295705144e-06,0.0002032850667,0.01470823448,1.52341161,1
Exit_reversal,2018-09,0.008758502534,0.008994200861,0.001549230951,2.557882304e-05,0.0002101195041,0.03413606209,1.536754414,1
Exit_reversal,2018-10,0.03581431729,0.03602768093,0.00175381674,1.057922748e-05,0.0002027844093,0.01724805556,1.591792224,1
Exit_reversal,2018-11,-0.01385270026,-0.01361982133,0.00175381674,2.296020662e-05,0.0002099187296,0.0539331419,1.569741604,1
Exit_reversal,2018-12,-0.009485808927,-0.009266973269,0.00175381674,8.17079468e-06,0.0002106648634,0.01642076658,1.554851335,1
Exit_reversal,2019-01,0.02910772275,0.02932115604,0.001957943956,5.599569418e-06,0.000207833719,0.01576443244,1.600109516,1
Exit_reversal,2019-02,0.003502050157,0.003721409341,0.001957943956,1.343142027e-05,0.0002059277635,0.02658925929,1.60571318,1
Exit_reversal,2019-03,-0.004461587061,-0.004248569614,0.001957943956,7.135393948e-06,0.0002058820529,0.01350647769,1.598549151,1
Exit_reversal,2019-04,0.006816637478,0.007031773472,0.001957943956,9.435631762e-06,0.0002057003625,0.0138406348,1.609445881,1
Exit_reversal,2019-05,0.0006677675448,0.0008799404844,0.001957943956,5.122916041e-06,0.0002070500235,0.01455041131,1.610520617,1
Exit_reversal,2019-06,0.01117701949,0.01139433989,0.001957943956,3.94684705e-06,0.0002133735536,0.008169802547,1.628521437,1
Exit_reversal,2019-07,0.01747870852,0.01769402204,0.001957943956,1.214107917e-05,0.0002031724377,0.02192973207,1.656985889,1
Exit_reversal,2019-08,-0.01245150628,-0.01224029658,0.001957943956,6.689194614e-06,0.0002045205034,0.0263197257,1.636353918,1
Exit_reversal,2019-09,0.00711269247,0.007339430703,0.00175381674,1.979910237e-05,0.0002069391306,0.02343176414,1.647992801,1
Exit_reversal,2019-10,0.004451558613,0.004666829547,0.001549230951,2.403459294e-06,0.0002128674752,0.00842833173,1.655328937,1
Exit_reversal,2019-11,-0.01258133724,-0.01236097225,0.00134418443,1.279934706e-05,0.0002075656465,0.02002061628,1.634502685,1
Exit_reversal,2019-12,0.009085080015,0.009310759021,0.00134418443,1.202758898e-05,0.0002136514178,0.01682516804,1.649352273,1
Exit_reversal,2020-01,-0.003120168648,-0.002902735101,0.00134418443,1.46830252e-05,0.0002027505219,0.02387061217,1.644206016,1
Exit_reversal,2020-02,-0.01026828319,-0.01004450553,0.00134418443,1.682900802e-05,0.0002069486552,0.02831841963,1.627322843,1
Exit_reversal,2020-03,-0.03750296609,-0.03727847441,0.00134418443,1.986205581e-05,0.0002046296317,0.05317351217,1.56629341,1
Exit_reversal,2020-04,-0.005770462352,-0.005521623238,0.0001041070355,3.836508666e-05,0.0002104740272,0.08008727925,1.557255172,1
Exit_reversal,2020-05,-0.0086729964,-0.008438531756,0.0001041070355,2.056604478e-05,0.0002138985998,0.0634794033,1.543749104,1
Exit_reversal,2020-06,-0.005025399488,-0.004796278931,0.0001041070355,2.007565365e-05,0.0002090449028,0.06812297408,1.535991148,1
Exit_reversal,2020-07,-0.009392381099,-0.009157364576,0.0001041070355,1.461751754e-05,0.0002203990049,0.05071688788,1.521564534,1
Exit_reversal,2020-08,-0.006223230881,-0.005978670067,0.0001041070355,3.553329451e-05,0.0002090275195,0.0923907815,1.512095486,1
Exit_reversal,2020-09,-0.00694347841,-0.006715836372,0.0001041070355,2.31893564e-05,0.0002044526819,0.06540109509,1.501596284,1
Exit_reversal,2020-10,-0.00598969162,-0.005761024412,0.0001041070355,1.902741636e-05,0.0002096397923,0.0524028071,1.492602185,1
Exit_reversal,2020-11,0.02019176575,0.02041856949,0.0001041070355,1.451568561e-05,0.0002122880558,0.04859437485,1.522740459,1
Exit_reversal,2020-12,-7.743835835e-05,0.000164494175,0.0001041070355,2.94793658e-05,0.0002124531675,0.06607553134,1.52262254,1
Exit_reversal,2021-01,-0.007134455068,-0.006910742368,0.0001041070355,1.815269779e-05,0.0002055600023,0.05694963827,1.511759458,1
Exit_reversal,2021-02,0.006689505044,0.006918441437,0.0001041070355,2.229792448e-05,0.0002066384685,0.05648026468,1.521872381,1
Exit_reversal,2021-03,0.008699960693,0.008904214037,0.0001041070355,3.564069969e-06,0.000200689274,0.01045281847,1.535112611,1
Exit_reversal,2021-04,0.01431053517,0.01454118029,0.0001041070355,1.736314723e-05,0.0002132819648,0.03648470741,1.557080894,1
Exit_reversal,2021-05,0.009428721868,0.00965457013,0.0001041070355,1.716909281e-05,0.0002086791697,0.0233125346,1.571762176,1
Exit_reversal,2021-06,0.0163885985,0.01659805822,0.0001041070355,4.717391488e-06,0.0002047423272,0.009461255548,1.597521156,1
Exit_reversal,2021-07,-0.009134643424,-0.00891009832,0.0001041070355,1.525764595e-05,0.0002092874577,0.0368088582,1.58292837,1
Exit_reversal,2021-08,-0.004400962712,-0.004188029909,0.0001041070355,5.247158249e-06,0.0002076856446,0.0117529264,1.575961961,1
Exit_reversal,2021-09,-0.001886721377,-0.001680139762,0.0001041070355,2.517307373e-06,0.000204064307,0.00471720326,1.57298856,1
Exit_reversal,2021-10,0.001539551543,0.001757887271,0.0001041070355,1.11452867e-05,0.0002071904413,0.02064683036,1.575410257,1
Exit_reversal,2021-11,-0.001660988048,-0.001442129252,0.0001041070355,1.206605004e-05,0.0002067927462,0.02245549419,1.572793519,1
Exit_reversal,2021-12,0.0105698357,0.01078237479,0.0001041070355,6.620164397e-06,0.0002059189251,0.01973295455,1.589417688,1
Exit_reversal,2022-01,0.01429391711,0.01450356805,0.0001041070355,3.177998988e-06,0.0002064729445,0.01302066745,1.612136693,1
Exit_reversal,2022-02,0.01199426615,0.01221326681,0.0001041070355,1.028479367e-05,0.0002087158622,0.02308140212,1.631473089,1
Exit_reversal,2022-03,0.04219454286,0.0424074388,0.0001041070355,1.086209679e-05,0.0002020338399,0.01696207457,1.700312351,1
Exit_reversal,2022-04,0.01997687751,0.02019909547,0.0003119641739,2.574119549e-05,0.0001964767607,0.0822572954,1.734279282,1
Exit_reversal,2022-05,0.003728748403,0.003963462748,0.0003119641739,2.323119299e-05,0.0002114831512,0.08118724785,1.740745973,1
Exit_reversal,2022-06,-0.002409375533,-0.002200398393,0.0007262586484,9.966173507e-06,0.0001990109668,0.01487993831,1.736551862,1
Exit_reversal,2022-07,0.007844475639,0.008077455421,0.00134418443,2.459882978e-05,0.0002083809521,0.04558712996,1.750174201,1
Exit_reversal,2022-08,0.01373945639,0.01394697699,0.001957943956,4.925783912e-06,0.0002025948106,0.01250370152,1.774220643,1
Exit_reversal,2022-09,-0.001785910514,-0.001578323641,0.001957943956,6.152529568e-06,0.0002014343435,0.02952238212,1.771052044,1
Exit_reversal,2022-10,0.01477232203,0.01499331951,0.002567595531,1.370916646e-05,0.0002072883077,0.03494430096,1.797214595,1
Exit_reversal,2022-11,-0.01875755054,-0.01853170111,0.002567595531,5.45007595e-06,0.0002203993514,0.01632325377,1.763503252,1
Exit_reversal,2022-12,-0.0138350089,-0.01360036156,0.003173196228,1.773553186e-05,0.0002169118128,0.05694153833,1.739105168,1
Exit_reversal,2023-01,0.01072844287,0.0109532387,0.003574707178,1.365731947e-05,0.0002111385076,0.03938643734,1.757763059,1
Exit_reversal,2023-02,0.0160090878,0.01621960038,0.003574707178,9.078975916e-06,0.0002014336008,0.01109011042,1.785903242,1
Exit_reversal,2023-03,0.001733490769,0.001958793617,0.003774801921,1.165244368e-05,0.0002136504041,0.03511680778,1.788999089,1
Exit_reversal,2023-04,0.0119351112,0.01216207008,0.003974458863,1.97782168e-05,0.0002071806649,0.06323492535,1.810350992,1
Exit_reversal,2023-05,0.01565699634,0.01587393728,0.003974458863,1.411183566e-05,0.0002028291036,0.05669378639,1.838695651,1
Exit_reversal,2023-06,0.0302246063,0.03044108314,0.004173680002,9.988237058e-06,0.0002064886032,0.02856062161,1.894269503,1
Exit_reversal,2023-07,0.007354492254,0.007576485734,0.004173680002,1.036005236e-05,0.0002116334273,0.02549677321,1.908200893,1
Exit_reversal,2023-08,0.002546914665,0.002768698841,0.004372467323,1.752075789e-05,0.0002042634179,0.05488178308,1.913060918,1
Exit_reversal,2023-09,0.0140508139,0.01426371958,0.004372467323,9.574403433e-06,0.000203331284,0.02223915857,1.939940981,1
Exit_reversal,2023-10,-0.0002161944525,1.03554276e-05,0.004372467323,1.915782032e-05,0.0002073920598,0.06740120057,1.939521577,1
Exit_reversal,2023-11,0.005907851169,0.006129857027,0.004372467323,8.143452298e-06,0.000213862405,0.04059491704,1.950979981,1
Exit_reversal,2023-12,0.002806441874,0.003038246618,0.004372467323,1.792980093e-05,0.0002138749431,0.06064286451,1.956455293,1
Exit_reversal,2024-01,0.01455640635,0.01477615103,0.004372467323,1.788892748e-05,0.000201855753,0.06468522751,1.984934252,1
Exit_reversal,2024-02,0.007176503432,0.00740205301,0.004372467323,1.892584439e-05,0.0002066237332,0.06789498705,1.999179139,1
Exit_reversal,2024-03,0.008702426831,0.008920510544,0.004372467323,1.062458361e-05,0.0002074591294,0.04856625243,2.016576849,1
Exit_reversal,2024-04,0.009577668858,0.009790953247,0.004372467323,9.701331373e-06,0.0002035830577,0.04774688044,2.035890954,1
Exit_reversal,2024-05,0.002815963313,0.003043544045,0.004372467323,1.803437571e-05,0.0002095463563,0.06440012696,2.041623949,1
Exit_reversal,2024-06,8.696164132e-05,0.0003024222095,0.004372467323,1.079794492e-05,0.0002046626233,0.04538353827,2.041801492,1
Exit_reversal,2024-07,-0.01521365281,-0.01496593934,0.004372467323,3.123500761e-05,0.0002164784645,0.09821333376,2.010738233,1
Exit_reversal,2024-08,-0.000989688939,-0.0007672020762,0.004372467323,7.914181375e-06,0.0002145726814,0.03712155624,2.008748227,1
Exit_reversal,2024-09,0.01293283754,0.01315754042,0.004372467323,1.339210899e-05,0.0002113107652,0.05420913988,2.034727042,1
Exit_reversal,2024-10,0.007756112586,0.007973430389,0.003974458863,1.925239447e-05,0.0001980654082,0.05317708091,2.050508614,1
Exit_reversal,2024-11,-0.0109608725,-0.01073105761,0.003974458863,2.256096602e-05,0.0002072539175,0.05117024265,2.02803325,1
Exit_reversal,2024-12,0.01374879469,0.01396283018,0.003774801921,1.180404931e-05,0.0002022314397,0.02208060519,2.055916263,1
Exit_reversal,2025-01,0.01575985532,0.01598791789,0.003574707178,1.83431549e-05,0.0002097194186,0.06141432407,2.088317206,1
Exit_reversal,2025-02,0.0005624466654,0.0007992532038,0.003574707178,2.454413552e-05,0.0002122624029,0.05886210335,2.089491773,1
Exit_reversal,2025-03,5.108481809e-07,0.0002300264777,0.003574707178,1.47960361e-05,0.0002147195934,0.05374597165,2.08949284,1
Exit_reversal,2025-04,-0.0008000196624,-0.0005660548802,0.003574707178,1.622119274e-05,0.0002177435894,0.05501463551,2.087821205,1
Exit_reversal,2025-05,0.006532351125,0.006765197293,0.003574707178,2.476811231e-05,0.0002080780561,0.07410594833,2.101459586,1
Exit_reversal,2025-06,0.01559631294,0.01580904764,0.003574707178,2.891714124e-06,0.0002098429905,0.007157694613,2.134234608,1
Exit_reversal,2025-07,0.00924214661,0.009462560729,0.003574707178,1.839538558e-05,0.0002020187328,0.05215107255,2.153959517,1
Exit_reversal,2025-08,0.007883514961,0.008105655952,0.003574707178,9.580653023e-06,0.0002125603381,0.03236811145,2.170940289,1
Exit_reversal,2025-09,0.01102907775,0.01124806144,0.003574707178,1.040587567e-05,0.0002085778164,0.01784354888,2.194883758,1
Exit_reversal,2025-10,0.009902508963,0.01012233204,0.003374172623,1.681418558e-05,0.0002030088871,0.05274589322,2.216618614,1
Exit_reversal,2025-11,0.0135651867,0.01377977525,0.003173196228,7.618350939e-06,0.0002069701901,0.02743296265,2.246687459,1
Exit_reversal,2025-12,-0.0002870955249,-6.332205654e-05,0.003173196228,1.342565981e-05,0.0002103478086,0.049942332,2.246042446,1
Exit_reversal,2026-01,0.01229704643,0.01251648142,0.002971775953,6.305860044e-06,0.0002131291237,0.01593790244,2.273662134,1
Exit_reversal,2026-02,0.01105928063,0.01127895109,0.002971775953,1.432789493e-05,0.000205342564,0.021111161,2.298807201,1
Exit_reversal,2026-03,0.0134713535,0.0136809843,0.002971775953,7.597897517e-06,0.0002020328959,0.02257331556,2.329775246,1
Exit_reversal,2026-04,0.01308119479,0.01330379794,0.002971775953,1.00421453e-05,0.0002125610056,0.03153865813,2.36025149,1
Exit_reversal,2026-05,0.005614009279,0.005833735925,0.002971775953,1.327609868e-05,0.0002064505473,0.01840180337,2.373501963,1
Exit_reversal,2026-06,0.009891909709,0.01010777954,0.002971775953,1.352891836e-05,0.000202340915,0.05010680591,2.39698043,1
Exit_reversal,2026-07,0.008400490264,0.0086327064,0.002971775953,2.093166368e-05,0.0002112844725,0.06571739722,2.417116241,1
Exit_reversal,2026-08,0.0008639122532,0.001506947577,0.002971775953,0.0004342481381,0.0002087871857,1.052470774,2.419204418,1
Extreme_both,2010-03,0.0001041070355,0.0001041070355,0.0001041070355,0,0,0,1.351947177,0
Extreme_both,2010-04,0.0001041070355,0.0001041070355,0.0001041070355,0,0,0,1.352087924,0
Extreme_both,2010-05,0.0001041070355,0.0001041070355,0.0001041070355,0,0,0,1.352228686,0
Extreme_both,2010-06,0.0001041070355,0.0001041070355,0.0001041070355,0,0,0,1.352369462,0
Extreme_both,2010-07,0.0001041070355,0.0001041070355,0.0001041070355,0,0,0,1.352510253,0
Extreme_both,2010-08,0.0001041070355,0.0001041070355,0.0001041070355,0,0,0,1.352651059,0
Extreme_both,2010-09,0.0001041070355,0.0001041070355,0.0001041070355,0,0,0,1.35279188,0
Extreme_both,2010-10,0.0001041070355,0.0001041070355,0.0001041070355,0,0,0,1.352932715,0
Extreme_both,2010-11,0.0001041070355,0.0001041070355,0.0001041070355,0,0,0,1.353073565,0
Extreme_both,2010-12,0.0001041070355,0.0001041070355,0.0001041070355,0,0,0,1.353214429,0
Extreme_both,2011-01,0.0001041070355,0.0001041070355,0.0001041070355,0,0,0,1.353355308,0
Extreme_both,2011-02,0.0001041070355,0.0001041070355,0.0001041070355,0,0,0,1.353496202,0
Extreme_both,2011-03,0.0001041070355,0.0001041070355,0.0001041070355,0,0,0,1.353637111,0
Extreme_both,2011-04,0.0001041070355,0.0001041070355,0.0001041070355,0,0,0,1.353778034,0
Extreme_both,2011-05,0.0001041070355,0.0001041070355,0.0001041070355,0,0,0,1.353918972,0
Extreme_both,2011-06,0.0001041070355,0.0001041070355,0.0001041070355,0,0,0,1.354059924,0
Extreme_both,2011-07,0.0001041070355,0.0001041070355,0.0001041070355,0,0,0,1.354200891,0
Extreme_both,2011-08,0.0001041070355,0.0001041070355,0.0001041070355,0,0,0,1.354341873,0
Extreme_both,2011-09,0.0001041070355,0.0001041070355,0.0001041070355,0,0,0,1.35448287,0
Extreme_both,2011-10,0.0001041070355,0.0001041070355,0.0001041070355,0,0,0,1.354623881,0
Extreme_both,2011-11,0.0001041070355,0.0001041070355,0.0001041070355,0,0,0,1.354764907,0
Extreme_both,2011-12,0.0001041070355,0.0001041070355,0.0001041070355,0,0,0,1.354905947,0
Extreme_both,2012-01,0.0001041070355,0.0001041070355,0.0001041070355,0,0,0,1.355047003,0
Extreme_both,2012-02,0.0001041070355,0.0001041070355,0.0001041070355,0,0,0,1.355188072,0
Extreme_both,2012-03,0.0001041070355,0.0001041070355,0.0001041070355,0,0,0,1.355329157,0
Extreme_both,2012-04,0.0001041070355,0.0001041070355,0.0001041070355,0,0,0,1.355470256,0
Extreme_both,2012-05,0.0001041070355,0.0001041070355,0.0001041070355,0,0,0,1.35561137,0
Extreme_both,2012-06,0.0001041070355,0.0001041070355,0.0001041070355,0,0,0,1.355752499,0
Extreme_both,2012-07,0.0001041070355,0.0001041070355,0.0001041070355,0,0,0,1.355893642,0
Extreme_both,2012-08,0.0001041070355,0.0001041070355,0.0001041070355,0,0,0,1.3560348,0
Extreme_both,2012-09,0.0001041070355,0.0001041070355,0.0001041070355,0,0,0,1.356175973,0
Extreme_both,2012-10,0.0001041070355,0.0001041070355,0.0001041070355,0,0,0,1.356317161,0
Extreme_both,2012-11,0.0001041070355,0.0001041070355,0.0001041070355,0,0,0,1.356458363,0
Extreme_both,2012-12,0.0001041070355,0.0001041070355,0.0001041070355,0,0,0,1.35659958,0
Extreme_both,2013-01,0.0001041070355,0.0001041070355,0.0001041070355,0,0,0,1.356740811,0
Extreme_both,2013-02,0.0001041070355,0.0001041070355,0.0001041070355,0,0,0,1.356882058,0
Extreme_both,2013-03,0.0001041070355,0.0001041070355,0.0001041070355,0,0,0,1.357023318,0
Extreme_both,2013-04,0.0001041070355,0.0001041070355,0.0001041070355,0,0,0,1.357164594,0
Extreme_both,2013-05,0.0001041070355,0.0001041070355,0.0001041070355,0,0,0,1.357305885,0
Extreme_both,2013-06,0.0001041070355,0.0001041070355,0.0001041070355,0,0,0,1.35744719,0
Extreme_both,2013-07,0.0001041070355,0.0001041070355,0.0001041070355,0,0,0,1.357588509,0
Extreme_both,2013-08,0.0001041070355,0.0001041070355,0.0001041070355,0,0,0,1.357729844,0
Extreme_both,2013-09,0.0001041070355,0.0001041070355,0.0001041070355,0,0,0,1.357871193,0
Extreme_both,2013-10,0.0001041070355,0.0001041070355,0.0001041070355,0,0,0,1.358012557,0
Extreme_both,2013-11,0.0001041070355,0.0001041070355,0.0001041070355,0,0,0,1.358153936,0
Extreme_both,2013-12,0.0001041070355,0.0001041070355,0.0001041070355,0,0,0,1.358295329,0
Extreme_both,2014-01,0.0001041070355,0.0001041070355,0.0001041070355,0,0,0,1.358436737,0
Extreme_both,2014-02,0.0001041070355,0.0001041070355,0.0001041070355,0,0,0,1.35857816,0
Extreme_both,2014-03,0.0001041070355,0.0001041070355,0.0001041070355,0,0,0,1.358719598,0
Extreme_both,2014-04,0.0001041070355,0.0001041070355,0.0001041070355,0,0,0,1.35886105,0
Extreme_both,2014-05,0.0001041070355,0.0001041070355,0.0001041070355,0,0,0,1.359002517,0
Extreme_both,2014-06,0.0001041070355,0.0001041070355,0.0001041070355,0,0,0,1.359143999,0
Extreme_both,2014-07,0.0001041070355,0.0001041070355,0.0001041070355,0,0,0,1.359285495,0
Extreme_both,2014-08,0.0001041070355,0.0001041070355,0.0001041070355,0,0,0,1.359427006,0
Extreme_both,2014-09,0.0001041070355,0.0001041070355,0.0001041070355,0,0,0,1.359568532,0
Extreme_both,2014-10,0.0001041070355,0.0001041070355,0.0001041070355,0,0,0,1.359710073,0
Extreme_both,2014-11,0.0001041070355,0.0001041070355,0.0001041070355,0,0,0,1.359851628,0
Extreme_both,2014-12,0.0001041070355,0.0001041070355,0.0001041070355,0,0,0,1.359993198,0
Extreme_both,2015-01,0.0001041070355,0.0001041070355,0.0001041070355,0,0,0,1.360134783,0
Extreme_both,2015-02,0.0001041070355,0.0001041070355,0.0001041070355,0,0,0,1.360276383,0
Extreme_both,2015-03,0.0001041070355,0.0001041070355,0.0001041070355,0,0,0,1.360417997,0
Extreme_both,2015-04,0.0001041070355,0.0001041070355,0.0001041070355,0,0,0,1.360559626,0
Extreme_both,2015-05,0.0001041070355,0.0001041070355,0.0001041070355,0,0,0,1.36070127,0
Extreme_both,2015-06,0.0001041070355,0.0001041070355,0.0001041070355,0,0,0,1.360842929,0
Extreme_both,2015-07,0.0001041070355,0.0001041070355,0.0001041070355,0,0,0,1.360984602,0
Extreme_both,2015-08,0.0001041070355,0.0001041070355,0.0001041070355,0,0,0,1.36112629,0
Extreme_both,2015-09,0.0001041070355,0.0001041070355,0.0001041070355,0,0,0,1.361267993,0
Extreme_both,2015-10,0.0001041070355,0.0001041070355,0.0001041070355,0,0,0,1.36140971,0
Extreme_both,2015-11,0.0001041070355,0.0001041070355,0.0001041070355,0,0,0,1.361551443,0
Extreme_both,2015-12,0.0001041070355,0.0001041070355,0.0001041070355,0,0,0,1.36169319,0
Extreme_both,2016-01,0.0003119641739,0.0003119641739,0.0003119641739,0,0,0,1.362117989,0
Extreme_both,2016-02,0.0003119641739,0.0003119641739,0.0003119641739,0,0,0,1.362542921,0
Extreme_both,2016-03,0.0003119641739,0.0003119641739,0.0003119641739,0,0,0,1.362967986,0
Extreme_both,2016-04,0.0003119641739,0.0003119641739,0.0003119641739,0,0,0,1.363393183,0
Extreme_both,2016-05,0.0003119641739,0.0003119641739,0.0003119641739,0,0,0,1.363818513,0
Extreme_both,2016-06,0.0003119641739,0.0003119641739,0.0003119641739,0,0,0,1.364243975,0
Extreme_both,2016-07,0.0003119641739,0.0003119641739,0.0003119641739,0,0,0,1.364669571,0
Extreme_both,2016-08,0.0003119641739,0.0003119641739,0.0003119641739,0,0,0,1.365095299,0
Extreme_both,2016-09,0.0003119641739,0.0003119641739,0.0003119641739,0,0,0,1.36552116,0
Extreme_both,2016-10,0.0003119641739,0.0003119641739,0.0003119641739,0,0,0,1.365947153,0
Extreme_both,2016-11,0.0003119641739,0.0003119641739,0.0003119641739,0,0,0,1.36637328,0
Extreme_both,2016-12,0.0003119641739,0.0003119641739,0.0003119641739,0,0,0,1.366799539,0
Extreme_both,2017-01,0.0005193472934,0.0005193472934,0.0005193472934,0,0,0,1.367509383,0
Extreme_both,2017-02,0.0005193472934,0.0005193472934,0.0005193472934,0,0,0,1.368219595,0
Extreme_both,2017-03,0.0005193472934,0.0005193472934,0.0005193472934,0,0,0,1.368930176,0
Extreme_both,2017-04,0.0007262586484,0.0007262586484,0.0007262586484,0,0,0,1.369924374,0
Extreme_both,2017-05,0.0007262586484,0.0007262586484,0.0007262586484,0,0,0,1.370919293,0
Extreme_both,2017-06,0.0007262586484,0.0007262586484,0.0007262586484,0,0,0,1.371914935,0
Extreme_both,2017-07,0.0009327004774,0.0009327004774,0.0009327004774,0,0,0,1.373194521,0
Extreme_both,2017-08,0.0009327004774,0.0009327004774,0.0009327004774,0,0,0,1.3744753,0
Extreme_both,2017-09,0.0009327004774,0.0009327004774,0.0009327004774,0,0,0,1.375757274,0
Extreme_both,2017-10,0.0009327004774,0.0009327004774,0.0009327004774,0,0,0,1.377040443,0
Extreme_both,2017-11,0.0009327004774,0.0009327004774,0.0009327004774,0,0,0,1.37832481,0
Extreme_both,2017-12,0.0009327004774,0.0009327004774,0.0009327004774,0,0,0,1.379610374,0
Extreme_both,2018-01,0.001138675003,0.001138675003,0.001138675003,0,0,0,1.381181302,0
Extreme_both,2018-02,0.001138675003,0.001138675003,0.001138675003,0,0,0,1.382754018,0
Extreme_both,2018-03,0.001138675003,0.001138675003,0.001138675003,0,0,0,1.384328526,0
Extreme_both,2018-04,0.00134418443,0.00134418443,0.00134418443,0,0,0,1.386189319,0
Extreme_both,2018-05,0.00134418443,0.00134418443,0.00134418443,0,0,0,1.388052613,0
Extreme_both,2018-06,0.00134418443,0.00134418443,0.00134418443,0,0,0,1.389918411,0
Extreme_both,2018-07,0.001549230951,0.001549230951,0.001549230951,0,0,0,1.392071716,0
Extreme_both,2018-08,0.001549230951,0.001549230951,0.001549230951,0,0,0,1.394228357,0
Extreme_both,2018-09,0.001549230951,0.001549230951,0.001549230951,0,0,0,1.396388338,0
Extreme_both,2018-10,0.00175381674,0.00175381674,0.00175381674,0,0,0,1.398837348,0
Extreme_both,2018-11,0.00175381674,0.00175381674,0.00175381674,0,0,0,1.401290652,0
Extreme_both,2018-12,0.00175381674,0.00175381674,0.00175381674,0,0,0,1.403748259,0
Extreme_both,2019-01,0.001957943956,0.001957943956,0.001957943956,0,0,0,1.406496719,0
Extreme_both,2019-02,0.001957943956,0.001957943956,0.001957943956,0,0,0,1.409250561,0
Extreme_both,2019-03,0.001957943956,0.001957943956,0.001957943956,0,0,0,1.412009795,0
Extreme_both,2019-04,0.001957943956,0.001957943956,0.001957943956,0,0,0,1.414774431,0
Extreme_both,2019-05,0.001957943956,0.001957943956,0.001957943956,0,0,0,1.41754448,0
Extreme_both,2019-06,0.001957943956,0.001957943956,0.001957943956,0,0,0,1.420319952,0
Extreme_both,2019-07,0.001957943956,0.001957943956,0.001957943956,0,0,0,1.423100859,0
Extreme_both,2019-08,0.001957943956,0.001957943956,0.001957943956,0,0,0,1.425887211,0
Extreme_both,2019-09,0.00175381674,0.00175381674,0.00175381674,0,0,0,1.428387956,0
Extreme_both,2019-10,0.001549230951,0.001549230951,0.001549230951,0,0,0,1.430600859,0
Extreme_both,2019-11,0.00134418443,0.00134418443,0.00134418443,0,0,0,1.43252385,0
Extreme_both,2019-12,0.00134418443,0.00134418443,0.00134418443,0,0,0,1.434449426,0
Extreme_both,2020-01,0.00134418443,0.00134418443,0.00134418443,0,0,0,1.436377591,0
Extreme_both,2020-02,0.00134418443,0.00134418443,0.00134418443,0,0,0,1.438308347,0
Extreme_both,2020-03,0.00134418443,0.00134418443,0.00134418443,0,0,0,1.440241699,0
Extreme_both,2020-04,0.0001041070355,0.0001041070355,0.0001041070355,0,0,0,1.440391638,0
Extreme_both,2020-05,0.0001041070355,0.0001041070355,0.0001041070355,0,0,0,1.440541593,0
Extreme_both,2020-06,0.0001041070355,0.0001041070355,0.0001041070355,0,0,0,1.440691564,0
Extreme_both,2020-07,0.0001041070355,0.0001041070355,0.0001041070355,0,0,0,1.44084155,0
Extreme_both,2020-08,0.0001041070355,0.0001041070355,0.0001041070355,0,0,0,1.440991552,0
Extreme_both,2020-09,0.0001041070355,0.0001041070355,0.0001041070355,0,0,0,1.441141569,0
Extreme_both,2020-10,0.0001041070355,0.0001041070355,0.0001041070355,0,0,0,1.441291602,0
Extreme_both,2020-11,0.0001041070355,0.0001041070355,0.0001041070355,0,0,0,1.441441651,0
Extreme_both,2020-12,0.0001041070355,0.0001041070355,0.0001041070355,0,0,0,1.441591715,0
Extreme_both,2021-01,0.0001041070355,0.0001041070355,0.0001041070355,0,0,0,1.441741795,0
Extreme_both,2021-02,0.0001041070355,0.0001041070355,0.0001041070355,0,0,0,1.44189189,0
Extreme_both,2021-03,0.0001041070355,0.0001041070355,0.0001041070355,0,0,0,1.442042001,0
Extreme_both,2021-04,0.0001041070355,0.0001041070355,0.0001041070355,0,0,0,1.442192128,0
Extreme_both,2021-05,0.0001041070355,0.0001041070355,0.0001041070355,0,0,0,1.44234227,0
Extreme_both,2021-06,0.0001041070355,0.0001041070355,0.0001041070355,0,0,0,1.442492428,0
Extreme_both,2021-07,0.0001041070355,0.0001041070355,0.0001041070355,0,0,0,1.442642602,0
Extreme_both,2021-08,0.0001041070355,0.0001041070355,0.0001041070355,0,0,0,1.442792791,0
Extreme_both,2021-09,0.0001041070355,0.0001041070355,0.0001041070355,0,0,0,1.442942996,0
Extreme_both,2021-10,0.0001041070355,0.0001041070355,0.0001041070355,0,0,0,1.443093216,0
Extreme_both,2021-11,0.0001041070355,0.0001041070355,0.0001041070355,0,0,0,1.443243453,0
Extreme_both,2021-12,0.0001041070355,0.0001041070355,0.0001041070355,0,0,0,1.443393704,0
Extreme_both,2022-01,0.0001041070355,0.0001041070355,0.0001041070355,0,0,0,1.443543972,0
Extreme_both,2022-02,0.0001041070355,0.0001041070355,0.0001041070355,0,0,0,1.443694255,0
Extreme_both,2022-03,0.0001041070355,0.0001041070355,0.0001041070355,0,0,0,1.443844554,0
Extreme_both,2022-04,0.0003119641739,0.0003119641739,0.0003119641739,0,0,0,1.444294981,0
Extreme_both,2022-05,0.0003119641739,0.0003119641739,0.0003119641739,0,0,0,1.44474555,0
Extreme_both,2022-06,0.0007262586484,0.0007262586484,0.0007262586484,0,0,0,1.445794809,0
Extreme_both,2022-07,0.00134418443,0.00134418443,0.00134418443,0,0,0,1.447738224,0
Extreme_both,2022-08,0.001957943956,0.001957943956,0.001957943956,0,0,0,1.450572814,0
Extreme_both,2022-09,0.001957943956,0.001957943956,0.001957943956,0,0,0,1.453412954,0
Extreme_both,2022-10,0.002567595531,0.002567595531,0.002567595531,0,0,0,1.457144731,0
Extreme_both,2022-11,0.002567595531,0.002567595531,0.002567595531,0,0,0,1.460886089,0
Extreme_both,2022-12,0.003173196228,0.003173196228,0.003173196228,0,0,0,1.465521767,0
Extreme_both,2023-01,0.003574707178,0.003574707178,0.003574707178,0,0,0,1.470760578,0
Extreme_both,2023-02,0.003574707178,0.003574707178,0.003574707178,0,0,0,1.476018117,0
Extreme_both,2023-03,0.003774801921,0.003774801921,0.003774801921,0,0,0,1.481589793,0
Extreme_both,2023-04,0.003974458863,0.003974458863,0.003974458863,0,0,0,1.487478311,0
Extreme_both,2023-05,0.003974458863,0.003974458863,0.003974458863,0,0,0,1.493390232,0
Extreme_both,2023-06,0.004173680002,0.004173680002,0.004173680002,0,0,0,1.499623165,0
Extreme_both,2023-07,0.004173680002,0.004173680002,0.004173680002,0,0,0,1.505882112,0
Extreme_both,2023-08,0.004372467323,0.004372467323,0.004372467323,0,0,0,1.512466532,0
Extreme_both,2023-09,0.004372467323,0.004372467323,0.004372467323,0,0,0,1.519079743,0
Extreme_both,2023-10,0.004372467323,0.004372467323,0.004372467323,0,0,0,1.525721869,0
Extreme_both,2023-11,0.004372467323,0.004372467323,0.004372467323,0,0,0,1.532393038,0
Extreme_both,2023-12,0.004372467323,0.004372467323,0.004372467323,0,0,0,1.539093377,0
Extreme_both,2024-01,0.004372467323,0.004372467323,0.004372467323,0,0,0,1.545823012,0
Extreme_both,2024-02,0.004372467323,0.004372467323,0.004372467323,0,0,0,1.552582073,0
Extreme_both,2024-03,0.004372467323,0.004372467323,0.004372467323,0,0,0,1.559370687,0
Extreme_both,2024-04,0.004372467323,0.004372467323,0.004372467323,0,0,0,1.566188985,0
Extreme_both,2024-05,0.004372467323,0.004372467323,0.004372467323,0,0,0,1.573037095,0
Extreme_both,2024-06,0.004372467323,0.004372467323,0.004372467323,0,0,0,1.579915148,0
Extreme_both,2024-07,0.004372467323,0.004372467323,0.004372467323,0,0,0,1.586823276,0
Extreme_both,2024-08,0.004372467323,0.004372467323,0.004372467323,0,0,0,1.593761608,0
Extreme_both,2024-09,0.004372467323,0.004372467323,0.004372467323,0,0,0,1.600730279,0
Extreme_both,2024-10,0.003974458863,0.003974458863,0.003974458863,0,0,0,1.607092316,0
Extreme_both,2024-11,0.003974458863,0.003974458863,0.003974458863,0,0,0,1.613479638,0
Extreme_both,2024-12,0.003774801921,0.003774801921,0.003774801921,0,0,0,1.619570204,0
Extreme_both,2025-01,0.003574707178,0.003574707178,0.003574707178,0,0,0,1.625359693,0
Extreme_both,2025-02,0.003574707178,0.003574707178,0.003574707178,0,0,0,1.631169878,0
Extreme_both,2025-03,0.003574707178,0.003574707178,0.003574707178,0,0,0,1.637000833,0
Extreme_both,2025-04,0.003574707178,0.003574707178,0.003574707178,0,0,0,1.642852632,0
Extreme_both,2025-05,0.003574707178,0.003574707178,0.003574707178,0,0,0,1.648725349,0
Extreme_both,2025-06,0.003574707178,0.003574707178,0.003574707178,0,0,0,1.654619059,0
Extreme_both,2025-07,0.003574707178,0.003574707178,0.003574707178,0,0,0,1.660533838,0
Extreme_both,2025-08,0.003574707178,0.003574707178,0.003574707178,0,0,0,1.66646976,0
Extreme_both,2025-09,0.003574707178,0.003574707178,0.003574707178,0,0,0,1.672426901,0
Extreme_both,2025-10,0.003374172623,0.003374172623,0.003374172623,0,0,0,1.678069958,0
Extreme_both,2025-11,0.003173196228,0.003173196228,0.003173196228,0,0,0,1.683394804,0
Extreme_both,2025-12,0.003173196228,0.003173196228,0.003173196228,0,0,0,1.688736546,0
Extreme_both,2026-01,0.002971775953,0.002971775953,0.002971775953,0,0,0,1.693755092,0
Extreme_both,2026-02,0.002971775953,0.002971775953,0.002971775953,0,0,0,1.698788553,0
Extreme_both,2026-03,0.002971775953,0.002971775953,0.002971775953,0,0,0,1.703836972,0
Extreme_both,2026-04,0.002971775953,0.002971775953,0.002971775953,0,0,0,1.708900394,0
Extreme_both,2026-05,0.002971775953,0.002971775953,0.002971775953,0,0,0,1.713978863,0
Extreme_both,2026-06,0.002971775953,0.002971775953,0.002971775953,0,0,0,1.719072424,0
Extreme_both,2026-07,0.002971775953,0.002971775953,0.002971775953,0,0,0,1.724181122,0
Extreme_both,2026-08,0.002971775953,0.002971775953,0.002971775953,0,0,0,1.729305002,0
Extreme_long,2010-03,0.0007617394481,0.0009652075938,0.0001041070355,0.0001,0.0001034681458,0.5,1.352836168,0.5
Extreme_long,2010-04,0.005587532039,0.005690984727,0.0001041070355,5.534423674e-07,0.0001028992457,0.002767211837,1.360395184,0.5
Extreme_long,2010-05,0.005957643928,0.006055035926,0.0001041070355,1.111166858e-06,9.628083107e-05,0.005555834289,1.368499934,0.5
Extreme_long,2010-06,0.009557129149,0.009667906633,0.0001041070355,6.915546283e-06,0.000103861937,0.03457773142,1.381578865,0.5
Extreme_long,2010-07,-0.005502950546,-0.00539046317,0.0001041070355,1.894652481e-06,0.0001105927237,0.009473262405,1.373976104,0.5
Extreme_long,2010-08,-1.566675688e-06,0.0001041070355,0.0001041070355,0.0001056737112,0,0.5283685558,1.373973952,0
Extreme_long,2010-09,0.0001041070355,0.0001041070355,0.0001041070355,0,0,0,1.374116992,0
Extreme_long,2010-10,0.0001041070355,0.0001041070355,0.0001041070355,0,0,0,1.374260047,0
Extreme_long,2010-11,0.0001041070355,0.0001041070355,0.0001041070355,0,0,0,1.374403118,0
Extreme_long,2010-12,0.0001041070355,0.0001041070355,0.0001041070355,0,0,0,1.374546203,0
Extreme_long,2011-01,0.0001041070355,0.0001041070355,0.0001041070355,0,0,0,1.374689303,0
Extreme_long,2011-02,0.0001041070355,0.0001041070355,0.0001041070355,0,0,0,1.374832417,0
Extreme_long,2011-03,0.0001041070355,0.0001041070355,0.0001041070355,0,0,0,1.374975547,0
Extreme_long,2011-04,0.0001041070355,0.0001041070355,0.0001041070355,0,0,0,1.375118692,0
Extreme_long,2011-05,0.0001041070355,0.0001041070355,0.0001041070355,0,0,0,1.375261851,0
Extreme_long,2011-06,0.0001041070355,0.0001041070355,0.0001041070355,0,0,0,1.375405026,0
Extreme_long,2011-07,0.0001041070355,0.0001041070355,0.0001041070355,0,0,0,1.375548215,0
Extreme_long,2011-08,0.0001041070355,0.0001041070355,0.0001041070355,0,0,0,1.375691419,0
Extreme_long,2011-09,0.0001041070355,0.0001041070355,0.0001041070355,0,0,0,1.375834638,0
Extreme_long,2011-10,0.0001041070355,0.0001041070355,0.0001041070355,0,0,0,1.375977872,0
Extreme_long,2011-11,0.0001041070355,0.0001041070355,0.0001041070355,0,0,0,1.376121121,0
Extreme_long,2011-12,0.0001041070355,0.0001041070355,0.0001041070355,0,0,0,1.376264385,0
Extreme_long,2012-01,0.0001041070355,0.0001041070355,0.0001041070355,0,0,0,1.376407664,0
Extreme_long,2012-02,0.0001041070355,0.0001041070355,0.0001041070355,0,0,0,1.376550958,0
Extreme_long,2012-03,0.0001041070355,0.0001041070355,0.0001041070355,0,0,0,1.376694267,0
Extreme_long,2012-04,0.0001041070355,0.0001041070355,0.0001041070355,0,0,0,1.37683759,0
Extreme_long,2012-05,0.0001041070355,0.0001041070355,0.0001041070355,0,0,0,1.376980929,0
Extreme_long,2012-06,0.0001041070355,0.0001041070355,0.0001041070355,0,0,0,1.377124282,0
Extreme_long,2012-07,0.01221964191,0.01244627679,0.0001041070355,0.000125,0.0001016348828,0.5,1.393952248,0.5
Extreme_long,2012-08,-2.006551047e-05,0.0001041070355,0.0001041070355,0.0001241725459,0,0.494251549,1.393924277,0
Extreme_long,2012-09,0.0001041070355,0.0001041070355,0.0001041070355,0,0,0,1.394069395,0
Extreme_long,2012-10,0.0001041070355,0.0001041070355,0.0001041070355,0,0,0,1.394214527,0
Extreme_long,2012-11,0.0001041070355,0.0001041070355,0.0001041070355,0,0,0,1.394359674,0
Extreme_long,2012-12,0.0001041070355,0.0001041070355,0.0001041070355,0,0,0,1.394504837,0
Extreme_long,2013-01,0.0001041070355,0.0001041070355,0.0001041070355,0,0,0,1.394650015,0
Extreme_long,2013-02,0.0001041070355,0.0001041070355,0.0001041070355,0,0,0,1.394795208,0
Extreme_long,2013-03,0.0001041070355,0.0001041070355,0.0001041070355,0,0,0,1.394940416,0
Extreme_long,2013-04,0.0001041070355,0.0001041070355,0.0001041070355,0,0,0,1.395085639,0
Extreme_long,2013-05,0.0001041070355,0.0001041070355,0.0001041070355,0,0,0,1.395230877,0
Extreme_long,2013-06,0.0001041070355,0.0001041070355,0.0001041070355,0,0,0,1.39537613,0
Extreme_long,2013-07,0.0001041070355,0.0001041070355,0.0001041070355,0,0,0,1.395521399,0
Extreme_long,2013-08,0.0001041070355,0.0001041070355,0.0001041070355,0,0,0,1.395666683,0
Extreme_long,2013-09,0.0001041070355,0.0001041070355,0.0001041070355,0,0,0,1.395811981,0
Extreme_long,2013-10,0.0001041070355,0.0001041070355,0.0001041070355,0,0,0,1.395957295,0
Extreme_long,2013-11,0.0001041070355,0.0001041070355,0.0001041070355,0,0,0,1.396102624,0
Extreme_long,2013-12,0.0001041070355,0.0001041070355,0.0001041070355,0,0,0,1.396247968,0
Extreme_long,2014-01,0.0001041070355,0.0001041070355,0.0001041070355,0,0,0,1.396393327,0
Extreme_long,2014-02,0.0001041070355,0.0001041070355,0.0001041070355,0,0,0,1.396538702,0
Extreme_long,2014-03,0.005395521177,0.005598192468,0.0001041070355,0.0001,0.0001026712916,0.5,1.404073756,0.5
Extreme_long,2014-04,0.000141080628,0.0002470663936,0.0001041070355,1.092920212e-06,0.0001048928454,0.005464601062,1.404271844,0.5
Extreme_long,2014-05,0.00103793398,0.001143732365,0.0001041070355,7.152060078e-07,0.0001050831796,0.003576030039,1.405729385,0.5
Extreme_long,2014-06,0.003022811708,0.0031282968,0.0001041070355,9.884209119e-07,0.0001044966705,0.004942104559,1.40997864,0.5
Extreme_long,2014-07,3.483792591e-06,0.0001041070355,0.0001041070355,0.0001006232429,0,0.5031162144,1.409983552,0
Extreme_long,2014-08,0.0001041070355,0.0001041070355,0.0001041070355,0,0,0,1.410130342,0
Extreme_long,2014-09,0.006163936002,0.006362604389,0.0001041070355,0.0001,9.866838701e-05,0.5,1.418822295,0.5
Extreme_long,2014-10,8.716144154e-06,0.0001041070355,0.0001041070355,9.539089131e-05,0,0.4769544566,1.418834661,0
Extreme_long,2014-11,0.01089556975,0.01109411589,0.0001041070355,0.0001,9.854614537e-05,0.5,1.434293673,0.5
Extreme_long,2014-12,0.006208449414,0.006431218066,0.0001041070355,0.0001228256886,9.994296317e-05,0.489128443,1.443198413,0.5
Extreme_long,2015-01,-0.004824604704,-0.004722730392,0.0001041070355,4.550824599e-06,9.732348739e-05,0.01694568403,1.436235551,0.5
Extreme_long,2015-02,0.006190934416,0.006303028301,0.0001041070355,8.615674253e-06,0.0001034782102,0.03543274459,1.445127191,0.5
Extreme_long,2015-03,0.002610664527,0.002712773761,0.0001041070355,1.550190039e-06,0.0001005590432,0.006160780279,1.448899934,0.5
Extreme_long,2015-04,0.02212975753,0.0226506345,0.0001041070355,0.0003041330185,0.0002167439497,0.5160116993,1.480963738,1
Extreme_long,2015-05,-0.009583458624,-0.009354641346,0.0001041070355,2.504714375e-05,0.0002037701342,0.0397136439,1.466770983,1
Extreme_long,2015-06,-0.00511289506,-0.004886481194,0.0001041070355,1.262784316e-05,0.0002137860233,0.02217474016,1.459271537,1
Extreme_long,2015-07,-0.01413023921,-0.01391640124,0.0001041070355,1.230548114e-05,0.0002015324946,0.0262366257,1.438651681,1
Extreme_long,2015-08,-0.0289612116,-0.02872981173,0.0001041070355,1.881505555e-05,0.0002125848213,0.03318450164,1.396986585,1
Extreme_long,2015-09,-0.02578816594,-0.02556403987,0.0001041070355,1.496605966e-05,0.0002091600174,0.03686972272,1.360960864,1
Extreme_long,2015-10,0.02319129332,0.02341575406,0.0001041070355,1.934947704e-05,0.0002051112599,0.03341327143,1.392523306,1
Extreme_long,2015-11,0.01643272137,0.01664446324,0.0001041070355,9.740029473e-06,0.0002020018395,0.02483950565,1.415406254,1
Extreme_long,2015-12,-0.02860728933,-0.02838499078,0.0001041070355,7.695624948e-06,0.000214602924,0.03128774446,1.374915317,1
Extreme_long,2016-01,-0.00337899427,-0.003160984092,0.0003119641739,1.082017446e-05,0.0002071900033,0.03503865117,1.370269486,1
Extreme_long,2016-02,0.01770786532,0.01791982343,0.0003119641739,3.94108557e-06,0.0002080170208,0.008961433371,1.394534034,1
Extreme_long,2016-03,0.01531911836,0.0155442478,0.0003119641739,6.145947502e-06,0.0002189835008,0.01730148685,1.415897066,1
Extreme_long,2016-04,0.01869508596,0.01893488246,0.0003119641739,3.049196643e-05,0.0002093045321,0.04991775712,1.442367383,1
Extreme_long,2016-05,0.001523919838,0.001736320701,0.0003119641739,9.955787799e-06,0.0002024450746,0.01828115061,1.444565435,1
Extreme_long,2016-06,0.03690724595,0.03712283294,0.0003119641739,9.69040309e-06,0.0002058965808,0.02868438801,1.497880367,1
Extreme_long,2016-07,-0.001546485252,-0.001312562884,0.0003119641739,2.694214302e-05,0.0002069802243,0.05047201911,1.495563917,1
Extreme_long,2016-08,0.001101843,0.00153047593,0.0003119641739,0.0003242881511,0.0001043447787,0.5004343775,1.497211794,0.5
Extreme_long,2016-09,-0.001431257031,-0.001326548257,0.0003119641739,2.707555727e-07,0.0001044380185,0.001353777863,1.495068899,0.5
Extreme_long,2016-10,0.0008114270985,0.0009139152853,0.0003119641739,3.281721849e-07,0.0001021600146,0.001640860925,1.496282039,0.5
Extreme_long,2016-11,0.007766216419,0.007869341897,0.0003119641739,1.918333174e-06,0.000101207144,0.009591665872,1.507902489,0.5
Extreme_long,2016-12,0.001178919396,0.001284287514,0.0003119641739,2.122251776e-06,0.0001032458668,0.01061125888,1.509680184,0.5
Extreme_long,2017-01,0.008595154687,0.009134704197,0.0005193472934,0.0003258395049,0.0002137100047,0.5041975243,1.522656119,1
Extreme_long,2017-02,0.001530276171,0.001972711006,0.0005193472934,0.0003397984417,0.0001026363931,0.5252256921,1.524986203,0.5
Extreme_long,2017-03,-0.004368367727,-0.004261914831,0.0005193472934,1.362236868e-06,0.0001050906588,0.00681118434,1.518324503,0.5
Extreme_long,2017-04,-0.0103163401,-0.01020888433,0.0007262586484,9.60448015e-07,0.0001064953261,0.004802240075,1.502660951,0.5
Extreme_long,2017-05,-0.002487627253,-0.00237847742,0.0007262586484,2.209825911e-06,0.0001069400075,0.01104912956,1.49892289,0.5
Extreme_long,2017-06,0.006365722376,0.006473923628,0.0007262586484,2.261564915e-06,0.0001059396865,0.01130782458,1.508464617,0.5
Extreme_long,2017-07,0.00382765371,0.00393686299,0.0009327004774,2.167300324e-06,0.0001070419805,0.01083650162,1.514238498,0.5
Extreme_long,2017-08,-0.004747359834,-0.004639389849,0.0009327004774,2.932826186e-06,0.0001050371591,0.01466413093,1.507049863,0.5
Extreme_long,2017-09,0.005878952852,0.005984071878,0.0009327004774,1.119733845e-06,0.000103999292,0.005598669224,1.515909738,0.5
Extreme_long,2017-10,-0.004095503238,-0.003991814471,0.0009327004774,1.004369638e-06,0.0001026843974,0.005021848192,1.509701324,0.5
Extreme_long,2017-11,-0.003267575604,-0.003159480776,0.0009327004774,2.03960381e-06,0.0001060552246,0.01019801905,1.504768261,0.5
Extreme_long,2017-12,0.004959944972,0.005066669082,0.0009327004774,1.291557174e-06,0.0001054325524,0.006457785869,1.512231829,0.5
Extreme_long,2018-01,-0.002935484529,-0.002825782845,0.001138675003,1.504785435e-06,0.000108196898,0.007523927177,1.507792696,0.5
Extreme_long,2018-02,-0.003630237963,-0.003524758589,0.001138675003,3.344810916e-06,0.0001021345634,0.01672405458,1.50231905,0.5
Extreme_long,2018-03,-0.003182057547,-0.003074415699,0.001138675003,2.562527772e-06,0.0001050793196,0.01281263886,1.497538584,0.5
Extreme_long,2018-04,0.007149429721,0.007252395689,0.00134418443,8.45307959e-07,0.00010212066,0.004226539795,1.508245131,0.5
Extreme_long,2018-05,0.00969708513,0.00979949408,0.00134418443,1.519343391e-06,0.0001008896065,0.007596716956,1.522870712,0.5
Extreme_long,2018-06,-0.006533093512,-0.005999891037,0.00134418443,0.0003274333718,0.0002057691035,0.5121668588,1.512921655,1
Extreme_long,2018-07,0.006777104082,0.00699615148,0.001549230951,7.316341639e-06,0.0002117310557,0.01493561373,1.523174883,1
Extreme_long,2018-08,-0.01114525784,-0.0109326771,0.001549230951,9.295672222e-06,0.0002032850667,0.01470818379,1.506198706,1
Extreme_long,2018-09,0.008758502534,0.008994200861,0.001549230951,2.557882305e-05,0.0002101195041,0.03413606209,1.519390751,1
Extreme_long,2018-10,0.03581431729,0.03602768093,0.00175381674,1.057922748e-05,0.0002027844093,0.01724805556,1.573806694,1
Extreme_long,2018-11,-0.01385270026,-0.01361982133,0.00175381674,2.296020662e-05,0.0002099187296,0.0539331419,1.552005221,1
Extreme_long,2018-12,-0.009485808927,-0.009266973269,0.00175381674,8.17079468e-06,0.0002106648634,0.01642076658,1.537283196,1
Extreme_long,2019-01,0.02910772275,0.02932115604,0.001957943956,5.599569418e-06,0.000207833719,0.01576443244,1.582030009,1
Extreme_long,2019-02,0.003502050157,0.003721409341,0.001957943956,1.343142027e-05,0.0002059277635,0.02658925929,1.587570358,1
Extreme_long,2019-03,-0.004461587061,-0.004248569614,0.001957943956,7.135393948e-06,0.0002058820529,0.01350647769,1.580487275,1
Extreme_long,2019-04,0.006816637478,0.007031773472,0.001957943956,9.435631762e-06,0.0002057003625,0.0138406348,1.591260883,1
Extreme_long,2019-05,0.0006677675448,0.0008799404844,0.001957943956,5.122916041e-06,0.0002070500235,0.01455041131,1.592323476,1
Extreme_long,2019-06,0.01117701949,0.01139433989,0.001957943956,3.94684705e-06,0.0002133735536,0.008169802547,1.610120906,1
Extreme_long,2019-07,0.01747870852,0.01769402204,0.001957943956,1.214107917e-05,0.0002031724377,0.02192973207,1.63826374,1
Extreme_long,2019-08,-0.01245150628,-0.01224029658,0.001957943956,6.689194614e-06,0.0002045205034,0.0263197257,1.617864889,1
Extreme_long,2019-09,0.00711269247,0.007339430703,0.00175381674,1.979910237e-05,0.0002069391306,0.02343176414,1.629372264,1
Extreme_long,2019-10,0.004451558613,0.004666829547,0.001549230951,2.403459294e-06,0.0002128674752,0.00842833173,1.636625511,1
Extreme_long,2019-11,-0.01258133724,-0.01236097225,0.00134418443,1.279934706e-05,0.0002075656465,0.02002061628,1.616034573,1
Extreme_long,2019-12,0.009085080015,0.009310759021,0.00134418443,1.202758898e-05,0.0002136514178,0.01682516804,1.630716376,1
Extreme_long,2020-01,-0.003120168648,-0.002902735101,0.00134418443,1.46830252e-05,0.0002027505219,0.02387061217,1.625628266,1
Extreme_long,2020-02,-0.01026828319,-0.01004450553,0.00134418443,1.682900802e-05,0.0002069486552,0.02831841963,1.608935855,1
Extreme_long,2020-03,-0.04651420384,-0.04617142143,0.00134418443,0.0001344453891,0.0002083370197,0.5115068455,1.534097485,1
Extreme_long,2020-04,-0.003448350233,-0.003210316748,0.0001041070355,2.851734278e-05,0.0002095161426,0.04983357493,1.528807379,1
Extreme_long,2020-05,9.326295002e-05,0.0003133129154,0.0001041070355,9.794081517e-06,0.0002102558838,0.02148031008,1.52894996,1
Extreme_long,2020-06,-0.003220190389,-0.003007864622,0.0001041070355,4.021836263e-06,0.0002083039314,0.01190047947,1.52402645,1
Extreme_long,2020-07,-0.001669187492,-0.001447906043,0.0001041070355,4.09118182e-06,0.0002171902678,0.007535591923,1.521482564,1
Extreme_long,2020-08,-0.0041185704,-0.003889915973,0.0001041070355,2.049631913e-05,0.0002081581082,0.04245127879,1.515216231,1
Extreme_long,2020-09,-0.0118963707,-0.01167710621,0.0001041070355,1.274254226e-05,0.000206521944,0.0224004393,1.497190657,1
Extreme_long,2020-10,-0.00527062858,-0.005052192503,0.0001041070355,9.089847853e-06,0.0002093462299,0.01594274021,1.489299522,1
Extreme_long,2020-11,0.02262754465,0.02284374596,0.0001041070355,4.923108924e-06,0.0002112781977,0.01138320217,1.522998713,1
Extreme_long,2020-12,0.001119515456,0.001349557099,0.0001041070355,1.808178448e-05,0.0002119598592,0.02275030839,1.524703734,1
Extreme_long,2021-01,-0.007188978067,-0.006975661137,0.0001041070355,7.729642382e-06,0.0002055872869,0.01728654611,1.513742672,1
Extreme_long,2021-02,0.006699831322,0.006918441437,0.0001041070355,1.197164699e-05,0.0002066384685,0.01519872298,1.523884492,1
Extreme_long,2021-03,0.008699957652,0.008904214037,0.0001041070355,3.567110677e-06,0.000200689274,0.01045784003,1.537142223,1
Extreme_long,2021-04,0.01431053518,0.01454118029,0.0001041070355,1.736314608e-05,0.0002132819648,0.03648470451,1.559139551,1
Extreme_long,2021-05,0.009428721868,0.00965457013,0.0001041070355,1.716909281e-05,0.0002086791697,0.0233125346,1.573840244,1
Extreme_long,2021-06,0.02062544424,0.0208300395,0.0001041070355,0.0001031350475,0.000101460211,0.5015495355,1.606301398,0.5
Extreme_long,2021-07,-0.005925499157,-0.005810176784,0.0001041070355,1.109426973e-05,0.0001042281035,0.02030708972,1.596783261,0.5
Extreme_long,2021-08,-0.001760805246,-0.001652415165,0.0001041070355,4.72278428e-06,0.0001036672966,0.005949537801,1.593971636,0.5
Extreme_long,2021-09,-0.003736646482,-0.003631928257,0.0001041070355,2.796076434e-06,0.0001019221487,0.003487047024,1.588015528,0.5
Extreme_long,2021-10,0.001441460476,0.001757887271,0.0001041070355,0.0001092363537,0.0002071904413,0.5128938909,1.590304589,1
Extreme_long,2021-11,-0.00166096964,-0.001442129252,0.0001041070355,1.204764194e-05,0.0002067927462,0.0224576937,1.587663142,1
Extreme_long,2021-12,0.004182303009,0.004389602565,0.0001041070355,0.0001034720803,0.0001038274765,0.5039925529,1.59430323,0.5
Extreme_long,2022-01,0.01419439188,0.01450356805,0.0001041070355,0.0001027032311,0.0002064729445,0.5042676469,1.616933395,1
Extreme_long,2022-02,0.01199425533,0.01221326681,0.0001041070355,1.029561618e-05,0.0002087158622,0.023034601,1.636327307,1
Extreme_long,2022-03,0.04219454286,0.0424074388,0.0001041070355,1.086209797e-05,0.0002020338399,0.0169620694,1.70537139,1
Extreme_long,2022-04,0.01409266758,0.0144065522,0.0003119641739,0.0001174078622,0.0001964767607,0.5405906287,1.729404622,1
Extreme_long,2022-05,0.002925050014,0.003153671396,0.0003119641739,1.713823014e-05,0.0002114831512,0.05632196787,1.734463217,1
Extreme_long,2022-06,-0.001742508376,-0.001433387058,0.0007262586484,0.0001101103511,0.0001990109668,0.5147714639,1.7314409,1
Extreme_long,2022-07,0.007976709453,0.008209786344,0.00134418443,2.469593944e-05,0.0002083809521,0.04545635735,1.745252101,1
Extreme_long,2022-08,0.01471917603,0.01492664349,0.001957943956,4.872643495e-06,0.0002025948106,0.01237077748,1.770940774,1
Extreme_long,2022-09,-0.001598109463,-0.001390818173,0.001957943956,5.856947277e-06,0.0002014343435,0.02901117631,1.768110617,1
Extreme_long,2022-10,0.01325298679,0.01347401936,0.002567595531,1.374426728e-05,0.0002072883077,0.03493802393,1.791543363,1
Extreme_long,2022-11,-0.01997621131,-0.01975024736,0.002567595531,5.564603601e-06,0.0002203993514,0.01538004432,1.755755115,1
Extreme_long,2022-12,-0.01398851444,-0.01375359632,0.003173196228,1.800630963e-05,0.0002169118128,0.05701246207,1.731194709,1
Extreme_long,2023-01,0.01007632877,0.01030115792,0.003574707178,1.369063728e-05,0.0002111385076,0.03939284377,1.748638796,1
Extreme_long,2023-02,0.01632036789,0.01653096304,0.003574707178,9.161550916e-06,0.0002014336008,0.01083522923,1.777177224,1
Extreme_long,2023-03,0.0009097891274,0.001135149646,0.003774801921,1.17101148e-05,0.0002136504041,0.0351059709,1.778794081,1
Extreme_long,2023-04,0.01163447542,0.01185355809,0.003974458863,1.190201329e-05,0.0002071806649,0.02300161154,1.799489417,1
Extreme_long,2023-05,0.01566520608,0.01587393728,0.003974458863,5.902097141e-06,0.0002028291036,0.01534379503,1.827678789,1
Extreme_long,2023-06,0.03022460315,0.03044108314,0.004173680002,9.991389568e-06,0.0002064886032,0.02856847386,1.882919655,1
Extreme_long,2023-07,0.007354492253,0.007576485734,0.004173680002,1.036005301e-05,0.0002116334273,0.02549677328,1.896767573,1
Extreme_long,2023-08,0.004968362846,0.005281813688,0.004372467323,0.0001091874246,0.0002042634179,0.5132151164,1.906191403,1
Extreme_long,2023-09,0.01483034951,0.01514225594,0.004372467323,0.0001085751423,0.000203331284,0.5148951377,1.934460888,1
Extreme_long,2023-10,0.004466093314,0.004784348126,0.004372467323,0.0001108627522,0.0002073920598,0.5251795224,1.943100371,1
Extreme_long,2023-11,0.01025087544,0.01046719681,0.004372467323,2.458964607e-06,0.000213862405,0.007511579687,1.96301885,1
Extreme_long,2023-12,-0.0008315166716,-0.0006079620913,0.004372467323,9.67963717e-06,0.0002138749431,0.02381569802,1.961386568,1
Extreme_long,2024-01,0.01623508004,0.0164474571,0.004372467323,1.05213092e-05,0.000201855753,0.02411600134,1.993229835,1
Extreme_long,2024-02,0.008257320781,0.008476237886,0.004372467323,1.229337176e-05,0.0002066237332,0.03312492934,2.009688574,1
Extreme_long,2024-03,0.008573004203,0.008783716296,0.004372467323,3.252962939e-06,0.0002074591294,0.01064106789,2.026917642,1
Extreme_long,2024-04,0.009633476752,0.009838519767,0.004372467323,1.459957252e-06,0.0002035830577,0.006668234861,2.046443906,1
Extreme_long,2024-05,0.003487112282,0.003706838702,0.004372467323,1.018006434e-05,0.0002095463563,0.02507471928,2.053580086,1
Extreme_long,2024-06,7.962897687e-05,0.0002881684413,0.004372467323,3.876841165e-06,0.0002046626233,0.01011495871,2.05374361,1
Extreme_long,2024-07,-0.009745465691,-0.009393596246,0.004372467323,0.0001374951914,0.0002143742536,0.5149379029,2.033728922,1
Extreme_long,2024-08,-0.0005626606813,-0.0002169403477,0.004372467323,0.0001313648428,0.0002143554908,0.5283744226,2.032584623,1
Extreme_long,2024-09,0.01100231428,0.01121606,0.004372467323,0.0001076532513,0.0001060924744,0.5265015591,2.054947758,0.5
Extreme_long,2024-10,0.007031227694,0.007137575258,0.003974458863,9.047421158e-06,9.730014227e-05,0.01056629078,2.069396564,0.5
Extreme_long,2024-11,-0.01240389165,-0.01227936732,0.003974458863,1.853900226e-05,0.0001059853303,0.03299235782,2.043727993,0.5
Extreme_long,2024-12,0.01289659622,0.01300665075,0.003774801921,1.037140554e-05,9.968311793e-05,0.01645796905,2.070085127,0.5
Extreme_long,2025-01,0.01592983844,0.01627185571,0.003574707178,0.0001324000638,0.0002096172073,0.5184096433,2.103061249,1
Extreme_long,2025-02,-0.003639101615,-0.003409673418,0.003574707178,1.538746484e-05,0.0002140407327,0.02231995572,2.095407996,1
Extreme_long,2025-03,-0.004676382289,-0.00445072222,0.003574707178,8.968111894e-06,0.000216691957,0.0254045237,2.085609067,1
Extreme_long,2025-04,0.0006996806276,0.0009312550802,0.003574707178,1.444243956e-05,0.000217132013,0.03814492431,2.087068327,1
Extreme_long,2025-05,0.00422628834,0.004472082367,0.003574707178,0.0001421172156,0.0001036768115,0.5400342013,2.095888879,0.5
Extreme_long,2025-06,0.01592131756,0.01602668813,0.003574707178,1.656112181e-06,0.0001037144553,0.003355919357,2.129258192,0.5
Extreme_long,2025-07,0.01145082116,0.01155950412,0.003574707178,8.345418744e-06,0.0001003375468,0.01225683597,2.153639947,0.5
Extreme_long,2025-08,0.009271889035,0.009384153136,0.003574707178,6.291654089e-06,0.000105972447,0.01574902321,2.173608257,0.5
Extreme_long,2025-09,0.01261939547,0.01273134522,0.003574707178,8.273125043e-06,0.0001036766313,0.009951157567,2.201037879,0.5
Extreme_long,2025-10,0.01314924698,0.01325493311,0.003374172623,5.698927571e-06,9.998719898e-05,0.009042526824,2.22997987,0.5
Extreme_long,2025-11,0.01098405758,0.01109283814,0.003173196228,5.908966249e-06,0.0001028715873,0.01634995852,2.254474097,0.5
Extreme_long,2025-12,0.0003713802775,0.0004784592405,0.003173196228,3.278606173e-06,0.0001038003568,0.007833597226,2.255311365,0.5
Extreme_long,2026-01,0.01377415911,0.01388385294,0.002971775953,3.741162467e-06,0.0001059526678,0.004439446388,2.286376382,0.5
Extreme_long,2026-02,0.01197784565,0.01209265669,0.002971775953,1.194325713e-05,0.0001028677893,0.01272955222,2.313762246,0.5
Extreme_long,2026-03,0.007856829003,0.007962995342,0.002971775953,4.299230483e-06,0.0001018671091,0.009012925313,2.33194108,0.5
Extreme_long,2026-04,0.01322023511,0.01333013577,0.002971775953,3.781694687e-06,0.0001061189714,0.009604364437,2.362769889,0.5
Extreme_long,2026-05,0.006587967342,0.006702406045,0.002971775953,1.204029363e-05,0.0001023984088,0.01325168496,2.37833574,0.5
Extreme_long,2026-06,0.00267491554,0.002971775953,0.002971775953,0.0002968604129,0,0.4922965457,2.384697587,0
Extreme_long,2026-07,0.002971775953,0.002971775953,0.002971775953,0,0,0,2.391784374,0
Extreme_long,2026-08,-0.001482195798,-0.0007802528253,0.002971775953,0.0005974452751,0.0001044976973,0.9982434778,2.388239282,0.5
Extreme_short,2010-03,0.01833759879,0.01873695054,0.0001041070355,0.0003,9.935175136e-05,0.5,1.376595328,0.5
Extreme_short,2010-04,0.01321717853,0.01332580875,0.0001041070355,5.632806739e-06,0.0001029974105,0.01829731469,1.394790035,0.5
Extreme_short,2010-05,-0.01892228763,-0.01880649252,0.0001041070355,8.237920255e-06,0.0001075571874,0.01304922774,1.368397416,0.5
Extreme_short,2010-06,-0.003945971888,-0.003829687724,0.0001041070355,8.76569572e-06,0.0001075184681,0.01927533295,1.362997759,0.5
Extreme_short,2010-07,0.001334902897,0.001448688146,0.0001041070355,6.953580217e-06,0.0001068316689,0.01422221963,1.364817228,0.5
Extreme_short,2010-08,-0.004229246955,-0.004113975085,0.0001041070355,8.632396408e-06,0.0001066394734,0.01349213493,1.359045079,0.5
Extreme_short,2010-09,0.007930401351,0.008040216221,0.0001041070355,4.215273202e-06,0.0001055995974,0.00984945347,1.369822852,0.5
Extreme_short,2010-10,-0.00670777901,-0.006590674489,0.0001041070355,9.631513634e-06,0.0001074730069,0.01080341083,1.360634383,0.5
Extreme_short,2010-11,0.009181991991,0.009287175869,0.0001041070355,4.901824014e-06,0.0001002820546,0.01266303462,1.373127717,0.5
Extreme_short,2010-12,0.003631638962,0.003743761439,0.0001041070355,4.693740173e-06,0.0001074287361,0.01388924505,1.378114421,0.5
Extreme_short,2011-01,0.002074043331,0.002189063712,0.0001041070355,1.192481121e-05,0.0001030955705,0.01745702914,1.38097269,0.5
Extreme_short,2011-02,0.004284514295,0.004390644909,0.0001041070355,1.599156608e-06,0.0001045314579,0.004052355238,1.386889487,0.5
Extreme_short,2011-03,0.0103498059,0.01045695141,0.0001041070355,4.126897323e-06,0.0001030186093,0.004268250493,1.401243525,0.5
Extreme_short,2011-04,0.004475108076,0.004587330853,0.0001041070355,6.031184632e-06,0.0001061915923,0.01024679207,1.407514241,0.5
Extreme_short,2011-05,0.002730528116,0.002843281142,0.0001041070355,8.948229803e-06,0.0001038047957,0.01193821615,1.411357498,0.5
Extreme_short,2011-06,-0.005635617559,-0.00529892128,0.0001041070355,0.0001265047938,0.0002101914849,0.5027317151,1.403403627,1
Extreme_short,2011-07,-0.0085001009,-0.008260234762,0.0001041070355,0.0001318304124,0.0001080357251,0.5094420428,1.391474554,0.5
Extreme_short,2011-08,-0.005401178326,-0.005290193777,0.0001041070355,5.391774164e-06,0.000105592775,0.01461032298,1.383958952,0.5
Extreme_short,2011-09,-0.03111134003,-0.03100608891,0.0001041070355,1.57125052e-06,0.0001036798638,0.005423594614,1.340902135,0.5
Extreme_short,2011-10,0.03102040856,0.03114968612,0.0001041070355,2.663892483e-05,0.0001026386416,0.03210915478,1.382497467,0.5
Extreme_short,2011-11,-0.01677462774,-0.01664852741,0.0001041070355,2.126049248e-05,0.0001048398366,0.03011150781,1.359306586,0.5
Extreme_short,2011-12,-0.005142445975,-0.005025890542,0.0001041070355,1.229793369e-05,0.0001042575001,0.01703844807,1.352316426,0.5
Extreme_short,2012-01,0.01749158493,0.01760114015,0.0001041070355,3.933830979e-06,0.0001056213925,0.005156514675,1.375970583,0.5
Extreme_short,2012-02,0.01957061372,0.01968622776,0.0001041070355,1.651557642e-05,9.909846313e-05,0.01719624356,1.402899172,0.5
Extreme_short,2012-03,-0.009168034659,-0.009060256566,0.0001041070355,5.83474538e-06,0.0001019433473,0.01920624277,1.390037344,0.5
Extreme_short,2012-04,-0.01274746084,-0.01262787377,0.0001041070355,1.29157142e-05,0.0001066713566,0.01536008351,1.372317897,0.5
Extreme_short,2012-05,-0.01815402514,-0.01804262238,0.0001041070355,5.429732573e-06,0.0001059730298,0.01289637686,1.347404804,0.5
Extreme_short,2012-06,-0.0004900861582,-0.0003757191225,0.0001041070355,1.123816563e-05,0.00010312887,0.01848225677,1.346744459,0.5
Extreme_short,2012-07,-0.002210797568,-0.002101523603,0.0001041070355,3.299768767e-06,0.0001059741957,0.005179573659,1.34376708,0.5
Extreme_short,2012-08,0.002351227027,0.002458691126,0.0001041070355,3.690774789e-06,0.0001037733243,0.007624969745,1.346926581,0.5
Extreme_short,2012-09,0.0001218273632,0.0005532699882,0.0001041070355,0.0003261413748,0.0001053012502,0.5023490609,1.347090674,0.5
Extreme_short,2012-10,0.004108204956,0.00421093041,0.0001041070355,1.490627914e-06,0.000101234826,0.005872690007,1.352624798,0.5
Extreme_short,2012-11,0.006791408715,0.006894818615,0.0001041070355,2.780371531e-06,0.000100629529,0.01193949027,1.361811026,0.5
Extreme_short,2012-12,0.01658209931,0.01668514825,0.0001041070355,3.026769391e-06,0.0001000221621,0.0134560584,1.384392712,0.5
Extreme_short,2013-01,0.01891253191,0.01901459471,0.0001041070355,3.508716547e-06,9.855408478e-05,0.01631057759,1.410575083,0.5
Extreme_short,2013-02,-1.75378866e-05,0.0001041070355,0.0001041070355,0.0001216449221,0,0.4828677921,1.410550345,0
Extreme_short,2013-03,0.0001041070355,0.0001041070355,0.0001041070355,0,0,0,1.410697193,0
Extreme_short,2013-04,0.0001041070355,0.0001041070355,0.0001041070355,0,0,0,1.410844056,0
Extreme_short,2013-05,0.0001041070355,0.0001041070355,0.0001041070355,0,0,0,1.410990935,0
Extreme_short,2013-06,0.0001041070355,0.0001041070355,0.0001041070355,0,0,0,1.411137829,0
Extreme_short,2013-07,0.0001041070355,0.0001041070355,0.0001041070355,0,0,0,1.411284739,0
Extreme_short,2013-08,0.0001041070355,0.0001041070355,0.0001041070355,0,0,0,1.411431663,0
Extreme_short,2013-09,0.0001041070355,0.0001041070355,0.0001041070355,0,0,0,1.411578603,0
Extreme_short,2013-10,0.0001041070355,0.0001041070355,0.0001041070355,0,0,0,1.411725559,0
Extreme_short,2013-11,0.0001041070355,0.0001041070355,0.0001041070355,0,0,0,1.411872529,0
Extreme_short,2013-12,0.0001041070355,0.0001041070355,0.0001041070355,0,0,0,1.412019515,0
Extreme_short,2014-01,0.0001041070355,0.0001041070355,0.0001041070355,0,0,0,1.412166516,0
Extreme_short,2014-02,0.0001041070355,0.0001041070355,0.0001041070355,0,0,0,1.412313533,0
Extreme_short,2014-03,0.0001041070355,0.0001041070355,0.0001041070355,0,0,0,1.412460564,0
Extreme_short,2014-04,0.0001041070355,0.0001041070355,0.0001041070355,0,0,0,1.412607611,0
Extreme_short,2014-05,0.0001041070355,0.0001041070355,0.0001041070355,0,0,0,1.412754674,0
Extreme_short,2014-06,0.0001041070355,0.0001041070355,0.0001041070355,0,0,0,1.412901752,0
Extreme_short,2014-07,0.0001041070355,0.0001041070355,0.0001041070355,0,0,0,1.413048845,0
Extreme_short,2014-08,0.0001041070355,0.0001041070355,0.0001041070355,0,0,0,1.413195953,0
Extreme_short,2014-09,0.0001041070355,0.0001041070355,0.0001041070355,0,0,0,1.413343077,0
Extreme_short,2014-10,0.0001041070355,0.0001041070355,0.0001041070355,0,0,0,1.413490216,0
Extreme_short,2014-11,0.0001041070355,0.0001041070355,0.0001041070355,0,0,0,1.41363737,0
Extreme_short,2014-12,0.0001041070355,0.0001041070355,0.0001041070355,0,0,0,1.413784539,0
Extreme_short,2015-01,0.0001041070355,0.0001041070355,0.0001041070355,0,0,0,1.413931724,0
Extreme_short,2015-02,0.0001041070355,0.0001041070355,0.0001041070355,0,0,0,1.414078925,0
Extreme_short,2015-03,0.0001041070355,0.0001041070355,0.0001041070355,0,0,0,1.41422614,0
Extreme_short,2015-04,0.0001041070355,0.0001041070355,0.0001041070355,0,0,0,1.414373371,0
Extreme_short,2015-05,0.0001041070355,0.0001041070355,0.0001041070355,0,0,0,1.414520617,0
Extreme_short,2015-06,0.0001041070355,0.0001041070355,0.0001041070355,0,0,0,1.414667879,0
Extreme_short,2015-07,0.0001041070355,0.0001041070355,0.0001041070355,0,0,0,1.414815156,0
Extreme_short,2015-08,0.0001041070355,0.0001041070355,0.0001041070355,0,0,0,1.414962448,0
Extreme_short,2015-09,0.0001041070355,0.0001041070355,0.0001041070355,0,0,0,1.415109755,0
Extreme_short,2015-10,0.0001041070355,0.0001041070355,0.0001041070355,0,0,0,1.415257078,0
Extreme_short,2015-11,0.0001041070355,0.0001041070355,0.0001041070355,0,0,0,1.415404417,0
Extreme_short,2015-12,0.0001041070355,0.0001041070355,0.0001041070355,0,0,0,1.41555177,0
Extreme_short,2016-01,0.0003119641739,0.0003119641739,0.0003119641739,0,0,0,1.415993372,0
Extreme_short,2016-02,0.0003119641739,0.0003119641739,0.0003119641739,0,0,0,1.416435111,0
Extreme_short,2016-03,0.0003119641739,0.0003119641739,0.0003119641739,0,0,0,1.416876988,0
Extreme_short,2016-04,0.0003119641739,0.0003119641739,0.0003119641739,0,0,0,1.417319003,0
Extreme_short,2016-05,0.0003119641739,0.0003119641739,0.0003119641739,0,0,0,1.417761155,0
Extreme_short,2016-06,0.0003119641739,0.0003119641739,0.0003119641739,0,0,0,1.418203446,0
Extreme_short,2016-07,0.0003119641739,0.0003119641739,0.0003119641739,0,0,0,1.418645875,0
Extreme_short,2016-08,0.0003119641739,0.0003119641739,0.0003119641739,0,0,0,1.419088441,0
Extreme_short,2016-09,0.0003119641739,0.0003119641739,0.0003119641739,0,0,0,1.419531146,0
Extreme_short,2016-10,0.0003119641739,0.0003119641739,0.0003119641739,0,0,0,1.419973989,0
Extreme_short,2016-11,0.0003119641739,0.0003119641739,0.0003119641739,0,0,0,1.42041697,0
Extreme_short,2016-12,0.0003119641739,0.0003119641739,0.0003119641739,0,0,0,1.420860089,0
Extreme_short,2017-01,0.0005193472934,0.0005193472934,0.0005193472934,0,0,0,1.421598009,0
Extreme_short,2017-02,0.0005193472934,0.0005193472934,0.0005193472934,0,0,0,1.422336312,0
Extreme_short,2017-03,0.0005193472934,0.0005193472934,0.0005193472934,0,0,0,1.423074999,0
Extreme_short,2017-04,0.0007262586484,0.0007262586484,0.0007262586484,0,0,0,1.424108519,0
Extreme_short,2017-05,0.0007262586484,0.0007262586484,0.0007262586484,0,0,0,1.42514279,0
Extreme_short,2017-06,0.0007262586484,0.0007262586484,0.0007262586484,0,0,0,1.426177813,0
Extreme_short,2017-07,0.0009327004774,0.0009327004774,0.0009327004774,0,0,0,1.427508009,0
Extreme_short,2017-08,0.0009327004774,0.0009327004774,0.0009327004774,0,0,0,1.428839447,0
Extreme_short,2017-09,0.0009327004774,0.0009327004774,0.0009327004774,0,0,0,1.430172126,0
Extreme_short,2017-10,0.0009327004774,0.0009327004774,0.0009327004774,0,0,0,1.431506048,0
Extreme_short,2017-11,0.0009327004774,0.0009327004774,0.0009327004774,0,0,0,1.432841215,0
Extreme_short,2017-12,0.0009327004774,0.0009327004774,0.0009327004774,0,0,0,1.434177626,0
Extreme_short,2018-01,0.001138675003,0.001138675003,0.001138675003,0,0,0,1.435810688,0
Extreme_short,2018-02,0.001138675003,0.001138675003,0.001138675003,0,0,0,1.43744561,0
Extreme_short,2018-03,0.001138675003,0.001138675003,0.001138675003,0,0,0,1.439082394,0
Extreme_short,2018-04,0.00134418443,0.00134418443,0.00134418443,0,0,0,1.441016786,0
Extreme_short,2018-05,0.00134418443,0.00134418443,0.00134418443,0,0,0,1.442953778,0
Extreme_short,2018-06,0.00134418443,0.00134418443,0.00134418443,0,0,0,1.444893374,0
Extreme_short,2018-07,0.001549230951,0.001549230951,0.001549230951,0,0,0,1.447131848,0
Extreme_short,2018-08,0.001549230951,0.001549230951,0.001549230951,0,0,0,1.449373789,0
Extreme_short,2018-09,0.001549230951,0.001549230951,0.001549230951,0,0,0,1.451619204,0
Extreme_short,2018-10,0.00175381674,0.00175381674,0.00175381674,0,0,0,1.454165078,0
Extreme_short,2018-11,0.00175381674,0.00175381674,0.00175381674,0,0,0,1.456715417,0
Extreme_short,2018-12,0.00175381674,0.00175381674,0.00175381674,0,0,0,1.459270229,0
Extreme_short,2019-01,0.001957943956,0.001957943956,0.001957943956,0,0,0,1.462127398,0
Extreme_short,2019-02,0.001957943956,0.001957943956,0.001957943956,0,0,0,1.464990162,0
Extreme_short,2019-03,0.001957943956,0.001957943956,0.001957943956,0,0,0,1.46785853,0
Extreme_short,2019-04,0.001957943956,0.001957943956,0.001957943956,0,0,0,1.470732515,0
Extreme_short,2019-05,0.001957943956,0.001957943956,0.001957943956,0,0,0,1.473612127,0
Extreme_short,2019-06,0.001957943956,0.001957943956,0.001957943956,0,0,0,1.476497377,0
Extreme_short,2019-07,0.001957943956,0.001957943956,0.001957943956,0,0,0,1.479388276,0
Extreme_short,2019-08,0.001957943956,0.001957943956,0.001957943956,0,0,0,1.482284835,0
Extreme_short,2019-09,0.00175381674,0.00175381674,0.00175381674,0,0,0,1.484884491,0
Extreme_short,2019-10,0.001549230951,0.001549230951,0.001549230951,0,0,0,1.48718492,0
Extreme_short,2019-11,0.00134418443,0.00134418443,0.00134418443,0,0,0,1.489183971,0
Extreme_short,2019-12,0.00134418443,0.00134418443,0.00134418443,0,0,0,1.491185709,0
Extreme_short,2020-01,0.00134418443,0.00134418443,0.00134418443,0,0,0,1.493190137,0
Extreme_short,2020-02,0.00134418443,0.00134418443,0.00134418443,0,0,0,1.49519726,0
Extreme_short,2020-03,0.00134418443,0.00134418443,0.00134418443,0,0,0,1.497207081,0
Extreme_short,2020-04,0.0001041070355,0.0001041070355,0.0001041070355,0,0,0,1.497362951,0
Extreme_short,2020-05,0.0001041070355,0.0001041070355,0.0001041070355,0,0,0,1.497518837,0
Extreme_short,2020-06,0.0001041070355,0.0001041070355,0.0001041070355,0,0,0,1.497674739,0
Extreme_short,2020-07,0.0001041070355,0.0001041070355,0.0001041070355,0,0,0,1.497830658,0
Extreme_short,2020-08,0.0001041070355,0.0001041070355,0.0001041070355,0,0,0,1.497986593,0
Extreme_short,2020-09,0.0001041070355,0.0001041070355,0.0001041070355,0,0,0,1.498142543,0
Extreme_short,2020-10,0.0001041070355,0.0001041070355,0.0001041070355,0,0,0,1.498298511,0
Extreme_short,2020-11,0.0001041070355,0.0001041070355,0.0001041070355,0,0,0,1.498454494,0
Extreme_short,2020-12,0.0001041070355,0.0001041070355,0.0001041070355,0,0,0,1.498610494,0
Extreme_short,2021-01,0.0001041070355,0.0001041070355,0.0001041070355,0,0,0,1.49876651,0
Extreme_short,2021-02,0.0001041070355,0.0001041070355,0.0001041070355,0,0,0,1.498922542,0
Extreme_short,2021-03,0.0001041070355,0.0001041070355,0.0001041070355,0,0,0,1.49907859,0
Extreme_short,2021-04,0.0001041070355,0.0001041070355,0.0001041070355,0,0,0,1.499234655,0
Extreme_short,2021-05,0.0001041070355,0.0001041070355,0.0001041070355,0,0,0,1.499390736,0
Extreme_short,2021-06,0.0001041070355,0.0001041070355,0.0001041070355,0,0,0,1.499546833,0
Extreme_short,2021-07,0.0001041070355,0.0001041070355,0.0001041070355,0,0,0,1.499702946,0
Extreme_short,2021-08,0.0001041070355,0.0001041070355,0.0001041070355,0,0,0,1.499859076,0
Extreme_short,2021-09,0.0001041070355,0.0001041070355,0.0001041070355,0,0,0,1.500015222,0
Extreme_short,2021-10,0.0001041070355,0.0001041070355,0.0001041070355,0,0,0,1.500171384,0
Extreme_short,2021-11,0.0001041070355,0.0001041070355,0.0001041070355,0,0,0,1.500327562,0
Extreme_short,2021-12,0.0001041070355,0.0001041070355,0.0001041070355,0,0,0,1.500483757,0
Extreme_short,2022-01,0.0001041070355,0.0001041070355,0.0001041070355,0,0,0,1.500639968,0
Extreme_short,2022-02,0.0001041070355,0.0001041070355,0.0001041070355,0,0,0,1.500796195,0
Extreme_short,2022-03,0.0001041070355,0.0001041070355,0.0001041070355,0,0,0,1.500952438,0
Extreme_short,2022-04,0.0003119641739,0.0003119641739,0.0003119641739,0,0,0,1.501420682,0
Extreme_short,2022-05,0.0003119641739,0.0003119641739,0.0003119641739,0,0,0,1.501889071,0
Extreme_short,2022-06,0.0007262586484,0.0007262586484,0.0007262586484,0,0,0,1.502979831,0
Extreme_short,2022-07,0.00134418443,0.00134418443,0.00134418443,0,0,0,1.505000113,0
Extreme_short,2022-08,0.001957943956,0.001957943956,0.001957943956,0,0,0,1.507946819,0
Extreme_short,2022-09,0.001957943956,0.001957943956,0.001957943956,0,0,0,1.510899295,0
Extreme_short,2022-10,0.002567595531,0.002567595531,0.002567595531,0,0,0,1.514778673,0
Extreme_short,2022-11,0.002567595531,0.002567595531,0.002567595531,0,0,0,1.518668012,0
Extreme_short,2022-12,0.003173196228,0.003173196228,0.003173196228,0,0,0,1.523487043,0
Extreme_short,2023-01,0.003574707178,0.003574707178,0.003574707178,0,0,0,1.528933063,0
Extreme_short,2023-02,0.003574707178,0.003574707178,0.003574707178,0,0,0,1.534398551,0
Extreme_short,2023-03,0.003774801921,0.003774801921,0.003774801921,0,0,0,1.540190602,0
Extreme_short,2023-04,0.003974458863,0.003974458863,0.003974458863,0,0,0,1.546312026,0
Extreme_short,2023-05,0.003974458863,0.003974458863,0.003974458863,0,0,0,1.55245778,0
Extreme_short,2023-06,0.004173680002,0.004173680002,0.004173680002,0,0,0,1.558937242,0
Extreme_short,2023-07,0.004173680002,0.004173680002,0.004173680002,0,0,0,1.565443747,0
Extreme_short,2023-08,0.004372467323,0.004372467323,0.004372467323,0,0,0,1.572288599,0
Extreme_short,2023-09,0.004372467323,0.004372467323,0.004372467323,0,0,0,1.579163379,0
Extreme_short,2023-10,0.004372467323,0.004372467323,0.004372467323,0,0,0,1.586068219,0
Extreme_short,2023-11,0.004372467323,0.004372467323,0.004372467323,0,0,0,1.593003251,0
Extreme_short,2023-12,0.004372467323,0.004372467323,0.004372467323,0,0,0,1.599968605,0
Extreme_short,2024-01,0.004372467323,0.004372467323,0.004372467323,0,0,0,1.606964416,0
Extreme_short,2024-02,0.004372467323,0.004372467323,0.004372467323,0,0,0,1.613990815,0
Extreme_short,2024-03,0.004372467323,0.004372467323,0.004372467323,0,0,0,1.621047937,0
Extreme_short,2024-04,0.004372467323,0.004372467323,0.004372467323,0,0,0,1.628135917,0
Extreme_short,2024-05,0.004372467323,0.004372467323,0.004372467323,0,0,0,1.635254888,0
Extreme_short,2024-06,0.004372467323,0.004372467323,0.004372467323,0,0,0,1.642404986,0
Extreme_short,2024-07,0.004372467323,0.004372467323,0.004372467323,0,0,0,1.649586348,0
Extreme_short,2024-08,0.004372467323,0.004372467323,0.004372467323,0,0,0,1.656799111,0
Extreme_short,2024-09,0.004372467323,0.004372467323,0.004372467323,0,0,0,1.664043411,0
Extreme_short,2024-10,0.003974458863,0.003974458863,0.003974458863,0,0,0,1.670657083,0
Extreme_short,2024-11,0.003974458863,0.003974458863,0.003974458863,0,0,0,1.677297041,0
Extreme_short,2024-12,0.003774801921,0.003774801921,0.003774801921,0,0,0,1.683628505,0
Extreme_short,2025-01,0.003574707178,0.003574707178,0.003574707178,0,0,0,1.689646984,0
Extreme_short,2025-02,0.003574707178,0.003574707178,0.003574707178,0,0,0,1.695686977,0
Extreme_short,2025-03,0.003574707178,0.003574707178,0.003574707178,0,0,0,1.701748561,0
Extreme_short,2025-04,0.003574707178,0.003574707178,0.003574707178,0,0,0,1.707831814,0
Extreme_short,2025-05,0.003574707178,0.003574707178,0.003574707178,0,0,0,1.713936813,0
Extreme_short,2025-06,0.003574707178,0.003574707178,0.003574707178,0,0,0,1.720063635,0
Extreme_short,2025-07,0.003574707178,0.003574707178,0.003574707178,0,0,0,1.726212359,0
Extreme_short,2025-08,0.003574707178,0.003574707178,0.003574707178,0,0,0,1.732383062,0
Extreme_short,2025-09,0.003574707178,0.003574707178,0.003574707178,0,0,0,1.738575825,0
Extreme_short,2025-10,0.003374172623,0.003374172623,0.003374172623,0,0,0,1.74444208,0
Extreme_short,2025-11,0.003173196228,0.003173196228,0.003173196228,0,0,0,1.749977537,0
Extreme_short,2025-12,0.003173196228,0.003173196228,0.003173196228,0,0,0,1.755530559,0
Extreme_short,2026-01,0.002971775953,0.002971775953,0.002971775953,0,0,0,1.760747602,0
Extreme_short,2026-02,0.002971775953,0.002971775953,0.002971775953,0,0,0,1.76598015,0
Extreme_short,2026-03,0.002971775953,0.002971775953,0.002971775953,0,0,0,1.771228247,0
Extreme_short,2026-04,0.002971775953,0.002971775953,0.002971775953,0,0,0,1.77649194,0
Extreme_short,2026-05,0.002971775953,0.002971775953,0.002971775953,0,0,0,1.781771276,0
Extreme_short,2026-06,0.002971775953,0.002971775953,0.002971775953,0,0,0,1.787066301,0
Extreme_short,2026-07,0.002971775953,0.002971775953,0.002971775953,0,0,0,1.792377062,0
Extreme_short,2026-08,0.002971775953,0.002971775953,0.002971775953,0,0,0,1.797703605,0
Gate_raw_q,2010-03,0.0001041070355,0.0001041070355,0.0001041070355,0,0,0,1.351947177,0
Gate_raw_q,2010-04,0.0001041070355,0.0001041070355,0.0001041070355,0,0,0,1.352087924,0
Gate_raw_q,2010-05,0.0001041070355,0.0001041070355,0.0001041070355,0,0,0,1.352228686,0
Gate_raw_q,2010-06,0.0001041070355,0.0001041070355,0.0001041070355,0,0,0,1.352369462,0
Gate_raw_q,2010-07,0.0001041070355,0.0001041070355,0.0001041070355,0,0,0,1.352510253,0
Gate_raw_q,2010-08,0.0001041070355,0.0001041070355,0.0001041070355,0,0,0,1.352651059,0
Gate_raw_q,2010-09,0.0001041070355,0.0001041070355,0.0001041070355,0,0,0,1.35279188,0
Gate_raw_q,2010-10,0.0001041070355,0.0001041070355,0.0001041070355,0,0,0,1.352932715,0
Gate_raw_q,2010-11,0.0001041070355,0.0001041070355,0.0001041070355,0,0,0,1.353073565,0
Gate_raw_q,2010-12,0.0001041070355,0.0001041070355,0.0001041070355,0,0,0,1.353214429,0
Gate_raw_q,2011-01,0.0001041070355,0.0001041070355,0.0001041070355,0,0,0,1.353355308,0
Gate_raw_q,2011-02,0.0001041070355,0.0001041070355,0.0001041070355,0,0,0,1.353496202,0
Gate_raw_q,2011-03,0.0001041070355,0.0001041070355,0.0001041070355,0,0,0,1.353637111,0
Gate_raw_q,2011-04,0.0001041070355,0.0001041070355,0.0001041070355,0,0,0,1.353778034,0
Gate_raw_q,2011-05,0.0001041070355,0.0001041070355,0.0001041070355,0,0,0,1.353918972,0
Gate_raw_q,2011-06,0.0001041070355,0.0001041070355,0.0001041070355,0,0,0,1.354059924,0
Gate_raw_q,2011-07,0.0001041070355,0.0001041070355,0.0001041070355,0,0,0,1.354200891,0
Gate_raw_q,2011-08,0.0001041070355,0.0001041070355,0.0001041070355,0,0,0,1.354341873,0
Gate_raw_q,2011-09,0.0001041070355,0.0001041070355,0.0001041070355,0,0,0,1.35448287,0
Gate_raw_q,2011-10,0.0001041070355,0.0001041070355,0.0001041070355,0,0,0,1.354623881,0
Gate_raw_q,2011-11,0.0001041070355,0.0001041070355,0.0001041070355,0,0,0,1.354764907,0
Gate_raw_q,2011-12,0.0001041070355,0.0001041070355,0.0001041070355,0,0,0,1.354905947,0
Gate_raw_q,2012-01,0.0001041070355,0.0001041070355,0.0001041070355,0,0,0,1.355047003,0
Gate_raw_q,2012-02,0.0001041070355,0.0001041070355,0.0001041070355,0,0,0,1.355188072,0
Gate_raw_q,2012-03,0.0001041070355,0.0001041070355,0.0001041070355,0,0,0,1.355329157,0
Gate_raw_q,2012-04,0.0001041070355,0.0001041070355,0.0001041070355,0,0,0,1.355470256,0
Gate_raw_q,2012-05,0.0001041070355,0.0001041070355,0.0001041070355,0,0,0,1.35561137,0
Gate_raw_q,2012-06,0.0001041070355,0.0001041070355,0.0001041070355,0,0,0,1.355752499,0
Gate_raw_q,2012-07,0.0001041070355,0.0001041070355,0.0001041070355,0,0,0,1.355893642,0
Gate_raw_q,2012-08,0.0001041070355,0.0001041070355,0.0001041070355,0,0,0,1.3560348,0
Gate_raw_q,2012-09,0.0001041070355,0.0001041070355,0.0001041070355,0,0,0,1.356175973,0
Gate_raw_q,2012-10,0.0001041070355,0.0001041070355,0.0001041070355,0,0,0,1.356317161,0
Gate_raw_q,2012-11,0.0001041070355,0.0001041070355,0.0001041070355,0,0,0,1.356458363,0
Gate_raw_q,2012-12,0.0001041070355,0.0001041070355,0.0001041070355,0,0,0,1.35659958,0
Gate_raw_q,2013-01,0.0001041070355,0.0001041070355,0.0001041070355,0,0,0,1.356740811,0
Gate_raw_q,2013-02,0.0001041070355,0.0001041070355,0.0001041070355,0,0,0,1.356882058,0
Gate_raw_q,2013-03,0.0001041070355,0.0001041070355,0.0001041070355,0,0,0,1.357023318,0
Gate_raw_q,2013-04,0.0001041070355,0.0001041070355,0.0001041070355,0,0,0,1.357164594,0
Gate_raw_q,2013-05,0.0001041070355,0.0001041070355,0.0001041070355,0,0,0,1.357305885,0
Gate_raw_q,2013-06,0.0001041070355,0.0001041070355,0.0001041070355,0,0,0,1.35744719,0
Gate_raw_q,2013-07,0.0001041070355,0.0001041070355,0.0001041070355,0,0,0,1.357588509,0
Gate_raw_q,2013-08,0.0001041070355,0.0001041070355,0.0001041070355,0,0,0,1.357729844,0
Gate_raw_q,2013-09,0.0001041070355,0.0001041070355,0.0001041070355,0,0,0,1.357871193,0
Gate_raw_q,2013-10,0.0001041070355,0.0001041070355,0.0001041070355,0,0,0,1.358012557,0
Gate_raw_q,2013-11,0.0001041070355,0.0001041070355,0.0001041070355,0,0,0,1.358153936,0
Gate_raw_q,2013-12,0.0001041070355,0.0001041070355,0.0001041070355,0,0,0,1.358295329,0
Gate_raw_q,2014-01,0.0001041070355,0.0001041070355,0.0001041070355,0,0,0,1.358436737,0
Gate_raw_q,2014-02,0.0001041070355,0.0001041070355,0.0001041070355,0,0,0,1.35857816,0
Gate_raw_q,2014-03,0.0001041070355,0.0001041070355,0.0001041070355,0,0,0,1.358719598,0
Gate_raw_q,2014-04,0.0001041070355,0.0001041070355,0.0001041070355,0,0,0,1.35886105,0
Gate_raw_q,2014-05,0.0001041070355,0.0001041070355,0.0001041070355,0,0,0,1.359002517,0
Gate_raw_q,2014-06,0.0001041070355,0.0001041070355,0.0001041070355,0,0,0,1.359143999,0
Gate_raw_q,2014-07,0.0001041070355,0.0001041070355,0.0001041070355,0,0,0,1.359285495,0
Gate_raw_q,2014-08,0.0001041070355,0.0001041070355,0.0001041070355,0,0,0,1.359427006,0
Gate_raw_q,2014-09,0.0001041070355,0.0001041070355,0.0001041070355,0,0,0,1.359568532,0
Gate_raw_q,2014-10,0.0001041070355,0.0001041070355,0.0001041070355,0,0,0,1.359710073,0
Gate_raw_q,2014-11,0.0001041070355,0.0001041070355,0.0001041070355,0,0,0,1.359851628,0
Gate_raw_q,2014-12,0.0001041070355,0.0001041070355,0.0001041070355,0,0,0,1.359993198,0
Gate_raw_q,2015-01,0.0001041070355,0.0001041070355,0.0001041070355,0,0,0,1.360134783,0
Gate_raw_q,2015-02,0.0001041070355,0.0001041070355,0.0001041070355,0,0,0,1.360276383,0
Gate_raw_q,2015-03,0.0001041070355,0.0001041070355,0.0001041070355,0,0,0,1.360417997,0
Gate_raw_q,2015-04,0.0001041070355,0.0001041070355,0.0001041070355,0,0,0,1.360559626,0
Gate_raw_q,2015-05,0.0001041070355,0.0001041070355,0.0001041070355,0,0,0,1.36070127,0
Gate_raw_q,2015-06,0.0001041070355,0.0001041070355,0.0001041070355,0,0,0,1.360842929,0
Gate_raw_q,2015-07,0.0001041070355,0.0001041070355,0.0001041070355,0,0,0,1.360984602,0
Gate_raw_q,2015-08,0.0001041070355,0.0001041070355,0.0001041070355,0,0,0,1.36112629,0
Gate_raw_q,2015-09,0.0001041070355,0.0001041070355,0.0001041070355,0,0,0,1.361267993,0
Gate_raw_q,2015-10,0.0001041070355,0.0001041070355,0.0001041070355,0,0,0,1.36140971,0
Gate_raw_q,2015-11,0.0160174614,0.01664446324,0.0001041070355,0.000425,0.0002020018395,1,1.383216038,1
Gate_raw_q,2015-12,-0.02860732313,-0.02838499078,0.0001041070355,7.72942376e-06,0.000214602924,0.03109617547,1.34364593,1
Gate_raw_q,2016-01,-0.0001230199977,0.0003119641739,0.0003119641739,0.0004349841717,0,1.030858597,1.343480634,0
Gate_raw_q,2016-02,0.01728680641,0.01791982343,0.0003119641739,0.000425,0.0002080170208,1,1.366705124,1
Gate_raw_q,2016-03,0.01531904338,0.0155442478,0.0003119641739,6.220924505e-06,0.0002189835008,0.01730864801,1.387641739,1
Gate_raw_q,2016-04,0.01869508593,0.01893488246,0.0003119641739,3.049200007e-05,0.0002093045321,0.04991783466,1.413583821,1
Gate_raw_q,2016-05,-0.0001196040436,0.0003119641739,0.0003119641739,0.0004315682175,0,1.004134623,1.41341475,0
Gate_raw_q,2016-06,0.0003119641739,0.0003119641739,0.0003119641739,0,0,0,1.413855685,0
Gate_raw_q,2016-07,0.0003119641739,0.0003119641739,0.0003119641739,0,0,0,1.414296757,0
Gate_raw_q,2016-08,0.0003119641739,0.0003119641739,0.0003119641739,0,0,0,1.414737967,0
Gate_raw_q,2016-09,0.0003119641739,0.0003119641739,0.0003119641739,0,0,0,1.415179315,0
Gate_raw_q,2016-10,0.0003119641739,0.0003119641739,0.0003119641739,0,0,0,1.4156208,0
Gate_raw_q,2016-11,0.0003119641739,0.0003119641739,0.0003119641739,0,0,0,1.416062423,0
Gate_raw_q,2016-12,0.0003119641739,0.0003119641739,0.0003119641739,0,0,0,1.416504184,0
Gate_raw_q,2017-01,0.0005193472934,0.0005193472934,0.0005193472934,0,0,0,1.417239842,0
Gate_raw_q,2017-02,0.0005193472934,0.0005193472934,0.0005193472934,0,0,0,1.417975881,0
Gate_raw_q,2017-03,0.0005193472934,0.0005193472934,0.0005193472934,0,0,0,1.418712303,0
Gate_raw_q,2017-04,0.0007262586484,0.0007262586484,0.0007262586484,0,0,0,1.419742655,0
Gate_raw_q,2017-05,0.0007262586484,0.0007262586484,0.0007262586484,0,0,0,1.420773756,0
Gate_raw_q,2017-06,0.0007262586484,0.0007262586484,0.0007262586484,0,0,0,1.421805605,0
Gate_raw_q,2017-07,0.0009327004774,0.0009327004774,0.0009327004774,0,0,0,1.423131724,0
Gate_raw_q,2017-08,0.0009327004774,0.0009327004774,0.0009327004774,0,0,0,1.424459079,0
Gate_raw_q,2017-09,0.0009327004774,0.0009327004774,0.0009327004774,0,0,0,1.425787673,0
Gate_raw_q,2017-10,0.0009327004774,0.0009327004774,0.0009327004774,0,0,0,1.427117506,0
Gate_raw_q,2017-11,0.0009327004774,0.0009327004774,0.0009327004774,0,0,0,1.428448579,0
Gate_raw_q,2017-12,0.0009327004774,0.0009327004774,0.0009327004774,0,0,0,1.429780894,0
Gate_raw_q,2018-01,0.001138675003,0.001138675003,0.001138675003,0,0,0,1.431408949,0
Gate_raw_q,2018-02,0.001138675003,0.001138675003,0.001138675003,0,0,0,1.433038859,0
Gate_raw_q,2018-03,0.001138675003,0.001138675003,0.001138675003,0,0,0,1.434670624,0
Gate_raw_q,2018-04,0.00134418443,0.00134418443,0.00134418443,0,0,0,1.436599086,0
Gate_raw_q,2018-05,0.00134418443,0.00134418443,0.00134418443,0,0,0,1.438530141,0
Gate_raw_q,2018-06,0.00134418443,0.00134418443,0.00134418443,0,0,0,1.44046379,0
Gate_raw_q,2018-07,0.001549230951,0.001549230951,0.001549230951,0,0,0,1.442695401,0
Gate_raw_q,2018-08,0.001549230951,0.001549230951,0.001549230951,0,0,0,1.44493047,0
Gate_raw_q,2018-09,0.001549230951,0.001549230951,0.001549230951,0,0,0,1.447169001,0
Gate_raw_q,2018-10,0.00175381674,0.00175381674,0.00175381674,0,0,0,1.44970707,0
Gate_raw_q,2018-11,0.00175381674,0.00175381674,0.00175381674,0,0,0,1.452249591,0
Gate_raw_q,2018-12,0.00175381674,0.00175381674,0.00175381674,0,0,0,1.45479657,0
Gate_raw_q,2019-01,0.001957943956,0.001957943956,0.001957943956,0,0,0,1.45764498,0
Gate_raw_q,2019-02,0.001957943956,0.001957943956,0.001957943956,0,0,0,1.460498968,0
Gate_raw_q,2019-03,0.001957943956,0.001957943956,0.001957943956,0,0,0,1.463358543,0
Gate_raw_q,2019-04,0.001957943956,0.001957943956,0.001957943956,0,0,0,1.466223717,0
Gate_raw_q,2019-05,0.001957943956,0.001957943956,0.001957943956,0,0,0,1.469094501,0
Gate_raw_q,2019-06,0.001957943956,0.001957943956,0.001957943956,0,0,0,1.471970905,0
Gate_raw_q,2019-07,0.001957943956,0.001957943956,0.001957943956,0,0,0,1.474852942,0
Gate_raw_q,2019-08,0.001957943956,0.001957943956,0.001957943956,0,0,0,1.477740621,0
Gate_raw_q,2019-09,0.00175381674,0.00175381674,0.00175381674,0,0,0,1.480332307,0
Gate_raw_q,2019-10,0.001549230951,0.001549230951,0.001549230951,0,0,0,1.482625684,0
Gate_raw_q,2019-11,0.00134418443,0.00134418443,0.00134418443,0,0,0,1.484618606,0
Gate_raw_q,2019-12,0.00134418443,0.00134418443,0.00134418443,0,0,0,1.486614208,0
Gate_raw_q,2020-01,0.00134418443,0.00134418443,0.00134418443,0,0,0,1.488612491,0
Gate_raw_q,2020-02,0.00134418443,0.00134418443,0.00134418443,0,0,0,1.490613461,0
Gate_raw_q,2020-03,0.00134418443,0.00134418443,0.00134418443,0,0,0,1.49261712,0
Gate_raw_q,2020-04,-0.00381983289,-0.003210316748,0.0001041070355,0.0004,0.0002095161426,1,1.486915572,1
Gate_raw_q,2020-05,9.333387916e-05,0.0003133129154,0.0001041070355,9.723152379e-06,0.0002102558838,0.02148832024,1.487054352,1
Gate_raw_q,2020-06,-0.003220190368,-0.003007864622,0.0001041070355,4.021814701e-06,0.0002083039314,0.01190044316,1.482265754,1
Gate_raw_q,2020-07,-0.001669187492,-0.001447906043,0.0001041070355,4.091181824e-06,0.0002171902678,0.007535591922,1.479791574,1
Gate_raw_q,2020-08,-0.0041185704,-0.003889915973,0.0001041070355,2.049631913e-05,0.0002081581082,0.04245127879,1.473696949,1
Gate_raw_q,2020-09,-0.0118963707,-0.01167710621,0.0001041070355,1.274254226e-05,0.000206521944,0.0224004393,1.456165303,1
Gate_raw_q,2020-10,-0.00527062858,-0.005052192503,0.0001041070355,9.089847853e-06,0.0002093462299,0.01594274021,1.448490397,1
Gate_raw_q,2020-11,0.02262754465,0.02284374596,0.0001041070355,4.923108924e-06,0.0002112781977,0.01138320217,1.481266178,1
Gate_raw_q,2020-12,0.001119515456,0.001349557099,0.0001041070355,1.808178448e-05,0.0002119598592,0.02275030839,1.482924479,1
Gate_raw_q,2021-01,-0.007188978067,-0.006975661137,0.0001041070355,7.729642382e-06,0.0002055872869,0.01728654611,1.472263767,1
Gate_raw_q,2021-02,0.006699831322,0.006918441437,0.0001041070355,1.197164699e-05,0.0002066384685,0.01519872298,1.482127686,1
Gate_raw_q,2021-03,0.008699957652,0.008904214037,0.0001041070355,3.567110677e-06,0.000200689274,0.01045784003,1.495022134,1
Gate_raw_q,2021-04,0.01431053518,0.01454118029,0.0001041070355,1.736314608e-05,0.0002132819648,0.03648470451,1.516416701,1
Gate_raw_q,2021-05,0.009428721868,0.00965457013,0.0001041070355,1.716909281e-05,0.0002086791697,0.0233125346,1.530714572,1
Gate_raw_q,2021-06,0.0163885985,0.01659805822,0.0001041070355,4.717391488e-06,0.0002047423272,0.009461255548,1.555800839,1
Gate_raw_q,2021-07,-0.009134643424,-0.00891009832,0.0001041070355,1.525764595e-05,0.0002092874577,0.0368088582,1.541589153,1
Gate_raw_q,2021-08,-0.004400962712,-0.004188029909,0.0001041070355,5.247158249e-06,0.0002076856446,0.0117529264,1.534804676,1
Gate_raw_q,2021-09,-0.001886721377,-0.001680139762,0.0001041070355,2.517307373e-06,0.000204064307,0.00471720326,1.531908928,1
Gate_raw_q,2021-10,0.001539551543,0.001757887271,0.0001041070355,1.11452867e-05,0.0002071904413,0.02064683036,1.53426738,1
Gate_raw_q,2021-11,-0.001660988048,-0.001442129252,0.0001041070355,1.206605004e-05,0.0002067927462,0.02245549419,1.531718981,1
Gate_raw_q,2021-12,0.0105698357,0.01078237479,0.0001041070355,6.620164397e-06,0.0002059189251,0.01973295455,1.547908999,1
Gate_raw_q,2022-01,0.01429391711,0.01450356805,0.0001041070355,3.177998988e-06,0.0002064729445,0.01302066745,1.570034681,1
Gate_raw_q,2022-02,0.01199426615,0.01221326681,0.0001041070355,1.028479367e-05,0.0002087158622,0.02308140212,1.588866095,1
Gate_raw_q,2022-03,-0.0003037050724,0.0001041070355,0.0001041070355,0.0004078121079,0,1.00171213,1.588383549,0
Gate_raw_q,2022-04,0.0003119641739,0.0003119641739,0.0003119641739,0,0,0,1.588879067,0
Gate_raw_q,2022-05,0.0003119641739,0.0003119641739,0.0003119641739,0,0,0,1.589374741,0
Gate_raw_q,2022-06,0.0007262586484,0.0007262586484,0.0007262586484,0,0,0,1.590529038,0
Gate_raw_q,2022-07,0.00134418443,0.00134418443,0.00134418443,0,0,0,1.592667002,0
Gate_raw_q,2022-08,0.001957943956,0.001957943956,0.001957943956,0,0,0,1.595785355,0
Gate_raw_q,2022-09,0.001957943956,0.001957943956,0.001957943956,0,0,0,1.598909813,0
Gate_raw_q,2022-10,0.002567595531,0.002567595531,0.002567595531,0,0,0,1.603015167,0
Gate_raw_q,2022-11,0.002567595531,0.002567595531,0.002567595531,0,0,0,1.607131062,0
Gate_raw_q,2022-12,0.003173196228,0.003173196228,0.003173196228,0,0,0,1.612230804,0
Gate_raw_q,2023-01,0.003574707178,0.003574707178,0.003574707178,0,0,0,1.617994057,0
Gate_raw_q,2023-02,0.003574707178,0.003574707178,0.003574707178,0,0,0,1.623777912,0
Gate_raw_q,2023-03,0.003774801921,0.003774801921,0.003774801921,0,0,0,1.629907352,0
Gate_raw_q,2023-04,0.003974458863,0.003974458863,0.003974458863,0,0,0,1.636385351,0
Gate_raw_q,2023-05,0.003974458863,0.003974458863,0.003974458863,0,0,0,1.642889098,0
Gate_raw_q,2023-06,0.004173680002,0.004173680002,0.004173680002,0,0,0,1.649745991,0
Gate_raw_q,2023-07,0.004173680002,0.004173680002,0.004173680002,0,0,0,1.656631503,0
Gate_raw_q,2023-08,0.004372467323,0.004372467323,0.004372467323,0,0,0,1.66387507,0
Gate_raw_q,2023-09,0.004372467323,0.004372467323,0.004372467323,0,0,0,1.671150309,0
Gate_raw_q,2023-10,0.004372467323,0.004372467323,0.004372467323,0,0,0,1.67845736,0
Gate_raw_q,2023-11,0.004372467323,0.004372467323,0.004372467323,0,0,0,1.685796359,0
Gate_raw_q,2023-12,0.004372467323,0.004372467323,0.004372467323,0,0,0,1.693167449,0
Gate_raw_q,2024-01,0.004372467323,0.004372467323,0.004372467323,0,0,0,1.700570768,0
Gate_raw_q,2024-02,0.004372467323,0.004372467323,0.004372467323,0,0,0,1.708006458,0
Gate_raw_q,2024-03,0.004372467323,0.004372467323,0.004372467323,0,0,0,1.715474661,0
Gate_raw_q,2024-04,0.004372467323,0.004372467323,0.004372467323,0,0,0,1.722975518,0
Gate_raw_q,2024-05,0.004372467323,0.004372467323,0.004372467323,0,0,0,1.730509172,0
Gate_raw_q,2024-06,0.004372467323,0.004372467323,0.004372467323,0,0,0,1.738075767,0
Gate_raw_q,2024-07,0.004372467323,0.004372467323,0.004372467323,0,0,0,1.745675446,0
Gate_raw_q,2024-08,0.004372467323,0.004372467323,0.004372467323,0,0,0,1.753308355,0
Gate_raw_q,2024-09,0.004372467323,0.004372467323,0.004372467323,0,0,0,1.760974639,0
Gate_raw_q,2024-10,0.003974458863,0.003974458863,0.003974458863,0,0,0,1.76797356,0
Gate_raw_q,2024-11,0.003974458863,0.003974458863,0.003974458863,0,0,0,1.775000298,0
Gate_raw_q,2024-12,0.003774801921,0.003774801921,0.003774801921,0,0,0,1.781700573,0
Gate_raw_q,2025-01,0.003574707178,0.003574707178,0.003574707178,0,0,0,1.78806963,0
Gate_raw_q,2025-02,0.003574707178,0.003574707178,0.003574707178,0,0,0,1.794461456,0
Gate_raw_q,2025-03,0.003574707178,0.003574707178,0.003574707178,0,0,0,1.80087613,0
Gate_raw_q,2025-04,0.003574707178,0.003574707178,0.003574707178,0,0,0,1.807313735,0
Gate_raw_q,2025-05,0.003574707178,0.003574707178,0.003574707178,0,0,0,1.813774352,0
Gate_raw_q,2025-06,0.003574707178,0.003574707178,0.003574707178,0,0,0,1.820258064,0
Gate_raw_q,2025-07,0.003574707178,0.003574707178,0.003574707178,0,0,0,1.826764954,0
Gate_raw_q,2025-08,0.003574707178,0.003574707178,0.003574707178,0,0,0,1.833295104,0
Gate_raw_q,2025-09,0.003574707178,0.003574707178,0.003574707178,0,0,0,1.839848597,0
Gate_raw_q,2025-10,0.003374172623,0.003374172623,0.003374172623,0,0,0,1.846056564,0
Gate_raw_q,2025-11,0.003173196228,0.003173196228,0.003173196228,0,0,0,1.851914463,0
Gate_raw_q,2025-12,0.003173196228,0.003173196228,0.003173196228,0,0,0,1.857790951,0
Gate_raw_q,2026-01,0.002971775953,0.002971775953,0.002971775953,0,0,0,1.86331189,0
Gate_raw_q,2026-02,0.002971775953,0.002971775953,0.002971775953,0,0,0,1.868849235,0
Gate_raw_q,2026-03,0.002971775953,0.002971775953,0.002971775953,0,0,0,1.874403037,0
Gate_raw_q,2026-04,0.002971775953,0.002971775953,0.002971775953,0,0,0,1.879973342,0
Gate_raw_q,2026-05,0.002971775953,0.002971775953,0.002971775953,0,0,0,1.885560202,0
Gate_raw_q,2026-06,0.002971775953,0.002971775953,0.002971775953,0,0,0,1.891163664,0
Gate_raw_q,2026-07,0.002971775953,0.002971775953,0.002971775953,0,0,0,1.896783779,0
Gate_raw_q,2026-08,0.002971775953,0.002971775953,0.002971775953,0,0,0,1.902420596,0
Gate_FX_past_exposure,2010-03,0.0001041070355,0.0001041070355,0.0001041070355,0,0,0,1.351947177,0
Gate_FX_past_exposure,2010-04,0.0001041070355,0.0001041070355,0.0001041070355,0,0,0,1.352087924,0
Gate_FX_past_exposure,2010-05,0.0001041070355,0.0001041070355,0.0001041070355,0,0,0,1.352228686,0
Gate_FX_past_exposure,2010-06,0.0001041070355,0.0001041070355,0.0001041070355,0,0,0,1.352369462,0
Gate_FX_past_exposure,2010-07,0.0001041070355,0.0001041070355,0.0001041070355,0,0,0,1.352510253,0
Gate_FX_past_exposure,2010-08,0.0001041070355,0.0001041070355,0.0001041070355,0,0,0,1.352651059,0
Gate_FX_past_exposure,2010-09,0.0001041070355,0.0001041070355,0.0001041070355,0,0,0,1.35279188,0
Gate_FX_past_exposure,2010-10,0.0001041070355,0.0001041070355,0.0001041070355,0,0,0,1.352932715,0
Gate_FX_past_exposure,2010-11,0.0001041070355,0.0001041070355,0.0001041070355,0,0,0,1.353073565,0
Gate_FX_past_exposure,2010-12,0.0001041070355,0.0001041070355,0.0001041070355,0,0,0,1.353214429,0
Gate_FX_past_exposure,2011-01,0.0001041070355,0.0001041070355,0.0001041070355,0,0,0,1.353355308,0
Gate_FX_past_exposure,2011-02,0.0001041070355,0.0001041070355,0.0001041070355,0,0,0,1.353496202,0
Gate_FX_past_exposure,2011-03,0.0001041070355,0.0001041070355,0.0001041070355,0,0,0,1.353637111,0
Gate_FX_past_exposure,2011-04,0.0001041070355,0.0001041070355,0.0001041070355,0,0,0,1.353778034,0
Gate_FX_past_exposure,2011-05,0.0001041070355,0.0001041070355,0.0001041070355,0,0,0,1.353918972,0
Gate_FX_past_exposure,2011-06,0.0001041070355,0.0001041070355,0.0001041070355,0,0,0,1.354059924,0
Gate_FX_past_exposure,2011-07,0.0001041070355,0.0001041070355,0.0001041070355,0,0,0,1.354200891,0
Gate_FX_past_exposure,2011-08,0.0001041070355,0.0001041070355,0.0001041070355,0,0,0,1.354341873,0
Gate_FX_past_exposure,2011-09,0.0001041070355,0.0001041070355,0.0001041070355,0,0,0,1.35448287,0
Gate_FX_past_exposure,2011-10,0.0001041070355,0.0001041070355,0.0001041070355,0,0,0,1.354623881,0
Gate_FX_past_exposure,2011-11,0.0001041070355,0.0001041070355,0.0001041070355,0,0,0,1.354764907,0
Gate_FX_past_exposure,2011-12,0.0001041070355,0.0001041070355,0.0001041070355,0,0,0,1.354905947,0
Gate_FX_past_exposure,2012-01,0.0001041070355,0.0001041070355,0.0001041070355,0,0,0,1.355047003,0
Gate_FX_past_exposure,2012-02,0.0001041070355,0.0001041070355,0.0001041070355,0,0,0,1.355188072,0
Gate_FX_past_exposure,2012-03,0.0001041070355,0.0001041070355,0.0001041070355,0,0,0,1.355329157,0
Gate_FX_past_exposure,2012-04,0.0001041070355,0.0001041070355,0.0001041070355,0,0,0,1.355470256,0
Gate_FX_past_exposure,2012-05,0.0001041070355,0.0001041070355,0.0001041070355,0,0,0,1.35561137,0
Gate_FX_past_exposure,2012-06,0.0001041070355,0.0001041070355,0.0001041070355,0,0,0,1.355752499,0
Gate_FX_past_exposure,2012-07,0.0001041070355,0.0001041070355,0.0001041070355,0,0,0,1.355893642,0
Gate_FX_past_exposure,2012-08,0.0001041070355,0.0001041070355,0.0001041070355,0,0,0,1.3560348,0
Gate_FX_past_exposure,2012-09,0.0001041070355,0.0001041070355,0.0001041070355,0,0,0,1.356175973,0
Gate_FX_past_exposure,2012-10,0.0001041070355,0.0001041070355,0.0001041070355,0,0,0,1.356317161,0
Gate_FX_past_exposure,2012-11,0.0001041070355,0.0001041070355,0.0001041070355,0,0,0,1.356458363,0
Gate_FX_past_exposure,2012-12,0.0001041070355,0.0001041070355,0.0001041070355,0,0,0,1.35659958,0
Gate_FX_past_exposure,2013-01,0.0001041070355,0.0001041070355,0.0001041070355,0,0,0,1.356740811,0
Gate_FX_past_exposure,2013-02,0.0001041070355,0.0001041070355,0.0001041070355,0,0,0,1.356882058,0
Gate_FX_past_exposure,2013-03,0.0001041070355,0.0001041070355,0.0001041070355,0,0,0,1.357023318,0
Gate_FX_past_exposure,2013-04,0.0001041070355,0.0001041070355,0.0001041070355,0,0,0,1.357164594,0
Gate_FX_past_exposure,2013-05,0.0001041070355,0.0001041070355,0.0001041070355,0,0,0,1.357305885,0
Gate_FX_past_exposure,2013-06,0.0001041070355,0.0001041070355,0.0001041070355,0,0,0,1.35744719,0
Gate_FX_past_exposure,2013-07,0.0001041070355,0.0001041070355,0.0001041070355,0,0,0,1.357588509,0
Gate_FX_past_exposure,2013-08,0.0001041070355,0.0001041070355,0.0001041070355,0,0,0,1.357729844,0
Gate_FX_past_exposure,2013-09,0.0001041070355,0.0001041070355,0.0001041070355,0,0,0,1.357871193,0
Gate_FX_past_exposure,2013-10,0.0001041070355,0.0001041070355,0.0001041070355,0,0,0,1.358012557,0
Gate_FX_past_exposure,2013-11,0.0001041070355,0.0001041070355,0.0001041070355,0,0,0,1.358153936,0
Gate_FX_past_exposure,2013-12,0.0001041070355,0.0001041070355,0.0001041070355,0,0,0,1.358295329,0
Gate_FX_past_exposure,2014-01,0.0001041070355,0.0001041070355,0.0001041070355,0,0,0,1.358436737,0
Gate_FX_past_exposure,2014-02,0.0001041070355,0.0001041070355,0.0001041070355,0,0,0,1.35857816,0
Gate_FX_past_exposure,2014-03,0.0001041070355,0.0001041070355,0.0001041070355,0,0,0,1.358719598,0
Gate_FX_past_exposure,2014-04,0.0001041070355,0.0001041070355,0.0001041070355,0,0,0,1.35886105,0
Gate_FX_past_exposure,2014-05,0.0001041070355,0.0001041070355,0.0001041070355,0,0,0,1.359002517,0
Gate_FX_past_exposure,2014-06,0.0001041070355,0.0001041070355,0.0001041070355,0,0,0,1.359143999,0
Gate_FX_past_exposure,2014-07,0.0001041070355,0.0001041070355,0.0001041070355,0,0,0,1.359285495,0
Gate_FX_past_exposure,2014-08,0.0001041070355,0.0001041070355,0.0001041070355,0,0,0,1.359427006,0
Gate_FX_past_exposure,2014-09,0.0001041070355,0.0001041070355,0.0001041070355,0,0,0,1.359568532,0
Gate_FX_past_exposure,2014-10,0.0001041070355,0.0001041070355,0.0001041070355,0,0,0,1.359710073,0
Gate_FX_past_exposure,2014-11,0.0001041070355,0.0001041070355,0.0001041070355,0,0,0,1.359851628,0
Gate_FX_past_exposure,2014-12,0.0001041070355,0.0001041070355,0.0001041070355,0,0,0,1.359993198,0
Gate_FX_past_exposure,2015-01,0.0001041070355,0.0001041070355,0.0001041070355,0,0,0,1.360134783,0
Gate_FX_past_exposure,2015-02,0.0001041070355,0.0001041070355,0.0001041070355,0,0,0,1.360276383,0
Gate_FX_past_exposure,2015-03,0.0001041070355,0.0001041070355,0.0001041070355,0,0,0,1.360417997,0
Gate_FX_past_exposure,2015-04,0.0001041070355,0.0001041070355,0.0001041070355,0,0,0,1.360559626,0
Gate_FX_past_exposure,2015-05,0.0001041070355,0.0001041070355,0.0001041070355,0,0,0,1.36070127,0
Gate_FX_past_exposure,2015-06,0.0001041070355,0.0001041070355,0.0001041070355,0,0,0,1.360842929,0
Gate_FX_past_exposure,2015-07,0.0001041070355,0.0001041070355,0.0001041070355,0,0,0,1.360984602,0
Gate_FX_past_exposure,2015-08,0.0001041070355,0.0001041070355,0.0001041070355,0,0,0,1.36112629,0
Gate_FX_past_exposure,2015-09,0.0001041070355,0.0001041070355,0.0001041070355,0,0,0,1.361267993,0
Gate_FX_past_exposure,2015-10,0.0001041070355,0.0001041070355,0.0001041070355,0,0,0,1.36140971,0
Gate_FX_past_exposure,2015-11,0.0001041070355,0.0001041070355,0.0001041070355,0,0,0,1.361551443,0
Gate_FX_past_exposure,2015-12,-0.0003180480477,-0.0003087784401,0.0001041070355,6.15942029e-06,3.110187304e-06,0.01449275362,1.361118404,0.01449275362
Gate_FX_past_exposure,2016-01,0.0002008002318,0.0002127370806,0.0003119641739,6.017134391e-06,5.919714381e-06,0.01405422456,1.361391717,0.02857142857
Gate_FX_past_exposure,2016-02,0.000802065862,0.0008079602092,0.0003119641739,3.471287655e-08,5.859634388e-06,0.0001388425042,1.362483643,0.02816901408
Gate_FX_past_exposure,2016-03,0.0009320248884,0.0009466426585,0.0003119641739,5.4934576e-06,9.124312534e-06,0.01307498777,1.363753511,0.04166666667
Gate_FX_past_exposure,2016-04,0.001316893268,0.001332398053,0.0003119641739,4.036043322e-06,1.146874148e-05,0.01041914735,1.365549429,0.05479452055
Gate_FX_past_exposure,2016-05,0.0003898675275,0.0004082044798,0.0003119641739,4.658231032e-06,1.367872125e-05,0.01159158299,1.366081813,0.06756756757
Gate_FX_past_exposure,2016-06,0.002752055589,0.002766022091,0.0003119641739,2.40063322e-07,1.372643872e-05,0.0009628352192,1.369841346,0.06666666667
Gate_FX_past_exposure,2016-07,0.0001892322645,0.0002050873938,0.0003119641739,2.238009263e-06,1.361712002e-05,0.002628385241,1.370100564,0.06578947368
Gate_FX_past_exposure,2016-08,0.0006887423682,0.0007025397762,0.0003119641739,2.095407935e-07,1.358786722e-05,0.0004510277576,1.37104421,0.06493506494
Gate_FX_past_exposure,2016-09,0.0004672830178,0.0004814114638,0.0003119641739,8.120891228e-07,1.331635686e-05,0.001440115395,1.371684876,0.0641025641
Gate_FX_past_exposure,2016-10,0.001519141018,0.001532330328,0.0003119641739,4.175854697e-07,1.277172411e-05,0.0007428939869,1.373768659,0.06329113924
Gate_FX_past_exposure,2016-11,0.0002259576246,0.0002395437139,0.0003119641739,8.630867172e-07,1.27230026e-05,0.001413905575,1.374079072,0.0625
Gate_FX_past_exposure,2016-12,0.001027719266,0.001041353254,0.0003119641739,7.532760054e-07,1.28807121e-05,0.001192550017,1.37549124,0.06172839506
Gate_FX_past_exposure,2017-01,0.001030492728,0.001044673934,0.0005193472934,1.15010779e-06,1.303109785e-05,0.001493735625,1.376908673,0.06097560976
Gate_FX_past_exposure,2017-02,0.001263935182,0.001277642622,0.0005193472934,1.417221057e-06,1.229021882e-05,0.002745206519,1.378648997,0.06024096386
Gate_FX_past_exposure,2017-03,-0.0001263153913,-0.0001132676759,0.0005193472934,5.137567403e-07,1.253395863e-05,0.0007573381026,1.378474852,0.05952380952
Gate_FX_past_exposure,2017-04,-2.385452179e-05,-1.120808433e-05,0.0007262586484,1.823535959e-07,1.246408387e-05,0.0006917617261,1.378441969,0.05882352941
Gate_FX_past_exposure,2017-05,0.0001327663937,0.0001455966297,0.0007262586484,4.743779604e-07,1.235585802e-05,0.001225882122,1.37862498,0.05813953488
Gate_FX_past_exposure,2017-06,0.0005675495817,0.0005801332719,0.0007262586484,3.334450735e-07,1.225024514e-05,0.001313781284,1.379407418,0.05747126437
Gate_FX_past_exposure,2017-07,0.001401504148,0.001414217706,0.0009327004774,4.875558896e-07,1.222600157e-05,0.001781499913,1.381340663,0.05681818182
Gate_FX_past_exposure,2017-08,0.0003804094498,0.0003936803197,0.0009327004774,1.431290172e-06,1.183957978e-05,0.002881709209,1.381866138,0.05617977528
Gate_FX_past_exposure,2017-09,0.001466648162,0.001478398355,0.0009327004774,2.948334563e-07,1.145535942e-05,0.0007918626866,1.38389285,0.05555555556
Gate_FX_past_exposure,2017-10,0.0007226963133,0.0007341946834,0.0009327004774,2.679448894e-07,1.123042521e-05,0.0007556527657,1.384892984,0.05494505495
Gate_FX_past_exposure,2017-11,0.000818744803,0.0008304216365,0.0009327004774,2.532628184e-07,1.142357062e-05,0.0006993088072,1.386026858,0.05434782609
Gate_FX_past_exposure,2017-12,0.0007592246705,0.0007709953556,0.0009327004774,3.895097645e-07,1.138117533e-05,0.0009020776098,1.387079164,0.05376344086
Gate_FX_past_exposure,2018-01,0.001015062059,0.001026912048,0.001138675003,2.929469209e-07,1.155704187e-05,0.001214602723,1.388487135,0.05319148936
Gate_FX_past_exposure,2018-02,0.00129767072,0.001309529078,0.001138675003,1.2819426e-06,1.057641522e-05,0.002653485694,1.390288934,0.05263157895
Gate_FX_past_exposure,2018-03,0.0008034767145,0.0008147378585,0.001138675003,4.175618822e-07,1.084358219e-05,0.001230718489,1.391405999,0.05208333333
Gate_FX_past_exposure,2018-04,0.001667431578,0.001678022052,0.00134418443,1.703613107e-07,1.042011263e-05,0.0003772290999,1.393726073,0.05154639175
Gate_FX_past_exposure,2018-05,0.001074744186,0.001085714307,0.00134418443,5.594631026e-07,1.041065767e-05,0.001086947334,1.395223972,0.05102040816
Gate_FX_past_exposure,2018-06,0.0009620864923,0.0009732715281,0.00134418443,7.926568371e-07,1.039237897e-05,0.00114674221,1.396566298,0.05050505051
Gate_FX_past_exposure,2018-07,0.001810664912,0.001821576978,0.001549230951,3.255125871e-07,1.058655279e-05,0.0006852406148,1.399095012,0.05
Gate_FX_past_exposure,2018-08,0.0009204703733,0.0009313147113,0.001549230951,7.807207518e-07,1.006361716e-05,0.00147143194,1.400382838,0.0495049505
Gate_FX_past_exposure,2018-09,0.001902604397,0.001914180457,0.001549230951,1.276083646e-06,1.029997569e-05,0.001669532892,1.403047212,0.04901960784
Gate_FX_past_exposure,2018-10,0.003406988617,0.003417596555,0.00175381674,7.640351831e-07,9.843903366e-06,0.00114799032,1.407827378,0.04854368932
Gate_FX_past_exposure,2018-11,0.001003304113,0.001014699525,0.00175381674,1.303165528e-06,1.009224661e-05,0.001685373687,1.409239857,0.04807692308
Gate_FX_past_exposure,2018-12,0.001218561696,0.001229017216,0.00175381674,4.238602068e-07,1.003166016e-05,0.0007383763986,1.410957103,0.04761904762
Gate_FX_past_exposure,2019-01,0.003238613694,0.003248661507,0.001957943956,2.443359003e-07,9.803477313e-06,0.0007127237785,1.415526648,0.04716981132
Gate_FX_past_exposure,2019-02,0.002029743313,0.002040348881,0.001957943956,9.827745273e-07,9.622792686e-06,0.001500953871,1.418399803,0.04672897196
Gate_FX_past_exposure,2019-03,0.001660917959,0.001670605365,0.001957943956,1.558289829e-07,9.531576525e-06,0.0003056210368,1.420755649,0.0462962963
Gate_FX_past_exposure,2019-04,0.002180878715,0.002190688429,0.001957943956,3.739178364e-07,9.435796447e-06,0.0004950961543,1.423854145,0.04587155963
Gate_FX_past_exposure,2019-05,0.001899384127,0.001908943798,0.001957943956,1.483066806e-07,9.411364706e-06,0.0003485949703,1.426558591,0.04545454545
Gate_FX_past_exposure,2019-06,0.002373358896,0.002383006836,0.001957943956,3.651851771e-08,9.611421333e-06,4.890726412e-05,1.429944326,0.04504504505
Gate_FX_past_exposure,2019-07,0.002650486476,0.002660447442,0.001957943956,8.907680908e-07,9.070198111e-06,0.001794311897,1.433734374,0.04464285714
Gate_FX_past_exposure,2019-08,0.001320288545,0.001329703224,0.001957943956,3.650994375e-07,9.049579798e-06,0.000700646432,1.435627318,0.04424778761
Gate_FX_past_exposure,2019-09,0.001988790797,0.001998799809,0.00175381674,9.327338415e-07,9.076277659e-06,0.001118143059,1.43848248,0.04385964912
Gate_FX_past_exposure,2019-10,0.001675341835,0.001684778716,0.001549230951,1.817740808e-07,9.255107617e-06,0.0003857020302,1.44089243,0.04347826087
Gate_FX_past_exposure,2019-11,0.0007437295784,0.0007534449184,0.00134418443,7.685449222e-07,8.94679511e-06,0.001368189913,1.441964064,0.04310344828
Gate_FX_past_exposure,2019-12,0.001674948939,0.001684636336,0.00134418443,5.56995022e-07,9.130402468e-06,0.0007630701056,1.44437928,0.04273504274
Gate_FX_past_exposure,2020-01,0.001154718688,0.001164230213,0.00134418443,9.20400894e-07,8.591123811e-06,0.001705962276,1.446047132,0.04237288136
Gate_FX_past_exposure,2020-02,0.0008563371116,0.0008656680456,0.00134418443,6.356123695e-07,8.695321648e-06,0.00101966511,1.447285436,0.04201680672
Gate_FX_past_exposure,2020-03,-0.0006499344311,-0.0006356324805,0.00134418443,5.621241409e-06,8.680709155e-06,0.0213114403,1.446344795,0.04166666667
Gate_FX_past_exposure,2020-04,-4.295758735e-05,-3.2852625e-05,0.0001041070355,1.447270501e-06,8.657691843e-06,0.001981104499,1.446282664,0.04132231405
Gate_FX_past_exposure,2020-05,0.0001006755547,0.0001143958492,0.0001041070355,3.379841182e-06,1.03404533e-05,0.007768381438,1.446428269,0.04918032787
Gate_FX_past_exposure,2020-06,-8.777368606e-05,-7.299704259e-05,0.0001041070355,2.921948186e-06,1.185469528e-05,0.007282838833,1.446301311,0.05691056911
Gate_FX_past_exposure,2020-07,-1.32983621e-05,3.977159462e-06,0.0001041070355,3.26324622e-06,1.401227534e-05,0.007799388783,1.446282077,0.06451612903
Gate_FX_past_exposure,2020-08,-0.000200166133,-0.0001834626211,0.0001041070355,1.716128091e-06,1.498738379e-05,0.004856446962,1.445992581,0.072
Gate_FX_past_exposure,2020-09,-0.000850965465,-0.0008309098891,0.0001041070355,3.664945428e-06,1.639063048e-05,0.007714640162,1.444762091,0.07936507937
Gate_FX_past_exposure,2020-10,-0.0003644876298,-0.000342501586,0.0001041070355,3.853693224e-06,1.813235062e-05,0.008826108546,1.444235493,0.08661417323
Gate_FX_past_exposure,2020-11,0.00221297056,0.002235948184,0.0001041070355,3.170292699e-06,1.980733103e-05,0.00715005706,1.447431544,0.09375
Gate_FX_past_exposure,2020-12,0.0002070894288,0.000229617507,0.0001041070355,1.167782361e-06,2.136029589e-05,0.004482266575,1.447731291,0.1007751938
Gate_FX_past_exposure,2021-01,-0.0006824201128,-0.000658329537,0.0001041070355,1.950406407e-06,2.214016935e-05,0.00508153882,1.44674333,0.1076923077
Gate_FX_past_exposure,2021-02,0.0008564662463,0.0008843743333,0.0001041070355,4.247193719e-06,2.366089334e-05,0.008945103413,1.447982417,0.1145038168
Gate_FX_past_exposure,2021-03,0.001143686431,0.001170786672,0.0001041070355,2.774268464e-06,2.432597261e-05,0.006981844496,1.449638455,0.1212121212
Gate_FX_past_exposure,2021-04,0.001917788087,0.001949447225,0.0001041070355,4.397533634e-06,2.726160453e-05,0.01014832933,1.452418554,0.1278195489
Gate_FX_past_exposure,2021-05,0.001357642106,0.001387005063,0.0001041070355,1.331427107e-06,2.803153026e-05,0.003493145962,1.454390419,0.1343283582
Gate_FX_past_exposure,2021-06,0.002394954997,0.002425477943,0.0001041070355,1.707358871e-06,2.881558679e-05,0.005119893103,1.457873619,0.1407407407
Gate_FX_past_exposure,2021-07,-0.001254030985,-0.001221511399,0.0001041070355,1.742018904e-06,3.077756731e-05,0.007429483204,1.4560454,0.1470588235
Gate_FX_past_exposure,2021-08,-0.0005888922403,-0.0005538117663,0.0001041070355,3.245448215e-06,3.183502582e-05,0.006727996736,1.455187946,0.1532846715
Gate_FX_past_exposure,2021-09,-0.0002158975082,-0.0001803381062,0.0001041070355,3.02741103e-06,3.253199097e-05,0.007215113344,1.454873775,0.1594202899
Gate_FX_past_exposure,2021-10,0.0003391714961,0.0003777541247,0.0001041070355,4.299318216e-06,3.428331042e-05,0.009599779726,1.455367226,0.1654676259
Gate_FX_past_exposure,2021-11,-0.0002001574146,-0.0001609620424,0.0001041070355,3.745187135e-06,3.545018506e-05,0.006688980589,1.455075924,0.1714285714
Gate_FX_past_exposure,2021-12,0.001958656353,0.001997416921,0.0001041070355,2.250120367e-06,3.651044771e-05,0.007412016537,1.457925917,0.1773049645
Gate_FX_past_exposure,2022-01,0.00270080348,0.002740628067,0.0001041070355,2.019681244e-06,3.780490534e-05,0.006341717765,1.461863489,0.1830985915
Gate_FX_past_exposure,2022-02,0.002349498657,0.002390451888,0.0001041070355,1.545340588e-06,3.940789007e-05,0.006072850742,1.465298135,0.1888111888
Gate_FX_past_exposure,2022-03,0.008288781549,0.008329754878,0.0001041070355,1.688970943e-06,3.928435775e-05,0.005141687737,1.477443671,0.1944444444
Gate_FX_past_exposure,2022-04,0.002971352437,0.003033677724,0.0003119641739,2.438494702e-05,3.794034e-05,0.1047097519,1.481833677,0.1931034483
Gate_FX_past_exposure,2022-05,0.0008144300916,0.0008569491205,0.0003119641739,1.960616392e-06,4.055841255e-05,0.007532734525,1.483040527,0.1917808219
Gate_FX_past_exposure,2022-06,0.0002553163996,0.0003148975614,0.0007262586484,2.167431099e-05,3.790685082e-05,0.09978603148,1.483419172,0.1904761905
Gate_FX_past_exposure,2022-07,0.002599326697,0.00264308209,0.00134418443,4.331968972e-06,3.942342338e-05,0.007734499956,1.487275063,0.1891891892
Gate_FX_past_exposure,2022-08,0.004355342055,0.004395015009,0.001957943956,1.601445584e-06,3.807150804e-05,0.003441787897,1.493752654,0.1879194631
Gate_FX_past_exposure,2022-09,0.001293809431,0.001332841692,0.001957943956,1.431183415e-06,3.760107746e-05,0.003912062343,1.495685286,0.1866666667
Gate_FX_past_exposure,2022-10,0.004549261835,0.004589978758,0.002567595531,2.279356346e-06,3.8437567e-05,0.005805852666,1.50248955,0.1854304636
Gate_FX_past_exposure,2022-11,-0.001585983389,-0.001543586054,0.002567595531,1.797455274e-06,4.059988052e-05,0.003833414727,1.500106626,0.1842105263
Gate_FX_past_exposure,2022-12,3.34060494e-05,7.548255843e-05,0.003173196228,2.380229567e-06,3.969627947e-05,0.008119784705,1.500156739,0.1830065359
Gate_FX_past_exposure,2023-01,0.004757390122,0.004797698222,0.003574707178,1.919280391e-06,3.838881957e-05,0.005730401912,1.50729357,0.1818181818
Gate_FX_past_exposure,2023-02,0.00587627534,0.005915192109,0.003574707178,2.528763046e-06,3.63880053e-05,0.004115991885,1.516150842,0.1806451613
Gate_FX_past_exposure,2023-03,0.003261746785,0.00330101818,0.003774801921,9.238857938e-07,3.834750842e-05,0.00337393566,1.521096142,0.1794871795
Gate_FX_past_exposure,2023-04,0.005340278884,0.005379648535,0.003974458863,2.420233402e-06,3.694941794e-05,0.004841272557,1.529219219,0.178343949
Gate_FX_past_exposure,2023-05,0.006045774534,0.006083227191,0.003974458863,1.50825906e-06,3.594439811e-05,0.002753605406,1.538464534,0.1772151899
Gate_FX_past_exposure,2023-06,0.008762298949,0.008799386215,0.004173680002,7.244927173e-07,3.63627729e-05,0.002604885065,1.55194502,0.1761006289
Gate_FX_past_exposure,2023-07,0.004728998932,0.004769171005,0.004173680002,3.136223448e-06,3.703584978e-05,0.00610318009,1.559284167,0.175
Gate_FX_past_exposure,2023-08,0.004475469437,0.004530614517,0.004372467323,1.962100716e-05,3.552407267e-05,0.09081946566,1.566262695,0.1739130435
Gate_FX_past_exposure,2023-09,0.006180340241,0.006233912268,0.004372467323,1.842834871e-05,3.514367871e-05,0.08843204496,1.575942732,0.1728395062
Gate_FX_past_exposure,2023-10,0.004389286529,0.004443219853,0.004372467323,1.830769404e-05,3.562562991e-05,0.08900587794,1.582859996,0.1717791411
Gate_FX_past_exposure,2023-11,0.005376294117,0.005413030894,0.004372467323,2.236829822e-07,3.651309353e-05,0.0008795692464,1.591369917,0.1707317073
Gate_FX_past_exposure,2023-12,0.003488603967,0.003527303543,0.004372467323,2.405646834e-06,3.629392975e-05,0.005948342045,1.596921576,0.1696969697
Gate_FX_past_exposure,2024-01,0.006373270198,0.006409212587,0.004372467323,1.894431077e-06,3.404795834e-05,0.004366502262,1.607099189,0.1686746988
Gate_FX_past_exposure,2024-02,0.005024827049,0.005060524663,0.004372467323,1.054113753e-06,3.464350017e-05,0.003106087416,1.615174584,0.1676646707
Gate_FX_past_exposure,2024-03,0.005072790164,0.005107675485,0.004372467323,3.08799467e-07,3.457652157e-05,0.000952664409,1.623368026,0.1666666667
Gate_FX_past_exposure,2024-04,0.005243871515,0.005278085479,0.004372467323,4.842263854e-07,3.372973736e-05,0.0009601391334,1.631880759,0.1656804734
Gate_FX_past_exposure,2024-05,0.00422730608,0.004262834373,0.004372467323,1.014775305e-06,3.451351751e-05,0.002474463301,1.638779219,0.1647058824
Gate_FX_past_exposure,2024-06,0.00366969756,0.003703693237,0.004372467323,4.836680183e-07,3.351200849e-05,0.001734557085,1.644793043,0.1637426901
Gate_FX_past_exposure,2024-07,0.002074282543,0.00213148023,0.004372467323,2.229955229e-05,3.489813431e-05,0.08375905256,1.648204808,0.1627906977
Gate_FX_past_exposure,2024-08,0.003573651076,0.003629673017,0.004372467323,2.13285677e-05,3.469337424e-05,0.08499987634,1.654094917,0.161849711
Gate_FX_past_exposure,2024-09,0.005760802827,0.005796141235,0.004372467323,1.338808727e-06,3.399959948e-05,0.004534684896,1.663623832,0.1609195402
Gate_FX_past_exposure,2024-10,0.005484826819,0.005538395125,0.003974458863,2.226178032e-05,3.130652556e-05,0.08394244333,1.67274852,0.16
Gate_FX_past_exposure,2024-11,0.001643081212,0.001698117526,0.003974458863,2.209035128e-05,3.294596228e-05,0.08320270045,1.675496982,0.1590909091
Gate_FX_past_exposure,2024-12,0.005383129765,0.005417300902,0.003774801921,2.193634885e-06,3.197750288e-05,0.004083222986,1.6845164,0.1581920904
Gate_FX_past_exposure,2025-01,0.005518853149,0.005572011442,0.003574707178,2.018479964e-05,3.297349328e-05,0.08036912752,1.693812998,0.1573033708
Gate_FX_past_exposure,2025-02,0.002445818006,0.00248217837,0.003574707178,2.87913223e-06,3.348123192e-05,0.003464958676,1.697955757,0.156424581
Gate_FX_past_exposure,2025-03,0.0022912393,0.00232630705,0.003574707178,1.360112474e-06,3.370763776e-05,0.003869286934,1.70184618,0.1555555556
Gate_FX_past_exposure,2025-04,0.003130049225,0.003165775362,0.003574707178,2.136654592e-06,3.358948267e-05,0.005670454341,1.707173042,0.1546961326
Gate_FX_past_exposure,2025-05,0.003886356854,0.003921272372,0.003574707178,2.843504482e-06,3.20720137e-05,0.006653314733,1.713807726,0.1538461538
Gate_FX_past_exposure,2025-06,0.004828964315,0.004880709778,0.003574707178,1.94029762e-05,3.234248672e-05,0.07757303722,1.722083642,0.1530054645
Gate_FX_past_exposure,2025-07,0.004419378918,0.004452354845,0.003574707178,2.226320972e-06,3.0749606e-05,0.004052132294,1.729694182,0.152173913
Gate_FX_past_exposure,2025-08,0.004406543409,0.004439419699,0.003574707178,7.794335887e-07,3.209685599e-05,0.003377751184,1.737316155,0.1513513514
Gate_FX_past_exposure,2025-09,0.004693819879,0.004727258563,0.003574707178,2.038800177e-06,3.139988314e-05,0.003869484426,1.745470804,0.1505376344
Gate_FX_past_exposure,2025-10,0.004537964782,0.004569644845,0.003374172623,1.359988406e-06,3.032007449e-05,0.001856029948,1.753391689,0.1497326203
Gate_FX_past_exposure,2025-11,0.004655204642,0.004686625992,0.003173196228,5.697513965e-07,3.085159809e-05,0.002761381145,1.761554086,0.1489361702
Gate_FX_past_exposure,2025-12,0.002389147571,0.002439888737,0.003173196228,1.947131718e-05,3.126984842e-05,0.07582897786,1.765762699,0.1481481481
Gate_FX_past_exposure,2026-01,0.003814185251,0.003846789974,0.002971775953,9.734590227e-07,3.163126405e-05,0.00260808505,1.772497645,0.1473684211
Gate_FX_past_exposure,2026-02,0.004405234668,0.004438387551,0.002971775953,3.15228086e-06,3.000060214e-05,0.005683881959,1.780305913,0.1465968586
Gate_FX_past_exposure,2026-03,0.004959398801,0.004990033778,0.002971775953,1.360266412e-06,2.927471086e-05,0.002711459946,1.78913516,0.1458333333
Gate_FX_past_exposure,2026-04,0.004293769505,0.004325505114,0.002971775953,8.357504048e-07,3.089985858e-05,0.003101775713,1.796817294,0.1450777202
Gate_FX_past_exposure,2026-05,0.003216465912,0.003249175946,0.002971775953,2.855071756e-06,2.985496201e-05,0.004854879647,1.802596695,0.1443298969
Gate_FX_past_exposure,2026-06,0.0043951333,0.004424205595,0.002971775953,1.949484559e-07,2.887734621e-05,0.0007969196548,1.810519348,0.1435897436
Gate_FX_past_exposure,2026-07,0.003635792669,0.003667247358,0.002971775953,1.222037906e-06,3.023265119e-05,0.003265773981,1.817102021,0.1428571429
Gate_FX_past_exposure,2026-08,0.002776366896,0.002867905463,0.002971775953,6.190511141e-05,2.963345556e-05,0.1456123704,1.822146963,0.1421319797
Gate_FX_expost_exposure,2010-03,0.002748864418,0.002833259204,0.0001041070355,5.6e-05,2.83947856e-05,0.14,1.355522377,0.14
Gate_FX_expost_exposure,2010-04,0.002707141407,0.002737308152,0.0001041070355,1.341212298e-06,2.882553186e-05,0.003126806434,1.359191968,0.14
Gate_FX_expost_exposure,2010-05,-0.001740399074,-0.001710246858,0.0001041070355,1.614894192e-06,2.853732259e-05,0.002626091914,1.356826431,0.14
Gate_FX_expost_exposure,2010-06,0.0008601587672,0.0008923077127,0.0001041070355,2.555688745e-06,2.959325672e-05,0.006990509856,1.357993517,0.14
Gate_FX_expost_exposure,2010-07,-0.0005083655515,-0.0004768914378,0.0001041070355,1.034698718e-06,3.043941496e-05,0.002983190661,1.35730316,0.14
Gate_FX_expost_exposure,2010-08,-0.0006058573271,-0.0005607254013,0.0001041070355,1.600861143e-05,2.912331439e-05,0.07562342929,1.356480828,0.14
Gate_FX_expost_exposure,2010-09,-0.0003648187719,-0.000333524723,0.0001041070355,8.134589696e-07,3.048058995e-05,0.003008807742,1.355985958,0.14
Gate_FX_expost_exposure,2010-10,-0.001036954581,-0.001004626013,0.0001041070355,2.475694042e-06,2.985287427e-05,0.00594373717,1.354579863,0.14
Gate_FX_expost_exposure,2010-11,0.003465940061,0.003494300573,0.0001041070355,6.417126609e-07,2.771879909e-05,0.002354265423,1.359274755,0.14
Gate_FX_expost_exposure,2010-12,0.001415057185,0.001463430015,0.0001041070355,1.834108079e-05,3.00317492e-05,0.07365412393,1.361198207,0.14
Gate_FX_expost_exposure,2011-01,0.0007926096054,0.0008244755863,0.0001041070355,2.489093638e-06,2.937688722e-05,0.005326460627,1.362277105,0.14
Gate_FX_expost_exposure,2011-02,0.001199340211,0.001229429744,0.0001041070355,7.205670494e-07,2.936896605e-05,0.002593503993,1.363910939,0.14
Gate_FX_expost_exposure,2011-03,0.0008011854209,0.000831604962,0.0001041070355,1.020385016e-06,2.939915604e-05,0.001945926754,1.365003685,0.14
Gate_FX_expost_exposure,2011-04,0.0008158671101,0.0008473519277,0.0001041070355,1.364383035e-06,3.012043465e-05,0.002571757473,1.366117346,0.14
Gate_FX_expost_exposure,2011-05,0.0005709907264,0.00060187934,0.0001041070355,2.238763459e-06,2.864985009e-05,0.005221771609,1.366897387,0.14
Gate_FX_expost_exposure,2011-06,-0.0006825430427,-0.0006523169288,0.0001041070355,7.993060778e-07,2.942680789e-05,0.002517100933,1.36596442,0.14
Gate_FX_expost_exposure,2011-07,-0.0006615875533,-0.0006309146044,0.0001041070355,1.159346339e-06,2.951360259e-05,0.00229722167,1.365060715,0.14
Gate_FX_expost_exposure,2011-08,-0.001013306997,-0.0009832390217,0.0001041070355,5.073614501e-07,2.956061399e-05,0.001916617015,1.36367749,0.14
Gate_FX_expost_exposure,2011-09,-0.005301933382,-0.005258988175,0.0001041070355,1.450444408e-05,2.844076235e-05,0.07147226508,1.356447362,0.14
Gate_FX_expost_exposure,2011-10,0.005733514083,0.005768249317,0.0001041070355,5.356355643e-06,2.937887906e-05,0.008164670057,1.364224573,0.14
Gate_FX_expost_exposure,2011-11,-0.003414909142,-0.003381408456,0.0001041070355,4.564505168e-06,2.893618092e-05,0.007296365206,1.35956587,0.14
Gate_FX_expost_exposure,2011-12,-0.0005451212458,-0.0005133762331,0.0001041070355,2.741107936e-06,2.90039048e-05,0.00479308954,1.358824741,0.14
Gate_FX_expost_exposure,2012-01,0.002614925797,0.00265924879,0.0001041070355,1.468555752e-05,2.963743589e-05,0.07061782006,1.362377967,0.14
Gate_FX_expost_exposure,2012-02,0.003214703933,0.003246687227,0.0001041070355,3.230659456e-06,2.875263435e-05,0.004456359398,1.366757609,0.14
Gate_FX_expost_exposure,2012-03,-0.001317919268,-0.001287450506,0.0001041070355,1.707729061e-06,2.876103345e-05,0.004336948401,1.364956333,0.14
Gate_FX_expost_exposure,2012-04,-0.001957979142,-0.00192637346,0.0001041070355,2.243408341e-06,2.936227346e-05,0.003139130579,1.362283777,0.14
Gate_FX_expost_exposure,2012-05,-0.002640062608,-0.002610260429,0.0001041070355,1.277672694e-06,2.852450584e-05,0.002628395548,1.358687262,0.14
Gate_FX_expost_exposure,2012-06,0.0008620012868,0.000894306397,0.0001041070355,3.06385073e-06,2.924125953e-05,0.006830170509,1.359858453,0.14
Gate_FX_expost_exposure,2012-07,0.001493129912,0.001523222512,0.0001041070355,1.027328671e-06,2.9065271e-05,0.00268438344,1.361888898,0.14
Gate_FX_expost_exposure,2012-08,0.0005464932395,0.0005767806492,0.0001041070355,7.876130386e-07,2.949979661e-05,0.00252998699,1.362633161,0.14
Gate_FX_expost_exposure,2012-09,-0.0002355636576,-0.0002051597492,0.0001041070355,7.094963668e-07,2.969441213e-05,0.002296513865,1.362312174,0.14
Gate_FX_expost_exposure,2012-10,0.0006514130217,0.0006811556564,0.0001041070355,9.153702438e-07,2.882726447e-05,0.002262905162,1.363199602,0.14
Gate_FX_expost_exposure,2012-11,-5.687329914e-05,-2.770029172e-05,0.0001041070355,5.093992563e-07,2.866360816e-05,0.001732852155,1.363122072,0.14
Gate_FX_expost_exposure,2012-12,0.003072898904,0.003103128543,0.0001041070355,1.409613662e-06,2.882002489e-05,0.002533656666,1.367310809,0.14
Gate_FX_expost_exposure,2013-01,0.003124896831,0.003155433807,0.0001041070355,1.76258164e-06,2.877439458e-05,0.003893181745,1.371583514,0.14
Gate_FX_expost_exposure,2013-02,0.001757022704,0.001787540305,0.0001041070355,1.994559692e-06,2.85230412e-05,0.004706625298,1.373993417,0.14
Gate_FX_expost_exposure,2013-03,0.000845372901,0.0008746837925,0.0001041070355,8.404644874e-07,2.847042705e-05,0.002434193975,1.375154954,0.14
Gate_FX_expost_exposure,2013-04,0.0006174916121,0.0006474692717,0.0001041070355,9.603555181e-07,2.901730407e-05,0.002682729496,1.376004101,0.14
Gate_FX_expost_exposure,2013-05,-0.0008290998169,-0.0007998642522,0.0001041070355,5.631371663e-07,2.867242747e-05,0.002045987345,1.374863256,0.14
Gate_FX_expost_exposure,2013-06,-0.002262254971,-0.002230742044,0.0001041070355,2.057891789e-06,2.945503507e-05,0.003158843571,1.371752965,0.14
Gate_FX_expost_exposure,2013-07,-0.0009276589873,-0.0008968023739,0.0001041070355,1.324578648e-06,2.953203471e-05,0.00234014308,1.370480446,0.14
Gate_FX_expost_exposure,2013-08,-0.0007025364622,-0.0006721107559,0.0001041070355,1.348029436e-06,2.907767687e-05,0.002697218349,1.369517633,0.14
Gate_FX_expost_exposure,2013-09,0.002068505931,0.002098898161,0.0001041070355,8.304179833e-07,2.956181132e-05,0.00110154383,1.372350489,0.14
Gate_FX_expost_exposure,2013-10,0.0008722694792,0.0009037058322,0.0001041070355,2.218932522e-06,2.921742053e-05,0.003598677479,1.373547548,0.14
Gate_FX_expost_exposure,2013-11,-0.0005358137209,-0.0005059646504,0.0001041070355,1.292185863e-06,2.855688458e-05,0.001926224697,1.372811582,0.14
Gate_FX_expost_exposure,2013-12,0.0008421706624,0.0008731788926,0.0001041070355,2.018433849e-06,2.898979644e-05,0.0034598333,1.373967724,0.14
Gate_FX_expost_exposure,2014-01,-0.001504317693,-0.001474215741,0.0001041070355,8.350008958e-07,2.926695111e-05,0.002371933051,1.37190084,0.14
Gate_FX_expost_exposure,2014-02,0.001287913064,0.001335745148,0.0001041070355,1.828946105e-05,2.954262345e-05,0.07168716244,1.373667729,0.14
Gate_FX_expost_exposure,2014-03,0.002091668951,0.002122624502,0.0001041070355,2.024618402e-06,2.893093311e-05,0.002856400108,1.376540987,0.14
Gate_FX_expost_exposure,2014-04,0.0004257242111,0.0004563493658,0.0001041070355,1.291260657e-06,2.93338941e-05,0.002014304209,1.377127014,0.14
Gate_FX_expost_exposure,2014-05,0.00158788802,0.001617526206,0.0001041070355,5.990702531e-07,2.903911591e-05,0.001097449453,1.379313738,0.14
Gate_FX_expost_exposure,2014-06,0.001173844581,0.001204073554,0.0001041070355,9.614511391e-07,2.926752193e-05,0.002018782021,1.380932838,0.14
Gate_FX_expost_exposure,2014-07,-1.657141723e-05,1.297743007e-05,0.0001041070355,8.97034432e-07,2.865181286e-05,0.001422100707,1.380909953,0.14
Gate_FX_expost_exposure,2014-08,0.001634608847,0.001664402536,0.0001041070355,9.85742929e-07,2.880794583e-05,0.002562535008,1.383167201,0.14
Gate_FX_expost_exposure,2014-09,-8.80898474e-05,-5.973237882e-05,0.0001041070355,6.295729926e-07,2.772789559e-05,0.00155774919,1.383045358,0.14
Gate_FX_expost_exposure,2014-10,0.0008936878461,0.0009260318738,0.0001041070355,3.528459704e-06,2.881556798e-05,0.007059931649,1.384281369,0.14
Gate_FX_expost_exposure,2014-11,0.0006958947337,0.0007247036244,0.0001041070355,4.768288564e-07,2.833206178e-05,0.001459739855,1.385244683,0.14
Gate_FX_expost_exposure,2014-12,0.0008519416275,0.0008984008486,0.0001041070355,1.828341817e-05,2.817580286e-05,0.06966909859,1.386424831,0.14
Gate_FX_expost_exposure,2015-01,0.00199402172,0.002023056728,0.0001041070355,1.830560792e-06,2.720444748e-05,0.004088998153,1.389189392,0.14
Gate_FX_expost_exposure,2015-02,-0.001374826286,-0.001343917485,0.0001041070355,1.922378434e-06,2.898642302e-05,0.007992724501,1.387279498,0.14
Gate_FX_expost_exposure,2015-03,-0.001533667286,-0.001502927531,0.0001041070355,2.7022181e-06,2.803753675e-05,0.00350644236,1.385151873,0.14
Gate_FX_expost_exposure,2015-04,0.003226050798,0.00326062088,0.0001041070355,4.225929379e-06,3.034415296e-05,0.006839445722,1.389620443,0.14
Gate_FX_expost_exposure,2015-05,-0.001253339385,-0.001220117738,0.0001041070355,4.693828357e-06,2.852781878e-05,0.008302683673,1.387878777,0.14
Gate_FX_expost_exposure,2015-06,-0.0006267547767,-0.0005945753166,0.0001041070355,2.249416842e-06,2.993004327e-05,0.00424625081,1.387008917,0.14
Gate_FX_expost_exposure,2015-07,-0.001888426613,-0.001858764123,0.0001041070355,1.447941189e-06,2.821454924e-05,0.003028185573,1.384389653,0.14
Gate_FX_expost_exposure,2015-08,-0.003965735033,-0.003932641591,0.0001041070355,3.331566472e-06,2.976187498e-05,0.006305945616,1.37889953,0.14
Gate_FX_expost_exposure,2015-09,-0.003521177547,-0.003489433531,0.0001041070355,2.461614369e-06,2.928240244e-05,0.004052821041,1.37404418,0.14
Gate_FX_expost_exposure,2015-10,0.003336019597,0.003367737619,0.0001041070355,3.002445079e-06,2.871557639e-05,0.003606238773,1.378628018,0.14
Gate_FX_expost_exposure,2015-11,0.002389659935,0.002419756905,0.0001041070355,1.816711761e-06,2.828025754e-05,0.003252779248,1.381922471,0.14
Gate_FX_expost_exposure,2015-12,-0.00391565065,-0.003884366659,0.0001041070355,1.239581867e-06,3.004440936e-05,0.003460979351,1.376511345,0.14
Gate_FX_expost_exposure,2016-01,-0.0002045601211,-0.0001742485833,0.0003119641739,1.304937277e-06,2.900660047e-05,0.004004152557,1.376229766,0.14
Gate_FX_expost_exposure,2016-02,0.00274724762,0.002777064469,0.0003119641739,6.94466427e-07,2.912238291e-05,0.001472873065,1.38001061,0.14
Gate_FX_expost_exposure,2016-03,0.002412587391,0.002444483882,0.0003119641739,1.238800917e-06,3.065769011e-05,0.002458346608,1.383340006,0.14
Gate_FX_expost_exposure,2016-04,0.00288478017,0.002919172734,0.0003119641739,5.0899294e-06,2.930263449e-05,0.008881031512,1.387330638,0.14
Gate_FX_expost_exposure,2016-05,0.0004811368617,0.0005113740877,0.0003119641739,1.894915518e-06,2.834231044e-05,0.002909354863,1.387998133,0.14
Gate_FX_expost_exposure,2016-06,0.005435364225,0.005465485801,0.0003119641739,1.296054701e-06,2.882552132e-05,0.003874080521,1.395542409,0.14
Gate_FX_expost_exposure,2016-07,5.132861488e-05,8.453038579e-05,0.0003119641739,4.224539517e-06,2.89772314e-05,0.005125661788,1.39561404,0.14
Gate_FX_expost_exposure,2016-08,0.001124340066,0.001154045172,0.0003119641739,4.096647271e-07,2.929544172e-05,0.001238467078,1.397183185,0.14
Gate_FX_expost_exposure,2016-09,0.0006519924069,0.000682037055,0.0003119641739,9.617247747e-07,2.908292337e-05,0.001248531808,1.398094138,0.14
Gate_FX_expost_exposure,2016-10,0.002982748611,0.003011414107,0.0003119641739,4.14441862e-07,2.825105372e-05,0.0008283163058,1.402264301,0.14
Gate_FX_expost_exposure,2016-11,0.0001194828364,0.0001497423435,0.0003119641739,1.759981235e-06,2.849952582e-05,0.004098866229,1.402431848,0.14
Gate_FX_expost_exposure,2016-12,0.001934760691,0.001966218608,0.0003119641739,2.244462063e-06,2.921345503e-05,0.003528433621,1.405145218,0.14
Gate_FX_expost_exposure,2017-01,0.001693494587,0.00172549726,0.0005193472934,2.083272172e-06,2.991940066e-05,0.002832247025,1.407524823,0.14
Gate_FX_expost_exposure,2017-02,0.002250567158,0.002281625638,0.0005193472934,2.496010919e-06,2.856246853e-05,0.004520528438,1.410692553,0.14
Gate_FX_expost_exposure,2017-03,-0.0009990803174,-0.0009685631144,0.0005193472934,1.037332277e-06,2.94798707e-05,0.002558494756,1.409283157,0.14
Gate_FX_expost_exposure,2017-04,-0.001059206757,-0.001028912175,0.0007262586484,6.300620259e-07,2.966451961e-05,0.001489398436,1.407790435,0.14
Gate_FX_expost_exposure,2017-05,-0.0007023761288,-0.0006719754926,0.0007262586484,6.477300736e-07,2.97529061e-05,0.002178377789,1.406801637,0.14
Gate_FX_expost_exposure,2017-06,0.0003395400121,0.0003702972313,0.0007262586484,9.156221333e-07,2.984159716e-05,0.002419460173,1.407279302,0.14
Gate_FX_expost_exposure,2017-07,0.002088182014,0.002119158928,0.0009327004774,8.520462566e-07,3.012486787e-05,0.003108179658,1.410217958,0.14
Gate_FX_expost_exposure,2017-08,-0.0004428574173,-0.0004105377555,0.0009327004774,2.81542892e-06,2.95042328e-05,0.00542777551,1.409593432,0.14
Gate_FX_expost_exposure,2017-09,0.002278635139,0.002307859129,0.0009327004774,3.564838284e-07,2.886750573e-05,0.001343833359,1.412805381,0.14
Gate_FX_expost_exposure,2017-10,0.0003978375626,0.0004269077143,0.0009327004774,4.550283368e-07,2.861512343e-05,0.001547381633,1.413367448,0.14
Gate_FX_expost_exposure,2017-11,0.0006385299143,0.0006692301832,0.0009327004774,1.27315095e-06,2.942711792e-05,0.003259188602,1.414269926,0.14
Gate_FX_expost_exposure,2017-12,0.0004815815436,0.0005116203404,0.0009327004774,4.022162042e-07,2.963658055e-05,0.0009365455218,1.414951012,0.14
Gate_FX_expost_exposure,2018-01,0.000813292395,0.0008445149065,0.001138675003,8.043772238e-07,3.041813421e-05,0.002370753832,1.416101781,0.14
Gate_FX_expost_exposure,2018-02,0.001562253272,0.001593146843,0.001138675003,2.760306636e-06,2.813326449e-05,0.005539625841,1.41831409,0.14
Gate_FX_expost_exposure,2018-03,0.0002370386431,0.0002679319593,0.001138675003,1.745767232e-06,2.914754892e-05,0.004767778231,1.418650286,0.14
Gate_FX_expost_exposure,2018-04,0.002221699828,0.002250887411,0.00134418443,8.865566612e-07,2.83010259e-05,0.001620958698,1.421802101,0.14
Gate_FX_expost_exposure,2018-05,0.0006043677132,0.0006349424116,0.00134418443,2.007853688e-06,2.856684464e-05,0.003703119759,1.422661392,0.14
Gate_FX_expost_exposure,2018-06,0.0002845916949,0.000316013865,0.00134418443,2.614495645e-06,2.88076745e-05,0.003822636476,1.42306627,0.14
Gate_FX_expost_exposure,2018-07,0.002280772366,0.002311799825,0.001549230951,1.385111222e-06,2.96423478e-05,0.002842277766,1.42631196,0.14
Gate_FX_expost_exposure,2018-08,-0.0002282643374,-0.0001982361756,0.001549230951,1.568252441e-06,2.845990934e-05,0.002666923254,1.425986384,0.14
Gate_FX_expost_exposure,2018-09,0.002558121251,0.002591526739,0.001549230951,3.988756849e-06,2.941673057e-05,0.005241168318,1.42963423,0.14
Gate_FX_expost_exposure,2018-10,0.006522073198,0.006552157727,0.00175381674,1.694711279e-06,2.838981731e-05,0.002477891187,1.438958409,0.14
Gate_FX_expost_exposure,2018-11,-0.0004314947634,-0.000398492589,0.00175381674,3.613552216e-06,2.938862214e-05,0.005733211368,1.438337506,0.14
Gate_FX_expost_exposure,2018-12,0.0001799785048,0.0002109061389,0.00175381674,1.434553149e-06,2.949308087e-05,0.00215323844,1.438596376,0.14
Gate_FX_expost_exposure,2019-01,0.005759326853,0.005788793647,0.001957943956,3.70074037e-07,2.909672067e-05,0.00154263296,1.446881722,0.14
Gate_FX_expost_exposure,2019-02,0.002173506411,0.00220482911,0.001957943956,2.492811748e-06,2.882988689e-05,0.003808912917,1.450026529,0.14
Gate_FX_expost_exposure,2019-03,0.001059287166,0.001089032056,0.001957943956,9.214025166e-07,2.882348741e-05,0.001707820843,1.451562524,0.14
Gate_FX_expost_exposure,2019-04,0.00263784019,0.002668280088,0.001957943956,1.64184757e-06,2.879805076e-05,0.002699106967,1.455391514,0.14
Gate_FX_expost_exposure,2019-05,0.001777564254,0.00180702347,0.001957943956,4.722131329e-07,2.898700329e-05,0.001462055179,1.457978566,0.14
Gate_FX_expost_exposure,2019-06,0.003248549227,0.003279039387,0.001957943956,6.178621822e-07,2.98722975e-05,0.001297601101,1.462714881,0.14
Gate_FX_expost_exposure,2019-07,0.004130367346,0.004160994888,0.001957943956,2.183400332e-06,2.844414128e-05,0.004200817032,1.46875643,0.14
Gate_FX_expost_exposure,2019-08,-5.943609108e-05,-2.98097188e-05,0.001957943956,9.935017978e-07,2.863287048e-05,0.002708188684,1.468669133,0.14
Gate_FX_expost_exposure,2019-09,0.002503435423,0.002535802695,0.00175381674,3.39579341e-06,2.897147829e-05,0.00457927787,1.472345852,0.14
Gate_FX_expost_exposure,2019-10,0.001955674043,0.001985694755,0.001549230951,2.192648877e-07,2.980144653e-05,0.000780033192,1.47522528,0.14
Gate_FX_expost_exposure,2019-11,-0.0006055412828,-0.0005745375047,0.00134418443,1.944587527e-06,2.905919052e-05,0.00315861012,1.47433197,0.14
Gate_FX_expost_exposure,2019-12,0.002427504587,0.002459504873,0.00134418443,2.089087989e-06,2.991119849e-05,0.002986389988,1.477910918,0.14
Gate_FX_expost_exposure,2020-01,0.0007187661807,0.0007496156961,0.00134418443,2.464442325e-06,2.838507307e-05,0.004293884139,1.47897319,0.14
Gate_FX_expost_exposure,2020-02,-0.000281780251,-0.0002502321638,0.00134418443,2.575275416e-06,2.897281173e-05,0.004486434773,1.478556445,0.14
Gate_FX_expost_exposure,2020-03,-0.00535631835,-0.00530800039,0.00134418443,1.91507765e-05,2.916718276e-05,0.07207933178,1.470636826,0.14
Gate_FX_expost_exposure,2020-04,-0.0003942304041,-0.0003599122942,0.0001041070355,4.985849974e-06,2.933225997e-05,0.00668800792,1.470057056,0.14
Gate_FX_expost_exposure,2020-05,0.0001025075038,0.0001333958587,0.0001041070355,1.45253112e-06,2.943582374e-05,0.002998055308,1.470207748,0.14
Gate_FX_expost_exposure,2020-06,-0.0003612942106,-0.0003315689966,0.0001041070355,5.626636407e-07,2.91625504e-05,0.001665404672,1.469676571,0.14
Gate_FX_expost_exposure,2020-07,-0.0001442326384,-0.0001131747955,0.0001041070355,6.512054107e-07,3.040663749e-05,0.001051965693,1.469464595,0.14
Gate_FX_expost_exposure,2020-08,-0.0004869780192,-0.0004550561857,0.0001041070355,2.779698422e-06,2.914213515e-05,0.005720590167,1.468748998,0.14
Gate_FX_expost_exposure,2020-09,-0.0015760551,-0.001545262819,0.0001041070355,1.879208288e-06,2.891307217e-05,0.003124667057,1.466434169,0.14
Gate_FX_expost_exposure,2020-10,-0.0006487769341,-0.0006177748999,0.0001041070355,1.693562034e-06,2.930847218e-05,0.002932474959,1.46548278,0.14
Gate_FX_expost_exposure,2020-11,0.003257318021,0.003287656484,0.0001041070355,7.595154555e-07,2.957894767e-05,0.001306137702,1.470256324,0.14
Gate_FX_expost_exposure,2020-12,0.0002453921092,0.0002784700444,0.0001041070355,3.403554907e-06,2.967438029e-05,0.004659658396,1.470617113,0.14
Gate_FX_expost_exposure,2021-01,-0.0009169747634,-0.0008870605087,0.0001041070355,1.132034532e-06,2.878222016e-05,0.002544578662,1.469268594,0.14
Gate_FX_expost_exposure,2021-02,0.001027217781,0.001058113852,0.0001041070355,1.966684682e-06,2.892938558e-05,0.00274145599,1.470777853,0.14
Gate_FX_expost_exposure,2021-03,0.001307761297,0.001336122016,0.0001041070355,2.6422018e-07,2.809649837e-05,0.001075718866,1.472701279,0.14
Gate_FX_expost_exposure,2021-04,0.002093372292,0.002125297291,0.0001041070355,2.065523492e-06,2.985947508e-05,0.004262809755,1.475784192,0.14
Gate_FX_expost_exposure,2021-05,0.001408841075,0.001441171869,0.0001041070355,3.115709621e-06,2.921508376e-05,0.005010375146,1.477863337,0.14
Gate_FX_expost_exposure,2021-06,0.002383594199,0.002413260201,0.0001041070355,1.002076785e-06,2.866392581e-05,0.001895744156,1.481385963,0.14
Gate_FX_expost_exposure,2021-07,-0.001189543477,-0.001157881714,0.0001041070355,2.361518791e-06,2.930024408e-05,0.00424722058,1.47962379,0.14
Gate_FX_expost_exposure,2021-08,-0.0005267458476,-0.0004967921368,0.0001041070355,8.777205684e-07,2.907599025e-05,0.001263491728,1.478844405,0.14
Gate_FX_expost_exposure,2021-09,-0.0001747834582,-0.0001456875162,0.0001041070355,5.26938996e-07,2.856900298e-05,0.0009945825619,1.478585927,0.14
Gate_FX_expost_exposure,2021-10,0.0003049760529,0.0003356362684,0.0001041070355,1.653553748e-06,2.900666178e-05,0.00312532014,1.47903686,0.14
Gate_FX_expost_exposure,2021-11,-0.0001429738036,-0.0001123660448,0.0001041070355,1.656774299e-06,2.895098447e-05,0.003147649223,1.478825397,0.14
Gate_FX_expost_exposure,2021-12,0.001569352966,0.001599064521,0.0001041070355,8.829054071e-07,2.882864951e-05,0.00275841935,1.481146196,0.14
Gate_FX_expost_exposure,2022-01,0.002090494161,0.002120031578,0.0001041070355,6.312047932e-07,2.890621224e-05,0.001492615046,1.484242523,0.14
Gate_FX_expost_exposure,2022-02,0.001768541286,0.001799389404,0.0001041070355,1.627897324e-06,2.922022071e-05,0.002418290579,1.486867468,0.14
Gate_FX_expost_exposure,2022-03,0.005996584746,0.006026573482,0.0001041070355,1.703998583e-06,2.828473758e-05,0.001808767856,1.495783594,0.14
Gate_FX_expost_exposure,2022-04,0.002240167457,0.002285206498,0.0003119641739,1.753229418e-05,2.75067465e-05,0.07588716357,1.4991344,0.14
Gate_FX_expost_exposure,2022-05,0.0006784300733,0.000709803185,0.0003119641739,1.765470536e-06,2.960764116e-05,0.006322683362,1.500151458,0.14
Gate_FX_expost_exposure,2022-06,0.0003805023617,0.0004239082495,0.0007262586484,1.55443524e-05,2.786153535e-05,0.07238696137,1.500722269,0.14
Gate_FX_expost_exposure,2022-07,0.002272626428,0.002305368698,0.00134418443,3.56893753e-06,2.91733333e-05,0.006647493014,1.50413285,0.14
Gate_FX_expost_exposure,2022-08,0.003744281442,0.00377356189,0.001957943956,9.171752395e-07,2.836327349e-05,0.002100618608,1.509764747,0.14
Gate_FX_expost_exposure,2022-09,0.001459934436,0.001489117258,0.001957943956,9.820135294e-07,2.82008081e-05,0.003340596813,1.511968904,0.14
Gate_FX_expost_exposure,2022-10,0.004063385182,0.004094494867,0.002567595531,2.089322526e-06,2.902036308e-05,0.005303889296,1.518112617,0.14
Gate_FX_expost_exposure,2022-11,-0.0005888599927,-0.0005569024733,0.002567595531,1.101610169e-06,3.085590919e-05,0.00246875322,1.517218661,0.14
Gate_FX_expost_exposure,2022-12,0.000771691967,0.0008034452707,0.003173196228,1.38564993e-06,3.036765379e-05,0.005111080197,1.518389486,0.14
Gate_FX_expost_exposure,2023-01,0.004485788405,0.004516410282,0.003574707178,1.062486113e-06,2.955939107e-05,0.003368822906,1.52520066,0.14
Gate_FX_expost_exposure,2023-02,0.005358780867,0.005388582999,0.003574707178,1.601427794e-06,2.820070411e-05,0.002304555103,1.533373876,0.14
Gate_FX_expost_exposure,2023-03,0.003374292832,0.003405250603,0.003774801921,1.046713961e-06,2.991105657e-05,0.003441980852,1.538547929,0.14
Gate_FX_expost_exposure,2023-04,0.005047002821,0.005077532756,0.003974458863,1.524641033e-06,2.900529308e-05,0.002868445846,1.546312984,0.14
Gate_FX_expost_exposure,2023-05,0.005610974535,0.005640385842,0.003974458863,1.015232444e-06,2.839607451e-05,0.002162211,1.554989307,0.14
Gate_FX_expost_exposure,2023-06,0.007821355152,0.007851116441,0.004173680002,8.528844646e-07,2.890840445e-05,0.002639836215,1.567151431,0.14
Gate_FX_expost_exposure,2023-07,0.004618172031,0.004650072805,0.004173680002,2.272093347e-06,2.962867982e-05,0.00448400466,1.574388806,0.14
Gate_FX_expost_exposure,2023-08,0.004455736663,0.004499775814,0.004372467323,1.544227235e-05,2.85968785e-05,0.07223647935,1.581403868,0.14
Gate_FX_expost_exposure,2023-09,0.005836591651,0.005880237729,0.004372467323,1.517969782e-05,2.846637976e-05,0.07205065887,1.590633876,0.14
Gate_FX_expost_exposure,2023-10,0.004385936909,0.004430130635,0.004372467323,1.51588376e-05,2.903488837e-05,0.07293074349,1.597610296,0.14
Gate_FX_expost_exposure,2023-11,0.005195447784,0.005225729451,0.004372467323,3.409306509e-07,2.99407367e-05,0.001046118636,1.605910597,0.14
Gate_FX_expost_exposure,2023-12,0.003643621107,0.003675207205,0.004372467323,1.643605353e-06,2.994249204e-05,0.004055068146,1.611761927,0.14
Gate_FX_expost_exposure,2024-01,0.006033489369,0.006062965892,0.004372467323,1.216717504e-06,2.825980542e-05,0.002736941123,1.621486475,0.14
Gate_FX_expost_exposure,2024-02,0.004916897217,0.004946995201,0.004372467323,1.170661537e-06,2.892732264e-05,0.003264858944,1.629459158,0.14
Gate_FX_expost_exposure,2024-03,0.00496072712,0.004990042179,0.004372467323,2.707801997e-07,2.904427812e-05,0.001029330433,1.63754246,0.14
Gate_FX_expost_exposure,2024-04,0.005109001953,0.005137714665,0.004372467323,2.110834394e-07,2.850162807e-05,0.0006409297614,1.645908667,0.14
Gate_FX_expost_exposure,2024-05,0.004248763284,0.004279279316,0.004372467323,1.179541855e-06,2.933648989e-05,0.002896056212,1.652901744,0.14
Gate_FX_expost_exposure,2024-06,0.00377144913,0.003800665479,0.004372467323,5.635821214e-07,2.865276726e-05,0.001415020214,1.659135579,0.14
Gate_FX_expost_exposure,2024-07,0.002395808661,0.002445218423,0.004372467323,1.939736672e-05,3.001239551e-05,0.07234107112,1.66311055,0.14
Gate_FX_expost_exposure,2024-08,0.003681433016,0.003729950249,0.004372467323,1.850746371e-05,3.000976872e-05,0.0730764463,1.66923318,0.14
Gate_FX_expost_exposure,2024-09,0.005580653848,0.005611063626,0.004372467323,8.301270184e-07,2.957965154e-05,0.003102535788,1.678548593,0.14
Gate_FX_expost_exposure,2024-10,0.005296351806,0.005342903092,0.003974458863,1.915807643e-05,2.739320986e-05,0.07265547774,1.687438776,0.14
Gate_FX_expost_exposure,2024-11,0.001922645616,0.001971278486,0.003974458863,1.96404237e-05,2.89924468e-05,0.07358536823,1.690683123,0.14
Gate_FX_expost_exposure,2024-12,0.005197934628,0.00522841352,0.003774801921,2.178801163e-06,2.830009005e-05,0.004007135445,1.699471184,0.14
Gate_FX_expost_exposure,2025-01,0.005304771356,0.005352307973,0.003574707178,1.819020793e-05,2.934640902e-05,0.07190065057,1.70848649,0.14
Gate_FX_expost_exposure,2025-02,0.002564526921,0.002596893895,0.003574707178,2.401271503e-06,2.996570257e-05,0.002984408166,1.712867949,0.14
Gate_FX_expost_exposure,2025-03,0.002419930594,0.002451147063,0.003574707178,8.795950004e-07,3.033687398e-05,0.002668339345,1.717012971,0.14
Gate_FX_expost_exposure,2025-04,0.003172638986,0.003204623885,0.003574707178,1.586416532e-06,3.039848182e-05,0.004311399078,1.722460433,0.14
Gate_FX_expost_exposure,2025-05,0.003858652145,0.003890081505,0.003574707178,2.24382703e-06,2.918553247e-05,0.00524585238,1.729106809,0.14
Gate_FX_expost_exposure,2025-06,0.004722282007,0.004769699557,0.003574707178,1.782417424e-05,2.959337535e-05,0.07091262761,1.737272139,0.14
Gate_FX_expost_exposure,2025-07,0.00435203992,0.004382143032,0.003574707178,1.813474479e-06,2.828963752e-05,0.003335052221,1.744832816,0.14
Gate_FX_expost_exposure,2025-08,0.004343860573,0.00437456626,0.003574707178,1.016095334e-06,2.968959179e-05,0.003855160327,1.752412127,0.14
Gate_FX_expost_exposure,2025-09,0.004615789666,0.004646579966,0.003574707178,1.588408863e-06,2.920189132e-05,0.002835498977,1.760500893,0.14
Gate_FX_expost_exposure,2025-10,0.004462520785,0.00449193915,0.003374172623,1.069095792e-06,2.834926965e-05,0.001485130814,1.768357165,0.14
Gate_FX_expost_exposure,2025-11,0.004566034109,0.004595820206,0.003173196228,7.855949147e-07,2.900050221e-05,0.00327545557,1.776431544,0.14
Gate_FX_expost_exposure,2025-12,0.002432493446,0.002480220649,0.003173196228,1.817719643e-05,2.955000675e-05,0.07128556631,1.780752702,0.14
Gate_FX_expost_exposure,2026-01,0.003771939692,0.003803039273,0.002971775953,1.049880188e-06,3.004970085e-05,0.0024645338,1.787469594,0.14
Gate_FX_expost_exposure,2026-02,0.004341053689,0.004372390029,0.002971775953,2.685765582e-06,2.865057504e-05,0.004672792128,1.795229095,0.14
Gate_FX_expost_exposure,2026-03,0.004879954625,0.004909303465,0.002971775953,1.245117431e-06,2.810372243e-05,0.002949743105,1.803989732,0.14
Gate_FX_expost_exposure,2026-04,0.004247200235,0.004278124593,0.002971775953,1.105994374e-06,2.981836353e-05,0.003692317874,1.811651637,0.14
Gate_FX_expost_exposure,2026-05,0.003209443317,0.003240853946,0.002971775953,2.451315906e-06,2.895931315e-05,0.003969985287,1.81746603,0.14
Gate_FX_expost_exposure,2026-06,0.004359385901,0.004387894854,0.002971775953,3.53540459e-07,2.815541256e-05,0.001098775698,1.825389066,0.14
Gate_FX_expost_exposure,2026-07,0.003622216938,0.00365333793,0.002971775953,1.492993861e-06,2.962799816e-05,0.003893571185,1.832001021,0.14
Gate_FX_expost_exposure,2026-08,0.002779608138,0.002869463521,0.002971775953,6.066642917e-05,2.918895373e-05,0.1427028769,1.837093266,0.14
Gate_total_past_exposure,2010-03,0.0001041070355,0.0001041070355,0.0001041070355,0,0,0,1.351947177,0
Gate_total_past_exposure,2010-04,0.01830678978,0.01891268644,0.0001041070355,0.0004,0.0002058966561,1,1.376696989,1
Gate_total_past_exposure,2010-05,-0.01306847392,-0.01285556363,0.0001041070355,9.072267277e-06,0.0002038380185,0.02235972345,1.358705661,1
Gate_total_past_exposure,2010-06,0.005507710439,0.005734111873,0.0001041070355,1.502102822e-05,0.0002113804051,0.0447663011,1.366189018,1
Gate_total_past_exposure,2010-07,-0.004269276368,-0.004045882059,0.0001041070355,5.969916236e-06,0.0002174243926,0.01889896754,1.36035638,1
Gate_total_past_exposure,2010-08,-0.004968631987,-0.004644696084,0.0001041070355,0.0001159122289,0.0002080236742,0.5440961016,1.353597269,1
Gate_total_past_exposure,2010-09,-0.002751112505,-0.002500843908,0.0001041070355,6.883651455e-05,0.000181432083,0.165537574,1.349873371,0.8333333333
Gate_total_past_exposure,2010-10,-0.005768193025,-0.005552694233,0.0001041070355,6.318820937e-05,0.000152310583,0.1565057295,1.342087041,0.7142857143
Gate_total_past_exposure,2010-11,0.0181077281,0.01826585813,0.0001041070355,9.636464953e-06,0.0001484935666,0.0202465057,1.366389188,0.75
Gate_total_past_exposure,2010-12,0.007375825962,0.007655901368,0.0001041070355,0.0001132323552,0.0001668430511,0.427464932,1.376467437,0.7777777778
Gate_total_past_exposure,2011-01,0.00404930382,0.004220498754,0.0001041070355,3.327007293e-06,0.0001678679269,0.007496501443,1.382041172,0.8
Gate_total_past_exposure,2011-02,0.00650113543,0.006680668318,0.0001041070355,7.896073548e-06,0.0001716368146,0.01555188521,1.391026009,0.8181818182
Gate_total_past_exposure,2011-03,0.004257063277,0.004434451836,0.0001041070355,2.393582182e-06,0.0001749949764,0.008330248933,1.396947694,0.8333333333
Gate_total_past_exposure,2011-04,0.004409567704,0.004596246494,0.0001041070355,4.632206954e-06,0.000182046583,0.01286960909,1.40310763,0.8461538462
Gate_total_past_exposure,2011-05,0.002968759759,0.003151692573,0.0001041070355,7.525569092e-06,0.0001754072455,0.01743075353,1.407273119,0.8571428571
Gate_total_past_exposure,2011-06,-0.004767507865,-0.004578517505,0.0001041070355,6.824406253e-06,0.0001821659536,0.02397082475,1.400563934,0.8666666667
Gate_total_past_exposure,2011-07,-0.004680131174,-0.004489778214,0.0001041070355,5.892944172e-06,0.0001844600162,0.01189123059,1.394009111,0.875
Gate_total_past_exposure,2011-08,-0.00693771287,-0.006748914333,0.0001041070355,2.492146423e-06,0.0001863063907,0.01195010827,1.384337876,0.8823529412
Gate_total_past_exposure,2011-09,-0.03422004992,-0.03394729113,0.0001041070355,9.218252602e-05,0.0001805762689,0.453142777,1.336965764,0.8888888889
Gate_total_past_exposure,2011-10,0.03608747547,0.0363035126,0.0001041070355,2.827737314e-05,0.0001877597534,0.0430074665,1.385213484,0.8947368421
Gate_total_past_exposure,2011-11,-0.02250796624,-0.02230277826,0.0001041070355,1.916967142e-05,0.0001860183059,0.0349385611,1.354035145,0.9
Gate_total_past_exposure,2011-12,-0.004087671202,-0.003886431095,0.0001041070355,1.379990657e-05,0.0001874402011,0.0250058121,1.348500295,0.9047619048
Gate_total_past_exposure,2012-01,0.0164078805,0.01669593661,0.0001041070355,9.560522835e-05,0.0001924508824,0.4585523716,1.370626327,0.9090909091
Gate_total_past_exposure,2012-02,0.02039709365,0.02059919524,0.0001041070355,1.45844117e-05,0.0001875171806,0.01632398754,1.39858312,0.9130434783
Gate_total_past_exposure,2012-03,-0.009200728671,-0.009007281628,0.0001041070355,5.130751594e-06,0.0001883162904,0.02008540433,1.385715136,0.9166666667
Gate_total_past_exposure,2012-04,-0.01344512558,-0.01323905051,0.0001041070355,1.312298647e-05,0.0001929520827,0.01675768138,1.367084022,0.92
Gate_total_past_exposure,2012-05,-0.0179869074,-0.0177928213,0.0001041070355,6.012431373e-06,0.0001880736649,0.01365578792,1.342494409,0.9230769231
Gate_total_past_exposure,2012-06,0.005120144256,0.005330293289,0.0001041070355,1.675446e-05,0.0001933945736,0.03994948607,1.349368174,0.9259259259
Gate_total_past_exposure,2012-07,0.009315912645,0.009516607646,0.0001041070355,7.915142262e-06,0.0001927798586,0.01767864536,1.36193877,0.9285714286
Gate_total_past_exposure,2012-08,0.003047714576,0.003247502989,0.0001041070355,3.607499429e-06,0.0001961809134,0.01338398774,1.36608957,0.9310344828
Gate_total_past_exposure,2012-09,-0.002158839174,-0.001957671529,0.0001041070355,3.204897969e-06,0.0001979627475,0.01292405022,1.363140403,0.9333333333
Gate_total_past_exposure,2012-10,0.003761372496,0.003959961876,0.0001041070355,5.964801746e-06,0.0001926245782,0.01476351492,1.368267681,0.935483871
Gate_total_past_exposure,2012-11,-0.0009735688973,-0.0007785313162,0.0001041070355,3.093776421e-06,0.0001919438046,0.01249591765,1.366935579,0.9375
Gate_total_past_exposure,2012-12,0.02002414304,0.02022741152,0.0001041070355,9.887361073e-06,0.0001933811194,0.01801571888,1.394307292,0.9393939394
Gate_total_past_exposure,2013-01,0.02041726233,0.02061722819,0.0001041070355,6.524553404e-06,0.0001934413081,0.01972826293,1.42277523,0.9411764706
Gate_total_past_exposure,2013-02,0.01124191118,0.01144151477,0.0001041070355,7.50964341e-06,0.000192093951,0.02248281968,1.438769943,0.9428571429
Gate_total_past_exposure,2013-03,0.005105555024,0.005302442301,0.0001041070355,4.82487242e-06,0.0001920624047,0.02145517826,1.446115662,0.9444444444
Gate_total_past_exposure,2013-04,0.003477086219,0.003670577312,0.0001041070355,3.030023993e-06,0.0001904610692,0.005171929694,1.451143931,0.9189189189
Gate_total_past_exposure,2013-05,-0.00586692,-0.005673153074,0.0001041070355,1.052208931e-05,0.0001832448372,0.02360016562,1.442630185,0.8947368421
Gate_total_past_exposure,2013-06,-0.0146258306,-0.01443524621,0.0001041070355,7.164761406e-06,0.0001834196323,0.01589170192,1.421530521,0.8717948718
Gate_total_past_exposure,2013-07,-0.006159859698,-0.00597284295,0.0001041070355,7.715108427e-06,0.0001793016393,0.02875427451,1.412774092,0.85
Gate_total_past_exposure,2013-08,-0.004673831839,-0.004493698697,0.0001041070355,7.896031153e-06,0.0001722371104,0.03062448018,1.406171023,0.8292682927
Gate_total_past_exposure,2013-09,0.01179664066,0.01197786373,0.0001041070355,5.25990852e-06,0.0001759631626,0.007307164607,1.422759118,0.8333333333
Gate_total_past_exposure,2013-10,0.004702207603,0.004885760969,0.0001041070355,8.831249868e-06,0.0001747221161,0.01334054766,1.429449226,0.8372093023
Gate_total_past_exposure,2013-11,-0.003738303259,-0.003560284584,0.0001041070355,6.491933262e-06,0.0001715267418,0.01147504128,1.424105512,0.8409090909
Gate_total_past_exposure,2013-12,0.004555577682,0.004742953158,0.0001041070355,1.251638607e-05,0.0001748590896,0.02168051434,1.430593135,0.8444444444
Gate_total_past_exposure,2014-01,-0.009637452549,-0.009454058848,0.0001041070355,6.15595343e-06,0.0001772377474,0.01425401136,1.416805862,0.847826087
Gate_total_past_exposure,2014-02,0.007301127109,0.007591268817,0.0001041070355,0.000110551291,0.0001795904161,0.4358331102,1.427150141,0.8510638298
Gate_total_past_exposure,2014-03,0.01223312127,0.01241946658,0.0001041070355,9.832177382e-06,0.0001765131335,0.01343354517,1.444608642,0.8541666667
Gate_total_past_exposure,2014-04,0.002074923121,0.002260692732,0.0001041070355,6.174340814e-06,0.00017959527,0.01557574076,1.447606094,0.8571428571
Gate_total_past_exposure,2014-05,0.009220408396,0.009400824799,0.0001041070355,2.033262831e-06,0.0001783831406,0.002833445718,1.460953613,0.86
Gate_total_past_exposure,2014-06,0.006698859648,0.006882612194,0.0001041070355,3.392467256e-06,0.0001803600791,0.009211781378,1.470740336,0.862745098
Gate_total_past_exposure,2014-07,-0.0006399263619,-0.0004591940968,0.0001041070355,3.626278975e-06,0.0001771059861,0.006733399064,1.469799171,0.8653846154
Gate_total_past_exposure,2014-08,0.009591607233,0.009777098009,0.0001041070355,6.897042121e-06,0.0001785937343,0.0178498514,1.483896907,0.8679245283
Gate_total_past_exposure,2014-09,-0.001089341098,-0.0009144713338,0.0001041070355,2.487344449e-06,0.0001723824197,0.01194286053,1.482280437,0.8703703704
Gate_total_past_exposure,2014-10,0.005025612849,0.005227794339,0.0001041070355,2.25519759e-05,0.0001796295147,0.04541959599,1.489729805,0.8727272727
Gate_total_past_exposure,2014-11,0.00380332523,0.003982835716,0.0001041070355,2.435099793e-06,0.0001770753862,0.01205358987,1.495395732,0.875
Gate_total_past_exposure,2014-12,0.004788344361,0.005080885313,0.0001041070355,0.0001160008335,0.0001765401182,0.4389856007,1.502556202,0.8771929825
Gate_total_past_exposure,2015-01,0.01197197306,0.01215662358,0.0001041070355,1.378514911e-05,0.0001708653721,0.03107380995,1.520544764,0.8793103448
Gate_total_past_exposure,2015-02,-0.009209417289,-0.009011785827,0.0001041070355,1.515034851e-05,0.0001824811135,0.05906239855,1.506541433,0.8813559322
Gate_total_past_exposure,2015-03,-0.01022808859,-0.01003551583,0.0001041070355,1.56692589e-05,0.0001769035057,0.02039691985,1.491132394,0.8833333333
Gate_total_past_exposure,2015-04,0.01984704347,0.02006332807,0.0001041070355,2.441290333e-05,0.0001918716932,0.03768585075,1.520726963,0.8852459016
Gate_total_past_exposure,2015-05,-0.008489759971,-0.008286718142,0.0001041070355,2.227800084e-05,0.0001807638287,0.03536559564,1.507816356,0.8870967742
Gate_total_past_exposure,2015-06,-0.004534370695,-0.004331971391,0.0001041070355,1.236728372e-05,0.0001900320207,0.02242008062,1.500979358,0.8888888889
Gate_total_past_exposure,2015-07,-0.01257237247,-0.01238290814,0.0001041070355,9.97445223e-06,0.000179489878,0.02105519421,1.482108486,0.890625
Gate_total_past_exposure,2015-08,-0.0258323546,-0.02562462047,0.0001041070355,1.804305021e-05,0.0001896910713,0.03259615119,1.443822134,0.8923076923
Gate_total_past_exposure,2015-09,-0.02304228579,-0.02284166065,0.0001041070355,1.364876128e-05,0.0001869763792,0.03054465154,1.410553172,0.8939393939
Gate_total_past_exposure,2015-10,0.02077897131,0.02098020885,0.0001041070355,1.75558088e-05,0.0001836817253,0.02773771758,1.439863016,0.8955223881
Gate_total_past_exposure,2015-11,0.01475178547,0.01494177952,0.0001041070355,8.786518265e-06,0.0001812075325,0.02200696256,1.461103566,0.8970588235
Gate_total_past_exposure,2015-12,-0.02569453848,-0.02549479245,0.0001041070355,6.914419523e-06,0.0001928316129,0.0281164019,1.423561184,0.8985507246
Gate_total_past_exposure,2016-01,-0.003008509624,-0.002813689266,0.0003119641739,8.349355089e-06,0.000186471003,0.02932210568,1.419278387,0.9
Gate_total_past_exposure,2016-02,0.0159922169,0.0161838373,0.0003119641739,4.112099192e-06,0.0001875083004,0.008933739481,1.441975795,0.9014084507
Gate_total_past_exposure,2016-03,0.01386006179,0.01406333134,0.0003119641739,5.576109407e-06,0.0001976934382,0.01562204204,1.461961668,0.9027777778
Gate_total_past_exposure,2016-04,0.01693233572,0.01714912317,0.0003119641739,2.755322366e-05,0.0001892342345,0.04509688047,1.486716094,0.904109589
Gate_total_past_exposure,2016-05,0.001409225193,0.001601584273,0.0003119641739,9.064214979e-06,0.0001832948648,0.01655681348,1.488811212,0.9054054054
Gate_total_past_exposure,2016-06,0.03349120557,0.03368715185,0.0003119641739,9.266712178e-06,0.0001866795666,0.02713153674,1.538673294,0.9066666667
Gate_total_past_exposure,2016-07,-0.001375492591,-0.001162935392,0.0003119641739,2.464094225e-05,0.0001879162563,0.04502816804,1.536556861,0.9078947368
Gate_total_past_exposure,2016-08,0.005587164839,0.005780022606,0.0003119641739,2.627626122e-06,0.000190230141,0.007992379872,1.545141857,0.9090909091
Gate_total_past_exposure,2016-09,0.002524438265,0.00271811569,0.0003119641739,4.585157988e-06,0.0001890922673,0.005721081811,1.549042472,0.9102564103
Gate_total_past_exposure,2016-10,0.017698994,0.01788523679,0.0003119641739,2.329966155e-06,0.0001839128271,0.006058948698,1.576458966,0.9113924051
Gate_total_past_exposure,2016-11,-0.0009413505894,-0.0007453745425,0.0003119641739,1.022020899e-05,0.0001857558379,0.03344085345,1.574974965,0.9125
Gate_total_past_exposure,2016-12,0.01090160723,0.01110692256,0.0003119641739,1.468079714e-05,0.000190634539,0.02307790829,1.592144724,0.9135802469
Gate_total_past_exposure,2017-01,0.008192306936,0.0083992469,0.0005193472934,1.147349641e-05,0.0001954664677,0.01851800519,1.605188062,0.9146341463
Gate_total_past_exposure,2017-02,0.01184536619,0.01204543629,0.0005193472934,1.325877642e-05,0.000186811326,0.02241845849,1.624202102,0.9156626506
Gate_total_past_exposure,2017-03,-0.009421939971,-0.009222923233,0.0005193472934,5.993774973e-06,0.0001930229629,0.02141840615,1.608898968,0.9166666667
Gate_total_past_exposure,2017-04,-0.01097563012,-0.01077822238,0.0007262586484,2.968034198e-06,0.0001944397084,0.009834934691,1.591240288,0.9176470588
Gate_total_past_exposure,2017-05,-0.008650391028,-0.008448201247,0.0007262586484,6.967224109e-06,0.0001952225567,0.0185431893,1.577475437,0.9186046512
Gate_total_past_exposure,2017-06,-0.001813325093,-0.001611747375,0.0007262586484,5.573795569e-06,0.0001960039222,0.01921707931,1.574614961,0.9195402299
Gate_total_past_exposure,2017-07,0.00852969009,0.008733279579,0.0009327004774,5.528263528e-06,0.0001980612255,0.02099346703,1.588045939,0.9204545455
Gate_total_past_exposure,2017-08,-0.008116913106,-0.007907230108,0.0009327004774,1.551388979e-05,0.0001941691083,0.02868519634,1.575155908,0.9213483146
Gate_total_past_exposure,2017-09,0.009797323956,0.009991285245,0.0009327004774,3.802322776e-06,0.0001901589663,0.01144492664,1.59058822,0.9222222222
Gate_total_past_exposure,2017-10,-0.002596352527,-0.002402196861,0.0009327004774,5.484522619e-06,0.0001886711435,0.01397783863,1.586458493,0.9230769231
Gate_total_past_exposure,2017-11,-0.00100783777,-0.0008060398178,0.0009327004774,7.597251372e-06,0.0001942007006,0.0196187237,1.5848596,0.9239130435
Gate_total_past_exposure,2017-12,-0.00204723632,-0.001848627616,0.0009327004774,2.852487967e-06,0.0001957562156,0.00654305249,1.581615018,0.9247311828
Gate_total_past_exposure,2018-01,-0.001012303797,-0.0008060004051,0.001138675003,5.210863487e-06,0.0002010925286,0.01647030894,1.580013943,0.9255319149
Gate_total_past_exposure,2018-02,0.003940894566,0.00414570673,0.001138675003,1.866725659e-05,0.0001861449079,0.03759655665,1.586240611,0.9263157895
Gate_total_past_exposure,2018-03,-0.004833204463,-0.004627406162,0.001138675003,1.278253715e-05,0.000193015763,0.03443372696,1.578573986,0.9270833333
Gate_total_past_exposure,2018-04,0.007161089667,0.007353261618,0.00134418443,4.609924449e-06,0.0001875620273,0.008802891205,1.589878296,0.9278350515
Gate_total_past_exposure,2018-05,-0.003564801372,-0.003359971817,0.00134418443,1.535558492e-05,0.0001894739696,0.02904414469,1.584210696,0.9285714286
Gate_total_past_exposure,2018-06,-0.005688218136,-0.005480612974,0.00134418443,1.638538973e-05,0.000191219773,0.02387844543,1.57519936,0.9292929293
Gate_total_past_exposure,2018-07,0.006410677486,0.006614867043,0.001549230951,7.279674538e-06,0.0001969098818,0.01461611615,1.585297455,0.93
Gate_total_past_exposure,2018-08,-0.01026532329,-0.01006759436,0.001549230951,8.532922175e-06,0.0001891960027,0.01350635957,1.569023864,0.9306930693
Gate_total_past_exposure,2018-09,0.00826344809,0.008483271554,0.001549230951,2.412392592e-05,0.0001956995381,0.03174195076,1.581989411,0.931372549
Gate_total_past_exposure,2018-10,0.03349957523,0.03369838919,0.00175381674,9.811018403e-06,0.0001890029446,0.01607225303,1.634985384,0.932038835
Gate_total_past_exposure,2018-11,-0.01280240209,-0.01258505722,0.00175381674,2.155528562e-05,0.0001957895843,0.04966335492,1.614053644,0.9326923077
Gate_total_past_exposure,2018-12,-0.008736618157,-0.008532253935,0.00175381674,7.743682635e-06,0.0001966205391,0.01452482664,1.599952274,0.9333333333
Gate_total_past_exposure,2019-01,0.02731525396,0.02751415147,0.001957943956,4.788654827e-06,0.0001941088508,0.01403518072,1.643655376,0.9339622642
Gate_total_past_exposure,2019-02,0.003400843094,0.003606042447,0.001957943956,1.274349919e-05,0.0001924558537,0.02487669429,1.64924519,0.9345794393
Gate_total_past_exposure,2019-03,-0.004045720077,-0.003846295587,0.001957943956,6.886644297e-06,0.0001925378458,0.01313563001,1.642572806,0.9351851852
Gate_total_past_exposure,2019-04,0.006504201906,0.00670593121,0.001957943956,9.239056106e-06,0.0001924902475,0.01392327575,1.653256431,0.9357798165
Gate_total_past_exposure,2019-05,0.000749746514,0.0009485407053,0.001957943956,4.920078322e-06,0.0001938741129,0.01391354615,1.654495954,0.9363636364
Gate_total_past_exposure,2019-06,0.01059536266,0.01079925186,0.001957943956,3.971633521e-06,0.0001999175637,0.00829928455,1.672025939,0.9369369369
Gate_total_past_exposure,2019-07,0.01650867114,0.01671051716,0.001957943956,1.137185734e-05,0.0001904741603,0.02053480089,1.699628865,0.9375
Gate_total_past_exposure,2019-08,-0.01155874259,-0.01136075955,0.001957943956,6.131948444e-06,0.0001918510917,0.02435674617,1.679983293,0.9380530973
Gate_total_past_exposure,2019-09,0.006783353335,0.006996454407,0.00175381674,1.886872999e-05,0.0001942323419,0.02196038629,1.691379213,0.9385964912
Gate_total_past_exposure,2019-10,0.004274799299,0.004477062676,0.001549230951,2.353053034e-06,0.0001999103245,0.008140300089,1.69860952,0.9391304348
Gate_total_past_exposure,2019-11,-0.01174084667,-0.01153393693,0.00134418443,1.186960824e-05,0.0001950401334,0.01844583517,1.678666406,0.9396551724
Gate_total_past_exposure,2019-12,0.008621735214,0.008834126354,0.00134418443,1.152228562e-05,0.0002008688543,0.01579641028,1.693139423,0.9401709402
Gate_total_past_exposure,2020-01,-0.002855301111,-0.002650799196,0.00134418443,1.37789665e-05,0.0001907229486,0.02237763925,1.688305,0.9406779661
Gate_total_past_exposure,2020-02,-0.009585502325,-0.00937458259,0.00134418443,1.614453051e-05,0.0001947752049,0.02737981049,1.672121749,0.9411764706
Gate_total_past_exposure,2020-03,-0.0437226531,-0.04339967776,0.00134418443,0.0001267913136,0.0001961840269,0.4816558395,1.59901215,0.9416666667
Gate_total_past_exposure,2020-04,-0.003243390236,-0.003018573223,0.0001041070355,2.742163844e-05,0.000197395374,0.0467896289,1.593825929,0.9421487603
Gate_total_past_exposure,2020-05,9.375810899e-05,0.0003013092993,0.0001041070355,9.359168669e-06,0.0001981920217,0.02023348611,1.593975363,0.9426229508
Gate_total_past_exposure,2020-06,-0.003030860769,-0.002830760544,0.0001041070355,3.650989255e-06,0.0001964492361,0.01098418613,1.589144246,0.9430894309
Gate_total_past_exposure,2020-07,-0.001569207156,-0.001360292401,0.0001041070355,3.98522837e-06,0.0002049295268,0.007105387491,1.586650549,0.9435483871
Gate_total_past_exposure,2020-08,-0.003881870832,-0.003666250684,0.0001041070355,1.911889329e-05,0.0001965012542,0.03950472719,1.580491377,0.944
Gate_total_past_exposure,2020-09,-0.01122980272,-0.01102259437,0.0001041070355,1.215985347e-05,0.0001950485027,0.02114098994,1.562742771,0.9444444444
Gate_total_past_exposure,2020-10,-0.004974695786,-0.004767987016,0.0001041070355,8.901308405e-06,0.0001978074613,0.0155839477,1.554968601,0.9448818898
Gate_total_past_exposure,2020-11,0.02139572649,0.02160017195,0.0001041070355,4.72153595e-06,0.0001997239212,0.01039676779,1.588238284,0.9453125
Gate_total_past_exposure,2020-12,0.001064187987,0.001281974538,0.0001041070355,1.73283892e-05,0.0002004581614,0.02189015092,1.589928468,0.9457364341
Gate_total_past_exposure,2021-01,-0.006796124605,-0.006594442851,0.0001041070355,7.164551461e-06,0.0001945172022,0.01598427757,1.579123116,0.9461538462
Gate_total_past_exposure,2021-02,0.006347161855,0.006554316698,0.0001041070355,1.155812431e-05,0.0001955967182,0.01476728346,1.589146066,0.9465648855
Gate_total_past_exposure,2021-03,0.008244095422,0.008437541696,0.0001041070355,3.399612712e-06,0.000190046661,0.009939039424,1.602247137,0.946969697
Gate_total_past_exposure,2021-04,0.01356283969,0.01378133433,0.0001041070355,1.64380338e-05,0.0002020565983,0.03453609693,1.623978159,0.9473684211
Gate_total_past_exposure,2021-05,0.008941487431,0.009155665342,0.0001041070355,1.639989182e-05,0.000197778019,0.02240794292,1.638498939,0.947761194
Gate_total_past_exposure,2021-06,0.01554419596,0.01574281631,0.0001041070355,4.494284562e-06,0.0001941260584,0.009006430185,1.663968087,0.9481481481
Gate_total_past_exposure,2021-07,-0.008659166425,-0.008446131868,0.0001041070355,1.451924739e-05,0.0001985153092,0.03472571923,1.649559511,0.9485294118
Gate_total_past_exposure,2021-08,-0.004170855372,-0.003968723642,0.0001041070355,5.057760875e-06,0.0001970739694,0.01072732891,1.642679437,0.9489051095
Gate_total_past_exposure,2021-09,-0.001785912698,-0.00158963449,0.0001041070355,2.564989086e-06,0.000193713219,0.004769902651,1.639745755,0.9492753623
Gate_total_past_exposure,2021-10,0.001467083789,0.001674603374,0.0001041070355,1.076319435e-05,0.0001967563903,0.02005833989,1.642151399,0.9496402878
Gate_total_past_exposure,2021-11,-0.001572787982,-0.001364817438,0.0001041070355,1.151743533e-05,0.0001964531089,0.02132618505,1.639568643,0.95
Gate_total_past_exposure,2021-12,0.01005035113,0.01025224802,0.0001041070355,6.200894203e-06,0.0001956959997,0.01874465079,1.656046884,0.9503546099
Gate_total_past_exposure,2022-01,0.01359440507,0.01379373547,0.0001041070355,3.035696008e-06,0.0001962947008,0.01231103226,1.678559856,0.9507042254
Gate_total_past_exposure,2022-02,0.01141219605,0.01162051074,0.0001041070355,9.815683149e-06,0.0001984990018,0.02180303849,1.69771591,0.951048951
Gate_total_past_exposure,2022-03,0.04014845702,0.04035102684,0.0001041070355,1.035707022e-05,0.0001922127504,0.01603735056,1.765876584,0.9513888889
Gate_total_past_exposure,2022-04,0.01342705825,0.01372612382,0.0003119641739,0.0001120738864,0.0001869916757,0.5145555069,1.789587112,0.9517241379
Gate_total_past_exposure,2022-05,0.002799877801,0.003017425159,0.0003119641739,1.620380939e-05,0.000201343548,0.0533437554,1.794597737,0.9520547945
Gate_total_past_exposure,2022-06,-0.001624863018,-0.001330546786,0.0007262586484,0.0001047819771,0.0001895342541,0.4900481549,1.791681762,0.9523809524
Gate_total_past_exposure,2022-07,0.007662846072,0.00788506193,0.00134418443,2.369076116e-05,0.0001985250963,0.04372064341,1.805411143,0.9527027027
Gate_total_past_exposure,2022-08,0.0141196593,0.01431737572,0.001957943956,4.639489169e-06,0.0001930769336,0.01178934411,1.830902933,0.9530201342
Gate_total_past_exposure,2022-09,-0.001432186789,-0.001234542607,0.001957943956,5.610108209e-06,0.0001920340742,0.02753948122,1.828280738,0.9533333333
Gate_total_past_exposure,2022-10,0.01275745697,0.01296842356,0.002567595531,1.328767386e-05,0.000197678916,0.03376950566,1.851604951,0.9536423841
Gate_total_past_exposure,2022-11,-0.0189380429,-0.01872245196,0.002567595531,5.341562565e-06,0.0002102493812,0.01467423855,1.816539177,0.9539473684
Gate_total_past_exposure,2022-12,-0.01320279035,-0.0129791679,0.003173196228,1.663470552e-05,0.0002069877429,0.05301886237,1.792555791,0.954248366
Gate_total_past_exposure,2023-01,0.009781237745,0.009995410156,0.003574707178,1.263110759e-05,0.0002015413027,0.03650372978,1.810089206,0.9545454545
Gate_total_past_exposure,2023-02,0.01574476326,0.01594584181,0.003574707178,8.74195007e-06,0.0001923365995,0.01033143549,1.838588632,0.9548387097
Gate_total_past_exposure,2023-03,0.001038445085,0.001253595582,0.003774801921,1.108696921e-05,0.000204063527,0.03328794066,1.840497905,0.9551282051
Gate_total_past_exposure,2023-04,0.0112931143,0.01150226068,0.003974458863,1.120306233e-05,0.0001979433104,0.0215581013,1.861282858,0.9554140127
Gate_total_past_exposure,2023-05,0.01514725329,0.0153467452,0.003974458863,5.64891161e-06,0.0001938430041,0.01466462514,1.889476181,0.9556962025
Gate_total_past_exposure,2023-06,0.02907778866,0.02928465659,0.004173680002,9.470013388e-06,0.00019739791,0.02710773334,1.94441797,0.9559748428
Gate_total_past_exposure,2023-07,0.007215165493,0.007427612983,0.004173680002,1.007302522e-05,0.0002023744649,0.02440143676,1.958447268,0.95625
Gate_total_past_exposure,2023-08,0.004942511411,0.00524227689,0.004372467323,0.000104383079,0.0001953823997,0.4907601104,1.968126916,0.9565217391
Gate_total_past_exposure,2023-09,0.01437839467,0.0146768947,0.004372467323,0.0001039546669,0.0001945453643,0.4927648405,1.996425421,0.9567901235
Gate_total_past_exposure,2023-10,0.004462119176,0.004766659993,0.004372467323,0.0001060551647,0.0001984856523,0.502549257,2.005333709,0.9570552147
Gate_total_past_exposure,2023-11,0.009999890992,0.01020705592,0.004372467323,2.430795774e-06,0.0002047341316,0.007318060891,2.025386828,0.9573170732
Gate_total_past_exposure,2023-12,-0.0006107330752,-0.0003966711464,0.004372467323,9.260467998e-06,0.0002048014607,0.0227840483,2.024149857,0.9575757576
Gate_total_past_exposure,2024-01,0.01573504115,0.01593827079,0.004372467323,9.885879303e-06,0.0001933437634,0.02262068267,2.055999938,0.9578313253
Gate_total_past_exposure,2024-02,0.00809456753,0.008304223551,0.004372467323,1.169316279e-05,0.0001979628581,0.03152468818,2.072642369,0.9580838323
Gate_total_past_exposure,2024-03,0.008397944213,0.008599914255,0.004372467323,3.155043085e-06,0.000198814999,0.01029150285,2.090048304,0.9583333333
Gate_total_past_exposure,2024-04,0.009415533164,0.009612115228,0.004372467323,1.431440453e-06,0.0001951506233,0.006471680781,2.109727223,0.9585798817
Gate_total_past_exposure,2024-05,0.003523553779,0.00373424694,0.004372467323,9.775183866e-06,0.0002009179769,0.02407799122,2.11716096,0.9588235294
Gate_total_past_exposure,2024-06,0.0002553051468,0.0004553619628,0.004372467323,3.772194815e-06,0.0001962846212,0.009698108228,2.117701482,0.9590643275
Gate_total_past_exposure,2024-07,-0.009171015503,-0.008833349473,0.004372467323,0.0001320163103,0.0002056497201,0.4941782764,2.098280009,0.9593023256
Gate_total_past_exposure,2024-08,-0.0003630277402,-3.124177145e-05,0.004372467323,0.0001261038215,0.0002056821473,0.5065769452,2.097518275,0.9595375723
Gate_total_past_exposure,2024-09,0.01265370953,0.0128636653,0.004372467323,7.172448637e-06,0.0002027833255,0.02499999578,2.124059662,0.9597701149
Gate_total_past_exposure,2024-10,0.01304172316,0.01335807643,0.003974458863,0.0001285141235,0.0001878391533,0.4911439103,2.15176106,0.96
Gate_total_past_exposure,2024-11,-0.01010041382,-0.009764887067,0.003974458863,0.0001366743373,0.0001988524152,0.5082945996,2.130027383,0.9602272727
Gate_total_past_exposure,2024-12,0.01354127404,0.01374711716,0.003774801921,1.169400357e-05,0.0001941491246,0.02209883744,2.158870668,0.9604519774
Gate_total_past_exposure,2025-01,0.01544393689,0.01577252964,0.003574707178,0.0001272189223,0.0002013738339,0.497333158,2.19221213,0.9606741573
Gate_total_past_exposure,2025-02,-0.003357019053,-0.003136541216,0.003574707178,1.480741305e-05,0.0002056704247,0.02133246692,2.184852832,0.9608938547
Gate_total_past_exposure,2025-03,-0.004355294281,-0.004138622188,0.003574707178,8.407045781e-06,0.0002082650476,0.02391492083,2.175337155,0.9611111111
Gate_total_past_exposure,2025-04,0.0008111001222,0.001033488034,0.003574707178,1.365326974e-05,0.0002087346423,0.0361248806,2.177101571,0.9613259669
Gate_total_past_exposure,2025-05,0.005523971956,0.005740739638,0.003574707178,1.631759659e-05,0.0002004500857,0.03816211435,2.189127819,0.9615384615
Gate_total_past_exposure,2025-06,0.01145781392,0.01178386638,0.003574707178,0.000122756826,0.0002032956308,0.4871319827,2.214210439,0.9617486339
Gate_total_past_exposure,2025-07,0.008917921551,0.009122694215,0.003574707178,1.039122579e-05,0.0001943814379,0.01945182082,2.233956594,0.9619565217
Gate_total_past_exposure,2025-08,0.008858990189,0.009071808201,0.003574707178,8.773713914e-06,0.0002040442988,0.03092838093,2.253747193,0.9621621622
Gate_total_past_exposure,2025-09,0.01073300477,0.01094280353,0.003574707178,9.06379418e-06,0.0002007349672,0.01489043032,2.277936673,0.9623655914
Gate_total_past_exposure,2025-10,0.01085813126,0.01105935119,0.003374172623,6.305168059e-06,0.0001949147646,0.01117599342,2.302670808,0.9625668449
Gate_total_past_exposure,2025-11,0.01274912224,0.01295643863,0.003173196228,7.88284164e-06,0.0001994335448,0.02866702514,2.33202784,0.9627659574
Gate_total_past_exposure,2025-12,-0.001919276623,-0.001593302462,0.003173196228,0.0001227201463,0.0002032540147,0.4868789493,2.327552033,0.962962963
Gate_total_past_exposure,2026-01,0.008477332451,0.008690617588,0.002971775953,6.552233415e-06,0.0002067329043,0.01702573207,2.347283465,0.9631578947
Gate_total_past_exposure,2026-02,0.01239596335,0.01260950931,0.002971775953,1.639914472e-05,0.000197146814,0.02731057971,2.376380305,0.9633507853
Gate_total_past_exposure,2026-03,0.01610536112,0.01630669373,0.002971775953,7.910413497e-06,0.0001934221968,0.02406370441,2.414652768,0.9635416667
Gate_total_past_exposure,2026-04,0.0117470099,0.01196440538,0.002971775953,1.21321333e-05,0.0002052633463,0.03596503087,2.443017718,0.9637305699
Gate_total_past_exposure,2026-05,0.004611389472,0.004824411623,0.002971775953,1.36336546e-05,0.0001993884963,0.01979513251,2.454283424,0.9639175258
Gate_total_past_exposure,2026-06,0.01252697533,0.01272380355,0.002971775953,2.937462026e-06,0.0001938907532,0.008606031396,2.485028172,0.9641025641
Gate_total_past_exposure,2026-07,0.007448556003,0.007666207938,0.002971775953,1.358153934e-05,0.0002040703955,0.03455670623,2.503538044,0.9642857143
Gate_total_past_exposure,2026-08,0.001649595449,0.002266940487,0.002971775953,0.0004162608757,0.0002010841628,0.9791738234,2.507667869,0.9644670051
Gate_total_expost_exposure,2010-03,0.01833404185,0.01891576305,0.0001041070355,0.000386,0.0001957212007,0.965,1.37659052,0.965
Gate_total_expost_exposure,2010-04,0.01804806948,0.01825438616,0.0001041070355,7.626404978e-06,0.0001986902732,0.02860723715,1.401435321,0.965
Gate_total_expost_exposure,2010-05,-0.01260746033,-0.01240197516,0.0001041070355,8.781486696e-06,0.0001967036878,0.02145999711,1.383766781,0.965
Gate_total_expost_exposure,2010-06,0.005318455921,0.005537061703,0.0001041070355,1.462369194e-05,0.000203982091,0.04340458998,1.391126284,0.965
Gate_total_expost_exposure,2010-07,-0.004116263533,-0.003900632441,0.0001041070355,5.816553021e-06,0.0002098145388,0.01833176917,1.385400041,0.965
Gate_total_expost_exposure,2010-08,-0.004791024455,-0.004478487975,0.0001041070355,0.0001117936345,0.0002007428456,0.5248979323,1.378762556,0.965
Gate_total_expost_exposure,2010-09,-0.003128966771,-0.002912426157,0.0001041070355,6.442261682e-06,0.0002100983522,0.02082649715,1.374448454,0.965
Gate_total_expost_exposure,2010-10,-0.007762185309,-0.007538231478,0.0001041070355,1.81822326e-05,0.0002057715976,0.04375870719,1.36377973,0.965
Gate_total_expost_exposure,2010-11,0.02327409559,0.02347222678,0.0001041070355,7.069460529e-06,0.0001910617223,0.02287822058,1.39552047,0.965
Gate_total_expost_exposure,2010-12,0.009134807333,0.009473726147,0.0001041070355,0.0001319142571,0.000207004557,0.5165398406,1.408268281,0.965
Gate_total_expost_exposure,2011-01,0.004853125544,0.005069504546,0.0001041070355,1.388831534e-05,0.0002024906869,0.02905154617,1.415102783,0.965
Gate_total_expost_exposure,2011-02,0.007652730513,0.007860795704,0.0001041070355,5.629103324e-06,0.0002024360874,0.01780441467,1.425932184,0.965
Gate_total_expost_exposure,2011-03,0.004911249865,0.005118646315,0.0001041070355,4.752267015e-06,0.0002026441827,0.009099563647,1.432935293,0.965
Gate_total_expost_exposure,2011-04,0.005011488733,0.0052271879,0.0001041070355,8.08331396e-06,0.0002076158531,0.01568084066,1.440116432,0.965
Gate_total_expost_exposure,2011-05,0.00332404619,0.00353518042,0.0001041070355,1.365490601e-05,0.0001974793239,0.0318140804,1.444903445,0.965
Gate_total_expost_exposure,2011-06,-0.005317945865,-0.005109815289,0.0001041070355,5.295792634e-06,0.000202834783,0.01862635823,1.437219527,0.965
Gate_total_expost_exposure,2011-07,-0.005174990317,-0.004962292125,0.0001041070355,9.265145916e-06,0.0002034330464,0.01815675161,1.42978193,0.965
Gate_total_expost_exposure,2011-08,-0.007599507006,-0.007390814002,0.0001041070355,4.935915568e-06,0.0002037570893,0.01545994899,1.418916292,0.965
Gate_total_expost_exposure,2011-09,-0.03715850002,-0.0368629421,0.0001041070355,9.951981051e-05,0.0001960381119,0.4959176387,1.366191491,0.965
Gate_total_expost_exposure,2011-10,0.03891596065,0.03914623062,0.0001041070355,2.776555436e-05,0.0002025044164,0.04217592326,1.419358145,0.965
Gate_total_expost_exposure,2011-11,-0.02414180764,-0.02392105331,0.0001041070355,2.130136409e-05,0.0001994529613,0.03757967445,1.385092274,0.965
Gate_total_expost_exposure,2011-12,-0.004364896347,-0.004152116923,0.0001041070355,1.285965148e-05,0.0001999197724,0.02461952007,1.37904649,0.965
Gate_total_expost_exposure,2012-01,0.01741163694,0.01771633413,0.0001041070355,0.0001004105747,0.0002042866117,0.4867748834,1.403057947,0.965
Gate_total_expost_exposure,2012-02,0.02155097473,0.02176546336,0.0001041070355,1.630083074e-05,0.0001981878011,0.01784017624,1.433295213,0.965
Gate_total_expost_exposure,2012-03,-0.009691977972,-0.009487700304,0.0001041070355,6.031973521e-06,0.0001982456949,0.02120438124,1.419403747,0.965
Gate_total_expost_exposure,2012-04,-0.01410660286,-0.01389170495,0.0001041070355,1.250795468e-05,0.0002023899563,0.0154895993,1.399380782,0.965
Gate_total_expost_exposure,2012-05,-0.01880766644,-0.01860564013,0.0001041070355,5.410958099e-06,0.0001966153438,0.01419607032,1.373061695,0.965
Gate_total_expost_exposure,2012-06,0.005332983614,0.005550838349,0.0001041070355,1.629891046e-05,0.0002015558246,0.03990474329,1.380384211,0.965
Gate_total_expost_exposure,2012-07,0.009677723755,0.009885867285,0.0001041070355,7.800769562e-06,0.0002003427608,0.0184207835,1.393743188,0.965
Gate_total_expost_exposure,2012-08,0.003155480434,0.00336217873,0.0001041070355,3.360412392e-06,0.0002033378837,0.01390406766,1.398141117,0.965
Gate_total_expost_exposure,2012-09,-0.002236366139,-0.00202762473,0.0001041070355,4.062068315e-06,0.0002046793408,0.01453349625,1.395014362,0.965
Gate_total_expost_exposure,2012-10,0.003875773942,0.004081620744,0.0001041070355,7.144587061e-06,0.0001987022158,0.01756426223,1.400421122,0.965
Gate_total_expost_exposure,2012-11,-0.001004953724,-0.0008044220412,0.0001041070355,2.957526898e-06,0.0001975741562,0.0119059383,1.399013764,0.965
Gate_total_expost_exposure,2012-12,0.02056790026,0.02077593385,0.0001041070355,9.381281622e-06,0.0001986523144,0.01678997748,1.427788539,0.965
Gate_total_expost_exposure,2013-01,0.02093113385,0.02113646657,0.0001041070355,6.994927545e-06,0.0001983377912,0.02025521948,1.457673772,0.965
Gate_total_expost_exposure,2013-02,0.01150312838,0.01170777207,0.0001041070355,8.038441986e-06,0.0001966052483,0.02346090138,1.474441581,0.965
Gate_total_expost_exposure,2013-03,0.005214299923,0.00541558254,0.0001041070355,5.040029922e-06,0.0001962425865,0.0212659032,1.482129762,0.965
Gate_total_expost_exposure,2013-04,0.003641039841,0.003849425307,0.0001041070355,8.373334535e-06,0.0002000121316,0.02260544653,1.487526255,0.965
Gate_total_expost_exposure,2013-05,-0.006327834039,-0.006126837912,0.0001041070355,3.361181008e-06,0.0001976349465,0.01406021298,1.478113436,0.965
Gate_total_expost_exposure,2013-06,-0.01620482139,-0.01598967412,0.0001041070355,1.211791973e-05,0.0002030293489,0.01717487825,1.454160872,0.965
Gate_total_expost_exposure,2013-07,-0.007004823509,-0.006795018536,0.0001041070355,6.244875999e-06,0.0002035600964,0.01656718925,1.443974731,0.965
Gate_total_expost_exposure,2013-08,-0.005455585288,-0.005246251312,0.0001041070355,8.90570282e-06,0.0002004282727,0.02165823817,1.436097004,0.965
Gate_total_expost_exposure,2013-09,0.01364588818,0.01385391729,0.0001041070355,4.263768529e-06,0.0002037653423,0.005379707802,1.455693823,0.965
Gate_total_expost_exposure,2013-10,0.00540314398,0.005615627313,0.0001041070355,1.109182757e-05,0.0002013915058,0.01678001267,1.463559147,0.965
Gate_total_expost_exposure,2013-11,-0.004305974142,-0.004101029942,0.0001041070355,8.105674174e-06,0.0001968385259,0.01321735766,1.457257099,0.965
Gate_total_expost_exposure,2013-12,0.005192770271,0.00540520948,0.0001041070355,1.261668275e-05,0.0001998225255,0.02130524938,1.4648243,0.965
Gate_total_expost_exposure,2014-01,-0.01098324085,-0.01077504639,0.0001041070355,6.461543237e-06,0.000201732913,0.01627863345,1.448735782,0.965
Gate_total_expost_exposure,2014-02,0.008265479251,0.0085936126,0.0001041070355,0.0001245002661,0.000203633083,0.4942408277,1.460710278,0.965
Gate_total_expost_exposure,2014-03,0.01380638661,0.01401745957,0.0001041070355,1.165617585e-05,0.0001994167889,0.01521739248,1.480877408,0.965
Gate_total_expost_exposure,2014-04,0.00232271812,0.002532063098,0.0001041070355,7.150636908e-06,0.0002021943415,0.01663966778,1.484317069,0.965
Gate_total_expost_exposure,2014-05,0.01033233575,0.01053588918,0.0001041070355,3.390947754e-06,0.0002001624775,0.005723888614,1.499653531,0.965
Gate_total_expost_exposure,2014-06,0.007480076825,0.007686019113,0.0001041070355,4.205440149e-06,0.0002017368476,0.01032509974,1.510871055,0.965
Gate_total_expost_exposure,2014-07,-0.0007260224579,-0.000524036316,0.0001041070355,4.493288985e-06,0.000197492853,0.007525619863,1.509774129,0.965
Gate_total_expost_exposure,2014-08,0.0106539066,0.01085900102,0.0001041070355,6.525362051e-06,0.0001985690552,0.01699061034,1.525859121,0.965
Gate_total_expost_exposure,2014-09,-0.00121927193,-0.001025214642,0.0001041070355,2.932864979e-06,0.0001911244232,0.01241356967,1.523998684,0.965
Gate_total_expost_exposure,2014-10,0.00554698439,0.005769517528,0.0001041070355,2.391154461e-05,0.0001986215936,0.04762529104,1.532452281,0.965
Gate_total_expost_exposure,2014-11,0.004183676874,0.004381790666,0.0001041070355,2.824937484e-06,0.0001952888544,0.01224804624,1.538863566,0.965
Gate_total_expost_exposure,2014-12,0.005257837294,0.005579060819,0.0001041070355,0.0001270117402,0.000194211784,0.4819029095,1.54695466,0.965
Gate_total_expost_exposure,2015-01,0.01312927675,0.01333115313,0.0001041070355,1.436000902e-05,0.0001875163701,0.03229080154,1.567265056,0.965
Gate_total_expost_exposure,2015-02,-0.01009284165,-0.009876919121,0.0001041070355,1.612325406e-05,0.000199799273,0.06360400296,1.551446898,0.965
Gate_total_expost_exposure,2015-03,-0.01118315592,-0.01097295266,0.0001041070355,1.694452823e-05,0.0001932587355,0.02386669272,1.534096826,0.965
Gate_total_expost_exposure,2015-04,0.02162693739,0.02186150604,0.0001041070355,2.541072935e-05,0.0002091579115,0.03818630702,1.567274642,0.965
Gate_total_expost_exposure,2015-05,-0.009244607575,-0.009023585153,0.0001041070355,2.438424348e-05,0.0001966381795,0.03881747807,1.552785803,0.965
Gate_total_expost_exposure,2015-06,-0.004930436087,-0.004711810606,0.0001041070355,1.232196893e-05,0.0002063035125,0.02172134802,1.545129892,0.965
Gate_total_expost_exposure,2015-07,-0.01363195971,-0.01342568345,0.0001041070355,1.179741014e-05,0.0001944788573,0.02513675603,1.524066743,0.965
Gate_total_expost_exposure,2015-08,-0.02794412346,-0.02772062457,0.0001041070355,1.835453771e-05,0.0002051443526,0.03249435222,1.481478034,0.965
Gate_total_expost_exposure,2015-09,-0.024881997,-0.02466565472,0.0001041070355,1.450286417e-05,0.0002018394168,0.03503720217,1.444615902,0.965
Gate_total_expost_exposure,2015-10,0.0223831919,0.02259984641,0.0001041070355,1.872215086e-05,0.0001979323658,0.03176545985,1.476951017,0.965
Gate_total_expost_exposure,2015-11,0.01586115524,0.01606555078,0.0001041070355,9.463763492e-06,0.0001949317752,0.02360769657,1.500377166,0.965
Gate_total_expost_exposure,2015-12,-0.02760243536,-0.02738787236,0.0001041070355,7.471177625e-06,0.0002070918217,0.02993818631,1.458963102,0.965
Gate_total_expost_exposure,2016-01,-0.003249475841,-0.003039430903,0.0003119641739,1.010658529e-05,0.0001999383532,0.03327875275,1.454222237,0.965
Gate_total_expost_exposure,2016-02,0.01709896852,0.01730354835,0.0003119641739,3.843406034e-06,0.0002007364251,0.008709355876,1.479087937,0.965
Gate_total_expost_exposure,2016-03,0.01479376331,0.01501111788,0.0003119641739,6.03548866e-06,0.0002113190783,0.01670593001,1.500969214,0.965
Gate_total_expost_exposure,2016-04,0.01805144915,0.01828308032,0.0003119641739,2.965230092e-05,0.0002019788735,0.04869515038,1.528063884,0.965
Gate_total_expost_exposure,2016-05,0.001481388549,0.001686468222,0.0003119641739,9.720176087e-06,0.000195359497,0.0176524636,1.53032754,0.965
Gate_total_expost_exposure,2016-06,0.03562642811,0.03583445253,0.0003119641739,9.334218771e-06,0.0001986902005,0.02764062799,1.584847644,0.965
Gate_total_expost_exposure,2016-07,-0.001481561187,-0.001255704437,0.0003119641739,2.612083292e-05,0.0001997359164,0.04816900022,1.582499595,0.965
Gate_total_expost_exposure,2016-08,0.005912032275,0.0061163082,0.0003119641739,2.346629491e-06,0.0002019292947,0.007808964945,1.591855384,0.965
Gate_total_expost_exposure,2016-09,0.002657278555,0.002862823676,0.0003119641739,5.080684349e-06,0.0002004644361,0.00614810174,1.596085387,0.965
Gate_total_expost_exposure,2016-10,0.01872160596,0.01891888692,0.0003119641739,2.550487814e-06,0.0001947304774,0.00588433608,1.625966669,0.965
Gate_total_expost_exposure,2016-11,-0.001013476598,-0.0008062077289,0.0003119641739,1.082570937e-05,0.0001964431601,0.03527084251,1.62431879,0.965
Gate_total_expost_exposure,2016-12,0.01149800688,0.01171450367,0.0003119641739,1.513261701e-05,0.0002013641722,0.02380136403,1.642995218,0.965
Gate_total_expost_exposure,2017-01,0.008614765434,0.008833166705,0.0005193472934,1.217111664e-05,0.0002062301545,0.01933770005,1.657149237,0.965
Gate_total_expost_exposure,2017-02,0.01245533091,0.01266648017,0.0005193472934,1.427224442e-05,0.0001968770152,0.02432355683,1.677789579,0.965
Gate_total_expost_exposure,2017-03,-0.009946155757,-0.009736606588,0.0005193472934,6.348631088e-06,0.0002032005373,0.02232081375,1.661102022,0.965
Gate_total_expost_exposure,2017-04,-0.01157921246,-0.0113718831,0.0007262586484,2.856058035e-06,0.0002044732959,0.01035898597,1.641867769,0.965
Gate_total_expost_exposure,2017-05,-0.009124502287,-0.008911569538,0.0007262586484,7.850217941e-06,0.0002050825314,0.02031042412,1.626886543,0.965
Gate_total_expost_exposure,2017-06,-0.001938776145,-0.001727332548,0.0007262586484,5.749731748e-06,0.0002056938661,0.0209198388,1.623732374,0.965
Gate_total_expost_exposure,2017-07,0.008897421449,0.009110789086,0.0009327004774,5.721226301e-06,0.0002076464107,0.02257456732,1.638179405,0.965
Gate_total_expost_exposure,2017-08,-0.008545924594,-0.008326048771,0.0009327004774,1.650736106e-05,0.0002033684618,0.03064740715,1.624179648,0.965
Gate_total_expost_exposure,2017-09,0.01020807551,0.01041147261,0.0009327004774,4.417506152e-06,0.0001989795931,0.01265898803,1.640759396,0.965
Gate_total_expost_exposure,2017-10,-0.002756470307,-0.002553656782,0.0009327004774,5.573567475e-06,0.0001972399579,0.01436945469,1.636236692,0.965
Gate_total_expost_exposure,2017-11,-0.00109370571,-0.0008833626216,0.0009327004774,7.506168922e-06,0.00020283692,0.01948385849,1.63444713,0.965
Gate_total_expost_exposure,2017-12,-0.002177321658,-0.001969744753,0.0009327004774,3.2961899e-06,0.000204280716,0.007499281201,1.630888413,0.965
Gate_total_expost_exposure,2018-01,-0.001103962745,-0.0008889285173,0.001138675003,5.366373603e-06,0.0002096678537,0.01767053237,1.629087973,0.965
Gate_total_expost_exposure,2018-02,0.004057515801,0.004271284475,0.001138675003,1.985010137e-05,0.0001939185731,0.0401093346,1.635698023,0.965
Gate_total_expost_exposure,2018-03,-0.005077164947,-0.004863232403,0.001138675003,1.302265316e-05,0.0002009098908,0.03518013989,1.627393315,0.965
Gate_total_expost_exposure,2018-04,0.007394415238,0.007593958544,0.00134418443,4.46837652e-06,0.0001950749285,0.008655527487,1.639426936,0.965
Gate_total_expost_exposure,2018-05,-0.003757163197,-0.003544519486,0.00134418443,1.5736532e-05,0.0001969071791,0.02965833843,1.633267342,0.965
Gate_total_expost_exposure,2018-06,-0.005958142779,-0.005742848396,0.00134418443,1.672719818e-05,0.0001985671849,0.02435186683,1.623536102,0.965
Gate_total_expost_exposure,2018-07,0.006593951207,0.006805509261,0.001549230951,7.237585773e-06,0.0002043204688,0.0146836074,1.63424162,0.965
Gate_total_expost_exposure,2018-08,-0.01070100943,-0.01049581032,0.001549230951,9.029020909e-06,0.0001961700894,0.01428377226,1.616753585,0.965
Gate_total_expost_exposure,2018-09,0.008506091612,0.008733626914,0.001549230951,2.476998079e-05,0.0002027653214,0.0329265075,1.630505839,0.965
Gate_total_expost_exposure,2018-10,0.03462214288,0.03482809568,0.00175381674,1.026585212e-05,0.000195686955,0.0166485394,1.686957445,0.965
Gate_total_expost_exposure,2018-11,-0.01330658109,-0.01308174399,0.00175381674,2.226552626e-05,0.000202571574,0.0515494778,1.664509809,0.965
Gate_total_expost_exposure,2018-12,-0.009092457723,-0.008881245618,0.00175381674,7.92051116e-06,0.0002032915931,0.01557021312,1.649375324,0.965
Gate_total_expost_exposure,2019-01,0.02815760713,0.02836344361,0.001957943956,5.276942726e-06,0.0002005595389,0.01501510501,1.695817786,0.965
Gate_total_expost_exposure,2019-02,0.003447838406,0.003659688053,0.001957943956,1.312935465e-05,0.0001987202918,0.02568234624,1.701664692,0.965
Gate_total_expost_exposure,2019-03,-0.00423688169,-0.004031341639,0.001957943956,6.86386996e-06,0.0001986761811,0.01298232053,1.69445494,0.965
Gate_total_expost_exposure,2019-04,0.00664649271,0.006854189439,0.001957943956,9.195879327e-06,0.0001985008499,0.01357096192,1.705717122,0.965
Gate_total_expost_exposure,2019-05,0.0007129922035,0.0009176706059,0.001957943956,4.875129667e-06,0.0001998032727,0.01388041455,1.706933285,0.965
Gate_total_expost_exposure,2019-06,0.01085433348,0.01106406603,0.001957943956,3.827069827e-06,0.0002059054792,0.007927113869,1.725460908,0.965
Gate_total_expost_exposure,2019-07,0.0169353471,0.01714325931,0.001957943956,1.185080198e-05,0.0001960614024,0.0214769952,1.754682188,0.965
Gate_total_expost_exposure,2019-08,-0.01194695983,-0.01174335816,0.001957943956,6.239386854e-06,0.0001973622858,0.02489649435,1.73371907,0.965
Gate_total_expost_exposure,2019-09,0.006925030701,0.007143934214,0.00175381674,1.920725155e-05,0.0001996962611,0.02260010582,1.745725128,0.965
Gate_total_expost_exposure,2019-10,0.004350053148,0.004557713596,0.001549230951,2.243335012e-06,0.0002054171136,0.007955007787,1.753319125,0.965
Gate_total_expost_exposure,2019-11,-0.01209398668,-0.01188129177,0.00134418443,1.239406784e-05,0.0002003008489,0.01941937581,1.732114507,0.965
Gate_total_expost_exposure,2019-12,0.008814071086,0.009031928911,0.00134418443,1.168420649e-05,0.0002061736181,0.01622827753,1.747381487,0.965
Gate_total_expost_exposure,2020-01,-0.002964030273,-0.002754092917,0.00134418443,1.428310216e-05,0.0001956542537,0.02330056759,1.742202196,0.965
Gate_total_expost_exposure,2020-02,-0.009861908508,-0.00964590138,0.00134418443,1.630167613e-05,0.0001997054523,0.02747411689,1.725020757,0.965
Gate_total_expost_exposure,2020-03,-0.04483922582,-0.04450837523,0.00134418443,0.0001298053697,0.000201045224,0.4935995485,1.647672162,0.965
Gate_total_expost_exposure,2020-04,-0.003324304417,-0.003094311915,0.0001041070355,2.780942425e-05,0.0002021830776,0.04800506982,1.642194798,0.965
Gate_total_expost_exposure,2020-05,9.361964862e-05,0.0003059907096,0.0001041070355,9.474133055e-06,0.0002028969279,0.02072591937,1.64234854,0.965
Gate_total_expost_exposure,2020-06,-0.003103839875,-0.002898945614,0.0001041070355,3.880967355e-06,0.0002010132938,0.0114837865,1.637250953,0.965
Gate_total_expost_exposure,2020-07,-0.001607144248,-0.001393585585,0.0001041070355,3.97005524e-06,0.0002095886084,0.007270997488,1.634619654,0.965
Gate_total_expost_exposure,2020-08,-0.003970751473,-0.003750125167,0.0001041070355,1.97537316e-05,0.0002008725744,0.0409029702,1.628128986,0.965
Gate_total_expost_exposure,2020-09,-0.0114763808,-0.01126476375,0.0001041070355,1.232337116e-05,0.000199293676,0.02161321587,1.609443958,0.965
Gate_total_expost_exposure,2020-10,-0.005082632106,-0.004871722019,0.0001041070355,8.890975037e-06,0.0002020191118,0.01558320561,1.601263746,0.965
Gate_total_expost_exposure,2020-11,0.021839207,0.02204785859,0.0001041070355,4.768136753e-06,0.0002038834607,0.01089154275,1.636234077,0.965
Gate_total_expost_exposure,2020-12,0.001083739353,0.001305966347,0.0001041070355,1.768572973e-05,0.0002045412641,0.02234322832,1.638007328,0.965
Gate_total_expost_exposure,2021-01,-0.006933734149,-0.006727869251,0.0001041070355,7.473166093e-06,0.0001983917318,0.01671659971,1.62664982,0.965
Gate_total_expost_exposure,2021-02,0.006468909532,0.006679939733,0.0001041070355,1.162407906e-05,0.0001994061221,0.01478701301,1.637172471,0.965
Gate_total_expost_exposure,2021-03,0.008399168513,0.008596210292,0.0001041070355,3.376629408e-06,0.0001936651494,0.00998342744,1.650923358,0.965
Gate_total_expost_exposure,2021-04,0.01381342033,0.01403588272,0.0001041070355,1.664529629e-05,0.0002058170961,0.03493039788,1.673728257,0.965
Gate_total_expost_exposure,2021-05,0.009102162953,0.009320303922,0.0001041070355,1.676557046e-05,0.0002013753987,0.0229808065,1.688962804,0.965
Gate_total_expost_exposure,2021-06,0.0158185462,0.01602076993,0.0001041070355,4.647385288e-06,0.0001975763458,0.009288925978,1.71567974,0.965
Gate_total_expost_exposure,2021-07,-0.008811349574,-0.008594601133,0.0001041070355,1.47860443e-05,0.0002019623967,0.03526971432,1.700562286,0.965
Gate_total_expost_exposure,2021-08,-0.004243315095,-0.004037805116,0.0001041070355,5.093331353e-06,0.0002004166471,0.01118049874,1.693346265,0.965
Gate_total_expost_exposure,2021-09,-0.001817087831,-0.001617691124,0.0001041070355,2.474650496e-06,0.0001969220563,0.004627769578,1.690269306,0.965
Gate_total_expost_exposure,2021-10,0.001489284808,0.001700004962,0.0001041070355,1.078137886e-05,0.0001999387758,0.01999012008,1.692786598,0.965
Gate_total_expost_exposure,2021-11,-0.001599200618,-0.001388010982,0.0001041070355,1.163463566e-05,0.0001995550001,0.02167063953,1.690079493,0.965
Gate_total_expost_exposure,2021-12,0.01020354754,0.01040863542,0.0001041070355,6.376119209e-06,0.0001987117627,0.01904112268,1.707324299,0.965
Gate_total_expost_exposure,2022-01,0.01379723765,0.01399958692,0.0001041070355,3.102870786e-06,0.0001992463915,0.01239455106,1.730880658,0.965
Gate_total_expost_exposure,2022-02,0.01157805845,0.01178944622,0.0001041070355,9.976965537e-06,0.000201410807,0.02204807894,1.750920896,0.965
Gate_total_expost_exposure,2022-03,0.04072133359,0.04092682219,0.0001041070355,1.052594047e-05,0.0001949626555,0.01617661491,1.82222073,0.965
Gate_total_expost_exposure,2022-04,0.01361004598,0.01391324162,0.0003119641739,0.0001135955706,0.0001896000741,0.5217254044,1.847021238,0.965
Gate_total_expost_exposure,2022-05,0.002833767926,0.003054211643,0.0003119641739,1.636247615e-05,0.0002040812409,0.05391710125,1.852255267,0.965
Gate_total_expost_exposure,2022-06,-0.001656137554,-0.001357799458,0.0007262586484,0.0001062925122,0.000192045583,0.4968435985,1.849187678,0.965
Gate_total_expost_exposure,2022-07,0.007744539744,0.007969490277,0.00134418443,2.386291423e-05,0.0002010876188,0.04394507598,1.863508785,0.965
Gate_total_expost_exposure,2022-08,0.01427248736,0.014472739,0.001957943956,4.747648666e-06,0.0001955039923,0.01194055057,1.890105691,0.965
Gate_total_expost_exposure,2022-09,-0.001473692582,-0.001273611498,0.001957943956,5.696942152e-06,0.0001943841415,0.02779562011,1.887320256,0.965
Gate_total_expost_exposure,2022-10,0.01287895165,0.01309229453,0.002567595531,1.330966112e-05,0.000200033217,0.03383123165,1.911626962,0.965
Gate_total_expost_exposure,2022-11,-0.01918725133,-0.01896912285,0.002567595531,5.443096334e-06,0.0002126853741,0.01484722352,1.874948095,0.965
Gate_total_expost_exposure,2022-12,-0.0133875301,-0.01316115858,0.003173196228,1.705161545e-05,0.0002093198993,0.05419653022,1.849847171,0.965
Gate_total_expost_exposure,2023-01,0.009849015191,0.01006573214,0.003574707178,1.296828961e-05,0.0002037486599,0.03740311902,1.868066344,0.965
Gate_total_expost_exposure,2023-02,0.01587418089,0.01607749409,0.003574707178,8.929773977e-06,0.0001943834248,0.01067556804,1.897720367,0.965
Gate_total_expost_exposure,2023-03,0.001010229149,0.001227537476,0.003774801921,1.11356871e-05,0.0002061726399,0.03346829901,1.8996375,0.965
Gate_total_expost_exposure,2023-04,0.01136641472,0.01157778962,0.003974458863,1.144555967e-05,0.0001999293416,0.02209750116,1.921229567,0.965
Gate_total_expost_exposure,2023-05,0.01525597727,0.01545745554,0.003974458863,5.748187602e-06,0.000195730085,0.0148106867,1.950539802,0.965
Gate_total_expost_exposure,2023-06,0.02931297254,0.02952172403,0.004173680002,9.489988635e-06,0.0001992615021,0.02719071794,2.007715922,0.965
Gate_total_expost_exposure,2023-07,0.007242984036,0.007457387533,0.004173680002,1.01772397e-05,0.0002042262573,0.02462617756,2.022257776,0.965
Gate_total_expost_exposure,2023-08,0.004947462788,0.005249986565,0.004372467323,0.0001054095789,0.0001971141982,0.4953608308,2.032262821,0.965
Gate_total_expost_exposure,2023-09,0.01446432948,0.01476531334,0.004372467323,0.0001047691636,0.000196214689,0.4968640721,2.06165814,0.965
Gate_total_expost_exposure,2023-10,0.004462917074,0.004769932298,0.004372467323,0.0001068818861,0.0002001333377,0.5066329193,2.070859149,0.965
Gate_total_expost_exposure,2023-11,0.01004513207,0.01025388128,0.004372467323,2.371992914e-06,0.0002063772208,0.007247171593,2.091661203,0.965
Gate_total_expost_exposure,2023-12,-0.0006494577616,-0.0004336470618,0.004372467323,9.421379697e-06,0.0002063893201,0.0231833978,2.090302757,0.965
Gate_total_expost_exposure,2024-01,0.01581996077,0.01602483246,0.004372467323,1.008089331e-05,0.0001947908016,0.02309190066,2.123371265,0.965
Gate_total_expost_exposure,2024-02,0.008121503803,0.008332605916,0.004372467323,1.171021107e-05,0.0001993919025,0.0315842682,2.140616233,0.965
Gate_total_expost_exposure,2024-03,0.008426036992,0.008629322581,0.004372467323,3.087529135e-06,0.0002001980599,0.0101400064,2.158653144,0.965
Gate_total_expost_exposure,2024-04,0.009449397472,0.009647207932,0.004372467323,1.35280874e-06,0.0001964576506,0.006295146116,2.179051116,0.965
Gate_total_expost_exposure,2024-05,0.003518168306,0.003730135704,0.004372467323,9.755164048e-06,0.0002022122339,0.02402554293,2.186717384,0.965
Gate_total_expost_exposure,2024-06,0.0002298724619,0.0004311189022,0.004372467323,3.747008745e-06,0.0001974994315,0.009760633086,2.187220051,0.965
Gate_total_expost_exposure,2024-07,-0.00925137971,-0.008911784021,0.004372467323,0.000132724534,0.0002068711548,0.4969853869,2.166985247,0.965
Gate_total_expost_exposure,2024-08,-0.0003899642315,-5.631107925e-05,0.004372467323,0.0001268001036,0.0002068530486,0.5096270401,2.166140201,0.965
Gate_total_expost_exposure,2024-09,0.01269872897,0.0129099347,0.004372467323,7.317424784e-06,0.0002038883124,0.0254028692,2.193647428,0.965
Gate_total_expost_exposure,2024-10,0.01308887153,0.01340694944,0.003974458863,0.0001292604286,0.0001888174823,0.493892365,2.222359797,0.965
Gate_total_expost_exposure,2024-11,-0.01017032448,-0.009833177307,0.003974458863,0.0001373063748,0.000199840794,0.510734653,2.199757677,0.965
Gate_total_expost_exposure,2024-12,0.01358760577,0.01379433901,0.003774801921,1.166475931e-05,0.0001950684778,0.02206324916,2.229647117,0.965
Gate_total_expost_exposure,2025-01,0.01549743553,0.01582745551,0.003574707178,0.0001277393763,0.000202280605,0.4994862247,2.26420093,0.965
Gate_total_expost_exposure,2025-02,-0.003386655448,-0.003165220097,0.003574707178,1.488604386e-05,0.000206549307,0.02134247811,2.256532861,0.965
Gate_total_expost_exposure,2025-03,-0.004387488079,-0.004169832191,0.003574707178,8.548149516e-06,0.0002091077385,0.02426471715,2.24663235,0.965
Gate_total_expost_exposure,2025-04,0.0008004296058,0.001023775904,0.003574707178,1.381390526e-05,0.0002095323925,0.03651915948,2.248430621,0.965
Gate_total_expost_exposure,2025-05,0.005530890486,0.005748537355,0.003574707178,1.647516357e-05,0.000201171706,0.03853197014,2.260866445,0.965
Gate_total_expost_exposure,2025-06,0.01148449941,0.01181161893,0.003574707178,0.0001231366166,0.0002039829086,0.4887801502,2.286831364,0.965
Gate_total_expost_exposure,2025-07,0.00893476972,0.009140247168,0.003574707178,1.048101796e-05,0.00019499643,0.01960862933,2.307263676,0.965
Gate_total_expost_exposure,2025-08,0.00887465019,0.009088021561,0.003574707178,8.725256346e-06,0.0002046461148,0.03083554224,2.327739834,0.965
Gate_total_expost_exposure,2025-09,0.01075252271,0.01096297318,0.003574707178,9.166005016e-06,0.0002012844652,0.01512316401,2.352768909,0.965
Gate_total_expost_exposure,2025-10,0.01087702953,0.01107877762,0.003374172623,6.340622538e-06,0.0001954074658,0.01111478747,2.378360046,0.965
Gate_total_expost_exposure,2025-11,0.01277141377,0.01297914008,0.003173196228,7.829991368e-06,0.0001998963188,0.02855738022,2.408735066,0.965
Gate_total_expost_exposure,2025-12,-0.001930084836,-0.00160338544,0.003173196228,0.0001230154203,0.0002036839751,0.4879098733,2.404086003,0.965
Gate_total_expost_exposure,2026-01,0.008487896818,0.008701555264,0.002971775953,6.530150654e-06,0.0002071282951,0.0170619328,2.424491637,0.965
Gate_total_expost_exposure,2026-02,0.0124120162,0.01262600869,0.002971775953,1.650817528e-05,0.0001974843208,0.02754567511,2.454584467,0.965
Gate_total_expost_exposure,2026-03,0.01612522434,0.01632687631,0.002971775953,7.937022938e-06,0.0001937149439,0.02401656622,2.494165192,0.965
Gate_total_expost_exposure,2026-04,0.01175863892,0.01197625051,0.002971775953,1.207787122e-05,0.0002055337201,0.03584843866,2.52349318,0.965
Gate_total_expost_exposure,2026-05,0.004613153412,0.004826492123,0.002971775953,1.372630205e-05,0.0001996124085,0.01999708727,2.535134441,0.965
Gate_total_expost_exposure,2026-06,0.01253594725,0.01273288123,0.002971775953,2.862746265e-06,0.0001940712366,0.008432129381,2.566914753,0.965
Gate_total_expost_exposure,2026-07,0.007451943951,0.007669685295,0.002971775953,1.351978473e-05,0.0002042215588,0.03441379855,2.586043257,0.965
Gate_total_expost_exposure,2026-08,0.001648787516,0.002266550973,0.002971775953,0.0004165681683,0.0002011952882,0.979895635,2.590307093,0.965
Pair_total_past_exposure,2010-03,0.0001041070355,0.0001041070355,0.0001041070355,0,0,0,1.351947177,0
Pair_total_past_exposure,2010-04,0.01830678978,0.01891268644,0.0001041070355,0.0004,0.0002058966561,1,1.376696989,1
Pair_total_past_exposure,2010-05,-0.009870953017,-0.009615645963,0.0001041070355,0.0001024285392,0.0001528785139,0.239141083,1.363107678,0.75
Pair_total_past_exposure,2010-06,0.003691926526,0.003857443594,0.0001041070355,2.459679744e-05,0.0001409202701,0.06475335033,1.368140172,0.6666666667
Pair_total_past_exposure,2010-07,-0.002646116275,-0.002489636149,0.0001041070355,2.058988077e-05,0.0001358902454,0.05276305101,1.364519914,0.625
Pair_total_past_exposure,2010-08,-0.002949511132,-0.002745174836,0.0001041070355,7.952209102e-05,0.0001248142045,0.3514980438,1.360495247,0.6
Pair_total_past_exposure,2010-09,-0.001853840999,-0.001719358625,0.0001041070355,7.479916373e-06,0.0001270024581,0.01477552661,1.357973105,0.5833333333
Pair_total_past_exposure,2010-10,-0.004558623215,-0.004421333979,0.0001041070355,1.544076879e-05,0.0001218484664,0.03757748795,1.351782617,0.5714285714
Pair_total_past_exposure,2010-11,0.01360704161,0.01372542036,0.0001041070355,7.008569354e-06,0.0001113701749,0.02059341139,1.37017638,0.5625
Pair_total_past_exposure,2010-12,0.005306677256,0.005498245845,0.0001041070355,7.239498099e-05,0.0001191736079,0.2916543091,1.377447463,0.5555555556
Pair_total_past_exposure,2011-01,0.003055536106,0.003191400825,0.0001041070355,9.963773604e-06,0.0001259009452,0.02554011654,1.381656304,0.6
Pair_total_past_exposure,2011-02,0.005071309099,0.005219210255,0.0001041070355,1.440585568e-05,0.0001334953002,0.03071886485,1.38866311,0.6363636364
Pair_total_past_exposure,2011-03,0.003419086445,0.003568382876,0.0001041070355,9.300449938e-06,0.0001399959811,0.02394353157,1.393411069,0.6666666667
Pair_total_past_exposure,2011-04,0.003624609623,0.003779493865,0.0001041070355,5.937038477e-06,0.0001489472043,0.01906834647,1.39846164,0.6923076923
Pair_total_past_exposure,2011-05,0.002495609951,0.00264376165,0.0001041070355,1.978994207e-06,0.0001461727046,0.007350478018,1.401951655,0.7142857143
Pair_total_past_exposure,2011-06,-0.004022521194,-0.003858113729,0.0001041070355,1.026704237e-05,0.0001541404223,0.03075535774,1.396312275,0.7333333333
Pair_total_past_exposure,2011-07,-0.0039951962,-0.003833508892,0.0001041070355,3.578722273e-06,0.0001581085853,0.01193289793,1.390733734,0.75
Pair_total_past_exposure,2011-08,-0.006001656037,-0.005835178151,0.0001041070355,5.012347385e-06,0.0001614655386,0.01467520192,1.382387028,0.7647058824
Pair_total_past_exposure,2011-09,-0.02993086317,-0.02969086636,0.0001041070355,8.199257842e-05,0.0001580042353,0.3948640348,1.341010991,0.7777777778
Pair_total_past_exposure,2011-10,0.03080030138,0.0309800706,0.0001041070355,1.962119606e-05,0.000160148025,0.03071427825,1.382314534,0.7631578947
Pair_total_past_exposure,2011-11,-0.01874583413,-0.01856829738,0.0001041070355,2.252149651e-05,0.0001550152549,0.03610600752,1.356401895,0.75
Pair_total_past_exposure,2011-12,-0.00331243269,-0.003151331966,0.0001041070355,8.188981785e-06,0.000152911743,0.01902912117,1.351908905,0.7380952381
Pair_total_past_exposure,2012-01,0.01314913454,0.0133775707,0.0001041070355,7.447544965e-05,0.0001539607059,0.3703025268,1.369685337,0.7272727273
Pair_total_past_exposure,2012-02,0.01653241738,0.01669536892,0.0001041070355,1.115191533e-05,0.0001517996224,0.01601706996,1.392329547,0.7391304348
Pair_total_past_exposure,2012-03,-0.00750839637,-0.007350665508,0.0001041070355,3.653897463e-06,0.0001540769649,0.01695701598,1.381875384,0.75
Pair_total_past_exposure,2012-04,-0.01109225165,-0.01091850137,0.0001041070355,1.435507823e-05,0.0001593951988,0.02224368039,1.366547275,0.76
Pair_total_past_exposure,2012-05,-0.0149744465,-0.01480999991,0.0001041070355,7.718530883e-06,0.0001567280541,0.01550565435,1.346083986,0.7692307692
Pair_total_past_exposure,2012-06,0.004314959599,0.004494103489,0.0001041070355,1.669244723e-05,0.0001624514418,0.03745572794,1.351892284,0.7777777778
Pair_total_past_exposure,2012-07,0.007897864596,0.008068530629,0.0001041070355,7.544614451e-06,0.0001631214189,0.01486196778,1.362569346,0.7857142857
Pair_total_past_exposure,2012-08,0.002610906416,0.002781814699,0.0001041070355,3.791209277e-06,0.0001671170744,0.01134084613,1.366126887,0.7931034483
Pair_total_past_exposure,2012-09,-0.001836272796,-0.001663131734,0.0001041070355,3.458706847e-06,0.000169682355,0.01093801159,1.363618305,0.8
Pair_total_past_exposure,2012-10,0.003259021776,0.003428119829,0.0001041070355,3.042382156e-06,0.0001660556709,0.007782933508,1.368062367,0.8064516129
Pair_total_past_exposure,2012-11,-0.0008315257935,-0.0006608462027,0.0001041070355,4.328293414e-06,0.0001663512974,0.01468340574,1.366924788,0.8125
Pair_total_past_exposure,2012-12,0.0174520932,0.0176308561,0.0001041070355,1.033418904e-05,0.0001684287169,0.01976754683,1.390780487,0.8181818182
Pair_total_past_exposure,2013-01,0.0178785175,0.01805308805,0.0001041070355,5.309403399e-06,0.0001692611446,0.01722611726,1.41564558,0.8235294118
Pair_total_past_exposure,2013-02,0.009892151273,0.01006728353,0.0001041070355,6.322420258e-06,0.0001688098357,0.01972153336,1.42964936,0.8285714286
Pair_total_past_exposure,2013-03,0.004442666915,0.00461442734,0.0001041070355,5.118043946e-06,0.0001666423806,0.01306416662,1.436000816,0.8194444444
Pair_total_past_exposure,2013-04,0.00307975972,0.003250992574,0.0001041070355,3.178969233e-06,0.0001680538846,0.009947358411,1.440423354,0.8108108108
Pair_total_past_exposure,2013-05,-0.00524792971,-0.005078435121,0.0001041070355,5.113190802e-06,0.0001643813981,0.01440933444,1.432864113,0.8026315789
Pair_total_past_exposure,2013-06,-0.01332814199,-0.0131523621,0.0001041070355,8.544341863e-06,0.0001672355471,0.01320880946,1.413766697,0.7948717949
Pair_total_past_exposure,2013-07,-0.005696875929,-0.005526008392,0.0001041070355,4.749841776e-06,0.0001661176953,0.0161337873,1.405712643,0.7875
Pair_total_past_exposure,2013-08,-0.004392154878,-0.004223239537,0.0001041070355,6.80982574e-06,0.0001621055157,0.02063936172,1.399538536,0.7804878049
Pair_total_past_exposure,2013-09,0.01096345578,0.01112973825,0.0001041070355,2.888106479e-06,0.0001633943653,0.006874147138,1.414882315,0.7738095238
Pair_total_past_exposure,2013-10,0.004315158563,0.004487289808,0.0001041070355,1.196930541e-05,0.0001601619398,0.01927495121,1.420987756,0.7674418605
Pair_total_past_exposure,2013-11,-0.0033766166,-0.003213652945,0.0001041070355,7.662416173e-06,0.0001553012392,0.01052284163,1.416189625,0.7613636364
Pair_total_past_exposure,2013-12,0.00408991258,0.004254653566,0.0001041070355,8.288116996e-06,0.0001564528697,0.01424464302,1.421981717,0.7555555556
Pair_total_past_exposure,2014-01,-0.008511928023,-0.008351193554,0.0001041070355,3.94723046e-06,0.0001567872381,0.01275950382,1.409877911,0.75
Pair_total_past_exposure,2014-02,0.006402746222,0.006655373594,0.0001041070355,9.548575747e-05,0.0001571416141,0.3814426769,1.418905002,0.7446808511
Pair_total_past_exposure,2014-03,0.01060333196,0.01076740615,0.0001041070355,1.123964708e-05,0.0001528345424,0.01642923099,1.433950122,0.7395833333
Pair_total_past_exposure,2014-04,0.001792174234,0.001952609061,0.0001041070355,6.4960237e-06,0.0001539388029,0.01055141892,1.436520011,0.7346938776
Pair_total_past_exposure,2014-05,0.007839472529,0.007995506998,0.0001041070355,4.616221164e-06,0.0001514182472,0.009443105432,1.44778157,0.73
Pair_total_past_exposure,2014-06,0.005647570539,0.005804213646,0.0001041070355,4.976677456e-06,0.0001516664302,0.01045203359,1.455958018,0.7254901961
Pair_total_past_exposure,2014-07,-0.000517970288,-0.0003653105747,0.0001041070355,5.071391507e-06,0.0001475883218,0.008445578442,1.455203875,0.7211538462
Pair_total_past_exposure,2014-08,0.007944038343,0.008094838709,0.0001041070355,3.266411694e-06,0.0001475339544,0.008672005903,1.466764071,0.7169811321
Pair_total_past_exposure,2014-09,-0.0008745772895,-0.0007302603521,0.0001041070355,3.110061707e-06,0.0001412068757,0.007927753298,1.465481272,0.712962963
Pair_total_past_exposure,2014-10,0.004104944149,0.00426710297,0.0001041070355,1.620984007e-05,0.0001459489807,0.03154837611,1.471496991,0.7090909091
Pair_total_past_exposure,2014-11,0.003085538871,0.003230837298,0.0001041070355,2.553983635e-06,0.0001427444439,0.006636840944,1.476037352,0.7053571429
Pair_total_past_exposure,2014-12,0.003853217316,0.004085529657,0.0001041070355,9.1080247e-05,0.0001412320945,0.348252801,1.481724845,0.701754386
Pair_total_past_exposure,2015-01,0.009530974289,0.009675223115,0.0001041070355,8.561618902e-06,0.0001356872072,0.01905450277,1.495847126,0.6982758621
Pair_total_past_exposure,2015-02,-0.007236680905,-0.007083423875,0.0001041070355,9.37769057e-06,0.0001438793395,0.04049385329,1.485022158,0.6949152542
Pair_total_past_exposure,2015-03,-0.007986001041,-0.007835408979,0.0001041070355,1.207327919e-05,0.0001385187828,0.01776208793,1.473162769,0.6916666667
Pair_total_past_exposure,2015-04,0.01546094554,0.01562794562,0.0001041070355,1.776653153e-05,0.0001492335392,0.026369031,1.495939259,0.6885245902
Pair_total_past_exposure,2015-05,-0.006539966432,-0.006379712419,0.0001041070355,2.057287208e-05,0.0001396811404,0.0350858448,1.486155866,0.685483871
Pair_total_past_exposure,2015-06,-0.003456355798,-0.00330216747,0.0001041070355,8.270883733e-06,0.0001459174445,0.0143096701,1.481019183,0.6825396825
Pair_total_past_exposure,2015-07,-0.009571551299,-0.009425457181,0.0001041070355,9.115000785e-06,0.0001369791174,0.01959537801,1.466843532,0.6796875
Pair_total_past_exposure,2015-08,-0.01957102574,-0.01941423797,0.0001041070355,1.288419825e-05,0.0001439035713,0.02281527968,1.438135899,0.6769230769
Pair_total_past_exposure,2015-09,-0.01735379016,-0.01720244656,0.0001041070355,1.031904137e-05,0.0001410245572,0.02281759497,1.413178791,0.6742424242
Pair_total_past_exposure,2015-10,0.01578200566,0.01593515091,0.0001041070355,1.38532688e-05,0.000139291975,0.01761219187,1.435481586,0.6791044776
Pair_total_past_exposure,2015-11,0.01126997786,0.0114147918,0.0001041070355,6.680328833e-06,0.0001381336109,0.01687443591,1.451659432,0.6838235294
Pair_total_past_exposure,2015-12,-0.01966089443,-0.01950795306,0.0001041070355,5.207474833e-06,0.000147733897,0.02205012647,1.423118509,0.6884057971
Pair_total_past_exposure,2016-01,-0.002243209686,-0.002094292839,0.0003119641739,5.363772853e-06,0.0001435530737,0.02000538383,1.419926156,0.6928571429
Pair_total_past_exposure,2016-02,0.01231820496,0.01246386704,0.0003119641739,2.101033501e-06,0.0001435610425,0.005238129142,1.437417097,0.6901408451
Pair_total_past_exposure,2016-03,0.01073371301,0.01088993892,0.0003119641739,4.154035515e-06,0.0001520718756,0.0120040347,1.45284592,0.6944444444
Pair_total_past_exposure,2016-04,0.01315543859,0.01332249613,0.0003119641739,2.083108151e-05,0.0001462264539,0.03378717489,1.471958745,0.698630137
Pair_total_past_exposure,2016-05,0.001163655425,0.001312863355,0.0003119641739,6.949229224e-06,0.000142258701,0.01284159514,1.473671598,0.7027027027
Pair_total_past_exposure,2016-06,0.02617108871,0.0263249781,0.0003119641739,8.389140061e-06,0.0001455002505,0.02387494968,1.512239188,0.7066666667
Pair_total_past_exposure,2016-07,-0.0009973173177,-0.0008316173736,0.0003119641739,1.999675993e-05,0.0001457031842,0.0309837081,1.510731006,0.7039473684
Pair_total_past_exposure,2016-08,0.004417791116,0.004569238239,0.0003119641739,3.339369868e-06,0.0001481077527,0.009126308039,1.5174051,0.7077922078
Pair_total_past_exposure,2016-09,0.002041594532,0.002192829091,0.0003119641739,3.422998796e-06,0.0001478115611,0.005466325728,1.520503026,0.7115384615
Pair_total_past_exposure,2016-10,0.01395614055,0.01410210171,0.0003119641739,1.640679728e-06,0.0001443204824,0.00594856573,1.54172338,0.7151898734
Pair_total_past_exposure,2016-11,-0.0006752316942,-0.0005208711164,0.0003119641739,8.046047927e-06,0.0001463145299,0.02636252673,1.540682359,0.71875
Pair_total_past_exposure,2016-12,0.008682446074,0.008845816414,0.0003119641739,1.266600753e-05,0.0001507043315,0.02053559737,1.554059251,0.7222222222
Pair_total_past_exposure,2017-01,0.006606646303,0.006770734315,0.0005193472934,9.017947749e-06,0.0001550700644,0.01515325051,1.564326371,0.7256097561
Pair_total_past_exposure,2017-02,0.009458885078,0.00961889124,0.0005193472934,1.25235363e-05,0.0001474826258,0.02249176795,1.579123154,0.7228915663
Pair_total_past_exposure,2017-03,-0.007292084623,-0.007135293835,0.0005193472934,5.129888777e-06,0.0001516608994,0.01437074803,1.567608054,0.7202380952
Pair_total_past_exposure,2017-04,-0.008424926526,-0.00827083549,0.0007262586484,2.029211888e-06,0.0001520618232,0.00780942941,1.554401072,0.7176470588
Pair_total_past_exposure,2017-05,-0.006573761242,-0.006415884181,0.0007262586484,5.900006966e-06,0.0001519770536,0.01518026199,1.54418281,0.7151162791
Pair_total_past_exposure,2017-06,-0.001241801242,-0.00108569602,0.0007262586484,4.202182444e-06,0.0001519030397,0.01578113417,1.542265242,0.7126436782
Pair_total_past_exposure,2017-07,0.006841265607,0.006999817556,0.0009327004774,4.50432927e-06,0.0001540476198,0.01477811526,1.552816288,0.7159090909
Pair_total_past_exposure,2017-08,-0.006129840309,-0.005966757541,0.0009327004774,1.153614704e-05,0.0001515466211,0.02105295428,1.543297772,0.7191011236
Pair_total_past_exposure,2017-09,0.007876151865,0.008026772886,0.0009327004774,1.701348327e-06,0.0001489196724,0.006975712746,1.55545302,0.7222222222
Pair_total_past_exposure,2017-10,-0.001840447605,-0.001687576003,0.0009327004774,4.6299894e-06,0.0001482416127,0.01146997231,1.55259029,0.7252747253
Pair_total_past_exposure,2017-11,-0.0005981001347,-0.0004378359906,0.0009327004774,7.188297769e-06,0.0001530758463,0.01828197759,1.551661686,0.7282608696
Pair_total_past_exposure,2017-12,-0.001422957336,-0.001266489178,0.0009327004774,1.684173273e-06,0.0001547839845,0.0045925613,1.549453737,0.7311827957
Pair_total_past_exposure,2018-01,-0.0005674598983,-0.000403653769,0.001138675003,4.318951471e-06,0.0001594871779,0.01167282898,1.548574484,0.7340425532
Pair_total_past_exposure,2018-02,0.003368828333,0.003530632059,0.001138675003,1.373391256e-05,0.0001480698131,0.02729983195,1.553791366,0.7368421053
Pair_total_past_exposure,2018-03,-0.003626111882,-0.003461232444,0.001138675003,1.090057074e-05,0.0001539788671,0.02911630767,1.548157145,0.7395833333
Pair_total_past_exposure,2018-04,0.005996754367,0.006151446181,0.00134418443,4.642191522e-06,0.0001500496219,0.008504895305,1.557441063,0.7422680412
Pair_total_past_exposure,2018-05,-0.002594275601,-0.002429479373,0.00134418443,1.280062681e-05,0.000151995602,0.0244432456,1.553400631,0.7448979592
Pair_total_past_exposure,2018-06,-0.004313150368,-0.004145326525,0.00134418443,1.401663472e-05,0.0001538072087,0.02049829156,1.546700581,0.7474747475
Pair_total_past_exposure,2018-07,0.005468587343,0.005634421348,0.001549230951,7.03571291e-06,0.0001587982918,0.01431896362,1.555158848,0.75
Pair_total_past_exposure,2018-08,-0.008002556467,-0.007843095898,0.001549230951,6.493587992e-06,0.0001529669809,0.01029589497,1.542713602,0.7524752475
Pair_total_past_exposure,2018-09,0.006990354723,0.007169453334,0.001549230951,2.047898591e-05,0.0001586196256,0.02665590362,1.553497717,0.7549019608
Pair_total_past_exposure,2018-10,0.02754745383,0.02770878186,0.00175381674,7.76313443e-06,0.0001535648925,0.01304345347,1.596292624,0.7572815534
Pair_total_past_exposure,2018-11,-0.01010150188,-0.009924235252,0.00175381674,1.780912714e-05,0.0001594574965,0.03929182227,1.580167671,0.7596153846
Pair_total_past_exposure,2018-12,-0.006810443943,-0.006642975648,0.00175381674,6.961732381e-06,0.0001605065626,0.01179722165,1.569406027,0.7619047619
Pair_total_past_exposure,2019-01,0.02270589413,0.02286756828,0.001957943956,2.857823348e-06,0.0001588163325,0.009829375888,1.605040794,0.7641509434
Pair_total_past_exposure,2019-02,0.003140791686,0.003309384718,0.001957943956,1.077923205e-05,0.0001578138001,0.02044539339,1.610081893,0.7663551402
Pair_total_past_exposure,2019-03,-0.002976373186,-0.002811876658,0.001957943956,6.272357059e-06,0.0001582241703,0.01224187905,1.605289689,0.7685185185
Pair_total_past_exposure,2019-04,0.005680518629,0.005844776659,0.001957943956,6.680229009e-06,0.0001575778007,0.009302288229,1.614408567,0.7660550459
Pair_total_past_exposure,2019-05,0.0009740972495,0.001134741305,0.001957943956,2.533128403e-06,0.0001581109271,0.007874912316,1.615981157,0.7636363636
Pair_total_past_exposure,2019-06,0.00897697067,0.009141506627,0.001957943956,2.102936219e-06,0.0001624330205,0.004095443535,1.630487773,0.7612612613
Pair_total_past_exposure,2019-07,0.01373535031,0.01390050322,0.001957943956,1.095954169e-05,0.0001541933679,0.0207232577,1.652883094,0.7589285714
Pair_total_past_exposure,2019-08,-0.008944687583,-0.008784972555,0.001957943956,4.967214143e-06,0.0001547478145,0.01699143361,1.638098571,0.7566371681
Pair_total_past_exposure,2019-09,0.005796389935,0.005967525519,0.00175381674,1.502360804e-05,0.0001561119757,0.01766660892,1.647593629,0.7543859649
Pair_total_past_exposure,2019-10,0.003732961404,0.003894207287,0.001549230951,1.132520955e-06,0.0001601133618,0.004189425236,1.653744032,0.752173913
Pair_total_past_exposure,2019-11,-0.009101144317,-0.008934683079,0.00134418443,1.07870029e-05,0.0001556742349,0.01778217931,1.638693069,0.75
Pair_total_past_exposure,2019-12,0.007133234686,0.007302092778,0.00134418443,9.076048703e-06,0.0001597820432,0.01257455655,1.650382251,0.7478632479
Pair_total_past_exposure,2020-01,-0.001986724463,-0.001823009796,0.00134418443,1.251088815e-05,0.0001512037791,0.02143646166,1.647103397,0.7457627119
Pair_total_past_exposure,2020-02,-0.007291481203,-0.007125555581,0.00134418443,1.201842845e-05,0.0001539071932,0.01987656698,1.635093573,0.743697479
Pair_total_past_exposure,2020-03,-0.03415081986,-0.03389655658,0.00134418443,9.974665675e-05,0.000154516623,0.3793652839,1.579253787,0.7416666667
Pair_total_past_exposure,2020-04,-0.002524822494,-0.002347470887,0.0001041070355,2.23789233e-05,0.000154972684,0.03648679498,1.575266452,0.7396694215
Pair_total_past_exposure,2020-05,9.552672552e-05,0.0002592966431,0.0001041070355,7.801413589e-06,0.000155968504,0.01587361808,1.575416932,0.7418032787
Pair_total_past_exposure,2020-06,-0.002368207226,-0.002210896271,0.0001041070355,2.353152738e-06,0.0001549578026,0.007777374978,1.571686018,0.743902439
Pair_total_past_exposure,2020-07,-0.001211302214,-0.001047386539,0.0001041070355,2.774509362e-06,0.0001611411664,0.005600957873,1.569782231,0.7419354839
Pair_total_past_exposure,2020-08,-0.003021345106,-0.00285146999,0.0001041070355,1.583811519e-05,0.0001540370001,0.03307702151,1.565039377,0.74
Pair_total_past_exposure,2020-09,-0.008753184259,-0.008591550363,0.0001041070355,9.201032736e-06,0.0001524328635,0.016558082,1.551340299,0.7380952381
Pair_total_past_exposure,2020-10,-0.003853018833,-0.003692066247,0.0001041070355,6.827606537e-06,0.0001541249803,0.0119627932,1.545362956,0.7362204724
Pair_total_past_exposure,2020-11,0.01664483238,0.01680352937,0.0001041070355,3.539559359e-06,0.0001551574264,0.008767501319,1.571085263,0.734375
Pair_total_past_exposure,2020-12,0.0008460001993,0.001016471617,0.0001041070355,1.519849775e-05,0.0001552729201,0.01987481701,1.572414402,0.7325581395
Pair_total_past_exposure,2021-01,-0.005226266172,-0.005069569706,0.0001041070355,6.45960198e-06,0.0001502368635,0.01465596599,1.564196545,0.7307692308
Pair_total_past_exposure,2021-02,0.004912532493,0.005071808832,0.0001041070355,8.635318537e-06,0.0001506410209,0.01092495902,1.571880712,0.7290076336
Pair_total_past_exposure,2021-03,0.00635653339,0.006504184855,0.0001041070355,1.695628589e-06,0.0001459558357,0.006121659047,1.581872424,0.7272727273
Pair_total_past_exposure,2021-04,0.01041308045,0.01057912635,0.0001041070355,1.129620345e-05,0.0001547496963,0.023193758,1.598344589,0.7255639098
Pair_total_past_exposure,2021-05,0.006852145026,0.007017501962,0.0001041070355,1.429813423e-05,0.0001510588019,0.02146200082,1.609296678,0.723880597
Pair_total_past_exposure,2021-06,0.01186405889,0.01201640511,0.0001041070355,4.476768874e-06,0.0001478694585,0.008621540244,1.628389468,0.7222222222
Pair_total_past_exposure,2021-07,-0.006553788398,-0.006391423294,0.0001041070355,1.155502375e-05,0.0001508100798,0.02427134819,1.617717348,0.7205882353
Pair_total_past_exposure,2021-08,-0.003134964275,-0.002981845439,0.0001041070355,3.797404747e-06,0.0001493214306,0.0083160843,1.612645862,0.7189781022
Pair_total_past_exposure,2021-09,-0.001323904589,-0.001175896102,0.0001041070355,1.614528042e-06,0.0001463939594,0.00309565725,1.610510873,0.7173913043
Pair_total_past_exposure,2021-10,0.0011320884,0.001287928139,0.0001041070355,7.527157337e-06,0.0001483125821,0.01364383805,1.612334114,0.7158273381
Pair_total_past_exposure,2021-11,-0.00115633069,-0.001000347456,0.0001041070355,8.274130393e-06,0.0001477091044,0.01608079889,1.610469722,0.7142857143
Pair_total_past_exposure,2021-12,0.007563482703,0.007715212776,0.0001041070355,4.958073723e-06,0.0001467719998,0.01408784617,1.622650482,0.7127659574
Pair_total_past_exposure,2022-01,0.01019647361,0.01034597719,0.0001041070355,2.646064999e-06,0.0001468575169,0.007553971409,1.639195795,0.7112676056
Pair_total_past_exposure,2022-02,0.008543144469,0.008699070093,0.0001041070355,7.781147636e-06,0.0001481444756,0.01430246348,1.653199681,0.7097902098
Pair_total_past_exposure,2022-03,0.02991773497,0.03006896703,0.0001041070355,8.124761969e-06,0.0001431073032,0.01013786281,1.702659671,0.7083333333
Pair_total_past_exposure,2022-04,0.01005134785,0.01027537985,0.0003119641739,8.514325576e-05,0.0001388887446,0.3825426967,1.719773696,0.7068965517
Pair_total_past_exposure,2022-05,0.002157067967,0.002316730228,0.0003119641739,1.046524267e-05,0.0001491970176,0.03572763825,1.723483365,0.7054794521
Pair_total_past_exposure,2022-06,-0.001012749847,-0.0007943082266,0.0007262586484,7.83216537e-05,0.0001401199664,0.3644082153,1.721737907,0.7040816327
Pair_total_past_exposure,2022-07,0.006005202177,0.006168661451,0.00134418443,1.702941569e-05,0.0001464298583,0.03111700722,1.732077291,0.7027027027
Pair_total_past_exposure,2022-08,0.01090714051,0.01105344128,0.001957943956,4.212457654e-06,0.0001420883068,0.009881118855,1.750969302,0.7013422819
Pair_total_past_exposure,2022-09,-0.0005317154868,-0.0003861895339,0.001957943956,4.521912361e-06,0.0001410040405,0.01843000157,1.750038284,0.7
Pair_total_past_exposure,2022-10,0.01003343969,0.01018764662,0.002567595531,9.379669716e-06,0.0001448272614,0.02385289209,1.767597188,0.6986754967
Pair_total_past_exposure,2022-11,-0.01315448122,-0.01299616332,0.002567595531,4.61834766e-06,0.0001536995477,0.01083627697,1.744345364,0.6973684211
Pair_total_past_exposure,2022-12,-0.008771224569,-0.008609178978,0.003173196228,1.105795603e-05,0.0001509876344,0.03595316933,1.729045319,0.6960784314
Pair_total_past_exposure,2023-01,0.008115508893,0.00827011922,0.003574707178,7.224679672e-06,0.0001473856466,0.02163888678,1.743077402,0.6980519481
Pair_total_past_exposure,2023-02,0.01249685334,0.01264408628,0.003574707178,6.22941928e-06,0.0001410035205,0.007277290039,1.764860384,0.7
Pair_total_past_exposure,2023-03,0.00176406303,0.001921969074,0.003774801921,7.939895672e-06,0.000149966149,0.0239466309,1.767973709,0.7019230769
Pair_total_past_exposure,2023-04,0.009366772983,0.009519939532,0.003974458863,7.348310394e-06,0.0001458182387,0.01363443591,1.784533918,0.7038216561
Pair_total_past_exposure,2023-05,0.01222463517,0.0123718756,0.003974458863,4.104696541e-06,0.0001431357282,0.01082355755,1.806349194,0.7056962025
Pair_total_past_exposure,2023-06,0.02260615055,0.02275910675,0.004173680002,6.855768723e-06,0.0001461004268,0.01968148238,1.847183796,0.7075471698
Pair_total_past_exposure,2023-07,0.006429344335,0.006587545318,0.004173680002,8.073520966e-06,0.0001501274625,0.01817456969,1.859059976,0.709375
Pair_total_past_exposure,2023-08,0.004796728184,0.005019176384,0.004372467323,7.718011674e-05,0.0001452680829,0.3638201128,1.867977382,0.7111801242
Pair_total_past_exposure,2023-09,0.01182806583,0.01205092772,0.004372467323,7.789421626e-05,0.0001449676747,0.3679070959,1.890071941,0.712962963
Pair_total_past_exposure,2023-10,0.004439486567,0.004666848387,0.004372467323,7.913375332e-05,0.0001482280673,0.3751900315,1.89846289,0.7147239264
Pair_total_past_exposure,2023-11,0.008583531364,0.008739118024,0.004372467323,2.362071193e-06,0.0001532245889,0.006671011114,1.914758406,0.7164634146
Pair_total_past_exposure,2023-12,0.0006352793962,0.0007956134708,0.004372467323,6.732979074e-06,0.0001536010955,0.01655730516,1.915974812,0.7181818182
Pair_total_past_exposure,2024-01,0.01291324837,0.01306500515,0.004372467323,6.444953636e-06,0.0001453118222,0.01454382803,1.940716271,0.7198795181
Pair_total_past_exposure,2024-02,0.007175875071,0.007333571232,0.004372467323,8.605383368e-06,0.0001490907775,0.02324069617,1.954642609,0.7215568862
Pair_total_past_exposure,2024-03,0.00741000542,0.007562745598,0.004372467323,2.702771893e-06,0.0001500374061,0.008569014641,1.969126521,0.7232142857
Pair_total_past_exposure,2024-04,0.008185600926,0.008334546757,0.004372467323,1.378230735e-06,0.000147567601,0.005631004742,1.985245005,0.724852071
Pair_total_past_exposure,2024-05,0.003729057788,0.003888907707,0.004372467323,7.620654888e-06,0.0001522292647,0.01877910679,1.992648098,0.7264705882
Pair_total_past_exposure,2024-06,0.001246631695,0.00139881112,0.004372467323,3.170672293e-06,0.000149008752,0.007346448743,1.995132196,0.7280701754
Pair_total_past_exposure,2024-07,-0.005929397436,-0.005671956967,0.004372467323,0.0001010220449,0.0001564184234,0.3769035413,1.983302265,0.7296511628
Pair_total_past_exposure,2024-08,0.0007779955007,0.00102989295,0.004372467323,9.577726517e-05,0.0001561201841,0.3840490314,1.984845265,0.7283236994
Pair_total_past_exposure,2024-09,0.01067108119,0.01082984543,0.004372467323,4.551765004e-06,0.0001542124691,0.01673882609,2.00602571,0.7298850575
Pair_total_past_exposure,2024-10,0.01088282476,0.01112388177,0.003974458863,9.794147093e-05,0.0001431155454,0.3742690843,2.027856936,0.7314285714
Pair_total_past_exposure,2024-11,-0.006726655354,-0.006472321918,0.003974458863,0.0001031350023,0.000151198434,0.3850486108,2.014216241,0.7301136364
Pair_total_past_exposure,2024-12,0.01121345204,0.01137135971,0.003774801921,1.001171776e-05,0.0001478959508,0.01866309678,2.036802559,0.7316384181
Pair_total_past_exposure,2025-01,0.01263290483,0.01288357169,0.003574707178,9.698682814e-05,0.0001536800312,0.3793767378,2.062533291,0.7331460674
Pair_total_past_exposure,2025-02,-0.001705194562,-0.001536766889,0.003574707178,1.178333786e-05,0.0001566443351,0.01551552237,2.059016271,0.7318435754
Pair_total_past_exposure,2025-03,-0.002453115779,-0.002288314854,0.003574707178,6.495411749e-06,0.000158305513,0.01842640548,2.053965266,0.7305555556
Pair_total_past_exposure,2025-04,0.001478158483,0.001646885759,0.003574707178,1.03768579e-05,0.0001583504183,0.02745045198,2.057001352,0.729281768
Pair_total_past_exposure,2025-05,0.005050165782,0.005214703184,0.003574707178,1.276805137e-05,0.0001517693506,0.02986641624,2.06738955,0.728021978
Pair_total_past_exposure,2025-06,0.009532128975,0.009778219526,0.003574707178,9.246373978e-05,0.0001536268119,0.3681281587,2.087096173,0.7267759563
Pair_total_past_exposure,2025-07,0.007619834244,0.007774878155,0.003574707178,7.885082083e-06,0.0001471588287,0.0147568316,2.1029995,0.7282608696
Pair_total_past_exposure,2025-08,0.007582303417,0.007743856831,0.003574707178,6.800715601e-06,0.0001547526985,0.02381965069,2.118945081,0.7297297297
Pair_total_past_exposure,2025-09,0.009013566831,0.009172813901,0.003574707178,6.73335261e-06,0.0001525137181,0.01093365465,2.138044334,0.7311827957
Pair_total_past_exposure,2025-10,0.009070300784,0.009223447423,0.003374172623,4.794845738e-06,0.0001483517931,0.008524909479,2.157437039,0.7326203209
Pair_total_past_exposure,2025-11,0.01047418931,0.01063224292,0.003173196228,5.999304276e-06,0.0001520543049,0.02182983866,2.180034443,0.7340425532
Pair_total_past_exposure,2025-12,-0.0007161901162,-0.0004671516728,0.003173196228,9.38059816e-05,0.0001552324618,0.371849329,2.178473124,0.7354497354
Pair_total_past_exposure,2026-01,0.007183318987,0.007346846056,0.002971775953,5.370748861e-06,0.0001581563203,0.01298751385,2.194121791,0.7368421053
Pair_total_past_exposure,2026-02,0.01019369698,0.01035721293,0.002971775953,1.244148842e-05,0.0001510744608,0.02063683253,2.216488004,0.7382198953
Pair_total_past_exposure,2026-03,0.01305265731,0.01320722635,0.002971775953,6.104437133e-06,0.0001484646051,0.01828406877,2.245419062,0.7395833333
Pair_total_past_exposure,2026-04,0.009718749405,0.009885464167,0.002971775953,8.904768985e-06,0.000157809992,0.02666401416,2.267241727,0.7409326425
Pair_total_past_exposure,2026-05,0.004234235632,0.00439840449,0.002971775953,1.062905327e-05,0.0001535398046,0.01554637353,2.276841763,0.7422680412
Pair_total_past_exposure,2026-06,0.01034109768,0.0104932866,0.002971775953,2.645518358e-06,0.0001495434,0.007529983851,2.300386806,0.7435897436
Pair_total_past_exposure,2026-07,0.006430210995,0.006598162566,0.002971775953,1.030988994e-05,0.0001576416812,0.02626833282,2.315178779,0.7448979592
Pair_total_past_exposure,2026-08,0.00194899965,0.002426455882,0.002971775953,0.0003218805907,0.0001555756417,0.7571646462,2.319691061,0.7461928934
Pair_total_expost_exposure,2010-03,0.01413076673,0.0145783605,0.0001041070355,0.000297,0.0001505937736,0.7425,1.370908506,0.7425
Pair_total_expost_exposure,2010-04,0.01391039892,0.01406947724,0.0001041070355,6.200050771e-06,0.0001528782672,0.02056377566,1.38997839,0.7425
Pair_total_expost_exposure,2010-05,-0.009676885483,-0.009518448433,0.0001041070355,7.087320456e-06,0.0001513497287,0.01506431498,1.376527728,0.7425
Pair_total_expost_exposure,2010-06,0.004115557901,0.004284385627,0.0001041070355,1.187777548e-05,0.0001569499508,0.03439657476,1.382192908,0.7425
Pair_total_expost_exposure,2010-07,-0.003143445118,-0.002977259867,0.0001041070355,4.747639422e-06,0.0001614376115,0.01456665696,1.37784806,0.7425
Pair_total_expost_exposure,2010-08,-0.003662052919,-0.003421879281,0.0001041070355,8.571606022e-05,0.0001544575781,0.4031158123,1.372802308,0.7425
Pair_total_expost_exposure,2010-09,-0.002383343225,-0.002216904255,0.0001041070355,4.782984525e-06,0.000161655986,0.01600637504,1.369530449,0.7425
Pair_total_expost_exposure,2010-10,-0.005948222255,-0.005776137883,0.0001041070355,1.375752077e-05,0.000158326851,0.03308915165,1.361384177,0.7425
Pair_total_expost_exposure,2010-11,0.01793234443,0.01808424062,0.0001041070355,4.887558578e-06,0.0001470086309,0.01621614086,1.385796987,0.7425
Pair_total_expost_exposure,2010-12,0.007053722564,0.007313373554,0.0001041070355,0.0001003754626,0.000159275527,0.3956305294,1.395572015,0.7425
Pair_total_expost_exposure,2011-01,0.003757470397,0.0039246331,0.0001041070355,1.136028257e-05,0.0001558024197,0.02393370794,1.400815835,0.7425
Pair_total_expost_exposure,2011-02,0.005912381895,0.0060723364,0.0001041070355,4.194095246e-06,0.0001557604092,0.01371420517,1.409097993,0.7425
Pair_total_expost_exposure,2011-03,0.003802443366,0.003962444253,0.0001041070355,4.080362761e-06,0.000155920524,0.007655897982,1.414456009,0.7425
Pair_total_expost_exposure,2011-04,0.003879720564,0.004045959411,0.0001041070355,6.492970134e-06,0.0001597458766,0.01248872255,1.419943703,0.7425
Pair_total_expost_exposure,2011-05,0.002581257378,0.002744078007,0.0001041070355,1.087410333e-05,0.0001519465264,0.02534339688,1.423608943,0.7425
Pair_total_expost_exposure,2011-06,-0.004067827685,-0.003907641489,0.0001041070355,4.119018437e-06,0.0001560671776,0.01406724741,1.417817947,0.7425
Pair_total_expost_exposure,2011-07,-0.003957523865,-0.003794132733,0.0001041070355,6.863632263e-06,0.0001565274994,0.01348681242,1.412206899,0.7425
Pair_total_expost_exposure,2011-08,-0.005822985517,-0.005662710446,0.0001041070355,3.498242482e-06,0.0001567768278,0.01142702935,1.403983638,0.7425
Pair_total_expost_exposure,2011-09,-0.028566958,-0.02833945149,0.0001041070355,7.666889046e-05,0.0001508376146,0.3808920898,1.363876097,0.7425
Pair_total_expost_exposure,2011-10,0.0299651683,0.03014429021,0.0001041070355,2.330892216e-05,0.0001558129836,0.03544782307,1.404744873,0.7425
Pair_total_expost_exposure,2011-11,-0.01855302262,-0.01838157334,0.0001041070355,1.798418148e-05,0.0001534651024,0.0291662127,1.37868261,0.7425
Pair_total_expost_exposure,2011-12,-0.003335623689,-0.003170759585,0.0001041070355,1.103982302e-05,0.0001538242808,0.02008632141,1.374083844,0.7425
Pair_total_expost_exposure,2012-01,0.01342087125,0.01365548384,0.0001041070355,7.74283347e-05,0.0001571842582,0.3745358269,1.392525246,0.7425
Pair_total_expost_exposure,2012-02,0.01660492736,0.01677100555,0.0001041070355,1.358654301e-05,0.00015249165,0.01546544886,1.415648027,0.7425
Pair_total_expost_exposure,2012-03,-0.007434413295,-0.007276117782,0.0001041070355,5.759317494e-06,0.0001525361953,0.01780842992,1.405123514,0.7425
Pair_total_expost_exposure,2012-04,-0.01083053056,-0.01066469131,0.0001041070355,1.011433945e-05,0.0001557249146,0.01261336659,1.389905281,0.7425
Pair_total_expost_exposure,2012-05,-0.01444771932,-0.0142917347,0.0001041070355,4.702866359e-06,0.0001512817542,0.01088670716,1.369824319,0.7425
Pair_total_expost_exposure,2012-06,0.004126349758,0.004294985792,0.0001041070355,1.355292559e-05,0.0001550831086,0.03221043756,1.375476694,0.7425
Pair_total_expost_exposure,2012-07,0.007470484374,0.007630487331,0.0001041070355,5.853216473e-06,0.0001541497408,0.01419053636,1.385752171,0.7425
Pair_total_expost_exposure,2012-08,0.002451790366,0.002610965308,0.0001041070355,2.720664027e-06,0.0001564542784,0.01113571942,1.389149745,0.7425
Pair_total_expost_exposure,2012-09,-0.001696894948,-0.001536111447,0.0001041070355,3.297065314e-06,0.0001574864358,0.01145096454,1.386792503,0.7425
Pair_total_expost_exposure,2012-10,0.003006314395,0.003164525615,0.0001041070355,5.323763095e-06,0.0001528874562,0.01310592992,1.390961638,0.7425
Pair_total_expost_exposure,2012-11,-0.0007493522518,-0.0005949425391,0.0001041070355,2.390219473e-06,0.0001520194933,0.009168727784,1.389919318,0.7425
Pair_total_expost_exposure,2012-12,0.01584950463,0.01600963182,0.0001041070355,7.278119713e-06,0.0001528490606,0.01301037193,1.41194885,0.7425
Pair_total_expost_exposure,2013-01,0.01612823411,0.01628703652,0.0001041070355,6.195355036e-06,0.000152607057,0.01571876643,1.434721092,0.7425
Pair_total_expost_exposure,2013-02,0.008873686782,0.009032315626,0.0001041070355,7.354857177e-06,0.0001512739864,0.0198916212,1.447452357,0.7425
Pair_total_expost_exposure,2013-03,0.004035887768,0.004190915908,0.0001041070355,4.033196751e-06,0.0001509949435,0.01543767707,1.453294113,0.7425
Pair_total_expost_exposure,2013-04,0.002825892233,0.002985867467,0.0001041070355,6.079888935e-06,0.0001538953448,0.01654227005,1.457400965,0.7425
Pair_total_expost_exposure,2013-05,-0.004844929441,-0.004690169258,0.0001041070355,2.693915638e-06,0.0001520662671,0.01082714411,1.45033996,0.7425
Pair_total_expost_exposure,2013-06,-0.01244483352,-0.01227893183,0.0001041070355,9.68480411e-06,0.0001562168824,0.01382448765,1.432290721,0.7425
Pair_total_expost_exposure,2013-07,-0.005366287634,-0.005204287511,0.0001041070355,5.374867437e-06,0.0001566252555,0.0125390857,1.424604637,0.7425
Pair_total_expost_exposure,2013-08,-0.004173767767,-0.004012619465,0.0001041070355,6.932765302e-06,0.0001542155363,0.01602545822,1.418658668,0.7425
Pair_total_expost_exposure,2013-09,0.01052334958,0.01068362425,0.0001041070355,3.491489964e-06,0.0001567831779,0.004133980776,1.433587709,0.7425
Pair_total_expost_exposure,2013-10,0.004180573274,0.004344836368,0.0001041070355,9.306417639e-06,0.0001549566768,0.0140981118,1.439580928,0.7425
Pair_total_expost_exposure,2013-11,-0.003289307743,-0.003131451727,0.0001041070355,6.402538852e-06,0.0001514534772,0.01018221377,1.434845703,0.7425
Pair_total_expost_exposure,2013-12,0.004019241211,0.004182934564,0.0001041070355,9.943896798e-06,0.0001537494561,0.01675486103,1.440612694,0.7425
Pair_total_expost_exposure,2014-01,-0.008426685555,-0.008266640548,0.0001041070355,4.825641622e-06,0.0001552193657,0.0125399097,1.428473104,0.7425
Pair_total_expost_exposure,2014-02,0.006383384754,0.006636187742,0.0001041070355,9.612157392e-05,0.0001566814136,0.3802604542,1.437591597,0.7425
Pair_total_expost_exposure,2014-03,0.01064665598,0.0108094586,0.0001041070355,9.365348696e-06,0.0001534372702,0.01224184496,1.45289714,0.7425
Pair_total_expost_exposure,2014-04,0.001810923737,0.001972249395,0.0001041070355,5.751254859e-06,0.0001555744026,0.011682396,1.455528226,0.7425
Pair_total_expost_exposure,2014-05,0.007973860526,0.00813063371,0.0001041070355,2.762158177e-06,0.0001540110254,0.004785702257,1.467134405,0.7425
Pair_total_expost_exposure,2014-06,0.005778980048,0.005937858038,0.0001041070355,3.655597034e-06,0.0001552223931,0.008286885018,1.475612946,0.7425
Pair_total_expost_exposure,2014-07,-0.0005348765524,-0.000379205336,0.0001041070355,3.714280353e-06,0.0001519569361,0.00580023158,1.474823675,0.7425
Pair_total_expost_exposure,2014-08,0.008221384024,0.008379245672,0.0001041070355,5.076650156e-06,0.0001527849984,0.01321258778,1.486948767,0.7425
Pair_total_expost_exposure,2014-09,-0.0009143250968,-0.000764827001,0.0001041070355,2.441221012e-06,0.0001470568748,0.008678707995,1.485589212,0.7425
Pair_total_expost_exposure,2014-10,0.004291935404,0.004463244124,0.0001041070355,1.848329748e-05,0.000152825423,0.03685977559,1.491965265,0.7425
Pair_total_expost_exposure,2014-11,0.003242955162,0.003395485373,0.0001041070355,2.269097243e-06,0.0001502611134,0.008971846194,1.496803642,0.7425
Pair_total_expost_exposure,2014-12,0.004069746236,0.004316701008,0.0001041070355,9.752238935e-05,0.000149432383,0.3704420358,1.502895253,0.7425
Pair_total_expost_exposure,2015-01,0.01012642437,0.0102813938,0.0001041070355,1.068869917e-05,0.0001442807304,0.02399633018,1.518114208,0.7425
Pair_total_expost_exposure,2015-02,-0.007740830509,-0.007575594437,0.0001041070355,1.150450716e-05,0.000153731565,0.04687704798,1.506362743,0.7425
Pair_total_expost_exposure,2015-03,-0.008580753381,-0.008418915578,0.0001041070355,1.313872477e-05,0.0001486990789,0.01744022588,1.493437016,0.7425
Pair_total_expost_exposure,2015-04,0.01666364251,0.01684490368,0.0001041070355,2.032878515e-05,0.0001609323827,0.03125357525,1.518323116,0.7425
Pair_total_expost_exposure,2015-05,-0.007090707085,-0.006919013638,0.0001041070355,2.039412304e-05,0.0001512993246,0.03363798817,1.507557132,0.7425
Pair_total_expost_exposure,2015-06,-0.003770285718,-0.003601404725,0.0001041070355,1.014487059e-05,0.0001587361223,0.01828749465,1.501873211,0.7425
Pair_total_expost_exposure,2015-07,-0.01046445746,-0.01030612036,0.0001041070355,8.699225554e-06,0.0001496378772,0.01845378043,1.486156922,0.7425
Pair_total_expost_exposure,2015-08,-0.02147800932,-0.02130507764,0.0001041070355,1.508744193e-05,0.0001578442298,0.02729884106,1.45423723,0.7425
Pair_total_expost_exposure,2015-09,-0.01912124654,-0.01895449204,0.0001041070355,1.145318611e-05,0.0001553013129,0.02432729673,1.426430402,0.7425
Pair_total_expost_exposure,2015-10,0.017246062,0.01741300495,0.0001041070355,1.464783745e-05,0.0001522951105,0.02211738443,1.451030709,0.7425
Pair_total_expost_exposure,2015-11,0.01222760864,0.01238532152,0.0001041070355,7.726515243e-06,0.0001499863659,0.01701544844,1.468773344,0.7425
Pair_total_expost_exposure,2015-12,-0.02121435985,-0.02104904809,0.0001041070355,5.969082727e-06,0.0001593426711,0.0217853702,1.437614258,0.7425
Pair_total_expost_exposure,2016-01,-0.002426689116,-0.002266699914,0.0003119641739,6.150624425e-06,0.0001538385775,0.02301558133,1.434125615,0.7425
Pair_total_expost_exposure,2016-02,0.01322819321,0.01338579967,0.0003119641739,3.153824723e-06,0.0001544526379,0.00700191567,1.453096506,0.7425
Pair_total_expost_exposure,2016-03,0.0114541815,0.01162193477,0.0003119641739,5.158019607e-06,0.0001625952493,0.01290315013,1.469740537,0.7425
Pair_total_expost_exposure,2016-04,0.01396013977,0.014139481,0.0003119641739,2.393261491e-05,0.0001554086151,0.04004277981,1.49025832,0.7425
Pair_total_expost_exposure,2016-05,0.001211199959,0.001369548895,0.0003119641739,8.033468468e-06,0.0001503154679,0.01363714044,1.492063321,0.7425
Pair_total_expost_exposure,2016-06,0.02748405721,0.02764403423,0.0003119641739,7.098808344e-06,0.0001528782113,0.02107289678,1.533071275,0.7425
Pair_total_expost_exposure,2016-07,-0.001068628706,-0.0008942471668,0.0003119641739,2.069872266e-05,0.0001536828165,0.03441438499,1.531432991,0.7425
Pair_total_expost_exposure,2016-08,0.004620725857,0.004778000898,0.0003119641739,1.904573244e-06,0.0001553704677,0.006159433744,1.538509323,0.7425
Pair_total_expost_exposure,2016-09,0.00211620434,0.002274672132,0.0003119641739,4.224431165e-06,0.0001542433615,0.005213807245,1.541765123,0.7425
Pair_total_expost_exposure,2016-10,0.01447685327,0.01462868971,0.0003119641739,2.004956177e-06,0.0001498314813,0.004386615943,1.564085031,0.7425
Pair_total_expost_exposure,2016-11,-0.0007081376473,-0.0005483908912,0.0003119641739,8.597485236e-06,0.0001511492708,0.02569862187,1.562977443,0.7425
Pair_total_expost_exposure,2016-12,0.008918771414,0.009085420726,0.0003119641739,1.171366688e-05,0.0001549356454,0.01842132639,1.576917282,0.7425
Pair_total_expost_exposure,2017-01,0.006747754268,0.006916249794,0.0005193472934,9.815847927e-06,0.0001586796785,0.01491704477,1.587557932,0.7425
Pair_total_expost_exposure,2017-02,0.009702646208,0.009865716369,0.0005193472934,1.158706878e-05,0.000151483092,0.0201269474,1.602961445,0.7425
Pair_total_expost_exposure,2017-03,-0.007533290395,-0.007371891833,0.0005193472934,5.049961826e-06,0.0001563486,0.01620901203,1.590885871,0.7425
Pair_total_expost_exposure,2017-04,-0.008742251179,-0.008582415185,0.0007262586484,2.508095744e-06,0.0001573278986,0.007951137353,1.576977947,0.7425
Pair_total_expost_exposure,2017-05,-0.00685250493,-0.006689375992,0.0007262586484,5.33227478e-06,0.0001577966627,0.0145202146,1.566171698,0.7425
Pair_total_expost_exposure,2017-06,-0.001324416485,-0.001161608153,0.0007262586484,4.541290518e-06,0.0001582670421,0.01521023061,1.564097434,0.7425
Pair_total_expost_exposure,2017-07,0.007060964598,0.007225167619,0.0009327004774,4.433632925e-06,0.0001597693885,0.0171304817,1.575141471,0.7425
Pair_total_expost_exposure,2017-08,-0.006361037118,-0.006191259436,0.0009327004774,1.32998751e-05,0.0001564778061,0.0249780466,1.565121937,0.7425
Pair_total_expost_exposure,2017-09,0.00806999086,0.008225952611,0.0009327004774,2.860872169e-06,0.0001531008786,0.008902456134,1.577752457,0.7425
Pair_total_expost_exposure,2017-10,-0.00190535567,-0.001749807569,0.0009327004774,3.785749821e-06,0.000151762351,0.01029233077,1.574746278,0.7425
Pair_total_expost_exposure,2017-11,-0.0006267415083,-0.0004646330469,0.0009327004774,6.03963955e-06,0.0001560688218,0.01561184144,1.573759319,0.7425
Pair_total_expost_exposure,2017-12,-0.001460102226,-0.001300528106,0.0009327004774,2.394397747e-06,0.0001571797219,0.005443351262,1.571461469,0.7425
Pair_total_expost_exposure,2018-01,-0.0005869149082,-0.0004214240788,0.001138675003,4.166081914e-06,0.0001613247475,0.01331981583,1.570539155,0.7425
Pair_total_expost_exposure,2018-02,0.003384689988,0.003548998872,0.001138675003,1.510210616e-05,0.0001492067778,0.03046122778,1.575854943,0.7425
Pair_total_expost_exposure,2018-03,-0.003643774169,-0.003479372924,0.001138675003,9.815137294e-06,0.0001545861077,0.02658891994,1.570112884,0.7425
Pair_total_expost_exposure,2018-04,0.005999071621,0.00615294845,0.00134418443,3.780317094e-06,0.0001500965124,0.007184334361,1.579532103,0.7425
Pair_total_expost_exposure,2018-05,-0.002580524841,-0.002417331277,0.00134418443,1.168726255e-05,0.000151506301,0.02182180435,1.575456081,0.7425
Pair_total_expost_exposure,2018-06,-0.004274715062,-0.004108791604,0.00134418443,1.313989812e-05,0.0001527835594,0.01915291153,1.568721456,0.7425
Pair_total_expost_exposure,2018-07,0.005430391758,0.005593569444,0.001549230951,5.967377184e-06,0.0001572103089,0.01190656336,1.577240228,0.7425
Pair_total_expost_exposure,2018-08,-0.007876827688,-0.007718585776,0.001549230951,7.302750232e-06,0.000150939162,0.01177394816,1.564816578,0.7425
Pair_total_expost_exposure,2018-09,0.006901627302,0.007077121109,0.001549230951,1.948007561e-05,0.0001560137318,0.02526252667,1.575616359,0.7425
Pair_total_expost_exposure,2018-10,0.02704341583,0.0272021609,0.00175381674,8.177650236e-06,0.0001505674239,0.01283029866,1.618226407,0.7425
Pair_total_expost_exposure,2018-11,-0.009834643291,-0.009661109523,0.00175381674,1.76691107e-05,0.0001558646567,0.03721688612,1.602311728,0.7425
Pair_total_expost_exposure,2018-12,-0.006591985053,-0.006429119842,0.00175381674,6.446550079e-06,0.000156418661,0.01152830301,1.591749313,0.7425
Pair_total_expost_exposure,2019-01,0.02211736977,0.02227512893,0.001957943956,3.442619152e-06,0.0001543165364,0.01058953276,1.626954621,0.7425
Pair_total_expost_exposure,2019-02,0.003103485951,0.003267317004,0.001957943956,1.092968893e-05,0.0001529013644,0.01987754594,1.632003852,0.7425
Pair_total_expost_exposure,2019-03,-0.002808434547,-0.00265039237,0.001957943956,5.174752285e-06,0.0001528674243,0.009737526002,1.627420476,0.7425
Pair_total_expost_exposure,2019-04,0.005565012368,0.005725262372,0.001957943956,7.517484201e-06,0.0001527325192,0.0114905573,1.636477091,0.7425
Pair_total_expost_exposure,2019-05,0.001000376016,0.001157526378,0.001957943956,3.415719578e-06,0.0001537346425,0.0098929392,1.638114183,0.7425
Pair_total_expost_exposure,2019-06,0.00880300366,0.008964467938,0.001957943956,3.034414056e-06,0.0001584298635,0.006310777761,1.652534509,0.7425
Pair_total_expost_exposure,2019-07,0.01348134782,0.01364198193,0.001957943956,9.778578841e-06,0.000150855535,0.01806846948,1.674812901,0.7425
Pair_total_expost_exposure,2019-08,-0.008740812801,-0.008584249641,0.001957943956,4.706685905e-06,0.0001518564738,0.01765592276,1.660173675,0.7425
Pair_total_expost_exposure,2019-09,0.005732069168,0.005901135107,0.00175381674,1.541363506e-05,0.0001536523045,0.01804520045,1.669689905,0.7425
Pair_total_expost_exposure,2019-10,0.00370463998,0.003864047909,0.001549230951,1.353828434e-06,0.0001580541003,0.005247356783,1.675875505,0.7425
Pair_total_expost_exposure,2019-11,-0.008995757314,-0.008831894404,0.00134418443,9.745416899e-06,0.0001541174926,0.0154289099,1.660799736,0.7425
Pair_total_expost_exposure,2019-12,0.007091285183,0.007259366064,0.00134418443,9.44470322e-06,0.0001586361777,0.01282948496,1.672576941,0.7425
Pair_total_expost_exposure,2020-01,-0.00197124405,-0.001809153321,0.00134418443,1.154846649e-05,0.0001505422625,0.01922898728,1.669279883,0.7425
Pair_total_expost_exposure,2020-02,-0.007278421668,-0.007111917864,0.00134418443,1.284442728e-05,0.0001536593765,0.02185698254,1.65713016,0.7425
Pair_total_expost_exposure,2020-03,-0.03419103908,-0.03393615292,0.00134418443,0.0001001959227,0.0001546902371,0.3797681006,1.600471158,0.7425
Pair_total_expost_exposure,2020-04,-0.002535217091,-0.002356852624,0.0001041070355,2.279873165e-05,0.0001555657359,0.0365293125,1.596413616,0.7425
Pair_total_expost_exposure,2020-05,9.592601438e-05,0.0002594424013,0.0001041070355,7.401393169e-06,0.0001561149938,0.01593452954,1.596566754,0.7425
Pair_total_expost_exposure,2020-06,-0.002364183201,-0.00220653192,0.0001041070355,2.985612333e-06,0.0001546656691,0.008835093907,1.592792178,0.7425
Pair_total_expost_exposure,2020-07,-0.001212688963,-0.001048262675,0.0001041070355,3.162514351e-06,0.0001612637738,0.005590376141,1.590860616,0.7425
Pair_total_expost_exposure,2020-08,-0.00303108826,-0.002861455048,0.0001041070355,1.507581661e-05,0.0001545573953,0.03116630647,1.586038577,0.7425
Pair_total_expost_exposure,2020-09,-0.008806399345,-0.008643443802,0.0001041070355,9.61299939e-06,0.0001533425435,0.01661418383,1.572071288,0.7425
Pair_total_expost_exposure,2020-10,-0.003887307525,-0.003724445372,0.0001041070355,7.42257821e-06,0.0001554395757,0.01295792604,1.565960164,0.7425
Pair_total_expost_exposure,2020-11,0.01682766143,0.01698828893,0.0001041070355,3.753444457e-06,0.0001568740618,0.007924728024,1.592311611,0.7425
Pair_total_expost_exposure,2020-12,0.0008567006647,0.001028853708,0.0001041070355,1.477284768e-05,0.0001573801955,0.0191060277,1.593675745,0.7425
Pair_total_expost_exposure,2021-01,-0.005311088149,-0.005152620833,0.0001041070355,5.818755719e-06,0.0001526485605,0.01303360384,1.585211593,0.7425
Pair_total_expost_exposure,2021-02,0.005001028566,0.005163750329,0.0001041070355,9.292699766e-06,0.0001534290628,0.01196463569,1.593139282,0.7425
Pair_total_expost_exposure,2021-03,0.006486898167,0.006638186484,0.0001041070355,2.276531402e-06,0.000149011786,0.007150529528,1.603473814,0.7425
Pair_total_expost_exposure,2021-04,0.01065300462,0.01082363392,0.0001041070355,1.226744069e-05,0.0001583618589,0.02551685213,1.620555628,0.7425
Pair_total_expost_exposure,2021-05,0.007026512577,0.007195325883,0.0001041070355,1.386902266e-05,0.0001549442835,0.02005929068,1.631942482,0.7425
Pair_total_expost_exposure,2021-06,0.01219480228,0.01235086579,0.0001041070355,4.042333377e-06,0.0001520211779,0.007927118785,1.651843698,0.7425
Pair_total_expost_exposure,2021-07,-0.006756019757,-0.006588940441,0.0001041070355,1.168337819e-05,0.0001553959374,0.02590562623,1.64068381,0.7425
Pair_total_expost_exposure,2021-08,-0.003241075736,-0.003082804646,0.0001041070355,4.064498935e-06,0.0001542065911,0.007816578873,1.635366229,0.7425
Pair_total_expost_exposure,2021-09,-0.00137434009,-0.001220696212,0.0001041070355,2.126130656e-06,0.000151517748,0.00393045589,1.63311868,0.7425
Pair_total_expost_exposure,2021-10,0.001169776441,0.00133203886,0.0001041070355,8.423516065e-06,0.0001538389026,0.01570337247,1.635029063,0.7425
Pair_total_expost_exposure,2021-11,-0.001206424526,-0.001043973408,0.0001041070355,8.907503673e-06,0.000153543614,0.01667936257,1.633056524,0.7425
Pair_total_expost_exposure,2021-12,0.007874980391,0.008032720844,0.0001041070355,4.845650753e-06,0.0001528948019,0.01464505057,1.645916812,0.7425
Pair_total_expost_exposure,2022-01,0.01063983618,0.01079570684,0.0001041070355,2.564503107e-06,0.0001533061613,0.008701047512,1.663429098,0.7425
Pair_total_expost_exposure,2022-02,0.008932254112,0.009095158169,0.0001041070355,7.93252892e-06,0.0001549715277,0.01585760947,1.678287269,0.7425
Pair_total_expost_exposure,2022-03,0.03135600582,0.03151433087,0.0001041070355,8.314925271e-06,0.0001500101261,0.01150585504,1.730911654,0.7425
Pair_total_expost_exposure,2022-04,0.01054244003,0.01077719579,0.0003119641739,8.887175915e-05,0.0001458839948,0.4017052683,1.749159687,0.7425
Pair_total_expost_exposure,2022-05,0.002253179122,0.002421931786,0.0003119641739,1.172642428e-05,0.0001570262397,0.0393574359,1.753100857,0.7425
Pair_total_expost_exposure,2022-06,-0.001107004997,-0.0008772782887,0.0007262586484,8.196106512e-05,0.0001477656429,0.382722907,1.751160165,0.7425
Pair_total_expost_exposure,2022-07,0.006268656972,0.006441893852,0.00134418443,1.851402274e-05,0.000154722857,0.03420225666,1.762137588,0.7425
Pair_total_expost_exposure,2022-08,0.01143281629,0.01158720336,0.001957943956,3.960416844e-06,0.0001504266469,0.009622254713,1.782283783,0.7425
Pair_total_expost_exposure,2022-09,-0.0006826810919,-0.0005285119244,0.001957943956,4.604167471e-06,0.0001495650001,0.02040451904,1.781067052,0.7425
Pair_total_expost_exposure,2022-10,0.01050123582,0.01066561523,0.002567595531,1.046783798e-05,0.0001539115685,0.02659788888,1.799770457,0.7425
Pair_total_expost_exposure,2022-11,-0.01417159669,-0.01400340281,0.002567595531,4.547357921e-06,0.0001636465184,0.01145078047,1.774264836,0.7425
Pair_total_expost_exposure,2022-12,-0.009567546471,-0.00939494724,0.003173196228,1.154221026e-05,0.000161057021,0.03771061836,1.757289474,0.7425
Pair_total_expost_exposure,2023-01,0.008403532297,0.008569096851,0.003574707178,8.794212306e-06,0.0001567703419,0.02580434943,1.772056913,0.7425
Pair_total_expost_exposure,2023-02,0.01303785629,0.01319472716,0.003574707178,7.306416142e-06,0.0001495644486,0.009290204208,1.795160737,0.7425
Pair_total_expost_exposure,2023-03,0.001648464107,0.001814860107,0.003774801921,7.760574719e-06,0.000158635425,0.02374474763,1.798119995,0.7425
Pair_total_expost_exposure,2023-04,0.009662246696,0.009824690043,0.003974458863,8.611702346e-06,0.0001538316437,0.01651853819,1.815493874,0.7425
Pair_total_expost_exposure,2023-05,0.01265454004,0.01280982159,0.003974458863,4.680940534e-06,0.0001506006095,0.01141502193,1.838468114,0.7425
Pair_total_expost_exposure,2023-06,0.02351735138,0.02367722683,0.004173680002,6.557668663e-06,0.0001533177879,0.01906767149,1.881704014,0.7425
Pair_total_expost_exposure,2023-07,0.006534409549,0.006700263258,0.004173680002,8.715889513e-06,0.0001571378198,0.01905541396,1.893999839,0.7425
Pair_total_expost_exposure,2023-08,0.004814672207,0.005047656999,0.004372467323,8.131920409e-05,0.0001516655878,0.3816751769,1.903118827,0.7425
Pair_total_expost_exposure,2023-09,0.01213747794,0.01236903537,0.004372467323,8.058394647e-05,0.0001509734783,0.3822545471,1.92621789,0.7425
Pair_total_expost_exposure,2023-10,0.004442555806,0.004678288819,0.004372467323,8.174440874e-05,0.0001539886044,0.3890077971,1.934775221,0.7425
Pair_total_expost_exposure,2023-11,0.008737190529,0.008897803969,0.004372467323,1.820604215e-06,0.0001587928357,0.005568778963,1.95167972,0.7425
Pair_total_expost_exposure,2023-12,0.0005080527516,0.0006744984828,0.004372467323,7.643585932e-06,0.0001588021453,0.01882386695,1.952671277,0.7425
Pair_total_expost_exposure,2024-01,0.01318086538,0.01333814724,0.004372467323,7.403962487e-06,0.0001498778966,0.01688803144,1.978409174,0.7425
Pair_total_expost_exposure,2024-02,0.007257838801,0.007419516966,0.004372467323,8.260043286e-06,0.0001534181219,0.02243114969,1.992768149,0.7425
Pair_total_expost_exposure,2024-03,0.007491658267,0.007647819685,0.004372467323,2.123014451e-06,0.0001540384036,0.007172064877,2.007697287,0.7425
Pair_total_expost_exposure,2024-04,0.008278920683,0.008431011263,0.004372467323,9.30159538e-07,0.0001511604203,0.004323298868,2.024318853,0.7425
Pair_total_expost_exposure,2024-05,0.00371548005,0.003878238072,0.004372467323,7.16985252e-06,0.0001555881696,0.01764549143,2.03184017,0.7425
Pair_total_expost_exposure,2024-06,0.001185001719,0.001339875403,0.004372467323,2.911686708e-06,0.0001519619978,0.00750864807,2.034247904,0.7425
Pair_total_expost_exposure,2024-07,-0.006110333627,-0.005848834877,0.004372467323,0.0001023258668,0.0001591728833,0.3827390312,2.02181797,0.7425
Pair_total_expost_exposure,2024-08,0.0007079483886,0.0009648321274,0.004372467323,9.772478684e-05,0.0001591589519,0.3908831133,2.023249313,0.7425
Pair_total_expost_exposure,2024-09,0.01077927528,0.01094145129,0.004372467323,5.298220022e-06,0.0001568777948,0.01870966324,2.045058474,0.7425
Pair_total_expost_exposure,2024-10,0.01098678526,0.01123210058,0.003974458863,0.0001000334741,0.0001452818452,0.3814422694,2.067527093,0.7425
Pair_total_expost_exposure,2024-11,-0.006908564647,-0.006649551351,0.003974458863,0.0001052497832,0.0001537635125,0.3922478426,2.053243448,0.7425
Pair_total_expost_exposure,2024-12,0.01132436596,0.01148413486,0.003774801921,9.677349093e-06,0.000150091549,0.018139722,2.076495128,0.7425
Pair_total_expost_exposure,2025-01,0.01274889891,0.01300233996,0.003574707178,9.780027366e-05,0.0001556407764,0.3835181412,2.102968155,0.7425
Pair_total_expost_exposure,2025-02,-0.001781807268,-0.001611195414,0.003574707178,1.168661013e-05,0.000158925244,0.01571167931,2.099221071,0.7425
Pair_total_expost_exposure,2025-03,-0.002551127223,-0.00238417415,0.003574707178,6.059294996e-06,0.0001608937781,0.01744625981,2.093865691,0.7425
Pair_total_expost_exposure,2025-04,0.001440695179,0.001611943996,0.003574707178,1.002829679e-05,0.0001612205197,0.02668022172,2.096882313,0.7425
Pair_total_expost_exposure,2025-05,0.00508006326,0.005247317444,0.003574707178,1.246662818e-05,0.0001547875561,0.02915398745,2.107534608,0.7425
Pair_total_expost_exposure,2025-06,0.009660796438,0.009912434615,0.003574707178,9.468759682e-05,0.00015695058,0.3760843037,2.127895071,0.7425
Pair_total_expost_exposure,2025-07,0.007698483468,0.007857000901,0.003574707178,8.481319441e-06,0.0001500361133,0.01578529194,2.144276636,0.7425
Pair_total_expost_exposure,2025-08,0.00765299874,0.00781681695,0.003574707178,6.357338906e-06,0.0001574608707,0.02284397089,2.160686782,0.7425
Pair_total_expost_exposure,2025-09,0.009097165526,0.009259461068,0.003574707178,7.421224926e-06,0.0001548743165,0.01255051137,2.180342907,0.7425
Pair_total_expost_exposure,2025-10,0.009146966394,0.009302327241,0.003374172623,5.008470872e-06,0.0001503523765,0.007957069494,2.200286431,0.7425
Pair_total_expost_exposure,2025-11,0.01055885209,0.01071818411,0.003173196228,5.525787804e-06,0.0001538062349,0.02073764805,2.22351893,0.7425
Pair_total_expost_exposure,2025-12,-0.0007538316326,-0.0005020492525,0.003173196228,9.506180851e-05,0.0001567205715,0.3758260726,2.221842771,0.7425
Pair_total_expost_exposure,2026-01,0.007215898076,0.007380440345,0.002971775953,5.171534323e-06,0.0001593707349,0.01311251038,2.237875362,0.7425
Pair_total_expost_exposure,2026-02,0.01023496593,0.01040003275,0.002971775953,1.311644662e-05,0.0001519503712,0.02215892919,2.26077994,0.7425
Pair_total_expost_exposure,2026-03,0.01309230126,0.01324759151,0.002971775953,6.240150711e-06,0.0001490500993,0.01771884856,2.290378752,0.7425
Pair_total_expost_exposure,2026-04,0.009733569266,0.009900089276,0.002971775953,8.376189646e-06,0.0001581438209,0.02544259837,2.312672312,0.7425
Pair_total_expost_exposure,2026-05,0.004234047039,0.004398850312,0.002971775953,1.121548666e-05,0.0001535877858,0.01690633775,2.322464275,0.7425
Pair_total_expost_exposure,2026-06,0.01033085507,0.01048226369,0.002971775953,2.084387173e-06,0.0001493242416,0.006210083313,2.346457317,0.7425
Pair_total_expost_exposure,2026-07,0.006419617873,0.006586488581,0.002971775953,9.736503407e-06,0.0001571342045,0.02491626304,2.361520677,0.7425
Pair_total_expost_exposure,2026-08,0.001953498616,0.00242915466,0.002971775953,0.000320850343,0.000154805701,0.7547336332,2.366133904,0.7425
Pair_FX_past_exposure,2010-03,0.0001041070355,0.0001041070355,0.0001041070355,0,0,0,1.351947177,0
Pair_FX_past_exposure,2010-04,0.009205448408,0.009508396736,0.0001041070355,0.0002,0.0001029483281,0.5,1.364392457,0.5
Pair_FX_past_exposure,2010-05,-0.006482733745,-0.006375728297,0.0001041070355,5.086438988e-06,0.0001019190092,0.00931850865,1.355547464,0.5
Pair_FX_past_exposure,2010-06,0.002804964216,0.002919109454,0.0001041070355,8.455035926e-06,0.0001056902026,0.02389195717,1.359349726,0.5
Pair_FX_past_exposure,2010-07,-0.002082996989,-0.001970887512,0.0001041070355,3.397281085e-06,0.0001087121963,0.01014874847,1.356518204,0.5
Pair_FX_past_exposure,2010-08,-0.002431806877,-0.002270294524,0.0001041070355,5.750051527e-05,0.0001040118371,0.2709043255,1.353219414,0.5
Pair_FX_past_exposure,2010-09,-0.001322991374,-0.001198368436,0.0001041070355,3.390689646e-05,9.071604152e-05,0.08149871801,1.351429116,0.4166666667
Pair_FX_past_exposure,2010-10,-0.002831793527,-0.002724293599,0.0001041070355,3.134463713e-05,7.61552915e-05,0.07763024319,1.347602148,0.3571428571
Pair_FX_past_exposure,2010-11,0.00758987676,0.007671503324,0.0001041070355,1.97542452e-05,6.187231941e-05,0.05130228058,1.357830282,0.3125
Pair_FX_past_exposure,2010-12,0.00269551898,0.00280117644,0.0001041070355,4.607065567e-05,5.958680396e-05,0.1634133558,1.36149034,0.2777777778
Pair_FX_past_exposure,2011-01,0.001580140625,0.00164775393,0.0001041070355,4.662832633e-06,6.295047261e-05,0.01202207164,1.363641686,0.3
Pair_FX_past_exposure,2011-02,0.002587896656,0.002661658645,0.0001041070355,7.014339298e-06,6.674765012e-05,0.01491335451,1.36717065,0.3181818182
Pair_FX_past_exposure,2011-03,0.001545081976,0.001619727716,0.0001041070355,1.339749839e-05,6.124824175e-05,0.0304909142,1.36928304,0.2916666667
Pair_FX_past_exposure,2011-04,0.001463558792,0.001533424136,0.0001041070355,1.194143103e-05,5.792391278e-05,0.02586256647,1.371287067,0.2692307692
Pair_FX_past_exposure,2011-05,0.0009294240998,0.0009929861506,0.0001041070355,1.240160426e-05,5.11604466e-05,0.02909201949,1.372561574,0.25
Pair_FX_past_exposure,2011-06,-0.001212132517,-0.001156599572,0.0001041070355,6.488265162e-06,4.904467982e-05,0.0129537292,1.370897847,0.2333333333
Pair_FX_past_exposure,2011-07,-0.001097824707,-0.001044364277,0.0001041070355,7.345426379e-06,4.611500404e-05,0.01574332012,1.369392842,0.21875
Pair_FX_past_exposure,2011-08,-0.001544436275,-0.001494931284,0.0001041070355,6.033500383e-06,4.347149116e-05,0.01461445531,1.367277902,0.2058823529
Pair_FX_past_exposure,2011-09,-0.008481651907,-0.008408742505,0.0001041070355,2.776533466e-05,4.514406722e-05,0.1193050241,1.355681127,0.2222222222
Pair_FX_past_exposure,2011-10,0.008572581105,0.008621614226,0.0001041070355,4.854355743e-06,4.417876551e-05,0.008585670207,1.367302813,0.2105263158
Pair_FX_past_exposure,2011-11,-0.004927180036,-0.004875200809,0.0001041070355,1.064182602e-05,4.133740131e-05,0.01875183217,1.360565866,0.2
Pair_FX_past_exposure,2011-12,-0.0007768071807,-0.0007360062551,0.0001041070355,1.339830618e-06,3.946109497e-05,0.005003963272,1.359508969,0.1904761905
Pair_FX_past_exposure,2012-01,0.003363218333,0.003422472951,0.0001041070355,2.076444139e-05,3.849017648e-05,0.09785623317,1.364081294,0.1818181818
Pair_FX_past_exposure,2012-02,0.00445359428,0.004495911651,0.0001041070355,2.135118361e-06,4.018225298e-05,0.00857700122,1.370156359,0.1956521739
Pair_FX_past_exposure,2012-03,-0.001803060004,-0.0017595861,0.0001041070355,4.954662824e-06,3.851924123e-05,0.0100089057,1.367685885,0.1875
Pair_FX_past_exposure,2012-04,-0.002546004346,-0.002506510745,0.0001041070355,1.742106151e-06,3.775149445e-05,0.004906793828,1.36420375,0.18
Pair_FX_past_exposure,2012-05,-0.003288644975,-0.003251567028,0.0001041070355,1.814134715e-06,3.526381216e-05,0.005999927378,1.359717369,0.1730769231
Pair_FX_past_exposure,2012-06,0.001008339282,0.001044820561,0.0001041070355,1.670255844e-06,3.481102325e-05,0.005187946024,1.361088425,0.1666666667
Pair_FX_past_exposure,2012-07,0.001697319046,0.00173319368,0.0001041070355,2.508889293e-06,3.336574477e-05,0.007174182246,1.363398626,0.1607142857
Pair_FX_past_exposure,2012-08,0.0006453946931,0.0006862173972,0.0001041070355,4.492905236e-06,3.632979878e-05,0.01088181161,1.364278557,0.1724137931
Pair_FX_past_exposure,2012-09,-0.0003026539704,-0.0002640677081,0.0001041070355,3.235771637e-06,3.535049063e-05,0.008192063367,1.363865652,0.1666666667
Pair_FX_past_exposure,2012-10,0.0007953822633,0.0008353898501,0.0001041070355,3.475339191e-06,3.653224759e-05,0.00804738756,1.364950447,0.1774193548
Pair_FX_past_exposure,2012-11,-0.0001152957036,-7.242063488e-05,0.0001041070355,4.486307756e-06,3.838876093e-05,0.01154827578,1.364793074,0.1875
Pair_FX_past_exposure,2012-12,0.004277053984,0.004323509589,0.0001041070355,5.907950888e-06,4.054765406e-05,0.01285222995,1.370630368,0.196969697
Pair_FX_past_exposure,2013-01,0.004546786407,0.004591352288,0.0001041070355,2.250594584e-06,4.231528615e-05,0.007873935283,1.376862331,0.2058823529
Pair_FX_past_exposure,2013-02,0.002463518426,0.002509011706,0.0001041070355,4.746078437e-06,4.074720172e-05,0.009707178706,1.380254257,0.2
Pair_FX_past_exposure,2013-03,0.001132467832,0.001174352531,0.0001041070355,2.342439328e-06,3.954225979e-05,0.003634637142,1.38181735,0.1944444444
Pair_FX_past_exposure,2013-04,0.0007982914141,0.0008383803277,0.0001041070355,8.763405083e-07,3.921257307e-05,0.001474549709,1.382920443,0.1891891892
Pair_FX_past_exposure,2013-05,-0.001125388106,-0.001085328869,0.0001041070355,2.332358274e-06,3.772687824e-05,0.005118397422,1.381364121,0.1842105263
Pair_FX_past_exposure,2013-06,-0.002928621828,-0.002889289221,0.0001041070355,1.569742019e-06,3.776286547e-05,0.00301901835,1.377318628,0.1794871795
Pair_FX_past_exposure,2013-07,-0.001184933537,-0.001147029726,0.0001041070355,9.88767247e-07,3.691504339e-05,0.004089055057,1.375686597,0.175
Pair_FX_past_exposure,2013-08,-0.0008793225769,-0.0008425000272,0.0001041070355,1.36196814e-06,3.546058155e-05,0.005529075943,1.374476925,0.1707317073
Pair_FX_past_exposure,2013-09,0.002442938145,0.002478858375,0.0001041070355,7.275972917e-07,3.519263253e-05,0.002751666382,1.377834687,0.1666666667
Pair_FX_past_exposure,2013-10,0.0009956379046,0.001033873078,0.0001041070355,4.261428826e-06,3.397374481e-05,0.00809625535,1.379206511,0.1627906977
Pair_FX_past_exposure,2013-11,-0.0006243841367,-0.0005891562439,0.0001041070355,2.776887557e-06,3.245100521e-05,0.004753878464,1.378345357,0.1590909091
Pair_FX_past_exposure,2013-12,0.0009250680146,0.0009586313212,0.0001041070355,1.352421717e-06,3.221088493e-05,0.002820162085,1.37962042,0.1555555556
Pair_FX_past_exposure,2014-01,-0.001644476279,-0.0016114612,0.0001041070355,1.203175615e-06,3.181190338e-05,0.003500269451,1.377351667,0.152173913
Pair_FX_past_exposure,2014-02,0.001363742334,0.001414360347,0.0001041070355,1.91896908e-05,3.142832281e-05,0.07676661059,1.379230019,0.1489361702
Pair_FX_past_exposure,2014-03,0.002173202698,0.002206729397,0.0001041070355,3.390309677e-06,3.013638865e-05,0.006130051948,1.382227366,0.1458333333
Pair_FX_past_exposure,2014-04,0.0004313699925,0.0004635379848,0.0001041070355,2.235447315e-06,2.9932545e-05,0.003586204727,1.382823617,0.1428571429
Pair_FX_past_exposure,2014-05,0.001586733263,0.001617526206,0.0001041070355,1.753827393e-06,2.903911591e-05,0.003976176725,1.38501779,0.14
Pair_FX_past_exposure,2014-06,0.001152019813,0.001182505583,0.0001041070355,1.79212187e-06,2.869364895e-05,0.003426873011,1.386613357,0.137254902
Pair_FX_past_exposure,2014-07,-1.300387364e-05,1.648241489e-05,0.0001041070355,1.936468475e-06,2.754982006e-05,0.004036756227,1.386595326,0.1346153846
Pair_FX_past_exposure,2014-08,0.001548787894,0.001576083923,0.0001041070355,1.187218187e-07,2.717730739e-05,0.0003293410399,1.388742868,0.1320754717
Pair_FX_past_exposure,2014-09,-7.447908929e-05,-4.759612591e-05,0.0001041070355,1.208985986e-06,2.56739774e-05,0.002087532787,1.388639436,0.1296296296
Pair_FX_past_exposure,2014-10,0.0008227904703,0.0008513114339,0.0001041070355,2.3249927e-06,2.619597089e-05,0.004181746901,1.389781995,0.1272727273
Pair_FX_past_exposure,2014-11,0.0006319858278,0.0006582111327,0.0001041070355,9.288211511e-07,2.529648374e-05,0.001521935407,1.390660318,0.125
Pair_FX_past_exposure,2014-12,0.0007604947152,0.0008008559943,0.0001041070355,1.564566262e-05,2.471561654e-05,0.06128530946,1.391717907,0.1228070175
Pair_FX_past_exposure,2015-01,0.00173420525,0.001758374012,0.0001041070355,7.166527264e-07,2.345210989e-05,0.001535580001,1.394131432,0.1206896552
Pair_FX_past_exposure,2015-02,-0.001149410573,-0.001123032388,0.0001041070355,1.813419385e-06,2.456476527e-05,0.005853621726,1.392529003,0.1186440678
Pair_FX_past_exposure,2015-03,-0.001260449048,-0.001235088437,0.0001041070355,1.995997385e-06,2.336461396e-05,0.003365617765,1.390773791,0.1166666667
Pair_FX_past_exposure,2015-04,0.002663819842,0.002691413465,0.0001041070355,2.721367072e-06,2.487225653e-05,0.003817326301,1.394478562,0.1147540984
Pair_FX_past_exposure,2015-05,-0.0009914860003,-0.0009638161689,0.0001041070355,4.66352594e-06,2.300630547e-05,0.008724513958,1.393095956,0.1129032258
Pair_FX_past_exposure,2015-06,-0.0004752212692,-0.0004504027678,0.0001041070355,1.064498818e-06,2.375400259e-05,0.001660976973,1.392433927,0.1111111111
Pair_FX_past_exposure,2015-07,-0.001453308347,-0.001429386057,0.0001041070355,1.879673526e-06,2.204261659e-05,0.004122223576,1.390410291,0.109375
Pair_FX_past_exposure,2015-08,-0.003025884729,-0.003001084216,0.0001041070355,1.906763546e-06,2.289374999e-05,0.003289341292,1.38620307,0.1076923077
Pair_FX_past_exposure,2015-09,-0.002642113357,-0.002618272181,0.0001041070355,1.657537699e-06,2.218363821e-05,0.003282389232,1.382540564,0.1060606061
Pair_FX_past_exposure,2015-10,0.002516152242,0.002539652247,0.0001041070355,2.070470212e-06,2.142953462e-05,0.00302239205,1.386019247,0.1044776119
Pair_FX_past_exposure,2015-11,0.001904562425,0.001928411029,0.0001041070355,1.568989702e-06,2.227961466e-05,0.005284638013,1.388659007,0.1102941176
Pair_FX_past_exposure,2015-12,-0.003437374961,-0.003405419507,0.0001041070355,5.518861376e-06,2.643659209e-05,0.01465326896,1.383885665,0.1231884058
Pair_FX_past_exposure,2016-01,-0.0001636076951,-0.000134557746,0.0003119641739,2.411234414e-06,2.663871472e-05,0.004788953586,1.383659251,0.1285714286
Pair_FX_past_exposure,2016-02,0.002517409008,0.002543946333,0.0003119641739,1.689699082e-07,2.636835475e-05,0.0006481190416,1.387142487,0.1267605634
Pair_FX_past_exposure,2016-03,0.00239298986,0.002427559123,0.0003119641739,4.154887381e-06,3.041437511e-05,0.01044648009,1.390461905,0.1388888889
Pair_FX_past_exposure,2016-04,0.003084799109,0.003118157341,0.0003119641739,1.819192732e-06,3.153903908e-05,0.004839268362,1.3947512,0.1506849315
Pair_FX_past_exposure,2016-05,0.0005072359134,0.000542940908,0.0003119641739,2.876063656e-06,3.282893101e-05,0.008499508395,1.395458668,0.1621621622
Pair_FX_past_exposure,2016-06,0.006168175662,0.006201703176,0.0003119641739,5.84061389e-07,3.294345293e-05,0.002329302869,1.404066103,0.16
Pair_FX_past_exposure,2016-07,1.757324978e-05,5.545990159e-05,0.0003119641739,5.205563771e-06,3.268108804e-05,0.006018667003,1.404090777,0.1578947368
Pair_FX_past_exposure,2016-08,0.001216227072,0.001249345619,0.0003119641739,5.076657571e-07,3.261088132e-05,0.00108265243,1.40579847,0.1558441558
Pair_FX_past_exposure,2016-09,0.0006847648736,0.0007186376696,0.0003119641739,1.91353958e-06,3.195925645e-05,0.003373403115,1.406761111,0.1538461538
Pair_FX_past_exposure,2016-10,0.003209202849,0.003240842944,0.0003119641739,9.879569545e-07,3.065213785e-05,0.001749545463,1.411275693,0.1518987342
Pair_FX_past_exposure,2016-11,0.0001055708975,0.0001381550699,0.0003119641739,2.048966139e-06,3.053520623e-05,0.003514005874,1.411424683,0.15
Pair_FX_past_exposure,2016-12,0.002029781973,0.002062497967,0.0003119641739,1.802284246e-06,3.091370903e-05,0.002853547971,1.414289567,0.1481481481
Pair_FX_past_exposure,2017-01,0.001746161294,0.00178013123,0.0005193472934,2.695301182e-06,3.127463483e-05,0.003435034144,1.416759145,0.1463414634
Pair_FX_past_exposure,2017-02,0.002306404555,0.002339256083,0.0005193472934,3.355002391e-06,2.949652516e-05,0.006480498892,1.420026764,0.1445783133
Pair_FX_past_exposure,2017-03,-0.001030215866,-0.0009989286329,0.0005193472934,1.205731989e-06,3.008150072e-05,0.001815721002,1.41856383,0.1428571429
Pair_FX_past_exposure,2017-04,-0.001074067646,-0.00104366151,0.0007262586484,4.923345879e-07,2.991380129e-05,0.001789471451,1.417040197,0.1411764706
Pair_FX_past_exposure,2017-05,-0.0006981716369,-0.0006673301965,0.0007262586484,1.187381218e-06,2.965405924e-05,0.00301855973,1.41605086,0.1395348837
Pair_FX_past_exposure,2017-06,0.0003453648249,0.0003755577449,0.0007262586484,7.923316981e-07,2.940058833e-05,0.003213043031,1.416539914,0.1379310345
Pair_FX_past_exposure,2017-07,0.002104566231,0.002136493549,0.0009327004774,1.362313867e-06,3.056500393e-05,0.002029017992,1.419521116,0.1420454545
Pair_FX_past_exposure,2017-08,-0.0005007266634,-0.0004687519326,0.0009327004774,1.191823383e-06,3.078290742e-05,0.001710839706,1.418810324,0.1460674157
Pair_FX_past_exposure,2017-09,0.002373563889,0.002406084747,0.0009327004774,1.591387208e-06,3.092947042e-05,0.003625748249,1.422177961,0.15
Pair_FX_past_exposure,2017-10,0.0003657268005,0.0003967348337,0.0009327004774,6.858850859e-07,3.032214806e-05,0.001971304576,1.422698089,0.1483516484
Pair_FX_past_exposure,2017-11,0.0006113621428,0.0006463197229,0.0009327004774,2.971582274e-06,3.198599774e-05,0.007271227902,1.423567873,0.152173913
Pair_FX_past_exposure,2017-12,0.0004469547323,0.0004799261365,0.0009327004774,1.104113303e-06,3.186729092e-05,0.002557540619,1.424204143,0.1505376344
Pair_FX_past_exposure,2018-01,0.0007795785442,0.0008145624347,0.001138675003,1.468469027e-06,3.351542143e-05,0.002111188905,1.425314422,0.1542553191
Pair_FX_past_exposure,2018-02,0.001617981677,0.001651237229,0.001138675003,1.526306595e-06,3.172924567e-05,0.002616559788,1.427620555,0.1578947368
Pair_FX_past_exposure,2018-03,9.736768811e-05,0.0001344698559,0.001138675003,3.487063002e-06,3.361510479e-05,0.008949275814,1.427759559,0.1614583333
Pair_FX_past_exposure,2018-04,0.002376756338,0.002412464819,0.00134418443,2.364121163e-06,3.334436042e-05,0.004676331396,1.431152996,0.1649484536
Pair_FX_past_exposure,2018-05,0.0004530724157,0.0004912330229,0.00134418443,3.805436895e-06,3.43551703e-05,0.007688108218,1.431801412,0.1683673469
Pair_FX_past_exposure,2018-06,4.321301613e-05,8.308056231e-05,0.00134418443,4.533457686e-06,3.533408849e-05,0.007801616833,1.431863284,0.1717171717
Pair_FX_past_exposure,2018-07,0.002462312202,0.002502442044,0.001549230951,3.076906945e-06,3.705293475e-05,0.006728421947,1.435388979,0.175
Pair_FX_past_exposure,2018-08,-0.0007123934656,-0.000675267513,0.001549230951,8.969308296e-07,3.622902179e-05,0.001673604131,1.434366417,0.1782178218
Pair_FX_past_exposure,2018-09,0.002855070646,0.002899544121,0.001549230951,6.363565322e-06,3.810991005e-05,0.009640624323,1.438461634,0.181372549
Pair_FX_past_exposure,2018-10,0.008037298933,0.008076180037,0.00175381674,1.47427201e-06,3.740683279e-05,0.003146739072,1.45002298,0.1844660194
Pair_FX_past_exposure,2018-11,-0.001172605926,-0.001128740397,0.00175381674,4.505767173e-06,3.935976179e-05,0.009198436833,1.448322675,0.1875
Pair_FX_past_exposure,2018-12,-0.0003882398314,-0.0003453813568,0.00175381674,2.73183398e-06,4.012664064e-05,0.004284588843,1.447760378,0.1904761905
Pair_FX_past_exposure,2019-01,0.007080522768,0.00712081416,0.001957943956,1.077483159e-06,3.921390925e-05,0.00300712164,1.458011279,0.1886792453
Pair_FX_past_exposure,2019-02,0.002253548007,0.002295804147,0.001957943956,2.802689964e-06,3.945345001e-05,0.005126571398,1.461296977,0.191588785
Pair_FX_past_exposure,2019-03,0.0007086082629,0.0007511218729,0.001957943956,2.480988643e-06,4.003262141e-05,0.005207911344,1.462332464,0.1944444444
Pair_FX_past_exposure,2019-04,0.002894329239,0.002935470744,0.001957943956,1.511159897e-06,3.963034508e-05,0.001955143708,1.466564936,0.1926605505
Pair_FX_past_exposure,2019-05,0.001712030465,0.001752143293,0.001957943956,5.850968865e-07,3.952773176e-05,0.001395151773,1.46907574,0.1909090909
Pair_FX_past_exposure,2019-06,0.00370269014,0.003743208052,0.001957943956,1.49942357e-07,4.03679696e-05,0.0002190900262,1.474515272,0.1891891892
Pair_FX_past_exposure,2019-07,0.004937973684,0.004978708945,0.001957943956,1.73340927e-06,3.900185188e-05,0.002813513105,1.481796389,0.1919642857
Pair_FX_past_exposure,2019-08,-0.0008475739601,-0.0008063152631,0.001957943956,1.440545899e-06,3.981815111e-05,0.005445933107,1.480540457,0.1946902655
Pair_FX_past_exposure,2019-09,0.002787852128,0.002831742242,0.00175381674,3.9544923e-06,3.99356217e-05,0.004609352036,1.484667985,0.1929824561
Pair_FX_past_exposure,2019-10,0.002104169018,0.002145641118,0.001549230951,7.496259862e-07,4.072247352e-05,0.00161951716,1.487791978,0.1913043478
Pair_FX_past_exposure,2019-11,-0.001356060774,-0.001314143374,0.00134418443,1.656822324e-06,4.026057799e-05,0.002341259461,1.485774441,0.1939655172
Pair_FX_past_exposure,2019-12,0.002864563176,0.002910263196,0.00134418443,3.700169282e-06,4.199985135e-05,0.005790294541,1.490030536,0.1965811966
Pair_FX_past_exposure,2020-01,0.0004556916172,0.0004983996086,0.00134418443,2.329709453e-06,4.037828191e-05,0.003369617949,1.490709531,0.1991525424
Pair_FX_past_exposure,2020-02,-0.0009991482988,-0.0009526942167,0.00134418443,4.716538109e-06,4.173754391e-05,0.008859474915,1.489220091,0.2016806723
Pair_FX_past_exposure,2020-03,-0.00842799834,-0.008356918433,0.00134418443,2.854443225e-05,4.253547486e-05,0.1062515055,1.476668946,0.2041666667
Pair_FX_past_exposure,2020-04,-0.0006317859652,-0.0005806912669,0.0001041070355,7.806239085e-06,4.328845922e-05,0.01053453897,1.475736007,0.2066115702
Pair_FX_past_exposure,2020-05,0.0001012722748,0.000147834494,0.0001041070355,2.615292612e-06,4.394692654e-05,0.004425572554,1.475885459,0.2090163934
Pair_FX_past_exposure,2020-06,-0.0005982150361,-0.0005537081116,0.0001041070355,4.751991969e-07,4.403172534e-05,0.00172434121,1.475002562,0.2113821138
Pair_FX_past_exposure,2020-07,-0.0002756980403,-0.0002275731788,0.0001041070355,1.709199414e-06,4.641566206e-05,0.002939904298,1.474595906,0.2137096774
Pair_FX_past_exposure,2020-08,-0.0008069029591,-0.0007586019343,0.0001041070355,3.338873463e-06,4.496215137e-05,0.006471396638,1.473406051,0.216
Pair_FX_past_exposure,2020-09,-0.002515650182,-0.002467189507,0.0001041070355,3.386441309e-06,4.507423382e-05,0.005068465079,1.469699476,0.2182539683
Pair_FX_past_exposure,2020-10,-0.001082239709,-0.00103271491,0.0001041070355,3.369724624e-06,4.61550743e-05,0.006198260318,1.468108909,0.2204724409
Pair_FX_past_exposure,2020-11,0.005118534516,0.005167229764,0.0001041070355,1.652836347e-06,4.70424112e-05,0.002250813377,1.475623475,0.22265625
Pair_FX_past_exposure,2020-12,0.0003318272819,0.0003840919335,0.0001041070355,4.61476083e-06,4.764989083e-05,0.006018081578,1.476113128,0.2248062016
Pair_FX_past_exposure,2021-01,-0.001550071339,-0.001502455742,0.0001041070355,9.630970621e-07,4.665249971e-05,0.001949325881,1.473825047,0.2269230769
Pair_FX_past_exposure,2021-02,0.001613353797,0.001664641631,0.0001041070355,3.966047192e-06,4.732178667e-05,0.006387055756,1.476202848,0.2290076336
Pair_FX_past_exposure,2021-03,0.002090005661,0.002137465093,0.0001041070355,1.088045973e-06,4.637138529e-05,0.002852090593,1.47928812,0.2310606061
Pair_FX_past_exposure,2021-04,0.003415189212,0.003469139147,0.0001041070355,4.237597112e-06,4.971233767e-05,0.008983771388,1.484340169,0.2330827068
Pair_FX_past_exposure,2021-05,0.002295862553,0.002349178584,0.0001041070355,4.260852711e-06,4.905517795e-05,0.006031702957,1.48774801,0.2350746269
Pair_FX_past_exposure,2021-06,0.003964193907,0.004013784353,0.0001041070355,1.05893149e-06,4.85315146e-05,0.002239928979,1.493645732,0.237037037
Pair_FX_past_exposure,2021-07,-0.002103797838,-0.002050022921,0.0001041070355,3.761370625e-06,5.001354689e-05,0.008333106244,1.490503403,0.2389705882
Pair_FX_past_exposure,2021-08,-0.0009817647305,-0.0009297653673,0.0001041070355,1.972894104e-06,5.002646914e-05,0.002838845039,1.48904008,0.2408759124
Pair_FX_past_exposure,2021-09,-0.000380176923,-0.0003290253394,0.0001041070355,1.614233723e-06,4.953734989e-05,0.003480000685,1.488473981,0.2427536232
Pair_FX_past_exposure,2021-10,0.0004543610416,0.0005086288196,0.0001041070355,3.588101763e-06,5.067967628e-05,0.00722109064,1.489150285,0.2446043165
Pair_FX_past_exposure,2021-11,-0.0003312202659,-0.000276929764,0.0001041070355,3.330860902e-06,5.095964103e-05,0.005820993549,1.488657049,0.2464285714
Pair_FX_past_exposure,2021-12,0.002702422257,0.002754740876,0.0001041070355,1.203991501e-06,5.111462679e-05,0.00485629531,1.492680029,0.2482269504
Pair_FX_past_exposure,2022-01,0.00365154154,0.003703972289,0.0001041070355,8.125137025e-07,5.161823613e-05,0.003170144629,1.498130612,0.25
Pair_FX_past_exposure,2022-02,0.003097334257,0.003152566839,0.0001041070355,2.688728744e-06,5.254385343e-05,0.005380206231,1.502770823,0.2517482517
Pair_FX_past_exposure,2022-03,0.01077280692,0.01082682654,0.0001041070355,2.809657601e-06,5.120996636e-05,0.00405359643,1.518959883,0.2534722222
Pair_FX_past_exposure,2022-04,0.003827076063,0.003908514223,0.0003119641739,3.130271071e-05,5.013544928e-05,0.1381946438,1.524773058,0.2551724138
Pair_FX_past_exposure,2022-05,0.0009834905421,0.001041854727,0.0003119641739,4.044882836e-06,5.431930253e-05,0.01358617747,1.526272658,0.2568493151
Pair_FX_past_exposure,2022-06,8.854801703e-05,0.0001679828875,0.0007262586484,2.798985864e-05,5.144501183e-05,0.1318972121,1.526407806,0.2585034014
Pair_FX_past_exposure,2022-07,0.003068747199,0.003130168712,0.00134418443,7.214306413e-06,5.420720714e-05,0.01383413501,1.531091966,0.2601351351
Pair_FX_past_exposure,2022-08,0.00529820126,0.005352435779,0.001957943956,1.206347035e-06,5.302817192e-05,0.003233819738,1.539203999,0.2617449664
Pair_FX_past_exposure,2022-09,0.001021425039,0.001076103262,0.001957943956,1.633845945e-06,5.304437713e-05,0.007232425844,1.540776181,0.2633333333
Pair_FX_past_exposure,2022-10,0.005363188092,0.005420600441,0.002567595531,3.187923457e-06,5.422442487e-05,0.008121447791,1.549039653,0.261589404
Pair_FX_past_exposure,2022-11,-0.00329185242,-0.003232107061,0.002567595531,2.470527354e-06,5.727483144e-05,0.005298282108,1.543940443,0.2598684211
Pair_FX_past_exposure,2022-12,-0.001256333121,-0.001196792699,0.003173196228,3.540314231e-06,5.600010853e-05,0.01191615966,1.54200074,0.2581699346
Pair_FX_past_exposure,2023-01,0.005242998915,0.005299998114,0.003574707178,2.843543041e-06,5.415565618e-05,0.008425625007,1.550085448,0.2564935065
Pair_FX_past_exposure,2023-02,0.00682161323,0.006876462705,0.003574707178,3.516396259e-06,5.133307891e-05,0.005680577106,1.560659531,0.2548387097
Pair_FX_past_exposure,2023-03,0.003050933838,0.003106428429,0.003774801921,1.397212185e-06,5.409737795e-05,0.004992932847,1.565421,0.2532051282
Pair_FX_past_exposure,2023-04,0.005901218809,0.005956780007,0.003974458863,3.436126455e-06,5.212507174e-05,0.006883965357,1.574658892,0.2515923567
Pair_FX_past_exposure,2023-05,0.006896522539,0.006949328468,0.003974458863,2.098653624e-06,5.070727591e-05,0.003882384267,1.585518563,0.25
Pair_FX_past_exposure,2023-06,0.0106468482,0.01069922984,0.004173680002,1.084159199e-06,5.129748319e-05,0.00377659458,1.602399338,0.248427673
Pair_FX_past_exposure,2023-07,0.004968132617,0.005024381435,0.004173680002,3.340461162e-06,5.290835682e-05,0.006801115174,1.610360271,0.25
Pair_FX_past_exposure,2023-08,0.004519637605,0.004598391885,0.004372467323,2.800560493e-05,5.074867525e-05,0.1296816623,1.617638516,0.248447205
Pair_FX_past_exposure,2023-09,0.00698651769,0.007064914476,0.004372467323,2.756396546e-05,5.083282099e-05,0.1294232145,1.628940176,0.25
Pair_FX_past_exposure,2023-10,0.004396736736,0.004474805804,0.004372467323,2.653913891e-05,5.152992897e-05,0.1288364953,1.636102197,0.2484662577
Pair_FX_past_exposure,2023-11,0.005841495539,0.005896149695,0.004372467323,1.188554723e-06,5.346560124e-05,0.003237631974,1.64565948,0.25
Pair_FX_past_exposure,2023-12,0.003063758241,0.003119813864,0.004372467323,2.262834229e-06,5.379278873e-05,0.005560816669,1.650701383,0.2515151515
Pair_FX_past_exposure,2024-01,0.007374864211,0.007427585219,0.004372467323,1.649070847e-06,5.10719375e-05,0.00358100298,1.662875082,0.2530120482
Pair_FX_past_exposure,2024-02,0.005361417003,0.005416840071,0.004372467323,2.839183944e-06,5.258388419e-05,0.007708360033,1.671790449,0.254491018
Pair_FX_past_exposure,2024-03,0.005447315783,0.005501537,0.004372467323,1.121559111e-06,5.309965812e-05,0.003444168329,1.680897219,0.255952381
Pair_FX_past_exposure,2024-04,0.005726374068,0.005779409816,0.004372467323,6.341915123e-07,5.240155626e-05,0.002360432207,1.690522665,0.2573964497
Pair_FX_past_exposure,2024-05,0.004143150102,0.004200186974,0.004372467323,2.801344527e-06,5.423552752e-05,0.006906348568,1.697526754,0.2588235294
Pair_FX_past_exposure,2024-06,0.003255015406,0.003309594222,0.004372467323,1.318659378e-06,5.326015635e-05,0.002616278901,1.70305223,0.2602339181
Pair_FX_past_exposure,2024-07,0.0006781844719,0.0007708809237,0.004372467323,3.661016449e-05,5.608628729e-05,0.1357978242,1.704207214,0.261627907
Pair_FX_past_exposure,2024-08,0.003088680254,0.003178690761,0.004372467323,3.425329816e-05,5.57572086e-05,0.1367975316,1.709470965,0.2601156069
Pair_FX_past_exposure,2024-09,0.006629634795,0.00668593743,0.004372467323,1.053286788e-06,5.524934915e-05,0.004542884039,1.720804133,0.2614942529
Pair_FX_past_exposure,2024-10,0.006457053829,0.006543782721,0.003974458863,3.529674304e-05,5.143214913e-05,0.1347479609,1.731915458,0.2628571429
Pair_FX_past_exposure,2024-11,0.0001442725035,0.0002347552371,0.003974458863,3.63572242e-05,5.412550945e-05,0.136810584,1.732165326,0.2613636364
Pair_FX_past_exposure,2024-12,0.006417166245,0.006473193104,0.003774801921,3.492389996e-06,5.253446902e-05,0.006523472475,1.743280919,0.2598870056
Pair_FX_past_exposure,2025-01,0.006768582498,0.006855992754,0.003574707178,3.323951707e-05,5.417073896e-05,0.1321648558,1.755080459,0.2584269663
Pair_FX_past_exposure,2025-02,0.001720213085,0.001779838422,0.003574707178,4.620456364e-06,5.500488102e-05,0.005525865781,1.758099572,0.2569832402
Pair_FX_past_exposure,2025-03,0.001466072514,0.00152376411,0.003574707178,2.314762473e-06,5.537683346e-05,0.006546404132,1.760677073,0.2555555556
Pair_FX_past_exposure,2025-04,0.002844105794,0.002902890623,0.003574707178,3.602107189e-06,5.518272154e-05,0.009532826103,1.765684625,0.2541436464
Pair_FX_past_exposure,2025-05,0.004086671114,0.004144064282,0.003574707178,4.70343188e-06,5.26897368e-05,0.01100562871,1.772900397,0.2527472527
Pair_FX_past_exposure,2025-06,0.005635288863,0.005720282878,0.003574707178,3.185992929e-05,5.313408532e-05,0.1274159939,1.782891203,0.2513661202
Pair_FX_past_exposure,2025-07,0.004978383645,0.005032229196,0.003574707178,2.779241831e-06,5.106630996e-05,0.00519281538,1.79176712,0.2527173913
Pair_FX_past_exposure,2025-08,0.004956094286,0.005010747614,0.003574707178,1.34962072e-06,5.330370726e-05,0.005746170016,1.800647286,0.2513513514
Pair_FX_past_exposure,2025-09,0.005454385995,0.005509347002,0.003574707178,2.254060166e-06,5.270694669e-05,0.003597711794,1.810468712,0.252688172
Pair_FX_past_exposure,2025-10,0.005349100056,0.005402205856,0.003374172623,1.669959122e-06,5.143584066e-05,0.002921281644,1.82015309,0.2540106952
Pair_FX_past_exposure,2025-11,0.005712721719,0.005767647252,0.003173196228,2.037079143e-06,5.288845387e-05,0.007470077843,1.830551118,0.2553191489
Pair_FX_past_exposure,2025-12,0.001816004445,0.001903002895,0.003173196228,3.283460535e-05,5.416384458e-05,0.129855845,1.833875407,0.2566137566
Pair_FX_past_exposure,2026-01,0.004430965202,0.004487425239,0.002971775953,1.670168855e-06,5.478986809e-05,0.004563113382,1.842001245,0.2552631579
Pair_FX_past_exposure,2026-02,0.005454800849,0.005512156757,0.002971775953,5.390579341e-06,5.19653287e-05,0.009683323948,1.852048995,0.2539267016
Pair_FX_past_exposure,2026-03,0.006414644908,0.006467686829,0.002971775953,2.333939721e-06,5.070798131e-05,0.004823576507,1.863929232,0.2526041667
Pair_FX_past_exposure,2026-04,0.005261505303,0.005316628249,0.002971775953,1.599976272e-06,5.352296933e-05,0.005728315551,1.873736305,0.2512953368
Pair_FX_past_exposure,2026-05,0.003395720963,0.00345227237,0.002971775953,4.838347602e-06,5.171305919e-05,0.008160581997,1.880098991,0.25
Pair_FX_past_exposure,2026-06,0.005437244273,0.005487591582,0.002971775953,3.276208098e-07,5.001968898e-05,0.001380132085,1.890321549,0.2487179487
Pair_FX_past_exposure,2026-07,0.004121840957,0.00417643178,0.002971775953,2.223552059e-06,5.236727081e-05,0.005907398734,1.898113153,0.2474489796
Pair_FX_past_exposure,2026-08,0.002633351691,0.002791857426,0.002971775953,0.0001071763568,5.132937839e-05,0.2520994772,1.903111553,0.2461928934
Pair_FX_expost_exposure,2010-03,0.004685204645,0.00483138847,0.0001041070355,9.7e-05,4.918382505e-05,0.2425,1.358139934,0.2425
Pair_FX_expost_exposure,2010-04,0.004612985645,0.00466518754,0.0001041070355,2.271956553e-06,4.992993912e-05,0.005639323355,1.364405014,0.2425
Pair_FX_expost_exposure,2010-05,-0.003090743732,-0.003038613101,0.0001041070355,2.69991183e-06,4.943071948e-05,0.004540136918,1.360187988,0.2425
Pair_FX_expost_exposure,2010-06,0.001413789188,0.001469383209,0.0001041070355,4.334272125e-06,5.125974825e-05,0.01196072624,1.362111007,0.2425
Pair_FX_expost_exposure,2010-07,-0.0009567417706,-0.00090226532,0.0001041070355,1.751035402e-06,5.27254152e-05,0.005097422734,1.360807818,0.2425
Pair_FX_expost_exposure,2010-08,-0.00112569776,-0.001047477721,0.0001041070355,2.777429757e-05,5.0445741e-05,0.1311037899,1.35927596,0.2425
Pair_FX_expost_exposure,2010-09,-0.0007081654263,-0.000653933689,0.0001041070355,1.435001113e-06,5.279673617e-05,0.005214397136,1.358313368,0.2425
Pair_FX_expost_exposure,2010-10,-0.001872409496,-0.001816376995,0.0001041070355,4.323057381e-06,5.170944293e-05,0.01038225985,1.355770049,0.2425
Pair_FX_expost_exposure,2010-11,0.005927199976,0.005976406556,0.0001041070355,1.193659534e-06,4.801291986e-05,0.004284315223,1.363805969,0.2425
Pair_FX_expost_exposure,2010-12,0.002374685537,0.002458648626,0.0001041070355,3.194380908e-05,5.201927986e-05,0.1278606473,1.367044579,0.2425
Pair_FX_expost_exposure,2011-01,0.001296794639,0.001351888275,0.0001041070355,4.20867077e-06,5.088496536e-05,0.008985199418,1.368817356,0.2425
Pair_FX_expost_exposure,2011-02,0.002001186617,0.002053326727,0.0001041070355,1.268865238e-06,5.087124477e-05,0.004490057389,1.371556614,0.2425
Pair_FX_expost_exposure,2011-03,0.001311630271,0.001364237372,0.0001041070355,1.683562975e-06,5.092353814e-05,0.003173866398,1.37335559,0.2425
Pair_FX_expost_exposure,2011-04,0.001337018546,0.001391513367,0.0001041070355,2.321924834e-06,5.217289572e-05,0.004390570095,1.375191792,0.2425
Pair_FX_expost_exposure,2011-05,0.0009128719435,0.0009663197772,0.0001041070355,3.822200428e-06,4.96256332e-05,0.008913936471,1.376447166,0.2425
Pair_FX_expost_exposure,2011-06,-0.001258476593,-0.001206127331,0.0001041070355,1.377827113e-06,5.09714351e-05,0.004399904458,1.374714939,0.2425
Pair_FX_expost_exposure,2011-07,-0.001222224991,-0.001169055448,0.0001041070355,2.047767464e-06,5.112177591e-05,0.004051330637,1.373034728,0.2425
Pair_FX_expost_exposure,2011-08,-0.001831458432,-0.001779331671,0.0001041070355,9.23555124e-07,5.120320637e-05,0.003389778459,1.370520072,0.2425
Pair_FX_expost_exposure,2011-09,-0.009259913067,-0.009185540026,0.0001041070355,2.510957797e-05,4.926346335e-05,0.1239016466,1.357829175,0.2425
Pair_FX_expost_exposure,2011-10,0.009855322031,0.009915210631,0.0001041070355,9.000184625e-06,5.088841552e-05,0.01371448287,1.371211019,0.2425
Pair_FX_expost_exposure,2011-11,-0.00599097775,-0.005933303726,0.0001041070355,7.552424768e-06,5.012159909e-05,0.01209187052,1.362996124,0.2425
Pair_FX_expost_exposure,2011-12,-0.001020257149,-0.0009654621976,0.0001041070355,4.556045335e-06,5.023890653e-05,0.00800960118,1.361605518,0.2425
Pair_FX_expost_exposure,2012-01,0.004453229205,0.004529977575,0.0001041070355,2.541209728e-05,5.133627288e-05,0.1223206616,1.367669059,0.2425
Pair_FX_expost_exposure,2012-02,0.005492304095,0.005547504868,0.0001041070355,5.397102053e-06,4.980367022e-05,0.007261111874,1.375180714,0.2425
Pair_FX_expost_exposure,2012-03,-0.002358860446,-0.00230626942,0.0001041070355,2.772807424e-06,4.981821866e-05,0.007220547278,1.371936854,0.2425
Pair_FX_expost_exposure,2012-04,-0.003467617327,-0.003412975252,0.0001041070355,3.782422634e-06,5.085965224e-05,0.005190070943,1.367179502,0.2425
Pair_FX_expost_exposure,2012-05,-0.004649070772,-0.004597565181,0.0001041070355,2.097071887e-06,4.940851904e-05,0.004375972941,1.360823388,0.2425
Pair_FX_expost_exposure,2012-06,0.001417036512,0.001472845215,0.0001041070355,5.158664313e-06,5.065003883e-05,0.0116099803,1.362751724,0.2425
Pair_FX_expost_exposure,2012-07,0.002510070556,0.002562217772,0.0001041070355,1.80201472e-06,5.034520155e-05,0.004647158486,1.366172327,0.2425
Pair_FX_expost_exposure,2012-08,0.0008704644698,0.0009228452592,0.0001041070355,1.282927441e-06,5.109786198e-05,0.004254858189,1.367361532,0.2425
Pair_FX_expost_exposure,2012-09,-0.0004842252208,-0.0004315872165,0.0001041070355,1.20304049e-06,5.143496387e-05,0.003937355138,1.366699421,0.2425
Pair_FX_expost_exposure,2012-10,0.001052093156,0.001103637683,0.0001041070355,1.611586584e-06,4.993294023e-05,0.003980979799,1.368137316,0.2425
Pair_FX_expost_exposure,2012-11,-0.0001747165621,-0.0001242020848,0.0001041070355,8.650131214e-07,4.964946413e-05,0.003000346086,1.36789828,0.2425
Pair_FX_expost_exposure,2012-12,0.005246490525,0.005298840718,0.0001041070355,2.429792676e-06,4.992040025e-05,0.004360590575,1.375074945,0.2425
Pair_FX_expost_exposure,2013-01,0.005336723516,0.005389440908,0.0001041070355,2.876029638e-06,4.984136204e-05,0.006466793235,1.38241334,0.2425
Pair_FX_expost_exposure,2013-02,0.0029673741,0.003020053949,0.0001041070355,3.273867099e-06,4.940598208e-05,0.007867850731,1.386515478,0.2425
Pair_FX_expost_exposure,2013-03,0.001388109115,0.001438856061,0.0001041070355,1.432099599e-06,4.931484686e-05,0.004357604431,1.388440112,0.2425
Pair_FX_expost_exposure,2013-04,0.0009933075063,0.001045288052,0.0001041070355,1.718429589e-06,5.026211598e-05,0.004775783296,1.38981926,0.2425
Pair_FX_expost_exposure,2013-05,-0.001512324249,-0.001461700374,0.0001041070355,9.591349395e-07,4.966474043e-05,0.003542611817,1.387717403,0.2425
Pair_FX_expost_exposure,2013-06,-0.003994701929,-0.003940185121,0.0001041070355,3.496480178e-06,5.10203286e-05,0.00530937943,1.382173886,0.2425
Pair_FX_expost_exposure,2013-07,-0.001682968196,-0.001629611049,0.0001041070355,2.203444484e-06,5.115370299e-05,0.004060512694,1.379847731,0.2425
Pair_FX_expost_exposure,2013-08,-0.001293102744,-0.001240413067,0.0001041070355,2.322985818e-06,5.036669029e-05,0.004767237856,1.378063446,0.2425
Pair_FX_expost_exposure,2013-09,0.003506786645,0.003559370234,0.0001041070355,1.378309106e-06,5.120528033e-05,0.001765761803,1.38289602,0.2425
Pair_FX_expost_exposure,2013-10,0.001434827349,0.00148912638,0.0001041070355,3.690284592e-06,5.060874628e-05,0.005876925169,1.384880237,0.2425
Pair_FX_expost_exposure,2013-11,-0.001004302035,-0.0009526242776,0.0001041070355,2.213153827e-06,4.946460365e-05,0.003334622067,1.383489399,0.2425
Pair_FX_expost_exposure,2013-12,0.001382585367,0.00143624936,0.0001041070355,3.449523241e-06,5.021446883e-05,0.005882013348,1.385402192,0.2425
Pair_FX_expost_exposure,2014-01,-0.002681936491,-0.002629773488,0.0001041070355,1.468462477e-06,5.069454032e-05,0.004106309649,1.381686631,0.2425
Pair_FX_expost_exposure,2014-02,0.002154676687,0.002237480195,0.0001041070355,3.163146441e-05,5.117204418e-05,0.1241758571,1.384663719,0.2425
Pair_FX_expost_exposure,2014-03,0.003546935139,0.003600467648,0.0001041070355,3.419999856e-06,5.011250913e-05,0.004733675523,1.389575031,0.2425
Pair_FX_expost_exposure,2014-04,0.0006612675033,0.000714241072,0.0001041070355,2.163073558e-06,5.081049514e-05,0.003484003079,1.390493912,0.2425
Pair_FX_expost_exposure,2014-05,0.002674250747,0.002725565242,0.0001041070355,1.014598403e-06,5.02998972e-05,0.001843410271,1.394212441,0.2425
Pair_FX_expost_exposure,2014-06,0.001957125911,0.002009406184,0.0001041070355,1.584744253e-06,5.069552906e-05,0.003361660013,1.396941091,0.2425
Pair_FX_expost_exposure,2014-07,-0.0001048482398,-5.374245959e-05,0.0001041070355,1.476747225e-06,4.9629033e-05,0.002271781207,1.396794624,0.2425
Pair_FX_expost_exposure,2014-08,0.00275516323,0.002806761742,0.0001041070355,1.699034568e-06,4.989947761e-05,0.004417659209,1.400643021,0.2425
Pair_FX_expost_exposure,2014-09,-0.0002287500062,-0.0001796862357,0.0001041070355,1.035094179e-06,4.802867628e-05,0.002695228911,1.400322624,0.2425
Pair_FX_expost_exposure,2014-10,0.001471786584,0.001527798273,0.0001041070355,6.099008998e-06,4.991268025e-05,0.01219641278,1.4023836,0.2425
Pair_FX_expost_exposure,2014-11,0.001129182345,0.001179068984,0.0001041070355,8.114606351e-07,4.907517845e-05,0.002597009861,1.403967147,0.2425
Pair_FX_expost_exposure,2014-12,0.001399432484,0.00147993739,0.0001041070355,3.1700391e-05,4.880451567e-05,0.1207295564,1.405931904,0.2425
Pair_FX_expost_exposure,2015-01,0.003377654644,0.003428002039,0.0001041070355,3.225406169e-06,4.712198938e-05,0.007211437628,1.410680657,0.2425
Pair_FX_expost_exposure,2015-02,-0.002457587082,-0.002404078294,0.0001041070355,3.300162203e-06,5.020862559e-05,0.01399265012,1.407213786,0.2425
Pair_FX_expost_exposure,2015-03,-0.002732671593,-0.002679506411,0.0001041070355,4.600162946e-06,4.856501902e-05,0.005948643425,1.403368333,0.2425
Pair_FX_expost_exposure,2015-04,0.005511874734,0.005571639945,0.0001041070355,7.204803056e-06,5.256040781e-05,0.01156958519,1.411103523,0.2425
Pair_FX_expost_exposure,2015-05,-0.002246931312,-0.002189639447,0.0001041070355,7.877607171e-06,4.941425753e-05,0.01379746724,1.407932871,0.2425
Pair_FX_expost_exposure,2015-06,-0.001161751279,-0.00110611061,0.0001041070355,3.7975587e-06,5.184311066e-05,0.007120948798,1.406297203,0.2425
Pair_FX_expost_exposure,2015-07,-0.003347302437,-0.00329586622,0.0001041070355,2.56458655e-06,4.887162993e-05,0.005377947013,1.401589901,0.2425
Pair_FX_expost_exposure,2015-08,-0.006945298419,-0.006888118264,0.0001041070355,5.628335784e-06,5.155181917e-05,0.01058382162,1.391855441,0.2425
Pair_FX_expost_exposure,2015-09,-0.006175289224,-0.006120418588,0.0001041070355,4.1493315e-06,5.072130422e-05,0.007041128035,1.383260331,0.2425
Pair_FX_expost_exposure,2015-10,0.005702340739,0.005757181438,0.0001041070355,5.101218976e-06,4.973948053e-05,0.006263202712,1.391148152,0.2425
Pair_FX_expost_exposure,2015-11,0.004063118421,0.004115143416,0.0001041070355,3.039548804e-06,4.898544609e-05,0.005621021423,1.396800552,0.2425
Pair_FX_expost_exposure,2015-12,-0.006858653636,-0.006804499185,0.0001041070355,2.113241418e-06,5.204120907e-05,0.006187004767,1.387220381,0.2425
Pair_FX_expost_exposure,2016-01,-0.0005826106361,-0.0005302257806,0.0003119641739,2.141279698e-06,5.024357581e-05,0.006956317191,1.386412172,0.2425
Pair_FX_expost_exposure,2016-02,0.004530252358,0.004581870043,0.0003119641739,1.173557614e-06,5.044412754e-05,0.002506326267,1.392692969,0.2425
Pair_FX_expost_exposure,2016-03,0.003950622809,0.004005792954,0.0003119641739,2.066646455e-06,5.310349895e-05,0.004250649355,1.398194973,0.2425
Pair_FX_expost_exposure,2016-04,0.004768620422,0.004828021859,0.0003119641739,8.645088135e-06,5.075634903e-05,0.01498814256,1.404862434,0.2425
Pair_FX_expost_exposure,2016-05,0.0006051493562,0.0006573706317,0.0003119641739,3.128344941e-06,4.909293058e-05,0.00480263827,1.405712586,0.2425
Pair_FX_expost_exposure,2016-06,0.009186412481,0.009238599849,0.0003119641739,2.257446968e-06,4.992992085e-05,0.006739684067,1.418626042,0.2425
Pair_FX_expost_exposure,2016-07,-0.0001393888596,-8.198363767e-05,0.0003119641739,7.212517554e-06,5.019270439e-05,0.009245109122,1.418428301,0.2425
Pair_FX_expost_exposure,2016-08,0.00171913017,0.001770568761,0.0003119641739,6.94700166e-07,5.074389012e-05,0.00212248337,1.420866764,0.2425
Pair_FX_expost_exposure,2016-09,0.0009009955111,0.0009529832715,0.0003119641739,1.611982375e-06,5.037577798e-05,0.002058973061,1.422146958,0.2425
Pair_FX_expost_exposure,2016-10,0.004938155096,0.004987797093,0.0003119641739,7.071363624e-07,4.893486091e-05,0.001434405234,1.429169741,0.2425
Pair_FX_expost_exposure,2016-11,-2.139967893e-05,3.097278903e-05,0.0003119641739,3.007217886e-06,4.936525007e-05,0.00732193503,1.429139157,0.2425
Pair_FX_expost_exposure,2016-12,0.003122890125,0.003177369176,0.0003119641739,3.877173115e-06,5.060187747e-05,0.00609552978,1.433602201,0.2425
Pair_FX_expost_exposure,2017-01,0.002553207041,0.002608571342,0.0005193472934,3.539625472e-06,5.182467614e-05,0.004900045807,1.437262485,0.2425
Pair_FX_expost_exposure,2017-02,0.003518159502,0.00357186514,0.0005193472934,4.231361562e-06,4.947427584e-05,0.007615537134,1.442319003,0.2425
Pair_FX_expost_exposure,2017-03,-0.002110761003,-0.002057926091,0.0005193472934,1.771564549e-06,5.106334747e-05,0.004579237291,1.439274613,0.2425
Pair_FX_expost_exposure,2017-04,-0.002366376439,-0.002313947957,0.0007262586484,1.045296506e-06,5.138318575e-05,0.0025827249,1.435868747,0.2425
Pair_FX_expost_exposure,2017-05,-0.001748445612,-0.001695682632,0.0007262586484,1.226696769e-06,5.153628379e-05,0.00393707579,1.433358209,0.2425
Pair_FX_expost_exposure,2017-06,5.642412151e-05,0.0001096826225,0.0007262586484,1.568591586e-06,5.168990936e-05,0.004322300335,1.433439085,0.2425
Pair_FX_expost_exposure,2017-07,0.002934164299,0.002987816009,0.0009327004774,1.471134775e-06,5.218057471e-05,0.005419661214,1.43764503,0.2425
Pair_FX_expost_exposure,2017-08,-0.001449871257,-0.001393980033,0.0009327004774,4.78567757e-06,5.11055461e-05,0.009189201674,1.43556063,0.2425
Pair_FX_expost_exposure,2017-09,0.003264093763,0.003314671713,0.0009327004774,5.753064315e-07,5.000264385e-05,0.002330058796,1.440246435,0.2425
Pair_FX_expost_exposure,2017-10,6.164860369e-06,5.659515569e-05,0.0009327004774,8.648136695e-07,4.956548166e-05,0.002796751435,1.440255314,0.2425
Pair_FX_expost_exposure,2017-11,0.0004231945406,0.0004763322893,0.0009327004774,2.165776548e-06,5.097197212e-05,0.00555261134,1.440864822,0.2425
Pair_FX_expost_exposure,2017-12,0.0001512835345,0.0002033295258,0.0009327004774,7.111999881e-07,5.133479132e-05,0.001648678181,1.441082801,0.2425
Pair_FX_expost_exposure,2018-01,0.0005750713893,0.0006291476932,0.001138675003,1.38775001e-06,5.26885539e-05,0.004147883051,1.441911526,0.2425
Pair_FX_expost_exposure,2018-02,0.001872347401,0.001925885155,0.001138675003,4.806921303e-06,4.873083314e-05,0.009655443242,1.444611286,0.2425
Pair_FX_expost_exposure,2018-03,-0.0004231189407,-0.0003695763403,0.001138675003,3.054881644e-06,5.048771867e-05,0.008330974182,1.444000043,0.2425
Pair_FX_expost_exposure,2018-04,0.002864217495,0.002914723521,0.00134418443,1.48460629e-06,4.902141987e-05,0.00272950837,1.448135974,0.2425
Pair_FX_expost_exposure,2018-05,6.266792254e-05,0.0001156759334,0.00134418443,3.526154999e-06,4.94818559e-05,0.006487905656,1.448226725,0.2425
Pair_FX_expost_exposure,2018-06,-0.000491141321,-0.0004367538704,0.00134418443,4.488442949e-06,4.989900761e-05,0.006559262045,1.447515441,0.2425
Pair_FX_expost_exposure,2018-07,0.002816443314,0.002870109179,0.001549230951,2.321084301e-06,5.134478102e-05,0.004738844426,1.451592286,0.2425
Pair_FX_expost_exposure,2018-08,-0.001529588313,-0.001477631751,0.001549230951,2.6599337e-06,4.929662867e-05,0.004487489111,1.449371948,0.2425
Pair_FX_expost_exposure,2018-09,0.003296866791,0.003354636154,0.001549230951,6.81538372e-06,5.095397974e-05,0.008932257122,1.454150334,0.2425
Pair_FX_expost_exposure,2018-10,0.01001317714,0.01006522881,0.00175381674,2.876449505e-06,4.917521927e-05,0.004205422536,1.468710999,0.2425
Pair_FX_expost_exposure,2018-11,-0.002031370471,-0.001974290491,0.00175381674,6.17468884e-06,5.090529192e-05,0.01031551541,1.465727503,0.2425
Pair_FX_expost_exposure,2018-12,-0.000972231868,-0.0009187248371,0.00175381674,2.420801609e-06,5.108622937e-05,0.003735695813,1.464302476,0.2425
Pair_FX_expost_exposure,2019-01,0.008542448514,0.008593522886,0.001957943956,6.746945134e-07,5.039967687e-05,0.002757021053,1.476811204,0.2425
Pair_FX_expost_exposure,2019-02,0.002331457947,0.002385584312,0.001957943956,4.188882259e-06,4.993748265e-05,0.006579374958,1.480254328,0.2425
Pair_FX_expost_exposure,2019-03,0.0004013260271,0.0004528644152,0.001957943956,1.611990298e-06,4.992639784e-05,0.002995937663,1.480848392,0.2425
Pair_FX_expost_exposure,2019-04,0.003135687275,0.003188347614,0.001957943956,2.778001059e-06,4.988233792e-05,0.004518822177,1.48549187,0.2425
Pair_FX_expost_exposure,2019-05,0.0016454498,0.001696528114,0.001957943956,8.686836468e-07,5.02096307e-05,0.00265158212,1.487936172,0.2425
Pair_FX_expost_exposure,2019-06,0.00419347011,0.00424626997,0.001957943956,1.056773047e-06,5.174308675e-05,0.002215941809,1.494175788,0.2425
Pair_FX_expost_exposure,2019-07,0.005720992152,0.005773942891,0.001957943956,3.68142333e-06,4.926931614e-05,0.00704138187,1.502723956,0.2425
Pair_FX_expost_exposure,2019-08,-0.001536414996,-0.001485129374,0.001957943956,1.689400403e-06,4.959622208e-05,0.004875316722,1.500415148,0.2425
Pair_FX_expost_exposure,2019-09,0.003052407142,0.003108328126,0.00175381674,5.738244883e-06,5.018273918e-05,0.007584978298,1.504995026,0.2425
Pair_FX_expost_exposure,2019-10,0.002253271884,0.002305248611,0.001549230951,3.563641533e-07,5.162036274e-05,0.001350389448,1.508386189,0.2425
Pair_FX_expost_exposure,2019-11,-0.002032987435,-0.001979316064,0.00134418443,3.336701027e-06,5.033466929e-05,0.005397534182,1.505319659,0.2425
Pair_FX_expost_exposure,2019-12,0.003220739912,0.003276078769,0.00134418443,3.52838798e-06,5.181046881e-05,0.005006822671,1.510167902,0.2425
Pair_FX_expost_exposure,2020-01,0.0002609555421,0.0003143064442,0.00134418443,4.183900548e-06,4.916700157e-05,0.007239997882,1.510561989,0.2425
Pair_FX_expost_exposure,2020-02,-0.001472173549,-0.001417572885,0.00134418443,4.41561576e-06,5.018504889e-05,0.007663712614,1.508338179,0.2425
Pair_FX_expost_exposure,2020-03,-0.01026196751,-0.01017834999,0.00134418443,3.309578814e-05,5.052172728e-05,0.1247114455,1.492859662,0.2425
Pair_FX_expost_exposure,2020-04,-0.0007588870156,-0.000699640732,0.0001041070355,8.438619009e-06,5.080766458e-05,0.01164200429,1.49172675,0.2425
Pair_FX_expost_exposure,2020-05,0.0001013531992,0.0001548394613,0.0001041070355,2.499210297e-06,5.098705183e-05,0.005194955208,1.491877941,0.2425
Pair_FX_expost_exposure,2020-06,-0.0007020344937,-0.0006505460914,0.0001041070355,9.746988982e-07,5.051370337e-05,0.002884862082,1.490830591,0.2425
Pair_FX_expost_exposure,2020-07,-0.0003260366038,-0.000272256136,0.0001041070355,1.111827906e-06,5.266863993e-05,0.001822776178,1.490344526,0.2425
Pair_FX_expost_exposure,2020-08,-0.0009197552364,-0.000864443544,0.0001041070355,4.833351145e-06,5.047834124e-05,0.009954783298,1.488973774,0.2425
Pair_FX_expost_exposure,2020-09,-0.002806154207,-0.002752837178,0.0001041070355,3.235458207e-06,5.008157143e-05,0.00541471423,1.484795484,0.2425
Pair_FX_expost_exposure,2020-10,-0.001199909432,-0.001146295603,0.0001041070355,2.847368481e-06,5.076646074e-05,0.004936162152,1.483013864,0.2425
Pair_FX_expost_exposure,2020-11,0.005565944957,0.005618469473,0.0001041070355,1.289553168e-06,5.123496293e-05,0.002263665481,1.491268237,0.2425
Pair_FX_expost_exposure,2020-12,0.0003490348182,0.0004061286759,0.0001041070355,5.693591894e-06,5.140026585e-05,0.007667825083,1.491788742,0.2425
Pair_FX_expost_exposure,2021-01,-0.001664542256,-0.001612736746,0.0001041070355,1.950592537e-06,4.985491706e-05,0.004381992513,1.489305596,0.2425
Pair_FX_expost_exposure,2021-02,0.001703136804,0.001756583128,0.0001041070355,3.336494767e-06,5.01098286e-05,0.004570561847,1.491842088,0.2425
Pair_FX_expost_exposure,2021-03,0.002188959387,0.002238132983,0.0001041070355,5.064477803e-07,4.866714895e-05,0.00194385729,1.495107669,0.2425
Pair_FX_expost_exposure,2021-04,0.003549737819,0.003605097299,0.0001041070355,3.638603054e-06,5.172087647e-05,0.007483914993,1.50041491,0.2425
Pair_FX_expost_exposure,2021-05,0.002364241383,0.002420094336,0.0001041070355,5.248254407e-06,5.060469865e-05,0.008314171471,1.503962253,0.2425
Pair_FX_expost_exposure,2021-06,0.004052575439,0.004103890198,0.0001041070355,1.664744297e-06,4.965001435e-05,0.003165000796,1.510057173,0.2425
Pair_FX_expost_exposure,2021-07,-0.002136633351,-0.002081837763,0.0001041070355,4.043379076e-06,5.07522085e-05,0.00754611119,1.506830735,0.2425
Pair_FX_expost_exposure,2021-08,-0.0009885756906,-0.0009367361736,0.0001041070355,1.47574818e-06,5.036376882e-05,0.002190625362,1.505341118,0.2425
Pair_FX_expost_exposure,2021-09,-0.0003789267212,-0.000328572813,0.0001041070355,8.683137384e-07,4.948559445e-05,0.001611450929,1.504770704,0.2425
Pair_FX_expost_exposure,2021-10,0.0004520600936,0.0005051487425,0.0001041070355,2.844966838e-06,5.024368201e-05,0.005365082998,1.505450951,0.2425
Pair_FX_expost_exposure,2021-11,-0.0003238789834,-0.0002708552643,0.0001041070355,2.876478213e-06,5.014724095e-05,0.005451376552,1.504963367,0.2425
Pair_FX_expost_exposure,2021-12,0.002642113255,0.002693586966,0.0001041070355,1.53837179e-06,4.993533933e-05,0.004778841015,1.508939651,0.2425
Pair_FX_expost_exposure,2022-01,0.003544866367,0.003595976332,0.0001041070355,1.040275306e-06,5.006968905e-05,0.00258265626,1.51428864,0.2425
Pair_FX_expost_exposure,2022-02,0.002987184164,0.003040578281,0.0001041070355,2.780520296e-06,5.061359659e-05,0.004358473889,1.518812099,0.2425
Pair_FX_expost_exposure,2022-03,0.01031078546,0.01036266499,0.0001041070355,2.886322539e-06,4.899320617e-05,0.003115577186,1.534472245,0.2425
Pair_FX_expost_exposure,2022-04,0.003652120949,0.003729901771,0.0003119641739,3.013520801e-05,4.764561447e-05,0.1314038636,1.540076323,0.2425
Pair_FX_expost_exposure,2022-05,0.0009466033048,0.001001078175,0.0003119641739,3.190206185e-06,5.128466416e-05,0.01127753646,1.541534165,0.2425
Pair_FX_expost_exposure,2022-06,0.000127386071,0.0002025445645,0.0007262586484,2.689833408e-05,4.826015945e-05,0.1253184799,1.541730535,0.2425
Pair_FX_expost_exposure,2022-07,0.002952401589,0.003009092895,0.00134418443,6.15892504e-06,5.053238089e-05,0.01145594877,1.546282342,0.2425
Pair_FX_expost_exposure,2022-08,0.005052186057,0.005102853592,0.001957943956,1.538293709e-06,4.912924158e-05,0.003553925279,1.554094448,0.2425
Pair_FX_expost_exposure,2022-09,0.001095354095,0.00114586914,0.001957943956,1.66721692e-06,4.884782831e-05,0.005936647173,1.555796732,0.2425
Pair_FX_expost_exposure,2022-10,0.005158550898,0.00521240331,0.002567595531,3.584997465e-06,5.026741463e-05,0.00910212573,1.563822389,0.2425
Pair_FX_expost_exposure,2022-11,-0.002899755015,-0.002844481369,0.002567595531,1.826802757e-06,5.344684271e-05,0.004139466747,1.559287687,0.2425
Pair_FX_expost_exposure,2022-12,-0.0009867825952,-0.0009315509656,0.003173196228,2.630514946e-06,5.26011146e-05,0.009435660955,1.557749009,0.2425
Pair_FX_expost_exposure,2023-01,0.005152656037,0.005205871482,0.003574707178,2.014357702e-06,5.12010881e-05,0.006272405156,1.565775554,0.2425
Pair_FX_expost_exposure,2023-02,0.00666504387,0.006716599225,0.003574707178,2.707706809e-06,4.884764819e-05,0.003828283884,1.576211517,0.2425
Pair_FX_expost_exposure,2023-03,0.003080939448,0.003134686245,0.003774801921,1.936574052e-06,5.181022298e-05,0.006268937647,1.581067729,0.2425
Pair_FX_expost_exposure,2023-04,0.005832229079,0.005885140427,0.003974458863,2.67003629e-06,5.024131123e-05,0.005040930747,1.590288878,0.2425
Pair_FX_expost_exposure,2023-05,0.00680917703,0.00686008238,0.003974458863,1.719292141e-06,4.918605763e-05,0.003742334516,1.601117437,0.2425
Pair_FX_expost_exposure,2023-06,0.01049186078,0.01054352526,0.004173680002,1.590999173e-06,5.007348629e-05,0.004855730612,1.617916138,0.2425
Pair_FX_expost_exposure,2023-07,0.004943806359,0.004998860392,0.004173680002,3.732927274e-06,5.132110612e-05,0.007425973526,1.625914802,0.2425
Pair_FX_expost_exposure,2023-08,0.004516733956,0.004592983816,0.004372467323,2.67159811e-05,4.953387883e-05,0.1250440686,1.633258626,0.2425
Pair_FX_expost_exposure,2023-09,0.006908535527,0.006984141062,0.004372467323,2.629769867e-05,4.930783636e-05,0.1248091811,1.644542052,0.2425
Pair_FX_expost_exposure,2023-10,0.004395723259,0.004472348417,0.004372467323,2.633258421e-05,5.02925745e-05,0.1264501435,1.651771003,0.2425
Pair_FX_expost_exposure,2023-11,0.005797986347,0.005850439224,0.004372467323,5.912436788e-07,5.18616332e-05,0.001813190669,1.661347949,0.2425
Pair_FX_expost_exposure,2023-12,0.003110061372,0.00316471319,0.004372467323,2.787144434e-06,5.186467371e-05,0.006874476208,1.666514843,0.2425
Pair_FX_expost_exposure,2024-01,0.00724954208,0.007300652345,0.004372467323,2.160244371e-06,4.89500201e-05,0.004872281738,1.678596313,0.2425
Pair_FX_expost_exposure,2024-02,0.005315383016,0.005367631684,0.004372467323,2.142413046e-06,5.010625529e-05,0.005941144904,1.687518695,0.2425
Pair_FX_expost_exposure,2024-03,0.005391379067,0.005442195198,0.004372467323,5.072928278e-07,5.030883888e-05,0.001878362516,1.696616748,0.2425
Pair_FX_expost_exposure,2024-04,0.005648261066,0.00569798504,0.004372467323,3.550827506e-07,4.936889148e-05,0.001161642909,1.706199682,0.2425
Pair_FX_expost_exposure,2024-05,0.004158143337,0.004211052382,0.004372467323,2.094053752e-06,5.081499141e-05,0.005143729003,1.713294305,0.2425
Pair_FX_expost_exposure,2024-06,0.003331422242,0.003382024844,0.004372467323,9.719159755e-07,4.963068614e-05,0.002451238347,1.719002012,0.2425
Pair_FX_expost_exposure,2024-07,0.0009486426047,0.001034196907,0.004372467323,3.35685459e-05,5.198575651e-05,0.1252536719,1.720632731,0.2425
Pair_FX_expost_exposure,2024-08,0.003175520957,0.003259535962,0.004372467323,3.20337987e-05,5.198120653e-05,0.1267618515,1.726096636,0.2425
Pair_FX_expost_exposure,2024-09,0.006465169339,0.006517893063,0.004372467323,1.487541862e-06,5.123618214e-05,0.00549904071,1.737256143,0.2425
Pair_FX_expost_exposure,2024-10,0.006264254052,0.00634479976,0.003974458863,3.309675434e-05,4.744895279e-05,0.1256325073,1.748138757,0.2425
Pair_FX_expost_exposure,2024-11,0.0004203646232,0.0005046642815,0.003974458863,3.40805986e-05,5.021905964e-05,0.1275710239,1.748873612,0.2425
Pair_FX_expost_exposure,2024-12,0.006239974652,0.006292664868,0.003774801921,3.67041707e-06,4.901979884e-05,0.006769278854,1.759786539,0.2425
Pair_FX_expost_exposure,2025-01,0.006571351386,0.006653765697,0.003574707178,3.158213897e-05,5.083217276e-05,0.1246643528,1.771350715,0.2425
Pair_FX_expost_exposure,2025-02,0.001824989294,0.001880994884,0.003574707178,4.100711948e-06,5.190487767e-05,0.005162916547,1.774583411,0.2425
Pair_FX_expost_exposure,2025-03,0.001574391961,0.001628540549,0.003574707178,1.600788644e-06,5.254779957e-05,0.004804367994,1.777377301,0.2425
Pair_FX_expost_exposure,2025-04,0.002878178305,0.002933670045,0.003574707178,2.837226212e-06,5.265451315e-05,0.007678984447,1.78249291,0.2425
Pair_FX_expost_exposure,2025-05,0.004066509022,0.004120980565,0.003574707178,3.918030895e-06,5.05535116e-05,0.009160435471,1.789741433,0.2425
Pair_FX_expost_exposure,2025-06,0.005562462053,0.005644604691,0.003574707178,3.088268505e-05,5.125995373e-05,0.1228304741,1.799696802,0.2425
Pair_FX_expost_exposure,2025-07,0.004921221944,0.004973301425,0.003574707178,3.07778731e-06,4.900169356e-05,0.005670651883,1.80855351,0.2425
Pair_FX_expost_exposure,2025-08,0.004906936793,0.004960177373,0.003574707178,1.813965691e-06,5.142661435e-05,0.006811256924,1.817427967,0.2425
Pair_FX_expost_exposure,2025-09,0.005378066665,0.005431343971,0.003574707178,2.695457718e-06,5.058184746e-05,0.004772858027,1.827202216,0.2425
Pair_FX_expost_exposure,2025-10,0.005259385294,0.005310303929,0.003374172623,1.813649917e-06,4.910498493e-05,0.002570508295,1.836812177,0.2425
Pair_FX_expost_exposure,2025-11,0.005585714602,0.00563738419,0.003173196228,1.436575406e-06,5.023301275e-05,0.005861288205,1.847072085,0.2425
Pair_FX_expost_exposure,2025-12,0.001890268154,0.001972863529,0.003173196228,3.141054182e-05,5.118483313e-05,0.123351577,1.850563547,0.2425
Pair_FX_expost_exposure,2026-01,0.00435779584,0.004411642774,0.002971775953,1.796559397e-06,5.205037469e-05,0.004271234969,1.858627925,0.2425
Pair_FX_expost_exposure,2026-02,0.005343623434,0.005397839621,0.002971775953,4.589298198e-06,4.962688891e-05,0.007947768506,1.868559733,0.2425
Pair_FX_expost_exposure,2026-03,0.006277034299,0.006327850394,0.002971775953,2.136433175e-06,4.867966206e-05,0.005225196625,1.880288746,0.2425
Pair_FX_expost_exposure,2026-04,0.005180852584,0.005234558419,0.002971775953,2.056168862e-06,5.16496654e-05,0.006723421053,1.890030245,0.2425
Pair_FX_expost_exposure,2026-05,0.003383549453,0.003437857477,0.002971775953,4.146356865e-06,5.016166741e-05,0.006644950672,1.896425256,0.2425
Pair_FX_expost_exposure,2026-06,0.005375303147,0.005424696192,0.002971775953,6.238478708e-07,4.876919675e-05,0.00192394541,1.906619116,0.2425
Pair_FX_expost_exposure,2026-07,0.004098331129,0.004152338663,0.002971775953,2.687608628e-06,5.131992539e-05,0.006982449332,1.914433073,0.2425
Pair_FX_expost_exposure,2026-08,0.002638963899,0.002794556204,0.002971775953,0.0001050328675,5.055943771e-05,0.2470646962,1.919485193,0.2425
Size_signal_past_exposure,2010-03,0.0001041070355,0.0001041070355,0.0001041070355,0,0,0,1.351947177,0
Size_signal_past_exposure,2010-04,0.0001041070355,0.0001041070355,0.0001041070355,0,0,0,1.352087924,0
Size_signal_past_exposure,2010-05,0.0001041070355,0.0001041070355,0.0001041070355,0,0,0,1.352228686,0
Size_signal_past_exposure,2010-06,0.0001041070355,0.0001041070355,0.0001041070355,0,0,0,1.352369462,0
Size_signal_past_exposure,2010-07,0.0001041070355,0.0001041070355,0.0001041070355,0,0,0,1.352510253,0
Size_signal_past_exposure,2010-08,0.0001041070355,0.0001041070355,0.0001041070355,0,0,0,1.352651059,0
Size_signal_past_exposure,2010-09,0.0001041070355,0.0001041070355,0.0001041070355,0,0,0,1.35279188,0
Size_signal_past_exposure,2010-10,0.0001041070355,0.0001041070355,0.0001041070355,0,0,0,1.352932715,0
Size_signal_past_exposure,2010-11,0.0001041070355,0.0001041070355,0.0001041070355,0,0,0,1.353073565,0
Size_signal_past_exposure,2010-12,0.0001041070355,0.0001041070355,0.0001041070355,0,0,0,1.353214429,0
Size_signal_past_exposure,2011-01,0.0001041070355,0.0001041070355,0.0001041070355,0,0,0,1.353355308,0
Size_signal_past_exposure,2011-02,0.0001041070355,0.0001041070355,0.0001041070355,0,0,0,1.353496202,0
Size_signal_past_exposure,2011-03,0.0001041070355,0.0001041070355,0.0001041070355,0,0,0,1.353637111,0
Size_signal_past_exposure,2011-04,0.0001041070355,0.0001041070355,0.0001041070355,0,0,0,1.353778034,0
Size_signal_past_exposure,2011-05,0.0001041070355,0.0001041070355,0.0001041070355,0,0,0,1.353918972,0
Size_signal_past_exposure,2011-06,0.0001041070355,0.0001041070355,0.0001041070355,0,0,0,1.354059924,0
Size_signal_past_exposure,2011-07,0.0001041070355,0.0001041070355,0.0001041070355,0,0,0,1.354200891,0
Size_signal_past_exposure,2011-08,0.0001041070355,0.0001041070355,0.0001041070355,0,0,0,1.354341873,0
Size_signal_past_exposure,2011-09,0.0001041070355,0.0001041070355,0.0001041070355,0,0,0,1.35448287,0
Size_signal_past_exposure,2011-10,0.0001041070355,0.0001041070355,0.0001041070355,0,0,0,1.354623881,0
Size_signal_past_exposure,2011-11,0.0001041070355,0.0001041070355,0.0001041070355,0,0,0,1.354764907,0
Size_signal_past_exposure,2011-12,0.0001041070355,0.0001041070355,0.0001041070355,0,0,0,1.354905947,0
Size_signal_past_exposure,2012-01,0.0001041070355,0.0001041070355,0.0001041070355,0,0,0,1.355047003,0
Size_signal_past_exposure,2012-02,0.001052655966,0.001080063617,0.0001041070355,1.847826087e-05,8.92938955e-06,0.04347826087,1.356473401,0.04347826087
Size_signal_past_exposure,2012-03,-0.0007579127126,-0.0007242010249,0.0001041070355,1.659202492e-05,1.711966277e-05,0.03953650229,1.355445312,0.08333333333
Size_signal_past_exposure,2012-04,-0.001678410277,-0.001636304818,0.0001041070355,1.693779567e-05,2.516766296e-05,0.0385808522,1.353170319,0.12
Size_signal_past_exposure,2012-05,-0.002826829695,-0.002783394813,0.0001041070355,1.309095701e-05,3.034392521e-05,0.02964900482,1.349345137,0.1489298203
Size_signal_past_exposure,2012-06,0.001068587701,0.001122622864,0.0001041070355,1.634507219e-05,3.769009081e-05,0.03726323841,1.350787031,0.1804509381
Size_signal_past_exposure,2012-07,0.002173940882,0.002229947569,0.0001041070355,1.246679713e-05,4.35398896e-05,0.02795769811,1.353723562,0.2097205474
Size_signal_past_exposure,2012-08,0.0008432481737,0.0009041799286,0.0001041070355,1.099880552e-05,4.993294936e-05,0.02628422964,1.354865087,0.236971563
Size_signal_past_exposure,2012-09,-0.000540956677,-0.0004755601911,0.0001041070355,9.739433806e-06,5.565705204e-05,0.02212138464,1.354132163,0.2624058443
Size_signal_past_exposure,2012-10,0.001216463133,0.001283756007,0.0001041070355,8.361873489e-06,5.893100105e-05,0.01947045829,1.355779415,0.2861992041
Size_signal_past_exposure,2012-11,-0.0002593655034,-0.0001863449832,0.0001041070355,9.857090497e-06,6.316342975e-05,0.02479311417,1.355427773,0.308505479
Size_signal_past_exposure,2012-12,0.007081850826,0.007161658473,0.0001041070355,1.198592335e-05,6.782172371e-05,0.0264762167,1.36502671,0.3294598584
Size_signal_past_exposure,2013-01,0.007636612036,0.007714587375,0.0001041070355,6.207553625e-06,7.176778517e-05,0.01890676934,1.37545089,0.3491816273
Size_signal_past_exposure,2013-02,0.004445925924,0.004526443403,0.0001041070355,5.588175372e-06,7.492930352e-05,0.01833865158,1.381566042,0.3677764379
Size_signal_past_exposure,2013-03,0.002066613674,0.002143894404,0.0001041070355,1.916897553e-06,7.536383227e-05,0.008277919216,1.384421206,0.3705928436
Size_signal_past_exposure,2013-04,0.001427301659,0.001503562947,0.0001041070355,1.525807579e-06,7.473548035e-05,0.002471596676,1.386397192,0.3605768208
Size_signal_past_exposure,2013-05,-0.002239120734,-0.002162846055,0.0001041070355,4.370793595e-06,7.190388559e-05,0.009638795677,1.383292882,0.3510879571
Size_signal_past_exposure,2013-06,-0.005675925778,-0.005601025007,0.0001041070355,2.928297109e-06,7.197247387e-05,0.005760388106,1.375441414,0.3420857017
Size_signal_past_exposure,2013-07,-0.002352619284,-0.002280442091,0.0001041070355,1.820588169e-06,7.035660464e-05,0.008275662069,1.372205524,0.3335335592
Size_signal_past_exposure,2013-08,-0.001770191889,-0.001700037095,0.0001041070355,2.57025708e-06,6.7584537e-05,0.01074066294,1.369776457,0.3253985943
Size_signal_past_exposure,2013-09,0.004700247888,0.00477215287,0.0001041070355,2.726867108e-06,6.917811518e-05,0.004432870901,1.376214746,0.327616465
Size_signal_past_exposure,2013-10,0.001970704724,0.002043566307,0.0001041070355,1.993546175e-06,7.086803705e-05,0.006143228601,1.378926859,0.3395756712
Size_signal_past_exposure,2013-11,-0.001517390404,-0.0014410534,0.0001041070355,4.009490681e-06,7.232751368e-05,0.0131434469,1.376834488,0.354585315
Size_signal_past_exposure,2013-12,0.002032383052,0.002118421393,0.0001041070355,1.010972215e-05,7.592861789e-05,0.0205185825,1.379632743,0.366680964
Size_signal_past_exposure,2014-01,-0.004269453695,-0.004183278422,0.0001041070355,6.673980881e-06,7.950129239e-05,0.01455968589,1.373742465,0.3802986137
Size_signal_past_exposure,2014-02,0.003429126937,0.003565746913,0.0001041070355,5.358753149e-05,8.303244462e-05,0.2019827269,1.378453202,0.3934837496
Size_signal_past_exposure,2014-03,0.005872442008,0.005959530707,0.0001041070355,3.164297506e-06,8.392440162e-05,0.008916727244,1.386548089,0.4061195048
Size_signal_past_exposure,2014-04,0.00106622573,0.001156404617,0.0001041070355,2.546075216e-06,8.763281171e-05,0.01192104043,1.388026462,0.4182395149
Size_signal_past_exposure,2014-05,0.004658973498,0.004751111673,0.0001041070355,2.972590526e-06,8.916558539e-05,0.008626357057,1.394493241,0.4298747246
Size_signal_past_exposure,2014-06,0.00347434649,0.003569423106,0.0001041070355,2.872705363e-06,9.220391016e-05,0.0104064695,1.399338193,0.4410536516
Size_signal_past_exposure,2014-07,-0.0002843314708,-0.000189982925,0.0001041070355,1.88451648e-06,9.246402939e-05,0.007290208709,1.398940317,0.4518026198
Size_signal_past_exposure,2014-08,0.005152341785,0.005254708981,0.0001041070355,7.270938804e-06,9.509625696e-05,0.01849426712,1.406148136,0.4621459666
Size_signal_past_exposure,2014-09,-0.0005457364844,-0.0004483901619,0.0001041070355,3.842664216e-06,9.350365825e-05,0.01286635824,1.40538075,0.4721062265
Size_signal_past_exposure,2014-10,0.002817336932,0.002932140785,0.0001041070355,1.565683258e-05,9.914702044e-05,0.03320020621,1.409340181,0.4817042951
Size_signal_past_exposure,2014-11,0.002171707439,0.002274358159,0.0001041070355,3.572365219e-06,9.907835464e-05,0.0122310267,1.412400855,0.4895856064
Size_signal_past_exposure,2014-12,0.002764298786,0.002932588693,0.0001041070355,6.79558237e-05,0.0001003340833,0.2529524557,1.416305153,0.4985402449
Size_signal_past_exposure,2015-01,0.006946857264,0.007055997151,0.0001041070355,1.058476068e-05,9.855512638e-05,0.02412977731,1.426144023,0.5071861027
Size_signal_past_exposure,2015-02,-0.005345621043,-0.005228128252,0.0001041070355,1.075259082e-05,0.0001067402006,0.03887310435,1.418520398,0.5155388807
Size_signal_past_exposure,2015-03,-0.006023162887,-0.005906354139,0.0001041070355,1.194570969e-05,0.0001048630375,0.01597186826,1.409976418,0.5236132326
Size_signal_past_exposure,2015-04,0.01195247354,0.01208584696,0.0001041070355,1.819072484e-05,0.0001151826879,0.03114032646,1.426829124,0.5314228518
Size_signal_past_exposure,2015-05,-0.005116306394,-0.004993974348,0.0001041070355,1.2503908e-05,0.0001098281385,0.01910385449,1.419529029,0.5389805477
Size_signal_past_exposure,2015-06,-0.00274994805,-0.002622242914,0.0001041070355,1.091419145e-05,0.0001167909447,0.02163594789,1.415625398,0.5462983168
Size_signal_past_exposure,2015-07,-0.007769528142,-0.007654665662,0.0001041070355,3.336935573e-06,0.0001115255443,0.006882528416,1.404626657,0.5533874056
Size_signal_past_exposure,2015-08,-0.01618421279,-0.01605033725,0.0001041070355,1.477311506e-05,0.0001191024252,0.02866462604,1.38189388,0.5602583686
Size_signal_past_exposure,2015-09,-0.01457620646,-0.01444770757,0.0001041070355,9.921655925e-06,0.0001185772314,0.01642019217,1.361751109,0.5669211206
Size_signal_past_exposure,2015-10,0.01334073491,0.0134706554,0.0001041070355,1.231277858e-05,0.0001176077166,0.01476706235,1.37991787,0.5733849845
Size_signal_past_exposure,2015-11,0.009569190276,0.009691868987,0.0001041070355,5.586579666e-06,0.0001170921307,0.01473102338,1.393122567,0.5796587347
Size_signal_past_exposure,2015-12,-0.01671376565,-0.01658340016,0.0001041070355,4.661690416e-06,0.0001257037995,0.01966692673,1.369838243,0.5857506371
Size_signal_past_exposure,2016-01,-0.00187068993,-0.001742869866,0.0003119641739,5.232268695e-06,0.0001225877954,0.01697115917,1.3672757,0.5916684851
Size_signal_past_exposure,2016-02,0.01070218413,0.01083124499,0.0003119641739,4.78740974e-06,0.0001242734523,0.01011388044,1.381908536,0.5974196332
Size_signal_past_exposure,2016-03,0.009361706363,0.009497199172,0.0003119641739,3.443343587e-06,0.0001320494658,0.01040789362,1.394845558,0.6030110272
Size_signal_past_exposure,2016-04,0.01149801645,0.01164306451,0.0003119641739,1.769688089e-05,0.0001273511819,0.02839947969,1.410883515,0.6084492323
Size_signal_past_exposure,2016-05,0.001055968318,0.001186149402,0.0003119641739,5.932350956e-06,0.000124248733,0.01120229615,1.412373364,0.6137404589
Size_signal_past_exposure,2016-06,0.02295841982,0.02309386432,0.0003119641739,8.017045086e-06,0.0001274274556,0.02247622834,1.444799224,0.6188905861
Size_signal_past_exposure,2016-07,-0.0008478811522,-0.0007015866787,0.0003119641739,1.715843871e-05,0.0001291360348,0.02995036719,1.443574206,0.6239051837
Size_signal_past_exposure,2016-08,0.003958844982,0.004094047866,0.0003119641739,3.626690906e-06,0.0001315761935,0.00965790169,1.449289093,0.6287895319
Size_signal_past_exposure,2016-09,0.001852105537,0.001986672536,0.0003119641739,2.956665919e-06,0.0001316103326,0.005429423764,1.451973329,0.6335486405
Size_signal_past_exposure,2016-10,0.01248694631,0.01261735396,0.0003119641739,1.625778858e-06,0.0001287818765,0.006190734284,1.470104042,0.6381872653
Size_signal_past_exposure,2016-11,-0.0005707556324,-0.0004327614004,0.0003119641739,7.159031404e-06,0.0001308352006,0.02376586568,1.469264972,0.6427099245
Size_signal_past_exposure,2016-12,0.007811469862,0.007958411602,0.0003119641739,1.19086134e-05,0.0001350331264,0.019734737,1.480742091,0.6471209131
Size_signal_past_exposure,2017-01,0.005984350164,0.006131600276,0.0005193472934,8.034218262e-06,0.0001392158938,0.01394237501,1.48960337,0.6514243166
Size_signal_past_exposure,2017-02,0.008629789843,0.008772147427,0.0005193472934,8.598723203e-06,0.000133758861,0.01396619363,1.502458334,0.6556240236
Size_signal_past_exposure,2017-03,-0.006635278409,-0.006492151388,0.0005193472934,4.20866005e-06,0.0001389183606,0.01602887648,1.492489105,0.6597237376
Size_signal_past_exposure,2017-04,-0.007738511233,-0.007594843094,0.0007262586484,3.031408943e-06,0.0001406367303,0.007058332684,1.480939461,0.6637269877
Size_signal_past_exposure,2017-05,-0.006083562877,-0.005938365934,0.0007262586484,3.380959958e-06,0.0001418159832,0.01084232952,1.471930073,0.6673041476
Size_signal_past_exposure,2017-06,-0.001127597219,-0.0009801396269,0.0007262586484,4.403745065e-06,0.0001430538465,0.01148908138,1.470270329,0.6711282378
Size_signal_past_exposure,2017-07,0.006502471788,0.006651984601,0.0009327004774,4.296873037e-06,0.0001452159394,0.01354607782,1.47983072,0.674865417
Size_signal_past_exposure,2017-08,-0.005731081985,-0.005577386271,0.0009327004774,1.070163436e-05,0.0001429940797,0.01943666,1.471349689,0.6785186145
Size_signal_past_exposure,2017-09,0.007490202695,0.00763257784,0.0009327004774,1.730465503e-06,0.0001406446798,0.006547611647,1.482370396,0.6820906299
Size_signal_past_exposure,2017-10,-0.001688798308,-0.001544181638,0.0009327004774,4.487563792e-06,0.0001401291055,0.01101088461,1.479866971,0.6855841395
Size_signal_past_exposure,2017-11,-0.0005158679136,-0.0003639529612,0.0009327004774,7.091135486e-06,0.0001448238169,0.01797828194,1.479103556,0.6890017032
Size_signal_past_exposure,2017-12,-0.001297722897,-0.001149678466,0.0009327004774,1.481851497e-06,0.0001465625801,0.004344627522,1.477184089,0.6923457709
Size_signal_past_exposure,2018-01,-0.0004781963983,-0.0003229197132,0.001138675003,4.13795216e-06,0.000151138733,0.01072532938,1.476477705,0.6956186882
Size_signal_past_exposure,2018-02,0.003254029526,0.003407212429,0.001138675003,1.275316048e-05,0.0001404297422,0.02525513082,1.481282207,0.698822702
Size_signal_past_exposure,2018-03,-0.003383909831,-0.003227230402,0.001138675003,1.053362519e-05,0.0001461458031,0.02807434653,1.476269682,0.7019599655
Size_signal_past_exposure,2018-04,0.00576313883,0.005910292345,0.00134418443,4.631055972e-06,0.0001425224591,0.008418108902,1.484777629,0.7050325432
Size_signal_past_exposure,2018-05,-0.002399552943,-0.002242768656,0.00134418443,1.230901834e-05,0.0001444752691,0.02356999499,1.481214826,0.7080424152
Size_signal_past_exposure,2018-06,-0.004037218774,-0.003877390668,0.00134418443,1.352802587e-05,0.0001463000798,0.01979951439,1.475234838,0.7109914817
Size_signal_past_exposure,2018-07,0.005279554324,0.005437687113,0.001549230951,6.981891237e-06,0.0001511508978,0.01430203295,1.48302342,0.7138815669
Size_signal_past_exposure,2018-08,-0.00754850075,-0.007396732571,0.001549230951,6.070840526e-06,0.0001456973392,0.009630844241,1.471828817,0.7167144227
Size_signal_past_exposure,2018-09,0.006734890852,0.006905825248,0.001549230951,1.975515095e-05,0.000151179246,0.02577492843,1.481741423,0.7194917323
Size_signal_past_exposure,2018-10,0.02635312588,0.02650691946,0.00175381674,7.339608065e-06,0.0001464539652,0.01243477806,1.520789942,0.7222151135
Size_signal_past_exposure,2018-11,-0.009559521372,-0.009390320139,0.00175381674,1.70340593e-05,0.0001521671738,0.03731711415,1.506251918,0.724886122
Size_signal_past_exposure,2018-12,-0.006423922558,-0.006263876918,0.00175381674,6.785634842e-06,0.0001532600056,0.01125169772,1.496575872,0.7275062542
Size_signal_past_exposure,2019-01,0.02176628706,0.0219205813,0.001957943956,2.670623393e-06,0.000151623616,0.00929408106,1.529150772,0.729542909
Size_signal_past_exposure,2019-02,0.003087827192,0.003248925022,0.001957943956,1.034418047e-05,0.0001507536501,0.0195373811,1.533872525,0.7320705454
Size_signal_past_exposure,2019-03,-0.002758441698,-0.002601059113,0.001957943956,6.15164038e-06,0.0001512309448,0.01207029891,1.529641427,0.7345513736
Size_signal_past_exposure,2019-04,0.005536981625,0.005697035918,0.001957943956,8.466114383e-06,0.0001515881781,0.01378928279,1.538111024,0.7369368541
Size_signal_past_exposure,2019-05,0.001003469621,0.001160945442,0.001957943956,4.397871468e-06,0.0001530779496,0.01219003054,1.539654472,0.7393283372
Size_signal_past_exposure,2019-06,0.008794424561,0.008956699241,0.001957943956,4.020481174e-06,0.0001582541996,0.008634479479,1.553194847,0.7416767306
Size_signal_past_exposure,2019-07,0.01350197663,0.01366197099,0.001957943956,8.880746196e-06,0.0001511136187,0.01596135743,1.574166047,0.7437702696
Size_signal_past_exposure,2019-08,-0.008791778183,-0.008634480025,0.001957943956,4.718133774e-06,0.0001525800243,0.01900178877,1.560326329,0.7460377893
Size_signal_past_exposure,2019-09,0.005758116068,0.005928863717,0.00175381674,1.606803896e-05,0.0001546796104,0.01947128452,1.569310869,0.7474642904
Size_signal_past_exposure,2019-10,0.003716876166,0.00387680078,0.001549230951,9.997563863e-07,0.0001589248576,0.004427977865,1.575143803,0.7465906072
Size_signal_past_exposure,2019-11,-0.009069957504,-0.008905473731,0.00134418443,9.251915604e-06,0.0001552318571,0.01422649491,1.560857315,0.747868733
Size_signal_past_exposure,2019-12,0.007130696332,0.007299836797,0.00134418443,9.418923448e-06,0.0001597215412,0.0127508847,1.571987315,0.747580067
Size_signal_past_exposure,2020-01,-0.001988465694,-0.001824977945,0.00134418443,1.219000945e-05,0.0001512977397,0.02068446237,1.568861472,0.7462261416
Size_signal_past_exposure,2020-02,-0.007341978601,-0.007173577745,0.00134418443,1.362103181e-05,0.000154779824,0.02364216255,1.557342925,0.7479141329
Size_signal_past_exposure,2020-03,-0.03444183798,-0.03418518909,0.00134418443,0.000100866727,0.0001557821616,0.3824513343,1.503705172,0.7477411448
Size_signal_past_exposure,2020-04,-0.002561578231,-0.002381133856,0.0001041070355,2.334373894e-05,0.0001571006362,0.0367967202,1.499853314,0.7498259287
Size_signal_past_exposure,2020-05,9.543678705e-05,0.0002614040277,0.0001041070355,7.880775101e-06,0.0001580864656,0.01609217399,1.499996455,0.7518765358
Size_signal_past_exposure,2020-06,-0.002401446393,-0.002241989102,0.0001041070355,2.418248273e-06,0.0001570390424,0.007938222708,1.496394294,0.7538937998
Size_signal_past_exposure,2020-07,-0.001236798261,-0.001069026324,0.0001041070355,3.602477122e-06,0.0001641694597,0.005676373517,1.494543556,0.7558785272
Size_signal_past_exposure,2020-08,-0.003095012115,-0.002922689408,0.0001041070355,1.457393624e-05,0.0001577487712,0.02979390815,1.489917925,0.757831499
Size_signal_past_exposure,2020-09,-0.009013803188,-0.008846710626,0.0001041070355,1.018679805e-05,0.0001569057639,0.01695832887,1.476488099,0.7597534712
Size_signal_past_exposure,2020-10,-0.003990727636,-0.003823163635,0.0001041070355,8.116454984e-06,0.0001594475461,0.01412815227,1.470595837,0.7616451761
Size_signal_past_exposure,2020-11,0.01730064649,0.01746598788,0.0001041070355,4.028932069e-06,0.0001613124512,0.007238378211,1.496038095,0.7635073232
Size_signal_past_exposure,2020-12,0.0008805517789,0.001057300534,0.0001041070355,1.452726967e-05,0.0001622214858,0.01854332281,1.497355434,0.7653405998
Size_signal_past_exposure,2021-01,-0.005490090159,-0.005327106478,0.0001041070355,5.268283714e-06,0.0001577153973,0.01161090969,1.489134818,0.7671456721
Size_signal_past_exposure,2021-02,0.00517479146,0.005343806754,0.0001041070355,1.012618443e-05,0.0001588891095,0.01334109345,1.49684078,0.768923186
Size_signal_past_exposure,2021-03,0.006728530508,0.006886118657,0.0001041070355,2.922189604e-06,0.000154665959,0.008345465976,1.506912319,0.770673768
Size_signal_past_exposure,2021-04,0.01107704178,0.01125527391,0.0001041070355,1.349355908e-05,0.0001647385685,0.02838795113,1.52360445,0.7723980253
Size_signal_past_exposure,2021-05,0.007321937272,0.007497087544,0.0001041070355,1.361244792e-05,0.0001615378248,0.0188358013,1.534760186,0.7740965475
Size_signal_past_exposure,2021-06,0.01273713658,0.012899618,0.0001041070355,3.648482234e-06,0.000158832936,0.007339243032,1.554308636,0.7757699064
Size_signal_past_exposure,2021-07,-0.007078402293,-0.006903704387,0.0001041070355,1.199393093e-05,0.0001627039744,0.02808400287,1.543306614,0.7774186571
Size_signal_past_exposure,2021-08,-0.003405844032,-0.003239653659,0.0001041070355,4.394254772e-06,0.0001617961179,0.007500703827,1.538050353,0.7790433385
Size_signal_past_exposure,2021-09,-0.00145011982,-0.001288279688,0.0001041070355,2.592861182e-06,0.0001592472702,0.004727449361,1.535819995,0.7803778746
Size_signal_past_exposure,2021-10,0.001225817116,0.001397293538,0.0001041070355,9.462221986e-06,0.0001620142003,0.01802650899,1.53770263,0.7819578899
Size_signal_past_exposure,2021-11,-0.001279118676,-0.001107392805,0.0001041070355,9.700582914e-06,0.0001620252875,0.01756475305,1.535735726,0.7835153336
Size_signal_past_exposure,2021-12,0.008320613637,0.00848708846,0.0001041070355,4.818029831e-06,0.0001616567933,0.01545516079,1.548513989,0.7850506858
Size_signal_past_exposure,2022-01,0.01126528217,0.01143021064,0.0001041070355,2.524201025e-06,0.0001624042705,0.01012595805,1.565958436,0.7865644134
Size_signal_past_exposure,2022-02,0.009474134614,0.009646814796,0.0001041070355,8.200192628e-06,0.00016447999,0.01777782063,1.580794537,0.7880569699
Size_signal_past_exposure,2022-03,0.03333566324,0.03350380565,0.0001041070355,8.630874975e-06,0.0001595115345,0.01315268097,1.633491372,0.7895287965
Size_signal_past_exposure,2022-04,0.0112110734,0.01146050595,0.0003119641739,9.402330446e-05,0.0001554092514,0.4278123771,1.651804563,0.7909803221
Size_signal_past_exposure,2022-05,0.002382919511,0.002563766974,0.0003119641739,1.326568351e-05,0.0001675817791,0.04385414606,1.655740681,0.7924119637
Size_signal_past_exposure,2022-06,-0.001233104798,-0.0009881202196,0.0007262586484,8.700487127e-05,0.000157979707,0.4076398849,1.653698979,0.7938241272
Size_signal_past_exposure,2022-07,0.006616368026,0.006802249586,0.00134418443,2.022138503e-05,0.0001656601749,0.03763382714,1.66464046,0.7949871292
Size_signal_past_exposure,2022-08,0.0121205795,0.01228573713,0.001957943956,3.818607837e-06,0.0001613390222,0.00984789937,1.684816867,0.7963630545
Size_signal_past_exposure,2022-09,-0.0008788659633,-0.0007134326928,0.001957943956,4.744938233e-06,0.0001606883323,0.02281921433,1.683336139,0.7977206342
Size_signal_past_exposure,2022-10,0.01110512752,0.0112824851,0.002567595531,1.172173624e-05,0.0001656358434,0.02976457762,1.702029801,0.7990602326
Size_signal_past_exposure,2022-11,-0.01547614347,-0.01529520876,0.002567595531,4.530988256e-06,0.0001764037188,0.01231568817,1.675688944,0.8003822048
Size_signal_past_exposure,2022-12,-0.01058304773,-0.01039679155,0.003173196228,1.236082227e-05,0.000173895358,0.04046010266,1.657955048,0.8016868962
Size_signal_past_exposure,2023-01,0.008797018694,0.008975876563,0.003574707178,9.319000666e-06,0.0001695388679,0.02742496172,1.672540109,0.8029746437
Size_signal_past_exposure,2023-02,0.01382543046,0.01399472122,0.003574707178,7.288634405e-06,0.0001620021224,0.008578344318,1.695663696,0.804245775
Size_signal_past_exposure,2023-03,0.001467313625,0.001648560404,0.003774801921,9.151248733e-06,0.0001720955307,0.02757896471,1.698151767,0.8055006098
Size_signal_past_exposure,2023-04,0.01015479147,0.01033083912,0.003974458863,8.90683058e-06,0.0001671408176,0.01683021959,1.715396144,0.8067394594
Size_signal_past_exposure,2023-05,0.01342015424,0.01358879271,0.003974458863,4.760139546e-06,0.0001638783355,0.01239657696,1.738417025,0.8079626274
Size_signal_past_exposure,2023-06,0.02525354318,0.02542848536,0.004173680002,7.857706899e-06,0.0001670844677,0.02255127876,1.782318214,0.8091704096
Size_signal_past_exposure,2023-07,0.006750718437,0.006931188185,0.004173680002,8.969828719e-06,0.0001714999191,0.0207312674,1.794350142,0.8103630945
Size_signal_past_exposure,2023-08,0.004856344056,0.005110439148,0.004372467323,8.832696168e-05,0.0001657681309,0.4157940731,1.803064124,0.8115409635
Size_signal_past_exposure,2023-09,0.01287132039,0.01312512074,0.004372467323,8.855214178e-05,0.000165248207,0.4189779368,1.82627194,0.8127042909
Size_signal_past_exposure,2023-10,0.004448787403,0.004707677892,0.004372467323,9.010376699e-05,0.0001687867215,0.4272183443,1.834396636,0.8138533443
Size_signal_past_exposure,2023-11,0.009162951295,0.009339601066,0.004372467323,2.354394912e-06,0.000174295376,0.006758030402,1.851205123,0.8149883849
Size_signal_past_exposure,2023-12,0.0001255450999,0.00030789073,0.004372467323,7.800221346e-06,0.0001745454087,0.01918775413,1.851437532,0.8161096674
Size_signal_past_exposure,2024-01,0.0140675767,0.01424035957,0.004372467323,7.822828367e-06,0.0001649600418,0.01777372557,1.877482772,0.8172174405
Size_signal_past_exposure,2024-02,0.007551742198,0.007730631802,0.004372467323,9.806934175e-06,0.0001690826693,0.02647588824,1.891661038,0.8183119469
Size_signal_past_exposure,2024-03,0.007814157903,0.00798701572,0.004372467323,2.867170842e-06,0.0001699906462,0.009222231597,1.906442776,0.8193934234
Size_signal_past_exposure,2024-04,0.008688746152,0.008857156197,0.004372467323,1.377862293e-06,0.0001670321833,0.00591972733,1.923007373,0.8204621013
Size_signal_past_exposure,2024-05,0.00364585864,0.003826079106,0.004372467323,8.212148112e-06,0.0001720083187,0.02022204619,1.930018386,0.8208604611
Size_signal_past_exposure,2024-06,0.0008495541763,0.001020677282,0.004372467323,3.16621478e-06,0.0001679568911,0.008301656396,1.931658041,0.8206524884
Size_signal_past_exposure,2024-07,-0.007206246225,-0.006917629955,0.004372467323,0.0001127994018,0.0001758168677,0.4223786526,1.917738038,0.8201398476
Size_signal_past_exposure,2024-08,0.0003401399271,0.0006225549765,0.004372467323,0.0001072695058,0.0001751455437,0.4322325838,1.918390337,0.8170798097
Size_signal_past_exposure,2024-09,0.01142729684,0.01160578837,0.004372467323,5.7483124e-06,0.0001727432219,0.02038594346,1.940312353,0.8175908033
Size_signal_past_exposure,2024-10,0.01170644438,0.01197627171,0.003974458863,0.0001096488293,0.000160178496,0.4189662494,1.963026512,0.8186331416
Size_signal_past_exposure,2024-11,-0.008018431464,-0.007732961389,0.003974458863,0.0001160261436,0.0001694439316,0.4323272995,1.947286118,0.8182182963
Size_signal_past_exposure,2024-12,0.01210466209,0.01228097683,0.003774801921,1.070962096e-05,0.0001656051149,0.02006771137,1.970857359,0.8192453116
Size_signal_past_exposure,2025-01,0.01370921366,0.01398968023,0.003574707178,0.0001085257942,0.0001719407755,0.4244796846,1.997876263,0.8202607874
Size_signal_past_exposure,2025-02,-0.002349812555,-0.002161319572,0.003574707178,1.270883773e-05,0.0001757841445,0.01795192612,1.993181629,0.821264917
Size_signal_past_exposure,2025-03,-0.003208924728,-0.003024265463,0.003574707178,6.482593772e-06,0.0001781766713,0.01878256666,1.986785659,0.8222578897
Size_signal_past_exposure,2025-04,0.00120883412,0.001398511963,0.003574707178,1.092610883e-05,0.0001787517346,0.02912627643,1.989187353,0.8232398903
Size_signal_past_exposure,2025-05,0.005246070463,0.005431385894,0.003574707178,1.34937186e-05,0.000171821713,0.03155113243,1.99962277,0.8242110997
Size_signal_past_exposure,2025-06,0.01033824676,0.01061809208,0.003574707178,0.0001054194903,0.0001744258264,0.4179512734,2.020295364,0.8251716948
Size_signal_past_exposure,2025-07,0.008163379685,0.008339281463,0.003574707178,8.96829543e-06,0.0001669334832,0.01677937734,2.036787802,0.8261218486
Size_signal_past_exposure,2025-08,0.008116949584,0.008299941722,0.003574707178,7.598386703e-06,0.0001753937512,0.02672581752,2.053320306,0.8270617305
Size_signal_past_exposure,2025-09,0.009733559057,0.009914004061,0.003574707178,7.738447125e-06,0.000172706557,0.01266302631,2.07330642,0.8279915062
Size_signal_past_exposure,2025-10,0.009818951711,0.009992239391,0.003374172623,5.437458448e-06,0.0001678502216,0.009588494889,2.093664116,0.8289113377
Size_signal_past_exposure,2025-11,0.0114268651,0.01160550907,0.003173196228,6.749426334e-06,0.0001718945491,0.02459731312,2.117588133,0.8298213838
Size_signal_past_exposure,2025-12,-0.001220012516,-0.000938731772,0.003173196228,0.000105939067,0.0001753416771,0.4200191344,2.115004649,0.8307217997
Size_signal_past_exposure,2026-01,0.007725180984,0.007909555703,0.002971775953,5.876762059e-06,0.0001784979571,0.01467735012,2.131343443,0.8316127376
Size_signal_past_exposure,2026-02,0.01111587359,0.01130037095,0.002971775953,1.412991844e-05,0.000170367441,0.02350395003,2.155035187,0.8324943463
Size_signal_past_exposure,2026-03,0.01433097924,0.01450514058,0.002971775953,6.870561072e-06,0.0001672907745,0.0206480016,2.185918952,0.8333667716
Size_signal_past_exposure,2026-04,0.01056815851,0.01075602903,0.002971775953,1.018923897e-05,0.0001776812719,0.03040245155,2.20902009,0.8342301562
Size_signal_past_exposure,2026-05,0.004392122833,0.004576796663,0.002971775953,1.193470396e-05,0.0001727391257,0.01743585611,2.218722377,0.83508464
Size_signal_past_exposure,2026-06,0.01125645115,0.0114273244,0.002971775953,2.759215366e-06,0.0001681140296,0.007960487929,2.243697317,0.8359303597
Size_signal_past_exposure,2026-07,0.006855337951,0.007043850357,0.002971775953,1.149634999e-05,0.0001770160558,0.02930753591,2.259078621,0.8364469201
Size_signal_past_exposure,2026-08,0.001824404749,0.002360177851,0.002971775953,0.0003612888451,0.0001744842566,0.8498614389,2.263200094,0.8368849444
Size_signal_expost_exposure,2010-03,0.01589846035,0.01640246161,0.0001041070355,0.0003344290828,0.0001695721804,0.8360727069,1.373298085,0.8360727069
Size_signal_expost_exposure,2010-04,0.01565047858,0.01582944693,0.0001041070355,6.823778026e-06,0.0001721445746,0.0238424066,1.394790858,0.8360727069
Size_signal_expost_exposure,2010-05,-0.01090936688,-0.0107311199,0.0001041070355,7.82357763e-06,0.0001704234039,0.01764992372,1.379574572,0.8360727069
Size_signal_expost_exposure,2010-06,0.004621392251,0.00481120042,0.0001041070355,1.307878142e-05,0.0001767293875,0.03825872089,1.385950128,0.8360727069
Size_signal_expost_exposure,2010-07,-0.003552585154,-0.00336558558,0.0001041070355,5.216972831e-06,0.0001817826004,0.01618365997,1.381026422,0.8360727069
Size_signal_expost_exposure,2010-08,-0.004136821505,-0.003866237643,0.0001041070355,9.666094535e-05,0.0001739229164,0.4542760413,1.375313362,0.8360727069
Size_signal_expost_exposure,2010-09,-0.002696903564,-0.002509407028,0.0001041070355,5.468040237e-06,0.0001820284953,0.01803215258,1.371604274,0.8360727069
Size_signal_expost_exposure,2010-10,-0.006711070097,-0.006517188973,0.0001041070355,1.560131433e-05,0.00017827981,0.03753375662,1.362399342,0.8360727069
Size_signal_expost_exposure,2010-11,0.02017886643,0.02035016623,0.0001041070355,5.76457641e-06,0.0001655352242,0.01891589033,1.389891016,0.8360727069
Size_signal_expost_exposure,2010-12,0.007929006275,0.008221913059,0.0001041070355,0.0001135587428,0.0001793480417,0.4463495092,1.400911471,0.8360727069
Size_signal_expost_exposure,2011-01,0.004218200982,0.004406110494,0.0001041070355,1.247227188e-05,0.0001754372401,0.02620047862,1.406820797,0.8360727069
Size_signal_expost_exposure,2011-02,0.00664429808,0.006824475628,0.0001041070355,4.787612125e-06,0.0001753899353,0.01543543712,1.416168134,0.8360727069
Size_signal_expost_exposure,2011-03,0.004268722847,0.004448686754,0.0001041070355,4.393678887e-06,0.0001755702283,0.008310507651,1.422213363,0.8360727069
Size_signal_expost_exposure,2011-04,0.004355667463,0.004542726814,0.0001041070355,7.181684015e-06,0.0001798776666,0.01386197694,1.428408052,0.8360727069
Size_signal_expost_exposure,2011-05,0.002893611583,0.003076777307,0.0001041070355,1.2070312e-05,0.0001710954123,0.02812754545,1.43254131,0.8360727069
Size_signal_expost_exposure,2011-06,-0.004593569976,-0.004413217474,0.0001041070355,4.617138634e-06,0.0001757353638,0.01596532129,1.425960831,0.8360727069
Size_signal_expost_exposure,2011-07,-0.004469511737,-0.004285403908,0.0001041070355,7.854132111e-06,0.0001762536972,0.01541528705,1.419587482,0.8360727069
Size_signal_expost_exposure,2011-08,-0.006570082295,-0.006389466974,0.0001041070355,4.080874077e-06,0.0001765344468,0.01308871538,1.410260676,0.8360727069
Size_signal_expost_exposure,2011-09,-0.03218015082,-0.03192401818,0.0001041070355,8.628589051e-05,0.0001698467512,0.4292161206,1.364878274,0.8360727069
Size_signal_expost_exposure,2011-10,0.03372929059,0.03393006968,0.0001041070355,2.532995422e-05,0.0001754491353,0.03850344193,1.41091465,0.8360727069
Size_signal_expost_exposure,2011-11,-0.02090350716,-0.0207112099,0.0001041070355,1.949188978e-05,0.0001728053651,0.03272226389,1.381421586,0.8360727069
Size_signal_expost_exposure,2011-12,-0.003768489315,-0.003583470877,0.0001041070355,1.180862901e-05,0.0001732098085,0.0216684084,1.376215713,0.8360727069
Size_signal_expost_exposure,2012-01,0.0150991813,0.01536328049,0.0001041070355,8.710596926e-05,0.0001769932232,0.4217378805,1.396995444,0.8360727069
Size_signal_expost_exposure,2012-02,0.01868494884,0.01887143223,0.0001041070355,1.477415953e-05,0.0001717092345,0.01644419042,1.423098232,0.8360727069
Size_signal_expost_exposure,2012-03,-0.008383878567,-0.00820620211,0.0001041070355,5.917062934e-06,0.0001717593935,0.01915819617,1.41116715,0.8360727069
Size_signal_expost_exposure,2012-04,-0.0122083064,-0.01202181671,0.0001041070355,1.113971888e-05,0.0001753499675,0.01381628402,1.393939189,0.8360727069
Size_signal_expost_exposure,2012-05,-0.01628134147,-0.01610595406,0.0001041070355,5.040540458e-06,0.0001703468629,0.01227579036,1.371243989,0.8360727069
Size_signal_expost_exposure,2012-06,0.004633726301,0.004823136458,0.0001041070355,1.47828786e-05,0.0001746272786,0.03555811925,1.377597958,0.8360727069
Size_signal_expost_exposure,2012-07,0.008398753025,0.008578990735,0.0001041070355,6.661425952e-06,0.0001735762843,0.01597081243,1.389168063,0.8360727069
Size_signal_expost_exposure,2012-08,0.002747907404,0.002926889233,0.0001041070355,2.810580748e-06,0.0001761712486,0.01214272489,1.392985368,0.8360727069
Size_signal_expost_exposure,2012-09,-0.00192378281,-0.001742818091,0.0001041070355,3.631236327e-06,0.0001773334823,0.012766803,1.390305567,0.8360727069
Size_signal_expost_exposure,2012-10,0.003371979595,0.003550211339,0.0001041070355,6.07682261e-06,0.0001721549217,0.01495100479,1.394993649,0.8360727069
Size_signal_expost_exposure,2012-11,-0.0008568541725,-0.0006830394562,0.0001041070355,2.637141596e-06,0.0001711775747,0.01032044362,1.393798343,0.8360727069
Size_signal_expost_exposure,2012-12,0.01783382858,0.01801410725,0.0001041070355,8.16698227e-06,0.0001721116873,0.01460658706,1.418655104,0.8360727069
Size_signal_expost_exposure,2013-01,0.0181480504,0.01832647156,0.0001041070355,6.581972514e-06,0.0001718391855,0.01759619273,1.444400928,0.8360727069
Size_signal_expost_exposure,2013-02,0.009979418443,0.01015748283,0.0001041070355,7.726266012e-06,0.0001703381162,0.02152469916,1.458815209,0.8360727069
Size_signal_expost_exposure,2013-03,0.004531459526,0.004705951286,0.0001041070355,4.467853374e-06,0.0001700239072,0.01782183007,1.465425771,0.8360727069
Size_signal_expost_exposure,2013-04,0.003168730156,0.003349038005,0.0001041070355,7.018020108e-06,0.0001732898283,0.01903026616,1.47006931,0.8360727069
Size_signal_expost_exposure,2013-05,-0.00546857502,-0.005294362403,0.0001041070355,2.982373464e-06,0.0001712302432,0.01218745592,1.462030126,0.8360727069
Size_signal_expost_exposure,2013-06,-0.01402611859,-0.01383949004,0.0001041070355,1.072461821e-05,0.000175903935,0.01522857623,1.441523518,0.8360727069
Size_signal_expost_exposure,2013-07,-0.006055395827,-0.005873271816,0.0001041070355,5.760238124e-06,0.0001763637729,0.01414195379,1.432794522,0.8360727069
Size_signal_expost_exposure,2013-08,-0.004712843947,-0.004531425178,0.0001041070355,7.768397234e-06,0.0001736503715,0.01834738616,1.426041985,0.8360727069
Size_signal_expost_exposure,2013-09,0.01183652238,0.01201689572,0.0001041070355,3.831741141e-06,0.0001765415972,0.004657482201,1.442921363,0.8360727069
Size_signal_expost_exposure,2013-10,0.00469467148,0.004879269396,0.0001041070355,1.011300214e-05,0.0001744849134,0.01531167532,1.449695405,0.8360727069
Size_signal_expost_exposure,2013-11,-0.003716880374,-0.003539209292,0.0001041070355,7.130854777e-06,0.0001705402271,0.01145954872,1.444307061,0.8360727069
Size_signal_expost_exposure,2013-12,0.004512753293,0.004696964103,0.0001041070355,1.108525532e-05,0.0001731255541,0.01869506218,1.450824862,0.8360727069
Size_signal_expost_exposure,2014-01,-0.009501838074,-0.009321554366,0.0001041070355,5.503000662e-06,0.0001747807074,0.01411330017,1.437039359,0.8360727069
Size_signal_expost_exposure,2014-02,0.007174878266,0.007459385686,0.0001041070355,0.0001080804115,0.0001764270082,0.4281933528,1.447349942,0.8360727069
Size_signal_expost_exposure,2014-03,0.01197547396,0.01215858819,0.0001041070355,1.034020906e-05,0.0001727740254,0.01344526066,1.464682643,0.8360727069
Size_signal_expost_exposure,2014-04,0.002026141633,0.002207679883,0.0001041070355,6.357762341e-06,0.0001751804875,0.01368630384,1.467650298,0.8360727069
Size_signal_expost_exposure,2014-05,0.008965709638,0.009142167484,0.0001041070355,3.037758362e-06,0.0001734200875,0.005208083478,1.480808824,0.8360727069
Size_signal_expost_exposure,2014-06,0.006494390666,0.006673049785,0.0001041070355,3.87500328e-06,0.0001747841163,0.008957747882,1.490425775,0.8360727069
Size_signal_expost_exposure,2014-07,-0.0006152818948,-0.0004401142207,0.0001041070355,4.060540283e-06,0.0001711071338,0.006526556741,1.489508743,0.8360727069
Size_signal_expost_exposure,2014-08,0.009244380949,0.009422110483,0.0001041070355,5.689982616e-06,0.0001720395518,0.01481161981,1.503278329,0.8360727069
Size_signal_expost_exposure,2014-09,-0.0010425843,-0.0008743334116,0.0001041070355,2.661340194e-06,0.000165589548,0.01018625933,1.501711035,0.8360727069
Size_signal_expost_exposure,2014-10,0.004819741914,0.005012599353,0.0001041070355,2.077236757e-05,0.0001720850709,0.04140296935,1.508948894,0.8360727069
Size_signal_expost_exposure,2014-11,0.003638570139,0.003810277535,0.0001041070355,2.509798706e-06,0.0001691975971,0.01031679015,1.514439311,0.8360727069
Size_signal_expost_exposure,2014-12,0.004569414568,0.00484758831,0.0001041070355,0.0001099093147,0.0001682644269,0.417291707,1.521359412,0.8360727069
Size_signal_expost_exposure,2015-01,0.01138930461,0.01156397464,0.0001041070355,1.220648365e-05,0.0001624635432,0.02742285902,1.538686638,0.8360727069
Size_signal_expost_exposure,2015-02,-0.008729907235,-0.008543419965,0.0001041070355,1.338186094e-05,0.0001731054083,0.05376273349,1.525254046,0.8360727069
Size_signal_expost_exposure,2015-03,-0.009675205102,-0.009493019681,0.0001041070355,1.47467125e-05,0.0001674387089,0.02007481628,1.5104969,0.8360727069
Size_signal_expost_exposure,2015-04,0.01875090628,0.01895464328,0.0001041070355,2.252330251e-05,0.0001812137008,0.03430718267,1.538820086,0.8360727069
Size_signal_expost_exposure,2015-05,-0.007996650175,-0.007804094327,0.0001041070355,2.218920033e-05,0.0001703666476,0.0360865881,1.52651468,0.8360727069
Size_signal_expost_exposure,2015-06,-0.004258237528,-0.004068387574,0.0001041070355,1.110929403e-05,0.0001787406592,0.01984742074,1.520014418,0.8360727069
Size_signal_expost_exposure,2015-07,-0.01179652755,-0.01161805727,0.0001041070355,9.974461445e-06,0.0001684958183,0.02119928737,1.502083526,0.8360727069
Size_signal_expost_exposure,2015-08,-0.02419741458,-0.02400314547,0.0001041070355,1.653274394e-05,0.000177736367,0.02965357938,1.465736988,0.8360727069
Size_signal_expost_exposure,2015-09,-0.02154396076,-0.02135633002,0.0001041070355,1.27577513e-05,0.0001748729819,0.02863445675,1.434159208,0.8360727069
Size_signal_expost_exposure,2015-10,0.01940647155,0.01959433886,0.0001041070355,1.637939158e-05,0.0001714879263,0.0260014502,1.461991178,0.8360727069
Size_signal_expost_exposure,2015-11,0.01375575278,0.01393304742,0.0001041070355,8.406418202e-06,0.0001688882248,0.01929266534,1.482101967,0.8360727069
Size_signal_expost_exposure,2015-12,-0.02390089041,-0.02371485009,0.0001041070355,6.61667497e-06,0.0001794236476,0.02512401996,1.446678411,0.8360727069
Size_signal_expost_exposure,2016-01,-0.002772591671,-0.002591673084,0.0003119641739,7.692680176e-06,0.0001732259069,0.02713798967,1.442667362,0.8360727069
Size_signal_expost_exposure,2016-02,0.01485603911,0.01503341472,0.0003119641739,3.458262445e-06,0.0001739173536,0.00774205694,1.464099685,0.8360727069
Size_signal_expost_exposure,2016-03,0.0128586106,0.01304726078,0.0003119641739,5.564048838e-06,0.0001830861283,0.01450594959,1.482925973,0.8360727069
Size_signal_expost_exposure,2016-04,0.01568066544,0.01588207788,0.0003119641739,2.641862648e-05,0.0001749938067,0.04386730656,1.506179239,0.8360727069
Size_signal_expost_exposure,2016-05,0.001324788284,0.001502829791,0.0003119641739,8.782705322e-06,0.0001692588015,0.01532973328,1.508174607,0.8360727069
Size_signal_expost_exposure,2016-06,0.03090834952,0.03108852686,0.0003119641739,8.032828769e-06,0.0001721445117,0.02382073504,1.554789795,0.8360727069
Size_signal_expost_exposure,2016-07,-0.001242330631,-0.001046258561,0.0003119641739,2.302155326e-05,0.0001730505164,0.04001126102,1.552858232,0.8360727069
Size_signal_expost_exposure,2016-08,0.005163779468,0.00534082803,0.0003119641739,2.097710248e-06,0.0001749508519,0.00686417148,1.56087685,0.8360727069
Size_signal_expost_exposure,2016-09,0.002343731,0.002522020141,0.0003119641739,4.607437859e-06,0.0001736817033,0.005641849564,1.564535125,0.8360727069
Size_signal_expost_exposure,2016-10,0.01626199469,0.01643293855,0.0003119641739,2.230040344e-06,0.0001687138211,0.004968995687,1.589977587,0.8360727069
Size_signal_expost_exposure,2016-11,-0.0008365676515,-0.0006568161469,0.0003119641739,9.553821147e-06,0.0001701976835,0.02962074319,1.588647463,0.8360727069
Size_signal_expost_exposure,2016-12,0.01000346761,0.01019108548,0.0003119641739,1.315663695e-05,0.0001744612316,0.02069178569,1.604539447,0.8360727069
Size_signal_expost_exposure,2017-01,0.007532895978,0.00772241206,0.0005193472934,1.083898046e-05,0.0001786771021,0.01677890902,1.616626275,0.8360727069
Size_signal_expost_exposure,2017-02,0.01086024794,0.01104358176,0.0005193472934,1.276024911e-05,0.0001705735741,0.02199423412,1.634183237,0.8360727069
Size_signal_expost_exposure,2017-03,-0.00854803646,-0.008366376151,0.0005193472934,5.608057519e-06,0.0001760522521,0.01870955343,1.62021418,0.8360727069
Size_signal_expost_exposure,2017-04,-0.00993536236,-0.009755530078,0.0007262586484,2.677315818e-06,0.0001771549658,0.0089623338,1.604116765,0.8360727069
Size_signal_expost_exposure,2017-05,-0.007807944562,-0.007623922802,0.0007262586484,6.338954046e-06,0.0001776828053,0.01687358014,1.59159191,0.8360727069
Size_signal_expost_exposure,2017-06,-0.001582794997,-0.001399524391,0.0007262586484,5.058142867e-06,0.0001782124637,0.01754612666,1.589072746,0.8360727069
Size_signal_expost_exposure,2017-07,0.007833286957,0.00801816854,0.0009327004774,4.977440947e-06,0.0001799041416,0.01940250561,1.601520409,0.8360727069
Size_signal_expost_exposure,2017-08,-0.00727993822,-0.007089048275,0.0009327004774,1.469220313e-05,0.0001761977413,0.02746362386,1.589861439,0.8360727069
Size_signal_expost_exposure,2017-09,0.008969205156,0.009145076307,0.0009327004774,3.475910333e-06,0.0001723952404,0.01042060792,1.604121233,0.8360727069
Size_signal_expost_exposure,2017-10,-0.002263256792,-0.002087867555,0.0009327004774,4.501211183e-06,0.0001708880265,0.01195164385,1.600490694,0.8360727069
Size_signal_expost_exposure,2017-11,-0.0008231433653,-0.0006407303941,0.0009327004774,6.675755885e-06,0.0001757372153,0.01728570156,1.599173261,0.8360727069
Size_signal_expost_exposure,2017-12,-0.001761715096,-0.001581968165,0.0009327004774,2.758816007e-06,0.0001769881152,0.006269196105,1.596355973,0.8360727069
Size_signal_expost_exposure,2018-01,-0.0008043628595,-0.0006180337677,0.001138675003,4.673578833e-06,0.0001816555129,0.01512926963,1.595071924,0.8360727069
Size_signal_expost_exposure,2018-02,0.003667660409,0.00385275716,0.001138675003,1.708636061e-05,0.00016801039,0.03448948204,1.600922106,0.8360727069
Size_signal_expost_exposure,2018-03,-0.004246573879,-0.004061357092,0.001138675003,1.114914338e-05,0.0001740676438,0.03016703614,1.594123672,0.8360727069
Size_signal_expost_exposure,2018-04,0.006585860331,0.006758967394,0.00134418443,4.094810638e-06,0.0001690122524,0.007841562245,1.604622348,0.8360727069
Size_signal_expost_exposure,2018-05,-0.003075331272,-0.002891371959,0.00134418443,1.335960462e-05,0.000170599708,0.0250449361,1.599687603,0.8360727069
Size_signal_expost_exposure,2018-06,-0.004982702873,-0.004795996625,0.00134418443,1.466831694e-05,0.0001720379314,0.0213698542,1.591716835,0.8360727069
Size_signal_expost_exposure,2018-07,0.005919699135,0.006103252542,0.001549230951,6.530849724e-06,0.0001770225569,0.01311916713,1.601139319,0.8360727069
Size_signal_expost_exposure,2018-08,-0.009064559023,-0.008886551699,0.001549230951,8.046228131e-06,0.000169961096,0.01284460841,1.586625698,0.8360727069
Size_signal_expost_exposure,2018-09,0.007576356068,0.007773767096,0.001549230951,2.17358454e-05,0.0001756751825,0.028480303,1.598646539,0.8360727069
Size_signal_expost_exposure,2018-10,0.03023064055,0.03040925915,0.00175381674,9.076089743e-06,0.00016954251,0.01443754761,1.646974648,0.8360727069
Size_signal_expost_exposure,2018-11,-0.01129481007,-0.01109966245,0.00175381674,1.964029638e-05,0.0001755073205,0.04307073244,1.628372382,0.8360727069
Size_signal_expost_exposure,2018-12,-0.007643549745,-0.007460364995,0.00175381674,7.053607935e-06,0.0001761311426,0.01300031528,1.615925837,0.8360727069
Size_signal_expost_exposure,2019-01,0.02465764613,0.02483557875,0.001957943956,4.168514849e-06,0.0001737641001,0.01237968013,1.655770764,0.8360727069
Size_signal_expost_exposure,2019-02,0.003248244803,0.003432329234,0.001957943956,1.191384863e-05,0.0001721705826,0.02232710104,1.661149113,0.8360727069
Size_signal_expost_exposure,2019-03,-0.003409162335,-0.003231152645,0.001957943956,5.877324468e-06,0.0001721323653,0.01108374147,1.655485986,0.8360727069
Size_signal_expost_exposure,2019-04,0.006019798093,0.006200034334,0.001957943956,8.255781615e-06,0.0001719804589,0.0124424705,1.665451677,0.8360727069
Size_signal_expost_exposure,2019-05,0.0008795407264,0.001056654675,0.001957943956,4.005075427e-06,0.0001731088736,0.0115126083,1.66691651,0.8360727069
Size_signal_expost_exposure,2019-06,0.009665686908,0.009847457048,0.001957943956,3.37433632e-06,0.0001783958045,0.007006005859,1.683028403,0.8360727069
Size_signal_expost_exposure,2019-07,0.01493388452,0.01511444935,0.001957943956,1.06979015e-05,0.0001698669299,0.01961378267,1.708162555,0.8360727069
Size_signal_expost_exposure,2019-08,-0.01008901397,-0.009912817441,0.001957943956,5.202513853e-06,0.0001709940109,0.02045081565,1.690928879,0.8360727069
Size_signal_expost_exposure,2019-09,0.006233770279,0.006423796125,0.00175381674,1.700968691e-05,0.0001730161591,0.01977765859,1.701469741,0.8360727069
Size_signal_expost_exposure,2019-10,0.003976096514,0.004155770048,0.001549230951,1.700848525e-06,0.0001779726862,0.006322562861,1.708234949,0.8360727069
Size_signal_expost_exposure,2019-11,-0.01029873751,-0.01011432301,0.00134418443,1.087452989e-05,0.000173539972,0.0171425645,1.690642286,0.8360727069
Size_signal_expost_exposure,2019-12,0.007815821699,0.008004820013,0.00134418443,1.037019502e-05,0.0001786281192,0.01403462018,1.703856044,0.8360727069
Size_signal_expost_exposure,2020-01,-0.002388802302,-0.002206549078,0.00134418443,1.273904634e-05,0.0001695141777,0.02103566466,1.699785869,0.8360727069
Size_signal_expost_exposure,2020-02,-0.008364932992,-0.008177588411,0.00134418443,1.432045846e-05,0.0001730241224,0.02427183991,1.685567274,0.8360727069
Size_signal_expost_exposure,2020-03,-0.03866917347,-0.03838231678,0.00134418443,0.0001126717963,0.000174184896,0.4276384472,1.620387781,0.8360727069
Size_signal_expost_exposure,2020-04,-0.00286717553,-0.002666992229,0.0001041070355,2.501257238e-05,0.0001751707285,0.04132448489,1.615741845,0.8360727069
Size_signal_expost_exposure,2020-05,9.494790397e-05,0.0002790183618,0.0001041070355,8.281251872e-06,0.0001757892059,0.01794863361,1.615895256,0.8360727069
Size_signal_expost_exposure,2020-06,-0.002675246883,-0.002497727532,0.0001041070355,3.362119283e-06,0.0001741572318,0.009948945012,1.611572337,0.8360727069
Size_signal_expost_exposure,2020-07,-0.001378585618,-0.00119348874,0.0001041070355,3.510023373e-06,0.0001815868551,0.006296860218,1.609350647,0.8360727069
Size_signal_expost_exposure,2020-08,-0.003426256012,-0.003235186592,0.0001041070355,1.703410639e-05,0.000174035313,0.03523872748,1.603836599,0.8360727069
Size_signal_expost_exposure,2020-09,-0.009929273631,-0.009745843816,0.0001041070355,1.076245378e-05,0.0001726673608,0.01871538541,1.587911667,0.8360727069
Size_signal_expost_exposure,2020-10,-0.004390045959,-0.004206934277,0.0001041070355,8.083013276e-06,0.0001750286691,0.01413337199,1.580940662,0.8360727069
Size_signal_expost_exposure,2020-11,0.01893526818,0.0191160985,0.0001041070355,4.18638422e-06,0.0001766439346,0.00913902831,1.610876197,0.8360727069
Size_signal_expost_exposure,2020-12,0.0009520986272,0.001145393842,0.0001041070355,1.608136121e-05,0.0001772138532,0.02060465949,1.61240991,0.8360727069
Size_signal_expost_exposure,2021-01,-0.005993499384,-0.005815093905,0.0001041070355,6.519559739e-06,0.0001718859194,0.01459506624,1.602745932,0.8360727069
Size_signal_expost_exposure,2021-02,0.005618322471,0.005801386044,0.0001041070355,1.029878954e-05,0.0001727647837,0.01319472151,1.611750676,0.8360727069
Size_signal_expost_exposure,2021-03,0.007291129671,0.007461636317,0.0001041070355,2.715820847e-06,0.0001677908246,0.008303333873,1.623502159,0.8360727069
Size_signal_expost_exposure,2021-04,0.0119821613,0.01217454995,0.0001041070355,1.406941357e-05,0.0001783192297,0.0293771726,1.642955224,0.8360727069
Size_signal_expost_exposure,2021-05,0.007899360515,0.008088988567,0.0001041070355,1.515709325e-05,0.0001744709583,0.02145945932,1.655933519,0.8360727069
Size_signal_expost_exposure,2021-06,0.01371873937,0.01389424945,0.0001041070355,4.330608469e-06,0.0001711794717,0.008556372284,1.67865084,0.8360727069
Size_signal_expost_exposure,2021-07,-0.007620413865,-0.007432424037,0.0001041070355,1.301029729e-05,0.0001749795313,0.02975494044,1.665858826,0.8360727069
Size_signal_expost_exposure,2021-08,-0.003662579702,-0.003484431518,0.0001041070355,4.507884614e-06,0.0001736402991,0.009173443667,1.659757485,0.8360727069
Size_signal_expost_exposure,2021-09,-0.001560554588,-0.001387653014,0.0001041070355,2.288975614e-06,0.0001706125975,0.004250807695,1.657167343,0.8360727069
Size_signal_expost_exposure,2021-10,0.001304136804,0.001486787553,0.0001041070355,9.42447611e-06,0.0001732262731,0.01752973755,1.659328516,0.8360727069
Size_signal_expost_exposure,2021-11,-0.001371603847,-0.001188658923,0.0001041070355,1.005115342e-05,0.0001728937711,0.01877883983,1.657052574,0.8360727069
Size_signal_expost_exposure,2021-12,0.00885426719,0.009031915263,0.0001041070355,5.484879135e-06,0.0001721631931,0.01649340385,1.67172456,0.8360727069
Size_signal_expost_exposure,2022-01,0.01196767326,0.01214310338,0.0001041070355,2.803731685e-06,0.0001726263936,0.01019386112,1.691731214,0.8360727069
Size_signal_expost_exposure,2022-02,0.0100449326,0.01022824503,0.0001041070355,8.810792539e-06,0.0001745016359,0.01838113657,1.70872454,0.8360727069
Size_signal_expost_exposure,2022-03,0.03529459277,0.03547276813,0.0001041070355,9.260387116e-06,0.0001689149794,0.01340210904,1.769033277,0.8360727069
Size_signal_expost_exposure,2022-04,0.01183242274,0.01209606454,0.0003119641739,9.937294741e-05,0.0001642688571,0.452199249,1.789965226,0.8360727069
Size_signal_expost_exposure,2022-05,0.00249740897,0.002687838023,0.0003119641739,1.361376217e-05,0.0001768152907,0.04532681832,1.794435501,0.8360727069
Size_signal_expost_exposure,2022-06,-0.001337956346,-0.001079362183,0.0007262586484,9.220652448e-05,0.0001663876377,0.4307482878,1.792034625,0.8360727069
Size_signal_expost_exposure,2022-07,0.006889330468,0.007084326807,0.00134418443,2.077471194e-05,0.0001742216267,0.03832811227,1.804380544,0.8360727069
Size_signal_expost_exposure,2022-08,0.01262703352,0.01280071968,0.001957943956,4.302161574e-06,0.0001693839917,0.01057052058,1.827164517,0.8360727069
Size_signal_expost_exposure,2022-09,-0.001015358106,-0.0008418646615,0.001957943956,5.079688056e-06,0.0001684137569,0.02344187996,1.825309291,0.8360727069
Size_signal_expost_exposure,2022-10,0.01150117114,0.01168615883,0.002567595531,1.167959051e-05,0.0001733080966,0.02968140606,1.846302486,0.8360727069
Size_signal_expost_exposure,2022-11,-0.01628096373,-0.01609174378,0.002567595531,4.950069026e-06,0.0001842698823,0.01288110547,1.816242902,0.8360727069
Size_signal_expost_exposure,2022-12,-0.01117392887,-0.01097883304,0.003173196228,1.374178167e-05,0.0001813540465,0.04434688045,1.795948333,0.8360727069
Size_signal_expost_exposure,2023-01,0.00901152004,0.009198509055,0.003574707178,1.046187142e-05,0.0001765271436,0.03046174505,1.812132557,0.8360727069
Size_signal_expost_exposure,2023-02,0.01423064522,0.01440707909,0.003574707178,8.020728608e-06,0.0001684131359,0.009950906021,1.837920373,0.8360727069
Size_signal_expost_exposure,2023-03,0.001380111805,0.001567860698,0.003774801921,9.121621464e-06,0.0001786272716,0.02768897354,1.840456908,0.8360727069
Size_signal_expost_exposure,2023-04,0.01037895138,0.01056195869,0.003974458863,9.789201958e-06,0.0001732180993,0.01882930529,1.859558921,0.8360727069
Size_signal_expost_exposure,2023-05,0.01374855962,0.013923288,0.003974458863,5.148499459e-06,0.0001695798777,0.01284446932,1.885125178,0.8360727069
Size_signal_expost_exposure,2023-06,0.02595476233,0.02613513885,0.004173680002,7.73703249e-06,0.0001726394854,0.02234975699,1.934053154,0.8360727069
Size_signal_expost_exposure,2023-07,0.006832338345,0.007018673001,0.004173680002,9.393723362e-06,0.0001769409324,0.02140587446,1.947267259,0.8360727069
Size_signal_expost_exposure,2023-08,0.004870501884,0.005132747,0.004372467323,9.14660477e-05,0.0001707790687,0.4295244778,1.956751428,0.8360727069
Size_signal_expost_exposure,2023-09,0.01311604092,0.01337679364,0.004372467323,9.075298463e-05,0.000169999737,0.4304502731,1.98241626,0.8360727069
Size_signal_expost_exposure,2023-10,0.00445115451,0.00471682962,0.004372467323,9.228026994e-05,0.0001733948408,0.4384165216,1.991240301,0.8360727069
Size_signal_expost_exposure,2023-11,0.009287247612,0.009468104305,0.004372467323,2.052173398e-06,0.0001788045198,0.006274102877,2.009733443,0.8360727069
Size_signal_expost_exposure,2023-12,2.123131151e-05,0.0002084662211,0.004372467323,8.41990697e-06,0.0001788150027,0.02072891537,2.009776112,0.8360727069
Size_signal_expost_exposure,2024-01,0.01429076673,0.01446803672,0.004372467323,8.503900682e-06,0.0001687660858,0.01943259298,2.038497354,0.8360727069
Size_signal_expost_exposure,2024-02,0.007621108641,0.007803517886,0.004372467323,9.656781506e-06,0.0001727524639,0.0261452544,2.054032963,0.8360727069
Size_signal_expost_exposure,2024-03,0.007884631004,0.008060592192,0.004372467323,2.510272177e-06,0.0001734509159,0.008374427364,2.070228255,0.8360727069
Size_signal_expost_exposure,2024-04,0.008771259973,0.008942484586,0.004372467323,1.014375097e-06,0.0001702102381,0.005029231306,2.088386766,0.8360727069
Size_signal_expost_exposure,2024-05,0.003632524705,0.0038159534,0.004372467323,8.232705542e-06,0.0001751959893,0.02026759911,2.095972882,0.8360727069
Size_signal_expost_exposure,2024-06,0.0007833185892,0.0009576965012,0.004372467323,3.265078531e-06,0.0001711128334,0.008455615633,2.097614697,0.8360727069
Size_signal_expost_exposure,2024-07,-0.007431320165,-0.007136962708,0.004372467323,0.0001151249938,0.0001792324625,0.4308106823,2.08202665,0.8360727069
Size_signal_expost_exposure,2024-08,0.0002462077045,0.0005353888287,0.004372467323,0.0001099643488,0.0001792167755,0.4407294842,2.082539261,0.8360727069
Size_signal_expost_exposure,2024-09,0.01158652873,0.01176929993,0.004372467323,6.123057629e-06,0.0001766481381,0.02146320608,2.106668662,0.8360727069
Size_signal_expost_exposure,2024-10,0.01187077898,0.01214673651,0.003974458863,0.0001123667119,0.0001635908223,0.4288367412,2.13167646,0.8360727069
Size_signal_expost_exposure,2024-11,-0.008280273772,-0.007988429995,0.003974458863,0.0001187023945,0.000173141382,0.4420249752,2.114025596,0.8360727069
Size_signal_expost_exposure,2024-12,0.01227612293,0.01245569466,0.003774801921,1.056507085e-05,0.0001690066635,0.01987579967,2.139977634,0.8360727069
Size_signal_expost_exposure,2025-01,0.01390483531,0.01419044652,0.003574707178,0.0001103559862,0.0001752552259,0.4322306286,2.16973367,0.8360727069
Size_signal_expost_exposure,2025-02,-0.002456712398,-0.002264742812,0.003574707178,1.301597118e-05,0.0001789536147,0.01786346079,2.164403259,0.8360727069
Size_signal_expost_exposure,2025-03,-0.003323373466,-0.003135135303,0.003574707178,7.067932078e-06,0.0001811702311,0.02022385512,2.157210138,0.8360727069
Size_signal_expost_exposure,2025-04,0.001171474709,0.001364589027,0.003574707178,1.157616864e-05,0.0001815381499,0.03071365044,2.159737255,0.8360727069
Size_signal_expost_exposure,2025-05,0.0052696747,0.005458106225,0.003574707178,1.413704587e-05,0.0001742944795,0.03306173728,2.171118368,0.8360727069
Size_signal_expost_exposure,2025-06,0.01042776162,0.01071113941,0.003574707178,0.000106647691,0.0001767300959,0.423478868,2.193758273,0.8360727069
Size_signal_expost_exposure,2025-07,0.008218375259,0.008396672033,0.003574707178,9.3525326e-06,0.0001689442415,0.01744381286,2.211787402,0.8360727069
Size_signal_expost_exposure,2025-08,0.008166791976,0.008351423945,0.003574707178,7.327273577e-06,0.0001773046955,0.0261407161,2.229850609,0.8360727069
Size_signal_expost_exposure,2025-09,0.00979330167,0.009975875626,0.003574707178,8.181782035e-06,0.0001743921737,0.01369888419,2.251688209,0.8360727069
Size_signal_expost_exposure,2025-10,0.009874537602,0.0100494161,0.003374172623,5.578132167e-06,0.0001693003615,0.009241861127,2.273922589,0.8360727069
Size_signal_expost_exposure,2025-11,0.0114893844,0.01166903252,0.003173196228,6.458627822e-06,0.0001731894884,0.02393661725,2.30004856,0.8360727069
Size_signal_expost_exposure,2025-12,-0.001248497717,-0.000965217829,0.003173196228,0.0001068087867,0.000176471101,0.4227998022,2.297176954,0.8360727069
Size_signal_expost_exposure,2026-01,0.007750828258,0.007936037194,0.002971775953,5.753688736e-06,0.0001794552481,0.01477231226,2.314981978,0.8360727069
Size_signal_expost_exposure,2026-02,0.01115049754,0.01133617025,0.002971775953,1.457297654e-05,0.0001710997416,0.02449443736,2.340795179,0.8360727069
Size_signal_expost_exposure,2026-03,0.01436779194,0.01454258932,0.002971775953,6.963420672e-06,0.0001678339663,0.02031228589,2.374427237,0.8360727069
Size_signal_expost_exposure,2026-04,0.01058528153,0.01077322198,0.002971775953,9.86673123e-06,0.0001780737137,0.0296642467,2.399561218,0.8360727069
Size_signal_expost_exposure,2026-05,0.004393433412,0.004578695713,0.002971775953,1.231879219e-05,0.0001729435095,0.0183162607,2.41010353,0.8360727069
Size_signal_expost_exposure,2026-06,0.01125821852,0.01142876426,0.002971775953,2.40308438e-06,0.0001681426571,0.007124267934,2.437237003,0.8360727069
Size_signal_expost_exposure,2026-07,0.00685381238,0.007042028575,0.002971775953,1.127933341e-05,0.0001769368616,0.02879728911,2.453941368,0.8360727069
Size_signal_expost_exposure,2026-08,0.001825327901,0.002360771437,0.002971775953,0.0003611286251,0.0001743149111,0.8494820011,2.458420615,0.8360727069
Extreme_long_past_exposure,2010-03,0.0001041070355,0.0001041070355,0.0001041070355,0,0,0,1.351947177,0
Extreme_long_past_exposure,2010-04,0.009205448408,0.009508396736,0.0001041070355,0.0002,0.0001029483281,0.5,1.364392457,0.5
Extreme_long_past_exposure,2010-05,-0.006482733745,-0.006375728297,0.0001041070355,5.086438988e-06,0.0001019190092,0.00931850865,1.355547464,0.5
Extreme_long_past_exposure,2010-06,0.002804964216,0.002919109454,0.0001041070355,8.455035926e-06,0.0001056902026,0.02389195717,1.359349726,0.5
Extreme_long_past_exposure,2010-07,-0.002082996989,-0.001970887512,0.0001041070355,3.397281085e-06,0.0001087121963,0.01014874847,1.356518204,0.5
Extreme_long_past_exposure,2010-08,-0.002431806877,-0.002270294524,0.0001041070355,5.750051527e-05,0.0001040118371,0.2709043255,1.353219414,0.5
Extreme_long_past_exposure,2010-09,-0.001322991374,-0.001198368436,0.0001041070355,3.390689646e-05,9.071604152e-05,0.08149871801,1.351429116,0.4166666667
Extreme_long_past_exposure,2010-10,-0.002831793527,-0.002724293599,0.0001041070355,3.134463713e-05,7.61552915e-05,0.07763024319,1.347602148,0.3571428571
Extreme_long_past_exposure,2010-11,0.00758987676,0.007671503324,0.0001041070355,1.97542452e-05,6.187231941e-05,0.05130228058,1.357830282,0.3125
Extreme_long_past_exposure,2010-12,0.00269551898,0.00280117644,0.0001041070355,4.607065567e-05,5.958680396e-05,0.1634133558,1.36149034,0.2777777778
Extreme_long_past_exposure,2011-01,0.001321433553,0.001390479448,0.0001041070355,1.658716737e-05,5.245872717e-05,0.03797792836,1.363289459,0.25
Extreme_long_past_exposure,2011-02,0.001872971914,0.001930929614,0.0001041070355,1.028080695e-05,4.767689294e-05,0.02551628758,1.365842862,0.2272727273
Extreme_long_past_exposure,2011-03,0.001133304839,0.001186693236,0.0001041070355,9.639652783e-06,4.37487441e-05,0.02194343003,1.367390778,0.2083333333
Extreme_long_past_exposure,2011-04,0.001075106879,0.001125047822,0.0001041070355,8.566718671e-06,4.137422341e-05,0.01855995829,1.368860869,0.1923076923
Extreme_long_past_exposure,2011-05,0.0006935863379,0.0007390206892,0.0001041070355,8.891175144e-06,3.654317614e-05,0.02085736921,1.369810292,0.1785714286
Extreme_long_past_exposure,2011-06,-0.0008360818589,-0.0007963976838,0.0001041070355,4.652260939e-06,3.503191416e-05,0.009294123379,1.368665019,0.1666666667
Extreme_long_past_exposure,2011-07,-0.0007543886702,-0.0007162296162,0.0001041070355,5.219765429e-06,3.29392886e-05,0.01118218926,1.367632514,0.15625
Extreme_long_past_exposure,2011-08,-0.001073400939,-0.001038063193,0.0001041070355,4.286680969e-06,3.105106511e-05,0.01038476542,1.366164495,0.1470588235
Extreme_long_past_exposure,2011-09,-0.005262032669,-0.005216423928,0.0001041070355,1.739369988e-05,2.821504201e-05,0.07866873464,1.358975693,0.1388888889
Extreme_long_past_exposure,2011-10,0.005396817327,0.00542754903,0.0001041070355,3.119974324e-06,2.761172844e-05,0.00534867587,1.366309837,0.1315789474
Extreme_long_past_exposure,2011-11,-0.0030406362,-0.003007960367,0.0001041070355,6.839957159e-06,2.583587582e-05,0.01215175453,1.362155386,0.125
Extreme_long_past_exposure,2011-12,-0.0004465134516,-0.0004209637711,0.0001041070355,8.864960808e-07,2.466318435e-05,0.003121558928,1.361547165,0.119047619
Extreme_long_past_exposure,2012-01,0.002141068089,0.002178085733,0.0001041070355,1.296128368e-05,2.40563603e-05,0.06112116082,1.36446233,0.1136363636
Extreme_long_past_exposure,2012-02,0.002516928848,0.002543998489,0.0001041070355,4.746167107e-06,2.232347388e-05,0.008613329085,1.367896585,0.1086956522
Extreme_long_past_exposure,2012-03,-0.000955500926,-0.00093127804,0.0001041070355,2.823307509e-06,2.139957846e-05,0.005671859714,1.366589558,0.1041666667
Extreme_long_past_exposure,2012-04,-0.001368182607,-0.001346236176,0.0001041070355,9.733784399e-07,2.097305247e-05,0.002681265433,1.364719814,0.1
Extreme_long_past_exposure,2012-05,-0.001780705806,-0.001760156333,0.0001041070355,9.584658403e-07,1.959100676e-05,0.003215954332,1.36228965,0.09615384615
Extreme_long_past_exposure,2012-06,0.0006064142266,0.0006267256608,0.0001041070355,9.719769181e-07,1.933945736e-05,0.002947774847,1.363115762,0.09259259259
Extreme_long_past_exposure,2012-07,0.0009892090166,0.001009155171,0.0001041070355,1.409629637e-06,1.853652487e-05,0.004023122185,1.364464168,0.08928571429
Extreme_long_past_exposure,2012-08,0.0004258496419,0.0004533732525,0.0001041070355,5.725731351e-06,2.179787927e-05,0.01364480315,1.365045225,0.1034482759
Extreme_long_past_exposure,2012-09,-0.0001399593208,-0.0001167978107,0.0001041070355,1.951215733e-06,2.121029438e-05,0.004938261837,1.364854174,0.1
Extreme_long_past_exposure,2012-10,0.0004810412128,0.0005029885707,0.0001041070355,2.020677359e-06,1.992668051e-05,0.004832450957,1.365510725,0.09677419355
Extreme_long_past_exposure,2012-11,-4.539150008e-06,1.584320029e-05,0.0001041070355,1.187969837e-06,1.919438046e-05,0.002253821715,1.365504527,0.09375
Extreme_long_past_exposure,2012-12,0.002032459958,0.002051523599,0.0001041070355,3.49339082e-07,1.871430187e-05,0.001361528437,1.36827986,0.09090909091
Extreme_long_past_exposure,2013-01,0.002007031637,0.002027212144,0.0001041070355,2.045383781e-06,1.813512264e-05,0.00391476018,1.371026041,0.08823529412
Extreme_long_past_exposure,2013-02,0.001115207582,0.001134780466,0.0001041070355,2.109797813e-06,1.746308645e-05,0.004279392831,1.372555019,0.08571428571
Extreme_long_past_exposure,2013-03,0.0005447952631,0.0005627836766,0.0001041070355,1.041730708e-06,1.694668277e-05,0.001615916595,1.373302781,0.08333333333
Extreme_long_past_exposure,2013-04,0.0004015941659,0.0004187955893,0.0001041070355,3.960349507e-07,1.680538846e-05,0.0006799442349,1.373854291,0.08108108108
Extreme_long_past_exposure,2013-05,-0.0004228300244,-0.0004056512095,0.0001041070355,1.01015282e-06,1.61686621e-05,0.002210121556,1.373273385,0.07894736842
Extreme_long_past_exposure,2013-06,-0.001195642895,-0.001178777074,0.0001041070355,6.817352492e-07,1.61840852e-05,0.001292955607,1.37163144,0.07692307692
Extreme_long_past_exposure,2013-07,-0.0004483479485,-0.0004320944338,0.0001041070355,4.327818255e-07,1.582073288e-05,0.001684347065,1.371016472,0.075
Extreme_long_past_exposure,2013-08,-0.0003173664123,-0.0003015817057,0.0001041070355,5.873145443e-07,1.519739209e-05,0.002340897436,1.370581357,0.07317073171
Extreme_long_past_exposure,2013-09,0.001106480465,0.001121857609,0.0001041070355,2.945873224e-07,1.50825568e-05,0.001138470206,1.372097879,0.07142857143
Extreme_long_past_exposure,2013-10,0.0004861496718,0.0005025781966,0.0001041070355,1.868348476e-06,1.456017635e-05,0.003567594046,1.372764924,0.06976744186
Extreme_long_past_exposure,2013-11,-0.0002081188293,-0.0001930057986,0.0001041070355,1.205457117e-06,1.390757366e-05,0.002073134954,1.372479225,0.06818181818
Extreme_long_past_exposure,2013-12,0.000455942839,0.0004703317294,0.0001041070355,5.842254255e-07,1.380466497e-05,0.001208137674,1.373104997,0.06666666667
Extreme_long_past_exposure,2014-01,-0.0006452959943,-0.0006311364941,0.0001041070355,5.258273672e-07,1.363367288e-05,0.001516109489,1.372218938,0.0652173913
Extreme_long_past_exposure,2014-02,0.0006439781029,0.000665644169,0.0001041070355,8.19678489e-06,1.346928121e-05,0.03283517241,1.373102617,0.06382978723
Extreme_long_past_exposure,2014-03,0.0009908432919,0.001005230905,0.0001041070355,1.472017524e-06,1.291559514e-05,0.002674011157,1.374463147,0.0625
Extreme_long_past_exposure,2014-04,0.0002657627126,0.0002838225101,0.0001041070355,3.093525089e-06,1.49662725e-05,0.008593003631,1.374828428,0.07142857143
Extreme_long_past_exposure,2014-05,0.0009492059044,0.0009689179902,0.0001041070355,3.118305347e-06,1.659378052e-05,0.007999993053,1.376133423,0.08
Extreme_long_past_exposure,2014-06,0.0007760404629,0.0007973632449,0.0001041070355,2.876864843e-06,1.844591718e-05,0.00779450646,1.377201358,0.08823529412
Extreme_long_past_exposure,2014-07,1.925176888e-05,4.151802077e-05,0.0001041070355,2.587808994e-06,1.96784429e-05,0.006986840665,1.377227872,0.09615384615
Extreme_long_past_exposure,2014-08,0.001136022545,0.001155519098,0.0001041070355,8.418997846e-08,1.941236242e-05,0.0002352360121,1.378792434,0.09433962264
Extreme_long_past_exposure,2014-09,-2.347010852e-05,-4.252365517e-06,0.0001041070355,8.791877207e-07,1.833855528e-05,0.001529885267,1.378760073,0.09259259259
Extreme_long_past_exposure,2014-10,0.0006653148142,0.0006911962057,0.0001041070355,5.29884291e-06,2.058254856e-05,0.01208235609,1.379677383,0.1
Extreme_long_past_exposure,2014-11,0.0005188641921,0.0005394745404,0.0001041070355,7.345397175e-07,1.987580865e-05,0.001203722614,1.380393248,0.09821428571
Extreme_long_past_exposure,2014-12,0.0006643185825,0.0007013204288,0.0001041070355,1.581703209e-05,2.118481418e-05,0.05591514754,1.381310269,0.1052631579
Extreme_long_past_exposure,2015-01,0.001614174426,0.001640212085,0.0001041070355,4.260699713e-06,2.177695919e-05,0.009861082093,1.383539945,0.1120689655
Extreme_long_past_exposure,2015-02,-0.001151737979,-0.001123032388,0.0001041070355,4.140824926e-06,2.456476527e-05,0.01275818093,1.381946469,0.1186440678
Extreme_long_past_exposure,2015-03,-0.001360548457,-0.001330745256,0.0001041070355,4.7696858e-06,2.503351496e-05,0.008191572585,1.380066264,0.125
Extreme_long_past_exposure,2015-04,0.003026208822,0.00306102867,0.0001041070355,6.394411524e-06,2.842543603e-05,0.01227479967,1.384242633,0.131147541
Extreme_long_past_exposure,2015-05,-0.001300063453,-0.001268937084,0.0001041070355,1.546833377e-06,2.95795356e-05,0.006208380386,1.38244303,0.1451612903
Extreme_long_past_exposure,2015-06,-0.0007300804523,-0.0006880498263,0.0001041070355,8.096336517e-06,3.393428942e-05,0.01796507766,1.381433735,0.1587301587
Extreme_long_past_exposure,2015-07,-0.002344243977,-0.002305667824,0.0001041070355,3.937755638e-06,3.46383975e-05,0.009694756401,1.378195317,0.171875
Extreme_long_past_exposure,2015-08,-0.005267797646,-0.005219077967,0.0001041070355,9.473250673e-06,3.924642855e-05,0.0204070683,1.370935263,0.1846153846
Extreme_long_past_exposure,2015-09,-0.005000237536,-0.004951740081,0.0001041070355,7.299269214e-06,4.119818524e-05,0.01298402981,1.364080261,0.196969697
Extreme_long_past_exposure,2015-10,0.004923546936,0.004975197458,0.0001041070355,8.791453226e-06,4.285906924e-05,0.01533708682,1.370796374,0.2089552239
Extreme_long_past_exposure,2015-11,0.003704800744,0.003752715023,0.0001041070355,3.355049546e-06,4.455922931e-05,0.01107239741,1.375874902,0.2205882353
Extreme_long_past_exposure,2015-12,-0.006556869884,-0.006502060574,0.0001041070355,5.046312701e-06,4.976299687e-05,0.0152031201,1.366853469,0.231884058
Extreme_long_past_exposure,2016-01,-0.0005863709007,-0.0005314661193,0.0003119641739,4.58720917e-06,5.031757224e-05,0.009123190178,1.366051986,0.2428571429
Extreme_long_past_exposure,2016-02,0.004717566405,0.004775928492,0.0003119641739,5.625376893e-06,5.27367095e-05,0.01276450546,1.372496427,0.2535211268
Extreme_long_past_exposure,2016-03,0.004271159942,0.004331594576,0.0003119641739,2.647321229e-06,5.778731271e-05,0.007566604534,1.378358579,0.2638888889
Extreme_long_past_exposure,2016-04,0.005351706639,0.005414133568,0.0003119641739,5.083221488e-06,5.734370742e-05,0.006136974713,1.385735149,0.2739726027
Extreme_long_past_exposure,2016-05,0.0006568310353,0.0007161734586,0.0003119641739,1.891794076e-06,5.745062927e-05,0.006117960928,1.386645343,0.2837837838
Extreme_long_past_exposure,2016-06,0.01104271627,0.01110981901,0.0003119641739,6.70641143e-06,6.039633038e-05,0.0174508631,1.401957674,0.2933333333
Extreme_long_past_exposure,2016-07,-0.0002502784073,-0.0001796690147,0.0003119641739,7.97064051e-06,6.263875209e-05,0.01608096192,1.401606795,0.3026315789
Extreme_long_past_exposure,2016-08,0.002116827506,0.002186727065,0.0003119641739,4.677795896e-06,6.522176264e-05,0.01155170823,1.404573754,0.3116883117
Extreme_long_past_exposure,2016-09,0.001075498289,0.001142255894,0.0003119641739,1.507456491e-06,6.525014859e-05,0.002435251234,1.406084371,0.3141025641
Extreme_long_past_exposure,2016-10,0.006349211297,0.006413794944,0.0003119641739,7.250267482e-07,6.385862053e-05,0.0028795661,1.415011898,0.3164556962
Extreme_long_past_exposure,2016-11,-0.0001259809662,-5.738017221e-05,0.0003119641739,3.713480699e-06,6.488731324e-05,0.01091053397,1.414833633,0.31875
Extreme_long_past_exposure,2016-12,0.004031822335,0.004104787392,0.0003119641739,5.985353268e-06,6.69797029e-05,0.009975829151,1.420537991,0.3209876543
Extreme_long_past_exposure,2017-01,0.003230389222,0.003303578488,0.0005193472934,4.12444678e-06,6.906481859e-05,0.006480125083,1.425126882,0.3231707317
Extreme_long_past_exposure,2017-02,0.004620022131,0.004689971602,0.0005193472934,2.353267807e-06,6.759620349e-05,0.003151871293,1.431711,0.3313253012
Extreme_long_past_exposure,2017-03,-0.003095726662,-0.003023296535,0.0005193472934,2.239958877e-06,7.019016834e-05,0.007435417595,1.427278814,0.3333333333
Extreme_long_past_exposure,2017-04,-0.003550070762,-0.003477301728,0.0007262586484,1.723755815e-06,7.104527805e-05,0.003553644941,1.422211873,0.3352941176
Extreme_long_past_exposure,2017-05,-0.002714450164,-0.00264158106,0.0007262586484,1.205127048e-06,7.16639765e-05,0.004691646145,1.41835135,0.3372093023
Extreme_long_past_exposure,2017-06,-0.0002104566822,-0.0001358810727,0.0007262586484,2.299163205e-06,7.227644632e-05,0.00524395058,1.418052848,0.3390804598
Extreme_long_past_exposure,2017-07,0.003746259887,0.003821803848,0.0009327004774,2.187951482e-06,7.335600943e-05,0.006711113222,1.423365243,0.3409090909
Extreme_long_past_exposure,2017-08,-0.002433389308,-0.002355322484,0.0009327004774,5.845387258e-06,7.222143663e-05,0.01084447038,1.419901641,0.3426966292
Extreme_long_past_exposure,2017-09,0.004243943535,0.004316027318,0.0009327004774,1.060554572e-06,7.102322838e-05,0.003296043519,1.425927623,0.3444444444
Extreme_long_past_exposure,2017-10,-0.0003905296579,-0.0003178860246,0.0009327004774,1.891954437e-06,7.075167881e-05,0.004991339898,1.425370756,0.3461538462
Extreme_long_past_exposure,2017-11,0.0002012599842,0.0002781158956,0.0009327004774,3.745059456e-06,7.311085198e-05,0.009464026685,1.425657626,0.347826087
Extreme_long_past_exposure,2017-12,-0.0001930732217,-0.0001183828139,0.0009327004774,7.127682414e-07,7.397763963e-05,0.0021917091,1.42538237,0.3494623656
Extreme_long_past_exposure,2018-01,0.0003226513939,0.0004010395031,0.001138675003,2.111632839e-06,7.627647636e-05,0.005238947425,1.425842272,0.3510638298
Extreme_long_past_exposure,2018-02,0.002206203302,0.002283397308,0.001138675003,6.332024235e-06,7.086198199e-05,0.01250241399,1.428987969,0.3526315789
Extreme_long_past_exposure,2018-03,-0.001142977052,-0.001064097577,0.001138675003,5.143115496e-06,7.373635888e-05,0.01376301421,1.427354669,0.3541666667
Extreme_long_past_exposure,2018-04,0.003573189777,0.003647664019,0.00134418443,2.575465395e-06,7.189877715e-05,0.004613365781,1.432454878,0.3556701031
Extreme_long_past_exposure,2018-05,-0.0005438534979,-0.0004651064341,0.00134418443,5.872460117e-06,7.287460367e-05,0.0110912946,1.431675833,0.3571428571
Extreme_long_past_exposure,2018-06,-0.001370148029,-0.001289297177,0.00134418443,7.064961571e-06,7.378589067e-05,0.01053937729,1.429714225,0.3585858586
Extreme_long_past_exposure,2018-07,0.003454048023,0.003537356944,0.001549230951,6.027085602e-06,7.728183534e-05,0.01311202845,1.434652526,0.365
Extreme_long_past_exposure,2018-08,-0.003162499686,-0.003085140849,0.001549230951,1.881707986e-06,7.547712872e-05,0.003487210149,1.430115438,0.3712871287
Extreme_long_past_exposure,2018-09,0.00426731064,0.004359342143,0.001549230951,1.272169029e-05,7.930981281e-05,0.01879676991,1.436218185,0.3774509804
Extreme_long_past_exposure,2018-10,0.01481687958,0.01489767728,0.00175381674,3.030860709e-06,7.776683659e-05,0.006539410225,1.457498457,0.3834951456
Extreme_long_past_exposure,2018-11,-0.004323917728,-0.004233032699,0.00175381674,9.137832067e-06,8.174719757e-05,0.02010759203,1.451196353,0.3894230769
Extreme_long_past_exposure,2018-12,-0.002690323064,-0.002602019311,0.00175381674,5.040973506e-06,8.326277933e-05,0.007431943561,1.447292166,0.3952380952
Extreme_long_past_exposure,2019-01,0.0128437067,0.01292904314,0.001957943956,2.00688664e-06,8.332955716e-05,0.005166336182,1.465880763,0.4009433962
Extreme_long_past_exposure,2019-02,0.002585529859,0.002674866799,0.001957943956,5.618644023e-06,8.371829637e-05,0.01083197645,1.469670841,0.4065420561
Extreme_long_past_exposure,2019-03,-0.000689281445,-0.0005993695058,0.001957943956,5.080908116e-06,8.483103108e-05,0.01061930861,1.468657824,0.412037037
Extreme_long_past_exposure,2019-04,0.003983226199,0.004075918662,0.001957943956,6.826715435e-06,8.586574767e-05,0.01263088377,1.47450782,0.4174311927
Extreme_long_past_exposure,2019-05,0.001410822139,0.001502242488,0.001957943956,3.894657844e-06,8.752569176e-05,0.01020895514,1.476588089,0.4227272727
Extreme_long_past_exposure,2019-06,0.005900722024,0.005996041316,0.001957943956,4.010788793e-06,9.130850266e-05,0.008965357867,1.485301025,0.4279279279
Extreme_long_past_exposure,2019-07,0.00868024093,0.008772227769,0.001957943956,4.005917677e-06,8.798092168e-05,0.006570412687,1.498193795,0.4330357143
Extreme_long_past_exposure,2019-08,-0.004354679105,-0.004261639287,0.001957943956,3.44897798e-06,8.959084e-05,0.01273691766,1.491669642,0.4380530973
Extreme_long_past_exposure,2019-09,0.004124512396,0.004228145732,0.00175381674,1.196293147e-05,9.167040436e-05,0.01742973246,1.497822052,0.4429824561
Extreme_long_past_exposure,2019-10,0.002847479187,0.002945372931,0.001549230951,2.56613532e-06,9.532760846e-05,0.007270070648,1.502087069,0.447826087
Extreme_long_past_exposure,2019-11,-0.00495676558,-0.004858580446,0.00134418443,4.243784926e-06,9.394134865e-05,0.006043058217,1.494641576,0.4525862069
Extreme_long_past_exposure,2019-12,0.004881799064,0.00498701982,0.00134418443,7.525449632e-06,9.769530641e-05,0.0110463133,1.501938116,0.4572649573
Extreme_long_past_exposure,2020-01,-0.0007165600269,-0.0006173165394,0.00134418443,5.600237921e-06,9.364324954e-05,0.008274077465,1.500861887,0.4618644068
Extreme_long_past_exposure,2020-02,-0.004074013597,-0.003967347441,0.00134418443,1.014808503e-05,9.651807029e-05,0.01868089526,1.494747355,0.4663865546
Extreme_long_past_exposure,2020-03,-0.02119094757,-0.02102774666,0.00134418443,6.510888872e-05,9.809201345e-05,0.2437054369,1.463072242,0.4708333333
Extreme_long_past_exposure,2020-04,-0.001586882946,-0.00147092906,0.0001041070355,1.63904295e-05,9.95634562e-05,0.02285627727,1.460750518,0.4752066116
Extreme_long_past_exposure,2020-05,9.792050058e-05,0.0002044229697,0.0001041070355,5.683049391e-06,0.0001008194197,0.01018855408,1.460893555,0.4795081967
Extreme_long_past_exposure,2020-06,-0.001502849746,-0.001401277628,0.0001041070355,8.072084863e-07,0.0001007649099,0.003738290129,1.458698052,0.4837398374
Extreme_long_past_exposure,2020-07,-0.0007623654675,-0.0006531251518,0.0001041070355,3.272483394e-06,0.0001059678323,0.005127709641,1.457585991,0.4879032258
Extreme_long_past_exposure,2020-08,-0.001971541397,-0.001860952284,0.0001041070355,8.175323626e-06,0.0001024137892,0.01615376618,1.4547123,0.492
Extreme_long_past_exposure,2020-09,-0.005849464061,-0.005739748743,0.0001041070355,7.273877973e-06,0.0001024414405,0.01099730695,1.446203012,0.496031746
Extreme_long_past_exposure,2020-10,-0.002585298378,-0.002474042734,0.0001041070355,6.58252921e-06,0.0001046731149,0.01138014996,1.442464146,0.5
Extreme_long_past_exposure,2020-11,0.01145298389,0.01156275321,0.0001041070355,3.304917645e-06,0.0001064644043,0.004673834364,1.458984665,0.50390625
Extreme_long_past_exposure,2020-12,0.0006191350565,0.000736486719,0.0001041070355,9.72863328e-06,0.0001076230293,0.01245141859,1.459887973,0.507751938
Extreme_long_past_exposure,2021-01,-0.003625146147,-0.003517466684,0.0001041070355,2.513658891e-06,0.0001051658044,0.005249054906,1.454595666,0.5115384615
Extreme_long_past_exposure,2021-02,0.003500695025,0.003615309876,0.0001041070355,8.140830846e-06,0.00010647402,0.01238242439,1.459687762,0.5152671756
Extreme_long_past_exposure,2021-03,0.004564230917,0.004670829229,0.0001041070355,2.452742259e-06,0.0001041455702,0.006420539812,1.466350114,0.5189393939
Extreme_long_past_exposure,2021-04,0.007527200337,0.00764829193,0.0001041070355,9.639738515e-06,0.0001114518538,0.02049185456,1.477387625,0.522556391
Extreme_long_past_exposure,2021-05,0.005009986521,0.005128790977,0.0001041070355,9.014295683e-06,0.0001097901602,0.01221931276,1.484789317,0.526119403
Extreme_long_past_exposure,2021-06,0.008729101272,0.008839792292,0.0001041070355,2.25341677e-06,0.0001084376029,0.004999635833,1.497750193,0.5296296296
Extreme_long_past_exposure,2021-07,-0.004787484779,-0.004668119329,0.0001041070355,8.56620707e-06,0.0001107992423,0.01752336378,1.490579737,0.5294117647
Extreme_long_past_exposure,2021-08,-0.002280161496,-0.002167279304,0.0001041070355,2.975555574e-06,0.0001099066368,0.005146046962,1.487180974,0.5291970803
Extreme_long_past_exposure,2021-09,-0.000949284037,-0.0008397336619,0.0001041070355,1.603314133e-06,0.000107947061,0.002947680717,1.485769217,0.5289855072
Extreme_long_past_exposure,2021-10,0.0008630251194,0.0009785879512,0.0001041070355,6.005296292e-06,0.0001095575355,0.01119945886,1.487051473,0.5287769784
Extreme_long_past_exposure,2021-11,-0.0008358443762,-0.0007187115604,0.0001041070355,7.089532961e-06,0.0001100432828,0.01239837285,1.48580853,0.5321428571
Extreme_long_past_exposure,2021-12,0.005708872894,0.00582190289,0.0001041070355,2.768444409e-06,0.0001102615521,0.01049207894,1.494290822,0.5354609929
Extreme_long_past_exposure,2022-01,0.007698340775,0.007810860819,0.0001041070355,2.013396844e-06,0.0001105066464,0.005685338977,1.505794382,0.5352112676
Extreme_long_past_exposure,2022-02,0.006506472529,0.006624423838,0.0001041070355,5.565844516e-06,0.0001123854643,0.01230788791,1.515591792,0.5384615385
Extreme_long_past_exposure,2022-03,0.02290312296,0.02301841174,0.0001041070355,5.85378453e-06,0.0001094349966,0.009317855367,1.550303577,0.5416666667
Extreme_long_past_exposure,2022-04,0.007818537815,0.007991084548,0.0003119641739,6.550077451e-05,0.0001070459593,0.2948150393,1.562424684,0.5448275862
Extreme_long_past_exposure,2022-05,0.001743897005,0.001869064021,0.0003119641739,9.285837692e-06,0.0001158811787,0.03060261387,1.565149392,0.5479452055
Extreme_long_past_exposure,2022-06,-0.0006330861569,-0.0004637502103,0.0007262586484,5.967684244e-05,0.0001096591042,0.2811845782,1.564158517,0.5510204082
Extreme_long_past_exposure,2022-07,0.005017593694,0.005148099004,0.00134418443,1.505099906e-05,0.0001154543113,0.02866492229,1.572006829,0.5540540541
Extreme_long_past_exposure,2022-08,0.009066828698,0.009182118862,0.001957943956,2.435336535e-06,0.0001128548274,0.006874260173,1.586259946,0.5570469799
Extreme_long_past_exposure,2022-09,-3.346366986e-05,8.263716407e-05,0.001957943956,3.297601546e-06,0.0001128032324,0.01616745695,1.586206864,0.56
Extreme_long_past_exposure,2022-10,0.008581086912,0.008706973185,0.002567595531,9.200801826e-06,0.0001166854712,0.02332481788,1.599818243,0.5629139073
Extreme_long_past_exposure,2022-11,-0.01018739797,-0.01005960505,0.002567595531,3.093289634e-06,0.000124699633,0.008697744344,1.583520257,0.5657894737
Extreme_long_past_exposure,2022-12,-0.006581898357,-0.006451842673,0.003173196228,6.713672755e-06,0.0001233420112,0.02350465528,1.573097688,0.568627451
Extreme_long_past_exposure,2023-01,0.00729283216,0.007418393314,0.003574707178,4.910578717e-06,0.0001206505758,0.01519221632,1.584570026,0.5714285714
Extreme_long_past_exposure,2023-02,0.01089349909,0.01101410571,0.003574707178,4.94474326e-06,0.000115661874,0.005870115846,1.601831538,0.5741935484
Extreme_long_past_exposure,2023-03,0.002122046978,0.002251925609,0.003774801921,6.618782575e-06,0.0001232598485,0.01991287057,1.605230699,0.5769230769
Extreme_long_past_exposure,2023-04,0.008415642428,0.008541325297,0.003974458863,5.597260783e-06,0.0001200856083,0.010341869,1.618739747,0.5796178344
Extreme_long_past_exposure,2023-05,0.01078184987,0.01090326908,0.003974458863,3.316193641e-06,0.0001181030224,0.009154015101,1.636192756,0.582278481
Extreme_long_past_exposure,2023-06,0.01941108493,0.01953763278,0.004173680002,5.771493144e-06,0.0001207763528,0.01652921175,1.667953032,0.5849056604
Extreme_long_past_exposure,2023-07,0.006041647776,0.006172828369,0.004173680002,6.845954751e-06,0.0001243346385,0.01507140054,1.678030217,0.5875
Extreme_long_past_exposure,2023-08,0.004724817368,0.004909038159,0.004372467323,6.369268774e-05,0.0001205281037,0.3010096208,1.685958604,0.5900621118
Extreme_long_past_exposure,2023-09,0.01056903508,0.01075456428,0.004372467323,6.503658723e-05,0.0001204926127,0.306281208,1.703777559,0.5925925926
Extreme_long_past_exposure,2023-10,0.004428183224,0.004617574304,0.004372467323,6.597371854e-05,0.0001234173607,0.312530439,1.711322198,0.5950920245
Extreme_long_past_exposure,2023-11,0.007884271707,0.008014439823,0.004372467323,2.372288634e-06,0.0001277958274,0.006568375231,1.724814728,0.5975609756
Extreme_long_past_exposure,2023-12,0.001250501312,0.001384209674,0.004372467323,5.383396399e-06,0.0001283249659,0.01322885121,1.726971611,0.6
Extreme_long_past_exposure,2024-01,0.01152012096,0.01164655755,0.004372467323,4.836742937e-06,0.0001215998512,0.01078222331,1.746866532,0.6024096386
Extreme_long_past_exposure,2024-02,0.006722155105,0.006854388442,0.004372467323,7.269282156e-06,0.0001249640542,0.0196205833,1.75860924,0.6047904192
Extreme_long_past_exposure,2024-03,0.006922225865,0.007050725628,0.004372467323,2.542434487e-06,0.0001259573286,0.007875613697,1.770782731,0.6071428571
Extreme_long_past_exposure,2024-04,0.007578351602,0.007703848398,0.004372467323,1.419547958e-06,0.0001240772482,0.005384438878,1.784202345,0.6094674556
Extreme_long_past_exposure,2024-05,0.003830427432,0.003965259226,0.004372467323,6.638728503e-06,0.000128193065,0.01636753512,1.791036602,0.6117647059
Extreme_long_past_exposure,2024-06,0.001736027644,0.001864564501,0.004372467323,2.866825157e-06,0.0001256700318,0.006185858423,1.794145891,0.6140350877
Extreme_long_past_exposure,2024-07,-0.004329056368,-0.004111269528,0.004372467323,8.56724749e-05,0.0001321143656,0.3189264178,1.786378933,0.6162790698
Extreme_long_past_exposure,2024-08,0.001319722578,0.001533931943,0.004372467323,8.163111275e-05,0.0001325782516,0.3238547049,1.788736457,0.6184971098
Extreme_long_past_exposure,2024-09,0.009729257162,0.009863780985,0.004372467323,3.382511497e-06,0.0001311413123,0.0130050645,1.806139534,0.6206896552
Extreme_long_past_exposure,2024-10,0.009829322427,0.01003471188,0.003974458863,8.407666347e-05,0.0001213127865,0.3198641543,1.823892662,0.62
Extreme_long_past_exposure,2024-11,-0.005102695788,-0.004887012772,0.003974458863,8.742909071e-05,0.0001282539246,0.3265165099,1.814585893,0.6193181818
Extreme_long_past_exposure,2024-12,0.01006489905,0.01019814615,0.003774801921,8.192220336e-06,0.0001250548773,0.0153278673,1.832849517,0.6186440678
Extreme_long_past_exposure,2025-01,0.01121074416,0.01142125964,0.003574707178,8.097675813e-05,0.0001295387236,0.3185042416,1.853397124,0.6179775281
Extreme_long_past_exposure,2025-02,-0.0008987280545,-0.0007563891688,0.003574707178,9.609716295e-06,0.0001327291694,0.01348272144,1.851731424,0.6201117318
Extreme_long_past_exposure,2025-03,-0.001557650039,-0.001418893336,0.003574707178,3.926151202e-06,0.000134830551,0.0118990767,1.848847074,0.6222222222
Extreme_long_past_exposure,2025-04,0.001781572379,0.001924375206,0.003574707178,7.245271584e-06,0.0001355575551,0.01962974021,1.852140929,0.6243093923
Extreme_long_past_exposure,2025-05,0.004845632648,0.004985722609,0.003574707178,9.511048518e-06,0.0001305789129,0.02222826738,1.861115724,0.6263736264
Extreme_long_past_exposure,2025-06,0.00870342112,0.008915324952,0.003574707178,7.964616244e-05,0.0001322576689,0.3169207042,1.877313797,0.6256830601
Extreme_long_past_exposure,2025-07,0.007045501684,0.007179331524,0.003574707178,7.536814965e-06,0.0001262930246,0.01395288191,1.890540415,0.625
Extreme_long_past_exposure,2025-08,0.007004324403,0.007141646325,0.003574707178,4.92239161e-06,0.0001323995309,0.01816046598,1.903782373,0.6243243243
Extreme_long_past_exposure,2025-09,0.008212805363,0.008349562913,0.003574707178,6.672319268e-06,0.0001300852301,0.01163035698,1.919417767,0.623655914
Extreme_long_past_exposure,2025-10,0.008217605066,0.008348190974,0.003374172623,4.432740939e-06,0.0001261531671,0.006592186857,1.935190785,0.6229946524
Extreme_long_past_exposure,2025-11,0.009364105704,0.009497170599,0.003173196228,4.149288281e-06,0.0001289156063,0.01618746847,1.953312116,0.6223404255
Extreme_long_past_exposure,2025-12,-0.0001153123192,9.592372183e-05,0.003173196228,8.001435571e-05,0.0001312216853,0.3153785951,1.953086875,0.6216931217
Extreme_long_past_exposure,2026-01,0.00652174712,0.00665933504,0.002971775953,4.284736464e-06,0.0001333031842,0.0109720562,1.965824413,0.6210526316
Extreme_long_past_exposure,2026-02,0.009040288914,0.009178685753,0.002971775953,1.143000506e-05,0.000126966834,0.01960937005,1.983596034,0.6204188482
Extreme_long_past_exposure,2026-03,0.01141963173,0.01154937171,0.002971775953,5.322454992e-06,0.0001244175212,0.01414219099,2.00624797,0.6197916667
Extreme_long_past_exposure,2026-04,0.008611118382,0.008749298621,0.002971775953,6.304056679e-06,0.0001318761822,0.01962729831,2.023524009,0.6191709845
Extreme_long_past_exposure,2026-05,0.004022766305,0.004160633067,0.002971775953,9.916925105e-06,0.0001279498372,0.01541722873,2.031664173,0.618556701
Extreme_long_past_exposure,2026-06,0.009096603571,0.009222410661,0.002971775953,1.531368174e-06,0.0001242757221,0.00479729028,2.050145417,0.6179487179
Extreme_long_past_exposure,2026-07,0.005828226458,0.005964786822,0.002971775953,6.451989802e-06,0.0001301083739,0.016853399,2.062094129,0.6147959184
Extreme_long_past_exposure,2026-08,0.002131402463,0.002524761881,0.002971775953,0.0002658297255,0.0001275296927,0.6252888516,2.066489281,0.6116751269
Extreme_long_expost_exposure,2010-03,0.01153323715,0.01189794319,0.0001041070355,0.000242,0.0001227060378,0.605,1.367397148,0.605
Extreme_long_expost_exposure,2010-04,0.01135350987,0.01148329757,0.0001041070355,5.220224794e-06,0.000124567477,0.01602190241,1.382921905,0.605
Extreme_long_expost_exposure,2010-05,-0.007865758127,-0.007736493717,0.0001041070355,5.942408814e-06,0.0001233220012,0.01154088351,1.372044176,0.605
Extreme_long_expost_exposure,2010-06,0.003372382971,0.003510259962,0.0001041070355,9.991845774e-06,0.0001278851451,0.02852788566,1.376671235,0.605
Extreme_long_expost_exposure,2010-07,-0.002542183869,-0.002406636367,0.0001041070355,4.005745097e-06,0.0001315417575,0.01210197391,1.373171483,0.605
Extreme_long_expost_exposure,2010-08,-0.002964464383,-0.002768918852,0.0001041070355,6.969120794e-05,0.0001258543229,0.3280843944,1.369100765,0.605
Extreme_long_expost_exposure,2010-09,-0.001922616902,-0.001787087349,0.0001041070355,3.80986071e-06,0.0001317196923,0.01303310635,1.366468509,0.605
Extreme_long_expost_exposure,2010-10,-0.004827303649,-0.004687203639,0.0001041070355,1.109294658e-05,0.0001290070638,0.02666980879,1.359872151,0.605
Extreme_long_expost_exposure,2010-11,0.01463109605,0.01475458625,0.0001041070355,3.705391356e-06,0.0001197848104,0.0125168238,1.379768571,0.605
Extreme_long_expost_exposure,2010-12,0.005767327212,0.005978324199,0.0001041070355,8.121692789e-05,0.000129780059,0.3214460249,1.387726147,0.605
Extreme_long_expost_exposure,2011-01,0.00308058092,0.003217128273,0.0001041070355,9.597233526e-06,0.0001269501198,0.02030028903,1.39200115,0.605
Extreme_long_expost_exposure,2011-02,0.004836844579,0.00496710874,0.0001041070355,3.348271467e-06,0.000126915889,0.01118207824,1.398734043,0.605
Extreme_long_expost_exposure,2011-03,0.00311735225,0.003247937361,0.0001041070355,3.538758262e-06,0.0001270463529,0.006568600098,1.40309439,0.605
Extreme_long_expost_exposure,2011-04,0.003180394973,0.003315986748,0.0001041070355,5.428468935e-06,0.0001301633069,0.010389542,1.407556784,0.605
Extreme_long_expost_exposure,2011-05,0.002122340412,0.002255194494,0.0001041070355,9.045801162e-06,0.0001238082808,0.0210863213,1.410544099,0.605
Extreme_long_expost_exposure,2011-06,-0.003295269497,-0.003164725096,0.0001041070355,3.378553474e-06,0.0001271658484,0.01132892228,1.405895976,0.605
Extreme_long_expost_exposure,2011-07,-0.0032052367,-0.00307223648,0.0001041070355,5.459295042e-06,0.0001275409255,0.01074626516,1.401389747,0.605
Extreme_long_expost_exposure,2011-08,-0.004725225239,-0.004594781283,0.0001041070355,2.699874469e-06,0.0001277440819,0.009075587185,1.394767865,0.605
Extreme_long_expost_exposure,2011-09,-0.02325754938,-0.02307212584,0.0001041070355,6.251882124e-05,0.000122904723,0.310014203,1.362328982,0.605
Extreme_long_expost_exposure,2011-10,0.02443437656,0.02458129333,0.0001041070355,1.99580359e-05,0.0001269587274,0.03037074541,1.395616641,0.605
Extreme_long_expost_exposure,2011-11,-0.01509912058,-0.01495829919,0.0001041070355,1.577574996e-05,0.000125045639,0.02543305125,1.374544057,0.605
Extreme_long_expost_exposure,2011-12,-0.002699294507,-0.002564302804,0.0001041070355,9.653400625e-06,0.0001253383029,0.01737005976,1.370833758,0.605
Extreme_long_expost_exposure,2012-01,0.0109547186,0.01114596962,0.0001041070355,6.317495656e-05,0.0001280760622,0.3051756322,1.385850856,0.605
Extreme_long_expost_exposure,2012-02,0.01354856565,0.01368454286,0.0001041070355,1.172476055e-05,0.0001242524556,0.01410807204,1.404627148,0.605
Extreme_long_expost_exposure,2012-03,-0.006038998087,-0.005909409483,0.0001041070355,5.299852169e-06,0.0001242887517,0.01546651979,1.396144607,0.605
Extreme_long_expost_exposure,2012-04,-0.008805875854,-0.008670469393,0.0001041070355,8.519493849e-06,0.0001268869674,0.01075635523,1.383850331,0.605
Extreme_long_expost_exposure,2012-05,-0.01175330578,-0.01162583808,0.0001041070355,4.201087115e-06,0.0001232666145,0.00934700386,1.367585515,0.605
Extreme_long_expost_exposure,2012-06,0.003380984013,0.003518897134,0.0001041070355,1.154910583e-05,0.0001263640144,0.02699873801,1.3722093,0.605
Extreme_long_expost_exposure,2012-07,0.006106415529,0.006236713202,0.0001041070355,4.694180696e-06,0.0001256034925,0.01157124862,1.38058858,0.605
Extreme_long_expost_exposure,2012-08,0.002016764606,0.002146732295,0.0001041070355,2.486425096e-06,0.0001274812639,0.009495977408,1.383372902,0.605
Extreme_long_expost_exposure,2012-09,-0.001363462594,-0.001232367284,0.0001041070355,2.773028786e-06,0.000128322281,0.009465796779,1.381486725,0.605
Extreme_long_expost_exposure,2012-10,0.002468955887,0.002597781433,0.0001041070355,4.250581827e-06,0.0001245749643,0.01047333831,1.384897554,0.605
Extreme_long_expost_exposure,2012-11,-0.0005913620324,-0.0004654889142,0.0001041070355,2.005382924e-06,0.0001238677353,0.00747481985,1.384078579,0.605
Extreme_long_expost_exposure,2012-12,0.01293366012,0.01306416426,0.0001041070355,5.960465487e-06,0.000124543679,0.01064718826,1.401979781,0.605
Extreme_long_expost_exposure,2013-01,0.01316022263,0.01329019773,0.0001041070355,5.628605881e-06,0.0001243464909,0.01371553329,1.420430147,0.605
Extreme_long_expost_exposure,2013-02,0.007249096972,0.007378943665,0.0001041070355,6.586407292e-06,0.0001232602852,0.01714162967,1.430726982,0.605
Extreme_long_expost_exposure,2013-03,0.003307701739,0.00343409945,0.0001041070355,3.364794179e-06,0.0001230329169,0.01211123481,1.435459401,0.605
Extreme_long_expost_exposure,2013-04,0.002322040959,0.002452208128,0.0001041070355,4.770961548e-06,0.0001253962069,0.01304956935,1.438792596,0.605
Extreme_long_expost_exposure,2013-05,-0.00392849553,-0.003802340315,0.0001041070355,2.249367456e-06,0.0001239058473,0.008826552159,1.433140306,0.605
Extreme_long_expost_exposure,2013-06,-0.01012118495,-0.009985776488,0.0001041070355,8.120628893e-06,0.0001272878301,0.01181066278,1.418635228,0.605
Extreme_long_expost_exposure,2013-07,-0.004353560844,-0.004221251484,0.0001041070355,4.688781889e-06,0.0001276205786,0.01019304926,1.412459113,0.605
Extreme_long_expost_exposure,2013-08,-0.003381609137,-0.003250262706,0.0001041070355,5.689327458e-06,0.0001256571036,0.01273680958,1.407682728,0.605
Extreme_long_expost_exposure,2013-09,0.008593754286,0.008724454397,0.0001041070355,2.950854954e-06,0.0001277492561,0.003365751397,1.419780008,0.605
Extreme_long_expost_exposure,2013-10,0.003425281437,0.003559516121,0.0001041070355,7.973688355e-06,0.0001262609959,0.01208805655,1.424643154,0.605
Extreme_long_expost_exposure,2013-11,-0.002660981219,-0.002532274179,0.0001041070355,5.300503879e-06,0.0001234065369,0.008302863603,1.420852205,0.605
Extreme_long_expost_exposure,2013-12,0.003294097594,0.003427596133,0.0001041070355,8.2212042e-06,0.0001252773346,0.01383408401,1.425532631,0.605
Extreme_long_expost_exposure,2014-01,-0.006846835469,-0.006716502107,0.0001041070355,3.858323683e-06,0.0001264750387,0.01022508918,1.415772244,0.605
Extreme_long_expost_exposure,2014-02,0.005220391416,0.005426543167,0.0001041070355,7.848541313e-05,0.000127666337,0.3098301725,1.423163129,0.605
Extreme_long_expost_exposure,2014-03,0.008694113287,0.008826986088,0.0001041070355,7.849840681e-06,0.0001250229609,0.01033635552,1.43553627,0.605
Extreme_long_expost_exposure,2014-04,0.001494720388,0.001626297106,0.0001041070355,4.812389477e-06,0.0001267643281,0.008951862069,1.437681996,0.605
Extreme_long_expost_exposure,2014-05,0.006516421651,0.006644239881,0.0001041070355,2.327765007e-06,0.0001254904652,0.004091709789,1.447050538,0.605
Extreme_long_expost_exposure,2014-06,0.004727810512,0.004857533778,0.0001041070355,3.245760251e-06,0.0001264775055,0.00720007493,1.453891919,0.605
Extreme_long_expost_exposure,2014-07,-0.0004166760177,-0.000289703045,0.0001041070355,3.156210007e-06,0.0001238167627,0.004731059191,1.453286117,0.605
Extreme_long_expost_exposure,2014-08,0.006718156454,0.006846812591,0.0001041070355,4.164657066e-06,0.0001244914802,0.01083608034,1.46304952,0.605
Extreme_long_expost_exposure,2014-09,-0.0007258333228,-0.0006039132905,0.0001041070355,2.095911999e-06,0.0001198241202,0.006697709297,1.46198759,0.605
Extreme_long_expost_exposure,2014-10,0.003516368825,0.003655996515,0.0001041070355,1.510327192e-05,0.0001245244188,0.03014234632,1.467128478,0.605
Extreme_long_expost_exposure,2014-11,0.002661638805,0.002785970866,0.0001041070355,1.897080327e-06,0.0001224349813,0.007082256215,1.471033444,0.605
Extreme_long_expost_exposure,2014-12,0.00333547161,0.003536591013,0.0001041070355,7.935968377e-05,0.0001217597195,0.3016658957,1.475940034,0.605
Extreme_long_expost_exposure,2015-01,0.008270621478,0.008396711066,0.0001041070355,8.527511484e-06,0.0001175620766,0.01912411522,1.488146975,0.605
Extreme_long_expost_exposure,2015-02,-0.006287608292,-0.006153427498,0.0001041070355,8.918037376e-06,0.0001252627566,0.03715286518,1.47879009,0.605
Extreme_long_expost_exposure,2015-03,-0.006972525965,-0.006840578057,0.0001041070355,1.078569615e-05,0.0001211622124,0.01384528298,1.468479188,0.605
Extreme_long_expost_exposure,2015-04,0.01359667227,0.01374475615,0.0001041070355,1.695378824e-05,0.0001311300896,0.02640444298,1.488445618,0.605
Extreme_long_expost_exposure,2015-05,-0.005759162398,-0.005618435735,0.0001041070355,1.744573139e-05,0.0001232809312,0.0293222918,1.479873418,0.605
Extreme_long_expost_exposure,2015-06,-0.003053138864,-0.002915198843,0.0001041070355,8.599476921e-06,0.0001293405441,0.0156912163,1.475355159,0.605
Extreme_long_expost_exposure,2015-07,-0.008507125826,-0.008378300469,0.0001041070355,6.898197873e-06,0.0001219271592,0.01459039476,1.462804127,0.605
Extreme_long_expost_exposure,2015-08,-0.01748180443,-0.01734041382,0.0001041070355,1.277679943e-05,0.0001286138169,0.02339393474,1.437231671,0.605
Extreme_long_expost_exposure,2015-09,-0.01556114247,-0.01542512184,0.0001041070355,9.478822814e-06,0.0001265418105,0.0185112577,1.414866705,0.605
Extreme_long_expost_exposure,2015-10,0.01407150497,0.01420765348,0.0001041070355,1.205620568e-05,0.0001240923123,0.016862445,1.434776008,0.605
Extreme_long_expost_exposure,2015-11,0.009982164599,0.01011102254,0.0001041070355,6.646830083e-06,0.0001222111129,0.01390784218,1.449098179,0.605
Extreme_long_expost_exposure,2015-12,-0.0172666073,-0.01713179714,0.0001041070355,4.975390279e-06,0.000129834769,0.01711797393,1.42407717,0.605
Extreme_long_expost_exposure,2016-01,-0.001918796916,-0.001789169527,0.0003119641739,4.277436403e-06,0.000125349952,0.01753873869,1.421344655,0.605
Extreme_long_expost_exposure,2016-02,0.01083620019,0.01096471902,0.0003119641739,2.668531718e-06,0.0001258502976,0.005856294146,1.43674663,0.605
Extreme_long_expost_exposure,2016-03,0.009390547439,0.00952749577,0.0003119641739,4.463313549e-06,0.000132485018,0.01053855694,1.450238467,0.605
Extreme_long_expost_exposure,2016-04,0.0114321343,0.01157882974,0.0003119641739,2.006619253e-05,0.0001266292419,0.03393103854,1.466817788,0.605
Extreme_long_expost_exposure,2016-05,0.001044393825,0.001173699873,0.0003119641739,6.826777199e-06,0.0001224792701,0.01113951711,1.468349724,0.605
Extreme_long_expost_exposure,2016-06,0.02245223001,0.02258253978,0.0003119641739,5.742332762e-06,0.0001245674314,0.01707255722,1.501317449,0.605
Extreme_long_expost_exposure,2016-07,-0.0008132696646,-0.0006708746963,0.0003119641739,1.717193268e-05,0.0001252230357,0.02669064851,1.500096473,0.605
Extreme_long_expost_exposure,2016-08,0.003822757173,0.00395095706,0.0003119641739,1.601728726e-06,0.0001265981589,0.00509482421,1.505830978,0.605
Extreme_long_expost_exposure,2016-09,0.001781926751,0.001911207696,0.0003119641739,3.601168432e-06,0.000125679776,0.004492130758,1.508514258,0.605
Extreme_long_expost_exposure,2016-10,0.01185368979,0.01197744424,0.0003119641739,1.66954181e-06,0.0001220849107,0.003575472333,1.526395719,0.605
Extreme_long_expost_exposure,2016-11,-0.0005193656952,-0.0003890658791,0.0003119641739,7.14115094e-06,0.0001231586651,0.02020969123,1.525602961,0.605
Extreme_long_expost_exposure,2016-12,0.007324882888,0.00746070655,0.0003119641739,9.579803214e-06,0.0001262438592,0.0150642679,1.536777824,0.605
Extreme_long_expost_exposure,2017-01,0.005594117523,0.00573163822,0.0005193472934,8.226144056e-06,0.0001292945528,0.01217386132,1.54537474,0.605
Extreme_long_expost_exposure,2017-02,0.008001729488,0.008134907281,0.0005193472934,9.747125259e-06,0.0001234306676,0.01711261654,1.55774041,0.605
Extreme_long_expost_exposure,2017-03,-0.006042144703,-0.005910551254,0.0005193472934,4.198293488e-06,0.0001273951555,0.01271918652,1.548328317,0.605
Extreme_long_expost_exposure,2017-04,-0.006988979202,-0.006858586697,0.0007262586484,2.199402442e-06,0.0001281931026,0.006468985092,1.537507083,0.605
Extreme_long_expost_exposure,2017-05,-0.005448675358,-0.005316110318,0.0007262586484,3.989981808e-06,0.0001285750585,0.01127629894,1.529129706,0.605
Extreme_long_expost_exposure,2017-06,-0.0009447206555,-0.0008120031895,0.0007262586484,3.75913547e-06,0.0001289583306,0.01194904258,1.527685106,0.605
Extreme_long_expost_exposure,2017-07,0.005926085,0.006059895926,0.0009327004774,3.628461798e-06,0.0001301824647,0.0138378988,1.536738297,0.605
Extreme_long_expost_exposure,2017-08,-0.005010647283,-0.004872007601,0.0009327004774,1.113924827e-05,0.0001275004346,0.02105800122,1.529038244,0.605
Extreme_long_expost_exposure,2017-09,0.00674854044,0.006875350364,0.0009327004774,2.061059776e-06,0.000124748864,0.006833458241,1.53935702,0.605
Extreme_long_expost_exposure,2017-10,-0.001379535677,-0.00125304682,0.0009327004774,2.830645505e-06,0.000123658212,0.008000292259,1.537233422,0.605
Extreme_long_expost_exposure,2017-11,-0.0003380887524,-0.0002058675795,0.0009327004774,5.053984786e-06,0.0001271671882,0.01303262219,1.536713701,0.605
Extreme_long_expost_exposure,2017-12,-0.00101694201,-0.0008869672574,0.0009327004774,1.902386563e-06,0.000128072366,0.00434669556,1.535150952,0.605
Extreme_long_expost_exposure,2018-01,-0.000267379844,-0.0001325168415,0.001138675003,3.413208251e-06,0.0001314497943,0.01071417624,1.534740484,0.605
Extreme_long_expost_exposure,2018-02,0.002968847402,0.0031026426,0.001138675003,1.221930434e-05,0.000121575893,0.02461895619,1.539296894,0.605
Extreme_long_expost_exposure,2018-03,-0.002758032142,-0.002624178863,0.001138675003,7.894228117e-06,0.0001259590507,0.0214231884,1.535051464,0.605
Extreme_long_expost_exposure,2018-04,0.005136883569,0.005262436595,0.00134418443,3.252163204e-06,0.0001223008619,0.006117380671,1.542936844,0.605
Extreme_long_expost_exposure,2018-05,-0.001853514439,-0.001720754294,0.00134418443,9.310566163e-06,0.0001234495786,0.01727702351,1.540076989,0.605
Extreme_long_expost_exposure,2018-06,-0.003234313534,-0.003098981227,0.00134418443,1.084199927e-05,0.0001244903076,0.01581503824,1.535095897,0.605
Extreme_long_expost_exposure,2018-07,0.004711421526,0.004844617871,0.001549230951,5.099056118e-06,0.0001280972887,0.01019021659,1.542328381,0.605
Extreme_long_expost_exposure,2018-08,-0.00613144953,-0.006002323419,0.001549230951,6.138645496e-06,0.0001229874654,0.01003338979,1.532871672,0.605
Extreme_long_expost_exposure,2018-09,0.005910143812,0.006053437747,0.001549230951,1.617163496e-05,0.0001271223,0.0209871325,1.541931164,0.605
Extreme_long_expost_exposure,2018-10,0.022360016,0.02248950458,0.00175381674,6.804010979e-06,0.0001226845677,0.01046462181,1.57640877,0.605
Extreme_long_expost_exposure,2018-11,-0.007688905988,-0.007547234289,0.00175381674,1.46708671e-05,0.0001270008314,0.02907804426,1.564287911,0.605
Extreme_long_expost_exposure,2018-12,-0.005046683784,-0.004913761215,0.00175381674,5.470326402e-06,0.0001274522423,0.009373120069,1.556393444,0.605
Extreme_long_expost_exposure,2019-01,0.01838445251,0.01851268726,0.001957943956,2.495354331e-06,0.0001257394,0.008145282209,1.585006886,0.605
Extreme_long_expost_exposure,2019-02,0.002890927813,0.003024840514,0.001957943956,9.326404289e-06,0.0001245862969,0.01625588771,1.589589026,0.605
Extreme_long_expost_exposure,2019-03,-0.001925718258,-0.001796996754,0.001957943956,4.162862019e-06,0.000124558642,0.007807735102,1.586527926,0.605
Extreme_long_expost_exposure,2019-04,0.004896814748,0.005027610813,0.001957943956,6.347346458e-06,0.0001244487193,0.009889469538,1.594296859,0.605
Extreme_long_expost_exposure,2019-05,0.001177872535,0.001305751856,0.001957943956,2.614056477e-06,0.0001252652642,0.007663983836,1.596174737,0.605
Extreme_long_expost_exposure,2019-06,0.007535354864,0.007666963497,0.001957943956,2.517632285e-06,0.0001290909999,0.005248462635,1.608202481,0.605
Extreme_long_expost_exposure,2019-07,0.01134705061,0.0114782712,0.001957943956,8.301262113e-06,0.0001229193248,0.01550217161,1.626450835,0.605
Extreme_long_expost_exposure,2019-08,-0.0067596654,-0.006631991568,0.001957943956,3.938927937e-06,0.0001237349046,0.01377828643,1.615456572,0.605
Extreme_long_expost_exposure,2019-09,0.004994875863,0.005133113187,0.00175381674,1.303915029e-05,0.000125198174,0.01584128912,1.623525577,0.605
Extreme_long_expost_exposure,2019-10,0.00330567796,0.003435378102,0.001549230951,9.153198843e-07,0.0001287848225,0.003834975045,1.62889243,0.605
Extreme_long_expost_exposure,2019-11,-0.00708105869,-0.006947435361,0.00134418443,8.046112789e-06,0.0001255772162,0.01281728023,1.617358147,0.605
Extreme_long_expost_exposure,2019-12,0.006026701276,0.006163962058,0.00134418443,8.001673905e-06,0.0001292591077,0.01101682298,1.627105481,0.605
Extreme_long_expost_exposure,2020-01,-0.001357557862,-0.001225201886,0.00134418443,9.691910485e-06,0.0001226640658,0.01632485864,1.624896591,0.605
Extreme_long_expost_exposure,2020-02,-0.005681794338,-0.005545972995,0.00134418443,1.061740674e-05,0.0001252039364,0.01817023381,1.615664263,0.605
Extreme_long_expost_exposure,2020-03,-0.02761069491,-0.02740275712,0.00134418443,8.189389383e-05,0.0001260438969,0.3098916453,1.57105465,0.605
Extreme_long_expost_exposure,2020-04,-0.002047146482,-0.001901119353,0.0001041070355,1.926986204e-05,0.0001267572663,0.0295632021,1.567838471,0.605
Extreme_long_expost_exposure,2020-05,9.738479007e-05,0.0002306765928,0.0001041070355,6.086993017e-06,0.0001272048097,0.01297734078,1.567991155,0.605
Extreme_long_expost_exposure,2020-06,-0.001907092149,-0.001778635817,0.0001041070355,2.43245287e-06,0.0001260238785,0.007198513669,1.565000851,0.605
Extreme_long_expost_exposure,2020-07,-0.0009688920859,-0.0008348608767,0.0001041070355,2.63109713e-06,0.000131400112,0.004553035216,1.563484534,0.605
Extreme_long_expost_exposure,2020-08,-0.002450434485,-0.002312276884,0.0001041070355,1.222194495e-05,0.0001259356555,0.0252409309,1.559653318,0.605
Extreme_long_expost_exposure,2020-09,-0.007156371443,-0.00702352698,0.0001041070355,7.898686688e-06,0.0001249457762,0.01352960322,1.548491859,0.605
Extreme_long_expost_exposure,2020-10,-0.003148448268,-0.003015454185,0.0001041070355,6.339614048e-06,0.0001266544691,0.0110434942,1.543616513,0.605
Extreme_long_expost_exposure,2020-11,0.01373066433,0.01386158858,0.0001041070355,3.100937482e-06,0.0001278233096,0.006228188936,1.564811393,0.605
Extreme_long_expost_exposure,2020-12,0.0007167402087,0.0008576043241,0.0001041070355,1.262840062e-05,0.0001282357148,0.01653958744,1.565932956,0.605
Extreme_long_expost_exposure,2021-01,-0.004308308735,-0.004179152709,0.0001041070355,4.775717642e-06,0.0001243803085,0.01070607424,1.559186434,0.605
Extreme_long_expost_exposure,2021-02,0.004094016079,0.004226779348,0.0001041070355,7.746995698e-06,0.0001250162734,0.01004379737,1.565569768,0.605
Extreme_long_expost_exposure,2021-03,0.005305062085,0.005428171771,0.0001041070355,1.692675571e-06,0.0001214170108,0.005558367848,1.573875213,0.605
Extreme_long_expost_exposure,2021-04,0.008699777815,0.008838536352,0.0001041070355,9.72294828e-06,0.0001290355887,0.02010471396,1.587567577,0.605
Extreme_long_expost_exposure,2021-05,0.005744095138,0.005882137208,0.0001041070355,1.17911717e-05,0.0001262508977,0.01754776695,1.596686717,0.605
Extreme_long_expost_exposure,2021-06,0.009955549011,0.0100829475,0.0001041070355,3.529382377e-06,0.000123869108,0.00685308551,1.61258261,0.605
Extreme_long_expost_exposure,2021-07,-0.005485781153,-0.005349487205,0.0001041070355,9.675036115e-06,0.0001266189119,0.02048439196,1.603736334,0.605
Extreme_long_expost_exposure,2021-08,-0.002621670488,-0.002492635816,0.0001041070355,3.384857288e-06,0.000125649815,0.005974562709,1.599531866,0.605
Extreme_long_expost_exposure,2021-09,-0.001100665227,-0.0009753622772,0.0001041070355,1.844044438e-06,0.0001234589057,0.003388467372,1.597771317,0.605
Extreme_long_expost_exposure,2021-10,0.0009723658332,0.001104644078,0.0001041070355,6.92802751e-06,0.000125350217,0.01295759065,1.599324935,0.605
Extreme_long_expost_exposure,2021-11,-0.0009637110638,-0.0008313659185,0.0001041070355,7.235533884e-06,0.0001251096114,0.01359327204,1.597783648,0.605
Extreme_long_expost_exposure,2021-12,0.006435960126,0.006564459028,0.0001041070355,3.91795213e-06,0.0001245809497,0.01193010507,1.60806692,0.605
Extreme_long_expost_exposure,2022-01,0.008688685732,0.00881578095,0.0001041070355,2.179086855e-06,0.0001249161314,0.006667359509,1.622038908,0.605
Extreme_long_expost_exposure,2022-02,0.00729728253,0.0074301487,0.0001041070355,6.593072578e-06,0.0001262730966,0.01236086988,1.633875384,0.605
Extreme_long_expost_exposure,2022-03,0.02556850796,0.02569762275,0.0001041070355,6.884320376e-06,0.0001222304731,0.008899362226,1.67565114,0.605
Extreme_long_expost_exposure,2022-04,0.008647157404,0.008839189932,0.0003119641739,7.316408766e-05,0.0001188684402,0.3274554423,1.690140759,0.605
Extreme_long_expost_exposure,2022-05,0.001894131645,0.002031197043,0.0003119641739,9.118091839e-06,0.0001279473065,0.03099246488,1.693342108,0.605
Extreme_long_expost_exposure,2022-06,-0.000767600706,-0.0005803270041,0.0007262586484,6.687206698e-05,0.0001204016349,0.3120684578,1.692042298,0.605
Extreme_long_expost_exposure,2022-07,0.005356640537,0.005497873588,0.00134418443,1.516257493e-05,0.000126070476,0.02806453681,1.70110596,0.605
Extreme_long_expost_exposure,2022-08,0.009678042729,0.009804007172,0.001957943956,3.394582736e-06,0.0001225698604,0.008121883155,1.717569336,0.605
Extreme_long_expost_exposure,2022-09,-0.0001937881196,-6.805713172e-05,0.001957943956,3.863210066e-06,0.0001218677778,0.0161290685,1.717236492,0.605
Extreme_long_expost_exposure,2022-10,0.00903192901,0.00916598195,0.002567595531,8.643513751e-06,0.0001254094262,0.02195759397,1.73274645,0.605
Extreme_long_expost_exposure,2022-11,-0.01107192787,-0.01093469942,0.002567595531,3.886844773e-06,0.0001333416076,0.009343851881,1.713561606,0.605
Extreme_long_expost_exposure,2022-12,-0.007207361679,-0.007067513265,0.003173196228,8.616767768e-06,0.0001312316467,0.02873456484,1.701211348,0.605
Extreme_long_expost_exposure,2023-01,0.00750989777,0.007644209875,0.003574707178,6.573308229e-06,0.0001277387971,0.01953750326,1.713987271,0.605
Extreme_long_expost_exposure,2023-02,0.01128520134,0.01141324198,0.003574707178,6.173304177e-06,0.0001218673285,0.008113129165,1.733329962,0.605
Extreme_long_expost_exposure,2023-03,0.002042638819,0.002177812295,0.003774801921,5.914980991e-06,0.0001292584945,0.01833257991,1.73687053,0.605
Extreme_long_expost_exposure,2023-04,0.008609050609,0.008741313898,0.003974458863,6.918986559e-06,0.0001253443023,0.01321626546,1.751823336,0.605
Extreme_long_expost_exposure,2023-05,0.01104698727,0.01117364331,0.003974458863,3.944431384e-06,0.0001227116077,0.009310841277,1.771175706,0.605
Extreme_long_expost_exposure,2023-06,0.01993556629,0.0200654589,0.004173680002,4.967004196e-06,0.000124925605,0.0145993814,1.806485097,0.605
Extreme_long_expost_exposure,2023-07,0.006096787545,0.00623237747,0.004173680002,7.551700832e-06,0.0001280382235,0.01558115966,1.817498852,0.605
Extreme_long_expost_exposure,2023-08,0.004732674645,0.004922621874,0.004372467323,6.636786045e-05,0.0001235793678,0.3112614404,1.826100483,0.605
Extreme_long_expost_exposure,2023-09,0.01069952741,0.01088818943,0.004372467323,6.564660216e-05,0.0001230154268,0.3114427123,1.845638895,0.605
Extreme_long_expost_exposure,2023-10,0.004429825994,0.004621655208,0.004372467323,6.63570181e-05,0.0001254721962,0.3165595268,1.853814754,0.605
Extreme_long_expost_exposure,2023-11,0.007928910735,0.008059778664,0.004372467323,1.481173816e-06,0.000129386755,0.004533747322,1.868513486,0.605
Extreme_long_expost_exposure,2023-12,0.00122348602,0.001359307527,0.004372467323,6.427166494e-06,0.0001293943406,0.01583542797,1.870799586,0.605
Extreme_long_expost_exposure,2024-01,0.01154985779,0.01167783614,0.004372467323,5.855624208e-06,0.0001221227306,0.01331847724,1.892407055,0.605
Extreme_long_expost_exposure,2024-02,0.006723890094,0.006855248514,0.004372467323,6.351060528e-06,0.0001250073586,0.01733121023,1.905131393,0.605
Extreme_long_expost_exposure,2024-03,0.006914157749,0.007041272951,0.004372467323,1.602428557e-06,0.0001255127733,0.005526122823,1.918303772,0.605
Extreme_long_expost_exposure,2024-04,0.00755546826,0.007679429052,0.004372467323,7.930413262e-07,0.0001231677499,0.003351214012,1.932797455,0.605
Extreme_long_expost_exposure,2024-05,0.003837313928,0.003969762007,0.004372467323,5.672534214e-06,0.0001267755456,0.01395372492,1.940214205,0.605
Extreme_long_expost_exposure,2024-06,0.001775258729,0.001901466499,0.004372467323,2.386883067e-06,0.0001238208871,0.006117415137,1.943658588,0.605
Extreme_long_expost_exposure,2024-07,-0.004169176567,-0.003956001137,0.004372467323,8.347900667e-05,0.0001296964234,0.3120341533,1.935555132,0.605
Extreme_long_expost_exposure,2024-08,0.001386482359,0.001595875682,0.004372467323,7.970825064e-05,0.000129685072,0.3178765098,1.938238745,0.605
Extreme_long_expost_exposure,2024-09,0.009592996262,0.009724972779,0.004372467323,4.150165076e-06,0.0001278263513,0.01482463625,1.956832262,0.605
Extreme_long_expost_exposure,2024-10,0.00968791503,0.009888092852,0.003974458863,8.180002185e-05,0.0001183777998,0.3115254497,1.975789887,0.605
Extreme_long_expost_exposure,2024-11,-0.004892988933,-0.004682142052,0.003974458863,8.55580931e-05,0.000125288788,0.3192422245,1.966122368,0.605
Extreme_long_expost_exposure,2024-12,0.009925946894,0.01005648061,0.003774801921,8.236901729e-06,0.0001222968177,0.01536328613,1.985637995,0.605
Extreme_long_expost_exposure,2025-01,0.01105022021,0.01125648204,0.003574707178,7.944342085e-05,0.0001268184104,0.3120912406,2.007579732,0.605
Extreme_long_expost_exposure,2025-02,-0.0007900540292,-0.0006508430822,0.003574707178,9.71630379e-06,0.0001294946433,0.01282361806,2.005993635,0.605
Extreme_long_expost_exposure,2025-03,-0.001416453339,-0.001280677608,0.003574707178,4.677096793e-06,0.000131098634,0.01360087644,2.003152239,0.605
Extreme_long_expost_exposure,2025-04,0.001836184038,0.001975418659,0.003574707178,7.869753127e-06,0.0001313648679,0.02102728631,2.006830395,0.605
Extreme_long_expost_exposure,2025-05,0.004801399129,0.004937574802,0.003574707178,1.005247963e-05,0.0001261231939,0.023506891,2.016465989,0.605
Extreme_long_expost_exposure,2025-06,0.00853377181,0.008738781386,0.003574707178,7.712391781e-05,0.0001278856578,0.3064401547,2.033674049,0.605
Extreme_long_expost_exposure,2025-07,0.006934610646,0.007063983545,0.003574707178,7.121251476e-06,0.0001222516478,0.01321450316,2.047776787,0.605
Extreme_long_expost_exposure,2025-08,0.006897939216,0.007031241066,0.003574707178,5.000399436e-06,0.0001283014502,0.01816876607,2.061902227,0.605
Extreme_long_expost_exposure,2025-09,0.008074302047,0.008206728866,0.003574707178,6.23293114e-06,0.0001261938875,0.01068769275,2.078550648,0.605
Extreme_long_expost_exposure,2025-10,0.008077822444,0.008204520831,0.003374172623,4.189042553e-06,0.0001225093438,0.006395868176,2.095340811,0.605
Extreme_long_expost_exposure,2025-11,0.009191389925,0.009320964134,0.003173196228,4.250609421e-06,0.0001253235988,0.01627361482,2.114599906,0.605
Extreme_long_expost_exposure,2025-12,-2.685266839e-05,0.0001785517623,0.003173196228,7.770618722e-05,0.0001276982435,0.306643594,2.114543123,0.605
Extreme_long_expost_exposure,2026-01,0.006429875627,0.006564021013,0.002971775953,4.287750289e-06,0.0001298576358,0.01067650027,2.128139372,0.605
Extreme_long_expost_exposure,2026-02,0.00888972159,0.00902442964,0.002971775953,1.089663676e-05,0.0001238114136,0.01854203052,2.147057939,0.605
Extreme_long_expost_exposure,2026-03,0.01121806262,0.0113446627,0.002971775953,5.151849572e-06,0.0001214482291,0.0140534805,2.171143769,0.605
Extreme_long_expost_exposure,2026-04,0.008481849236,0.00861706829,0.002971775953,6.361125823e-06,0.0001288579281,0.01964809472,2.189559084,0.605
Extreme_long_expost_exposure,2026-05,0.00399996265,0.004134577282,0.002971775953,9.469028978e-06,0.0001251456032,0.01454355397,2.198317238,0.605
Extreme_long_expost_exposure,2026-06,0.008968103431,0.009091432631,0.002971775953,1.657595561e-06,0.0001216716043,0.00498272143,2.218031974,0.605
Extreme_long_expost_exposure,2026-07,0.005781465197,0.005917097354,0.002971775953,7.5968794e-06,0.0001280352778,0.01951242454,2.230855449,0.605
Extreme_long_expost_exposure,2026-08,0.002141901859,0.002529640085,0.002971775953,0.0002616002469,0.0001261379786,0.6153578872,2.235633723,0.605
Extreme_short_past_exposure,2010-03,0.0001041070355,0.0001041070355,0.0001041070355,0,0,0,1.351947177,0
Extreme_short_past_exposure,2010-04,0.009205448408,0.009508396736,0.0001041070355,0.0002,0.0001029483281,0.5,1.364392457,0.5
Extreme_short_past_exposure,2010-05,-0.006482733745,-0.006375728297,0.0001041070355,5.086438988e-06,0.0001019190092,0.00931850865,1.355547464,0.5
Extreme_short_past_exposure,2010-06,0.002804964216,0.002919109454,0.0001041070355,8.455035926e-06,0.0001056902026,0.02389195717,1.359349726,0.5
Extreme_short_past_exposure,2010-07,-0.002082996989,-0.001970887512,0.0001041070355,3.397281085e-06,0.0001087121963,0.01014874847,1.356518204,0.5
Extreme_short_past_exposure,2010-08,-0.002431806877,-0.002270294524,0.0001041070355,5.750051527e-05,0.0001040118371,0.2709043255,1.353219414,0.5
Extreme_short_past_exposure,2010-09,-0.001570816349,-0.00145886353,0.0001041070355,3.093568378e-06,0.0001088592498,0.01076541095,1.351093755,0.5
Extreme_short_past_exposure,2010-10,-0.003971365284,-0.003855653853,0.0001041070355,9.09402335e-06,0.0001066174081,0.02185722098,1.345728068,0.5
Extreme_short_past_exposure,2010-11,0.01211005758,0.0122119411,0.0001041070355,2.887805076e-06,9.899571105e-05,0.009905917355,1.362024912,0.5
Extreme_short_past_exposure,2010-12,0.004784816408,0.004958831964,0.0001041070355,6.675930833e-05,0.0001072562471,0.2650741551,1.368541952,0.5
Extreme_short_past_exposure,2011-01,0.002563787262,0.00267685186,0.0001041070355,8.147143038e-06,0.0001049174543,0.01728241959,1.372050602,0.5
Extreme_short_past_exposure,2011-02,0.004015504055,0.004123116708,0.0001041070355,2.72348909e-06,0.0001048891645,0.009246150654,1.377560077,0.5
Extreme_short_past_exposure,2011-03,0.00259425701,0.002702313916,0.0001041070355,3.059920123e-06,0.0001049969858,0.005637549919,1.381133822,0.5
Extreme_short_past_exposure,2011-04,0.002646406637,0.002758553079,0.0001041070355,4.5734617e-06,0.0001075729809,0.008721313656,1.384788863,0.5
Extreme_short_past_exposure,2011-05,0.001771951349,0.001881865266,0.0001041070355,7.593023238e-06,0.0001023208932,0.01770228237,1.387242642,0.5
Extreme_short_past_exposure,2011-06,-0.002705309151,-0.002597407122,0.0001041070355,2.806285925e-06,0.0001050957425,0.009278578161,1.383489722,0.5
Extreme_short_past_exposure,2011-07,-0.00280753162,-0.00268503758,0.0001041070355,1.050045825e-05,0.0001119935812,0.02801197884,1.379605531,0.53125
Extreme_short_past_exposure,2011-08,-0.004122387999,-0.004007705786,0.0001041070355,2.8983789e-06,0.0001117838344,0.008779267077,1.373918261,0.5294117647
Extreme_short_past_exposure,2011-09,-0.02027557257,-0.02011391062,0.0001041070355,5.444478591e-05,0.0001072171596,0.2711170512,1.346061282,0.5277777778
Extreme_short_past_exposure,2011-10,0.02127002357,0.02139787501,0.0001041070355,1.74045301e-05,0.0001104469138,0.02648578382,1.374692037,0.5263157895
Extreme_short_past_exposure,2011-11,-0.0130898109,-0.01296657606,0.0001041070355,1.472416297e-05,0.0001085106784,0.02366714664,1.356697578,0.525
Extreme_short_past_exposure,2011-12,-0.002323042869,-0.002206204514,0.0001041070355,8.320343744e-06,0.0001085180112,0.01498170534,1.353545912,0.5238095238
Extreme_short_past_exposure,2012-01,0.00947936101,0.009644409042,0.0001041070355,5.438877426e-05,0.0001106592574,0.2636793274,1.366376662,0.5227272727
Extreme_short_past_exposure,2012-02,0.01169754355,0.01181558601,0.0001041070355,1.088978633e-05,0.0001071526746,0.01395946891,1.382359912,0.5217391304
Extreme_short_past_exposure,2012-03,-0.0051849997,-0.005072818342,0.0001041070355,5.183465991e-06,0.0001069978923,0.01429259186,1.375192377,0.5208333333
Extreme_short_past_exposure,2012-04,-0.0075539282,-0.007437677663,0.0001041070355,7.190663792e-06,0.0001090598728,0.008999925201,1.364804272,0.52
Extreme_short_past_exposure,2012-05,-0.01007227608,-0.009962915156,0.0001041070355,3.569486302e-06,0.0001057914365,0.007967022577,1.351057587,0.5192307692
Extreme_short_past_exposure,2012-06,0.002912520309,0.003030771338,0.0001041070355,9.950067002e-06,0.0001083009612,0.02321658768,1.354992569,0.5185185185
Extreme_short_past_exposure,2012-07,0.005242007452,0.005353386222,0.0001041070355,3.866926127e-06,0.0001075118442,0.009921833502,1.362095451,0.5178571429
Extreme_short_past_exposure,2012-08,0.001738973761,0.001850438121,0.0001041070355,2.474963532e-06,0.0001089893963,0.008665721915,1.364464099,0.5172413793
Extreme_short_past_exposure,2012-09,-0.001149426032,-0.00103723467,0.0001041070355,2.604841093e-06,0.000109586521,0.008454048469,1.362895748,0.5166666667
Extreme_short_past_exposure,2012-10,0.002121388957,0.002231475223,0.0001041070355,3.810637298e-06,0.0001062756294,0.009369178223,1.36578698,0.5161290323
Extreme_short_past_exposure,2012-11,-0.0004887440801,-0.000381344058,0.0001041070355,1.830929572e-06,0.0001055690926,0.006379024133,1.36511946,0.515625
Extreme_short_past_exposure,2012-12,0.01102847711,0.01113946756,0.0001041070355,4.942742986e-06,0.0001060477106,0.008863103238,1.380174649,0.5151515152
Extreme_short_past_exposure,2013-01,0.01121116989,0.01132222017,0.0001041070355,5.26205866e-06,0.0001057882154,0.01240884056,1.395648021,0.5147058824
Extreme_short_past_exposure,2013-02,0.006177295913,0.006288147618,0.0001041070355,6.073185767e-06,0.0001047785187,0.01531752773,1.404269352,0.5142857143
Extreme_short_past_exposure,2013-03,0.002749085386,0.002856166882,0.0001041070355,5.401399327e-06,0.0001016800966,0.00838896884,1.408129808,0.5
Extreme_short_past_exposure,2013-04,0.001889473311,0.001992238358,0.0001041070355,1.93271682e-06,0.0001008323308,0.003082444972,1.410790432,0.4864864865
Extreme_short_past_exposure,2013-05,-0.0030572777,-0.002954442434,0.0001041070355,5.823292913e-06,9.701197263e-05,0.01288930834,1.406477254,0.4736842105
Extreme_short_past_exposure,2013-06,-0.00769418992,-0.007593197623,0.0001041070355,3.887785675e-06,9.710451122e-05,0.007778233661,1.395655551,0.4615384615
Extreme_short_past_exposure,2013-07,-0.00321074616,-0.00311310178,0.0001041070355,2.719982192e-06,9.49243973e-05,0.01197308929,1.391174455,0.45
Extreme_short_past_exposure,2013-08,-0.002424825614,-0.002330025411,0.0001041070355,3.615850171e-06,9.118435255e-05,0.014866089,1.3878011,0.4390243902
Extreme_short_past_exposure,2013-09,0.006117959089,0.006210610479,0.0001041070355,2.156049666e-06,9.049534078e-05,0.007750644124,1.39629161,0.4285714286
Extreme_short_past_exposure,2013-10,0.002397304847,0.002494934002,0.0001041070355,1.026809779e-05,8.736105807e-05,0.01921387118,1.399638947,0.4186046512
Extreme_short_past_exposure,2013-11,-0.001768902878,-0.001678569969,0.0001041070355,6.887467153e-06,8.344544196e-05,0.01163512769,1.397163121,0.4090909091
Extreme_short_past_exposure,2013-12,0.002215225824,0.002301455199,0.0001041070355,3.401384859e-06,8.282798983e-05,0.007260159943,1.400258153,0.4
Extreme_short_past_exposure,2014-01,-0.004392082365,-0.004307354142,0.0001041070355,2.926185623e-06,8.180203727e-05,0.008737241984,1.394108104,0.3913043478
Extreme_short_past_exposure,2014-02,0.003342715977,0.003473329837,0.0001041070355,4.979817274e-05,8.081568724e-05,0.1984730839,1.398768211,0.3829787234
Extreme_short_past_exposure,2014-03,0.005424951792,0.00551085025,0.0001041070355,8.404886995e-06,7.749357082e-05,0.01499225741,1.406356462,0.375
Extreme_short_past_exposure,2014-04,0.0009461341747,0.001028358048,0.0001041070355,5.254472013e-06,7.696940143e-05,0.008003769715,1.407687063,0.3673469388
Extreme_short_past_exposure,2014-05,0.003916650853,0.003995756332,0.0001041070355,4.433466581e-06,7.467201234e-05,0.01003405629,1.413200482,0.36
Extreme_short_past_exposure,2014-06,0.002799014515,0.002877131873,0.0001041070355,4.333689876e-06,7.378366874e-05,0.008290981788,1.417156051,0.3529411765
Extreme_short_past_exposure,2014-07,-0.000196799715,-0.0001212134174,0.0001041070355,4.743903162e-06,7.084239444e-05,0.009794659585,1.416877155,0.3461538462
Extreme_short_past_exposure,2014-08,0.003818988128,0.00388919046,0.0001041070355,3.178275008e-07,6.988450472e-05,0.0008470326428,1.422288192,0.3396226415
Extreme_short_past_exposure,2014-09,-0.0003548058556,-0.0002859868081,0.0001041070355,2.800248532e-06,6.601879902e-05,0.004601947061,1.421783556,0.3333333333
Extreme_short_past_exposure,2014-10,0.001952185188,0.002025489774,0.0001041070355,5.943518853e-06,6.7361068e-05,0.01066430303,1.424559141,0.3272727273
Extreme_short_past_exposure,2014-11,0.00146162103,0.001528946143,0.0001041070355,2.277011329e-06,6.504810104e-05,0.003727980646,1.426641306,0.3214285714
Extreme_short_past_exposure,2014-12,0.001791935536,0.001895747215,0.0001041070355,4.025723669e-05,6.355444254e-05,0.1574602437,1.429197755,0.3157894737
Extreme_short_past_exposure,2015-01,0.004295686208,0.004357936404,0.0001041070355,1.944771103e-06,6.030542544e-05,0.004104333664,1.435337141,0.3103448276
Extreme_short_past_exposure,2015-02,-0.003119153705,-0.00305139434,0.0001041070355,4.592825659e-06,6.316653927e-05,0.01540284231,1.430860103,0.3050847458
Extreme_short_past_exposure,2015-03,-0.003404717149,-0.003339538465,0.0001041070355,5.098248279e-06,6.00804359e-05,0.008967931998,1.425988429,0.3
Extreme_short_past_exposure,2015-04,0.006686480455,0.006757180713,0.0001041070355,6.743026457e-06,6.395723107e-05,0.00920220543,1.435523273,0.2950819672
Extreme_short_past_exposure,2015-05,-0.002712591233,-0.002641981204,0.0001041070355,1.145095716e-05,5.915907121e-05,0.0211847055,1.431629285,0.2903225806
Extreme_short_past_exposure,2015-06,-0.001385389484,-0.001321775316,0.0001041070355,2.532446841e-06,6.108172095e-05,0.003785372742,1.429645921,0.2857142857
Extreme_short_past_exposure,2015-07,-0.003900788726,-0.003839160916,0.0001041070355,4.946796036e-06,5.66810141e-05,0.01086600459,1.424069175,0.28125
Extreme_short_past_exposure,2015-08,-0.007944166086,-0.007880670468,0.0001041070355,4.625975876e-06,5.886964282e-05,0.007798670822,1.412756132,0.2769230769
Extreme_short_past_exposure,2015-09,-0.00695752227,-0.006896296665,0.0001041070355,4.181963757e-06,5.704364111e-05,0.00915831963,1.40292685,0.2727272727
Extreme_short_past_exposure,2015-10,0.00630657342,0.006366937579,0.0001041070355,5.259641275e-06,5.510451759e-05,0.008389382231,1.411774511,0.2686567164
Extreme_short_past_exposure,2015-11,0.004424936998,0.00448243662,0.0001041070355,4.028546989e-06,5.347107517e-05,0.006223581072,1.418021525,0.2647058824
Extreme_short_past_exposure,2015-12,-0.00738640139,-0.007327831525,0.0001041070355,2.586493624e-06,5.598337148e-05,0.00488063823,1.407547449,0.2608695652
Extreme_short_past_exposure,2016-01,-0.0006365180343,-0.0005810796659,0.0003119641739,2.160938907e-06,5.327742943e-05,0.008019919256,1.406651519,0.2571428571
Extreme_short_past_exposure,2016-02,0.004722804609,0.004775928492,0.0003119641739,3.871725275e-07,5.27367095e-05,0.001410440323,1.413294859,0.2535211268
Extreme_short_past_exposure,2016-03,0.004062034321,0.004120035081,0.0003119641739,3.254885633e-06,5.47458752e-05,0.006320947998,1.419035712,0.25
Extreme_short_past_exposure,2016-04,0.004841952129,0.004903916629,0.0003119641739,1.035516293e-05,5.160933668e-05,0.01884689617,1.425906615,0.2465753425
Extreme_short_past_exposure,2016-05,0.0006046831109,0.0006584292751,0.0003119641739,4.502767702e-06,4.924339652e-05,0.007765032097,1.426768836,0.2432432432
Extreme_short_past_exposure,2016-06,0.009096271557,0.009146572677,0.0003119641739,8.859403698e-07,4.94151794e-05,0.003516987228,1.439747113,0.24
Extreme_short_past_exposure,2016-07,-0.0001294299203,-7.279223458e-05,0.0003119641739,7.616053684e-06,4.902163207e-05,0.00875497091,1.439560767,0.2368421053
Extreme_short_past_exposure,2016-08,0.001668352395,0.001718036342,0.0003119641739,7.676251374e-07,4.891632198e-05,0.001624217406,1.441962461,0.2337662338
Extreme_short_past_exposure,2016-09,0.0008712107882,0.0009219744175,0.0003119641739,2.824744588e-06,4.793888468e-05,0.004953657848,1.443218715,0.2307692308
Extreme_short_past_exposure,2016-10,0.004657840501,0.004705282328,0.0003119641739,1.463620514e-06,4.597820678e-05,0.002581384957,1.449940997,0.2278481013
Extreme_short_past_exposure,2016-11,2.403023375e-06,5.125051783e-05,0.0003119641739,3.044685112e-06,4.580280935e-05,0.005425624589,1.449944481,0.225
Extreme_short_past_exposure,2016-12,0.002888698045,0.002937764863,0.0003119641739,2.69625428e-06,4.637056354e-05,0.004269300477,1.454132933,0.2222222222
Extreme_short_past_exposure,2017-01,0.002359651657,0.002410523199,0.0005193472934,3.95958944e-06,4.691195225e-05,0.004960138876,1.45756418,0.2195121951
Extreme_short_past_exposure,2017-02,0.003199992678,0.003249210477,0.0005193472934,4.97301198e-06,4.424478774e-05,0.009582065891,1.462228375,0.2168674699
Extreme_short_past_exposure,2017-03,-0.001804972448,-0.001758066596,0.0005193472934,1.783600761e-06,4.512225108e-05,0.002771237656,1.459589093,0.2142857143
Extreme_short_past_exposure,2017-04,-0.00197430122,-0.001928621589,0.0007262586484,8.089292529e-07,4.487070193e-05,0.002850653314,1.456707425,0.2117647059
Extreme_short_past_exposure,2017-05,-0.001410449744,-0.001364124619,0.0007262586484,1.844036338e-06,4.448108886e-05,0.004626320629,1.454652812,0.2093023256
Extreme_short_past_exposure,2017-06,0.0001549281336,0.0002002072932,0.0007262586484,1.178277081e-06,4.41008825e-05,0.004896790282,1.454878179,0.2068965517
Extreme_short_past_exposure,2017-07,0.002620357105,0.0026661625,0.0009327004774,1.7917897e-06,4.401360566e-05,0.006500432351,1.458690479,0.2045454545
Extreme_short_past_exposure,2017-08,-0.001055436465,-0.00100777209,0.0009327004774,5.041887951e-06,4.262248719e-05,0.0101156763,1.457150924,0.202247191
Extreme_short_past_exposure,2017-09,0.002854817188,0.002897212837,0.0009327004774,1.156354653e-06,4.12392939e-05,0.002998539466,1.461310823,0.2
Extreme_short_past_exposure,2017-10,0.0001767621173,0.0002180796191,0.0009327004774,8.879710449e-07,4.042953075e-05,0.002579683785,1.461569128,0.1978021978
Extreme_short_past_exposure,2017-11,0.0005225049397,0.0005644966501,0.0009327004774,8.668562191e-07,4.112485424e-05,0.002412091524,1.462332805,0.1956521739
Extreme_short_past_exposure,2017-12,0.0003081628022,0.0003505620391,0.0009327004774,1.427005725e-06,4.097223118e-05,0.00330574773,1.462783442,0.1935483871
Extreme_short_past_exposure,2018-01,0.0006936312339,0.0007363283665,0.001138675003,1.091781912e-06,4.160535074e-05,0.004460888434,1.463798074,0.1914893617
Extreme_short_past_exposure,2018-02,0.001711032238,0.001753749674,0.001138675003,4.642341431e-06,3.80750948e-05,0.009616477323,1.46630268,0.1894736842
Extreme_short_past_exposure,2018-03,-6.807109798e-05,-2.749871616e-05,0.001138675003,1.535485944e-06,3.903689588e-05,0.004506131153,1.466202867,0.1875
Extreme_short_past_exposure,2018-04,0.002507910019,0.002545999868,0.00134418443,5.77443431e-07,3.751240547e-05,0.001359208424,1.469879972,0.1855670103
Extreme_short_past_exposure,2018-05,0.0003741511937,0.0004136919858,0.00134418443,2.062424531e-06,3.74783676e-05,0.003986723531,1.470429929,0.1836734694
Extreme_short_past_exposure,2018-06,-3.132876231e-05,8.897981827e-06,0.00134418443,2.81417986e-06,3.741256428e-05,0.004067496663,1.470383862,0.1818181818
Extreme_short_past_exposure,2018-07,0.002490450164,0.002529676646,0.001549230951,1.114892866e-06,3.811159003e-05,0.002379906739,1.47404578,0.18
Extreme_short_past_exposure,2018-08,-0.0007142538628,-0.000675267513,0.001549230951,2.757328079e-06,3.622902179e-05,0.005172714123,1.472992937,0.1782178218
Extreme_short_past_exposure,2018-09,0.002821432797,0.002863049171,0.001549230951,4.536461693e-06,3.707991248e-05,0.006020150646,1.477148888,0.1764705882
Extreme_short_past_exposure,2018-10,0.007705306067,0.007743424074,0.00175381674,2.679955429e-06,3.543805212e-05,0.003968858348,1.488530772,0.1747572816
Extreme_short_past_exposure,2018-11,-0.0009479533367,-0.0009070052327,0.00175381674,4.61601615e-06,3.633208781e-05,0.006410590864,1.487119714,0.1730769231
Extreme_short_past_exposure,2018-12,-0.0001730458074,-0.0001354615471,0.00175381674,1.47028372e-06,3.611397658e-05,0.002663346701,1.486862374,0.1714285714
Extreme_short_past_exposure,2019-01,0.006568276973,0.00660452714,0.001957943956,9.576477963e-07,3.529251833e-05,0.002687552619,1.496628498,0.1698113208
Extreme_short_past_exposure,2019-02,0.002216586377,0.002254601684,0.001957943956,3.373254183e-06,3.464205367e-05,0.00510732213,1.499945905,0.1682242991
Extreme_short_past_exposure,2019-03,0.0008886434813,0.0009235250277,0.001957943956,5.678708725e-07,3.431367549e-05,0.001100030616,1.501278822,0.1666666667
Extreme_short_past_exposure,2019-04,0.002760551977,0.00279582406,0.001957943956,1.303215575e-06,3.396886721e-05,0.001690388117,1.50542318,0.1651376147
Extreme_short_past_exposure,2019-05,0.001747154893,0.001781543388,0.001957943956,5.075819272e-07,3.388091294e-05,0.001206919194,1.508053387,0.1636363636
Extreme_short_past_exposure,2019-06,0.003453440263,0.003488170324,0.001957943956,1.289439578e-07,3.46011168e-05,0.000184941907,1.51326136,0.1621621622
Extreme_short_past_exposure,2019-07,0.004451173998,0.004486956505,0.001957943956,3.12979396e-06,3.26527132e-05,0.006279582926,1.519997149,0.1607142857
Extreme_short_past_exposure,2019-08,-0.0003375631931,-0.0003037226778,0.001957943956,1.262028e-06,3.257848727e-05,0.002517805359,1.519484054,0.1592920354
Extreme_short_past_exposure,2019-09,0.002599821164,0.002635755787,0.00175381674,3.260023449e-06,3.267459957e-05,0.003809641586,1.523434441,0.1578947368
Extreme_short_past_exposure,2019-10,0.002003261532,0.002037202905,0.001549230951,6.229856288e-07,3.331838742e-05,0.001339985309,1.526486279,0.1565217391
Extreme_short_past_exposure,2019-11,-0.0008174305491,-0.000782477813,0.00134418443,2.744273755e-06,3.22084624e-05,0.00487308939,1.525238482,0.1551724138
Extreme_short_past_exposure,2019-12,0.00253499963,0.002569811291,0.00134418443,1.942211933e-06,3.286944889e-05,0.002631156992,1.529104961,0.1538461538
Extreme_short_past_exposure,2020-01,0.0006621662179,0.0006963492478,0.00134418443,3.254984159e-06,3.092804572e-05,0.006005333143,1.530117483,0.1525423729
Extreme_short_past_exposure,2020-02,-0.0004120354006,-0.0003784745549,0.00134418443,2.257687711e-06,3.130315793e-05,0.003598146825,1.52948702,0.1512605042
Extreme_short_past_exposure,2020-03,-0.005834612049,-0.005783156449,0.00134418443,2.020504674e-05,3.125055296e-05,0.07672336907,1.520563057,0.15
Extreme_short_past_exposure,2020-04,-0.0004251976181,-0.0003889477422,0.0001041070355,5.08218524e-06,3.116769064e-05,0.007169170206,1.519916517,0.1487603306
Extreme_short_past_exposure,2020-05,0.000102640019,0.0001349734768,0.0001041070355,1.312097833e-06,3.102135991e-05,0.003252851909,1.520072521,0.1475409836
Extreme_short_past_exposure,2020-06,-0.0003827770892,-0.000351303451,0.0001041070355,9.90136076e-07,3.048350216e-05,0.002541434959,1.519490672,0.1463414634
Extreme_short_past_exposure,2020-07,-0.0001531939529,-0.0001211851855,0.0001041070355,4.81147823e-07,3.152761951e-05,0.00128511084,1.519257896,0.1451612903
Extreme_short_past_exposure,2020-08,-0.0005043542834,-0.0004710322777,0.0001041070355,3.347238159e-06,2.997476758e-05,0.00709413202,1.518491651,0.144
Extreme_short_past_exposure,2020-09,-0.001610130425,-0.001578923429,0.0001041070355,1.70386144e-06,2.950313486e-05,0.003213999133,1.516046682,0.1428571429
Extreme_short_past_exposure,2020-10,-0.0006577674545,-0.0006267070723,0.0001041070355,1.389262962e-06,2.967111919e-05,0.002427555942,1.515049476,0.1417322835
Extreme_short_past_exposure,2020-11,0.003271508526,0.003301868759,0.0001041070355,6.492364852e-07,2.971099655e-05,0.001832450998,1.520005973,0.140625
Extreme_short_past_exposure,2020-12,0.0002444610191,0.0002778907653,0.0001041070355,3.853951892e-06,2.957579431e-05,0.005768521488,1.520377555,0.1395348837
Extreme_short_past_exposure,2021-01,-0.0009061921545,-0.0008761685577,0.0001041070355,1.557664729e-06,2.846593203e-05,0.00360960242,1.518999801,0.1384615385
Extreme_short_past_exposure,2021-02,0.001010443406,0.001040427793,0.0001041070355,1.591315267e-06,2.8393072e-05,0.001998082301,1.520534664,0.1374045802
Extreme_short_past_exposure,2021-03,0.001276339806,0.001304121627,0.0001041070355,4.151018198e-07,2.736671919e-05,0.001273099763,1.522475383,0.1363636364
Extreme_short_past_exposure,2021-04,0.002027428354,0.002057996648,0.0001041070355,1.703065731e-06,2.886522832e-05,0.003637432829,1.525562093,0.1353383459
Extreme_short_past_exposure,2021-05,0.001355553813,0.001387005063,0.0001041070355,3.419720144e-06,2.803153026e-05,0.005862755129,1.527630074,0.1343283582
Extreme_short_past_exposure,2021-06,0.002274739366,0.002303300527,0.0001041070355,1.262184042e-06,2.729897696e-05,0.002320127669,1.531105035,0.1333333333
Extreme_short_past_exposure,2021-07,-0.001118998163,-0.001088949556,0.0001041070355,2.348797101e-06,2.769981058e-05,0.0035479747,1.529391731,0.1323529412
Extreme_short_past_exposure,2021-08,-0.0004878090352,-0.000459823366,0.0001041070355,6.985041943e-07,2.728716499e-05,0.001495050381,1.52864568,0.1313868613
Extreme_short_past_exposure,2021-09,-0.00015546917,-0.0001286208077,0.0001041070355,2.312787953e-07,2.661708352e-05,0.0005642056261,1.528408022,0.1304347826
Extreme_short_past_exposure,2021-10,0.000290269006,0.0003182656271,0.0001041070355,1.166204233e-06,2.683041685e-05,0.001975872618,1.528851672,0.1294964029
Extreme_short_past_exposure,2021-11,-0.0001226295323,-9.469477293e-05,0.0001041070355,1.347120536e-06,2.65876388e-05,0.002911537464,1.52866419,0.1285714286
Extreme_short_past_exposure,2021-12,0.001440009968,0.001467290153,0.0001041070355,9.926626166e-07,2.628752235e-05,0.002533190717,1.530865481,0.1276595745
Extreme_short_past_exposure,2022-01,0.00190243473,0.001929390826,0.0001041070355,7.834698549e-07,2.617262677e-05,0.001484867905,1.533777853,0.1267605634
Extreme_short_past_exposure,2022-02,0.00160045404,0.001628336937,0.0001041070355,1.610970771e-06,2.627192671e-05,0.001963493387,1.536232594,0.1258741259
Extreme_short_past_exposure,2022-03,0.00536490359,0.005392023506,0.0001041070355,1.865685532e-06,2.525422998e-05,0.002398096644,1.544474334,0.125
Extreme_short_past_exposure,2022-04,0.002021489222,0.002061637171,0.0003119641739,1.575773033e-05,2.439021857e-05,0.06732866421,1.547596472,0.124137931
Extreme_short_past_exposure,2022-05,0.0006350235314,0.0006623116396,0.0003119641739,1.214842972e-06,2.607326521e-05,0.004730192429,1.548579232,0.1232876712
Extreme_short_past_exposure,2022-06,0.0004235009754,0.0004618122353,0.0007262586484,1.394257007e-05,2.436868981e-05,0.06417064149,1.549235057,0.1224489796
Extreme_short_past_exposure,2022-07,0.002151053892,0.002179190069,0.00134418443,2.792547517e-06,2.534362931e-05,0.004991788875,1.552567545,0.1216216216
Extreme_short_past_exposure,2022-08,0.003499111777,0.00352463249,0.001957943956,1.046172496e-06,2.447454088e-05,0.002240586405,1.558000152,0.1208053691
Extreme_short_past_exposure,2022-09,0.001530989309,0.001556092501,0.001957943956,9.31070442e-07,2.417212122e-05,0.002465848362,1.560385434,0.12
Extreme_short_past_exposure,2022-10,0.003841512924,0.003867699034,0.002567595531,1.476245451e-06,2.47098645e-05,0.003759679854,1.566379675,0.119205298
Extreme_short_past_exposure,2022-11,-0.0001025882086,-7.530691627e-05,0.002567595531,1.181369132e-06,2.609992319e-05,0.002507821315,1.566218983,0.1184210526
Extreme_short_past_exposure,2022-12,0.001154831768,0.001181808869,0.003173196228,1.458063538e-06,2.55190368e-05,0.005037582699,1.568027702,0.1176470588
Extreme_short_past_exposure,2023-01,0.004335057108,0.004360915706,0.003574707178,1.180071249e-06,2.467852687e-05,0.003548778887,1.574825192,0.1168831169
Extreme_short_past_exposure,2023-02,0.005054266494,0.005079304633,0.003574707178,1.645850353e-06,2.339228912e-05,0.002695940879,1.582784778,0.1161290323
Extreme_short_past_exposure,2023-03,0.003445018025,0.003470226659,0.003774801921,5.566642585e-07,2.46519697e-05,0.002076362373,1.5882375,0.1153846154
Extreme_short_past_exposure,2023-04,0.004852494679,0.004877795081,0.003974458863,1.547204223e-06,2.375319725e-05,0.003090738366,1.595944414,0.1146496815
Extreme_short_past_exposure,2023-05,0.005306007406,0.005330095645,0.003974458863,9.811261794e-07,2.310711307e-05,0.001771034197,1.604412507,0.1139240506
Extreme_short_past_exposure,2023-06,0.007123531117,0.007147348282,0.004173680002,4.410964816e-07,2.337606829e-05,0.001634148621,1.615841589,0.1132075472
Extreme_short_past_exposure,2023-07,0.004530612545,0.004556495647,0.004173680002,2.074341477e-06,2.380876057e-05,0.004021385782,1.623162341,0.1125
Extreme_short_past_exposure,2023-08,0.004438673852,0.004474133376,0.004372467323,1.262261961e-05,2.283690386e-05,0.05840651245,1.63036703,0.1118012422
Extreme_short_past_exposure,2023-09,0.005534672536,0.005569110502,0.004372467323,1.184560145e-05,2.259236489e-05,0.05684718398,1.639390577,0.1111111111
Extreme_short_past_exposure,2023-10,0.004383300476,0.004417951092,0.004372467323,1.174842576e-05,2.290219065e-05,0.05718389662,1.646576519,0.1104294479
Extreme_short_past_exposure,2023-11,0.005017784416,0.005041401047,0.004372467323,1.439278876e-07,2.347270298e-05,0.0005654407426,1.654838685,0.1097560976
Extreme_short_past_exposure,2023-12,0.003804253333,0.00382914775,0.004372467323,1.562604866e-06,2.333181198e-05,0.003864213128,1.66113411,0.1090909091
Extreme_short_past_exposure,2024-01,0.005658711764,0.005681803564,0.004372467323,1.203826663e-06,2.188797322e-05,0.002772057162,1.67053399,0.1084337349
Extreme_short_past_exposure,2024-02,0.004791863926,0.004814789898,0.004372467323,6.551505766e-07,2.227082154e-05,0.001959896811,1.678538961,0.1077844311
Extreme_short_past_exposure,2024-03,0.004822667365,0.004845101141,0.004372467323,2.060123585e-07,2.222776386e-05,0.0006249897618,1.686633996,0.1071428571
Extreme_short_past_exposure,2024-04,0.004932647701,0.004954650423,0.004372467323,3.193196085e-07,2.168340259e-05,0.0006306421617,1.694953567,0.1065088757
Extreme_short_past_exposure,2024-05,0.004279162296,0.004301988998,0.004372467323,6.394410407e-07,2.218726126e-05,0.001558427688,1.702206549,0.1058823529
Extreme_short_past_exposure,2024-06,0.003920686234,0.003942541124,0.004372467323,3.114569144e-07,2.154343403e-05,0.00111229719,1.708880367,0.1052631579
Extreme_short_past_exposure,2024-07,0.002895057902,0.002931832763,0.004372467323,1.434034569e-05,2.243451491e-05,0.05384472532,1.713827674,0.1046511628
Extreme_short_past_exposure,2024-08,0.003858936783,0.003894956698,0.004372467323,1.371703116e-05,2.230288344e-05,0.05459805767,1.720441227,0.1040462428
Extreme_short_past_exposure,2024-09,0.005264980722,0.005287686266,0.004372467323,8.486586155e-07,2.185688538e-05,0.002884927255,1.729499317,0.1034482759
Extreme_short_past_exposure,2024-10,0.004945388682,0.00497984646,0.003974458863,1.433215434e-05,2.012562357e-05,0.05401498107,1.738052363,0.1028571429
Extreme_short_past_exposure,2024-11,0.002475730424,0.002511096575,0.003974458863,1.418660361e-05,2.117954718e-05,0.05346126316,1.742355312,0.1022727273
Extreme_short_past_exposure,2024-12,0.004808702795,0.004830694123,0.003774801921,1.43436268e-06,2.055696614e-05,0.002664982351,1.750733781,0.1016949153
Extreme_short_past_exposure,2025-01,0.004824532454,0.004858688491,0.003574707178,1.295879138e-05,2.119724568e-05,0.0516375938,1.759180253,0.1011235955
Extreme_short_past_exposure,2025-02,0.002848968849,0.00287236723,0.003574707178,1.874732183e-06,2.152364909e-05,0.002263754953,1.764192103,0.1005586592
Extreme_short_past_exposure,2025-03,0.002749638122,0.002772164239,0.003574707178,8.569212868e-07,2.16691957e-05,0.002446198241,1.769042993,0.1
Extreme_short_past_exposure,2025-04,0.003288875586,0.003311822439,0.003574707178,1.353614565e-06,2.159323886e-05,0.003598164041,1.774861155,0.09944751381
Extreme_short_past_exposure,2025-05,0.003775060342,0.003797499089,0.003574707178,1.821023731e-06,2.06177231e-05,0.004260797197,1.781561363,0.0989010989
Extreme_short_past_exposure,2025-06,0.004381011774,0.004414280278,0.003574707178,1.247690607e-05,2.07915986e-05,0.04987391037,1.789366404,0.09836065574
Extreme_short_past_exposure,2025-07,0.004117696712,0.00413890925,0.003574707178,1.444933745e-06,1.976760386e-05,0.002627919139,1.796734472,0.09782608696
Extreme_short_past_exposure,2025-08,0.004109470584,0.004130593799,0.003574707178,4.895219951e-07,2.063369313e-05,0.002142831373,1.8041181,0.0972972973
Extreme_short_past_exposure,2025-09,0.004294124932,0.004315633068,0.003574707178,1.322497553e-06,2.018563916e-05,0.002516892978,1.811865208,0.09677419355
Extreme_short_past_exposure,2025-10,0.004122312884,0.00414269048,0.003374172623,8.861188538e-07,1.949147646e-05,0.001212791375,1.819334284,0.09625668449
Extreme_short_past_exposure,2025-11,0.004125911808,0.004146115362,0.003173196228,3.70383678e-07,1.98331702e-05,0.001756091879,1.826840696,0.09574468085
Extreme_short_past_exposure,2025-12,0.002669149565,0.002701784269,0.003173196228,1.253265871e-05,2.010204541e-05,0.04877289558,1.831716808,0.09523809524
Extreme_short_past_exposure,2026-01,0.003513320332,0.003534284966,0.002971775953,6.302501094e-07,2.033438403e-05,0.001676157895,1.838152215,0.09473684211
Extreme_short_past_exposure,2026-02,0.003893272511,0.003914597695,0.002971775953,2.039081985e-06,1.928610137e-05,0.0036832741,1.845308643,0.0942408377
Extreme_short_past_exposure,2026-03,0.004249529466,0.004269227412,0.002971775953,8.784887055e-07,1.881945698e-05,0.001720065168,1.853150336,0.09375
Extreme_short_past_exposure,2026-04,0.003821656589,0.003842030413,0.002971775953,5.096296502e-07,1.98641948e-05,0.001929482883,1.860232441,0.0932642487
Extreme_short_past_exposure,2026-05,0.003129057232,0.00315010452,0.002971775953,1.854812438e-06,1.919247558e-05,0.003166099434,1.866053214,0.09278350515
Extreme_short_past_exposure,2026-06,0.00388678957,0.003905480723,0.002971775953,1.271446759e-07,1.856400828e-05,0.0005123501327,1.873306171,0.09230769231
Extreme_short_past_exposure,2026-07,0.003398663208,0.003418864713,0.002971775953,7.662294555e-07,1.943527576e-05,0.002053985351,1.879672907,0.09183673469
Extreme_short_past_exposure,2026-08,0.002846146397,0.002905002067,0.002971775953,3.98055906e-05,1.905007858e-05,0.09363004933,1.885022732,0.09137055838
Extreme_short_expost_exposure,2010-03,0.00180430821,0.001858562001,0.0001041070355,3.6e-05,1.825379074e-05,0.09,1.35424552,0.09
Extreme_short_expost_exposure,2010-04,0.001777476976,0.001796879182,0.0001041070355,8.71506538e-07,1.853069905e-05,0.001969556598,1.35665266,0.09
Extreme_short_expost_exposure,2010-05,-0.00108166456,-0.001062263324,0.0001041070355,1.05581395e-06,1.834542166e-05,0.001689768621,1.355185217,0.09
Extreme_short_expost_exposure,2010-06,0.0005901235699,0.0006108074708,0.0001041070355,1.65966442e-06,1.902423646e-05,0.004520610853,1.355984943,0.09
Extreme_short_expost_exposure,2010-07,-0.000289632808,-0.0002693919831,0.0001041070355,6.726296235e-07,1.956819533e-05,0.001930427401,1.355592206,0.09
Extreme_short_expost_exposure,2010-08,-0.000352290467,-0.0003232852453,0.0001041070355,1.028309102e-05,1.872213068e-05,0.04859457907,1.355114644,0.09
Extreme_short_expost_exposure,2010-09,-0.0001973405708,-0.0001772276664,0.0001041070355,5.182394506e-07,1.959466497e-05,0.001933742918,1.354847224,0.09
Extreme_short_expost_exposure,2010-10,-0.0006294262784,-0.0006086499244,0.0001041070355,1.585220596e-06,1.919113346e-05,0.003805257826,1.353994448,0.09
Extreme_short_expost_exposure,2010-11,0.002265300258,0.002283517167,0.0001041070355,3.976810853e-07,1.781922799e-05,0.001476138531,1.357061652,0.09
Extreme_short_expost_exposure,2010-12,0.0009468923996,0.0009779575226,0.0001041070355,1.17589985e-05,1.930612448e-05,0.04729798702,1.358346643,0.09
Extreme_short_expost_exposure,2011-01,0.0005466971916,0.0005672011038,0.0001041070355,1.618770404e-06,1.888514178e-05,0.003467849783,1.359089248,0.09
Extreme_short_expost_exposure,2011-02,0.0008081892624,0.0008275287766,0.0001041070355,4.594645201e-07,1.888004961e-05,0.001667662341,1.360187649,0.09
Extreme_short_expost_exposure,2011-03,0.0005522136489,0.0005717842739,0.0001041070355,6.711676105e-07,1.889945745e-05,0.001286616986,1.360938763,0.09
Extreme_short_expost_exposure,2011-04,0.0005616595868,0.0005819073234,0.0001041070355,8.846000383e-07,1.936313656e-05,0.001664881598,1.361703147,0.09
Extreme_short_expost_exposure,2011-05,0.0004042364674,0.0004241035169,0.0001041070355,1.449288712e-06,1.841776078e-05,0.00338057187,1.362253598,0.09
Extreme_short_expost_exposure,2011-06,-0.000401597797,-0.000382165513,0.0001041070355,5.150504082e-07,1.891723364e-05,0.001610905127,1.361706519,0.09
Extreme_short_expost_exposure,2011-07,-0.0003881180345,-0.0003684068759,0.0001041070355,7.381284155e-07,1.897303023e-05,0.001463722681,1.361178017,0.09
Extreme_short_expost_exposure,2011-08,-0.0006142237896,-0.0005949011442,0.0001041070355,3.193936465e-07,1.900325185e-05,0.0012238764,1.360341949,0.09
Extreme_short_expost_exposure,2011-09,-0.003371207227,-0.003343597029,0.0001041070355,9.326851453e-06,1.828334722e-05,0.0459281084,1.355755954,0.09
Extreme_short_expost_exposure,2011-10,0.003722950375,0.00374534136,0.0001041070355,3.504562531e-06,1.888642226e-05,0.005381709784,1.360803366,0.09
Extreme_short_expost_exposure,2011-11,-0.002158182118,-0.002136581495,0.0001041070355,2.998793373e-06,1.860183059e-05,0.004790055882,1.357866505,0.09
Extreme_short_expost_exposure,2011-12,-0.000313288622,-0.0002928464943,0.0001041070355,1.796760267e-06,1.864536737e-05,0.003134066186,1.357441101,0.09
Extreme_short_expost_exposure,2012-01,0.001718200217,0.001746698164,0.0001041070355,9.445309429e-06,1.905263736e-05,0.04539707793,1.359773456,0.09
Extreme_short_expost_exposure,2012-02,0.00210374037,0.002124337159,0.0001041070355,2.1129526e-06,1.848383637e-05,0.002947933878,1.362634067,0.09
Extreme_short_expost_exposure,2012-03,-0.0008100863759,-0.0007904656697,0.0001041070355,1.131470374e-06,1.848923579e-05,0.002841017572,1.361530215,0.09
Extreme_short_expost_exposure,2012-04,-0.0012215385,-0.001201201855,0.0001041070355,1.460898447e-06,1.887574722e-05,0.002062728886,1.359867054,0.09
Extreme_short_expost_exposure,2012-05,-0.001660022983,-0.001640843478,0.0001041070355,8.42322628e-07,1.833718232e-05,0.001721617339,1.357609643,0.09
Extreme_short_expost_exposure,2012-06,0.0005912979881,0.0006120923393,0.0001041070355,1.996398638e-06,1.879795256e-05,0.004430688677,1.358412395,0.09
Extreme_short_expost_exposure,2012-07,0.0009970543959,0.001016395556,0.0001041070355,6.563431906e-07,1.868481707e-05,0.001726141938,1.359766806,0.09
Extreme_short_expost_exposure,2012-08,0.00038848342,0.0004079686443,0.0001041070355,5.210693476e-07,1.896415496e-05,0.001649527395,1.360295053,0.09
Extreme_short_expost_exposure,2012-09,-0.0001142573879,-9.470732607e-05,0.0001041070355,4.607968407e-07,1.908926494e-05,0.001483671207,1.360139629,0.09
Extreme_short_expost_exposure,2012-10,0.00045595131,0.0004750668632,0.0001041070355,5.837404135e-07,1.853181287e-05,0.001443629447,1.360759787,0.09
Extreme_short_expost_exposure,2012-11,6.165364062e-07,1.93737537e-05,0.0001041070355,3.306120483e-07,1.842660525e-05,0.001114194026,1.360760625,0.09
Extreme_short_expost_exposure,2012-12,0.002012613947,0.002032049433,0.0001041070355,9.083271003e-07,1.852715886e-05,0.001633859729,1.363499311,0.09
Extreme_short_expost_exposure,2013-01,0.002046011183,0.002065674246,0.0001041070355,1.165238223e-06,1.849782509e-05,0.00255302499,1.366289046,0.09
Extreme_short_expost_exposure,2013-02,0.001166662806,0.001186314137,0.0001041070355,1.315090456e-06,1.833624077e-05,0.003077396121,1.367883045,0.09
Extreme_short_expost_exposure,2013-03,0.000580630793,0.0005994778079,0.0001041070355,5.445974836e-07,1.830241739e-05,0.001539226488,1.36867728,0.09
Extreme_short_expost_exposure,2013-04,0.0004341499348,0.0004534113302,0.0001041070355,6.074142445e-07,1.865398119e-05,0.001701255168,1.369271491,0.09
Extreme_short_expost_exposure,2013-05,-0.000495814608,-0.0004770173638,0.0001041070355,3.64969472e-07,1.84322748e-05,0.001315518619,1.368592586,0.09
Extreme_short_expost_exposure,2013-06,-0.001417137996,-0.001396867373,0.0001041070355,1.335243787e-06,1.893537969e-05,0.002060018568,1.366653102,0.09
Extreme_short_expost_exposure,2013-07,-0.0005591875393,-0.0005393347277,0.0001041070355,8.679320996e-07,1.898487946e-05,0.001503104515,1.365888886,0.09
Extreme_short_expost_exposure,2013-08,-0.0004144516678,-0.0003948901161,0.0001041070355,8.687594328e-07,1.869279227e-05,0.00171669633,1.365322791,0.09
Extreme_short_expost_exposure,2013-09,0.001366924027,0.001386472759,0.0001041070355,5.447100893e-07,1.900402156e-05,0.0007338696131,1.367189084,0.09
Extreme_short_expost_exposure,2013-10,0.000597897951,0.0006181348334,0.0001041070355,1.454254907e-06,1.878262749e-05,0.00237811255,1.368006523,0.09
Extreme_short_expost_exposure,2013-11,-0.0003072751402,-0.0002880819055,0.0001041070355,8.352374629e-07,1.835799723e-05,0.001238626853,1.367586169,0.09
Extreme_short_expost_exposure,2013-12,0.0005785680622,0.0005985103722,0.0001041070355,1.30601227e-06,1.863629771e-05,0.002244244878,1.368377411,0.09
Extreme_short_expost_exposure,2014-01,-0.0009298762822,-0.0009105290353,0.0001041070355,5.327783663e-07,1.881446857e-05,0.001525215817,1.367104989,0.09
Extreme_short_expost_exposure,2014-02,0.0008651164326,0.0008958743938,0.0001041070355,1.176627474e-05,1.89916865e-05,0.0460839808,1.368287694,0.09
Extreme_short_expost_exposure,2014-03,0.001381809652,0.001401725407,0.0001041070355,1.317297735e-06,1.8598457e-05,0.001875051711,1.370178407,0.09
Extreme_short_expost_exposure,2014-04,0.0003108475858,0.0003305485336,0.0001041070355,8.434444105e-07,1.885750335e-05,0.001295827784,1.370604324,0.09
Extreme_short_expost_exposure,2014-05,0.001057962061,0.00107701936,0.0001041070355,3.892950918e-07,1.866800308e-05,0.0007159199236,1.372054371,0.09
Extreme_short_expost_exposure,2014-06,0.0007917808378,0.0008112283691,0.0001041070355,6.326958001e-07,1.881483553e-05,0.001322296913,1.373140737,0.09
Extreme_short_expost_exposure,2014-07,2.65140666e-05,4.552371771e-05,0.0001041070355,5.906285535e-07,1.841902256e-05,0.0009489151389,1.373177145,0.09
Extreme_short_expost_exposure,2014-08,0.001087999534,0.001107154143,0.0001041070355,6.35215617e-07,1.851939375e-05,0.00165115055,1.374671161,0.09
Extreme_short_expost_exposure,2014-09,-1.945815278e-05,-1.218302289e-06,0.0001041070355,4.14774756e-07,1.782507573e-05,0.001001956979,1.374644412,0.09
Extreme_short_expost_exposure,2014-10,0.0006116923843,0.0006324872887,0.0001041070355,2.270610633e-06,1.85242937e-05,0.004544392968,1.375485272,0.09
Extreme_short_expost_exposure,2014-11,0.0004845393616,0.0005030619855,0.0001041070355,3.091556319e-07,1.821346829e-05,0.0009259866183,1.376151749,0.09
Extreme_short_expost_exposure,2014-12,0.0005848634421,0.0006147244867,0.0001041070355,1.174802853e-05,1.811301612e-05,0.04477772634,1.37695661,0.09
Extreme_short_expost_exposure,2015-01,0.001319062086,0.001337717552,0.0001041070355,1.166893422e-06,1.748857338e-05,0.002605320326,1.378772901,0.09
Extreme_short_expost_exposure,2015-02,-0.0008466411971,-0.0008267658703,0.0001041070355,1.24119771e-06,1.863412909e-05,0.00511131036,1.377605575,0.09
Extreme_short_expost_exposure,2015-03,-0.0009487624298,-0.0009289866146,0.0001041070355,1.751684403e-06,1.802413077e-05,0.002276738374,1.376298555,0.09
Extreme_short_expost_exposure,2015-04,0.002111050079,0.002133294507,0.0001041070355,2.737472242e-06,1.950695548e-05,0.00444690382,1.37920399,0.09
Extreme_short_expost_exposure,2015-05,-0.0007685830083,-0.0007471803189,0.0001041070355,3.063377404e-06,1.833931207e-05,0.005443516883,1.378143957,0.09
Extreme_short_expost_exposure,2015-06,-0.0003657505556,-0.0003450459052,0.0001041070355,1.463908354e-06,1.92407421e-05,0.002772070022,1.3776399,0.09
Extreme_short_expost_exposure,2015-07,-0.001176797223,-0.001157738709,0.0001041070355,9.205892347e-07,1.813792451e-05,0.00192268347,1.376018697,0.09
Extreme_short_expost_exposure,2015-08,-0.002512245734,-0.002490945653,0.0001041070355,2.16744729e-06,1.913263392e-05,0.004115056068,1.3725618,0.09
Extreme_short_expost_exposure,2015-09,-0.002226453698,-0.002206026186,0.0001041070355,1.603110602e-06,1.882440157e-05,0.002601588518,1.369505855,0.09
Extreme_short_expost_exposure,2015-10,0.002181747178,0.002202155267,0.0001041070355,1.94807609e-06,1.846001339e-05,0.002315288103,1.37249377,0.09
Extreme_short_expost_exposure,2015-11,0.001573371557,0.001592739094,0.0001041070355,1.187371469e-06,1.818016556e-05,0.002093480786,1.374653213,0.09
Extreme_short_expost_exposure,2015-12,-0.002480029056,-0.002459911768,0.0001041070355,8.030248057e-07,1.931426316e-05,0.002190053343,1.371244033,0.09
Extreme_short_expost_exposure,2016-01,-2.01086185e-05,-6.011700167e-07,0.0003119641739,8.603481851e-07,1.86471003e-05,0.002570393454,1.371216459,0.09
Extreme_short_expost_exposure,2016-02,0.001877498219,0.001896671507,0.0003119641739,4.517556693e-07,1.872153187e-05,0.000954972804,1.373790916,0.09
Extreme_short_expost_exposure,2016-03,0.001662350449,0.001682869701,0.0003119641739,8.107362461e-07,1.970851507e-05,0.001581737623,1.376074638,0.09
Extreme_short_expost_exposure,2016-04,0.001965886215,0.00198802682,0.0003119641739,3.303197184e-06,1.883740789e-05,0.005780919981,1.378779844,0.09
Extreme_short_expost_exposure,2016-05,0.0004206901026,0.0004401562614,0.0003119641739,1.246102053e-06,1.822005671e-05,0.001913283888,1.379359883,0.09
Extreme_short_expost_exposure,2016-06,0.003605580753,0.003624942363,0.0003119641739,8.309172479e-07,1.853069228e-05,0.002485192893,1.384333276,0.09
Extreme_short_expost_exposure,2016-07,0.0001443790761,0.0001657567387,0.0003119641739,2.749442385e-06,1.862822019e-05,0.003301075893,1.384533145,0.09
Extreme_short_expost_exposure,2016-08,0.000834203122,0.0008533019587,0.0003119641739,2.660527272e-07,1.883278396e-05,0.0008002700014,1.385688127,0.09
Extreme_short_expost_exposure,2016-09,0.0005305424845,0.0005498681689,0.0003119641739,6.295193571e-07,1.869616502e-05,0.000828950829,1.386423293,0.09
Extreme_short_expost_exposure,2016-10,0.002028895082,0.002047324845,0.0003119641739,2.683710736e-07,1.816139168e-05,0.0005325536902,1.389236201,0.09
Extreme_short_expost_exposure,2016-11,0.0001882186688,0.0002076787115,0.0003119641739,1.138919003e-06,1.832112374e-05,0.002594657236,1.389497681,0.09
Extreme_short_expost_exposure,2016-12,0.001355188595,0.001375413453,0.0003119641739,1.444779456e-06,1.878007824e-05,0.002271215404,1.391380712,0.09
Extreme_short_expost_exposure,2017-01,0.001274143772,0.001294729415,0.0005193472934,1.351741987e-06,1.923390042e-05,0.001821784046,1.393153531,0.09
Extreme_short_expost_exposure,2017-02,0.001632257658,0.001652240515,0.0005193472934,1.62127023e-06,1.836158691e-05,0.002944964647,1.395427517,0.09
Extreme_short_expost_exposure,2017-03,-0.0004567893205,-0.0004371665402,0.0005193472934,6.714349036e-07,1.895134545e-05,0.001617983348,1.394790101,0.09
Extreme_short_expost_exposure,2017-04,-0.0004215488661,-0.0004020654527,0.0007262586484,4.133651104e-07,1.907004832e-05,0.0009569509585,1.394202128,0.09
Extreme_short_expost_exposure,2017-05,-0.0001921304977,-0.0001726061566,0.0007262586484,3.974729139e-07,1.912686821e-05,0.001370785671,1.39393426,0.09
Extreme_short_expost_exposure,2017-06,0.0004776506663,0.0004974263088,0.0007262586484,5.917586529e-07,1.918388389e-05,0.001531608017,1.394600073,0.09
Extreme_short_expost_exposure,2017-07,0.001675509181,0.001695423767,0.0009327004774,5.486002108e-07,1.936598649e-05,0.001991627653,1.396936739,0.09
Extreme_short_expost_exposure,2017-08,4.839675541e-05,6.919018479e-05,0.0009327004774,1.826422579e-06,1.89670068e-05,0.003527800211,1.397004346,0.09
Extreme_short_expost_exposure,2017-09,0.001797936564,0.001816731039,0.0009327004774,2.367924798e-07,1.855768225e-05,0.0008634685035,1.399516071,0.09
Extreme_short_expost_exposure,2017-10,0.000588873927,0.0006075479868,0.0009327004774,2.786233783e-07,1.839543649e-05,0.000973630036,1.400340209,0.09
Extreme_short_expost_exposure,2017-11,0.0007435836831,0.0007633267168,0.0009327004774,8.256007604e-07,1.891743295e-05,0.002111975804,1.40138148,0.09
Extreme_short_expost_exposure,2017-12,0.0006426980738,0.0006620061036,0.0009327004774,2.559422677e-07,1.90520875e-05,0.0005972778691,1.402282145,0.09
Extreme_short_expost_exposure,2018-01,0.0009294994656,0.0009495720837,0.001138675003,5.181032221e-07,1.955451485e-05,0.001516565055,1.403585565,0.09
Extreme_short_expost_exposure,2018-02,0.001410979966,0.001430835472,0.001138675003,1.769836029e-06,1.808567003e-05,0.003550325666,1.405565996,0.09
Extreme_short_expost_exposure,2018-03,0.0005590572372,0.0005789116176,0.001138675003,1.116670415e-06,1.873771002e-05,0.003051867876,1.406351788,0.09
Extreme_short_expost_exposure,2018-04,0.001908292241,0.001927064918,0.00134418443,5.791596379e-07,1.819351665e-05,0.001056192247,1.409035518,0.09
Extreme_short_expost_exposure,2018-05,0.0008685967153,0.0008882431326,0.00134418443,1.282017138e-06,1.836440013e-05,0.002367245179,1.410259402,0.09
Extreme_short_expost_exposure,2018-06,0.0006630103936,0.0006832176384,0.00134418443,1.688025475e-06,1.851921932e-05,0.002468640394,1.411194419,0.09
Extreme_short_expost_exposure,2018-07,0.002019493447,0.002039453799,0.001549230951,9.04556836e-07,1.905579502e-05,0.0018605227,1.414044317,0.09
Extreme_short_expost_exposure,2018-08,0.0004065451719,0.0004258592269,0.001549230951,1.018398941e-06,1.8295656e-05,0.00173836542,1.414619189,0.09
Extreme_short_expost_exposure,2018-09,0.002197786354,0.002219278243,0.001549230951,2.581134346e-06,1.891075537e-05,0.0033957393,1.41772822,0.09
Extreme_short_expost_exposure,2018-10,0.004819113555,0.004838464517,0.00175381674,1.100365641e-06,1.825059684e-05,0.00160968229,1.424560413,0.09
Extreme_short_expost_exposure,2018-11,0.0003489582539,0.0003701893142,0.00175381674,2.338374699e-06,1.889268566e-05,0.003615616615,1.425057526,0.09
Extreme_short_expost_exposure,2018-12,0.0007420520205,0.0007619456393,0.00175381674,9.337810929e-07,1.89598377e-05,0.001383144766,1.426114992,0.09
Extreme_short_expost_exposure,2019-01,0.004401681391,0.004420633043,0.001957943956,2.466172109e-07,1.870503471e-05,0.0009911356266,1.432392296,0.09
Extreme_short_expost_exposure,2019-02,0.002096496365,0.002116655841,0.001957943956,1.625977168e-06,1.853349871e-05,0.00245189662,1.435395301,0.09
Extreme_short_expost_exposure,2019-03,0.001380238914,0.001399357735,0.001957943956,5.894362375e-07,1.852938477e-05,0.001091052795,1.43737649,0.09
Extreme_short_expost_exposure,2019-04,0.002395008185,0.002414588613,0.001957943956,1.067394632e-06,1.851303263e-05,0.001763429907,1.440819018,0.09
Extreme_short_expost_exposure,2019-05,0.001841994769,0.001860923644,0.001957943956,2.943729931e-07,1.863450212e-05,0.0009183176427,1.443472999,0.09
Extreme_short_expost_exposure,2019-06,0.002787616339,0.00280721959,0.001957943956,3.996315086e-07,1.920361982e-05,0.0008399065735,1.447496848,0.09
Extreme_short_expost_exposure,2019-07,0.003354483623,0.003374190984,0.001957943956,1.421841345e-06,1.828551939e-05,0.002743135175,1.452352453,0.09
Extreme_short_expost_exposure,2019-08,0.0006610510693,0.0006801023079,0.001957943956,6.443933173e-07,1.840684531e-05,0.001707526682,1.453312532,0.09
Extreme_short_expost_exposure,2019-09,0.002235688496,0.002256521997,0.00175381674,2.208978686e-06,1.862452176e-05,0.003006502911,1.456561686,0.09
Extreme_short_expost_exposure,2019-10,0.001810511551,0.001829814825,0.001549230951,1.452012628e-07,1.915807277e-05,0.0005015838713,1.459198808,0.09
Extreme_short_expost_exposure,2019-11,9.078360554e-05,0.0001107203293,0.00134418443,1.255815551e-06,1.868090819e-05,0.002043870315,1.459331279,0.09
Extreme_short_expost_exposure,2019-12,0.002040588233,0.002061176144,0.00134418443,1.359282543e-06,1.92286276e-05,0.001949817212,1.462309173,0.09
Extreme_short_expost_exposure,2020-01,0.0009421144602,0.0009619616727,0.00134418443,1.599665501e-06,1.824754698e-05,0.002796171499,1.463686836,0.09
Extreme_short_expost_exposure,2020-02,0.0002989132554,0.0003192023341,0.00134418443,1.663699814e-06,1.862537897e-05,0.002903575504,1.464124351,0.09
Extreme_short_expost_exposure,2020-03,-0.002963295394,-0.002932220097,0.00134418443,1.232496528e-05,1.875033178e-05,0.0463620607,1.459785718,0.09
Extreme_short_expost_exposure,2020-04,-0.0002162882567,-0.000194191105,0.0001041070355,3.240698816e-06,1.885645284e-05,0.004289114441,1.459469984,0.09
Extreme_short_expost_exposure,2020-05,0.0001030757276,0.0001229355647,0.0001041070355,9.368074644e-07,1.892302955e-05,0.001926978243,1.45962042,0.09
Extreme_short_expost_exposure,2020-06,-0.0001950794643,-0.0001759704137,0.0001041070355,3.616967945e-07,1.874735383e-05,0.001070591114,1.459335678,0.09
Extreme_short_expost_exposure,2020-07,-5.554282056e-05,-3.557414156e-05,0.0001041070355,4.215549025e-07,1.95471241e-05,0.0006761512326,1.459254622,0.09
Extreme_short_expost_exposure,2020-08,-0.0002758728625,-0.0002553550353,0.0001041070355,1.783597482e-06,1.873422974e-05,0.003669213546,1.458852054,0.09
Extreme_short_expost_exposure,2020-09,-0.0009760007403,-0.000956202157,0.0001041070355,1.211608314e-06,1.858697496e-05,0.002008290369,1.457428213,0.09
Extreme_short_expost_exposure,2020-10,-0.0003799053655,-0.000359959923,0.0001041070355,1.104281818e-06,1.884116069e-05,0.001911058995,1.456874528,0.09
Extreme_short_expost_exposure,2020-11,0.00213116653,0.002150674538,0.0001041070355,4.929701342e-07,1.901503779e-05,0.000839434105,1.45997937,0.09
Extreme_short_expost_exposure,2020-12,0.0001948902403,0.0002161975412,0.0001041070355,2.230913599e-06,1.907638733e-05,0.003099998982,1.460263906,0.09
Extreme_short_expost_exposure,2021-01,-0.0005523045469,-0.0005330721001,0.0001041070355,7.295909428e-07,1.850285582e-05,0.001640427446,1.459457396,0.09
Extreme_short_expost_exposure,2021-02,0.0006975226981,0.0007173971316,0.0001041070355,1.276971372e-06,1.859746216e-05,0.001794559984,1.4604754,0.09
Extreme_short_expost_exposure,2021-03,0.0008778936147,0.0008961166656,0.0001041070355,1.610162292e-07,1.806203466e-05,0.0006769354557,1.461757542,0.09
Extreme_short_expost_exposure,2021-04,0.001382931441,0.001403443628,0.0001041070355,1.316810577e-06,1.919537683e-05,0.002722227588,1.463779053,0.09
Extreme_short_expost_exposure,2021-05,0.000942837671,0.000963648714,0.0001041070355,2.029917752e-06,1.878112527e-05,0.003287091964,1.465159159,0.09
Extreme_short_expost_exposure,2021-06,0.00156947877,0.001588562642,0.0001041070355,6.570623719e-07,1.842680945e-05,0.001240210452,1.467458695,0.09
Extreme_short_expost_exposure,2021-07,-0.0007275339865,-0.0007071714466,0.0001041070355,1.526668768e-06,1.88358712e-05,0.002695997643,1.466391069,0.09
Extreme_short_expost_exposure,2021-08,-0.0003014493079,-0.0002821852896,0.0001041070355,5.723102842e-07,1.869170802e-05,0.0008118691444,1.465949026,0.09
Extreme_short_expost_exposure,2021-09,-7.518774724e-05,-5.647517633e-05,0.0001041070355,3.467832771e-07,1.836578763e-05,0.0006595132146,1.465838805,0.09
Extreme_short_expost_exposure,2021-10,0.0002332336382,0.0002529472566,0.0001041070355,1.066478675e-06,1.864713971e-05,0.002017898547,1.466180688,0.09
Extreme_short_expost_exposure,2021-11,-5.472943209e-05,-3.505423041e-05,0.0001041070355,1.063854522e-06,1.861134716e-05,0.002023633922,1.466100445,0.09
Extreme_short_expost_exposure,2021-12,0.001046052487,0.001065151133,0.0001041070355,5.659434731e-07,1.853270326e-05,0.001773113093,1.467634063,0.09
Extreme_short_expost_exposure,2022-01,0.001381060566,0.001400058527,0.0001041070355,4.153961957e-07,1.858256501e-05,0.0009600398459,1.469660954,0.09
Extreme_short_expost_exposure,2022-02,0.001174093365,0.001193931415,0.0001041070355,1.053622921e-06,1.87844276e-05,0.001523836265,1.471386473,0.09
Extreme_short_expost_exposure,2022-03,0.003892111739,0.003911406894,0.0001041070355,1.112109343e-06,1.818304559e-05,0.001190188523,1.477113274,0.09
Extreme_short_expost_exposure,2022-04,0.001551480934,0.001580477097,0.0003119641739,1.131325442e-05,1.768290846e-05,0.04879253887,1.479404987,0.09
Extreme_short_expost_exposure,2022-05,0.0005475733688,0.0005677178239,0.0003119641739,1.110971446e-06,1.903348361e-05,0.004005491276,1.48021507,0.09
Extreme_short_expost_exposure,2022-06,0.0005039819117,0.0005318905348,0.0007262586484,9.997636077e-06,1.791098701e-05,0.04654644651,1.480961071,0.09
Extreme_short_expost_exposure,2022-07,0.00194103584,0.001962088603,0.00134418443,2.29847685e-06,1.875428569e-05,0.004283968518,1.48383567,0.09
Extreme_short_expost_exposure,2022-08,0.003106294637,0.003125126914,0.001957943956,5.987433868e-07,1.823353296e-05,0.001365737258,1.488444901,0.09
Extreme_short_expost_exposure,2022-09,0.001637788854,0.001656555365,0.001957943956,6.374200225e-07,1.812909092e-05,0.002120271871,1.490882659,0.09
Extreme_short_expost_exposure,2022-10,0.003529168438,0.003549173676,0.002567595531,1.349289707e-06,1.86559477e-05,0.003425018415,1.496144235,0.09
Extreme_short_expost_exposure,2022-11,0.0005384308013,0.000558989671,0.002567595531,7.229280825e-07,1.983594162e-05,0.001611855703,1.496949805,0.09
Extreme_short_expost_exposure,2022-12,0.001629413624,0.001649784898,0.003173196228,8.492107034e-07,1.952206315e-05,0.003180590899,1.499388956,0.09
Extreme_short_expost_exposure,2023-01,0.004160429696,0.004180087745,0.003574707178,6.555834446e-07,1.900246569e-05,0.002106594474,1.505627058,0.09
Extreme_short_expost_exposure,2023-02,0.004721599695,0.004740770206,0.003574707178,1.041487247e-06,1.812902407e-05,0.001511140693,1.512736026,0.09
Extreme_short_expost_exposure,2023-03,0.003517354197,0.003537233217,0.003774801921,6.50483558e-07,1.922853637e-05,0.002157028431,1.518056855,0.09
Extreme_short_expost_exposure,2023-04,0.00466395668,0.004683577794,0.003974458863,9.74854494e-07,1.864625984e-05,0.001830907627,1.525137006,0.09
Extreme_short_expost_exposure,2023-05,0.005026497541,0.005045411921,0.003974458863,6.597610852e-07,1.825461933e-05,0.001390522745,1.532803104,0.09
Extreme_short_expost_exposure,2023-06,0.006518634644,0.006537746285,0.004173680002,5.276657887e-07,1.858397429e-05,0.001645684642,1.542794887,0.09
Extreme_short_expost_exposure,2023-07,0.004459388042,0.004479932518,0.004173680002,1.497467564e-06,1.904700846e-05,0.002944548053,1.549674808,0.09
Extreme_short_expost_exposure,2023-08,0.004425991775,0.004454308495,0.004372467323,9.933012493e-06,1.838370761e-05,0.04645219111,1.556533656,0.09
Extreme_short_expost_exposure,2023-09,0.005313690882,0.005341748298,0.004372467323,9.757600054e-06,1.829981556e-05,0.04631698712,1.564804595,0.09
Extreme_short_expost_exposure,2023-10,0.004381139999,0.004409536595,0.004372467323,9.731310816e-06,1.866528538e-05,0.04686162319,1.571660223,0.09
Extreme_short_expost_exposure,2023-11,0.004901526318,0.004920992977,0.004372467323,2.190417993e-07,1.924761645e-05,0.0006722931298,1.579363757,0.09
Extreme_short_expost_exposure,2023-12,0.003903912488,0.003924228675,0.004372467323,1.067442046e-06,1.924874488e-05,0.002633915893,1.585529455,0.09
Extreme_short_expost_exposure,2024-01,0.005440276746,0.005459216403,0.004372467323,7.72638686e-07,1.816701777e-05,0.001735670832,1.594155174,0.09
Extreme_short_expost_exposure,2024-02,0.004722478765,0.004741806673,0.004372467323,7.317720462e-07,1.859613598e-05,0.002046975957,1.601683538,0.09
Extreme_short_expost_exposure,2024-03,0.004750641268,0.00476947973,0.004372467323,1.671405027e-07,1.867132165e-05,0.0006444250487,1.609292561,0.09
Extreme_short_expost_exposure,2024-04,0.004845951961,0.004864412043,0.004372467323,1.376067027e-07,1.832247519e-05,0.000402703263,1.617091116,0.09
Extreme_short_expost_exposure,2024-05,0.004292952523,0.004312560747,0.004372467323,7.490512789e-07,1.885917207e-05,0.001838677466,1.624033211,0.09
Extreme_short_expost_exposure,2024-06,0.003986097708,0.004004880423,0.004372467323,3.630788571e-07,1.841963609e-05,0.0009096158264,1.630506766,0.09
Extreme_short_expost_exposure,2024-07,0.003101752671,0.003133521601,0.004372467323,1.247524747e-05,1.929368283e-05,0.04651427337,1.635564195,0.09
Extreme_short_expost_exposure,2024-08,0.003928226688,0.003959420632,0.004372467323,1.190194984e-05,1.929199417e-05,0.04694465439,1.641989062,0.09
Extreme_short_expost_exposure,2024-09,0.005149167641,0.005168707804,0.004372467323,5.246720882e-07,1.901549028e-05,0.001971872471,1.650443939,0.09
Extreme_short_expost_exposure,2024-10,0.004824231272,0.00485417301,0.003974458863,1.233181777e-05,1.760992062e-05,0.04674646047,1.658406062,0.09
Extreme_short_expost_exposure,2024-11,0.002655447044,0.002686700049,0.003974458863,1.261500429e-05,1.863800152e-05,0.04728481911,1.662809872,0.09
Extreme_short_expost_exposure,2024-12,0.004689654238,0.00470926652,0.003774801921,1.419367443e-06,1.819291503e-05,0.002607021665,1.670607875,0.09
Extreme_short_expost_exposure,2025-01,0.004686904728,0.004717450546,0.003574707178,1.168027006e-05,1.886554865e-05,0.04619969908,1.678437855,0.09
Extreme_short_expost_exposure,2025-02,0.002925294949,0.002946112925,0.003574707178,1.554309875e-06,1.926366594e-05,0.001919727984,1.683347781,0.09
Extreme_short_expost_exposure,2025-03,0.002832364765,0.002852418533,0.003574707178,5.514913986e-07,1.950227613e-05,0.001682369548,1.688115636,0.09
Extreme_short_expost_exposure,2025-04,0.00331625092,0.00333679649,0.003574707178,1.00368872e-06,1.954188117e-05,0.002733459576,1.693713851,0.09
Extreme_short_expost_exposure,2025-05,0.00375724891,0.003777447817,0.003574707178,1.436778764e-06,1.876212802e-05,0.003358968613,1.700077555,0.09
Extreme_short_expost_exposure,2025-06,0.004312435424,0.004342916565,0.003574707178,1.145682765e-05,1.902431272e-05,0.04558674845,1.70740903,0.09
Extreme_short_expost_exposure,2025-07,0.00407440959,0.004093773084,0.003574707178,1.177299114e-06,1.818619555e-05,0.002163200967,1.714365714,0.09
Extreme_short_expost_exposure,2025-08,0.004069172705,0.004088902302,0.003574707178,6.434306222e-07,1.908616615e-05,0.00245411728,1.721341764,0.09
Extreme_short_expost_exposure,2025-09,0.004243964364,0.004263768256,0.003574707178,1.031248023e-06,1.877264442e-05,0.001847941166,1.728647077,0.09
Extreme_short_expost_exposure,2025-10,0.004073818093,0.004092736819,0.003374172623,6.94194904e-07,1.822453049e-05,0.0009550804434,1.735689271,0.09
Extreme_short_expost_exposure,2025-11,0.004068605749,0.004087740214,0.003173196228,4.912842885e-07,1.864317999e-05,0.002071623855,1.742751106,0.09
Extreme_short_expost_exposure,2025-12,0.002697016562,0.002727711927,0.003173196228,1.169893238e-05,1.899643291e-05,0.04584913848,1.747451335,0.09
Extreme_short_expost_exposure,2026-01,0.003486162951,0.003506159516,0.002971775953,6.788999585e-07,1.931766483e-05,0.001583925189,1.753543235,0.09
Extreme_short_expost_exposure,2026-02,0.003852014541,0.003872170716,0.002971775953,1.737948272e-06,1.841822681e-05,0.003030423824,1.760297909,0.09
Extreme_short_expost_exposure,2026-03,0.004198458564,0.004217329354,0.002971775953,8.041109223e-07,1.80666787e-05,0.001875264896,1.767688447,0.09
Extreme_short_expost_exposure,2026-04,0.003791717039,0.003811571507,0.002971775953,6.855206589e-07,1.916894798e-05,0.002314165566,1.774391021,0.09
Extreme_short_expost_exposure,2026-05,0.003124544044,0.003144754663,0.002971775953,1.593917421e-06,1.861670131e-05,0.002594130101,1.779935184,0.09
Extreme_short_expost_exposure,2026-06,0.003863812995,0.003882138103,0.002971775953,2.252005329e-07,1.809990807e-05,0.0007026070207,1.786812521,0.09
Extreme_short_expost_exposure,2026-07,0.003389934995,0.003409922938,0.002971775953,9.413728748e-07,1.904657025e-05,0.002459815805,1.792869699,0.09
Extreme_short_expost_exposure,2026-08,0.002848230431,0.002906003675,0.002971775953,3.900891685e-05,1.87643274e-05,0.09175877651,1.797976205,0.09
