kind,origin_year,last_source_year,last_training_target_year,n_dates,model,origin,first_train,last_train,last_available,n
annual_structure,2011,2009,2009,8,,,,,,
annual_structure,2012,2010,2010,9,,,,,,
annual_structure,2013,2011,2011,10,,,,,,
annual_structure,2014,2012,2012,11,,,,,,
annual_structure,2015,2013,2013,12,,,,,,
annual_structure,2016,2014,2014,13,,,,,,
annual_structure,2017,2015,2015,14,,,,,,
annual_structure,2018,2016,2016,15,,,,,,
annual_structure,2019,2017,2017,16,,,,,,
annual_structure,2020,2018,2018,17,,,,,,
annual_structure,2021,2019,2019,18,,,,,,
annual_structure,2022,2020,2020,19,,,,,,
annual_structure,2023,2021,2021,20,,,,,,
annual_structure,2024,2022,2022,21,,,,,,
annual_structure,2025,2023,2023,22,,,,,,
annual_structure,2026,2024,2024,23,,,,,,
real_12,,,,60,Base,2007-02,2000-12,2005-11,2007-01,360
real_12,,,,61,Base,2007-03,2000-12,2005-12,2007-02,366
real_12,,,,62,Base,2007-04,2000-12,2006-01,2007-03,372
real_12,,,,63,Base,2007-05,2000-12,2006-02,2007-04,378
real_12,,,,64,Base,2007-06,2000-12,2006-03,2007-05,384
real_12,,,,65,Base,2007-07,2000-12,2006-04,2007-06,390
real_12,,,,66,Base,2007-08,2000-12,2006-05,2007-07,396
real_12,,,,67,Base,2007-09,2000-12,2006-06,2007-08,402
real_12,,,,68,Base,2007-10,2000-12,2006-07,2007-09,408
real_12,,,,69,Base,2007-11,2000-12,2006-08,2007-10,414
real_12,,,,70,Base,2007-12,2000-12,2006-09,2007-11,420
real_12,,,,71,Base,2008-01,2000-12,2006-10,2007-12,426
real_12,,,,72,Base,2008-02,2000-12,2006-11,2008-01,432
real_12,,,,73,Base,2008-03,2000-12,2006-12,2008-02,438
real_12,,,,74,Base,2008-04,2000-12,2007-01,2008-03,444
real_12,,,,75,Base,2008-05,2000-12,2007-02,2008-04,450
real_12,,,,76,Base,2008-06,2000-12,2007-03,2008-05,456
real_12,,,,77,Base,2008-07,2000-12,2007-04,2008-06,462
real_12,,,,78,Base,2008-08,2000-12,2007-05,2008-07,468
real_12,,,,79,Base,2008-09,2000-12,2007-06,2008-08,474
real_12,,,,80,Base,2008-10,2000-12,2007-07,2008-09,480
real_12,,,,81,Base,2008-11,2000-12,2007-08,2008-10,486
real_12,,,,82,Base,2008-12,2000-12,2007-09,2008-11,492
real_12,,,,83,Base,2009-01,2000-12,2007-10,2008-12,498
real_12,,,,84,Base,2009-02,2000-12,2007-11,2009-01,504
real_12,,,,85,Base,2009-03,2000-12,2007-12,2009-02,510
real_12,,,,86,Base,2009-04,2000-12,2008-01,2009-03,516
real_12,,,,87,Base,2009-05,2000-12,2008-02,2009-04,522
real_12,,,,88,Base,2009-06,2000-12,2008-03,2009-05,528
real_12,,,,89,Base,2009-07,2000-12,2008-04,2009-06,534
real_12,,,,90,Base,2009-08,2000-12,2008-05,2009-07,540
real_12,,,,91,Base,2009-09,2000-12,2008-06,2009-08,546
real_12,,,,92,Base,2009-10,2000-12,2008-07,2009-09,552
real_12,,,,93,Base,2009-11,2000-12,2008-08,2009-10,558
real_12,,,,94,Base,2009-12,2000-12,2008-09,2009-11,564
real_12,,,,95,Base,2010-01,2000-12,2008-10,2009-12,570
real_12,,,,96,Base,2010-02,2000-12,2008-11,2010-01,576
real_12,,,,97,Base,2010-03,2000-12,2008-12,2010-02,582
real_12,,,,98,Base,2010-04,2000-12,2009-01,2010-03,588
real_12,,,,99,Base,2010-05,2000-12,2009-02,2010-04,594
real_12,,,,100,Base,2010-06,2000-12,2009-03,2010-05,600
real_12,,,,101,Base,2010-07,2000-12,2009-04,2010-06,606
real_12,,,,102,Base,2010-08,2000-12,2009-05,2010-07,612
real_12,,,,103,Base,2010-09,2000-12,2009-06,2010-08,618
real_12,,,,104,Base,2010-10,2000-12,2009-07,2010-09,624
real_12,,,,105,Base,2010-11,2000-12,2009-08,2010-10,630
real_12,,,,106,Base,2010-12,2000-12,2009-09,2010-11,636
real_12,,,,107,Base,2011-01,2000-12,2009-10,2010-12,642
real_12,,,,108,Base,2011-02,2000-12,2009-11,2011-01,648
real_12,,,,109,Base,2011-03,2000-12,2009-12,2011-02,654
real_12,,,,110,Base,2011-04,2000-12,2010-01,2011-03,660
real_12,,,,111,Base,2011-05,2000-12,2010-02,2011-04,666
real_12,,,,112,Base,2011-06,2000-12,2010-03,2011-05,672
real_12,,,,113,Base,2011-07,2000-12,2010-04,2011-06,678
real_12,,,,114,Base,2011-08,2000-12,2010-05,2011-07,684
real_12,,,,115,Base,2011-09,2000-12,2010-06,2011-08,690
real_12,,,,116,Base,2011-10,2000-12,2010-07,2011-09,696
real_12,,,,117,Base,2011-11,2000-12,2010-08,2011-10,702
real_12,,,,118,Base,2011-12,2000-12,2010-09,2011-11,708
real_12,,,,119,Base,2012-01,2000-12,2010-10,2011-12,714
real_12,,,,120,Base,2012-02,2000-12,2010-11,2012-01,720
real_12,,,,121,Base,2012-03,2000-12,2010-12,2012-02,726
real_12,,,,122,Base,2012-04,2000-12,2011-01,2012-03,732
real_12,,,,123,Base,2012-05,2000-12,2011-02,2012-04,738
real_12,,,,124,Base,2012-06,2000-12,2011-03,2012-05,744
real_12,,,,125,Base,2012-07,2000-12,2011-04,2012-06,750
real_12,,,,126,Base,2012-08,2000-12,2011-05,2012-07,756
real_12,,,,127,Base,2012-09,2000-12,2011-06,2012-08,762
real_12,,,,128,Base,2012-10,2000-12,2011-07,2012-09,768
real_12,,,,129,Base,2012-11,2000-12,2011-08,2012-10,774
real_12,,,,130,Base,2012-12,2000-12,2011-09,2012-11,780
real_12,,,,131,Base,2013-01,2000-12,2011-10,2012-12,786
real_12,,,,132,Base,2013-02,2000-12,2011-11,2013-01,792
real_12,,,,133,Base,2013-03,2000-12,2011-12,2013-02,798
real_12,,,,134,Base,2013-04,2000-12,2012-01,2013-03,804
real_12,,,,135,Base,2013-05,2000-12,2012-02,2013-04,810
real_12,,,,136,Base,2013-06,2000-12,2012-03,2013-05,816
real_12,,,,137,Base,2013-07,2000-12,2012-04,2013-06,822
real_12,,,,138,Base,2013-08,2000-12,2012-05,2013-07,828
real_12,,,,139,Base,2013-09,2000-12,2012-06,2013-08,834
real_12,,,,140,Base,2013-10,2000-12,2012-07,2013-09,840
real_12,,,,141,Base,2013-11,2000-12,2012-08,2013-10,846
real_12,,,,142,Base,2013-12,2000-12,2012-09,2013-11,852
real_12,,,,143,Base,2014-01,2000-12,2012-10,2013-12,858
real_12,,,,144,Base,2014-02,2000-12,2012-11,2014-01,864
real_12,,,,145,Base,2014-03,2000-12,2012-12,2014-02,870
real_12,,,,146,Base,2014-04,2000-12,2013-01,2014-03,876
real_12,,,,147,Base,2014-05,2000-12,2013-02,2014-04,882
real_12,,,,148,Base,2014-06,2000-12,2013-03,2014-05,888
real_12,,,,149,Base,2014-07,2000-12,2013-04,2014-06,894
real_12,,,,150,Base,2014-08,2000-12,2013-05,2014-07,900
real_12,,,,151,Base,2014-09,2000-12,2013-06,2014-08,906
real_12,,,,152,Base,2014-10,2000-12,2013-07,2014-09,912
real_12,,,,153,Base,2014-11,2000-12,2013-08,2014-10,918
real_12,,,,154,Base,2014-12,2000-12,2013-09,2014-11,924
real_12,,,,155,Base,2015-01,2000-12,2013-10,2014-12,930
real_12,,,,156,Base,2015-02,2000-12,2013-11,2015-01,936
real_12,,,,157,Base,2015-03,2000-12,2013-12,2015-02,942
real_12,,,,158,Base,2015-04,2000-12,2014-01,2015-03,948
real_12,,,,159,Base,2015-05,2000-12,2014-02,2015-04,954
real_12,,,,160,Base,2015-06,2000-12,2014-03,2015-05,960
real_12,,,,161,Base,2015-07,2000-12,2014-04,2015-06,966
real_12,,,,162,Base,2015-08,2000-12,2014-05,2015-07,972
real_12,,,,163,Base,2015-09,2000-12,2014-06,2015-08,978
real_12,,,,164,Base,2015-10,2000-12,2014-07,2015-09,984
real_12,,,,165,Base,2015-11,2000-12,2014-08,2015-10,990
real_12,,,,166,Base,2015-12,2000-12,2014-09,2015-11,996
real_12,,,,167,Base,2016-01,2000-12,2014-10,2015-12,1002
real_12,,,,168,Base,2016-02,2000-12,2014-11,2016-01,1008
real_12,,,,169,Base,2016-03,2000-12,2014-12,2016-02,1014
real_12,,,,170,Base,2016-04,2000-12,2015-01,2016-03,1020
real_12,,,,171,Base,2016-05,2000-12,2015-02,2016-04,1026
real_12,,,,172,Base,2016-06,2000-12,2015-03,2016-05,1032
real_12,,,,173,Base,2016-07,2000-12,2015-04,2016-06,1038
real_12,,,,174,Base,2016-08,2000-12,2015-05,2016-07,1044
real_12,,,,175,Base,2016-09,2000-12,2015-06,2016-08,1050
real_12,,,,176,Base,2016-10,2000-12,2015-07,2016-09,1056
real_12,,,,177,Base,2016-11,2000-12,2015-08,2016-10,1062
real_12,,,,178,Base,2016-12,2000-12,2015-09,2016-11,1068
real_12,,,,179,Base,2017-01,2000-12,2015-10,2016-12,1074
real_12,,,,180,Base,2017-02,2000-12,2015-11,2017-01,1080
real_12,,,,181,Base,2017-03,2000-12,2015-12,2017-02,1086
real_12,,,,182,Base,2017-04,2000-12,2016-01,2017-03,1092
real_12,,,,183,Base,2017-05,2000-12,2016-02,2017-04,1098
real_12,,,,184,Base,2017-06,2000-12,2016-03,2017-05,1104
real_12,,,,185,Base,2017-07,2000-12,2016-04,2017-06,1110
real_12,,,,186,Base,2017-08,2000-12,2016-05,2017-07,1116
real_12,,,,187,Base,2017-09,2000-12,2016-06,2017-08,1122
real_12,,,,188,Base,2017-10,2000-12,2016-07,2017-09,1128
real_12,,,,189,Base,2017-11,2000-12,2016-08,2017-10,1134
real_12,,,,190,Base,2017-12,2000-12,2016-09,2017-11,1140
real_12,,,,191,Base,2018-01,2000-12,2016-10,2017-12,1146
real_12,,,,192,Base,2018-02,2000-12,2016-11,2018-01,1152
real_12,,,,193,Base,2018-03,2000-12,2016-12,2018-02,1158
real_12,,,,194,Base,2018-04,2000-12,2017-01,2018-03,1164
real_12,,,,195,Base,2018-05,2000-12,2017-02,2018-04,1170
real_12,,,,196,Base,2018-06,2000-12,2017-03,2018-05,1176
real_12,,,,197,Base,2018-07,2000-12,2017-04,2018-06,1182
real_12,,,,198,Base,2018-08,2000-12,2017-05,2018-07,1188
real_12,,,,199,Base,2018-09,2000-12,2017-06,2018-08,1194
real_12,,,,200,Base,2018-10,2000-12,2017-07,2018-09,1200
real_12,,,,201,Base,2018-11,2000-12,2017-08,2018-10,1206
real_12,,,,202,Base,2018-12,2000-12,2017-09,2018-11,1212
real_12,,,,203,Base,2019-01,2000-12,2017-10,2018-12,1218
real_12,,,,204,Base,2019-02,2000-12,2017-11,2019-01,1224
real_12,,,,205,Base,2019-03,2000-12,2017-12,2019-02,1230
real_12,,,,206,Base,2019-04,2000-12,2018-01,2019-03,1236
real_12,,,,207,Base,2019-05,2000-12,2018-02,2019-04,1242
real_12,,,,208,Base,2019-06,2000-12,2018-03,2019-05,1248
real_12,,,,209,Base,2019-07,2000-12,2018-04,2019-06,1254
real_12,,,,210,Base,2019-08,2000-12,2018-05,2019-07,1260
real_12,,,,211,Base,2019-09,2000-12,2018-06,2019-08,1266
real_12,,,,212,Base,2019-10,2000-12,2018-07,2019-09,1272
real_12,,,,213,Base,2019-11,2000-12,2018-08,2019-10,1278
real_12,,,,214,Base,2019-12,2000-12,2018-09,2019-11,1284
real_12,,,,215,Base,2020-01,2000-12,2018-10,2019-12,1290
real_12,,,,216,Base,2020-02,2000-12,2018-11,2020-01,1296
real_12,,,,217,Base,2020-03,2000-12,2018-12,2020-02,1302
real_12,,,,218,Base,2020-04,2000-12,2019-01,2020-03,1308
real_12,,,,219,Base,2020-05,2000-12,2019-02,2020-04,1314
real_12,,,,220,Base,2020-06,2000-12,2019-03,2020-05,1320
real_12,,,,221,Base,2020-07,2000-12,2019-04,2020-06,1326
real_12,,,,222,Base,2020-08,2000-12,2019-05,2020-07,1332
real_12,,,,223,Base,2020-09,2000-12,2019-06,2020-08,1338
real_12,,,,224,Base,2020-10,2000-12,2019-07,2020-09,1344
real_12,,,,225,Base,2020-11,2000-12,2019-08,2020-10,1350
real_12,,,,226,Base,2020-12,2000-12,2019-09,2020-11,1356
real_12,,,,227,Base,2021-01,2000-12,2019-10,2020-12,1362
real_12,,,,228,Base,2021-02,2000-12,2019-11,2021-01,1368
real_12,,,,229,Base,2021-03,2000-12,2019-12,2021-02,1374
real_12,,,,230,Base,2021-04,2000-12,2020-01,2021-03,1380
real_12,,,,231,Base,2021-05,2000-12,2020-02,2021-04,1386
real_12,,,,232,Base,2021-06,2000-12,2020-03,2021-05,1392
real_12,,,,233,Base,2021-07,2000-12,2020-04,2021-06,1398
real_12,,,,234,Base,2021-08,2000-12,2020-05,2021-07,1404
real_12,,,,235,Base,2021-09,2000-12,2020-06,2021-08,1410
real_12,,,,236,Base,2021-10,2000-12,2020-07,2021-09,1416
real_12,,,,237,Base,2021-11,2000-12,2020-08,2021-10,1422
real_12,,,,238,Base,2021-12,2000-12,2020-09,2021-11,1428
real_12,,,,239,Base,2022-01,2000-12,2020-10,2021-12,1434
real_12,,,,240,Base,2022-02,2000-12,2020-11,2022-01,1440
real_12,,,,241,Base,2022-03,2000-12,2020-12,2022-02,1446
real_12,,,,242,Base,2022-04,2000-12,2021-01,2022-03,1452
real_12,,,,243,Base,2022-05,2000-12,2021-02,2022-04,1458
real_12,,,,244,Base,2022-06,2000-12,2021-03,2022-05,1464
real_12,,,,245,Base,2022-07,2000-12,2021-04,2022-06,1470
real_12,,,,246,Base,2022-08,2000-12,2021-05,2022-07,1476
real_12,,,,247,Base,2022-09,2000-12,2021-06,2022-08,1482
real_12,,,,248,Base,2022-10,2000-12,2021-07,2022-09,1488
real_12,,,,249,Base,2022-11,2000-12,2021-08,2022-10,1494
real_12,,,,250,Base,2022-12,2000-12,2021-09,2022-11,1500
real_12,,,,251,Base,2023-01,2000-12,2021-10,2022-12,1506
real_12,,,,252,Base,2023-02,2000-12,2021-11,2023-01,1512
real_12,,,,253,Base,2023-03,2000-12,2021-12,2023-02,1518
real_12,,,,254,Base,2023-04,2000-12,2022-01,2023-03,1524
real_12,,,,255,Base,2023-05,2000-12,2022-02,2023-04,1530
real_12,,,,256,Base,2023-06,2000-12,2022-03,2023-05,1536
real_12,,,,257,Base,2023-07,2000-12,2022-04,2023-06,1542
real_12,,,,258,Base,2023-08,2000-12,2022-05,2023-07,1548
real_12,,,,259,Base,2023-09,2000-12,2022-06,2023-08,1554
real_12,,,,260,Base,2023-10,2000-12,2022-07,2023-09,1560
real_12,,,,261,Base,2023-11,2000-12,2022-08,2023-10,1566
real_12,,,,262,Base,2023-12,2000-12,2022-09,2023-11,1572
real_12,,,,263,Base,2024-01,2000-12,2022-10,2023-12,1578
real_12,,,,264,Base,2024-02,2000-12,2022-11,2024-01,1584
real_12,,,,265,Base,2024-03,2000-12,2022-12,2024-02,1590
real_12,,,,266,Base,2024-04,2000-12,2023-01,2024-03,1596
real_12,,,,267,Base,2024-05,2000-12,2023-02,2024-04,1602
real_12,,,,268,Base,2024-06,2000-12,2023-03,2024-05,1608
real_12,,,,269,Base,2024-07,2000-12,2023-04,2024-06,1614
real_12,,,,270,Base,2024-08,2000-12,2023-05,2024-07,1620
real_12,,,,271,Base,2024-09,2000-12,2023-06,2024-08,1626
real_12,,,,272,Base,2024-10,2000-12,2023-07,2024-09,1632
real_12,,,,273,Base,2024-11,2000-12,2023-08,2024-10,1638
real_12,,,,274,Base,2024-12,2000-12,2023-09,2024-11,1644
real_12,,,,275,Base,2025-01,2000-12,2023-10,2024-12,1650
real_12,,,,276,Base,2025-02,2000-12,2023-11,2025-01,1656
real_12,,,,277,Base,2025-03,2000-12,2023-12,2025-02,1662
real_12,,,,278,Base,2025-04,2000-12,2024-01,2025-03,1668
real_12,,,,279,Base,2025-05,2000-12,2024-02,2025-04,1674
real_12,,,,280,Base,2025-06,2000-12,2024-03,2025-05,1680
real_12,,,,281,Base,2025-07,2000-12,2024-04,2025-06,1686
real_12,,,,282,Base,2025-08,2000-12,2024-05,2025-07,1692
real_12,,,,283,Base,2025-09,2000-12,2024-06,2025-08,1698
real_12,,,,284,Base,2025-10,2000-12,2024-07,2025-09,1704
real_12,,,,285,Base,2025-11,2000-12,2024-08,2025-10,1710
real_12,,,,286,Base,2025-12,2000-12,2024-09,2025-11,1716
real_12,,,,287,Base,2026-01,2000-12,2024-10,2025-12,1722
real_12,,,,288,Base,2026-02,2000-12,2024-11,2026-01,1728
real_12,,,,289,Base,2026-03,2000-12,2024-12,2026-02,1734
real_12,,,,290,Base,2026-04,2000-12,2025-01,2026-03,1740
real_12,,,,291,Base,2026-05,2000-12,2025-02,2026-04,1746
real_12,,,,292,Base,2026-06,2000-12,2025-03,2026-05,1752
real_12,,,,293,Base,2026-07,2000-12,2025-04,2026-06,1758
real_12,,,,294,Base,2026-08,2000-12,2025-05,2026-07,1764
real_12,,,,60,fixed,2007-02,2000-12,2005-11,2007-01,360
real_12,,,,61,fixed,2007-03,2000-12,2005-12,2007-02,366
real_12,,,,62,fixed,2007-04,2000-12,2006-01,2007-03,372
real_12,,,,63,fixed,2007-05,2000-12,2006-02,2007-04,378
real_12,,,,64,fixed,2007-06,2000-12,2006-03,2007-05,384
real_12,,,,65,fixed,2007-07,2000-12,2006-04,2007-06,390
real_12,,,,66,fixed,2007-08,2000-12,2006-05,2007-07,396
real_12,,,,67,fixed,2007-09,2000-12,2006-06,2007-08,402
real_12,,,,68,fixed,2007-10,2000-12,2006-07,2007-09,408
real_12,,,,69,fixed,2007-11,2000-12,2006-08,2007-10,414
real_12,,,,70,fixed,2007-12,2000-12,2006-09,2007-11,420
real_12,,,,71,fixed,2008-01,2000-12,2006-10,2007-12,426
real_12,,,,72,fixed,2008-02,2000-12,2006-11,2008-01,432
real_12,,,,73,fixed,2008-03,2000-12,2006-12,2008-02,438
real_12,,,,74,fixed,2008-04,2000-12,2007-01,2008-03,444
real_12,,,,75,fixed,2008-05,2000-12,2007-02,2008-04,450
real_12,,,,76,fixed,2008-06,2000-12,2007-03,2008-05,456
real_12,,,,77,fixed,2008-07,2000-12,2007-04,2008-06,462
real_12,,,,78,fixed,2008-08,2000-12,2007-05,2008-07,468
real_12,,,,79,fixed,2008-09,2000-12,2007-06,2008-08,474
real_12,,,,80,fixed,2008-10,2000-12,2007-07,2008-09,480
real_12,,,,81,fixed,2008-11,2000-12,2007-08,2008-10,486
real_12,,,,82,fixed,2008-12,2000-12,2007-09,2008-11,492
real_12,,,,83,fixed,2009-01,2000-12,2007-10,2008-12,498
real_12,,,,84,fixed,2009-02,2000-12,2007-11,2009-01,504
real_12,,,,85,fixed,2009-03,2000-12,2007-12,2009-02,510
real_12,,,,86,fixed,2009-04,2000-12,2008-01,2009-03,516
real_12,,,,87,fixed,2009-05,2000-12,2008-02,2009-04,522
real_12,,,,88,fixed,2009-06,2000-12,2008-03,2009-05,528
real_12,,,,89,fixed,2009-07,2000-12,2008-04,2009-06,534
real_12,,,,90,fixed,2009-08,2000-12,2008-05,2009-07,540
real_12,,,,91,fixed,2009-09,2000-12,2008-06,2009-08,546
real_12,,,,92,fixed,2009-10,2000-12,2008-07,2009-09,552
real_12,,,,93,fixed,2009-11,2000-12,2008-08,2009-10,558
real_12,,,,94,fixed,2009-12,2000-12,2008-09,2009-11,564
real_12,,,,95,fixed,2010-01,2000-12,2008-10,2009-12,570
real_12,,,,96,fixed,2010-02,2000-12,2008-11,2010-01,576
real_12,,,,97,fixed,2010-03,2000-12,2008-12,2010-02,582
real_12,,,,98,fixed,2010-04,2000-12,2009-01,2010-03,588
real_12,,,,99,fixed,2010-05,2000-12,2009-02,2010-04,594
real_12,,,,100,fixed,2010-06,2000-12,2009-03,2010-05,600
real_12,,,,101,fixed,2010-07,2000-12,2009-04,2010-06,606
real_12,,,,102,fixed,2010-08,2000-12,2009-05,2010-07,612
real_12,,,,103,fixed,2010-09,2000-12,2009-06,2010-08,618
real_12,,,,104,fixed,2010-10,2000-12,2009-07,2010-09,624
real_12,,,,105,fixed,2010-11,2000-12,2009-08,2010-10,630
real_12,,,,106,fixed,2010-12,2000-12,2009-09,2010-11,636
real_12,,,,107,fixed,2011-01,2000-12,2009-10,2010-12,642
real_12,,,,108,fixed,2011-02,2000-12,2009-11,2011-01,648
real_12,,,,109,fixed,2011-03,2000-12,2009-12,2011-02,654
real_12,,,,110,fixed,2011-04,2000-12,2010-01,2011-03,660
real_12,,,,111,fixed,2011-05,2000-12,2010-02,2011-04,666
real_12,,,,112,fixed,2011-06,2000-12,2010-03,2011-05,672
real_12,,,,113,fixed,2011-07,2000-12,2010-04,2011-06,678
real_12,,,,114,fixed,2011-08,2000-12,2010-05,2011-07,684
real_12,,,,115,fixed,2011-09,2000-12,2010-06,2011-08,690
real_12,,,,116,fixed,2011-10,2000-12,2010-07,2011-09,696
real_12,,,,117,fixed,2011-11,2000-12,2010-08,2011-10,702
real_12,,,,118,fixed,2011-12,2000-12,2010-09,2011-11,708
real_12,,,,119,fixed,2012-01,2000-12,2010-10,2011-12,714
real_12,,,,120,fixed,2012-02,2000-12,2010-11,2012-01,720
real_12,,,,121,fixed,2012-03,2000-12,2010-12,2012-02,726
real_12,,,,122,fixed,2012-04,2000-12,2011-01,2012-03,732
real_12,,,,123,fixed,2012-05,2000-12,2011-02,2012-04,738
real_12,,,,124,fixed,2012-06,2000-12,2011-03,2012-05,744
real_12,,,,125,fixed,2012-07,2000-12,2011-04,2012-06,750
real_12,,,,126,fixed,2012-08,2000-12,2011-05,2012-07,756
real_12,,,,127,fixed,2012-09,2000-12,2011-06,2012-08,762
real_12,,,,128,fixed,2012-10,2000-12,2011-07,2012-09,768
real_12,,,,129,fixed,2012-11,2000-12,2011-08,2012-10,774
real_12,,,,130,fixed,2012-12,2000-12,2011-09,2012-11,780
real_12,,,,131,fixed,2013-01,2000-12,2011-10,2012-12,786
real_12,,,,132,fixed,2013-02,2000-12,2011-11,2013-01,792
real_12,,,,133,fixed,2013-03,2000-12,2011-12,2013-02,798
real_12,,,,134,fixed,2013-04,2000-12,2012-01,2013-03,804
real_12,,,,135,fixed,2013-05,2000-12,2012-02,2013-04,810
real_12,,,,136,fixed,2013-06,2000-12,2012-03,2013-05,816
real_12,,,,137,fixed,2013-07,2000-12,2012-04,2013-06,822
real_12,,,,138,fixed,2013-08,2000-12,2012-05,2013-07,828
real_12,,,,139,fixed,2013-09,2000-12,2012-06,2013-08,834
real_12,,,,140,fixed,2013-10,2000-12,2012-07,2013-09,840
real_12,,,,141,fixed,2013-11,2000-12,2012-08,2013-10,846
real_12,,,,142,fixed,2013-12,2000-12,2012-09,2013-11,852
real_12,,,,143,fixed,2014-01,2000-12,2012-10,2013-12,858
real_12,,,,144,fixed,2014-02,2000-12,2012-11,2014-01,864
real_12,,,,145,fixed,2014-03,2000-12,2012-12,2014-02,870
real_12,,,,146,fixed,2014-04,2000-12,2013-01,2014-03,876
real_12,,,,147,fixed,2014-05,2000-12,2013-02,2014-04,882
real_12,,,,148,fixed,2014-06,2000-12,2013-03,2014-05,888
real_12,,,,149,fixed,2014-07,2000-12,2013-04,2014-06,894
real_12,,,,150,fixed,2014-08,2000-12,2013-05,2014-07,900
real_12,,,,151,fixed,2014-09,2000-12,2013-06,2014-08,906
real_12,,,,152,fixed,2014-10,2000-12,2013-07,2014-09,912
real_12,,,,153,fixed,2014-11,2000-12,2013-08,2014-10,918
real_12,,,,154,fixed,2014-12,2000-12,2013-09,2014-11,924
real_12,,,,155,fixed,2015-01,2000-12,2013-10,2014-12,930
real_12,,,,156,fixed,2015-02,2000-12,2013-11,2015-01,936
real_12,,,,157,fixed,2015-03,2000-12,2013-12,2015-02,942
real_12,,,,158,fixed,2015-04,2000-12,2014-01,2015-03,948
real_12,,,,159,fixed,2015-05,2000-12,2014-02,2015-04,954
real_12,,,,160,fixed,2015-06,2000-12,2014-03,2015-05,960
real_12,,,,161,fixed,2015-07,2000-12,2014-04,2015-06,966
real_12,,,,162,fixed,2015-08,2000-12,2014-05,2015-07,972
real_12,,,,163,fixed,2015-09,2000-12,2014-06,2015-08,978
real_12,,,,164,fixed,2015-10,2000-12,2014-07,2015-09,984
real_12,,,,165,fixed,2015-11,2000-12,2014-08,2015-10,990
real_12,,,,166,fixed,2015-12,2000-12,2014-09,2015-11,996
real_12,,,,167,fixed,2016-01,2000-12,2014-10,2015-12,1002
real_12,,,,168,fixed,2016-02,2000-12,2014-11,2016-01,1008
real_12,,,,169,fixed,2016-03,2000-12,2014-12,2016-02,1014
real_12,,,,170,fixed,2016-04,2000-12,2015-01,2016-03,1020
real_12,,,,171,fixed,2016-05,2000-12,2015-02,2016-04,1026
real_12,,,,172,fixed,2016-06,2000-12,2015-03,2016-05,1032
real_12,,,,173,fixed,2016-07,2000-12,2015-04,2016-06,1038
real_12,,,,174,fixed,2016-08,2000-12,2015-05,2016-07,1044
real_12,,,,175,fixed,2016-09,2000-12,2015-06,2016-08,1050
real_12,,,,176,fixed,2016-10,2000-12,2015-07,2016-09,1056
real_12,,,,177,fixed,2016-11,2000-12,2015-08,2016-10,1062
real_12,,,,178,fixed,2016-12,2000-12,2015-09,2016-11,1068
real_12,,,,179,fixed,2017-01,2000-12,2015-10,2016-12,1074
real_12,,,,180,fixed,2017-02,2000-12,2015-11,2017-01,1080
real_12,,,,181,fixed,2017-03,2000-12,2015-12,2017-02,1086
real_12,,,,182,fixed,2017-04,2000-12,2016-01,2017-03,1092
real_12,,,,183,fixed,2017-05,2000-12,2016-02,2017-04,1098
real_12,,,,184,fixed,2017-06,2000-12,2016-03,2017-05,1104
real_12,,,,185,fixed,2017-07,2000-12,2016-04,2017-06,1110
real_12,,,,186,fixed,2017-08,2000-12,2016-05,2017-07,1116
real_12,,,,187,fixed,2017-09,2000-12,2016-06,2017-08,1122
real_12,,,,188,fixed,2017-10,2000-12,2016-07,2017-09,1128
real_12,,,,189,fixed,2017-11,2000-12,2016-08,2017-10,1134
real_12,,,,190,fixed,2017-12,2000-12,2016-09,2017-11,1140
real_12,,,,191,fixed,2018-01,2000-12,2016-10,2017-12,1146
real_12,,,,192,fixed,2018-02,2000-12,2016-11,2018-01,1152
real_12,,,,193,fixed,2018-03,2000-12,2016-12,2018-02,1158
real_12,,,,194,fixed,2018-04,2000-12,2017-01,2018-03,1164
real_12,,,,195,fixed,2018-05,2000-12,2017-02,2018-04,1170
real_12,,,,196,fixed,2018-06,2000-12,2017-03,2018-05,1176
real_12,,,,197,fixed,2018-07,2000-12,2017-04,2018-06,1182
real_12,,,,198,fixed,2018-08,2000-12,2017-05,2018-07,1188
real_12,,,,199,fixed,2018-09,2000-12,2017-06,2018-08,1194
real_12,,,,200,fixed,2018-10,2000-12,2017-07,2018-09,1200
real_12,,,,201,fixed,2018-11,2000-12,2017-08,2018-10,1206
real_12,,,,202,fixed,2018-12,2000-12,2017-09,2018-11,1212
real_12,,,,203,fixed,2019-01,2000-12,2017-10,2018-12,1218
real_12,,,,204,fixed,2019-02,2000-12,2017-11,2019-01,1224
real_12,,,,205,fixed,2019-03,2000-12,2017-12,2019-02,1230
real_12,,,,206,fixed,2019-04,2000-12,2018-01,2019-03,1236
real_12,,,,207,fixed,2019-05,2000-12,2018-02,2019-04,1242
real_12,,,,208,fixed,2019-06,2000-12,2018-03,2019-05,1248
real_12,,,,209,fixed,2019-07,2000-12,2018-04,2019-06,1254
real_12,,,,210,fixed,2019-08,2000-12,2018-05,2019-07,1260
real_12,,,,211,fixed,2019-09,2000-12,2018-06,2019-08,1266
real_12,,,,212,fixed,2019-10,2000-12,2018-07,2019-09,1272
real_12,,,,213,fixed,2019-11,2000-12,2018-08,2019-10,1278
real_12,,,,214,fixed,2019-12,2000-12,2018-09,2019-11,1284
real_12,,,,215,fixed,2020-01,2000-12,2018-10,2019-12,1290
real_12,,,,216,fixed,2020-02,2000-12,2018-11,2020-01,1296
real_12,,,,217,fixed,2020-03,2000-12,2018-12,2020-02,1302
real_12,,,,218,fixed,2020-04,2000-12,2019-01,2020-03,1308
real_12,,,,219,fixed,2020-05,2000-12,2019-02,2020-04,1314
real_12,,,,220,fixed,2020-06,2000-12,2019-03,2020-05,1320
real_12,,,,221,fixed,2020-07,2000-12,2019-04,2020-06,1326
real_12,,,,222,fixed,2020-08,2000-12,2019-05,2020-07,1332
real_12,,,,223,fixed,2020-09,2000-12,2019-06,2020-08,1338
real_12,,,,224,fixed,2020-10,2000-12,2019-07,2020-09,1344
real_12,,,,225,fixed,2020-11,2000-12,2019-08,2020-10,1350
real_12,,,,226,fixed,2020-12,2000-12,2019-09,2020-11,1356
real_12,,,,227,fixed,2021-01,2000-12,2019-10,2020-12,1362
real_12,,,,228,fixed,2021-02,2000-12,2019-11,2021-01,1368
real_12,,,,229,fixed,2021-03,2000-12,2019-12,2021-02,1374
real_12,,,,230,fixed,2021-04,2000-12,2020-01,2021-03,1380
real_12,,,,231,fixed,2021-05,2000-12,2020-02,2021-04,1386
real_12,,,,232,fixed,2021-06,2000-12,2020-03,2021-05,1392
real_12,,,,233,fixed,2021-07,2000-12,2020-04,2021-06,1398
real_12,,,,234,fixed,2021-08,2000-12,2020-05,2021-07,1404
real_12,,,,235,fixed,2021-09,2000-12,2020-06,2021-08,1410
real_12,,,,236,fixed,2021-10,2000-12,2020-07,2021-09,1416
real_12,,,,237,fixed,2021-11,2000-12,2020-08,2021-10,1422
real_12,,,,238,fixed,2021-12,2000-12,2020-09,2021-11,1428
real_12,,,,239,fixed,2022-01,2000-12,2020-10,2021-12,1434
real_12,,,,240,fixed,2022-02,2000-12,2020-11,2022-01,1440
real_12,,,,241,fixed,2022-03,2000-12,2020-12,2022-02,1446
real_12,,,,242,fixed,2022-04,2000-12,2021-01,2022-03,1452
real_12,,,,243,fixed,2022-05,2000-12,2021-02,2022-04,1458
real_12,,,,244,fixed,2022-06,2000-12,2021-03,2022-05,1464
real_12,,,,245,fixed,2022-07,2000-12,2021-04,2022-06,1470
real_12,,,,246,fixed,2022-08,2000-12,2021-05,2022-07,1476
real_12,,,,247,fixed,2022-09,2000-12,2021-06,2022-08,1482
real_12,,,,248,fixed,2022-10,2000-12,2021-07,2022-09,1488
real_12,,,,249,fixed,2022-11,2000-12,2021-08,2022-10,1494
real_12,,,,250,fixed,2022-12,2000-12,2021-09,2022-11,1500
real_12,,,,251,fixed,2023-01,2000-12,2021-10,2022-12,1506
real_12,,,,252,fixed,2023-02,2000-12,2021-11,2023-01,1512
real_12,,,,253,fixed,2023-03,2000-12,2021-12,2023-02,1518
real_12,,,,254,fixed,2023-04,2000-12,2022-01,2023-03,1524
real_12,,,,255,fixed,2023-05,2000-12,2022-02,2023-04,1530
real_12,,,,256,fixed,2023-06,2000-12,2022-03,2023-05,1536
real_12,,,,257,fixed,2023-07,2000-12,2022-04,2023-06,1542
real_12,,,,258,fixed,2023-08,2000-12,2022-05,2023-07,1548
real_12,,,,259,fixed,2023-09,2000-12,2022-06,2023-08,1554
real_12,,,,260,fixed,2023-10,2000-12,2022-07,2023-09,1560
real_12,,,,261,fixed,2023-11,2000-12,2022-08,2023-10,1566
real_12,,,,262,fixed,2023-12,2000-12,2022-09,2023-11,1572
real_12,,,,263,fixed,2024-01,2000-12,2022-10,2023-12,1578
real_12,,,,264,fixed,2024-02,2000-12,2022-11,2024-01,1584
real_12,,,,265,fixed,2024-03,2000-12,2022-12,2024-02,1590
real_12,,,,266,fixed,2024-04,2000-12,2023-01,2024-03,1596
real_12,,,,267,fixed,2024-05,2000-12,2023-02,2024-04,1602
real_12,,,,268,fixed,2024-06,2000-12,2023-03,2024-05,1608
real_12,,,,269,fixed,2024-07,2000-12,2023-04,2024-06,1614
real_12,,,,270,fixed,2024-08,2000-12,2023-05,2024-07,1620
real_12,,,,271,fixed,2024-09,2000-12,2023-06,2024-08,1626
real_12,,,,272,fixed,2024-10,2000-12,2023-07,2024-09,1632
real_12,,,,273,fixed,2024-11,2000-12,2023-08,2024-10,1638
real_12,,,,274,fixed,2024-12,2000-12,2023-09,2024-11,1644
real_12,,,,275,fixed,2025-01,2000-12,2023-10,2024-12,1650
real_12,,,,276,fixed,2025-02,2000-12,2023-11,2025-01,1656
real_12,,,,277,fixed,2025-03,2000-12,2023-12,2025-02,1662
real_12,,,,278,fixed,2025-04,2000-12,2024-01,2025-03,1668
real_12,,,,279,fixed,2025-05,2000-12,2024-02,2025-04,1674
real_12,,,,280,fixed,2025-06,2000-12,2024-03,2025-05,1680
real_12,,,,281,fixed,2025-07,2000-12,2024-04,2025-06,1686
real_12,,,,282,fixed,2025-08,2000-12,2024-05,2025-07,1692
real_12,,,,283,fixed,2025-09,2000-12,2024-06,2025-08,1698
real_12,,,,284,fixed,2025-10,2000-12,2024-07,2025-09,1704
real_12,,,,285,fixed,2025-11,2000-12,2024-08,2025-10,1710
real_12,,,,286,fixed,2025-12,2000-12,2024-09,2025-11,1716
real_12,,,,287,fixed,2026-01,2000-12,2024-10,2025-12,1722
real_12,,,,288,fixed,2026-02,2000-12,2024-11,2026-01,1728
real_12,,,,289,fixed,2026-03,2000-12,2024-12,2026-02,1734
real_12,,,,290,fixed,2026-04,2000-12,2025-01,2026-03,1740
real_12,,,,291,fixed,2026-05,2000-12,2025-02,2026-04,1746
real_12,,,,292,fixed,2026-06,2000-12,2025-03,2026-05,1752
real_12,,,,293,fixed,2026-07,2000-12,2025-04,2026-06,1758
real_12,,,,294,fixed,2026-08,2000-12,2025-05,2026-07,1764
real_12,,,,60,dynamic,2007-02,2000-12,2005-11,2007-01,360
real_12,,,,61,dynamic,2007-03,2000-12,2005-12,2007-02,366
real_12,,,,62,dynamic,2007-04,2000-12,2006-01,2007-03,372
real_12,,,,63,dynamic,2007-05,2000-12,2006-02,2007-04,378
real_12,,,,64,dynamic,2007-06,2000-12,2006-03,2007-05,384
real_12,,,,65,dynamic,2007-07,2000-12,2006-04,2007-06,390
real_12,,,,66,dynamic,2007-08,2000-12,2006-05,2007-07,396
real_12,,,,67,dynamic,2007-09,2000-12,2006-06,2007-08,402
real_12,,,,68,dynamic,2007-10,2000-12,2006-07,2007-09,408
real_12,,,,69,dynamic,2007-11,2000-12,2006-08,2007-10,414
real_12,,,,70,dynamic,2007-12,2000-12,2006-09,2007-11,420
real_12,,,,71,dynamic,2008-01,2000-12,2006-10,2007-12,426
real_12,,,,72,dynamic,2008-02,2000-12,2006-11,2008-01,432
real_12,,,,73,dynamic,2008-03,2000-12,2006-12,2008-02,438
real_12,,,,74,dynamic,2008-04,2000-12,2007-01,2008-03,444
real_12,,,,75,dynamic,2008-05,2000-12,2007-02,2008-04,450
real_12,,,,76,dynamic,2008-06,2000-12,2007-03,2008-05,456
real_12,,,,77,dynamic,2008-07,2000-12,2007-04,2008-06,462
real_12,,,,78,dynamic,2008-08,2000-12,2007-05,2008-07,468
real_12,,,,79,dynamic,2008-09,2000-12,2007-06,2008-08,474
real_12,,,,80,dynamic,2008-10,2000-12,2007-07,2008-09,480
real_12,,,,81,dynamic,2008-11,2000-12,2007-08,2008-10,486
real_12,,,,82,dynamic,2008-12,2000-12,2007-09,2008-11,492
real_12,,,,83,dynamic,2009-01,2000-12,2007-10,2008-12,498
real_12,,,,84,dynamic,2009-02,2000-12,2007-11,2009-01,504
real_12,,,,85,dynamic,2009-03,2000-12,2007-12,2009-02,510
real_12,,,,86,dynamic,2009-04,2000-12,2008-01,2009-03,516
real_12,,,,87,dynamic,2009-05,2000-12,2008-02,2009-04,522
real_12,,,,88,dynamic,2009-06,2000-12,2008-03,2009-05,528
real_12,,,,89,dynamic,2009-07,2000-12,2008-04,2009-06,534
real_12,,,,90,dynamic,2009-08,2000-12,2008-05,2009-07,540
real_12,,,,91,dynamic,2009-09,2000-12,2008-06,2009-08,546
real_12,,,,92,dynamic,2009-10,2000-12,2008-07,2009-09,552
real_12,,,,93,dynamic,2009-11,2000-12,2008-08,2009-10,558
real_12,,,,94,dynamic,2009-12,2000-12,2008-09,2009-11,564
real_12,,,,95,dynamic,2010-01,2000-12,2008-10,2009-12,570
real_12,,,,96,dynamic,2010-02,2000-12,2008-11,2010-01,576
real_12,,,,97,dynamic,2010-03,2000-12,2008-12,2010-02,582
real_12,,,,98,dynamic,2010-04,2000-12,2009-01,2010-03,588
real_12,,,,99,dynamic,2010-05,2000-12,2009-02,2010-04,594
real_12,,,,100,dynamic,2010-06,2000-12,2009-03,2010-05,600
real_12,,,,101,dynamic,2010-07,2000-12,2009-04,2010-06,606
real_12,,,,102,dynamic,2010-08,2000-12,2009-05,2010-07,612
real_12,,,,103,dynamic,2010-09,2000-12,2009-06,2010-08,618
real_12,,,,104,dynamic,2010-10,2000-12,2009-07,2010-09,624
real_12,,,,105,dynamic,2010-11,2000-12,2009-08,2010-10,630
real_12,,,,106,dynamic,2010-12,2000-12,2009-09,2010-11,636
real_12,,,,107,dynamic,2011-01,2000-12,2009-10,2010-12,642
real_12,,,,108,dynamic,2011-02,2000-12,2009-11,2011-01,648
real_12,,,,109,dynamic,2011-03,2000-12,2009-12,2011-02,654
real_12,,,,110,dynamic,2011-04,2000-12,2010-01,2011-03,660
real_12,,,,111,dynamic,2011-05,2000-12,2010-02,2011-04,666
real_12,,,,112,dynamic,2011-06,2000-12,2010-03,2011-05,672
real_12,,,,113,dynamic,2011-07,2000-12,2010-04,2011-06,678
real_12,,,,114,dynamic,2011-08,2000-12,2010-05,2011-07,684
real_12,,,,115,dynamic,2011-09,2000-12,2010-06,2011-08,690
real_12,,,,116,dynamic,2011-10,2000-12,2010-07,2011-09,696
real_12,,,,117,dynamic,2011-11,2000-12,2010-08,2011-10,702
real_12,,,,118,dynamic,2011-12,2000-12,2010-09,2011-11,708
real_12,,,,119,dynamic,2012-01,2000-12,2010-10,2011-12,714
real_12,,,,120,dynamic,2012-02,2000-12,2010-11,2012-01,720
real_12,,,,121,dynamic,2012-03,2000-12,2010-12,2012-02,726
real_12,,,,122,dynamic,2012-04,2000-12,2011-01,2012-03,732
real_12,,,,123,dynamic,2012-05,2000-12,2011-02,2012-04,738
real_12,,,,124,dynamic,2012-06,2000-12,2011-03,2012-05,744
real_12,,,,125,dynamic,2012-07,2000-12,2011-04,2012-06,750
real_12,,,,126,dynamic,2012-08,2000-12,2011-05,2012-07,756
real_12,,,,127,dynamic,2012-09,2000-12,2011-06,2012-08,762
real_12,,,,128,dynamic,2012-10,2000-12,2011-07,2012-09,768
real_12,,,,129,dynamic,2012-11,2000-12,2011-08,2012-10,774
real_12,,,,130,dynamic,2012-12,2000-12,2011-09,2012-11,780
real_12,,,,131,dynamic,2013-01,2000-12,2011-10,2012-12,786
real_12,,,,132,dynamic,2013-02,2000-12,2011-11,2013-01,792
real_12,,,,133,dynamic,2013-03,2000-12,2011-12,2013-02,798
real_12,,,,134,dynamic,2013-04,2000-12,2012-01,2013-03,804
real_12,,,,135,dynamic,2013-05,2000-12,2012-02,2013-04,810
real_12,,,,136,dynamic,2013-06,2000-12,2012-03,2013-05,816
real_12,,,,137,dynamic,2013-07,2000-12,2012-04,2013-06,822
real_12,,,,138,dynamic,2013-08,2000-12,2012-05,2013-07,828
real_12,,,,139,dynamic,2013-09,2000-12,2012-06,2013-08,834
real_12,,,,140,dynamic,2013-10,2000-12,2012-07,2013-09,840
real_12,,,,141,dynamic,2013-11,2000-12,2012-08,2013-10,846
real_12,,,,142,dynamic,2013-12,2000-12,2012-09,2013-11,852
real_12,,,,143,dynamic,2014-01,2000-12,2012-10,2013-12,858
real_12,,,,144,dynamic,2014-02,2000-12,2012-11,2014-01,864
real_12,,,,145,dynamic,2014-03,2000-12,2012-12,2014-02,870
real_12,,,,146,dynamic,2014-04,2000-12,2013-01,2014-03,876
real_12,,,,147,dynamic,2014-05,2000-12,2013-02,2014-04,882
real_12,,,,148,dynamic,2014-06,2000-12,2013-03,2014-05,888
real_12,,,,149,dynamic,2014-07,2000-12,2013-04,2014-06,894
real_12,,,,150,dynamic,2014-08,2000-12,2013-05,2014-07,900
real_12,,,,151,dynamic,2014-09,2000-12,2013-06,2014-08,906
real_12,,,,152,dynamic,2014-10,2000-12,2013-07,2014-09,912
real_12,,,,153,dynamic,2014-11,2000-12,2013-08,2014-10,918
real_12,,,,154,dynamic,2014-12,2000-12,2013-09,2014-11,924
real_12,,,,155,dynamic,2015-01,2000-12,2013-10,2014-12,930
real_12,,,,156,dynamic,2015-02,2000-12,2013-11,2015-01,936
real_12,,,,157,dynamic,2015-03,2000-12,2013-12,2015-02,942
real_12,,,,158,dynamic,2015-04,2000-12,2014-01,2015-03,948
real_12,,,,159,dynamic,2015-05,2000-12,2014-02,2015-04,954
real_12,,,,160,dynamic,2015-06,2000-12,2014-03,2015-05,960
real_12,,,,161,dynamic,2015-07,2000-12,2014-04,2015-06,966
real_12,,,,162,dynamic,2015-08,2000-12,2014-05,2015-07,972
real_12,,,,163,dynamic,2015-09,2000-12,2014-06,2015-08,978
real_12,,,,164,dynamic,2015-10,2000-12,2014-07,2015-09,984
real_12,,,,165,dynamic,2015-11,2000-12,2014-08,2015-10,990
real_12,,,,166,dynamic,2015-12,2000-12,2014-09,2015-11,996
real_12,,,,167,dynamic,2016-01,2000-12,2014-10,2015-12,1002
real_12,,,,168,dynamic,2016-02,2000-12,2014-11,2016-01,1008
real_12,,,,169,dynamic,2016-03,2000-12,2014-12,2016-02,1014
real_12,,,,170,dynamic,2016-04,2000-12,2015-01,2016-03,1020
real_12,,,,171,dynamic,2016-05,2000-12,2015-02,2016-04,1026
real_12,,,,172,dynamic,2016-06,2000-12,2015-03,2016-05,1032
real_12,,,,173,dynamic,2016-07,2000-12,2015-04,2016-06,1038
real_12,,,,174,dynamic,2016-08,2000-12,2015-05,2016-07,1044
real_12,,,,175,dynamic,2016-09,2000-12,2015-06,2016-08,1050
real_12,,,,176,dynamic,2016-10,2000-12,2015-07,2016-09,1056
real_12,,,,177,dynamic,2016-11,2000-12,2015-08,2016-10,1062
real_12,,,,178,dynamic,2016-12,2000-12,2015-09,2016-11,1068
real_12,,,,179,dynamic,2017-01,2000-12,2015-10,2016-12,1074
real_12,,,,180,dynamic,2017-02,2000-12,2015-11,2017-01,1080
real_12,,,,181,dynamic,2017-03,2000-12,2015-12,2017-02,1086
real_12,,,,182,dynamic,2017-04,2000-12,2016-01,2017-03,1092
real_12,,,,183,dynamic,2017-05,2000-12,2016-02,2017-04,1098
real_12,,,,184,dynamic,2017-06,2000-12,2016-03,2017-05,1104
real_12,,,,185,dynamic,2017-07,2000-12,2016-04,2017-06,1110
real_12,,,,186,dynamic,2017-08,2000-12,2016-05,2017-07,1116
real_12,,,,187,dynamic,2017-09,2000-12,2016-06,2017-08,1122
real_12,,,,188,dynamic,2017-10,2000-12,2016-07,2017-09,1128
real_12,,,,189,dynamic,2017-11,2000-12,2016-08,2017-10,1134
real_12,,,,190,dynamic,2017-12,2000-12,2016-09,2017-11,1140
real_12,,,,191,dynamic,2018-01,2000-12,2016-10,2017-12,1146
real_12,,,,192,dynamic,2018-02,2000-12,2016-11,2018-01,1152
real_12,,,,193,dynamic,2018-03,2000-12,2016-12,2018-02,1158
real_12,,,,194,dynamic,2018-04,2000-12,2017-01,2018-03,1164
real_12,,,,195,dynamic,2018-05,2000-12,2017-02,2018-04,1170
real_12,,,,196,dynamic,2018-06,2000-12,2017-03,2018-05,1176
real_12,,,,197,dynamic,2018-07,2000-12,2017-04,2018-06,1182
real_12,,,,198,dynamic,2018-08,2000-12,2017-05,2018-07,1188
real_12,,,,199,dynamic,2018-09,2000-12,2017-06,2018-08,1194
real_12,,,,200,dynamic,2018-10,2000-12,2017-07,2018-09,1200
real_12,,,,201,dynamic,2018-11,2000-12,2017-08,2018-10,1206
real_12,,,,202,dynamic,2018-12,2000-12,2017-09,2018-11,1212
real_12,,,,203,dynamic,2019-01,2000-12,2017-10,2018-12,1218
real_12,,,,204,dynamic,2019-02,2000-12,2017-11,2019-01,1224
real_12,,,,205,dynamic,2019-03,2000-12,2017-12,2019-02,1230
real_12,,,,206,dynamic,2019-04,2000-12,2018-01,2019-03,1236
real_12,,,,207,dynamic,2019-05,2000-12,2018-02,2019-04,1242
real_12,,,,208,dynamic,2019-06,2000-12,2018-03,2019-05,1248
real_12,,,,209,dynamic,2019-07,2000-12,2018-04,2019-06,1254
real_12,,,,210,dynamic,2019-08,2000-12,2018-05,2019-07,1260
real_12,,,,211,dynamic,2019-09,2000-12,2018-06,2019-08,1266
real_12,,,,212,dynamic,2019-10,2000-12,2018-07,2019-09,1272
real_12,,,,213,dynamic,2019-11,2000-12,2018-08,2019-10,1278
real_12,,,,214,dynamic,2019-12,2000-12,2018-09,2019-11,1284
real_12,,,,215,dynamic,2020-01,2000-12,2018-10,2019-12,1290
real_12,,,,216,dynamic,2020-02,2000-12,2018-11,2020-01,1296
real_12,,,,217,dynamic,2020-03,2000-12,2018-12,2020-02,1302
real_12,,,,218,dynamic,2020-04,2000-12,2019-01,2020-03,1308
real_12,,,,219,dynamic,2020-05,2000-12,2019-02,2020-04,1314
real_12,,,,220,dynamic,2020-06,2000-12,2019-03,2020-05,1320
real_12,,,,221,dynamic,2020-07,2000-12,2019-04,2020-06,1326
real_12,,,,222,dynamic,2020-08,2000-12,2019-05,2020-07,1332
real_12,,,,223,dynamic,2020-09,2000-12,2019-06,2020-08,1338
real_12,,,,224,dynamic,2020-10,2000-12,2019-07,2020-09,1344
real_12,,,,225,dynamic,2020-11,2000-12,2019-08,2020-10,1350
real_12,,,,226,dynamic,2020-12,2000-12,2019-09,2020-11,1356
real_12,,,,227,dynamic,2021-01,2000-12,2019-10,2020-12,1362
real_12,,,,228,dynamic,2021-02,2000-12,2019-11,2021-01,1368
real_12,,,,229,dynamic,2021-03,2000-12,2019-12,2021-02,1374
real_12,,,,230,dynamic,2021-04,2000-12,2020-01,2021-03,1380
real_12,,,,231,dynamic,2021-05,2000-12,2020-02,2021-04,1386
real_12,,,,232,dynamic,2021-06,2000-12,2020-03,2021-05,1392
real_12,,,,233,dynamic,2021-07,2000-12,2020-04,2021-06,1398
real_12,,,,234,dynamic,2021-08,2000-12,2020-05,2021-07,1404
real_12,,,,235,dynamic,2021-09,2000-12,2020-06,2021-08,1410
real_12,,,,236,dynamic,2021-10,2000-12,2020-07,2021-09,1416
real_12,,,,237,dynamic,2021-11,2000-12,2020-08,2021-10,1422
real_12,,,,238,dynamic,2021-12,2000-12,2020-09,2021-11,1428
real_12,,,,239,dynamic,2022-01,2000-12,2020-10,2021-12,1434
real_12,,,,240,dynamic,2022-02,2000-12,2020-11,2022-01,1440
real_12,,,,241,dynamic,2022-03,2000-12,2020-12,2022-02,1446
real_12,,,,242,dynamic,2022-04,2000-12,2021-01,2022-03,1452
real_12,,,,243,dynamic,2022-05,2000-12,2021-02,2022-04,1458
real_12,,,,244,dynamic,2022-06,2000-12,2021-03,2022-05,1464
real_12,,,,245,dynamic,2022-07,2000-12,2021-04,2022-06,1470
real_12,,,,246,dynamic,2022-08,2000-12,2021-05,2022-07,1476
real_12,,,,247,dynamic,2022-09,2000-12,2021-06,2022-08,1482
real_12,,,,248,dynamic,2022-10,2000-12,2021-07,2022-09,1488
real_12,,,,249,dynamic,2022-11,2000-12,2021-08,2022-10,1494
real_12,,,,250,dynamic,2022-12,2000-12,2021-09,2022-11,1500
real_12,,,,251,dynamic,2023-01,2000-12,2021-10,2022-12,1506
real_12,,,,252,dynamic,2023-02,2000-12,2021-11,2023-01,1512
real_12,,,,253,dynamic,2023-03,2000-12,2021-12,2023-02,1518
real_12,,,,254,dynamic,2023-04,2000-12,2022-01,2023-03,1524
real_12,,,,255,dynamic,2023-05,2000-12,2022-02,2023-04,1530
real_12,,,,256,dynamic,2023-06,2000-12,2022-03,2023-05,1536
real_12,,,,257,dynamic,2023-07,2000-12,2022-04,2023-06,1542
real_12,,,,258,dynamic,2023-08,2000-12,2022-05,2023-07,1548
real_12,,,,259,dynamic,2023-09,2000-12,2022-06,2023-08,1554
real_12,,,,260,dynamic,2023-10,2000-12,2022-07,2023-09,1560
real_12,,,,261,dynamic,2023-11,2000-12,2022-08,2023-10,1566
real_12,,,,262,dynamic,2023-12,2000-12,2022-09,2023-11,1572
real_12,,,,263,dynamic,2024-01,2000-12,2022-10,2023-12,1578
real_12,,,,264,dynamic,2024-02,2000-12,2022-11,2024-01,1584
real_12,,,,265,dynamic,2024-03,2000-12,2022-12,2024-02,1590
real_12,,,,266,dynamic,2024-04,2000-12,2023-01,2024-03,1596
real_12,,,,267,dynamic,2024-05,2000-12,2023-02,2024-04,1602
real_12,,,,268,dynamic,2024-06,2000-12,2023-03,2024-05,1608
real_12,,,,269,dynamic,2024-07,2000-12,2023-04,2024-06,1614
real_12,,,,270,dynamic,2024-08,2000-12,2023-05,2024-07,1620
real_12,,,,271,dynamic,2024-09,2000-12,2023-06,2024-08,1626
real_12,,,,272,dynamic,2024-10,2000-12,2023-07,2024-09,1632
real_12,,,,273,dynamic,2024-11,2000-12,2023-08,2024-10,1638
real_12,,,,274,dynamic,2024-12,2000-12,2023-09,2024-11,1644
real_12,,,,275,dynamic,2025-01,2000-12,2023-10,2024-12,1650
real_12,,,,276,dynamic,2025-02,2000-12,2023-11,2025-01,1656
real_12,,,,277,dynamic,2025-03,2000-12,2023-12,2025-02,1662
real_12,,,,278,dynamic,2025-04,2000-12,2024-01,2025-03,1668
real_12,,,,279,dynamic,2025-05,2000-12,2024-02,2025-04,1674
real_12,,,,280,dynamic,2025-06,2000-12,2024-03,2025-05,1680
real_12,,,,281,dynamic,2025-07,2000-12,2024-04,2025-06,1686
real_12,,,,282,dynamic,2025-08,2000-12,2024-05,2025-07,1692
real_12,,,,283,dynamic,2025-09,2000-12,2024-06,2025-08,1698
real_12,,,,284,dynamic,2025-10,2000-12,2024-07,2025-09,1704
real_12,,,,285,dynamic,2025-11,2000-12,2024-08,2025-10,1710
real_12,,,,286,dynamic,2025-12,2000-12,2024-09,2025-11,1716
real_12,,,,287,dynamic,2026-01,2000-12,2024-10,2025-12,1722
real_12,,,,288,dynamic,2026-02,2000-12,2024-11,2026-01,1728
real_12,,,,289,dynamic,2026-03,2000-12,2024-12,2026-02,1734
real_12,,,,290,dynamic,2026-04,2000-12,2025-01,2026-03,1740
real_12,,,,291,dynamic,2026-05,2000-12,2025-02,2026-04,1746
real_12,,,,292,dynamic,2026-06,2000-12,2025-03,2026-05,1752
real_12,,,,293,dynamic,2026-07,2000-12,2025-04,2026-06,1758
real_12,,,,294,dynamic,2026-08,2000-12,2025-05,2026-07,1764
real_12,,,,60,annual,2014-03,2008-01,2012-12,2014-02,360
real_12,,,,61,annual,2014-04,2008-01,2013-01,2014-03,366
real_12,,,,62,annual,2014-05,2008-01,2013-02,2014-04,372
real_12,,,,63,annual,2014-06,2008-01,2013-03,2014-05,378
real_12,,,,64,annual,2014-07,2008-01,2013-04,2014-06,384
real_12,,,,65,annual,2014-08,2008-01,2013-05,2014-07,390
real_12,,,,66,annual,2014-09,2008-01,2013-06,2014-08,396
real_12,,,,67,annual,2014-10,2008-01,2013-07,2014-09,402
real_12,,,,68,annual,2014-11,2008-01,2013-08,2014-10,408
real_12,,,,69,annual,2014-12,2008-01,2013-09,2014-11,414
real_12,,,,70,annual,2015-01,2008-01,2013-10,2014-12,420
real_12,,,,71,annual,2015-02,2008-01,2013-11,2015-01,426
real_12,,,,72,annual,2015-03,2008-01,2013-12,2015-02,432
real_12,,,,73,annual,2015-04,2008-01,2014-01,2015-03,438
real_12,,,,74,annual,2015-05,2008-01,2014-02,2015-04,444
real_12,,,,75,annual,2015-06,2008-01,2014-03,2015-05,450
real_12,,,,76,annual,2015-07,2008-01,2014-04,2015-06,456
real_12,,,,77,annual,2015-08,2008-01,2014-05,2015-07,462
real_12,,,,78,annual,2015-09,2008-01,2014-06,2015-08,468
real_12,,,,79,annual,2015-10,2008-01,2014-07,2015-09,474
real_12,,,,80,annual,2015-11,2008-01,2014-08,2015-10,480
real_12,,,,81,annual,2015-12,2008-01,2014-09,2015-11,486
real_12,,,,82,annual,2016-01,2008-01,2014-10,2015-12,492
real_12,,,,83,annual,2016-02,2008-01,2014-11,2016-01,498
real_12,,,,84,annual,2016-03,2008-01,2014-12,2016-02,504
real_12,,,,85,annual,2016-04,2008-01,2015-01,2016-03,510
real_12,,,,86,annual,2016-05,2008-01,2015-02,2016-04,516
real_12,,,,87,annual,2016-06,2008-01,2015-03,2016-05,522
real_12,,,,88,annual,2016-07,2008-01,2015-04,2016-06,528
real_12,,,,89,annual,2016-08,2008-01,2015-05,2016-07,534
real_12,,,,90,annual,2016-09,2008-01,2015-06,2016-08,540
real_12,,,,91,annual,2016-10,2008-01,2015-07,2016-09,546
real_12,,,,92,annual,2016-11,2008-01,2015-08,2016-10,552
real_12,,,,93,annual,2016-12,2008-01,2015-09,2016-11,558
real_12,,,,94,annual,2017-01,2008-01,2015-10,2016-12,564
real_12,,,,95,annual,2017-02,2008-01,2015-11,2017-01,570
real_12,,,,96,annual,2017-03,2008-01,2015-12,2017-02,576
real_12,,,,97,annual,2017-04,2008-01,2016-01,2017-03,582
real_12,,,,98,annual,2017-05,2008-01,2016-02,2017-04,588
real_12,,,,99,annual,2017-06,2008-01,2016-03,2017-05,594
real_12,,,,100,annual,2017-07,2008-01,2016-04,2017-06,600
real_12,,,,101,annual,2017-08,2008-01,2016-05,2017-07,606
real_12,,,,102,annual,2017-09,2008-01,2016-06,2017-08,612
real_12,,,,103,annual,2017-10,2008-01,2016-07,2017-09,618
real_12,,,,104,annual,2017-11,2008-01,2016-08,2017-10,624
real_12,,,,105,annual,2017-12,2008-01,2016-09,2017-11,630
real_12,,,,106,annual,2018-01,2008-01,2016-10,2017-12,636
real_12,,,,107,annual,2018-02,2008-01,2016-11,2018-01,642
real_12,,,,108,annual,2018-03,2008-01,2016-12,2018-02,648
real_12,,,,109,annual,2018-04,2008-01,2017-01,2018-03,654
real_12,,,,110,annual,2018-05,2008-01,2017-02,2018-04,660
real_12,,,,111,annual,2018-06,2008-01,2017-03,2018-05,666
real_12,,,,112,annual,2018-07,2008-01,2017-04,2018-06,672
real_12,,,,113,annual,2018-08,2008-01,2017-05,2018-07,678
real_12,,,,114,annual,2018-09,2008-01,2017-06,2018-08,684
real_12,,,,115,annual,2018-10,2008-01,2017-07,2018-09,690
real_12,,,,116,annual,2018-11,2008-01,2017-08,2018-10,696
real_12,,,,117,annual,2018-12,2008-01,2017-09,2018-11,702
real_12,,,,118,annual,2019-01,2008-01,2017-10,2018-12,708
real_12,,,,119,annual,2019-02,2008-01,2017-11,2019-01,714
real_12,,,,120,annual,2019-03,2008-01,2017-12,2019-02,720
real_12,,,,121,annual,2019-04,2008-01,2018-01,2019-03,726
real_12,,,,122,annual,2019-05,2008-01,2018-02,2019-04,732
real_12,,,,123,annual,2019-06,2008-01,2018-03,2019-05,738
real_12,,,,124,annual,2019-07,2008-01,2018-04,2019-06,744
real_12,,,,125,annual,2019-08,2008-01,2018-05,2019-07,750
real_12,,,,126,annual,2019-09,2008-01,2018-06,2019-08,756
real_12,,,,127,annual,2019-10,2008-01,2018-07,2019-09,762
real_12,,,,128,annual,2019-11,2008-01,2018-08,2019-10,768
real_12,,,,129,annual,2019-12,2008-01,2018-09,2019-11,774
real_12,,,,130,annual,2020-01,2008-01,2018-10,2019-12,780
real_12,,,,131,annual,2020-02,2008-01,2018-11,2020-01,786
real_12,,,,132,annual,2020-03,2008-01,2018-12,2020-02,792
real_12,,,,133,annual,2020-04,2008-01,2019-01,2020-03,798
real_12,,,,134,annual,2020-05,2008-01,2019-02,2020-04,804
real_12,,,,135,annual,2020-06,2008-01,2019-03,2020-05,810
real_12,,,,136,annual,2020-07,2008-01,2019-04,2020-06,816
real_12,,,,137,annual,2020-08,2008-01,2019-05,2020-07,822
real_12,,,,138,annual,2020-09,2008-01,2019-06,2020-08,828
real_12,,,,139,annual,2020-10,2008-01,2019-07,2020-09,834
real_12,,,,140,annual,2020-11,2008-01,2019-08,2020-10,840
real_12,,,,141,annual,2020-12,2008-01,2019-09,2020-11,846
real_12,,,,142,annual,2021-01,2008-01,2019-10,2020-12,852
real_12,,,,143,annual,2021-02,2008-01,2019-11,2021-01,858
real_12,,,,144,annual,2021-03,2008-01,2019-12,2021-02,864
real_12,,,,145,annual,2021-04,2008-01,2020-01,2021-03,870
real_12,,,,146,annual,2021-05,2008-01,2020-02,2021-04,876
real_12,,,,147,annual,2021-06,2008-01,2020-03,2021-05,882
real_12,,,,148,annual,2021-07,2008-01,2020-04,2021-06,888
real_12,,,,149,annual,2021-08,2008-01,2020-05,2021-07,894
real_12,,,,150,annual,2021-09,2008-01,2020-06,2021-08,900
real_12,,,,151,annual,2021-10,2008-01,2020-07,2021-09,906
real_12,,,,152,annual,2021-11,2008-01,2020-08,2021-10,912
real_12,,,,153,annual,2021-12,2008-01,2020-09,2021-11,918
real_12,,,,154,annual,2022-01,2008-01,2020-10,2021-12,924
real_12,,,,155,annual,2022-02,2008-01,2020-11,2022-01,930
real_12,,,,156,annual,2022-03,2008-01,2020-12,2022-02,936
real_12,,,,157,annual,2022-04,2008-01,2021-01,2022-03,942
real_12,,,,158,annual,2022-05,2008-01,2021-02,2022-04,948
real_12,,,,159,annual,2022-06,2008-01,2021-03,2022-05,954
real_12,,,,160,annual,2022-07,2008-01,2021-04,2022-06,960
real_12,,,,161,annual,2022-08,2008-01,2021-05,2022-07,966
real_12,,,,162,annual,2022-09,2008-01,2021-06,2022-08,972
real_12,,,,163,annual,2022-10,2008-01,2021-07,2022-09,978
real_12,,,,164,annual,2022-11,2008-01,2021-08,2022-10,984
real_12,,,,165,annual,2022-12,2008-01,2021-09,2022-11,990
real_12,,,,166,annual,2023-01,2008-01,2021-10,2022-12,996
real_12,,,,167,annual,2023-02,2008-01,2021-11,2023-01,1002
real_12,,,,168,annual,2023-03,2008-01,2021-12,2023-02,1008
real_12,,,,169,annual,2023-04,2008-01,2022-01,2023-03,1014
real_12,,,,170,annual,2023-05,2008-01,2022-02,2023-04,1020
real_12,,,,171,annual,2023-06,2008-01,2022-03,2023-05,1026
real_12,,,,172,annual,2023-07,2008-01,2022-04,2023-06,1032
real_12,,,,173,annual,2023-08,2008-01,2022-05,2023-07,1038
real_12,,,,174,annual,2023-09,2008-01,2022-06,2023-08,1044
real_12,,,,175,annual,2023-10,2008-01,2022-07,2023-09,1050
real_12,,,,176,annual,2023-11,2008-01,2022-08,2023-10,1056
real_12,,,,177,annual,2023-12,2008-01,2022-09,2023-11,1062
real_12,,,,178,annual,2024-01,2008-01,2022-10,2023-12,1068
real_12,,,,179,annual,2024-02,2008-01,2022-11,2024-01,1074
real_12,,,,180,annual,2024-03,2008-01,2022-12,2024-02,1080
real_12,,,,181,annual,2024-04,2008-01,2023-01,2024-03,1086
real_12,,,,182,annual,2024-05,2008-01,2023-02,2024-04,1092
real_12,,,,183,annual,2024-06,2008-01,2023-03,2024-05,1098
real_12,,,,184,annual,2024-07,2008-01,2023-04,2024-06,1104
real_12,,,,185,annual,2024-08,2008-01,2023-05,2024-07,1110
real_12,,,,186,annual,2024-09,2008-01,2023-06,2024-08,1116
real_12,,,,187,annual,2024-10,2008-01,2023-07,2024-09,1122
real_12,,,,188,annual,2024-11,2008-01,2023-08,2024-10,1128
real_12,,,,189,annual,2024-12,2008-01,2023-09,2024-11,1134
real_12,,,,190,annual,2025-01,2008-01,2023-10,2024-12,1140
real_12,,,,191,annual,2025-02,2008-01,2023-11,2025-01,1146
real_12,,,,192,annual,2025-03,2008-01,2023-12,2025-02,1152
real_12,,,,193,annual,2025-04,2008-01,2024-01,2025-03,1158
real_12,,,,194,annual,2025-05,2008-01,2024-02,2025-04,1164
real_12,,,,195,annual,2025-06,2008-01,2024-03,2025-05,1170
real_12,,,,196,annual,2025-07,2008-01,2024-04,2025-06,1176
real_12,,,,197,annual,2025-08,2008-01,2024-05,2025-07,1182
real_12,,,,198,annual,2025-09,2008-01,2024-06,2025-08,1188
real_12,,,,199,annual,2025-10,2008-01,2024-07,2025-09,1194
real_12,,,,200,annual,2025-11,2008-01,2024-08,2025-10,1200
real_12,,,,201,annual,2025-12,2008-01,2024-09,2025-11,1206
real_12,,,,202,annual,2026-01,2008-01,2024-10,2025-12,1212
real_12,,,,203,annual,2026-02,2008-01,2024-11,2026-01,1218
real_12,,,,204,annual,2026-03,2008-01,2024-12,2026-02,1224
real_12,,,,205,annual,2026-04,2008-01,2025-01,2026-03,1230
real_12,,,,206,annual,2026-05,2008-01,2025-02,2026-04,1236
real_12,,,,207,annual,2026-06,2008-01,2025-03,2026-05,1242
real_12,,,,208,annual,2026-07,2008-01,2025-04,2026-06,1248
real_12,,,,209,annual,2026-08,2008-01,2025-05,2026-07,1254
real_12,,,,60,structure,2017-03,2011-01,2015-12,2017-02,360
real_12,,,,61,structure,2017-04,2011-01,2016-01,2017-03,366
real_12,,,,62,structure,2017-05,2011-01,2016-02,2017-04,372
real_12,,,,63,structure,2017-06,2011-01,2016-03,2017-05,378
real_12,,,,64,structure,2017-07,2011-01,2016-04,2017-06,384
real_12,,,,65,structure,2017-08,2011-01,2016-05,2017-07,390
real_12,,,,66,structure,2017-09,2011-01,2016-06,2017-08,396
real_12,,,,67,structure,2017-10,2011-01,2016-07,2017-09,402
real_12,,,,68,structure,2017-11,2011-01,2016-08,2017-10,408
real_12,,,,69,structure,2017-12,2011-01,2016-09,2017-11,414
real_12,,,,70,structure,2018-01,2011-01,2016-10,2017-12,420
real_12,,,,71,structure,2018-02,2011-01,2016-11,2018-01,426
real_12,,,,72,structure,2018-03,2011-01,2016-12,2018-02,432
real_12,,,,73,structure,2018-04,2011-01,2017-01,2018-03,438
real_12,,,,74,structure,2018-05,2011-01,2017-02,2018-04,444
real_12,,,,75,structure,2018-06,2011-01,2017-03,2018-05,450
real_12,,,,76,structure,2018-07,2011-01,2017-04,2018-06,456
real_12,,,,77,structure,2018-08,2011-01,2017-05,2018-07,462
real_12,,,,78,structure,2018-09,2011-01,2017-06,2018-08,468
real_12,,,,79,structure,2018-10,2011-01,2017-07,2018-09,474
real_12,,,,80,structure,2018-11,2011-01,2017-08,2018-10,480
real_12,,,,81,structure,2018-12,2011-01,2017-09,2018-11,486
real_12,,,,82,structure,2019-01,2011-01,2017-10,2018-12,492
real_12,,,,83,structure,2019-02,2011-01,2017-11,2019-01,498
real_12,,,,84,structure,2019-03,2011-01,2017-12,2019-02,504
real_12,,,,85,structure,2019-04,2011-01,2018-01,2019-03,510
real_12,,,,86,structure,2019-05,2011-01,2018-02,2019-04,516
real_12,,,,87,structure,2019-06,2011-01,2018-03,2019-05,522
real_12,,,,88,structure,2019-07,2011-01,2018-04,2019-06,528
real_12,,,,89,structure,2019-08,2011-01,2018-05,2019-07,534
real_12,,,,90,structure,2019-09,2011-01,2018-06,2019-08,540
real_12,,,,91,structure,2019-10,2011-01,2018-07,2019-09,546
real_12,,,,92,structure,2019-11,2011-01,2018-08,2019-10,552
real_12,,,,93,structure,2019-12,2011-01,2018-09,2019-11,558
real_12,,,,94,structure,2020-01,2011-01,2018-10,2019-12,564
real_12,,,,95,structure,2020-02,2011-01,2018-11,2020-01,570
real_12,,,,96,structure,2020-03,2011-01,2018-12,2020-02,576
real_12,,,,97,structure,2020-04,2011-01,2019-01,2020-03,582
real_12,,,,98,structure,2020-05,2011-01,2019-02,2020-04,588
real_12,,,,99,structure,2020-06,2011-01,2019-03,2020-05,594
real_12,,,,100,structure,2020-07,2011-01,2019-04,2020-06,600
real_12,,,,101,structure,2020-08,2011-01,2019-05,2020-07,606
real_12,,,,102,structure,2020-09,2011-01,2019-06,2020-08,612
real_12,,,,103,structure,2020-10,2011-01,2019-07,2020-09,618
real_12,,,,104,structure,2020-11,2011-01,2019-08,2020-10,624
real_12,,,,105,structure,2020-12,2011-01,2019-09,2020-11,630
real_12,,,,106,structure,2021-01,2011-01,2019-10,2020-12,636
real_12,,,,107,structure,2021-02,2011-01,2019-11,2021-01,642
real_12,,,,108,structure,2021-03,2011-01,2019-12,2021-02,648
real_12,,,,109,structure,2021-04,2011-01,2020-01,2021-03,654
real_12,,,,110,structure,2021-05,2011-01,2020-02,2021-04,660
real_12,,,,111,structure,2021-06,2011-01,2020-03,2021-05,666
real_12,,,,112,structure,2021-07,2011-01,2020-04,2021-06,672
real_12,,,,113,structure,2021-08,2011-01,2020-05,2021-07,678
real_12,,,,114,structure,2021-09,2011-01,2020-06,2021-08,684
real_12,,,,115,structure,2021-10,2011-01,2020-07,2021-09,690
real_12,,,,116,structure,2021-11,2011-01,2020-08,2021-10,696
real_12,,,,117,structure,2021-12,2011-01,2020-09,2021-11,702
real_12,,,,118,structure,2022-01,2011-01,2020-10,2021-12,708
real_12,,,,119,structure,2022-02,2011-01,2020-11,2022-01,714
real_12,,,,120,structure,2022-03,2011-01,2020-12,2022-02,720
real_12,,,,121,structure,2022-04,2011-01,2021-01,2022-03,726
real_12,,,,122,structure,2022-05,2011-01,2021-02,2022-04,732
real_12,,,,123,structure,2022-06,2011-01,2021-03,2022-05,738
real_12,,,,124,structure,2022-07,2011-01,2021-04,2022-06,744
real_12,,,,125,structure,2022-08,2011-01,2021-05,2022-07,750
real_12,,,,126,structure,2022-09,2011-01,2021-06,2022-08,756
real_12,,,,127,structure,2022-10,2011-01,2021-07,2022-09,762
real_12,,,,128,structure,2022-11,2011-01,2021-08,2022-10,768
real_12,,,,129,structure,2022-12,2011-01,2021-09,2022-11,774
real_12,,,,130,structure,2023-01,2011-01,2021-10,2022-12,780
real_12,,,,131,structure,2023-02,2011-01,2021-11,2023-01,786
real_12,,,,132,structure,2023-03,2011-01,2021-12,2023-02,792
real_12,,,,133,structure,2023-04,2011-01,2022-01,2023-03,798
real_12,,,,134,structure,2023-05,2011-01,2022-02,2023-04,804
real_12,,,,135,structure,2023-06,2011-01,2022-03,2023-05,810
real_12,,,,136,structure,2023-07,2011-01,2022-04,2023-06,816
real_12,,,,137,structure,2023-08,2011-01,2022-05,2023-07,822
real_12,,,,138,structure,2023-09,2011-01,2022-06,2023-08,828
real_12,,,,139,structure,2023-10,2011-01,2022-07,2023-09,834
real_12,,,,140,structure,2023-11,2011-01,2022-08,2023-10,840
real_12,,,,141,structure,2023-12,2011-01,2022-09,2023-11,846
real_12,,,,142,structure,2024-01,2011-01,2022-10,2023-12,852
real_12,,,,143,structure,2024-02,2011-01,2022-11,2024-01,858
real_12,,,,144,structure,2024-03,2011-01,2022-12,2024-02,864
real_12,,,,145,structure,2024-04,2011-01,2023-01,2024-03,870
real_12,,,,146,structure,2024-05,2011-01,2023-02,2024-04,876
real_12,,,,147,structure,2024-06,2011-01,2023-03,2024-05,882
real_12,,,,148,structure,2024-07,2011-01,2023-04,2024-06,888
real_12,,,,149,structure,2024-08,2011-01,2023-05,2024-07,894
real_12,,,,150,structure,2024-09,2011-01,2023-06,2024-08,900
real_12,,,,151,structure,2024-10,2011-01,2023-07,2024-09,906
real_12,,,,152,structure,2024-11,2011-01,2023-08,2024-10,912
real_12,,,,153,structure,2024-12,2011-01,2023-09,2024-11,918
real_12,,,,154,structure,2025-01,2011-01,2023-10,2024-12,924
real_12,,,,155,structure,2025-02,2011-01,2023-11,2025-01,930
real_12,,,,156,structure,2025-03,2011-01,2023-12,2025-02,936
real_12,,,,157,structure,2025-04,2011-01,2024-01,2025-03,942
real_12,,,,158,structure,2025-05,2011-01,2024-02,2025-04,948
real_12,,,,159,structure,2025-06,2011-01,2024-03,2025-05,954
real_12,,,,160,structure,2025-07,2011-01,2024-04,2025-06,960
real_12,,,,161,structure,2025-08,2011-01,2024-05,2025-07,966
real_12,,,,162,structure,2025-09,2011-01,2024-06,2025-08,972
real_12,,,,163,structure,2025-10,2011-01,2024-07,2025-09,978
real_12,,,,164,structure,2025-11,2011-01,2024-08,2025-10,984
real_12,,,,165,structure,2025-12,2011-01,2024-09,2025-11,990
real_12,,,,166,structure,2026-01,2011-01,2024-10,2025-12,996
real_12,,,,167,structure,2026-02,2011-01,2024-11,2026-01,1002
real_12,,,,168,structure,2026-03,2011-01,2024-12,2026-02,1008
real_12,,,,169,structure,2026-04,2011-01,2025-01,2026-03,1014
real_12,,,,170,structure,2026-05,2011-01,2025-02,2026-04,1020
real_12,,,,171,structure,2026-06,2011-01,2025-03,2026-05,1026
real_12,,,,172,structure,2026-07,2011-01,2025-04,2026-06,1032
real_12,,,,173,structure,2026-08,2011-01,2025-05,2026-07,1038
real_12,,,,60,All,2017-03,2011-01,2015-12,2017-02,360
real_12,,,,61,All,2017-04,2011-01,2016-01,2017-03,366
real_12,,,,62,All,2017-05,2011-01,2016-02,2017-04,372
real_12,,,,63,All,2017-06,2011-01,2016-03,2017-05,378
real_12,,,,64,All,2017-07,2011-01,2016-04,2017-06,384
real_12,,,,65,All,2017-08,2011-01,2016-05,2017-07,390
real_12,,,,66,All,2017-09,2011-01,2016-06,2017-08,396
real_12,,,,67,All,2017-10,2011-01,2016-07,2017-09,402
real_12,,,,68,All,2017-11,2011-01,2016-08,2017-10,408
real_12,,,,69,All,2017-12,2011-01,2016-09,2017-11,414
real_12,,,,70,All,2018-01,2011-01,2016-10,2017-12,420
real_12,,,,71,All,2018-02,2011-01,2016-11,2018-01,426
real_12,,,,72,All,2018-03,2011-01,2016-12,2018-02,432
real_12,,,,73,All,2018-04,2011-01,2017-01,2018-03,438
real_12,,,,74,All,2018-05,2011-01,2017-02,2018-04,444
real_12,,,,75,All,2018-06,2011-01,2017-03,2018-05,450
real_12,,,,76,All,2018-07,2011-01,2017-04,2018-06,456
real_12,,,,77,All,2018-08,2011-01,2017-05,2018-07,462
real_12,,,,78,All,2018-09,2011-01,2017-06,2018-08,468
real_12,,,,79,All,2018-10,2011-01,2017-07,2018-09,474
real_12,,,,80,All,2018-11,2011-01,2017-08,2018-10,480
real_12,,,,81,All,2018-12,2011-01,2017-09,2018-11,486
real_12,,,,82,All,2019-01,2011-01,2017-10,2018-12,492
real_12,,,,83,All,2019-02,2011-01,2017-11,2019-01,498
real_12,,,,84,All,2019-03,2011-01,2017-12,2019-02,504
real_12,,,,85,All,2019-04,2011-01,2018-01,2019-03,510
real_12,,,,86,All,2019-05,2011-01,2018-02,2019-04,516
real_12,,,,87,All,2019-06,2011-01,2018-03,2019-05,522
real_12,,,,88,All,2019-07,2011-01,2018-04,2019-06,528
real_12,,,,89,All,2019-08,2011-01,2018-05,2019-07,534
real_12,,,,90,All,2019-09,2011-01,2018-06,2019-08,540
real_12,,,,91,All,2019-10,2011-01,2018-07,2019-09,546
real_12,,,,92,All,2019-11,2011-01,2018-08,2019-10,552
real_12,,,,93,All,2019-12,2011-01,2018-09,2019-11,558
real_12,,,,94,All,2020-01,2011-01,2018-10,2019-12,564
real_12,,,,95,All,2020-02,2011-01,2018-11,2020-01,570
real_12,,,,96,All,2020-03,2011-01,2018-12,2020-02,576
real_12,,,,97,All,2020-04,2011-01,2019-01,2020-03,582
real_12,,,,98,All,2020-05,2011-01,2019-02,2020-04,588
real_12,,,,99,All,2020-06,2011-01,2019-03,2020-05,594
real_12,,,,100,All,2020-07,2011-01,2019-04,2020-06,600
real_12,,,,101,All,2020-08,2011-01,2019-05,2020-07,606
real_12,,,,102,All,2020-09,2011-01,2019-06,2020-08,612
real_12,,,,103,All,2020-10,2011-01,2019-07,2020-09,618
real_12,,,,104,All,2020-11,2011-01,2019-08,2020-10,624
real_12,,,,105,All,2020-12,2011-01,2019-09,2020-11,630
real_12,,,,106,All,2021-01,2011-01,2019-10,2020-12,636
real_12,,,,107,All,2021-02,2011-01,2019-11,2021-01,642
real_12,,,,108,All,2021-03,2011-01,2019-12,2021-02,648
real_12,,,,109,All,2021-04,2011-01,2020-01,2021-03,654
real_12,,,,110,All,2021-05,2011-01,2020-02,2021-04,660
real_12,,,,111,All,2021-06,2011-01,2020-03,2021-05,666
real_12,,,,112,All,2021-07,2011-01,2020-04,2021-06,672
real_12,,,,113,All,2021-08,2011-01,2020-05,2021-07,678
real_12,,,,114,All,2021-09,2011-01,2020-06,2021-08,684
real_12,,,,115,All,2021-10,2011-01,2020-07,2021-09,690
real_12,,,,116,All,2021-11,2011-01,2020-08,2021-10,696
real_12,,,,117,All,2021-12,2011-01,2020-09,2021-11,702
real_12,,,,118,All,2022-01,2011-01,2020-10,2021-12,708
real_12,,,,119,All,2022-02,2011-01,2020-11,2022-01,714
real_12,,,,120,All,2022-03,2011-01,2020-12,2022-02,720
real_12,,,,121,All,2022-04,2011-01,2021-01,2022-03,726
real_12,,,,122,All,2022-05,2011-01,2021-02,2022-04,732
real_12,,,,123,All,2022-06,2011-01,2021-03,2022-05,738
real_12,,,,124,All,2022-07,2011-01,2021-04,2022-06,744
real_12,,,,125,All,2022-08,2011-01,2021-05,2022-07,750
real_12,,,,126,All,2022-09,2011-01,2021-06,2022-08,756
real_12,,,,127,All,2022-10,2011-01,2021-07,2022-09,762
real_12,,,,128,All,2022-11,2011-01,2021-08,2022-10,768
real_12,,,,129,All,2022-12,2011-01,2021-09,2022-11,774
real_12,,,,130,All,2023-01,2011-01,2021-10,2022-12,780
real_12,,,,131,All,2023-02,2011-01,2021-11,2023-01,786
real_12,,,,132,All,2023-03,2011-01,2021-12,2023-02,792
real_12,,,,133,All,2023-04,2011-01,2022-01,2023-03,798
real_12,,,,134,All,2023-05,2011-01,2022-02,2023-04,804
real_12,,,,135,All,2023-06,2011-01,2022-03,2023-05,810
real_12,,,,136,All,2023-07,2011-01,2022-04,2023-06,816
real_12,,,,137,All,2023-08,2011-01,2022-05,2023-07,822
real_12,,,,138,All,2023-09,2011-01,2022-06,2023-08,828
real_12,,,,139,All,2023-10,2011-01,2022-07,2023-09,834
real_12,,,,140,All,2023-11,2011-01,2022-08,2023-10,840
real_12,,,,141,All,2023-12,2011-01,2022-09,2023-11,846
real_12,,,,142,All,2024-01,2011-01,2022-10,2023-12,852
real_12,,,,143,All,2024-02,2011-01,2022-11,2024-01,858
real_12,,,,144,All,2024-03,2011-01,2022-12,2024-02,864
real_12,,,,145,All,2024-04,2011-01,2023-01,2024-03,870
real_12,,,,146,All,2024-05,2011-01,2023-02,2024-04,876
real_12,,,,147,All,2024-06,2011-01,2023-03,2024-05,882
real_12,,,,148,All,2024-07,2011-01,2023-04,2024-06,888
real_12,,,,149,All,2024-08,2011-01,2023-05,2024-07,894
real_12,,,,150,All,2024-09,2011-01,2023-06,2024-08,900
real_12,,,,151,All,2024-10,2011-01,2023-07,2024-09,906
real_12,,,,152,All,2024-11,2011-01,2023-08,2024-10,912
real_12,,,,153,All,2024-12,2011-01,2023-09,2024-11,918
real_12,,,,154,All,2025-01,2011-01,2023-10,2024-12,924
real_12,,,,155,All,2025-02,2011-01,2023-11,2025-01,930
real_12,,,,156,All,2025-03,2011-01,2023-12,2025-02,936
real_12,,,,157,All,2025-04,2011-01,2024-01,2025-03,942
real_12,,,,158,All,2025-05,2011-01,2024-02,2025-04,948
real_12,,,,159,All,2025-06,2011-01,2024-03,2025-05,954
real_12,,,,160,All,2025-07,2011-01,2024-04,2025-06,960
real_12,,,,161,All,2025-08,2011-01,2024-05,2025-07,966
real_12,,,,162,All,2025-09,2011-01,2024-06,2025-08,972
real_12,,,,163,All,2025-10,2011-01,2024-07,2025-09,978
real_12,,,,164,All,2025-11,2011-01,2024-08,2025-10,984
real_12,,,,165,All,2025-12,2011-01,2024-09,2025-11,990
real_12,,,,166,All,2026-01,2011-01,2024-10,2025-12,996
real_12,,,,167,All,2026-02,2011-01,2024-11,2026-01,1002
real_12,,,,168,All,2026-03,2011-01,2024-12,2026-02,1008
real_12,,,,169,All,2026-04,2011-01,2025-01,2026-03,1014
real_12,,,,170,All,2026-05,2011-01,2025-02,2026-04,1020
real_12,,,,171,All,2026-06,2011-01,2025-03,2026-05,1026
real_12,,,,172,All,2026-07,2011-01,2025-04,2026-06,1032
real_12,,,,173,All,2026-08,2011-01,2025-05,2026-07,1038
persistent_12,,,,60,Base,2007-02,2000-12,2005-11,2007-01,360
persistent_12,,,,61,Base,2007-03,2000-12,2005-12,2007-02,366
persistent_12,,,,62,Base,2007-04,2000-12,2006-01,2007-03,372
persistent_12,,,,63,Base,2007-05,2000-12,2006-02,2007-04,378
persistent_12,,,,64,Base,2007-06,2000-12,2006-03,2007-05,384
persistent_12,,,,65,Base,2007-07,2000-12,2006-04,2007-06,390
persistent_12,,,,66,Base,2007-08,2000-12,2006-05,2007-07,396
persistent_12,,,,67,Base,2007-09,2000-12,2006-06,2007-08,402
persistent_12,,,,68,Base,2007-10,2000-12,2006-07,2007-09,408
persistent_12,,,,69,Base,2007-11,2000-12,2006-08,2007-10,414
persistent_12,,,,70,Base,2007-12,2000-12,2006-09,2007-11,420
persistent_12,,,,71,Base,2008-01,2000-12,2006-10,2007-12,426
persistent_12,,,,72,Base,2008-02,2000-12,2006-11,2008-01,432
persistent_12,,,,73,Base,2008-03,2000-12,2006-12,2008-02,438
persistent_12,,,,74,Base,2008-04,2000-12,2007-01,2008-03,444
persistent_12,,,,75,Base,2008-05,2000-12,2007-02,2008-04,450
persistent_12,,,,76,Base,2008-06,2000-12,2007-03,2008-05,456
persistent_12,,,,77,Base,2008-07,2000-12,2007-04,2008-06,462
persistent_12,,,,78,Base,2008-08,2000-12,2007-05,2008-07,468
persistent_12,,,,79,Base,2008-09,2000-12,2007-06,2008-08,474
persistent_12,,,,80,Base,2008-10,2000-12,2007-07,2008-09,480
persistent_12,,,,81,Base,2008-11,2000-12,2007-08,2008-10,486
persistent_12,,,,82,Base,2008-12,2000-12,2007-09,2008-11,492
persistent_12,,,,83,Base,2009-01,2000-12,2007-10,2008-12,498
persistent_12,,,,84,Base,2009-02,2000-12,2007-11,2009-01,504
persistent_12,,,,85,Base,2009-03,2000-12,2007-12,2009-02,510
persistent_12,,,,86,Base,2009-04,2000-12,2008-01,2009-03,516
persistent_12,,,,87,Base,2009-05,2000-12,2008-02,2009-04,522
persistent_12,,,,88,Base,2009-06,2000-12,2008-03,2009-05,528
persistent_12,,,,89,Base,2009-07,2000-12,2008-04,2009-06,534
persistent_12,,,,90,Base,2009-08,2000-12,2008-05,2009-07,540
persistent_12,,,,91,Base,2009-09,2000-12,2008-06,2009-08,546
persistent_12,,,,92,Base,2009-10,2000-12,2008-07,2009-09,552
persistent_12,,,,93,Base,2009-11,2000-12,2008-08,2009-10,558
persistent_12,,,,94,Base,2009-12,2000-12,2008-09,2009-11,564
persistent_12,,,,95,Base,2010-01,2000-12,2008-10,2009-12,570
persistent_12,,,,96,Base,2010-02,2000-12,2008-11,2010-01,576
persistent_12,,,,97,Base,2010-03,2000-12,2008-12,2010-02,582
persistent_12,,,,98,Base,2010-04,2000-12,2009-01,2010-03,588
persistent_12,,,,99,Base,2010-05,2000-12,2009-02,2010-04,594
persistent_12,,,,100,Base,2010-06,2000-12,2009-03,2010-05,600
persistent_12,,,,101,Base,2010-07,2000-12,2009-04,2010-06,606
persistent_12,,,,102,Base,2010-08,2000-12,2009-05,2010-07,612
persistent_12,,,,103,Base,2010-09,2000-12,2009-06,2010-08,618
persistent_12,,,,104,Base,2010-10,2000-12,2009-07,2010-09,624
persistent_12,,,,105,Base,2010-11,2000-12,2009-08,2010-10,630
persistent_12,,,,106,Base,2010-12,2000-12,2009-09,2010-11,636
persistent_12,,,,107,Base,2011-01,2000-12,2009-10,2010-12,642
persistent_12,,,,108,Base,2011-02,2000-12,2009-11,2011-01,648
persistent_12,,,,109,Base,2011-03,2000-12,2009-12,2011-02,654
persistent_12,,,,110,Base,2011-04,2000-12,2010-01,2011-03,660
persistent_12,,,,111,Base,2011-05,2000-12,2010-02,2011-04,666
persistent_12,,,,112,Base,2011-06,2000-12,2010-03,2011-05,672
persistent_12,,,,113,Base,2011-07,2000-12,2010-04,2011-06,678
persistent_12,,,,114,Base,2011-08,2000-12,2010-05,2011-07,684
persistent_12,,,,115,Base,2011-09,2000-12,2010-06,2011-08,690
persistent_12,,,,116,Base,2011-10,2000-12,2010-07,2011-09,696
persistent_12,,,,117,Base,2011-11,2000-12,2010-08,2011-10,702
persistent_12,,,,118,Base,2011-12,2000-12,2010-09,2011-11,708
persistent_12,,,,119,Base,2012-01,2000-12,2010-10,2011-12,714
persistent_12,,,,120,Base,2012-02,2000-12,2010-11,2012-01,720
persistent_12,,,,121,Base,2012-03,2000-12,2010-12,2012-02,726
persistent_12,,,,122,Base,2012-04,2000-12,2011-01,2012-03,732
persistent_12,,,,123,Base,2012-05,2000-12,2011-02,2012-04,738
persistent_12,,,,124,Base,2012-06,2000-12,2011-03,2012-05,744
persistent_12,,,,125,Base,2012-07,2000-12,2011-04,2012-06,750
persistent_12,,,,126,Base,2012-08,2000-12,2011-05,2012-07,756
persistent_12,,,,127,Base,2012-09,2000-12,2011-06,2012-08,762
persistent_12,,,,128,Base,2012-10,2000-12,2011-07,2012-09,768
persistent_12,,,,129,Base,2012-11,2000-12,2011-08,2012-10,774
persistent_12,,,,130,Base,2012-12,2000-12,2011-09,2012-11,780
persistent_12,,,,131,Base,2013-01,2000-12,2011-10,2012-12,786
persistent_12,,,,132,Base,2013-02,2000-12,2011-11,2013-01,792
persistent_12,,,,133,Base,2013-03,2000-12,2011-12,2013-02,798
persistent_12,,,,134,Base,2013-04,2000-12,2012-01,2013-03,804
persistent_12,,,,135,Base,2013-05,2000-12,2012-02,2013-04,810
persistent_12,,,,136,Base,2013-06,2000-12,2012-03,2013-05,816
persistent_12,,,,137,Base,2013-07,2000-12,2012-04,2013-06,822
persistent_12,,,,138,Base,2013-08,2000-12,2012-05,2013-07,828
persistent_12,,,,139,Base,2013-09,2000-12,2012-06,2013-08,834
persistent_12,,,,140,Base,2013-10,2000-12,2012-07,2013-09,840
persistent_12,,,,141,Base,2013-11,2000-12,2012-08,2013-10,846
persistent_12,,,,142,Base,2013-12,2000-12,2012-09,2013-11,852
persistent_12,,,,143,Base,2014-01,2000-12,2012-10,2013-12,858
persistent_12,,,,144,Base,2014-02,2000-12,2012-11,2014-01,864
persistent_12,,,,145,Base,2014-03,2000-12,2012-12,2014-02,870
persistent_12,,,,146,Base,2014-04,2000-12,2013-01,2014-03,876
persistent_12,,,,147,Base,2014-05,2000-12,2013-02,2014-04,882
persistent_12,,,,148,Base,2014-06,2000-12,2013-03,2014-05,888
persistent_12,,,,149,Base,2014-07,2000-12,2013-04,2014-06,894
persistent_12,,,,150,Base,2014-08,2000-12,2013-05,2014-07,900
persistent_12,,,,151,Base,2014-09,2000-12,2013-06,2014-08,906
persistent_12,,,,152,Base,2014-10,2000-12,2013-07,2014-09,912
persistent_12,,,,153,Base,2014-11,2000-12,2013-08,2014-10,918
persistent_12,,,,154,Base,2014-12,2000-12,2013-09,2014-11,924
persistent_12,,,,155,Base,2015-01,2000-12,2013-10,2014-12,930
persistent_12,,,,156,Base,2015-02,2000-12,2013-11,2015-01,936
persistent_12,,,,157,Base,2015-03,2000-12,2013-12,2015-02,942
persistent_12,,,,158,Base,2015-04,2000-12,2014-01,2015-03,948
persistent_12,,,,159,Base,2015-05,2000-12,2014-02,2015-04,954
persistent_12,,,,160,Base,2015-06,2000-12,2014-03,2015-05,960
persistent_12,,,,161,Base,2015-07,2000-12,2014-04,2015-06,966
persistent_12,,,,162,Base,2015-08,2000-12,2014-05,2015-07,972
persistent_12,,,,163,Base,2015-09,2000-12,2014-06,2015-08,978
persistent_12,,,,164,Base,2015-10,2000-12,2014-07,2015-09,984
persistent_12,,,,165,Base,2015-11,2000-12,2014-08,2015-10,990
persistent_12,,,,166,Base,2015-12,2000-12,2014-09,2015-11,996
persistent_12,,,,167,Base,2016-01,2000-12,2014-10,2015-12,1002
persistent_12,,,,168,Base,2016-02,2000-12,2014-11,2016-01,1008
persistent_12,,,,169,Base,2016-03,2000-12,2014-12,2016-02,1014
persistent_12,,,,170,Base,2016-04,2000-12,2015-01,2016-03,1020
persistent_12,,,,171,Base,2016-05,2000-12,2015-02,2016-04,1026
persistent_12,,,,172,Base,2016-06,2000-12,2015-03,2016-05,1032
persistent_12,,,,173,Base,2016-07,2000-12,2015-04,2016-06,1038
persistent_12,,,,174,Base,2016-08,2000-12,2015-05,2016-07,1044
persistent_12,,,,175,Base,2016-09,2000-12,2015-06,2016-08,1050
persistent_12,,,,176,Base,2016-10,2000-12,2015-07,2016-09,1056
persistent_12,,,,177,Base,2016-11,2000-12,2015-08,2016-10,1062
persistent_12,,,,178,Base,2016-12,2000-12,2015-09,2016-11,1068
persistent_12,,,,179,Base,2017-01,2000-12,2015-10,2016-12,1074
persistent_12,,,,180,Base,2017-02,2000-12,2015-11,2017-01,1080
persistent_12,,,,181,Base,2017-03,2000-12,2015-12,2017-02,1086
persistent_12,,,,182,Base,2017-04,2000-12,2016-01,2017-03,1092
persistent_12,,,,183,Base,2017-05,2000-12,2016-02,2017-04,1098
persistent_12,,,,184,Base,2017-06,2000-12,2016-03,2017-05,1104
persistent_12,,,,185,Base,2017-07,2000-12,2016-04,2017-06,1110
persistent_12,,,,186,Base,2017-08,2000-12,2016-05,2017-07,1116
persistent_12,,,,187,Base,2017-09,2000-12,2016-06,2017-08,1122
persistent_12,,,,188,Base,2017-10,2000-12,2016-07,2017-09,1128
persistent_12,,,,189,Base,2017-11,2000-12,2016-08,2017-10,1134
persistent_12,,,,190,Base,2017-12,2000-12,2016-09,2017-11,1140
persistent_12,,,,191,Base,2018-01,2000-12,2016-10,2017-12,1146
persistent_12,,,,192,Base,2018-02,2000-12,2016-11,2018-01,1152
persistent_12,,,,193,Base,2018-03,2000-12,2016-12,2018-02,1158
persistent_12,,,,194,Base,2018-04,2000-12,2017-01,2018-03,1164
persistent_12,,,,195,Base,2018-05,2000-12,2017-02,2018-04,1170
persistent_12,,,,196,Base,2018-06,2000-12,2017-03,2018-05,1176
persistent_12,,,,197,Base,2018-07,2000-12,2017-04,2018-06,1182
persistent_12,,,,198,Base,2018-08,2000-12,2017-05,2018-07,1188
persistent_12,,,,199,Base,2018-09,2000-12,2017-06,2018-08,1194
persistent_12,,,,200,Base,2018-10,2000-12,2017-07,2018-09,1200
persistent_12,,,,201,Base,2018-11,2000-12,2017-08,2018-10,1206
persistent_12,,,,202,Base,2018-12,2000-12,2017-09,2018-11,1212
persistent_12,,,,203,Base,2019-01,2000-12,2017-10,2018-12,1218
persistent_12,,,,204,Base,2019-02,2000-12,2017-11,2019-01,1224
persistent_12,,,,205,Base,2019-03,2000-12,2017-12,2019-02,1230
persistent_12,,,,206,Base,2019-04,2000-12,2018-01,2019-03,1236
persistent_12,,,,207,Base,2019-05,2000-12,2018-02,2019-04,1242
persistent_12,,,,208,Base,2019-06,2000-12,2018-03,2019-05,1248
persistent_12,,,,209,Base,2019-07,2000-12,2018-04,2019-06,1254
persistent_12,,,,210,Base,2019-08,2000-12,2018-05,2019-07,1260
persistent_12,,,,211,Base,2019-09,2000-12,2018-06,2019-08,1266
persistent_12,,,,212,Base,2019-10,2000-12,2018-07,2019-09,1272
persistent_12,,,,213,Base,2019-11,2000-12,2018-08,2019-10,1278
persistent_12,,,,214,Base,2019-12,2000-12,2018-09,2019-11,1284
persistent_12,,,,215,Base,2020-01,2000-12,2018-10,2019-12,1290
persistent_12,,,,216,Base,2020-02,2000-12,2018-11,2020-01,1296
persistent_12,,,,217,Base,2020-03,2000-12,2018-12,2020-02,1302
persistent_12,,,,218,Base,2020-04,2000-12,2019-01,2020-03,1308
persistent_12,,,,219,Base,2020-05,2000-12,2019-02,2020-04,1314
persistent_12,,,,220,Base,2020-06,2000-12,2019-03,2020-05,1320
persistent_12,,,,221,Base,2020-07,2000-12,2019-04,2020-06,1326
persistent_12,,,,222,Base,2020-08,2000-12,2019-05,2020-07,1332
persistent_12,,,,223,Base,2020-09,2000-12,2019-06,2020-08,1338
persistent_12,,,,224,Base,2020-10,2000-12,2019-07,2020-09,1344
persistent_12,,,,225,Base,2020-11,2000-12,2019-08,2020-10,1350
persistent_12,,,,226,Base,2020-12,2000-12,2019-09,2020-11,1356
persistent_12,,,,227,Base,2021-01,2000-12,2019-10,2020-12,1362
persistent_12,,,,228,Base,2021-02,2000-12,2019-11,2021-01,1368
persistent_12,,,,229,Base,2021-03,2000-12,2019-12,2021-02,1374
persistent_12,,,,230,Base,2021-04,2000-12,2020-01,2021-03,1380
persistent_12,,,,231,Base,2021-05,2000-12,2020-02,2021-04,1386
persistent_12,,,,232,Base,2021-06,2000-12,2020-03,2021-05,1392
persistent_12,,,,233,Base,2021-07,2000-12,2020-04,2021-06,1398
persistent_12,,,,234,Base,2021-08,2000-12,2020-05,2021-07,1404
persistent_12,,,,235,Base,2021-09,2000-12,2020-06,2021-08,1410
persistent_12,,,,236,Base,2021-10,2000-12,2020-07,2021-09,1416
persistent_12,,,,237,Base,2021-11,2000-12,2020-08,2021-10,1422
persistent_12,,,,238,Base,2021-12,2000-12,2020-09,2021-11,1428
persistent_12,,,,239,Base,2022-01,2000-12,2020-10,2021-12,1434
persistent_12,,,,240,Base,2022-02,2000-12,2020-11,2022-01,1440
persistent_12,,,,241,Base,2022-03,2000-12,2020-12,2022-02,1446
persistent_12,,,,242,Base,2022-04,2000-12,2021-01,2022-03,1452
persistent_12,,,,243,Base,2022-05,2000-12,2021-02,2022-04,1458
persistent_12,,,,244,Base,2022-06,2000-12,2021-03,2022-05,1464
persistent_12,,,,245,Base,2022-07,2000-12,2021-04,2022-06,1470
persistent_12,,,,246,Base,2022-08,2000-12,2021-05,2022-07,1476
persistent_12,,,,247,Base,2022-09,2000-12,2021-06,2022-08,1482
persistent_12,,,,248,Base,2022-10,2000-12,2021-07,2022-09,1488
persistent_12,,,,249,Base,2022-11,2000-12,2021-08,2022-10,1494
persistent_12,,,,250,Base,2022-12,2000-12,2021-09,2022-11,1500
persistent_12,,,,251,Base,2023-01,2000-12,2021-10,2022-12,1506
persistent_12,,,,252,Base,2023-02,2000-12,2021-11,2023-01,1512
persistent_12,,,,253,Base,2023-03,2000-12,2021-12,2023-02,1518
persistent_12,,,,254,Base,2023-04,2000-12,2022-01,2023-03,1524
persistent_12,,,,255,Base,2023-05,2000-12,2022-02,2023-04,1530
persistent_12,,,,256,Base,2023-06,2000-12,2022-03,2023-05,1536
persistent_12,,,,257,Base,2023-07,2000-12,2022-04,2023-06,1542
persistent_12,,,,258,Base,2023-08,2000-12,2022-05,2023-07,1548
persistent_12,,,,259,Base,2023-09,2000-12,2022-06,2023-08,1554
persistent_12,,,,260,Base,2023-10,2000-12,2022-07,2023-09,1560
persistent_12,,,,261,Base,2023-11,2000-12,2022-08,2023-10,1566
persistent_12,,,,262,Base,2023-12,2000-12,2022-09,2023-11,1572
persistent_12,,,,263,Base,2024-01,2000-12,2022-10,2023-12,1578
persistent_12,,,,264,Base,2024-02,2000-12,2022-11,2024-01,1584
persistent_12,,,,265,Base,2024-03,2000-12,2022-12,2024-02,1590
persistent_12,,,,266,Base,2024-04,2000-12,2023-01,2024-03,1596
persistent_12,,,,267,Base,2024-05,2000-12,2023-02,2024-04,1602
persistent_12,,,,268,Base,2024-06,2000-12,2023-03,2024-05,1608
persistent_12,,,,269,Base,2024-07,2000-12,2023-04,2024-06,1614
persistent_12,,,,270,Base,2024-08,2000-12,2023-05,2024-07,1620
persistent_12,,,,271,Base,2024-09,2000-12,2023-06,2024-08,1626
persistent_12,,,,272,Base,2024-10,2000-12,2023-07,2024-09,1632
persistent_12,,,,273,Base,2024-11,2000-12,2023-08,2024-10,1638
persistent_12,,,,274,Base,2024-12,2000-12,2023-09,2024-11,1644
persistent_12,,,,275,Base,2025-01,2000-12,2023-10,2024-12,1650
persistent_12,,,,276,Base,2025-02,2000-12,2023-11,2025-01,1656
persistent_12,,,,277,Base,2025-03,2000-12,2023-12,2025-02,1662
persistent_12,,,,278,Base,2025-04,2000-12,2024-01,2025-03,1668
persistent_12,,,,279,Base,2025-05,2000-12,2024-02,2025-04,1674
persistent_12,,,,280,Base,2025-06,2000-12,2024-03,2025-05,1680
persistent_12,,,,281,Base,2025-07,2000-12,2024-04,2025-06,1686
persistent_12,,,,282,Base,2025-08,2000-12,2024-05,2025-07,1692
persistent_12,,,,283,Base,2025-09,2000-12,2024-06,2025-08,1698
persistent_12,,,,284,Base,2025-10,2000-12,2024-07,2025-09,1704
persistent_12,,,,285,Base,2025-11,2000-12,2024-08,2025-10,1710
persistent_12,,,,286,Base,2025-12,2000-12,2024-09,2025-11,1716
persistent_12,,,,287,Base,2026-01,2000-12,2024-10,2025-12,1722
persistent_12,,,,288,Base,2026-02,2000-12,2024-11,2026-01,1728
persistent_12,,,,289,Base,2026-03,2000-12,2024-12,2026-02,1734
persistent_12,,,,290,Base,2026-04,2000-12,2025-01,2026-03,1740
persistent_12,,,,291,Base,2026-05,2000-12,2025-02,2026-04,1746
persistent_12,,,,292,Base,2026-06,2000-12,2025-03,2026-05,1752
persistent_12,,,,293,Base,2026-07,2000-12,2025-04,2026-06,1758
persistent_12,,,,294,Base,2026-08,2000-12,2025-05,2026-07,1764
persistent_12,,,,60,fixed,2007-02,2000-12,2005-11,2007-01,360
persistent_12,,,,61,fixed,2007-03,2000-12,2005-12,2007-02,366
persistent_12,,,,62,fixed,2007-04,2000-12,2006-01,2007-03,372
persistent_12,,,,63,fixed,2007-05,2000-12,2006-02,2007-04,378
persistent_12,,,,64,fixed,2007-06,2000-12,2006-03,2007-05,384
persistent_12,,,,65,fixed,2007-07,2000-12,2006-04,2007-06,390
persistent_12,,,,66,fixed,2007-08,2000-12,2006-05,2007-07,396
persistent_12,,,,67,fixed,2007-09,2000-12,2006-06,2007-08,402
persistent_12,,,,68,fixed,2007-10,2000-12,2006-07,2007-09,408
persistent_12,,,,69,fixed,2007-11,2000-12,2006-08,2007-10,414
persistent_12,,,,70,fixed,2007-12,2000-12,2006-09,2007-11,420
persistent_12,,,,71,fixed,2008-01,2000-12,2006-10,2007-12,426
persistent_12,,,,72,fixed,2008-02,2000-12,2006-11,2008-01,432
persistent_12,,,,73,fixed,2008-03,2000-12,2006-12,2008-02,438
persistent_12,,,,74,fixed,2008-04,2000-12,2007-01,2008-03,444
persistent_12,,,,75,fixed,2008-05,2000-12,2007-02,2008-04,450
persistent_12,,,,76,fixed,2008-06,2000-12,2007-03,2008-05,456
persistent_12,,,,77,fixed,2008-07,2000-12,2007-04,2008-06,462
persistent_12,,,,78,fixed,2008-08,2000-12,2007-05,2008-07,468
persistent_12,,,,79,fixed,2008-09,2000-12,2007-06,2008-08,474
persistent_12,,,,80,fixed,2008-10,2000-12,2007-07,2008-09,480
persistent_12,,,,81,fixed,2008-11,2000-12,2007-08,2008-10,486
persistent_12,,,,82,fixed,2008-12,2000-12,2007-09,2008-11,492
persistent_12,,,,83,fixed,2009-01,2000-12,2007-10,2008-12,498
persistent_12,,,,84,fixed,2009-02,2000-12,2007-11,2009-01,504
persistent_12,,,,85,fixed,2009-03,2000-12,2007-12,2009-02,510
persistent_12,,,,86,fixed,2009-04,2000-12,2008-01,2009-03,516
persistent_12,,,,87,fixed,2009-05,2000-12,2008-02,2009-04,522
persistent_12,,,,88,fixed,2009-06,2000-12,2008-03,2009-05,528
persistent_12,,,,89,fixed,2009-07,2000-12,2008-04,2009-06,534
persistent_12,,,,90,fixed,2009-08,2000-12,2008-05,2009-07,540
persistent_12,,,,91,fixed,2009-09,2000-12,2008-06,2009-08,546
persistent_12,,,,92,fixed,2009-10,2000-12,2008-07,2009-09,552
persistent_12,,,,93,fixed,2009-11,2000-12,2008-08,2009-10,558
persistent_12,,,,94,fixed,2009-12,2000-12,2008-09,2009-11,564
persistent_12,,,,95,fixed,2010-01,2000-12,2008-10,2009-12,570
persistent_12,,,,96,fixed,2010-02,2000-12,2008-11,2010-01,576
persistent_12,,,,97,fixed,2010-03,2000-12,2008-12,2010-02,582
persistent_12,,,,98,fixed,2010-04,2000-12,2009-01,2010-03,588
persistent_12,,,,99,fixed,2010-05,2000-12,2009-02,2010-04,594
persistent_12,,,,100,fixed,2010-06,2000-12,2009-03,2010-05,600
persistent_12,,,,101,fixed,2010-07,2000-12,2009-04,2010-06,606
persistent_12,,,,102,fixed,2010-08,2000-12,2009-05,2010-07,612
persistent_12,,,,103,fixed,2010-09,2000-12,2009-06,2010-08,618
persistent_12,,,,104,fixed,2010-10,2000-12,2009-07,2010-09,624
persistent_12,,,,105,fixed,2010-11,2000-12,2009-08,2010-10,630
persistent_12,,,,106,fixed,2010-12,2000-12,2009-09,2010-11,636
persistent_12,,,,107,fixed,2011-01,2000-12,2009-10,2010-12,642
persistent_12,,,,108,fixed,2011-02,2000-12,2009-11,2011-01,648
persistent_12,,,,109,fixed,2011-03,2000-12,2009-12,2011-02,654
persistent_12,,,,110,fixed,2011-04,2000-12,2010-01,2011-03,660
persistent_12,,,,111,fixed,2011-05,2000-12,2010-02,2011-04,666
persistent_12,,,,112,fixed,2011-06,2000-12,2010-03,2011-05,672
persistent_12,,,,113,fixed,2011-07,2000-12,2010-04,2011-06,678
persistent_12,,,,114,fixed,2011-08,2000-12,2010-05,2011-07,684
persistent_12,,,,115,fixed,2011-09,2000-12,2010-06,2011-08,690
persistent_12,,,,116,fixed,2011-10,2000-12,2010-07,2011-09,696
persistent_12,,,,117,fixed,2011-11,2000-12,2010-08,2011-10,702
persistent_12,,,,118,fixed,2011-12,2000-12,2010-09,2011-11,708
persistent_12,,,,119,fixed,2012-01,2000-12,2010-10,2011-12,714
persistent_12,,,,120,fixed,2012-02,2000-12,2010-11,2012-01,720
persistent_12,,,,121,fixed,2012-03,2000-12,2010-12,2012-02,726
persistent_12,,,,122,fixed,2012-04,2000-12,2011-01,2012-03,732
persistent_12,,,,123,fixed,2012-05,2000-12,2011-02,2012-04,738
persistent_12,,,,124,fixed,2012-06,2000-12,2011-03,2012-05,744
persistent_12,,,,125,fixed,2012-07,2000-12,2011-04,2012-06,750
persistent_12,,,,126,fixed,2012-08,2000-12,2011-05,2012-07,756
persistent_12,,,,127,fixed,2012-09,2000-12,2011-06,2012-08,762
persistent_12,,,,128,fixed,2012-10,2000-12,2011-07,2012-09,768
persistent_12,,,,129,fixed,2012-11,2000-12,2011-08,2012-10,774
persistent_12,,,,130,fixed,2012-12,2000-12,2011-09,2012-11,780
persistent_12,,,,131,fixed,2013-01,2000-12,2011-10,2012-12,786
persistent_12,,,,132,fixed,2013-02,2000-12,2011-11,2013-01,792
persistent_12,,,,133,fixed,2013-03,2000-12,2011-12,2013-02,798
persistent_12,,,,134,fixed,2013-04,2000-12,2012-01,2013-03,804
persistent_12,,,,135,fixed,2013-05,2000-12,2012-02,2013-04,810
persistent_12,,,,136,fixed,2013-06,2000-12,2012-03,2013-05,816
persistent_12,,,,137,fixed,2013-07,2000-12,2012-04,2013-06,822
persistent_12,,,,138,fixed,2013-08,2000-12,2012-05,2013-07,828
persistent_12,,,,139,fixed,2013-09,2000-12,2012-06,2013-08,834
persistent_12,,,,140,fixed,2013-10,2000-12,2012-07,2013-09,840
persistent_12,,,,141,fixed,2013-11,2000-12,2012-08,2013-10,846
persistent_12,,,,142,fixed,2013-12,2000-12,2012-09,2013-11,852
persistent_12,,,,143,fixed,2014-01,2000-12,2012-10,2013-12,858
persistent_12,,,,144,fixed,2014-02,2000-12,2012-11,2014-01,864
persistent_12,,,,145,fixed,2014-03,2000-12,2012-12,2014-02,870
persistent_12,,,,146,fixed,2014-04,2000-12,2013-01,2014-03,876
persistent_12,,,,147,fixed,2014-05,2000-12,2013-02,2014-04,882
persistent_12,,,,148,fixed,2014-06,2000-12,2013-03,2014-05,888
persistent_12,,,,149,fixed,2014-07,2000-12,2013-04,2014-06,894
persistent_12,,,,150,fixed,2014-08,2000-12,2013-05,2014-07,900
persistent_12,,,,151,fixed,2014-09,2000-12,2013-06,2014-08,906
persistent_12,,,,152,fixed,2014-10,2000-12,2013-07,2014-09,912
persistent_12,,,,153,fixed,2014-11,2000-12,2013-08,2014-10,918
persistent_12,,,,154,fixed,2014-12,2000-12,2013-09,2014-11,924
persistent_12,,,,155,fixed,2015-01,2000-12,2013-10,2014-12,930
persistent_12,,,,156,fixed,2015-02,2000-12,2013-11,2015-01,936
persistent_12,,,,157,fixed,2015-03,2000-12,2013-12,2015-02,942
persistent_12,,,,158,fixed,2015-04,2000-12,2014-01,2015-03,948
persistent_12,,,,159,fixed,2015-05,2000-12,2014-02,2015-04,954
persistent_12,,,,160,fixed,2015-06,2000-12,2014-03,2015-05,960
persistent_12,,,,161,fixed,2015-07,2000-12,2014-04,2015-06,966
persistent_12,,,,162,fixed,2015-08,2000-12,2014-05,2015-07,972
persistent_12,,,,163,fixed,2015-09,2000-12,2014-06,2015-08,978
persistent_12,,,,164,fixed,2015-10,2000-12,2014-07,2015-09,984
persistent_12,,,,165,fixed,2015-11,2000-12,2014-08,2015-10,990
persistent_12,,,,166,fixed,2015-12,2000-12,2014-09,2015-11,996
persistent_12,,,,167,fixed,2016-01,2000-12,2014-10,2015-12,1002
persistent_12,,,,168,fixed,2016-02,2000-12,2014-11,2016-01,1008
persistent_12,,,,169,fixed,2016-03,2000-12,2014-12,2016-02,1014
persistent_12,,,,170,fixed,2016-04,2000-12,2015-01,2016-03,1020
persistent_12,,,,171,fixed,2016-05,2000-12,2015-02,2016-04,1026
persistent_12,,,,172,fixed,2016-06,2000-12,2015-03,2016-05,1032
persistent_12,,,,173,fixed,2016-07,2000-12,2015-04,2016-06,1038
persistent_12,,,,174,fixed,2016-08,2000-12,2015-05,2016-07,1044
persistent_12,,,,175,fixed,2016-09,2000-12,2015-06,2016-08,1050
persistent_12,,,,176,fixed,2016-10,2000-12,2015-07,2016-09,1056
persistent_12,,,,177,fixed,2016-11,2000-12,2015-08,2016-10,1062
persistent_12,,,,178,fixed,2016-12,2000-12,2015-09,2016-11,1068
persistent_12,,,,179,fixed,2017-01,2000-12,2015-10,2016-12,1074
persistent_12,,,,180,fixed,2017-02,2000-12,2015-11,2017-01,1080
persistent_12,,,,181,fixed,2017-03,2000-12,2015-12,2017-02,1086
persistent_12,,,,182,fixed,2017-04,2000-12,2016-01,2017-03,1092
persistent_12,,,,183,fixed,2017-05,2000-12,2016-02,2017-04,1098
persistent_12,,,,184,fixed,2017-06,2000-12,2016-03,2017-05,1104
persistent_12,,,,185,fixed,2017-07,2000-12,2016-04,2017-06,1110
persistent_12,,,,186,fixed,2017-08,2000-12,2016-05,2017-07,1116
persistent_12,,,,187,fixed,2017-09,2000-12,2016-06,2017-08,1122
persistent_12,,,,188,fixed,2017-10,2000-12,2016-07,2017-09,1128
persistent_12,,,,189,fixed,2017-11,2000-12,2016-08,2017-10,1134
persistent_12,,,,190,fixed,2017-12,2000-12,2016-09,2017-11,1140
persistent_12,,,,191,fixed,2018-01,2000-12,2016-10,2017-12,1146
persistent_12,,,,192,fixed,2018-02,2000-12,2016-11,2018-01,1152
persistent_12,,,,193,fixed,2018-03,2000-12,2016-12,2018-02,1158
persistent_12,,,,194,fixed,2018-04,2000-12,2017-01,2018-03,1164
persistent_12,,,,195,fixed,2018-05,2000-12,2017-02,2018-04,1170
persistent_12,,,,196,fixed,2018-06,2000-12,2017-03,2018-05,1176
persistent_12,,,,197,fixed,2018-07,2000-12,2017-04,2018-06,1182
persistent_12,,,,198,fixed,2018-08,2000-12,2017-05,2018-07,1188
persistent_12,,,,199,fixed,2018-09,2000-12,2017-06,2018-08,1194
persistent_12,,,,200,fixed,2018-10,2000-12,2017-07,2018-09,1200
persistent_12,,,,201,fixed,2018-11,2000-12,2017-08,2018-10,1206
persistent_12,,,,202,fixed,2018-12,2000-12,2017-09,2018-11,1212
persistent_12,,,,203,fixed,2019-01,2000-12,2017-10,2018-12,1218
persistent_12,,,,204,fixed,2019-02,2000-12,2017-11,2019-01,1224
persistent_12,,,,205,fixed,2019-03,2000-12,2017-12,2019-02,1230
persistent_12,,,,206,fixed,2019-04,2000-12,2018-01,2019-03,1236
persistent_12,,,,207,fixed,2019-05,2000-12,2018-02,2019-04,1242
persistent_12,,,,208,fixed,2019-06,2000-12,2018-03,2019-05,1248
persistent_12,,,,209,fixed,2019-07,2000-12,2018-04,2019-06,1254
persistent_12,,,,210,fixed,2019-08,2000-12,2018-05,2019-07,1260
persistent_12,,,,211,fixed,2019-09,2000-12,2018-06,2019-08,1266
persistent_12,,,,212,fixed,2019-10,2000-12,2018-07,2019-09,1272
persistent_12,,,,213,fixed,2019-11,2000-12,2018-08,2019-10,1278
persistent_12,,,,214,fixed,2019-12,2000-12,2018-09,2019-11,1284
persistent_12,,,,215,fixed,2020-01,2000-12,2018-10,2019-12,1290
persistent_12,,,,216,fixed,2020-02,2000-12,2018-11,2020-01,1296
persistent_12,,,,217,fixed,2020-03,2000-12,2018-12,2020-02,1302
persistent_12,,,,218,fixed,2020-04,2000-12,2019-01,2020-03,1308
persistent_12,,,,219,fixed,2020-05,2000-12,2019-02,2020-04,1314
persistent_12,,,,220,fixed,2020-06,2000-12,2019-03,2020-05,1320
persistent_12,,,,221,fixed,2020-07,2000-12,2019-04,2020-06,1326
persistent_12,,,,222,fixed,2020-08,2000-12,2019-05,2020-07,1332
persistent_12,,,,223,fixed,2020-09,2000-12,2019-06,2020-08,1338
persistent_12,,,,224,fixed,2020-10,2000-12,2019-07,2020-09,1344
persistent_12,,,,225,fixed,2020-11,2000-12,2019-08,2020-10,1350
persistent_12,,,,226,fixed,2020-12,2000-12,2019-09,2020-11,1356
persistent_12,,,,227,fixed,2021-01,2000-12,2019-10,2020-12,1362
persistent_12,,,,228,fixed,2021-02,2000-12,2019-11,2021-01,1368
persistent_12,,,,229,fixed,2021-03,2000-12,2019-12,2021-02,1374
persistent_12,,,,230,fixed,2021-04,2000-12,2020-01,2021-03,1380
persistent_12,,,,231,fixed,2021-05,2000-12,2020-02,2021-04,1386
persistent_12,,,,232,fixed,2021-06,2000-12,2020-03,2021-05,1392
persistent_12,,,,233,fixed,2021-07,2000-12,2020-04,2021-06,1398
persistent_12,,,,234,fixed,2021-08,2000-12,2020-05,2021-07,1404
persistent_12,,,,235,fixed,2021-09,2000-12,2020-06,2021-08,1410
persistent_12,,,,236,fixed,2021-10,2000-12,2020-07,2021-09,1416
persistent_12,,,,237,fixed,2021-11,2000-12,2020-08,2021-10,1422
persistent_12,,,,238,fixed,2021-12,2000-12,2020-09,2021-11,1428
persistent_12,,,,239,fixed,2022-01,2000-12,2020-10,2021-12,1434
persistent_12,,,,240,fixed,2022-02,2000-12,2020-11,2022-01,1440
persistent_12,,,,241,fixed,2022-03,2000-12,2020-12,2022-02,1446
persistent_12,,,,242,fixed,2022-04,2000-12,2021-01,2022-03,1452
persistent_12,,,,243,fixed,2022-05,2000-12,2021-02,2022-04,1458
persistent_12,,,,244,fixed,2022-06,2000-12,2021-03,2022-05,1464
persistent_12,,,,245,fixed,2022-07,2000-12,2021-04,2022-06,1470
persistent_12,,,,246,fixed,2022-08,2000-12,2021-05,2022-07,1476
persistent_12,,,,247,fixed,2022-09,2000-12,2021-06,2022-08,1482
persistent_12,,,,248,fixed,2022-10,2000-12,2021-07,2022-09,1488
persistent_12,,,,249,fixed,2022-11,2000-12,2021-08,2022-10,1494
persistent_12,,,,250,fixed,2022-12,2000-12,2021-09,2022-11,1500
persistent_12,,,,251,fixed,2023-01,2000-12,2021-10,2022-12,1506
persistent_12,,,,252,fixed,2023-02,2000-12,2021-11,2023-01,1512
persistent_12,,,,253,fixed,2023-03,2000-12,2021-12,2023-02,1518
persistent_12,,,,254,fixed,2023-04,2000-12,2022-01,2023-03,1524
persistent_12,,,,255,fixed,2023-05,2000-12,2022-02,2023-04,1530
persistent_12,,,,256,fixed,2023-06,2000-12,2022-03,2023-05,1536
persistent_12,,,,257,fixed,2023-07,2000-12,2022-04,2023-06,1542
persistent_12,,,,258,fixed,2023-08,2000-12,2022-05,2023-07,1548
persistent_12,,,,259,fixed,2023-09,2000-12,2022-06,2023-08,1554
persistent_12,,,,260,fixed,2023-10,2000-12,2022-07,2023-09,1560
persistent_12,,,,261,fixed,2023-11,2000-12,2022-08,2023-10,1566
persistent_12,,,,262,fixed,2023-12,2000-12,2022-09,2023-11,1572
persistent_12,,,,263,fixed,2024-01,2000-12,2022-10,2023-12,1578
persistent_12,,,,264,fixed,2024-02,2000-12,2022-11,2024-01,1584
persistent_12,,,,265,fixed,2024-03,2000-12,2022-12,2024-02,1590
persistent_12,,,,266,fixed,2024-04,2000-12,2023-01,2024-03,1596
persistent_12,,,,267,fixed,2024-05,2000-12,2023-02,2024-04,1602
persistent_12,,,,268,fixed,2024-06,2000-12,2023-03,2024-05,1608
persistent_12,,,,269,fixed,2024-07,2000-12,2023-04,2024-06,1614
persistent_12,,,,270,fixed,2024-08,2000-12,2023-05,2024-07,1620
persistent_12,,,,271,fixed,2024-09,2000-12,2023-06,2024-08,1626
persistent_12,,,,272,fixed,2024-10,2000-12,2023-07,2024-09,1632
persistent_12,,,,273,fixed,2024-11,2000-12,2023-08,2024-10,1638
persistent_12,,,,274,fixed,2024-12,2000-12,2023-09,2024-11,1644
persistent_12,,,,275,fixed,2025-01,2000-12,2023-10,2024-12,1650
persistent_12,,,,276,fixed,2025-02,2000-12,2023-11,2025-01,1656
persistent_12,,,,277,fixed,2025-03,2000-12,2023-12,2025-02,1662
persistent_12,,,,278,fixed,2025-04,2000-12,2024-01,2025-03,1668
persistent_12,,,,279,fixed,2025-05,2000-12,2024-02,2025-04,1674
persistent_12,,,,280,fixed,2025-06,2000-12,2024-03,2025-05,1680
persistent_12,,,,281,fixed,2025-07,2000-12,2024-04,2025-06,1686
persistent_12,,,,282,fixed,2025-08,2000-12,2024-05,2025-07,1692
persistent_12,,,,283,fixed,2025-09,2000-12,2024-06,2025-08,1698
persistent_12,,,,284,fixed,2025-10,2000-12,2024-07,2025-09,1704
persistent_12,,,,285,fixed,2025-11,2000-12,2024-08,2025-10,1710
persistent_12,,,,286,fixed,2025-12,2000-12,2024-09,2025-11,1716
persistent_12,,,,287,fixed,2026-01,2000-12,2024-10,2025-12,1722
persistent_12,,,,288,fixed,2026-02,2000-12,2024-11,2026-01,1728
persistent_12,,,,289,fixed,2026-03,2000-12,2024-12,2026-02,1734
persistent_12,,,,290,fixed,2026-04,2000-12,2025-01,2026-03,1740
persistent_12,,,,291,fixed,2026-05,2000-12,2025-02,2026-04,1746
persistent_12,,,,292,fixed,2026-06,2000-12,2025-03,2026-05,1752
persistent_12,,,,293,fixed,2026-07,2000-12,2025-04,2026-06,1758
persistent_12,,,,294,fixed,2026-08,2000-12,2025-05,2026-07,1764
persistent_12,,,,60,dynamic,2007-02,2000-12,2005-11,2007-01,360
persistent_12,,,,61,dynamic,2007-03,2000-12,2005-12,2007-02,366
persistent_12,,,,62,dynamic,2007-04,2000-12,2006-01,2007-03,372
persistent_12,,,,63,dynamic,2007-05,2000-12,2006-02,2007-04,378
persistent_12,,,,64,dynamic,2007-06,2000-12,2006-03,2007-05,384
persistent_12,,,,65,dynamic,2007-07,2000-12,2006-04,2007-06,390
persistent_12,,,,66,dynamic,2007-08,2000-12,2006-05,2007-07,396
persistent_12,,,,67,dynamic,2007-09,2000-12,2006-06,2007-08,402
persistent_12,,,,68,dynamic,2007-10,2000-12,2006-07,2007-09,408
persistent_12,,,,69,dynamic,2007-11,2000-12,2006-08,2007-10,414
persistent_12,,,,70,dynamic,2007-12,2000-12,2006-09,2007-11,420
persistent_12,,,,71,dynamic,2008-01,2000-12,2006-10,2007-12,426
persistent_12,,,,72,dynamic,2008-02,2000-12,2006-11,2008-01,432
persistent_12,,,,73,dynamic,2008-03,2000-12,2006-12,2008-02,438
persistent_12,,,,74,dynamic,2008-04,2000-12,2007-01,2008-03,444
persistent_12,,,,75,dynamic,2008-05,2000-12,2007-02,2008-04,450
persistent_12,,,,76,dynamic,2008-06,2000-12,2007-03,2008-05,456
persistent_12,,,,77,dynamic,2008-07,2000-12,2007-04,2008-06,462
persistent_12,,,,78,dynamic,2008-08,2000-12,2007-05,2008-07,468
persistent_12,,,,79,dynamic,2008-09,2000-12,2007-06,2008-08,474
persistent_12,,,,80,dynamic,2008-10,2000-12,2007-07,2008-09,480
persistent_12,,,,81,dynamic,2008-11,2000-12,2007-08,2008-10,486
persistent_12,,,,82,dynamic,2008-12,2000-12,2007-09,2008-11,492
persistent_12,,,,83,dynamic,2009-01,2000-12,2007-10,2008-12,498
persistent_12,,,,84,dynamic,2009-02,2000-12,2007-11,2009-01,504
persistent_12,,,,85,dynamic,2009-03,2000-12,2007-12,2009-02,510
persistent_12,,,,86,dynamic,2009-04,2000-12,2008-01,2009-03,516
persistent_12,,,,87,dynamic,2009-05,2000-12,2008-02,2009-04,522
persistent_12,,,,88,dynamic,2009-06,2000-12,2008-03,2009-05,528
persistent_12,,,,89,dynamic,2009-07,2000-12,2008-04,2009-06,534
persistent_12,,,,90,dynamic,2009-08,2000-12,2008-05,2009-07,540
persistent_12,,,,91,dynamic,2009-09,2000-12,2008-06,2009-08,546
persistent_12,,,,92,dynamic,2009-10,2000-12,2008-07,2009-09,552
persistent_12,,,,93,dynamic,2009-11,2000-12,2008-08,2009-10,558
persistent_12,,,,94,dynamic,2009-12,2000-12,2008-09,2009-11,564
persistent_12,,,,95,dynamic,2010-01,2000-12,2008-10,2009-12,570
persistent_12,,,,96,dynamic,2010-02,2000-12,2008-11,2010-01,576
persistent_12,,,,97,dynamic,2010-03,2000-12,2008-12,2010-02,582
persistent_12,,,,98,dynamic,2010-04,2000-12,2009-01,2010-03,588
persistent_12,,,,99,dynamic,2010-05,2000-12,2009-02,2010-04,594
persistent_12,,,,100,dynamic,2010-06,2000-12,2009-03,2010-05,600
persistent_12,,,,101,dynamic,2010-07,2000-12,2009-04,2010-06,606
persistent_12,,,,102,dynamic,2010-08,2000-12,2009-05,2010-07,612
persistent_12,,,,103,dynamic,2010-09,2000-12,2009-06,2010-08,618
persistent_12,,,,104,dynamic,2010-10,2000-12,2009-07,2010-09,624
persistent_12,,,,105,dynamic,2010-11,2000-12,2009-08,2010-10,630
persistent_12,,,,106,dynamic,2010-12,2000-12,2009-09,2010-11,636
persistent_12,,,,107,dynamic,2011-01,2000-12,2009-10,2010-12,642
persistent_12,,,,108,dynamic,2011-02,2000-12,2009-11,2011-01,648
persistent_12,,,,109,dynamic,2011-03,2000-12,2009-12,2011-02,654
persistent_12,,,,110,dynamic,2011-04,2000-12,2010-01,2011-03,660
persistent_12,,,,111,dynamic,2011-05,2000-12,2010-02,2011-04,666
persistent_12,,,,112,dynamic,2011-06,2000-12,2010-03,2011-05,672
persistent_12,,,,113,dynamic,2011-07,2000-12,2010-04,2011-06,678
persistent_12,,,,114,dynamic,2011-08,2000-12,2010-05,2011-07,684
persistent_12,,,,115,dynamic,2011-09,2000-12,2010-06,2011-08,690
persistent_12,,,,116,dynamic,2011-10,2000-12,2010-07,2011-09,696
persistent_12,,,,117,dynamic,2011-11,2000-12,2010-08,2011-10,702
persistent_12,,,,118,dynamic,2011-12,2000-12,2010-09,2011-11,708
persistent_12,,,,119,dynamic,2012-01,2000-12,2010-10,2011-12,714
persistent_12,,,,120,dynamic,2012-02,2000-12,2010-11,2012-01,720
persistent_12,,,,121,dynamic,2012-03,2000-12,2010-12,2012-02,726
persistent_12,,,,122,dynamic,2012-04,2000-12,2011-01,2012-03,732
persistent_12,,,,123,dynamic,2012-05,2000-12,2011-02,2012-04,738
persistent_12,,,,124,dynamic,2012-06,2000-12,2011-03,2012-05,744
persistent_12,,,,125,dynamic,2012-07,2000-12,2011-04,2012-06,750
persistent_12,,,,126,dynamic,2012-08,2000-12,2011-05,2012-07,756
persistent_12,,,,127,dynamic,2012-09,2000-12,2011-06,2012-08,762
persistent_12,,,,128,dynamic,2012-10,2000-12,2011-07,2012-09,768
persistent_12,,,,129,dynamic,2012-11,2000-12,2011-08,2012-10,774
persistent_12,,,,130,dynamic,2012-12,2000-12,2011-09,2012-11,780
persistent_12,,,,131,dynamic,2013-01,2000-12,2011-10,2012-12,786
persistent_12,,,,132,dynamic,2013-02,2000-12,2011-11,2013-01,792
persistent_12,,,,133,dynamic,2013-03,2000-12,2011-12,2013-02,798
persistent_12,,,,134,dynamic,2013-04,2000-12,2012-01,2013-03,804
persistent_12,,,,135,dynamic,2013-05,2000-12,2012-02,2013-04,810
persistent_12,,,,136,dynamic,2013-06,2000-12,2012-03,2013-05,816
persistent_12,,,,137,dynamic,2013-07,2000-12,2012-04,2013-06,822
persistent_12,,,,138,dynamic,2013-08,2000-12,2012-05,2013-07,828
persistent_12,,,,139,dynamic,2013-09,2000-12,2012-06,2013-08,834
persistent_12,,,,140,dynamic,2013-10,2000-12,2012-07,2013-09,840
persistent_12,,,,141,dynamic,2013-11,2000-12,2012-08,2013-10,846
persistent_12,,,,142,dynamic,2013-12,2000-12,2012-09,2013-11,852
persistent_12,,,,143,dynamic,2014-01,2000-12,2012-10,2013-12,858
persistent_12,,,,144,dynamic,2014-02,2000-12,2012-11,2014-01,864
persistent_12,,,,145,dynamic,2014-03,2000-12,2012-12,2014-02,870
persistent_12,,,,146,dynamic,2014-04,2000-12,2013-01,2014-03,876
persistent_12,,,,147,dynamic,2014-05,2000-12,2013-02,2014-04,882
persistent_12,,,,148,dynamic,2014-06,2000-12,2013-03,2014-05,888
persistent_12,,,,149,dynamic,2014-07,2000-12,2013-04,2014-06,894
persistent_12,,,,150,dynamic,2014-08,2000-12,2013-05,2014-07,900
persistent_12,,,,151,dynamic,2014-09,2000-12,2013-06,2014-08,906
persistent_12,,,,152,dynamic,2014-10,2000-12,2013-07,2014-09,912
persistent_12,,,,153,dynamic,2014-11,2000-12,2013-08,2014-10,918
persistent_12,,,,154,dynamic,2014-12,2000-12,2013-09,2014-11,924
persistent_12,,,,155,dynamic,2015-01,2000-12,2013-10,2014-12,930
persistent_12,,,,156,dynamic,2015-02,2000-12,2013-11,2015-01,936
persistent_12,,,,157,dynamic,2015-03,2000-12,2013-12,2015-02,942
persistent_12,,,,158,dynamic,2015-04,2000-12,2014-01,2015-03,948
persistent_12,,,,159,dynamic,2015-05,2000-12,2014-02,2015-04,954
persistent_12,,,,160,dynamic,2015-06,2000-12,2014-03,2015-05,960
persistent_12,,,,161,dynamic,2015-07,2000-12,2014-04,2015-06,966
persistent_12,,,,162,dynamic,2015-08,2000-12,2014-05,2015-07,972
persistent_12,,,,163,dynamic,2015-09,2000-12,2014-06,2015-08,978
persistent_12,,,,164,dynamic,2015-10,2000-12,2014-07,2015-09,984
persistent_12,,,,165,dynamic,2015-11,2000-12,2014-08,2015-10,990
persistent_12,,,,166,dynamic,2015-12,2000-12,2014-09,2015-11,996
persistent_12,,,,167,dynamic,2016-01,2000-12,2014-10,2015-12,1002
persistent_12,,,,168,dynamic,2016-02,2000-12,2014-11,2016-01,1008
persistent_12,,,,169,dynamic,2016-03,2000-12,2014-12,2016-02,1014
persistent_12,,,,170,dynamic,2016-04,2000-12,2015-01,2016-03,1020
persistent_12,,,,171,dynamic,2016-05,2000-12,2015-02,2016-04,1026
persistent_12,,,,172,dynamic,2016-06,2000-12,2015-03,2016-05,1032
persistent_12,,,,173,dynamic,2016-07,2000-12,2015-04,2016-06,1038
persistent_12,,,,174,dynamic,2016-08,2000-12,2015-05,2016-07,1044
persistent_12,,,,175,dynamic,2016-09,2000-12,2015-06,2016-08,1050
persistent_12,,,,176,dynamic,2016-10,2000-12,2015-07,2016-09,1056
persistent_12,,,,177,dynamic,2016-11,2000-12,2015-08,2016-10,1062
persistent_12,,,,178,dynamic,2016-12,2000-12,2015-09,2016-11,1068
persistent_12,,,,179,dynamic,2017-01,2000-12,2015-10,2016-12,1074
persistent_12,,,,180,dynamic,2017-02,2000-12,2015-11,2017-01,1080
persistent_12,,,,181,dynamic,2017-03,2000-12,2015-12,2017-02,1086
persistent_12,,,,182,dynamic,2017-04,2000-12,2016-01,2017-03,1092
persistent_12,,,,183,dynamic,2017-05,2000-12,2016-02,2017-04,1098
persistent_12,,,,184,dynamic,2017-06,2000-12,2016-03,2017-05,1104
persistent_12,,,,185,dynamic,2017-07,2000-12,2016-04,2017-06,1110
persistent_12,,,,186,dynamic,2017-08,2000-12,2016-05,2017-07,1116
persistent_12,,,,187,dynamic,2017-09,2000-12,2016-06,2017-08,1122
persistent_12,,,,188,dynamic,2017-10,2000-12,2016-07,2017-09,1128
persistent_12,,,,189,dynamic,2017-11,2000-12,2016-08,2017-10,1134
persistent_12,,,,190,dynamic,2017-12,2000-12,2016-09,2017-11,1140
persistent_12,,,,191,dynamic,2018-01,2000-12,2016-10,2017-12,1146
persistent_12,,,,192,dynamic,2018-02,2000-12,2016-11,2018-01,1152
persistent_12,,,,193,dynamic,2018-03,2000-12,2016-12,2018-02,1158
persistent_12,,,,194,dynamic,2018-04,2000-12,2017-01,2018-03,1164
persistent_12,,,,195,dynamic,2018-05,2000-12,2017-02,2018-04,1170
persistent_12,,,,196,dynamic,2018-06,2000-12,2017-03,2018-05,1176
persistent_12,,,,197,dynamic,2018-07,2000-12,2017-04,2018-06,1182
persistent_12,,,,198,dynamic,2018-08,2000-12,2017-05,2018-07,1188
persistent_12,,,,199,dynamic,2018-09,2000-12,2017-06,2018-08,1194
persistent_12,,,,200,dynamic,2018-10,2000-12,2017-07,2018-09,1200
persistent_12,,,,201,dynamic,2018-11,2000-12,2017-08,2018-10,1206
persistent_12,,,,202,dynamic,2018-12,2000-12,2017-09,2018-11,1212
persistent_12,,,,203,dynamic,2019-01,2000-12,2017-10,2018-12,1218
persistent_12,,,,204,dynamic,2019-02,2000-12,2017-11,2019-01,1224
persistent_12,,,,205,dynamic,2019-03,2000-12,2017-12,2019-02,1230
persistent_12,,,,206,dynamic,2019-04,2000-12,2018-01,2019-03,1236
persistent_12,,,,207,dynamic,2019-05,2000-12,2018-02,2019-04,1242
persistent_12,,,,208,dynamic,2019-06,2000-12,2018-03,2019-05,1248
persistent_12,,,,209,dynamic,2019-07,2000-12,2018-04,2019-06,1254
persistent_12,,,,210,dynamic,2019-08,2000-12,2018-05,2019-07,1260
persistent_12,,,,211,dynamic,2019-09,2000-12,2018-06,2019-08,1266
persistent_12,,,,212,dynamic,2019-10,2000-12,2018-07,2019-09,1272
persistent_12,,,,213,dynamic,2019-11,2000-12,2018-08,2019-10,1278
persistent_12,,,,214,dynamic,2019-12,2000-12,2018-09,2019-11,1284
persistent_12,,,,215,dynamic,2020-01,2000-12,2018-10,2019-12,1290
persistent_12,,,,216,dynamic,2020-02,2000-12,2018-11,2020-01,1296
persistent_12,,,,217,dynamic,2020-03,2000-12,2018-12,2020-02,1302
persistent_12,,,,218,dynamic,2020-04,2000-12,2019-01,2020-03,1308
persistent_12,,,,219,dynamic,2020-05,2000-12,2019-02,2020-04,1314
persistent_12,,,,220,dynamic,2020-06,2000-12,2019-03,2020-05,1320
persistent_12,,,,221,dynamic,2020-07,2000-12,2019-04,2020-06,1326
persistent_12,,,,222,dynamic,2020-08,2000-12,2019-05,2020-07,1332
persistent_12,,,,223,dynamic,2020-09,2000-12,2019-06,2020-08,1338
persistent_12,,,,224,dynamic,2020-10,2000-12,2019-07,2020-09,1344
persistent_12,,,,225,dynamic,2020-11,2000-12,2019-08,2020-10,1350
persistent_12,,,,226,dynamic,2020-12,2000-12,2019-09,2020-11,1356
persistent_12,,,,227,dynamic,2021-01,2000-12,2019-10,2020-12,1362
persistent_12,,,,228,dynamic,2021-02,2000-12,2019-11,2021-01,1368
persistent_12,,,,229,dynamic,2021-03,2000-12,2019-12,2021-02,1374
persistent_12,,,,230,dynamic,2021-04,2000-12,2020-01,2021-03,1380
persistent_12,,,,231,dynamic,2021-05,2000-12,2020-02,2021-04,1386
persistent_12,,,,232,dynamic,2021-06,2000-12,2020-03,2021-05,1392
persistent_12,,,,233,dynamic,2021-07,2000-12,2020-04,2021-06,1398
persistent_12,,,,234,dynamic,2021-08,2000-12,2020-05,2021-07,1404
persistent_12,,,,235,dynamic,2021-09,2000-12,2020-06,2021-08,1410
persistent_12,,,,236,dynamic,2021-10,2000-12,2020-07,2021-09,1416
persistent_12,,,,237,dynamic,2021-11,2000-12,2020-08,2021-10,1422
persistent_12,,,,238,dynamic,2021-12,2000-12,2020-09,2021-11,1428
persistent_12,,,,239,dynamic,2022-01,2000-12,2020-10,2021-12,1434
persistent_12,,,,240,dynamic,2022-02,2000-12,2020-11,2022-01,1440
persistent_12,,,,241,dynamic,2022-03,2000-12,2020-12,2022-02,1446
persistent_12,,,,242,dynamic,2022-04,2000-12,2021-01,2022-03,1452
persistent_12,,,,243,dynamic,2022-05,2000-12,2021-02,2022-04,1458
persistent_12,,,,244,dynamic,2022-06,2000-12,2021-03,2022-05,1464
persistent_12,,,,245,dynamic,2022-07,2000-12,2021-04,2022-06,1470
persistent_12,,,,246,dynamic,2022-08,2000-12,2021-05,2022-07,1476
persistent_12,,,,247,dynamic,2022-09,2000-12,2021-06,2022-08,1482
persistent_12,,,,248,dynamic,2022-10,2000-12,2021-07,2022-09,1488
persistent_12,,,,249,dynamic,2022-11,2000-12,2021-08,2022-10,1494
persistent_12,,,,250,dynamic,2022-12,2000-12,2021-09,2022-11,1500
persistent_12,,,,251,dynamic,2023-01,2000-12,2021-10,2022-12,1506
persistent_12,,,,252,dynamic,2023-02,2000-12,2021-11,2023-01,1512
persistent_12,,,,253,dynamic,2023-03,2000-12,2021-12,2023-02,1518
persistent_12,,,,254,dynamic,2023-04,2000-12,2022-01,2023-03,1524
persistent_12,,,,255,dynamic,2023-05,2000-12,2022-02,2023-04,1530
persistent_12,,,,256,dynamic,2023-06,2000-12,2022-03,2023-05,1536
persistent_12,,,,257,dynamic,2023-07,2000-12,2022-04,2023-06,1542
persistent_12,,,,258,dynamic,2023-08,2000-12,2022-05,2023-07,1548
persistent_12,,,,259,dynamic,2023-09,2000-12,2022-06,2023-08,1554
persistent_12,,,,260,dynamic,2023-10,2000-12,2022-07,2023-09,1560
persistent_12,,,,261,dynamic,2023-11,2000-12,2022-08,2023-10,1566
persistent_12,,,,262,dynamic,2023-12,2000-12,2022-09,2023-11,1572
persistent_12,,,,263,dynamic,2024-01,2000-12,2022-10,2023-12,1578
persistent_12,,,,264,dynamic,2024-02,2000-12,2022-11,2024-01,1584
persistent_12,,,,265,dynamic,2024-03,2000-12,2022-12,2024-02,1590
persistent_12,,,,266,dynamic,2024-04,2000-12,2023-01,2024-03,1596
persistent_12,,,,267,dynamic,2024-05,2000-12,2023-02,2024-04,1602
persistent_12,,,,268,dynamic,2024-06,2000-12,2023-03,2024-05,1608
persistent_12,,,,269,dynamic,2024-07,2000-12,2023-04,2024-06,1614
persistent_12,,,,270,dynamic,2024-08,2000-12,2023-05,2024-07,1620
persistent_12,,,,271,dynamic,2024-09,2000-12,2023-06,2024-08,1626
persistent_12,,,,272,dynamic,2024-10,2000-12,2023-07,2024-09,1632
persistent_12,,,,273,dynamic,2024-11,2000-12,2023-08,2024-10,1638
persistent_12,,,,274,dynamic,2024-12,2000-12,2023-09,2024-11,1644
persistent_12,,,,275,dynamic,2025-01,2000-12,2023-10,2024-12,1650
persistent_12,,,,276,dynamic,2025-02,2000-12,2023-11,2025-01,1656
persistent_12,,,,277,dynamic,2025-03,2000-12,2023-12,2025-02,1662
persistent_12,,,,278,dynamic,2025-04,2000-12,2024-01,2025-03,1668
persistent_12,,,,279,dynamic,2025-05,2000-12,2024-02,2025-04,1674
persistent_12,,,,280,dynamic,2025-06,2000-12,2024-03,2025-05,1680
persistent_12,,,,281,dynamic,2025-07,2000-12,2024-04,2025-06,1686
persistent_12,,,,282,dynamic,2025-08,2000-12,2024-05,2025-07,1692
persistent_12,,,,283,dynamic,2025-09,2000-12,2024-06,2025-08,1698
persistent_12,,,,284,dynamic,2025-10,2000-12,2024-07,2025-09,1704
persistent_12,,,,285,dynamic,2025-11,2000-12,2024-08,2025-10,1710
persistent_12,,,,286,dynamic,2025-12,2000-12,2024-09,2025-11,1716
persistent_12,,,,287,dynamic,2026-01,2000-12,2024-10,2025-12,1722
persistent_12,,,,288,dynamic,2026-02,2000-12,2024-11,2026-01,1728
persistent_12,,,,289,dynamic,2026-03,2000-12,2024-12,2026-02,1734
persistent_12,,,,290,dynamic,2026-04,2000-12,2025-01,2026-03,1740
persistent_12,,,,291,dynamic,2026-05,2000-12,2025-02,2026-04,1746
persistent_12,,,,292,dynamic,2026-06,2000-12,2025-03,2026-05,1752
persistent_12,,,,293,dynamic,2026-07,2000-12,2025-04,2026-06,1758
persistent_12,,,,294,dynamic,2026-08,2000-12,2025-05,2026-07,1764
persistent_12,,,,60,annual,2014-03,2008-01,2012-12,2014-02,360
persistent_12,,,,61,annual,2014-04,2008-01,2013-01,2014-03,366
persistent_12,,,,62,annual,2014-05,2008-01,2013-02,2014-04,372
persistent_12,,,,63,annual,2014-06,2008-01,2013-03,2014-05,378
persistent_12,,,,64,annual,2014-07,2008-01,2013-04,2014-06,384
persistent_12,,,,65,annual,2014-08,2008-01,2013-05,2014-07,390
persistent_12,,,,66,annual,2014-09,2008-01,2013-06,2014-08,396
persistent_12,,,,67,annual,2014-10,2008-01,2013-07,2014-09,402
persistent_12,,,,68,annual,2014-11,2008-01,2013-08,2014-10,408
persistent_12,,,,69,annual,2014-12,2008-01,2013-09,2014-11,414
persistent_12,,,,70,annual,2015-01,2008-01,2013-10,2014-12,420
persistent_12,,,,71,annual,2015-02,2008-01,2013-11,2015-01,426
persistent_12,,,,72,annual,2015-03,2008-01,2013-12,2015-02,432
persistent_12,,,,73,annual,2015-04,2008-01,2014-01,2015-03,438
persistent_12,,,,74,annual,2015-05,2008-01,2014-02,2015-04,444
persistent_12,,,,75,annual,2015-06,2008-01,2014-03,2015-05,450
persistent_12,,,,76,annual,2015-07,2008-01,2014-04,2015-06,456
persistent_12,,,,77,annual,2015-08,2008-01,2014-05,2015-07,462
persistent_12,,,,78,annual,2015-09,2008-01,2014-06,2015-08,468
persistent_12,,,,79,annual,2015-10,2008-01,2014-07,2015-09,474
persistent_12,,,,80,annual,2015-11,2008-01,2014-08,2015-10,480
persistent_12,,,,81,annual,2015-12,2008-01,2014-09,2015-11,486
persistent_12,,,,82,annual,2016-01,2008-01,2014-10,2015-12,492
persistent_12,,,,83,annual,2016-02,2008-01,2014-11,2016-01,498
persistent_12,,,,84,annual,2016-03,2008-01,2014-12,2016-02,504
persistent_12,,,,85,annual,2016-04,2008-01,2015-01,2016-03,510
persistent_12,,,,86,annual,2016-05,2008-01,2015-02,2016-04,516
persistent_12,,,,87,annual,2016-06,2008-01,2015-03,2016-05,522
persistent_12,,,,88,annual,2016-07,2008-01,2015-04,2016-06,528
persistent_12,,,,89,annual,2016-08,2008-01,2015-05,2016-07,534
persistent_12,,,,90,annual,2016-09,2008-01,2015-06,2016-08,540
persistent_12,,,,91,annual,2016-10,2008-01,2015-07,2016-09,546
persistent_12,,,,92,annual,2016-11,2008-01,2015-08,2016-10,552
persistent_12,,,,93,annual,2016-12,2008-01,2015-09,2016-11,558
persistent_12,,,,94,annual,2017-01,2008-01,2015-10,2016-12,564
persistent_12,,,,95,annual,2017-02,2008-01,2015-11,2017-01,570
persistent_12,,,,96,annual,2017-03,2008-01,2015-12,2017-02,576
persistent_12,,,,97,annual,2017-04,2008-01,2016-01,2017-03,582
persistent_12,,,,98,annual,2017-05,2008-01,2016-02,2017-04,588
persistent_12,,,,99,annual,2017-06,2008-01,2016-03,2017-05,594
persistent_12,,,,100,annual,2017-07,2008-01,2016-04,2017-06,600
persistent_12,,,,101,annual,2017-08,2008-01,2016-05,2017-07,606
persistent_12,,,,102,annual,2017-09,2008-01,2016-06,2017-08,612
persistent_12,,,,103,annual,2017-10,2008-01,2016-07,2017-09,618
persistent_12,,,,104,annual,2017-11,2008-01,2016-08,2017-10,624
persistent_12,,,,105,annual,2017-12,2008-01,2016-09,2017-11,630
persistent_12,,,,106,annual,2018-01,2008-01,2016-10,2017-12,636
persistent_12,,,,107,annual,2018-02,2008-01,2016-11,2018-01,642
persistent_12,,,,108,annual,2018-03,2008-01,2016-12,2018-02,648
persistent_12,,,,109,annual,2018-04,2008-01,2017-01,2018-03,654
persistent_12,,,,110,annual,2018-05,2008-01,2017-02,2018-04,660
persistent_12,,,,111,annual,2018-06,2008-01,2017-03,2018-05,666
persistent_12,,,,112,annual,2018-07,2008-01,2017-04,2018-06,672
persistent_12,,,,113,annual,2018-08,2008-01,2017-05,2018-07,678
persistent_12,,,,114,annual,2018-09,2008-01,2017-06,2018-08,684
persistent_12,,,,115,annual,2018-10,2008-01,2017-07,2018-09,690
persistent_12,,,,116,annual,2018-11,2008-01,2017-08,2018-10,696
persistent_12,,,,117,annual,2018-12,2008-01,2017-09,2018-11,702
persistent_12,,,,118,annual,2019-01,2008-01,2017-10,2018-12,708
persistent_12,,,,119,annual,2019-02,2008-01,2017-11,2019-01,714
persistent_12,,,,120,annual,2019-03,2008-01,2017-12,2019-02,720
persistent_12,,,,121,annual,2019-04,2008-01,2018-01,2019-03,726
persistent_12,,,,122,annual,2019-05,2008-01,2018-02,2019-04,732
persistent_12,,,,123,annual,2019-06,2008-01,2018-03,2019-05,738
persistent_12,,,,124,annual,2019-07,2008-01,2018-04,2019-06,744
persistent_12,,,,125,annual,2019-08,2008-01,2018-05,2019-07,750
persistent_12,,,,126,annual,2019-09,2008-01,2018-06,2019-08,756
persistent_12,,,,127,annual,2019-10,2008-01,2018-07,2019-09,762
persistent_12,,,,128,annual,2019-11,2008-01,2018-08,2019-10,768
persistent_12,,,,129,annual,2019-12,2008-01,2018-09,2019-11,774
persistent_12,,,,130,annual,2020-01,2008-01,2018-10,2019-12,780
persistent_12,,,,131,annual,2020-02,2008-01,2018-11,2020-01,786
persistent_12,,,,132,annual,2020-03,2008-01,2018-12,2020-02,792
persistent_12,,,,133,annual,2020-04,2008-01,2019-01,2020-03,798
persistent_12,,,,134,annual,2020-05,2008-01,2019-02,2020-04,804
persistent_12,,,,135,annual,2020-06,2008-01,2019-03,2020-05,810
persistent_12,,,,136,annual,2020-07,2008-01,2019-04,2020-06,816
persistent_12,,,,137,annual,2020-08,2008-01,2019-05,2020-07,822
persistent_12,,,,138,annual,2020-09,2008-01,2019-06,2020-08,828
persistent_12,,,,139,annual,2020-10,2008-01,2019-07,2020-09,834
persistent_12,,,,140,annual,2020-11,2008-01,2019-08,2020-10,840
persistent_12,,,,141,annual,2020-12,2008-01,2019-09,2020-11,846
persistent_12,,,,142,annual,2021-01,2008-01,2019-10,2020-12,852
persistent_12,,,,143,annual,2021-02,2008-01,2019-11,2021-01,858
persistent_12,,,,144,annual,2021-03,2008-01,2019-12,2021-02,864
persistent_12,,,,145,annual,2021-04,2008-01,2020-01,2021-03,870
persistent_12,,,,146,annual,2021-05,2008-01,2020-02,2021-04,876
persistent_12,,,,147,annual,2021-06,2008-01,2020-03,2021-05,882
persistent_12,,,,148,annual,2021-07,2008-01,2020-04,2021-06,888
persistent_12,,,,149,annual,2021-08,2008-01,2020-05,2021-07,894
persistent_12,,,,150,annual,2021-09,2008-01,2020-06,2021-08,900
persistent_12,,,,151,annual,2021-10,2008-01,2020-07,2021-09,906
persistent_12,,,,152,annual,2021-11,2008-01,2020-08,2021-10,912
persistent_12,,,,153,annual,2021-12,2008-01,2020-09,2021-11,918
persistent_12,,,,154,annual,2022-01,2008-01,2020-10,2021-12,924
persistent_12,,,,155,annual,2022-02,2008-01,2020-11,2022-01,930
persistent_12,,,,156,annual,2022-03,2008-01,2020-12,2022-02,936
persistent_12,,,,157,annual,2022-04,2008-01,2021-01,2022-03,942
persistent_12,,,,158,annual,2022-05,2008-01,2021-02,2022-04,948
persistent_12,,,,159,annual,2022-06,2008-01,2021-03,2022-05,954
persistent_12,,,,160,annual,2022-07,2008-01,2021-04,2022-06,960
persistent_12,,,,161,annual,2022-08,2008-01,2021-05,2022-07,966
persistent_12,,,,162,annual,2022-09,2008-01,2021-06,2022-08,972
persistent_12,,,,163,annual,2022-10,2008-01,2021-07,2022-09,978
persistent_12,,,,164,annual,2022-11,2008-01,2021-08,2022-10,984
persistent_12,,,,165,annual,2022-12,2008-01,2021-09,2022-11,990
persistent_12,,,,166,annual,2023-01,2008-01,2021-10,2022-12,996
persistent_12,,,,167,annual,2023-02,2008-01,2021-11,2023-01,1002
persistent_12,,,,168,annual,2023-03,2008-01,2021-12,2023-02,1008
persistent_12,,,,169,annual,2023-04,2008-01,2022-01,2023-03,1014
persistent_12,,,,170,annual,2023-05,2008-01,2022-02,2023-04,1020
persistent_12,,,,171,annual,2023-06,2008-01,2022-03,2023-05,1026
persistent_12,,,,172,annual,2023-07,2008-01,2022-04,2023-06,1032
persistent_12,,,,173,annual,2023-08,2008-01,2022-05,2023-07,1038
persistent_12,,,,174,annual,2023-09,2008-01,2022-06,2023-08,1044
persistent_12,,,,175,annual,2023-10,2008-01,2022-07,2023-09,1050
persistent_12,,,,176,annual,2023-11,2008-01,2022-08,2023-10,1056
persistent_12,,,,177,annual,2023-12,2008-01,2022-09,2023-11,1062
persistent_12,,,,178,annual,2024-01,2008-01,2022-10,2023-12,1068
persistent_12,,,,179,annual,2024-02,2008-01,2022-11,2024-01,1074
persistent_12,,,,180,annual,2024-03,2008-01,2022-12,2024-02,1080
persistent_12,,,,181,annual,2024-04,2008-01,2023-01,2024-03,1086
persistent_12,,,,182,annual,2024-05,2008-01,2023-02,2024-04,1092
persistent_12,,,,183,annual,2024-06,2008-01,2023-03,2024-05,1098
persistent_12,,,,184,annual,2024-07,2008-01,2023-04,2024-06,1104
persistent_12,,,,185,annual,2024-08,2008-01,2023-05,2024-07,1110
persistent_12,,,,186,annual,2024-09,2008-01,2023-06,2024-08,1116
persistent_12,,,,187,annual,2024-10,2008-01,2023-07,2024-09,1122
persistent_12,,,,188,annual,2024-11,2008-01,2023-08,2024-10,1128
persistent_12,,,,189,annual,2024-12,2008-01,2023-09,2024-11,1134
persistent_12,,,,190,annual,2025-01,2008-01,2023-10,2024-12,1140
persistent_12,,,,191,annual,2025-02,2008-01,2023-11,2025-01,1146
persistent_12,,,,192,annual,2025-03,2008-01,2023-12,2025-02,1152
persistent_12,,,,193,annual,2025-04,2008-01,2024-01,2025-03,1158
persistent_12,,,,194,annual,2025-05,2008-01,2024-02,2025-04,1164
persistent_12,,,,195,annual,2025-06,2008-01,2024-03,2025-05,1170
persistent_12,,,,196,annual,2025-07,2008-01,2024-04,2025-06,1176
persistent_12,,,,197,annual,2025-08,2008-01,2024-05,2025-07,1182
persistent_12,,,,198,annual,2025-09,2008-01,2024-06,2025-08,1188
persistent_12,,,,199,annual,2025-10,2008-01,2024-07,2025-09,1194
persistent_12,,,,200,annual,2025-11,2008-01,2024-08,2025-10,1200
persistent_12,,,,201,annual,2025-12,2008-01,2024-09,2025-11,1206
persistent_12,,,,202,annual,2026-01,2008-01,2024-10,2025-12,1212
persistent_12,,,,203,annual,2026-02,2008-01,2024-11,2026-01,1218
persistent_12,,,,204,annual,2026-03,2008-01,2024-12,2026-02,1224
persistent_12,,,,205,annual,2026-04,2008-01,2025-01,2026-03,1230
persistent_12,,,,206,annual,2026-05,2008-01,2025-02,2026-04,1236
persistent_12,,,,207,annual,2026-06,2008-01,2025-03,2026-05,1242
persistent_12,,,,208,annual,2026-07,2008-01,2025-04,2026-06,1248
persistent_12,,,,209,annual,2026-08,2008-01,2025-05,2026-07,1254
persistent_12,,,,60,structure,2017-03,2011-01,2015-12,2017-02,360
persistent_12,,,,61,structure,2017-04,2011-01,2016-01,2017-03,366
persistent_12,,,,62,structure,2017-05,2011-01,2016-02,2017-04,372
persistent_12,,,,63,structure,2017-06,2011-01,2016-03,2017-05,378
persistent_12,,,,64,structure,2017-07,2011-01,2016-04,2017-06,384
persistent_12,,,,65,structure,2017-08,2011-01,2016-05,2017-07,390
persistent_12,,,,66,structure,2017-09,2011-01,2016-06,2017-08,396
persistent_12,,,,67,structure,2017-10,2011-01,2016-07,2017-09,402
persistent_12,,,,68,structure,2017-11,2011-01,2016-08,2017-10,408
persistent_12,,,,69,structure,2017-12,2011-01,2016-09,2017-11,414
persistent_12,,,,70,structure,2018-01,2011-01,2016-10,2017-12,420
persistent_12,,,,71,structure,2018-02,2011-01,2016-11,2018-01,426
persistent_12,,,,72,structure,2018-03,2011-01,2016-12,2018-02,432
persistent_12,,,,73,structure,2018-04,2011-01,2017-01,2018-03,438
persistent_12,,,,74,structure,2018-05,2011-01,2017-02,2018-04,444
persistent_12,,,,75,structure,2018-06,2011-01,2017-03,2018-05,450
persistent_12,,,,76,structure,2018-07,2011-01,2017-04,2018-06,456
persistent_12,,,,77,structure,2018-08,2011-01,2017-05,2018-07,462
persistent_12,,,,78,structure,2018-09,2011-01,2017-06,2018-08,468
persistent_12,,,,79,structure,2018-10,2011-01,2017-07,2018-09,474
persistent_12,,,,80,structure,2018-11,2011-01,2017-08,2018-10,480
persistent_12,,,,81,structure,2018-12,2011-01,2017-09,2018-11,486
persistent_12,,,,82,structure,2019-01,2011-01,2017-10,2018-12,492
persistent_12,,,,83,structure,2019-02,2011-01,2017-11,2019-01,498
persistent_12,,,,84,structure,2019-03,2011-01,2017-12,2019-02,504
persistent_12,,,,85,structure,2019-04,2011-01,2018-01,2019-03,510
persistent_12,,,,86,structure,2019-05,2011-01,2018-02,2019-04,516
persistent_12,,,,87,structure,2019-06,2011-01,2018-03,2019-05,522
persistent_12,,,,88,structure,2019-07,2011-01,2018-04,2019-06,528
persistent_12,,,,89,structure,2019-08,2011-01,2018-05,2019-07,534
persistent_12,,,,90,structure,2019-09,2011-01,2018-06,2019-08,540
persistent_12,,,,91,structure,2019-10,2011-01,2018-07,2019-09,546
persistent_12,,,,92,structure,2019-11,2011-01,2018-08,2019-10,552
persistent_12,,,,93,structure,2019-12,2011-01,2018-09,2019-11,558
persistent_12,,,,94,structure,2020-01,2011-01,2018-10,2019-12,564
persistent_12,,,,95,structure,2020-02,2011-01,2018-11,2020-01,570
persistent_12,,,,96,structure,2020-03,2011-01,2018-12,2020-02,576
persistent_12,,,,97,structure,2020-04,2011-01,2019-01,2020-03,582
persistent_12,,,,98,structure,2020-05,2011-01,2019-02,2020-04,588
persistent_12,,,,99,structure,2020-06,2011-01,2019-03,2020-05,594
persistent_12,,,,100,structure,2020-07,2011-01,2019-04,2020-06,600
persistent_12,,,,101,structure,2020-08,2011-01,2019-05,2020-07,606
persistent_12,,,,102,structure,2020-09,2011-01,2019-06,2020-08,612
persistent_12,,,,103,structure,2020-10,2011-01,2019-07,2020-09,618
persistent_12,,,,104,structure,2020-11,2011-01,2019-08,2020-10,624
persistent_12,,,,105,structure,2020-12,2011-01,2019-09,2020-11,630
persistent_12,,,,106,structure,2021-01,2011-01,2019-10,2020-12,636
persistent_12,,,,107,structure,2021-02,2011-01,2019-11,2021-01,642
persistent_12,,,,108,structure,2021-03,2011-01,2019-12,2021-02,648
persistent_12,,,,109,structure,2021-04,2011-01,2020-01,2021-03,654
persistent_12,,,,110,structure,2021-05,2011-01,2020-02,2021-04,660
persistent_12,,,,111,structure,2021-06,2011-01,2020-03,2021-05,666
persistent_12,,,,112,structure,2021-07,2011-01,2020-04,2021-06,672
persistent_12,,,,113,structure,2021-08,2011-01,2020-05,2021-07,678
persistent_12,,,,114,structure,2021-09,2011-01,2020-06,2021-08,684
persistent_12,,,,115,structure,2021-10,2011-01,2020-07,2021-09,690
persistent_12,,,,116,structure,2021-11,2011-01,2020-08,2021-10,696
persistent_12,,,,117,structure,2021-12,2011-01,2020-09,2021-11,702
persistent_12,,,,118,structure,2022-01,2011-01,2020-10,2021-12,708
persistent_12,,,,119,structure,2022-02,2011-01,2020-11,2022-01,714
persistent_12,,,,120,structure,2022-03,2011-01,2020-12,2022-02,720
persistent_12,,,,121,structure,2022-04,2011-01,2021-01,2022-03,726
persistent_12,,,,122,structure,2022-05,2011-01,2021-02,2022-04,732
persistent_12,,,,123,structure,2022-06,2011-01,2021-03,2022-05,738
persistent_12,,,,124,structure,2022-07,2011-01,2021-04,2022-06,744
persistent_12,,,,125,structure,2022-08,2011-01,2021-05,2022-07,750
persistent_12,,,,126,structure,2022-09,2011-01,2021-06,2022-08,756
persistent_12,,,,127,structure,2022-10,2011-01,2021-07,2022-09,762
persistent_12,,,,128,structure,2022-11,2011-01,2021-08,2022-10,768
persistent_12,,,,129,structure,2022-12,2011-01,2021-09,2022-11,774
persistent_12,,,,130,structure,2023-01,2011-01,2021-10,2022-12,780
persistent_12,,,,131,structure,2023-02,2011-01,2021-11,2023-01,786
persistent_12,,,,132,structure,2023-03,2011-01,2021-12,2023-02,792
persistent_12,,,,133,structure,2023-04,2011-01,2022-01,2023-03,798
persistent_12,,,,134,structure,2023-05,2011-01,2022-02,2023-04,804
persistent_12,,,,135,structure,2023-06,2011-01,2022-03,2023-05,810
persistent_12,,,,136,structure,2023-07,2011-01,2022-04,2023-06,816
persistent_12,,,,137,structure,2023-08,2011-01,2022-05,2023-07,822
persistent_12,,,,138,structure,2023-09,2011-01,2022-06,2023-08,828
persistent_12,,,,139,structure,2023-10,2011-01,2022-07,2023-09,834
persistent_12,,,,140,structure,2023-11,2011-01,2022-08,2023-10,840
persistent_12,,,,141,structure,2023-12,2011-01,2022-09,2023-11,846
persistent_12,,,,142,structure,2024-01,2011-01,2022-10,2023-12,852
persistent_12,,,,143,structure,2024-02,2011-01,2022-11,2024-01,858
persistent_12,,,,144,structure,2024-03,2011-01,2022-12,2024-02,864
persistent_12,,,,145,structure,2024-04,2011-01,2023-01,2024-03,870
persistent_12,,,,146,structure,2024-05,2011-01,2023-02,2024-04,876
persistent_12,,,,147,structure,2024-06,2011-01,2023-03,2024-05,882
persistent_12,,,,148,structure,2024-07,2011-01,2023-04,2024-06,888
persistent_12,,,,149,structure,2024-08,2011-01,2023-05,2024-07,894
persistent_12,,,,150,structure,2024-09,2011-01,2023-06,2024-08,900
persistent_12,,,,151,structure,2024-10,2011-01,2023-07,2024-09,906
persistent_12,,,,152,structure,2024-11,2011-01,2023-08,2024-10,912
persistent_12,,,,153,structure,2024-12,2011-01,2023-09,2024-11,918
persistent_12,,,,154,structure,2025-01,2011-01,2023-10,2024-12,924
persistent_12,,,,155,structure,2025-02,2011-01,2023-11,2025-01,930
persistent_12,,,,156,structure,2025-03,2011-01,2023-12,2025-02,936
persistent_12,,,,157,structure,2025-04,2011-01,2024-01,2025-03,942
persistent_12,,,,158,structure,2025-05,2011-01,2024-02,2025-04,948
persistent_12,,,,159,structure,2025-06,2011-01,2024-03,2025-05,954
persistent_12,,,,160,structure,2025-07,2011-01,2024-04,2025-06,960
persistent_12,,,,161,structure,2025-08,2011-01,2024-05,2025-07,966
persistent_12,,,,162,structure,2025-09,2011-01,2024-06,2025-08,972
persistent_12,,,,163,structure,2025-10,2011-01,2024-07,2025-09,978
persistent_12,,,,164,structure,2025-11,2011-01,2024-08,2025-10,984
persistent_12,,,,165,structure,2025-12,2011-01,2024-09,2025-11,990
persistent_12,,,,166,structure,2026-01,2011-01,2024-10,2025-12,996
persistent_12,,,,167,structure,2026-02,2011-01,2024-11,2026-01,1002
persistent_12,,,,168,structure,2026-03,2011-01,2024-12,2026-02,1008
persistent_12,,,,169,structure,2026-04,2011-01,2025-01,2026-03,1014
persistent_12,,,,170,structure,2026-05,2011-01,2025-02,2026-04,1020
persistent_12,,,,171,structure,2026-06,2011-01,2025-03,2026-05,1026
persistent_12,,,,172,structure,2026-07,2011-01,2025-04,2026-06,1032
persistent_12,,,,173,structure,2026-08,2011-01,2025-05,2026-07,1038
persistent_12,,,,60,All,2017-03,2011-01,2015-12,2017-02,360
persistent_12,,,,61,All,2017-04,2011-01,2016-01,2017-03,366
persistent_12,,,,62,All,2017-05,2011-01,2016-02,2017-04,372
persistent_12,,,,63,All,2017-06,2011-01,2016-03,2017-05,378
persistent_12,,,,64,All,2017-07,2011-01,2016-04,2017-06,384
persistent_12,,,,65,All,2017-08,2011-01,2016-05,2017-07,390
persistent_12,,,,66,All,2017-09,2011-01,2016-06,2017-08,396
persistent_12,,,,67,All,2017-10,2011-01,2016-07,2017-09,402
persistent_12,,,,68,All,2017-11,2011-01,2016-08,2017-10,408
persistent_12,,,,69,All,2017-12,2011-01,2016-09,2017-11,414
persistent_12,,,,70,All,2018-01,2011-01,2016-10,2017-12,420
persistent_12,,,,71,All,2018-02,2011-01,2016-11,2018-01,426
persistent_12,,,,72,All,2018-03,2011-01,2016-12,2018-02,432
persistent_12,,,,73,All,2018-04,2011-01,2017-01,2018-03,438
persistent_12,,,,74,All,2018-05,2011-01,2017-02,2018-04,444
persistent_12,,,,75,All,2018-06,2011-01,2017-03,2018-05,450
persistent_12,,,,76,All,2018-07,2011-01,2017-04,2018-06,456
persistent_12,,,,77,All,2018-08,2011-01,2017-05,2018-07,462
persistent_12,,,,78,All,2018-09,2011-01,2017-06,2018-08,468
persistent_12,,,,79,All,2018-10,2011-01,2017-07,2018-09,474
persistent_12,,,,80,All,2018-11,2011-01,2017-08,2018-10,480
persistent_12,,,,81,All,2018-12,2011-01,2017-09,2018-11,486
persistent_12,,,,82,All,2019-01,2011-01,2017-10,2018-12,492
persistent_12,,,,83,All,2019-02,2011-01,2017-11,2019-01,498
persistent_12,,,,84,All,2019-03,2011-01,2017-12,2019-02,504
persistent_12,,,,85,All,2019-04,2011-01,2018-01,2019-03,510
persistent_12,,,,86,All,2019-05,2011-01,2018-02,2019-04,516
persistent_12,,,,87,All,2019-06,2011-01,2018-03,2019-05,522
persistent_12,,,,88,All,2019-07,2011-01,2018-04,2019-06,528
persistent_12,,,,89,All,2019-08,2011-01,2018-05,2019-07,534
persistent_12,,,,90,All,2019-09,2011-01,2018-06,2019-08,540
persistent_12,,,,91,All,2019-10,2011-01,2018-07,2019-09,546
persistent_12,,,,92,All,2019-11,2011-01,2018-08,2019-10,552
persistent_12,,,,93,All,2019-12,2011-01,2018-09,2019-11,558
persistent_12,,,,94,All,2020-01,2011-01,2018-10,2019-12,564
persistent_12,,,,95,All,2020-02,2011-01,2018-11,2020-01,570
persistent_12,,,,96,All,2020-03,2011-01,2018-12,2020-02,576
persistent_12,,,,97,All,2020-04,2011-01,2019-01,2020-03,582
persistent_12,,,,98,All,2020-05,2011-01,2019-02,2020-04,588
persistent_12,,,,99,All,2020-06,2011-01,2019-03,2020-05,594
persistent_12,,,,100,All,2020-07,2011-01,2019-04,2020-06,600
persistent_12,,,,101,All,2020-08,2011-01,2019-05,2020-07,606
persistent_12,,,,102,All,2020-09,2011-01,2019-06,2020-08,612
persistent_12,,,,103,All,2020-10,2011-01,2019-07,2020-09,618
persistent_12,,,,104,All,2020-11,2011-01,2019-08,2020-10,624
persistent_12,,,,105,All,2020-12,2011-01,2019-09,2020-11,630
persistent_12,,,,106,All,2021-01,2011-01,2019-10,2020-12,636
persistent_12,,,,107,All,2021-02,2011-01,2019-11,2021-01,642
persistent_12,,,,108,All,2021-03,2011-01,2019-12,2021-02,648
persistent_12,,,,109,All,2021-04,2011-01,2020-01,2021-03,654
persistent_12,,,,110,All,2021-05,2011-01,2020-02,2021-04,660
persistent_12,,,,111,All,2021-06,2011-01,2020-03,2021-05,666
persistent_12,,,,112,All,2021-07,2011-01,2020-04,2021-06,672
persistent_12,,,,113,All,2021-08,2011-01,2020-05,2021-07,678
persistent_12,,,,114,All,2021-09,2011-01,2020-06,2021-08,684
persistent_12,,,,115,All,2021-10,2011-01,2020-07,2021-09,690
persistent_12,,,,116,All,2021-11,2011-01,2020-08,2021-10,696
persistent_12,,,,117,All,2021-12,2011-01,2020-09,2021-11,702
persistent_12,,,,118,All,2022-01,2011-01,2020-10,2021-12,708
persistent_12,,,,119,All,2022-02,2011-01,2020-11,2022-01,714
persistent_12,,,,120,All,2022-03,2011-01,2020-12,2022-02,720
persistent_12,,,,121,All,2022-04,2011-01,2021-01,2022-03,726
persistent_12,,,,122,All,2022-05,2011-01,2021-02,2022-04,732
persistent_12,,,,123,All,2022-06,2011-01,2021-03,2022-05,738
persistent_12,,,,124,All,2022-07,2011-01,2021-04,2022-06,744
persistent_12,,,,125,All,2022-08,2011-01,2021-05,2022-07,750
persistent_12,,,,126,All,2022-09,2011-01,2021-06,2022-08,756
persistent_12,,,,127,All,2022-10,2011-01,2021-07,2022-09,762
persistent_12,,,,128,All,2022-11,2011-01,2021-08,2022-10,768
persistent_12,,,,129,All,2022-12,2011-01,2021-09,2022-11,774
persistent_12,,,,130,All,2023-01,2011-01,2021-10,2022-12,780
persistent_12,,,,131,All,2023-02,2011-01,2021-11,2023-01,786
persistent_12,,,,132,All,2023-03,2011-01,2021-12,2023-02,792
persistent_12,,,,133,All,2023-04,2011-01,2022-01,2023-03,798
persistent_12,,,,134,All,2023-05,2011-01,2022-02,2023-04,804
persistent_12,,,,135,All,2023-06,2011-01,2022-03,2023-05,810
persistent_12,,,,136,All,2023-07,2011-01,2022-04,2023-06,816
persistent_12,,,,137,All,2023-08,2011-01,2022-05,2023-07,822
persistent_12,,,,138,All,2023-09,2011-01,2022-06,2023-08,828
persistent_12,,,,139,All,2023-10,2011-01,2022-07,2023-09,834
persistent_12,,,,140,All,2023-11,2011-01,2022-08,2023-10,840
persistent_12,,,,141,All,2023-12,2011-01,2022-09,2023-11,846
persistent_12,,,,142,All,2024-01,2011-01,2022-10,2023-12,852
persistent_12,,,,143,All,2024-02,2011-01,2022-11,2024-01,858
persistent_12,,,,144,All,2024-03,2011-01,2022-12,2024-02,864
persistent_12,,,,145,All,2024-04,2011-01,2023-01,2024-03,870
persistent_12,,,,146,All,2024-05,2011-01,2023-02,2024-04,876
persistent_12,,,,147,All,2024-06,2011-01,2023-03,2024-05,882
persistent_12,,,,148,All,2024-07,2011-01,2023-04,2024-06,888
persistent_12,,,,149,All,2024-08,2011-01,2023-05,2024-07,894
persistent_12,,,,150,All,2024-09,2011-01,2023-06,2024-08,900
persistent_12,,,,151,All,2024-10,2011-01,2023-07,2024-09,906
persistent_12,,,,152,All,2024-11,2011-01,2023-08,2024-10,912
persistent_12,,,,153,All,2024-12,2011-01,2023-09,2024-11,918
persistent_12,,,,154,All,2025-01,2011-01,2023-10,2024-12,924
persistent_12,,,,155,All,2025-02,2011-01,2023-11,2025-01,930
persistent_12,,,,156,All,2025-03,2011-01,2023-12,2025-02,936
persistent_12,,,,157,All,2025-04,2011-01,2024-01,2025-03,942
persistent_12,,,,158,All,2025-05,2011-01,2024-02,2025-04,948
persistent_12,,,,159,All,2025-06,2011-01,2024-03,2025-05,954
persistent_12,,,,160,All,2025-07,2011-01,2024-04,2025-06,960
persistent_12,,,,161,All,2025-08,2011-01,2024-05,2025-07,966
persistent_12,,,,162,All,2025-09,2011-01,2024-06,2025-08,972
persistent_12,,,,163,All,2025-10,2011-01,2024-07,2025-09,978
persistent_12,,,,164,All,2025-11,2011-01,2024-08,2025-10,984
persistent_12,,,,165,All,2025-12,2011-01,2024-09,2025-11,990
persistent_12,,,,166,All,2026-01,2011-01,2024-10,2025-12,996
persistent_12,,,,167,All,2026-02,2011-01,2024-11,2026-01,1002
persistent_12,,,,168,All,2026-03,2011-01,2024-12,2026-02,1008
persistent_12,,,,169,All,2026-04,2011-01,2025-01,2026-03,1014
persistent_12,,,,170,All,2026-05,2011-01,2025-02,2026-04,1020
persistent_12,,,,171,All,2026-06,2011-01,2025-03,2026-05,1026
persistent_12,,,,172,All,2026-07,2011-01,2025-04,2026-06,1032
persistent_12,,,,173,All,2026-08,2011-01,2025-05,2026-07,1038
nominal_12,,,,60,EJR,2005-10,1999-10,2004-09,2005-09,360
nominal_12,,,,61,EJR,2005-11,1999-10,2004-10,2005-10,366
nominal_12,,,,62,EJR,2005-12,1999-10,2004-11,2005-11,372
nominal_12,,,,63,EJR,2006-01,1999-10,2004-12,2005-12,378
nominal_12,,,,64,EJR,2006-02,1999-10,2005-01,2006-01,384
nominal_12,,,,65,EJR,2006-03,1999-10,2005-02,2006-02,390
nominal_12,,,,66,EJR,2006-04,1999-10,2005-03,2006-03,396
nominal_12,,,,67,EJR,2006-05,1999-10,2005-04,2006-04,402
nominal_12,,,,68,EJR,2006-06,1999-10,2005-05,2006-05,408
nominal_12,,,,69,EJR,2006-07,1999-10,2005-06,2006-06,414
nominal_12,,,,70,EJR,2006-08,1999-10,2005-07,2006-07,420
nominal_12,,,,71,EJR,2006-09,1999-10,2005-08,2006-08,426
nominal_12,,,,72,EJR,2006-10,1999-10,2005-09,2006-09,432
nominal_12,,,,73,EJR,2006-11,1999-10,2005-10,2006-10,438
nominal_12,,,,74,EJR,2006-12,1999-10,2005-11,2006-11,444
nominal_12,,,,75,EJR,2007-01,1999-10,2005-12,2006-12,450
nominal_12,,,,76,EJR,2007-02,1999-10,2006-01,2007-01,456
nominal_12,,,,77,EJR,2007-03,1999-10,2006-02,2007-02,462
nominal_12,,,,78,EJR,2007-04,1999-10,2006-03,2007-03,468
nominal_12,,,,79,EJR,2007-05,1999-10,2006-04,2007-04,474
nominal_12,,,,80,EJR,2007-06,1999-10,2006-05,2007-05,480
nominal_12,,,,81,EJR,2007-07,1999-10,2006-06,2007-06,486
nominal_12,,,,82,EJR,2007-08,1999-10,2006-07,2007-07,492
nominal_12,,,,83,EJR,2007-09,1999-10,2006-08,2007-08,498
nominal_12,,,,84,EJR,2007-10,1999-10,2006-09,2007-09,504
nominal_12,,,,85,EJR,2007-11,1999-10,2006-10,2007-10,510
nominal_12,,,,86,EJR,2007-12,1999-10,2006-11,2007-11,516
nominal_12,,,,87,EJR,2008-01,1999-10,2006-12,2007-12,522
nominal_12,,,,88,EJR,2008-02,1999-10,2007-01,2008-01,528
nominal_12,,,,89,EJR,2008-03,1999-10,2007-02,2008-02,534
nominal_12,,,,90,EJR,2008-04,1999-10,2007-03,2008-03,540
nominal_12,,,,91,EJR,2008-05,1999-10,2007-04,2008-04,546
nominal_12,,,,92,EJR,2008-06,1999-10,2007-05,2008-05,552
nominal_12,,,,93,EJR,2008-07,1999-10,2007-06,2008-06,558
nominal_12,,,,94,EJR,2008-08,1999-10,2007-07,2008-07,564
nominal_12,,,,95,EJR,2008-09,1999-10,2007-08,2008-08,570
nominal_12,,,,96,EJR,2008-10,1999-10,2007-09,2008-09,576
nominal_12,,,,97,EJR,2008-11,1999-10,2007-10,2008-10,582
nominal_12,,,,98,EJR,2008-12,1999-10,2007-11,2008-11,588
nominal_12,,,,99,EJR,2009-01,1999-10,2007-12,2008-12,594
nominal_12,,,,100,EJR,2009-02,1999-10,2008-01,2009-01,600
nominal_12,,,,101,EJR,2009-03,1999-10,2008-02,2009-02,606
nominal_12,,,,102,EJR,2009-04,1999-10,2008-03,2009-03,612
nominal_12,,,,103,EJR,2009-05,1999-10,2008-04,2009-04,618
nominal_12,,,,104,EJR,2009-06,1999-10,2008-05,2009-05,624
nominal_12,,,,105,EJR,2009-07,1999-10,2008-06,2009-06,630
nominal_12,,,,106,EJR,2009-08,1999-10,2008-07,2009-07,636
nominal_12,,,,107,EJR,2009-09,1999-10,2008-08,2009-08,642
nominal_12,,,,108,EJR,2009-10,1999-10,2008-09,2009-09,648
nominal_12,,,,109,EJR,2009-11,1999-10,2008-10,2009-10,654
nominal_12,,,,110,EJR,2009-12,1999-10,2008-11,2009-11,660
nominal_12,,,,111,EJR,2010-01,1999-10,2008-12,2009-12,666
nominal_12,,,,112,EJR,2010-02,1999-10,2009-01,2010-01,672
nominal_12,,,,113,EJR,2010-03,1999-10,2009-02,2010-02,678
nominal_12,,,,114,EJR,2010-04,1999-10,2009-03,2010-03,684
nominal_12,,,,115,EJR,2010-05,1999-10,2009-04,2010-04,690
nominal_12,,,,116,EJR,2010-06,1999-10,2009-05,2010-05,696
nominal_12,,,,117,EJR,2010-07,1999-10,2009-06,2010-06,702
nominal_12,,,,118,EJR,2010-08,1999-10,2009-07,2010-07,708
nominal_12,,,,119,EJR,2010-09,1999-10,2009-08,2010-08,714
nominal_12,,,,120,EJR,2010-10,1999-10,2009-09,2010-09,720
nominal_12,,,,121,EJR,2010-11,1999-10,2009-10,2010-10,726
nominal_12,,,,122,EJR,2010-12,1999-10,2009-11,2010-11,732
nominal_12,,,,123,EJR,2011-01,1999-10,2009-12,2010-12,738
nominal_12,,,,124,EJR,2011-02,1999-10,2010-01,2011-01,744
nominal_12,,,,125,EJR,2011-03,1999-10,2010-02,2011-02,750
nominal_12,,,,126,EJR,2011-04,1999-10,2010-03,2011-03,756
nominal_12,,,,127,EJR,2011-05,1999-10,2010-04,2011-04,762
nominal_12,,,,128,EJR,2011-06,1999-10,2010-05,2011-05,768
nominal_12,,,,129,EJR,2011-07,1999-10,2010-06,2011-06,774
nominal_12,,,,130,EJR,2011-08,1999-10,2010-07,2011-07,780
nominal_12,,,,131,EJR,2011-09,1999-10,2010-08,2011-08,786
nominal_12,,,,132,EJR,2011-10,1999-10,2010-09,2011-09,792
nominal_12,,,,133,EJR,2011-11,1999-10,2010-10,2011-10,798
nominal_12,,,,134,EJR,2011-12,1999-10,2010-11,2011-11,804
nominal_12,,,,135,EJR,2012-01,1999-10,2010-12,2011-12,810
nominal_12,,,,136,EJR,2012-02,1999-10,2011-01,2012-01,816
nominal_12,,,,137,EJR,2012-03,1999-10,2011-02,2012-02,822
nominal_12,,,,138,EJR,2012-04,1999-10,2011-03,2012-03,828
nominal_12,,,,139,EJR,2012-05,1999-10,2011-04,2012-04,834
nominal_12,,,,140,EJR,2012-06,1999-10,2011-05,2012-05,840
nominal_12,,,,141,EJR,2012-07,1999-10,2011-06,2012-06,846
nominal_12,,,,142,EJR,2012-08,1999-10,2011-07,2012-07,852
nominal_12,,,,143,EJR,2012-09,1999-10,2011-08,2012-08,858
nominal_12,,,,144,EJR,2012-10,1999-10,2011-09,2012-09,864
nominal_12,,,,145,EJR,2012-11,1999-10,2011-10,2012-10,870
nominal_12,,,,146,EJR,2012-12,1999-10,2011-11,2012-11,876
nominal_12,,,,147,EJR,2013-01,1999-10,2011-12,2012-12,882
nominal_12,,,,148,EJR,2013-02,1999-10,2012-01,2013-01,888
nominal_12,,,,149,EJR,2013-03,1999-10,2012-02,2013-02,894
nominal_12,,,,150,EJR,2013-04,1999-10,2012-03,2013-03,900
nominal_12,,,,151,EJR,2013-05,1999-10,2012-04,2013-04,906
nominal_12,,,,152,EJR,2013-06,1999-10,2012-05,2013-05,912
nominal_12,,,,153,EJR,2013-07,1999-10,2012-06,2013-06,918
nominal_12,,,,154,EJR,2013-08,1999-10,2012-07,2013-07,924
nominal_12,,,,155,EJR,2013-09,1999-10,2012-08,2013-08,930
nominal_12,,,,156,EJR,2013-10,1999-10,2012-09,2013-09,936
nominal_12,,,,157,EJR,2013-11,1999-10,2012-10,2013-10,942
nominal_12,,,,158,EJR,2013-12,1999-10,2012-11,2013-11,948
nominal_12,,,,159,EJR,2014-01,1999-10,2012-12,2013-12,954
nominal_12,,,,160,EJR,2014-02,1999-10,2013-01,2014-01,960
nominal_12,,,,161,EJR,2014-03,1999-10,2013-02,2014-02,966
nominal_12,,,,162,EJR,2014-04,1999-10,2013-03,2014-03,972
nominal_12,,,,163,EJR,2014-05,1999-10,2013-04,2014-04,978
nominal_12,,,,164,EJR,2014-06,1999-10,2013-05,2014-05,984
nominal_12,,,,165,EJR,2014-07,1999-10,2013-06,2014-06,990
nominal_12,,,,166,EJR,2014-08,1999-10,2013-07,2014-07,996
nominal_12,,,,167,EJR,2014-09,1999-10,2013-08,2014-08,1002
nominal_12,,,,168,EJR,2014-10,1999-10,2013-09,2014-09,1008
nominal_12,,,,169,EJR,2014-11,1999-10,2013-10,2014-10,1014
nominal_12,,,,170,EJR,2014-12,1999-10,2013-11,2014-11,1020
nominal_12,,,,171,EJR,2015-01,1999-10,2013-12,2014-12,1026
nominal_12,,,,172,EJR,2015-02,1999-10,2014-01,2015-01,1032
nominal_12,,,,173,EJR,2015-03,1999-10,2014-02,2015-02,1038
nominal_12,,,,174,EJR,2015-04,1999-10,2014-03,2015-03,1044
nominal_12,,,,175,EJR,2015-05,1999-10,2014-04,2015-04,1050
nominal_12,,,,176,EJR,2015-06,1999-10,2014-05,2015-05,1056
nominal_12,,,,177,EJR,2015-07,1999-10,2014-06,2015-06,1062
nominal_12,,,,178,EJR,2015-08,1999-10,2014-07,2015-07,1068
nominal_12,,,,179,EJR,2015-09,1999-10,2014-08,2015-08,1074
nominal_12,,,,180,EJR,2015-10,1999-10,2014-09,2015-09,1080
nominal_12,,,,181,EJR,2015-11,1999-10,2014-10,2015-10,1086
nominal_12,,,,182,EJR,2015-12,1999-10,2014-11,2015-11,1092
nominal_12,,,,183,EJR,2016-01,1999-10,2014-12,2015-12,1098
nominal_12,,,,184,EJR,2016-02,1999-10,2015-01,2016-01,1104
nominal_12,,,,185,EJR,2016-03,1999-10,2015-02,2016-02,1110
nominal_12,,,,186,EJR,2016-04,1999-10,2015-03,2016-03,1116
nominal_12,,,,187,EJR,2016-05,1999-10,2015-04,2016-04,1122
nominal_12,,,,188,EJR,2016-06,1999-10,2015-05,2016-05,1128
nominal_12,,,,189,EJR,2016-07,1999-10,2015-06,2016-06,1134
nominal_12,,,,190,EJR,2016-08,1999-10,2015-07,2016-07,1140
nominal_12,,,,191,EJR,2016-09,1999-10,2015-08,2016-08,1146
nominal_12,,,,192,EJR,2016-10,1999-10,2015-09,2016-09,1152
nominal_12,,,,193,EJR,2016-11,1999-10,2015-10,2016-10,1158
nominal_12,,,,194,EJR,2016-12,1999-10,2015-11,2016-11,1164
nominal_12,,,,195,EJR,2017-01,1999-10,2015-12,2016-12,1170
nominal_12,,,,196,EJR,2017-02,1999-10,2016-01,2017-01,1176
nominal_12,,,,197,EJR,2017-03,1999-10,2016-02,2017-02,1182
nominal_12,,,,198,EJR,2017-04,1999-10,2016-03,2017-03,1188
nominal_12,,,,199,EJR,2017-05,1999-10,2016-04,2017-04,1194
nominal_12,,,,200,EJR,2017-06,1999-10,2016-05,2017-05,1200
nominal_12,,,,201,EJR,2017-07,1999-10,2016-06,2017-06,1206
nominal_12,,,,202,EJR,2017-08,1999-10,2016-07,2017-07,1212
nominal_12,,,,203,EJR,2017-09,1999-10,2016-08,2017-08,1218
nominal_12,,,,204,EJR,2017-10,1999-10,2016-09,2017-09,1224
nominal_12,,,,205,EJR,2017-11,1999-10,2016-10,2017-10,1230
nominal_12,,,,206,EJR,2017-12,1999-10,2016-11,2017-11,1236
nominal_12,,,,207,EJR,2018-01,1999-10,2016-12,2017-12,1242
nominal_12,,,,208,EJR,2018-02,1999-10,2017-01,2018-01,1248
nominal_12,,,,209,EJR,2018-03,1999-10,2017-02,2018-02,1254
nominal_12,,,,210,EJR,2018-04,1999-10,2017-03,2018-03,1260
nominal_12,,,,211,EJR,2018-05,1999-10,2017-04,2018-04,1266
nominal_12,,,,212,EJR,2018-06,1999-10,2017-05,2018-05,1272
nominal_12,,,,213,EJR,2018-07,1999-10,2017-06,2018-06,1278
nominal_12,,,,214,EJR,2018-08,1999-10,2017-07,2018-07,1284
nominal_12,,,,215,EJR,2018-09,1999-10,2017-08,2018-08,1290
nominal_12,,,,216,EJR,2018-10,1999-10,2017-09,2018-09,1296
nominal_12,,,,217,EJR,2018-11,1999-10,2017-10,2018-10,1302
nominal_12,,,,218,EJR,2018-12,1999-10,2017-11,2018-11,1308
nominal_12,,,,219,EJR,2019-01,1999-10,2017-12,2018-12,1314
nominal_12,,,,220,EJR,2019-02,1999-10,2018-01,2019-01,1320
nominal_12,,,,221,EJR,2019-03,1999-10,2018-02,2019-02,1326
nominal_12,,,,222,EJR,2019-04,1999-10,2018-03,2019-03,1332
nominal_12,,,,223,EJR,2019-05,1999-10,2018-04,2019-04,1338
nominal_12,,,,224,EJR,2019-06,1999-10,2018-05,2019-05,1344
nominal_12,,,,225,EJR,2019-07,1999-10,2018-06,2019-06,1350
nominal_12,,,,226,EJR,2019-08,1999-10,2018-07,2019-07,1356
nominal_12,,,,227,EJR,2019-09,1999-10,2018-08,2019-08,1362
nominal_12,,,,228,EJR,2019-10,1999-10,2018-09,2019-09,1368
nominal_12,,,,229,EJR,2019-11,1999-10,2018-10,2019-10,1374
nominal_12,,,,230,EJR,2019-12,1999-10,2018-11,2019-11,1380
nominal_12,,,,231,EJR,2020-01,1999-10,2018-12,2019-12,1386
nominal_12,,,,232,EJR,2020-02,1999-10,2019-01,2020-01,1392
nominal_12,,,,233,EJR,2020-03,1999-10,2019-02,2020-02,1398
nominal_12,,,,234,EJR,2020-04,1999-10,2019-03,2020-03,1404
nominal_12,,,,235,EJR,2020-05,1999-10,2019-04,2020-04,1410
nominal_12,,,,236,EJR,2020-06,1999-10,2019-05,2020-05,1416
nominal_12,,,,237,EJR,2020-07,1999-10,2019-06,2020-06,1422
nominal_12,,,,238,EJR,2020-08,1999-10,2019-07,2020-07,1428
nominal_12,,,,239,EJR,2020-09,1999-10,2019-08,2020-08,1434
nominal_12,,,,240,EJR,2020-10,1999-10,2019-09,2020-09,1440
nominal_12,,,,241,EJR,2020-11,1999-10,2019-10,2020-10,1446
nominal_12,,,,242,EJR,2020-12,1999-10,2019-11,2020-11,1452
nominal_12,,,,243,EJR,2021-01,1999-10,2019-12,2020-12,1458
nominal_12,,,,244,EJR,2021-02,1999-10,2020-01,2021-01,1464
nominal_12,,,,245,EJR,2021-03,1999-10,2020-02,2021-02,1470
nominal_12,,,,246,EJR,2021-04,1999-10,2020-03,2021-03,1476
nominal_12,,,,247,EJR,2021-05,1999-10,2020-04,2021-04,1482
nominal_12,,,,248,EJR,2021-06,1999-10,2020-05,2021-05,1488
nominal_12,,,,249,EJR,2021-07,1999-10,2020-06,2021-06,1494
nominal_12,,,,250,EJR,2021-08,1999-10,2020-07,2021-07,1500
nominal_12,,,,251,EJR,2021-09,1999-10,2020-08,2021-08,1506
nominal_12,,,,252,EJR,2021-10,1999-10,2020-09,2021-09,1512
nominal_12,,,,253,EJR,2021-11,1999-10,2020-10,2021-10,1518
nominal_12,,,,254,EJR,2021-12,1999-10,2020-11,2021-11,1524
nominal_12,,,,255,EJR,2022-01,1999-10,2020-12,2021-12,1530
nominal_12,,,,256,EJR,2022-02,1999-10,2021-01,2022-01,1536
nominal_12,,,,257,EJR,2022-03,1999-10,2021-02,2022-02,1542
nominal_12,,,,258,EJR,2022-04,1999-10,2021-03,2022-03,1548
nominal_12,,,,259,EJR,2022-05,1999-10,2021-04,2022-04,1554
nominal_12,,,,260,EJR,2022-06,1999-10,2021-05,2022-05,1560
nominal_12,,,,261,EJR,2022-07,1999-10,2021-06,2022-06,1566
nominal_12,,,,262,EJR,2022-08,1999-10,2021-07,2022-07,1572
nominal_12,,,,263,EJR,2022-09,1999-10,2021-08,2022-08,1578
nominal_12,,,,264,EJR,2022-10,1999-10,2021-09,2022-09,1584
nominal_12,,,,265,EJR,2022-11,1999-10,2021-10,2022-10,1590
nominal_12,,,,266,EJR,2022-12,1999-10,2021-11,2022-11,1596
nominal_12,,,,267,EJR,2023-01,1999-10,2021-12,2022-12,1602
nominal_12,,,,268,EJR,2023-02,1999-10,2022-01,2023-01,1608
nominal_12,,,,269,EJR,2023-03,1999-10,2022-02,2023-02,1614
nominal_12,,,,270,EJR,2023-04,1999-10,2022-03,2023-03,1620
nominal_12,,,,271,EJR,2023-05,1999-10,2022-04,2023-04,1626
nominal_12,,,,272,EJR,2023-06,1999-10,2022-05,2023-05,1632
nominal_12,,,,273,EJR,2023-07,1999-10,2022-06,2023-06,1638
nominal_12,,,,274,EJR,2023-08,1999-10,2022-07,2023-07,1644
nominal_12,,,,275,EJR,2023-09,1999-10,2022-08,2023-08,1650
nominal_12,,,,276,EJR,2023-10,1999-10,2022-09,2023-09,1656
nominal_12,,,,277,EJR,2023-11,1999-10,2022-10,2023-10,1662
nominal_12,,,,278,EJR,2023-12,1999-10,2022-11,2023-11,1668
nominal_12,,,,279,EJR,2024-01,1999-10,2022-12,2023-12,1674
nominal_12,,,,280,EJR,2024-02,1999-10,2023-01,2024-01,1680
nominal_12,,,,281,EJR,2024-03,1999-10,2023-02,2024-02,1686
nominal_12,,,,282,EJR,2024-04,1999-10,2023-03,2024-03,1692
nominal_12,,,,283,EJR,2024-05,1999-10,2023-04,2024-04,1698
nominal_12,,,,284,EJR,2024-06,1999-10,2023-05,2024-05,1704
nominal_12,,,,285,EJR,2024-07,1999-10,2023-06,2024-06,1710
nominal_12,,,,286,EJR,2024-08,1999-10,2023-07,2024-07,1716
nominal_12,,,,287,EJR,2024-09,1999-10,2023-08,2024-08,1722
nominal_12,,,,288,EJR,2024-10,1999-10,2023-09,2024-09,1728
nominal_12,,,,289,EJR,2024-11,1999-10,2023-10,2024-10,1734
nominal_12,,,,290,EJR,2024-12,1999-10,2023-11,2024-11,1740
nominal_12,,,,291,EJR,2025-01,1999-10,2023-12,2024-12,1746
nominal_12,,,,292,EJR,2025-02,1999-10,2024-01,2025-01,1752
nominal_12,,,,293,EJR,2025-03,1999-10,2024-02,2025-02,1758
nominal_12,,,,294,EJR,2025-04,1999-10,2024-03,2025-03,1764
nominal_12,,,,295,EJR,2025-05,1999-10,2024-04,2025-04,1770
nominal_12,,,,296,EJR,2025-06,1999-10,2024-05,2025-05,1776
nominal_12,,,,297,EJR,2025-07,1999-10,2024-06,2025-06,1782
nominal_12,,,,298,EJR,2025-08,1999-10,2024-07,2025-07,1788
nominal_12,,,,299,EJR,2025-09,1999-10,2024-08,2025-08,1794
nominal_12,,,,300,EJR,2025-10,1999-10,2024-09,2025-09,1800
nominal_12,,,,301,EJR,2025-11,1999-10,2024-10,2025-10,1806
nominal_12,,,,302,EJR,2025-12,1999-10,2024-11,2025-11,1812
nominal_12,,,,303,EJR,2026-01,1999-10,2024-12,2025-12,1818
nominal_12,,,,304,EJR,2026-02,1999-10,2025-01,2026-01,1824
nominal_12,,,,305,EJR,2026-03,1999-10,2025-02,2026-02,1830
nominal_12,,,,306,EJR,2026-04,1999-10,2025-03,2026-03,1836
nominal_12,,,,307,EJR,2026-05,1999-10,2025-04,2026-04,1842
nominal_12,,,,308,EJR,2026-06,1999-10,2025-05,2026-05,1848
nominal_12,,,,309,EJR,2026-07,1999-10,2025-06,2026-06,1854
nominal_12,,,,310,EJR,2026-08,1999-10,2025-07,2026-07,1860
nominal_12,,,,60,Fixed,2005-11,1999-11,2004-10,2005-10,360
nominal_12,,,,61,Fixed,2005-12,1999-11,2004-11,2005-11,366
nominal_12,,,,62,Fixed,2006-01,1999-11,2004-12,2005-12,372
nominal_12,,,,63,Fixed,2006-02,1999-11,2005-01,2006-01,378
nominal_12,,,,64,Fixed,2006-03,1999-11,2005-02,2006-02,384
nominal_12,,,,65,Fixed,2006-04,1999-11,2005-03,2006-03,390
nominal_12,,,,66,Fixed,2006-05,1999-11,2005-04,2006-04,396
nominal_12,,,,67,Fixed,2006-06,1999-11,2005-05,2006-05,402
nominal_12,,,,68,Fixed,2006-07,1999-11,2005-06,2006-06,408
nominal_12,,,,69,Fixed,2006-08,1999-11,2005-07,2006-07,414
nominal_12,,,,70,Fixed,2006-09,1999-11,2005-08,2006-08,420
nominal_12,,,,71,Fixed,2006-10,1999-11,2005-09,2006-09,426
nominal_12,,,,72,Fixed,2006-11,1999-11,2005-10,2006-10,432
nominal_12,,,,73,Fixed,2006-12,1999-11,2005-11,2006-11,438
nominal_12,,,,74,Fixed,2007-01,1999-11,2005-12,2006-12,444
nominal_12,,,,75,Fixed,2007-02,1999-11,2006-01,2007-01,450
nominal_12,,,,76,Fixed,2007-03,1999-11,2006-02,2007-02,456
nominal_12,,,,77,Fixed,2007-04,1999-11,2006-03,2007-03,462
nominal_12,,,,78,Fixed,2007-05,1999-11,2006-04,2007-04,468
nominal_12,,,,79,Fixed,2007-06,1999-11,2006-05,2007-05,474
nominal_12,,,,80,Fixed,2007-07,1999-11,2006-06,2007-06,480
nominal_12,,,,81,Fixed,2007-08,1999-11,2006-07,2007-07,486
nominal_12,,,,82,Fixed,2007-09,1999-11,2006-08,2007-08,492
nominal_12,,,,83,Fixed,2007-10,1999-11,2006-09,2007-09,498
nominal_12,,,,84,Fixed,2007-11,1999-11,2006-10,2007-10,504
nominal_12,,,,85,Fixed,2007-12,1999-11,2006-11,2007-11,510
nominal_12,,,,86,Fixed,2008-01,1999-11,2006-12,2007-12,516
nominal_12,,,,87,Fixed,2008-02,1999-11,2007-01,2008-01,522
nominal_12,,,,88,Fixed,2008-03,1999-11,2007-02,2008-02,528
nominal_12,,,,89,Fixed,2008-04,1999-11,2007-03,2008-03,534
nominal_12,,,,90,Fixed,2008-05,1999-11,2007-04,2008-04,540
nominal_12,,,,91,Fixed,2008-06,1999-11,2007-05,2008-05,546
nominal_12,,,,92,Fixed,2008-07,1999-11,2007-06,2008-06,552
nominal_12,,,,93,Fixed,2008-08,1999-11,2007-07,2008-07,558
nominal_12,,,,94,Fixed,2008-09,1999-11,2007-08,2008-08,564
nominal_12,,,,95,Fixed,2008-10,1999-11,2007-09,2008-09,570
nominal_12,,,,96,Fixed,2008-11,1999-11,2007-10,2008-10,576
nominal_12,,,,97,Fixed,2008-12,1999-11,2007-11,2008-11,582
nominal_12,,,,98,Fixed,2009-01,1999-11,2007-12,2008-12,588
nominal_12,,,,99,Fixed,2009-02,1999-11,2008-01,2009-01,594
nominal_12,,,,100,Fixed,2009-03,1999-11,2008-02,2009-02,600
nominal_12,,,,101,Fixed,2009-04,1999-11,2008-03,2009-03,606
nominal_12,,,,102,Fixed,2009-05,1999-11,2008-04,2009-04,612
nominal_12,,,,103,Fixed,2009-06,1999-11,2008-05,2009-05,618
nominal_12,,,,104,Fixed,2009-07,1999-11,2008-06,2009-06,624
nominal_12,,,,105,Fixed,2009-08,1999-11,2008-07,2009-07,630
nominal_12,,,,106,Fixed,2009-09,1999-11,2008-08,2009-08,636
nominal_12,,,,107,Fixed,2009-10,1999-11,2008-09,2009-09,642
nominal_12,,,,108,Fixed,2009-11,1999-11,2008-10,2009-10,648
nominal_12,,,,109,Fixed,2009-12,1999-11,2008-11,2009-11,654
nominal_12,,,,110,Fixed,2010-01,1999-11,2008-12,2009-12,660
nominal_12,,,,111,Fixed,2010-02,1999-11,2009-01,2010-01,666
nominal_12,,,,112,Fixed,2010-03,1999-11,2009-02,2010-02,672
nominal_12,,,,113,Fixed,2010-04,1999-11,2009-03,2010-03,678
nominal_12,,,,114,Fixed,2010-05,1999-11,2009-04,2010-04,684
nominal_12,,,,115,Fixed,2010-06,1999-11,2009-05,2010-05,690
nominal_12,,,,116,Fixed,2010-07,1999-11,2009-06,2010-06,696
nominal_12,,,,117,Fixed,2010-08,1999-11,2009-07,2010-07,702
nominal_12,,,,118,Fixed,2010-09,1999-11,2009-08,2010-08,708
nominal_12,,,,119,Fixed,2010-10,1999-11,2009-09,2010-09,714
nominal_12,,,,120,Fixed,2010-11,1999-11,2009-10,2010-10,720
nominal_12,,,,121,Fixed,2010-12,1999-11,2009-11,2010-11,726
nominal_12,,,,122,Fixed,2011-01,1999-11,2009-12,2010-12,732
nominal_12,,,,123,Fixed,2011-02,1999-11,2010-01,2011-01,738
nominal_12,,,,124,Fixed,2011-03,1999-11,2010-02,2011-02,744
nominal_12,,,,125,Fixed,2011-04,1999-11,2010-03,2011-03,750
nominal_12,,,,126,Fixed,2011-05,1999-11,2010-04,2011-04,756
nominal_12,,,,127,Fixed,2011-06,1999-11,2010-05,2011-05,762
nominal_12,,,,128,Fixed,2011-07,1999-11,2010-06,2011-06,768
nominal_12,,,,129,Fixed,2011-08,1999-11,2010-07,2011-07,774
nominal_12,,,,130,Fixed,2011-09,1999-11,2010-08,2011-08,780
nominal_12,,,,131,Fixed,2011-10,1999-11,2010-09,2011-09,786
nominal_12,,,,132,Fixed,2011-11,1999-11,2010-10,2011-10,792
nominal_12,,,,133,Fixed,2011-12,1999-11,2010-11,2011-11,798
nominal_12,,,,134,Fixed,2012-01,1999-11,2010-12,2011-12,804
nominal_12,,,,135,Fixed,2012-02,1999-11,2011-01,2012-01,810
nominal_12,,,,136,Fixed,2012-03,1999-11,2011-02,2012-02,816
nominal_12,,,,137,Fixed,2012-04,1999-11,2011-03,2012-03,822
nominal_12,,,,138,Fixed,2012-05,1999-11,2011-04,2012-04,828
nominal_12,,,,139,Fixed,2012-06,1999-11,2011-05,2012-05,834
nominal_12,,,,140,Fixed,2012-07,1999-11,2011-06,2012-06,840
nominal_12,,,,141,Fixed,2012-08,1999-11,2011-07,2012-07,846
nominal_12,,,,142,Fixed,2012-09,1999-11,2011-08,2012-08,852
nominal_12,,,,143,Fixed,2012-10,1999-11,2011-09,2012-09,858
nominal_12,,,,144,Fixed,2012-11,1999-11,2011-10,2012-10,864
nominal_12,,,,145,Fixed,2012-12,1999-11,2011-11,2012-11,870
nominal_12,,,,146,Fixed,2013-01,1999-11,2011-12,2012-12,876
nominal_12,,,,147,Fixed,2013-02,1999-11,2012-01,2013-01,882
nominal_12,,,,148,Fixed,2013-03,1999-11,2012-02,2013-02,888
nominal_12,,,,149,Fixed,2013-04,1999-11,2012-03,2013-03,894
nominal_12,,,,150,Fixed,2013-05,1999-11,2012-04,2013-04,900
nominal_12,,,,151,Fixed,2013-06,1999-11,2012-05,2013-05,906
nominal_12,,,,152,Fixed,2013-07,1999-11,2012-06,2013-06,912
nominal_12,,,,153,Fixed,2013-08,1999-11,2012-07,2013-07,918
nominal_12,,,,154,Fixed,2013-09,1999-11,2012-08,2013-08,924
nominal_12,,,,155,Fixed,2013-10,1999-11,2012-09,2013-09,930
nominal_12,,,,156,Fixed,2013-11,1999-11,2012-10,2013-10,936
nominal_12,,,,157,Fixed,2013-12,1999-11,2012-11,2013-11,942
nominal_12,,,,158,Fixed,2014-01,1999-11,2012-12,2013-12,948
nominal_12,,,,159,Fixed,2014-02,1999-11,2013-01,2014-01,954
nominal_12,,,,160,Fixed,2014-03,1999-11,2013-02,2014-02,960
nominal_12,,,,161,Fixed,2014-04,1999-11,2013-03,2014-03,966
nominal_12,,,,162,Fixed,2014-05,1999-11,2013-04,2014-04,972
nominal_12,,,,163,Fixed,2014-06,1999-11,2013-05,2014-05,978
nominal_12,,,,164,Fixed,2014-07,1999-11,2013-06,2014-06,984
nominal_12,,,,165,Fixed,2014-08,1999-11,2013-07,2014-07,990
nominal_12,,,,166,Fixed,2014-09,1999-11,2013-08,2014-08,996
nominal_12,,,,167,Fixed,2014-10,1999-11,2013-09,2014-09,1002
nominal_12,,,,168,Fixed,2014-11,1999-11,2013-10,2014-10,1008
nominal_12,,,,169,Fixed,2014-12,1999-11,2013-11,2014-11,1014
nominal_12,,,,170,Fixed,2015-01,1999-11,2013-12,2014-12,1020
nominal_12,,,,171,Fixed,2015-02,1999-11,2014-01,2015-01,1026
nominal_12,,,,172,Fixed,2015-03,1999-11,2014-02,2015-02,1032
nominal_12,,,,173,Fixed,2015-04,1999-11,2014-03,2015-03,1038
nominal_12,,,,174,Fixed,2015-05,1999-11,2014-04,2015-04,1044
nominal_12,,,,175,Fixed,2015-06,1999-11,2014-05,2015-05,1050
nominal_12,,,,176,Fixed,2015-07,1999-11,2014-06,2015-06,1056
nominal_12,,,,177,Fixed,2015-08,1999-11,2014-07,2015-07,1062
nominal_12,,,,178,Fixed,2015-09,1999-11,2014-08,2015-08,1068
nominal_12,,,,179,Fixed,2015-10,1999-11,2014-09,2015-09,1074
nominal_12,,,,180,Fixed,2015-11,1999-11,2014-10,2015-10,1080
nominal_12,,,,181,Fixed,2015-12,1999-11,2014-11,2015-11,1086
nominal_12,,,,182,Fixed,2016-01,1999-11,2014-12,2015-12,1092
nominal_12,,,,183,Fixed,2016-02,1999-11,2015-01,2016-01,1098
nominal_12,,,,184,Fixed,2016-03,1999-11,2015-02,2016-02,1104
nominal_12,,,,185,Fixed,2016-04,1999-11,2015-03,2016-03,1110
nominal_12,,,,186,Fixed,2016-05,1999-11,2015-04,2016-04,1116
nominal_12,,,,187,Fixed,2016-06,1999-11,2015-05,2016-05,1122
nominal_12,,,,188,Fixed,2016-07,1999-11,2015-06,2016-06,1128
nominal_12,,,,189,Fixed,2016-08,1999-11,2015-07,2016-07,1134
nominal_12,,,,190,Fixed,2016-09,1999-11,2015-08,2016-08,1140
nominal_12,,,,191,Fixed,2016-10,1999-11,2015-09,2016-09,1146
nominal_12,,,,192,Fixed,2016-11,1999-11,2015-10,2016-10,1152
nominal_12,,,,193,Fixed,2016-12,1999-11,2015-11,2016-11,1158
nominal_12,,,,194,Fixed,2017-01,1999-11,2015-12,2016-12,1164
nominal_12,,,,195,Fixed,2017-02,1999-11,2016-01,2017-01,1170
nominal_12,,,,196,Fixed,2017-03,1999-11,2016-02,2017-02,1176
nominal_12,,,,197,Fixed,2017-04,1999-11,2016-03,2017-03,1182
nominal_12,,,,198,Fixed,2017-05,1999-11,2016-04,2017-04,1188
nominal_12,,,,199,Fixed,2017-06,1999-11,2016-05,2017-05,1194
nominal_12,,,,200,Fixed,2017-07,1999-11,2016-06,2017-06,1200
nominal_12,,,,201,Fixed,2017-08,1999-11,2016-07,2017-07,1206
nominal_12,,,,202,Fixed,2017-09,1999-11,2016-08,2017-08,1212
nominal_12,,,,203,Fixed,2017-10,1999-11,2016-09,2017-09,1218
nominal_12,,,,204,Fixed,2017-11,1999-11,2016-10,2017-10,1224
nominal_12,,,,205,Fixed,2017-12,1999-11,2016-11,2017-11,1230
nominal_12,,,,206,Fixed,2018-01,1999-11,2016-12,2017-12,1236
nominal_12,,,,207,Fixed,2018-02,1999-11,2017-01,2018-01,1242
nominal_12,,,,208,Fixed,2018-03,1999-11,2017-02,2018-02,1248
nominal_12,,,,209,Fixed,2018-04,1999-11,2017-03,2018-03,1254
nominal_12,,,,210,Fixed,2018-05,1999-11,2017-04,2018-04,1260
nominal_12,,,,211,Fixed,2018-06,1999-11,2017-05,2018-05,1266
nominal_12,,,,212,Fixed,2018-07,1999-11,2017-06,2018-06,1272
nominal_12,,,,213,Fixed,2018-08,1999-11,2017-07,2018-07,1278
nominal_12,,,,214,Fixed,2018-09,1999-11,2017-08,2018-08,1284
nominal_12,,,,215,Fixed,2018-10,1999-11,2017-09,2018-09,1290
nominal_12,,,,216,Fixed,2018-11,1999-11,2017-10,2018-10,1296
nominal_12,,,,217,Fixed,2018-12,1999-11,2017-11,2018-11,1302
nominal_12,,,,218,Fixed,2019-01,1999-11,2017-12,2018-12,1308
nominal_12,,,,219,Fixed,2019-02,1999-11,2018-01,2019-01,1314
nominal_12,,,,220,Fixed,2019-03,1999-11,2018-02,2019-02,1320
nominal_12,,,,221,Fixed,2019-04,1999-11,2018-03,2019-03,1326
nominal_12,,,,222,Fixed,2019-05,1999-11,2018-04,2019-04,1332
nominal_12,,,,223,Fixed,2019-06,1999-11,2018-05,2019-05,1338
nominal_12,,,,224,Fixed,2019-07,1999-11,2018-06,2019-06,1344
nominal_12,,,,225,Fixed,2019-08,1999-11,2018-07,2019-07,1350
nominal_12,,,,226,Fixed,2019-09,1999-11,2018-08,2019-08,1356
nominal_12,,,,227,Fixed,2019-10,1999-11,2018-09,2019-09,1362
nominal_12,,,,228,Fixed,2019-11,1999-11,2018-10,2019-10,1368
nominal_12,,,,229,Fixed,2019-12,1999-11,2018-11,2019-11,1374
nominal_12,,,,230,Fixed,2020-01,1999-11,2018-12,2019-12,1380
nominal_12,,,,231,Fixed,2020-02,1999-11,2019-01,2020-01,1386
nominal_12,,,,232,Fixed,2020-03,1999-11,2019-02,2020-02,1392
nominal_12,,,,233,Fixed,2020-04,1999-11,2019-03,2020-03,1398
nominal_12,,,,234,Fixed,2020-05,1999-11,2019-04,2020-04,1404
nominal_12,,,,235,Fixed,2020-06,1999-11,2019-05,2020-05,1410
nominal_12,,,,236,Fixed,2020-07,1999-11,2019-06,2020-06,1416
nominal_12,,,,237,Fixed,2020-08,1999-11,2019-07,2020-07,1422
nominal_12,,,,238,Fixed,2020-09,1999-11,2019-08,2020-08,1428
nominal_12,,,,239,Fixed,2020-10,1999-11,2019-09,2020-09,1434
nominal_12,,,,240,Fixed,2020-11,1999-11,2019-10,2020-10,1440
nominal_12,,,,241,Fixed,2020-12,1999-11,2019-11,2020-11,1446
nominal_12,,,,242,Fixed,2021-01,1999-11,2019-12,2020-12,1452
nominal_12,,,,243,Fixed,2021-02,1999-11,2020-01,2021-01,1458
nominal_12,,,,244,Fixed,2021-03,1999-11,2020-02,2021-02,1464
nominal_12,,,,245,Fixed,2021-04,1999-11,2020-03,2021-03,1470
nominal_12,,,,246,Fixed,2021-05,1999-11,2020-04,2021-04,1476
nominal_12,,,,247,Fixed,2021-06,1999-11,2020-05,2021-05,1482
nominal_12,,,,248,Fixed,2021-07,1999-11,2020-06,2021-06,1488
nominal_12,,,,249,Fixed,2021-08,1999-11,2020-07,2021-07,1494
nominal_12,,,,250,Fixed,2021-09,1999-11,2020-08,2021-08,1500
nominal_12,,,,251,Fixed,2021-10,1999-11,2020-09,2021-09,1506
nominal_12,,,,252,Fixed,2021-11,1999-11,2020-10,2021-10,1512
nominal_12,,,,253,Fixed,2021-12,1999-11,2020-11,2021-11,1518
nominal_12,,,,254,Fixed,2022-01,1999-11,2020-12,2021-12,1524
nominal_12,,,,255,Fixed,2022-02,1999-11,2021-01,2022-01,1530
nominal_12,,,,256,Fixed,2022-03,1999-11,2021-02,2022-02,1536
nominal_12,,,,257,Fixed,2022-04,1999-11,2021-03,2022-03,1542
nominal_12,,,,258,Fixed,2022-05,1999-11,2021-04,2022-04,1548
nominal_12,,,,259,Fixed,2022-06,1999-11,2021-05,2022-05,1554
nominal_12,,,,260,Fixed,2022-07,1999-11,2021-06,2022-06,1560
nominal_12,,,,261,Fixed,2022-08,1999-11,2021-07,2022-07,1566
nominal_12,,,,262,Fixed,2022-09,1999-11,2021-08,2022-08,1572
nominal_12,,,,263,Fixed,2022-10,1999-11,2021-09,2022-09,1578
nominal_12,,,,264,Fixed,2022-11,1999-11,2021-10,2022-10,1584
nominal_12,,,,265,Fixed,2022-12,1999-11,2021-11,2022-11,1590
nominal_12,,,,266,Fixed,2023-01,1999-11,2021-12,2022-12,1596
nominal_12,,,,267,Fixed,2023-02,1999-11,2022-01,2023-01,1602
nominal_12,,,,268,Fixed,2023-03,1999-11,2022-02,2023-02,1608
nominal_12,,,,269,Fixed,2023-04,1999-11,2022-03,2023-03,1614
nominal_12,,,,270,Fixed,2023-05,1999-11,2022-04,2023-04,1620
nominal_12,,,,271,Fixed,2023-06,1999-11,2022-05,2023-05,1626
nominal_12,,,,272,Fixed,2023-07,1999-11,2022-06,2023-06,1632
nominal_12,,,,273,Fixed,2023-08,1999-11,2022-07,2023-07,1638
nominal_12,,,,274,Fixed,2023-09,1999-11,2022-08,2023-08,1644
nominal_12,,,,275,Fixed,2023-10,1999-11,2022-09,2023-09,1650
nominal_12,,,,276,Fixed,2023-11,1999-11,2022-10,2023-10,1656
nominal_12,,,,277,Fixed,2023-12,1999-11,2022-11,2023-11,1662
nominal_12,,,,278,Fixed,2024-01,1999-11,2022-12,2023-12,1668
nominal_12,,,,279,Fixed,2024-02,1999-11,2023-01,2024-01,1674
nominal_12,,,,280,Fixed,2024-03,1999-11,2023-02,2024-02,1680
nominal_12,,,,281,Fixed,2024-04,1999-11,2023-03,2024-03,1686
nominal_12,,,,282,Fixed,2024-05,1999-11,2023-04,2024-04,1692
nominal_12,,,,283,Fixed,2024-06,1999-11,2023-05,2024-05,1698
nominal_12,,,,284,Fixed,2024-07,1999-11,2023-06,2024-06,1704
nominal_12,,,,285,Fixed,2024-08,1999-11,2023-07,2024-07,1710
nominal_12,,,,286,Fixed,2024-09,1999-11,2023-08,2024-08,1716
nominal_12,,,,287,Fixed,2024-10,1999-11,2023-09,2024-09,1722
nominal_12,,,,288,Fixed,2024-11,1999-11,2023-10,2024-10,1728
nominal_12,,,,289,Fixed,2024-12,1999-11,2023-11,2024-11,1734
nominal_12,,,,290,Fixed,2025-01,1999-11,2023-12,2024-12,1740
nominal_12,,,,291,Fixed,2025-02,1999-11,2024-01,2025-01,1746
nominal_12,,,,292,Fixed,2025-03,1999-11,2024-02,2025-02,1752
nominal_12,,,,293,Fixed,2025-04,1999-11,2024-03,2025-03,1758
nominal_12,,,,294,Fixed,2025-05,1999-11,2024-04,2025-04,1764
nominal_12,,,,295,Fixed,2025-06,1999-11,2024-05,2025-05,1770
nominal_12,,,,296,Fixed,2025-07,1999-11,2024-06,2025-06,1776
nominal_12,,,,297,Fixed,2025-08,1999-11,2024-07,2025-07,1782
nominal_12,,,,298,Fixed,2025-09,1999-11,2024-08,2025-08,1788
nominal_12,,,,299,Fixed,2025-10,1999-11,2024-09,2025-09,1794
nominal_12,,,,300,Fixed,2025-11,1999-11,2024-10,2025-10,1800
nominal_12,,,,301,Fixed,2025-12,1999-11,2024-11,2025-11,1806
nominal_12,,,,302,Fixed,2026-01,1999-11,2024-12,2025-12,1812
nominal_12,,,,303,Fixed,2026-02,1999-11,2025-01,2026-01,1818
nominal_12,,,,304,Fixed,2026-03,1999-11,2025-02,2026-02,1824
nominal_12,,,,305,Fixed,2026-04,1999-11,2025-03,2026-03,1830
nominal_12,,,,306,Fixed,2026-05,1999-11,2025-04,2026-04,1836
nominal_12,,,,307,Fixed,2026-06,1999-11,2025-05,2026-05,1842
nominal_12,,,,308,Fixed,2026-07,1999-11,2025-06,2026-06,1848
nominal_12,,,,309,Fixed,2026-08,1999-11,2025-07,2026-07,1854
nominal_12,,,,60,Dynamic,2005-11,1999-11,2004-10,2005-10,360
nominal_12,,,,61,Dynamic,2005-12,1999-11,2004-11,2005-11,366
nominal_12,,,,62,Dynamic,2006-01,1999-11,2004-12,2005-12,372
nominal_12,,,,63,Dynamic,2006-02,1999-11,2005-01,2006-01,378
nominal_12,,,,64,Dynamic,2006-03,1999-11,2005-02,2006-02,384
nominal_12,,,,65,Dynamic,2006-04,1999-11,2005-03,2006-03,390
nominal_12,,,,66,Dynamic,2006-05,1999-11,2005-04,2006-04,396
nominal_12,,,,67,Dynamic,2006-06,1999-11,2005-05,2006-05,402
nominal_12,,,,68,Dynamic,2006-07,1999-11,2005-06,2006-06,408
nominal_12,,,,69,Dynamic,2006-08,1999-11,2005-07,2006-07,414
nominal_12,,,,70,Dynamic,2006-09,1999-11,2005-08,2006-08,420
nominal_12,,,,71,Dynamic,2006-10,1999-11,2005-09,2006-09,426
nominal_12,,,,72,Dynamic,2006-11,1999-11,2005-10,2006-10,432
nominal_12,,,,73,Dynamic,2006-12,1999-11,2005-11,2006-11,438
nominal_12,,,,74,Dynamic,2007-01,1999-11,2005-12,2006-12,444
nominal_12,,,,75,Dynamic,2007-02,1999-11,2006-01,2007-01,450
nominal_12,,,,76,Dynamic,2007-03,1999-11,2006-02,2007-02,456
nominal_12,,,,77,Dynamic,2007-04,1999-11,2006-03,2007-03,462
nominal_12,,,,78,Dynamic,2007-05,1999-11,2006-04,2007-04,468
nominal_12,,,,79,Dynamic,2007-06,1999-11,2006-05,2007-05,474
nominal_12,,,,80,Dynamic,2007-07,1999-11,2006-06,2007-06,480
nominal_12,,,,81,Dynamic,2007-08,1999-11,2006-07,2007-07,486
nominal_12,,,,82,Dynamic,2007-09,1999-11,2006-08,2007-08,492
nominal_12,,,,83,Dynamic,2007-10,1999-11,2006-09,2007-09,498
nominal_12,,,,84,Dynamic,2007-11,1999-11,2006-10,2007-10,504
nominal_12,,,,85,Dynamic,2007-12,1999-11,2006-11,2007-11,510
nominal_12,,,,86,Dynamic,2008-01,1999-11,2006-12,2007-12,516
nominal_12,,,,87,Dynamic,2008-02,1999-11,2007-01,2008-01,522
nominal_12,,,,88,Dynamic,2008-03,1999-11,2007-02,2008-02,528
nominal_12,,,,89,Dynamic,2008-04,1999-11,2007-03,2008-03,534
nominal_12,,,,90,Dynamic,2008-05,1999-11,2007-04,2008-04,540
nominal_12,,,,91,Dynamic,2008-06,1999-11,2007-05,2008-05,546
nominal_12,,,,92,Dynamic,2008-07,1999-11,2007-06,2008-06,552
nominal_12,,,,93,Dynamic,2008-08,1999-11,2007-07,2008-07,558
nominal_12,,,,94,Dynamic,2008-09,1999-11,2007-08,2008-08,564
nominal_12,,,,95,Dynamic,2008-10,1999-11,2007-09,2008-09,570
nominal_12,,,,96,Dynamic,2008-11,1999-11,2007-10,2008-10,576
nominal_12,,,,97,Dynamic,2008-12,1999-11,2007-11,2008-11,582
nominal_12,,,,98,Dynamic,2009-01,1999-11,2007-12,2008-12,588
nominal_12,,,,99,Dynamic,2009-02,1999-11,2008-01,2009-01,594
nominal_12,,,,100,Dynamic,2009-03,1999-11,2008-02,2009-02,600
nominal_12,,,,101,Dynamic,2009-04,1999-11,2008-03,2009-03,606
nominal_12,,,,102,Dynamic,2009-05,1999-11,2008-04,2009-04,612
nominal_12,,,,103,Dynamic,2009-06,1999-11,2008-05,2009-05,618
nominal_12,,,,104,Dynamic,2009-07,1999-11,2008-06,2009-06,624
nominal_12,,,,105,Dynamic,2009-08,1999-11,2008-07,2009-07,630
nominal_12,,,,106,Dynamic,2009-09,1999-11,2008-08,2009-08,636
nominal_12,,,,107,Dynamic,2009-10,1999-11,2008-09,2009-09,642
nominal_12,,,,108,Dynamic,2009-11,1999-11,2008-10,2009-10,648
nominal_12,,,,109,Dynamic,2009-12,1999-11,2008-11,2009-11,654
nominal_12,,,,110,Dynamic,2010-01,1999-11,2008-12,2009-12,660
nominal_12,,,,111,Dynamic,2010-02,1999-11,2009-01,2010-01,666
nominal_12,,,,112,Dynamic,2010-03,1999-11,2009-02,2010-02,672
nominal_12,,,,113,Dynamic,2010-04,1999-11,2009-03,2010-03,678
nominal_12,,,,114,Dynamic,2010-05,1999-11,2009-04,2010-04,684
nominal_12,,,,115,Dynamic,2010-06,1999-11,2009-05,2010-05,690
nominal_12,,,,116,Dynamic,2010-07,1999-11,2009-06,2010-06,696
nominal_12,,,,117,Dynamic,2010-08,1999-11,2009-07,2010-07,702
nominal_12,,,,118,Dynamic,2010-09,1999-11,2009-08,2010-08,708
nominal_12,,,,119,Dynamic,2010-10,1999-11,2009-09,2010-09,714
nominal_12,,,,120,Dynamic,2010-11,1999-11,2009-10,2010-10,720
nominal_12,,,,121,Dynamic,2010-12,1999-11,2009-11,2010-11,726
nominal_12,,,,122,Dynamic,2011-01,1999-11,2009-12,2010-12,732
nominal_12,,,,123,Dynamic,2011-02,1999-11,2010-01,2011-01,738
nominal_12,,,,124,Dynamic,2011-03,1999-11,2010-02,2011-02,744
nominal_12,,,,125,Dynamic,2011-04,1999-11,2010-03,2011-03,750
nominal_12,,,,126,Dynamic,2011-05,1999-11,2010-04,2011-04,756
nominal_12,,,,127,Dynamic,2011-06,1999-11,2010-05,2011-05,762
nominal_12,,,,128,Dynamic,2011-07,1999-11,2010-06,2011-06,768
nominal_12,,,,129,Dynamic,2011-08,1999-11,2010-07,2011-07,774
nominal_12,,,,130,Dynamic,2011-09,1999-11,2010-08,2011-08,780
nominal_12,,,,131,Dynamic,2011-10,1999-11,2010-09,2011-09,786
nominal_12,,,,132,Dynamic,2011-11,1999-11,2010-10,2011-10,792
nominal_12,,,,133,Dynamic,2011-12,1999-11,2010-11,2011-11,798
nominal_12,,,,134,Dynamic,2012-01,1999-11,2010-12,2011-12,804
nominal_12,,,,135,Dynamic,2012-02,1999-11,2011-01,2012-01,810
nominal_12,,,,136,Dynamic,2012-03,1999-11,2011-02,2012-02,816
nominal_12,,,,137,Dynamic,2012-04,1999-11,2011-03,2012-03,822
nominal_12,,,,138,Dynamic,2012-05,1999-11,2011-04,2012-04,828
nominal_12,,,,139,Dynamic,2012-06,1999-11,2011-05,2012-05,834
nominal_12,,,,140,Dynamic,2012-07,1999-11,2011-06,2012-06,840
nominal_12,,,,141,Dynamic,2012-08,1999-11,2011-07,2012-07,846
nominal_12,,,,142,Dynamic,2012-09,1999-11,2011-08,2012-08,852
nominal_12,,,,143,Dynamic,2012-10,1999-11,2011-09,2012-09,858
nominal_12,,,,144,Dynamic,2012-11,1999-11,2011-10,2012-10,864
nominal_12,,,,145,Dynamic,2012-12,1999-11,2011-11,2012-11,870
nominal_12,,,,146,Dynamic,2013-01,1999-11,2011-12,2012-12,876
nominal_12,,,,147,Dynamic,2013-02,1999-11,2012-01,2013-01,882
nominal_12,,,,148,Dynamic,2013-03,1999-11,2012-02,2013-02,888
nominal_12,,,,149,Dynamic,2013-04,1999-11,2012-03,2013-03,894
nominal_12,,,,150,Dynamic,2013-05,1999-11,2012-04,2013-04,900
nominal_12,,,,151,Dynamic,2013-06,1999-11,2012-05,2013-05,906
nominal_12,,,,152,Dynamic,2013-07,1999-11,2012-06,2013-06,912
nominal_12,,,,153,Dynamic,2013-08,1999-11,2012-07,2013-07,918
nominal_12,,,,154,Dynamic,2013-09,1999-11,2012-08,2013-08,924
nominal_12,,,,155,Dynamic,2013-10,1999-11,2012-09,2013-09,930
nominal_12,,,,156,Dynamic,2013-11,1999-11,2012-10,2013-10,936
nominal_12,,,,157,Dynamic,2013-12,1999-11,2012-11,2013-11,942
nominal_12,,,,158,Dynamic,2014-01,1999-11,2012-12,2013-12,948
nominal_12,,,,159,Dynamic,2014-02,1999-11,2013-01,2014-01,954
nominal_12,,,,160,Dynamic,2014-03,1999-11,2013-02,2014-02,960
nominal_12,,,,161,Dynamic,2014-04,1999-11,2013-03,2014-03,966
nominal_12,,,,162,Dynamic,2014-05,1999-11,2013-04,2014-04,972
nominal_12,,,,163,Dynamic,2014-06,1999-11,2013-05,2014-05,978
nominal_12,,,,164,Dynamic,2014-07,1999-11,2013-06,2014-06,984
nominal_12,,,,165,Dynamic,2014-08,1999-11,2013-07,2014-07,990
nominal_12,,,,166,Dynamic,2014-09,1999-11,2013-08,2014-08,996
nominal_12,,,,167,Dynamic,2014-10,1999-11,2013-09,2014-09,1002
nominal_12,,,,168,Dynamic,2014-11,1999-11,2013-10,2014-10,1008
nominal_12,,,,169,Dynamic,2014-12,1999-11,2013-11,2014-11,1014
nominal_12,,,,170,Dynamic,2015-01,1999-11,2013-12,2014-12,1020
nominal_12,,,,171,Dynamic,2015-02,1999-11,2014-01,2015-01,1026
nominal_12,,,,172,Dynamic,2015-03,1999-11,2014-02,2015-02,1032
nominal_12,,,,173,Dynamic,2015-04,1999-11,2014-03,2015-03,1038
nominal_12,,,,174,Dynamic,2015-05,1999-11,2014-04,2015-04,1044
nominal_12,,,,175,Dynamic,2015-06,1999-11,2014-05,2015-05,1050
nominal_12,,,,176,Dynamic,2015-07,1999-11,2014-06,2015-06,1056
nominal_12,,,,177,Dynamic,2015-08,1999-11,2014-07,2015-07,1062
nominal_12,,,,178,Dynamic,2015-09,1999-11,2014-08,2015-08,1068
nominal_12,,,,179,Dynamic,2015-10,1999-11,2014-09,2015-09,1074
nominal_12,,,,180,Dynamic,2015-11,1999-11,2014-10,2015-10,1080
nominal_12,,,,181,Dynamic,2015-12,1999-11,2014-11,2015-11,1086
nominal_12,,,,182,Dynamic,2016-01,1999-11,2014-12,2015-12,1092
nominal_12,,,,183,Dynamic,2016-02,1999-11,2015-01,2016-01,1098
nominal_12,,,,184,Dynamic,2016-03,1999-11,2015-02,2016-02,1104
nominal_12,,,,185,Dynamic,2016-04,1999-11,2015-03,2016-03,1110
nominal_12,,,,186,Dynamic,2016-05,1999-11,2015-04,2016-04,1116
nominal_12,,,,187,Dynamic,2016-06,1999-11,2015-05,2016-05,1122
nominal_12,,,,188,Dynamic,2016-07,1999-11,2015-06,2016-06,1128
nominal_12,,,,189,Dynamic,2016-08,1999-11,2015-07,2016-07,1134
nominal_12,,,,190,Dynamic,2016-09,1999-11,2015-08,2016-08,1140
nominal_12,,,,191,Dynamic,2016-10,1999-11,2015-09,2016-09,1146
nominal_12,,,,192,Dynamic,2016-11,1999-11,2015-10,2016-10,1152
nominal_12,,,,193,Dynamic,2016-12,1999-11,2015-11,2016-11,1158
nominal_12,,,,194,Dynamic,2017-01,1999-11,2015-12,2016-12,1164
nominal_12,,,,195,Dynamic,2017-02,1999-11,2016-01,2017-01,1170
nominal_12,,,,196,Dynamic,2017-03,1999-11,2016-02,2017-02,1176
nominal_12,,,,197,Dynamic,2017-04,1999-11,2016-03,2017-03,1182
nominal_12,,,,198,Dynamic,2017-05,1999-11,2016-04,2017-04,1188
nominal_12,,,,199,Dynamic,2017-06,1999-11,2016-05,2017-05,1194
nominal_12,,,,200,Dynamic,2017-07,1999-11,2016-06,2017-06,1200
nominal_12,,,,201,Dynamic,2017-08,1999-11,2016-07,2017-07,1206
nominal_12,,,,202,Dynamic,2017-09,1999-11,2016-08,2017-08,1212
nominal_12,,,,203,Dynamic,2017-10,1999-11,2016-09,2017-09,1218
nominal_12,,,,204,Dynamic,2017-11,1999-11,2016-10,2017-10,1224
nominal_12,,,,205,Dynamic,2017-12,1999-11,2016-11,2017-11,1230
nominal_12,,,,206,Dynamic,2018-01,1999-11,2016-12,2017-12,1236
nominal_12,,,,207,Dynamic,2018-02,1999-11,2017-01,2018-01,1242
nominal_12,,,,208,Dynamic,2018-03,1999-11,2017-02,2018-02,1248
nominal_12,,,,209,Dynamic,2018-04,1999-11,2017-03,2018-03,1254
nominal_12,,,,210,Dynamic,2018-05,1999-11,2017-04,2018-04,1260
nominal_12,,,,211,Dynamic,2018-06,1999-11,2017-05,2018-05,1266
nominal_12,,,,212,Dynamic,2018-07,1999-11,2017-06,2018-06,1272
nominal_12,,,,213,Dynamic,2018-08,1999-11,2017-07,2018-07,1278
nominal_12,,,,214,Dynamic,2018-09,1999-11,2017-08,2018-08,1284
nominal_12,,,,215,Dynamic,2018-10,1999-11,2017-09,2018-09,1290
nominal_12,,,,216,Dynamic,2018-11,1999-11,2017-10,2018-10,1296
nominal_12,,,,217,Dynamic,2018-12,1999-11,2017-11,2018-11,1302
nominal_12,,,,218,Dynamic,2019-01,1999-11,2017-12,2018-12,1308
nominal_12,,,,219,Dynamic,2019-02,1999-11,2018-01,2019-01,1314
nominal_12,,,,220,Dynamic,2019-03,1999-11,2018-02,2019-02,1320
nominal_12,,,,221,Dynamic,2019-04,1999-11,2018-03,2019-03,1326
nominal_12,,,,222,Dynamic,2019-05,1999-11,2018-04,2019-04,1332
nominal_12,,,,223,Dynamic,2019-06,1999-11,2018-05,2019-05,1338
nominal_12,,,,224,Dynamic,2019-07,1999-11,2018-06,2019-06,1344
nominal_12,,,,225,Dynamic,2019-08,1999-11,2018-07,2019-07,1350
nominal_12,,,,226,Dynamic,2019-09,1999-11,2018-08,2019-08,1356
nominal_12,,,,227,Dynamic,2019-10,1999-11,2018-09,2019-09,1362
nominal_12,,,,228,Dynamic,2019-11,1999-11,2018-10,2019-10,1368
nominal_12,,,,229,Dynamic,2019-12,1999-11,2018-11,2019-11,1374
nominal_12,,,,230,Dynamic,2020-01,1999-11,2018-12,2019-12,1380
nominal_12,,,,231,Dynamic,2020-02,1999-11,2019-01,2020-01,1386
nominal_12,,,,232,Dynamic,2020-03,1999-11,2019-02,2020-02,1392
nominal_12,,,,233,Dynamic,2020-04,1999-11,2019-03,2020-03,1398
nominal_12,,,,234,Dynamic,2020-05,1999-11,2019-04,2020-04,1404
nominal_12,,,,235,Dynamic,2020-06,1999-11,2019-05,2020-05,1410
nominal_12,,,,236,Dynamic,2020-07,1999-11,2019-06,2020-06,1416
nominal_12,,,,237,Dynamic,2020-08,1999-11,2019-07,2020-07,1422
nominal_12,,,,238,Dynamic,2020-09,1999-11,2019-08,2020-08,1428
nominal_12,,,,239,Dynamic,2020-10,1999-11,2019-09,2020-09,1434
nominal_12,,,,240,Dynamic,2020-11,1999-11,2019-10,2020-10,1440
nominal_12,,,,241,Dynamic,2020-12,1999-11,2019-11,2020-11,1446
nominal_12,,,,242,Dynamic,2021-01,1999-11,2019-12,2020-12,1452
nominal_12,,,,243,Dynamic,2021-02,1999-11,2020-01,2021-01,1458
nominal_12,,,,244,Dynamic,2021-03,1999-11,2020-02,2021-02,1464
nominal_12,,,,245,Dynamic,2021-04,1999-11,2020-03,2021-03,1470
nominal_12,,,,246,Dynamic,2021-05,1999-11,2020-04,2021-04,1476
nominal_12,,,,247,Dynamic,2021-06,1999-11,2020-05,2021-05,1482
nominal_12,,,,248,Dynamic,2021-07,1999-11,2020-06,2021-06,1488
nominal_12,,,,249,Dynamic,2021-08,1999-11,2020-07,2021-07,1494
nominal_12,,,,250,Dynamic,2021-09,1999-11,2020-08,2021-08,1500
nominal_12,,,,251,Dynamic,2021-10,1999-11,2020-09,2021-09,1506
nominal_12,,,,252,Dynamic,2021-11,1999-11,2020-10,2021-10,1512
nominal_12,,,,253,Dynamic,2021-12,1999-11,2020-11,2021-11,1518
nominal_12,,,,254,Dynamic,2022-01,1999-11,2020-12,2021-12,1524
nominal_12,,,,255,Dynamic,2022-02,1999-11,2021-01,2022-01,1530
nominal_12,,,,256,Dynamic,2022-03,1999-11,2021-02,2022-02,1536
nominal_12,,,,257,Dynamic,2022-04,1999-11,2021-03,2022-03,1542
nominal_12,,,,258,Dynamic,2022-05,1999-11,2021-04,2022-04,1548
nominal_12,,,,259,Dynamic,2022-06,1999-11,2021-05,2022-05,1554
nominal_12,,,,260,Dynamic,2022-07,1999-11,2021-06,2022-06,1560
nominal_12,,,,261,Dynamic,2022-08,1999-11,2021-07,2022-07,1566
nominal_12,,,,262,Dynamic,2022-09,1999-11,2021-08,2022-08,1572
nominal_12,,,,263,Dynamic,2022-10,1999-11,2021-09,2022-09,1578
nominal_12,,,,264,Dynamic,2022-11,1999-11,2021-10,2022-10,1584
nominal_12,,,,265,Dynamic,2022-12,1999-11,2021-11,2022-11,1590
nominal_12,,,,266,Dynamic,2023-01,1999-11,2021-12,2022-12,1596
nominal_12,,,,267,Dynamic,2023-02,1999-11,2022-01,2023-01,1602
nominal_12,,,,268,Dynamic,2023-03,1999-11,2022-02,2023-02,1608
nominal_12,,,,269,Dynamic,2023-04,1999-11,2022-03,2023-03,1614
nominal_12,,,,270,Dynamic,2023-05,1999-11,2022-04,2023-04,1620
nominal_12,,,,271,Dynamic,2023-06,1999-11,2022-05,2023-05,1626
nominal_12,,,,272,Dynamic,2023-07,1999-11,2022-06,2023-06,1632
nominal_12,,,,273,Dynamic,2023-08,1999-11,2022-07,2023-07,1638
nominal_12,,,,274,Dynamic,2023-09,1999-11,2022-08,2023-08,1644
nominal_12,,,,275,Dynamic,2023-10,1999-11,2022-09,2023-09,1650
nominal_12,,,,276,Dynamic,2023-11,1999-11,2022-10,2023-10,1656
nominal_12,,,,277,Dynamic,2023-12,1999-11,2022-11,2023-11,1662
nominal_12,,,,278,Dynamic,2024-01,1999-11,2022-12,2023-12,1668
nominal_12,,,,279,Dynamic,2024-02,1999-11,2023-01,2024-01,1674
nominal_12,,,,280,Dynamic,2024-03,1999-11,2023-02,2024-02,1680
nominal_12,,,,281,Dynamic,2024-04,1999-11,2023-03,2024-03,1686
nominal_12,,,,282,Dynamic,2024-05,1999-11,2023-04,2024-04,1692
nominal_12,,,,283,Dynamic,2024-06,1999-11,2023-05,2024-05,1698
nominal_12,,,,284,Dynamic,2024-07,1999-11,2023-06,2024-06,1704
nominal_12,,,,285,Dynamic,2024-08,1999-11,2023-07,2024-07,1710
nominal_12,,,,286,Dynamic,2024-09,1999-11,2023-08,2024-08,1716
nominal_12,,,,287,Dynamic,2024-10,1999-11,2023-09,2024-09,1722
nominal_12,,,,288,Dynamic,2024-11,1999-11,2023-10,2024-10,1728
nominal_12,,,,289,Dynamic,2024-12,1999-11,2023-11,2024-11,1734
nominal_12,,,,290,Dynamic,2025-01,1999-11,2023-12,2024-12,1740
nominal_12,,,,291,Dynamic,2025-02,1999-11,2024-01,2025-01,1746
nominal_12,,,,292,Dynamic,2025-03,1999-11,2024-02,2025-02,1752
nominal_12,,,,293,Dynamic,2025-04,1999-11,2024-03,2025-03,1758
nominal_12,,,,294,Dynamic,2025-05,1999-11,2024-04,2025-04,1764
nominal_12,,,,295,Dynamic,2025-06,1999-11,2024-05,2025-05,1770
nominal_12,,,,296,Dynamic,2025-07,1999-11,2024-06,2025-06,1776
nominal_12,,,,297,Dynamic,2025-08,1999-11,2024-07,2025-07,1782
nominal_12,,,,298,Dynamic,2025-09,1999-11,2024-08,2025-08,1788
nominal_12,,,,299,Dynamic,2025-10,1999-11,2024-09,2025-09,1794
nominal_12,,,,300,Dynamic,2025-11,1999-11,2024-10,2025-10,1800
nominal_12,,,,301,Dynamic,2025-12,1999-11,2024-11,2025-11,1806
nominal_12,,,,302,Dynamic,2026-01,1999-11,2024-12,2025-12,1812
nominal_12,,,,303,Dynamic,2026-02,1999-11,2025-01,2026-01,1818
nominal_12,,,,304,Dynamic,2026-03,1999-11,2025-02,2026-02,1824
nominal_12,,,,305,Dynamic,2026-04,1999-11,2025-03,2026-03,1830
nominal_12,,,,306,Dynamic,2026-05,1999-11,2025-04,2026-04,1836
nominal_12,,,,307,Dynamic,2026-06,1999-11,2025-05,2026-05,1842
nominal_12,,,,308,Dynamic,2026-07,1999-11,2025-06,2026-06,1848
nominal_12,,,,309,Dynamic,2026-08,1999-11,2025-07,2026-07,1854
real_36,,,,60,Base,2009-02,2000-12,2005-11,2009-01,360
real_36,,,,61,Base,2009-03,2000-12,2005-12,2009-02,366
real_36,,,,62,Base,2009-04,2000-12,2006-01,2009-03,372
real_36,,,,63,Base,2009-05,2000-12,2006-02,2009-04,378
real_36,,,,64,Base,2009-06,2000-12,2006-03,2009-05,384
real_36,,,,65,Base,2009-07,2000-12,2006-04,2009-06,390
real_36,,,,66,Base,2009-08,2000-12,2006-05,2009-07,396
real_36,,,,67,Base,2009-09,2000-12,2006-06,2009-08,402
real_36,,,,68,Base,2009-10,2000-12,2006-07,2009-09,408
real_36,,,,69,Base,2009-11,2000-12,2006-08,2009-10,414
real_36,,,,70,Base,2009-12,2000-12,2006-09,2009-11,420
real_36,,,,71,Base,2010-01,2000-12,2006-10,2009-12,426
real_36,,,,72,Base,2010-02,2000-12,2006-11,2010-01,432
real_36,,,,73,Base,2010-03,2000-12,2006-12,2010-02,438
real_36,,,,74,Base,2010-04,2000-12,2007-01,2010-03,444
real_36,,,,75,Base,2010-05,2000-12,2007-02,2010-04,450
real_36,,,,76,Base,2010-06,2000-12,2007-03,2010-05,456
real_36,,,,77,Base,2010-07,2000-12,2007-04,2010-06,462
real_36,,,,78,Base,2010-08,2000-12,2007-05,2010-07,468
real_36,,,,79,Base,2010-09,2000-12,2007-06,2010-08,474
real_36,,,,80,Base,2010-10,2000-12,2007-07,2010-09,480
real_36,,,,81,Base,2010-11,2000-12,2007-08,2010-10,486
real_36,,,,82,Base,2010-12,2000-12,2007-09,2010-11,492
real_36,,,,83,Base,2011-01,2000-12,2007-10,2010-12,498
real_36,,,,84,Base,2011-02,2000-12,2007-11,2011-01,504
real_36,,,,85,Base,2011-03,2000-12,2007-12,2011-02,510
real_36,,,,86,Base,2011-04,2000-12,2008-01,2011-03,516
real_36,,,,87,Base,2011-05,2000-12,2008-02,2011-04,522
real_36,,,,88,Base,2011-06,2000-12,2008-03,2011-05,528
real_36,,,,89,Base,2011-07,2000-12,2008-04,2011-06,534
real_36,,,,90,Base,2011-08,2000-12,2008-05,2011-07,540
real_36,,,,91,Base,2011-09,2000-12,2008-06,2011-08,546
real_36,,,,92,Base,2011-10,2000-12,2008-07,2011-09,552
real_36,,,,93,Base,2011-11,2000-12,2008-08,2011-10,558
real_36,,,,94,Base,2011-12,2000-12,2008-09,2011-11,564
real_36,,,,95,Base,2012-01,2000-12,2008-10,2011-12,570
real_36,,,,96,Base,2012-02,2000-12,2008-11,2012-01,576
real_36,,,,97,Base,2012-03,2000-12,2008-12,2012-02,582
real_36,,,,98,Base,2012-04,2000-12,2009-01,2012-03,588
real_36,,,,99,Base,2012-05,2000-12,2009-02,2012-04,594
real_36,,,,100,Base,2012-06,2000-12,2009-03,2012-05,600
real_36,,,,101,Base,2012-07,2000-12,2009-04,2012-06,606
real_36,,,,102,Base,2012-08,2000-12,2009-05,2012-07,612
real_36,,,,103,Base,2012-09,2000-12,2009-06,2012-08,618
real_36,,,,104,Base,2012-10,2000-12,2009-07,2012-09,624
real_36,,,,105,Base,2012-11,2000-12,2009-08,2012-10,630
real_36,,,,106,Base,2012-12,2000-12,2009-09,2012-11,636
real_36,,,,107,Base,2013-01,2000-12,2009-10,2012-12,642
real_36,,,,108,Base,2013-02,2000-12,2009-11,2013-01,648
real_36,,,,109,Base,2013-03,2000-12,2009-12,2013-02,654
real_36,,,,110,Base,2013-04,2000-12,2010-01,2013-03,660
real_36,,,,111,Base,2013-05,2000-12,2010-02,2013-04,666
real_36,,,,112,Base,2013-06,2000-12,2010-03,2013-05,672
real_36,,,,113,Base,2013-07,2000-12,2010-04,2013-06,678
real_36,,,,114,Base,2013-08,2000-12,2010-05,2013-07,684
real_36,,,,115,Base,2013-09,2000-12,2010-06,2013-08,690
real_36,,,,116,Base,2013-10,2000-12,2010-07,2013-09,696
real_36,,,,117,Base,2013-11,2000-12,2010-08,2013-10,702
real_36,,,,118,Base,2013-12,2000-12,2010-09,2013-11,708
real_36,,,,119,Base,2014-01,2000-12,2010-10,2013-12,714
real_36,,,,120,Base,2014-02,2000-12,2010-11,2014-01,720
real_36,,,,121,Base,2014-03,2000-12,2010-12,2014-02,726
real_36,,,,122,Base,2014-04,2000-12,2011-01,2014-03,732
real_36,,,,123,Base,2014-05,2000-12,2011-02,2014-04,738
real_36,,,,124,Base,2014-06,2000-12,2011-03,2014-05,744
real_36,,,,125,Base,2014-07,2000-12,2011-04,2014-06,750
real_36,,,,126,Base,2014-08,2000-12,2011-05,2014-07,756
real_36,,,,127,Base,2014-09,2000-12,2011-06,2014-08,762
real_36,,,,128,Base,2014-10,2000-12,2011-07,2014-09,768
real_36,,,,129,Base,2014-11,2000-12,2011-08,2014-10,774
real_36,,,,130,Base,2014-12,2000-12,2011-09,2014-11,780
real_36,,,,131,Base,2015-01,2000-12,2011-10,2014-12,786
real_36,,,,132,Base,2015-02,2000-12,2011-11,2015-01,792
real_36,,,,133,Base,2015-03,2000-12,2011-12,2015-02,798
real_36,,,,134,Base,2015-04,2000-12,2012-01,2015-03,804
real_36,,,,135,Base,2015-05,2000-12,2012-02,2015-04,810
real_36,,,,136,Base,2015-06,2000-12,2012-03,2015-05,816
real_36,,,,137,Base,2015-07,2000-12,2012-04,2015-06,822
real_36,,,,138,Base,2015-08,2000-12,2012-05,2015-07,828
real_36,,,,139,Base,2015-09,2000-12,2012-06,2015-08,834
real_36,,,,140,Base,2015-10,2000-12,2012-07,2015-09,840
real_36,,,,141,Base,2015-11,2000-12,2012-08,2015-10,846
real_36,,,,142,Base,2015-12,2000-12,2012-09,2015-11,852
real_36,,,,143,Base,2016-01,2000-12,2012-10,2015-12,858
real_36,,,,144,Base,2016-02,2000-12,2012-11,2016-01,864
real_36,,,,145,Base,2016-03,2000-12,2012-12,2016-02,870
real_36,,,,146,Base,2016-04,2000-12,2013-01,2016-03,876
real_36,,,,147,Base,2016-05,2000-12,2013-02,2016-04,882
real_36,,,,148,Base,2016-06,2000-12,2013-03,2016-05,888
real_36,,,,149,Base,2016-07,2000-12,2013-04,2016-06,894
real_36,,,,150,Base,2016-08,2000-12,2013-05,2016-07,900
real_36,,,,151,Base,2016-09,2000-12,2013-06,2016-08,906
real_36,,,,152,Base,2016-10,2000-12,2013-07,2016-09,912
real_36,,,,153,Base,2016-11,2000-12,2013-08,2016-10,918
real_36,,,,154,Base,2016-12,2000-12,2013-09,2016-11,924
real_36,,,,155,Base,2017-01,2000-12,2013-10,2016-12,930
real_36,,,,156,Base,2017-02,2000-12,2013-11,2017-01,936
real_36,,,,157,Base,2017-03,2000-12,2013-12,2017-02,942
real_36,,,,158,Base,2017-04,2000-12,2014-01,2017-03,948
real_36,,,,159,Base,2017-05,2000-12,2014-02,2017-04,954
real_36,,,,160,Base,2017-06,2000-12,2014-03,2017-05,960
real_36,,,,161,Base,2017-07,2000-12,2014-04,2017-06,966
real_36,,,,162,Base,2017-08,2000-12,2014-05,2017-07,972
real_36,,,,163,Base,2017-09,2000-12,2014-06,2017-08,978
real_36,,,,164,Base,2017-10,2000-12,2014-07,2017-09,984
real_36,,,,165,Base,2017-11,2000-12,2014-08,2017-10,990
real_36,,,,166,Base,2017-12,2000-12,2014-09,2017-11,996
real_36,,,,167,Base,2018-01,2000-12,2014-10,2017-12,1002
real_36,,,,168,Base,2018-02,2000-12,2014-11,2018-01,1008
real_36,,,,169,Base,2018-03,2000-12,2014-12,2018-02,1014
real_36,,,,170,Base,2018-04,2000-12,2015-01,2018-03,1020
real_36,,,,171,Base,2018-05,2000-12,2015-02,2018-04,1026
real_36,,,,172,Base,2018-06,2000-12,2015-03,2018-05,1032
real_36,,,,173,Base,2018-07,2000-12,2015-04,2018-06,1038
real_36,,,,174,Base,2018-08,2000-12,2015-05,2018-07,1044
real_36,,,,175,Base,2018-09,2000-12,2015-06,2018-08,1050
real_36,,,,176,Base,2018-10,2000-12,2015-07,2018-09,1056
real_36,,,,177,Base,2018-11,2000-12,2015-08,2018-10,1062
real_36,,,,178,Base,2018-12,2000-12,2015-09,2018-11,1068
real_36,,,,179,Base,2019-01,2000-12,2015-10,2018-12,1074
real_36,,,,180,Base,2019-02,2000-12,2015-11,2019-01,1080
real_36,,,,181,Base,2019-03,2000-12,2015-12,2019-02,1086
real_36,,,,182,Base,2019-04,2000-12,2016-01,2019-03,1092
real_36,,,,183,Base,2019-05,2000-12,2016-02,2019-04,1098
real_36,,,,184,Base,2019-06,2000-12,2016-03,2019-05,1104
real_36,,,,185,Base,2019-07,2000-12,2016-04,2019-06,1110
real_36,,,,186,Base,2019-08,2000-12,2016-05,2019-07,1116
real_36,,,,187,Base,2019-09,2000-12,2016-06,2019-08,1122
real_36,,,,188,Base,2019-10,2000-12,2016-07,2019-09,1128
real_36,,,,189,Base,2019-11,2000-12,2016-08,2019-10,1134
real_36,,,,190,Base,2019-12,2000-12,2016-09,2019-11,1140
real_36,,,,191,Base,2020-01,2000-12,2016-10,2019-12,1146
real_36,,,,192,Base,2020-02,2000-12,2016-11,2020-01,1152
real_36,,,,193,Base,2020-03,2000-12,2016-12,2020-02,1158
real_36,,,,194,Base,2020-04,2000-12,2017-01,2020-03,1164
real_36,,,,195,Base,2020-05,2000-12,2017-02,2020-04,1170
real_36,,,,196,Base,2020-06,2000-12,2017-03,2020-05,1176
real_36,,,,197,Base,2020-07,2000-12,2017-04,2020-06,1182
real_36,,,,198,Base,2020-08,2000-12,2017-05,2020-07,1188
real_36,,,,199,Base,2020-09,2000-12,2017-06,2020-08,1194
real_36,,,,200,Base,2020-10,2000-12,2017-07,2020-09,1200
real_36,,,,201,Base,2020-11,2000-12,2017-08,2020-10,1206
real_36,,,,202,Base,2020-12,2000-12,2017-09,2020-11,1212
real_36,,,,203,Base,2021-01,2000-12,2017-10,2020-12,1218
real_36,,,,204,Base,2021-02,2000-12,2017-11,2021-01,1224
real_36,,,,205,Base,2021-03,2000-12,2017-12,2021-02,1230
real_36,,,,206,Base,2021-04,2000-12,2018-01,2021-03,1236
real_36,,,,207,Base,2021-05,2000-12,2018-02,2021-04,1242
real_36,,,,208,Base,2021-06,2000-12,2018-03,2021-05,1248
real_36,,,,209,Base,2021-07,2000-12,2018-04,2021-06,1254
real_36,,,,210,Base,2021-08,2000-12,2018-05,2021-07,1260
real_36,,,,211,Base,2021-09,2000-12,2018-06,2021-08,1266
real_36,,,,212,Base,2021-10,2000-12,2018-07,2021-09,1272
real_36,,,,213,Base,2021-11,2000-12,2018-08,2021-10,1278
real_36,,,,214,Base,2021-12,2000-12,2018-09,2021-11,1284
real_36,,,,215,Base,2022-01,2000-12,2018-10,2021-12,1290
real_36,,,,216,Base,2022-02,2000-12,2018-11,2022-01,1296
real_36,,,,217,Base,2022-03,2000-12,2018-12,2022-02,1302
real_36,,,,218,Base,2022-04,2000-12,2019-01,2022-03,1308
real_36,,,,219,Base,2022-05,2000-12,2019-02,2022-04,1314
real_36,,,,220,Base,2022-06,2000-12,2019-03,2022-05,1320
real_36,,,,221,Base,2022-07,2000-12,2019-04,2022-06,1326
real_36,,,,222,Base,2022-08,2000-12,2019-05,2022-07,1332
real_36,,,,223,Base,2022-09,2000-12,2019-06,2022-08,1338
real_36,,,,224,Base,2022-10,2000-12,2019-07,2022-09,1344
real_36,,,,225,Base,2022-11,2000-12,2019-08,2022-10,1350
real_36,,,,226,Base,2022-12,2000-12,2019-09,2022-11,1356
real_36,,,,227,Base,2023-01,2000-12,2019-10,2022-12,1362
real_36,,,,228,Base,2023-02,2000-12,2019-11,2023-01,1368
real_36,,,,229,Base,2023-03,2000-12,2019-12,2023-02,1374
real_36,,,,230,Base,2023-04,2000-12,2020-01,2023-03,1380
real_36,,,,231,Base,2023-05,2000-12,2020-02,2023-04,1386
real_36,,,,232,Base,2023-06,2000-12,2020-03,2023-05,1392
real_36,,,,233,Base,2023-07,2000-12,2020-04,2023-06,1398
real_36,,,,234,Base,2023-08,2000-12,2020-05,2023-07,1404
real_36,,,,235,Base,2023-09,2000-12,2020-06,2023-08,1410
real_36,,,,236,Base,2023-10,2000-12,2020-07,2023-09,1416
real_36,,,,237,Base,2023-11,2000-12,2020-08,2023-10,1422
real_36,,,,238,Base,2023-12,2000-12,2020-09,2023-11,1428
real_36,,,,239,Base,2024-01,2000-12,2020-10,2023-12,1434
real_36,,,,240,Base,2024-02,2000-12,2020-11,2024-01,1440
real_36,,,,241,Base,2024-03,2000-12,2020-12,2024-02,1446
real_36,,,,242,Base,2024-04,2000-12,2021-01,2024-03,1452
real_36,,,,243,Base,2024-05,2000-12,2021-02,2024-04,1458
real_36,,,,244,Base,2024-06,2000-12,2021-03,2024-05,1464
real_36,,,,245,Base,2024-07,2000-12,2021-04,2024-06,1470
real_36,,,,246,Base,2024-08,2000-12,2021-05,2024-07,1476
real_36,,,,247,Base,2024-09,2000-12,2021-06,2024-08,1482
real_36,,,,248,Base,2024-10,2000-12,2021-07,2024-09,1488
real_36,,,,249,Base,2024-11,2000-12,2021-08,2024-10,1494
real_36,,,,250,Base,2024-12,2000-12,2021-09,2024-11,1500
real_36,,,,251,Base,2025-01,2000-12,2021-10,2024-12,1506
real_36,,,,252,Base,2025-02,2000-12,2021-11,2025-01,1512
real_36,,,,253,Base,2025-03,2000-12,2021-12,2025-02,1518
real_36,,,,254,Base,2025-04,2000-12,2022-01,2025-03,1524
real_36,,,,255,Base,2025-05,2000-12,2022-02,2025-04,1530
real_36,,,,256,Base,2025-06,2000-12,2022-03,2025-05,1536
real_36,,,,257,Base,2025-07,2000-12,2022-04,2025-06,1542
real_36,,,,258,Base,2025-08,2000-12,2022-05,2025-07,1548
real_36,,,,259,Base,2025-09,2000-12,2022-06,2025-08,1554
real_36,,,,260,Base,2025-10,2000-12,2022-07,2025-09,1560
real_36,,,,261,Base,2025-11,2000-12,2022-08,2025-10,1566
real_36,,,,262,Base,2025-12,2000-12,2022-09,2025-11,1572
real_36,,,,263,Base,2026-01,2000-12,2022-10,2025-12,1578
real_36,,,,264,Base,2026-02,2000-12,2022-11,2026-01,1584
real_36,,,,265,Base,2026-03,2000-12,2022-12,2026-02,1590
real_36,,,,266,Base,2026-04,2000-12,2023-01,2026-03,1596
real_36,,,,267,Base,2026-05,2000-12,2023-02,2026-04,1602
real_36,,,,268,Base,2026-06,2000-12,2023-03,2026-05,1608
real_36,,,,269,Base,2026-07,2000-12,2023-04,2026-06,1614
real_36,,,,270,Base,2026-08,2000-12,2023-05,2026-07,1620
real_36,,,,60,fixed,2009-02,2000-12,2005-11,2009-01,360
real_36,,,,61,fixed,2009-03,2000-12,2005-12,2009-02,366
real_36,,,,62,fixed,2009-04,2000-12,2006-01,2009-03,372
real_36,,,,63,fixed,2009-05,2000-12,2006-02,2009-04,378
real_36,,,,64,fixed,2009-06,2000-12,2006-03,2009-05,384
real_36,,,,65,fixed,2009-07,2000-12,2006-04,2009-06,390
real_36,,,,66,fixed,2009-08,2000-12,2006-05,2009-07,396
real_36,,,,67,fixed,2009-09,2000-12,2006-06,2009-08,402
real_36,,,,68,fixed,2009-10,2000-12,2006-07,2009-09,408
real_36,,,,69,fixed,2009-11,2000-12,2006-08,2009-10,414
real_36,,,,70,fixed,2009-12,2000-12,2006-09,2009-11,420
real_36,,,,71,fixed,2010-01,2000-12,2006-10,2009-12,426
real_36,,,,72,fixed,2010-02,2000-12,2006-11,2010-01,432
real_36,,,,73,fixed,2010-03,2000-12,2006-12,2010-02,438
real_36,,,,74,fixed,2010-04,2000-12,2007-01,2010-03,444
real_36,,,,75,fixed,2010-05,2000-12,2007-02,2010-04,450
real_36,,,,76,fixed,2010-06,2000-12,2007-03,2010-05,456
real_36,,,,77,fixed,2010-07,2000-12,2007-04,2010-06,462
real_36,,,,78,fixed,2010-08,2000-12,2007-05,2010-07,468
real_36,,,,79,fixed,2010-09,2000-12,2007-06,2010-08,474
real_36,,,,80,fixed,2010-10,2000-12,2007-07,2010-09,480
real_36,,,,81,fixed,2010-11,2000-12,2007-08,2010-10,486
real_36,,,,82,fixed,2010-12,2000-12,2007-09,2010-11,492
real_36,,,,83,fixed,2011-01,2000-12,2007-10,2010-12,498
real_36,,,,84,fixed,2011-02,2000-12,2007-11,2011-01,504
real_36,,,,85,fixed,2011-03,2000-12,2007-12,2011-02,510
real_36,,,,86,fixed,2011-04,2000-12,2008-01,2011-03,516
real_36,,,,87,fixed,2011-05,2000-12,2008-02,2011-04,522
real_36,,,,88,fixed,2011-06,2000-12,2008-03,2011-05,528
real_36,,,,89,fixed,2011-07,2000-12,2008-04,2011-06,534
real_36,,,,90,fixed,2011-08,2000-12,2008-05,2011-07,540
real_36,,,,91,fixed,2011-09,2000-12,2008-06,2011-08,546
real_36,,,,92,fixed,2011-10,2000-12,2008-07,2011-09,552
real_36,,,,93,fixed,2011-11,2000-12,2008-08,2011-10,558
real_36,,,,94,fixed,2011-12,2000-12,2008-09,2011-11,564
real_36,,,,95,fixed,2012-01,2000-12,2008-10,2011-12,570
real_36,,,,96,fixed,2012-02,2000-12,2008-11,2012-01,576
real_36,,,,97,fixed,2012-03,2000-12,2008-12,2012-02,582
real_36,,,,98,fixed,2012-04,2000-12,2009-01,2012-03,588
real_36,,,,99,fixed,2012-05,2000-12,2009-02,2012-04,594
real_36,,,,100,fixed,2012-06,2000-12,2009-03,2012-05,600
real_36,,,,101,fixed,2012-07,2000-12,2009-04,2012-06,606
real_36,,,,102,fixed,2012-08,2000-12,2009-05,2012-07,612
real_36,,,,103,fixed,2012-09,2000-12,2009-06,2012-08,618
real_36,,,,104,fixed,2012-10,2000-12,2009-07,2012-09,624
real_36,,,,105,fixed,2012-11,2000-12,2009-08,2012-10,630
real_36,,,,106,fixed,2012-12,2000-12,2009-09,2012-11,636
real_36,,,,107,fixed,2013-01,2000-12,2009-10,2012-12,642
real_36,,,,108,fixed,2013-02,2000-12,2009-11,2013-01,648
real_36,,,,109,fixed,2013-03,2000-12,2009-12,2013-02,654
real_36,,,,110,fixed,2013-04,2000-12,2010-01,2013-03,660
real_36,,,,111,fixed,2013-05,2000-12,2010-02,2013-04,666
real_36,,,,112,fixed,2013-06,2000-12,2010-03,2013-05,672
real_36,,,,113,fixed,2013-07,2000-12,2010-04,2013-06,678
real_36,,,,114,fixed,2013-08,2000-12,2010-05,2013-07,684
real_36,,,,115,fixed,2013-09,2000-12,2010-06,2013-08,690
real_36,,,,116,fixed,2013-10,2000-12,2010-07,2013-09,696
real_36,,,,117,fixed,2013-11,2000-12,2010-08,2013-10,702
real_36,,,,118,fixed,2013-12,2000-12,2010-09,2013-11,708
real_36,,,,119,fixed,2014-01,2000-12,2010-10,2013-12,714
real_36,,,,120,fixed,2014-02,2000-12,2010-11,2014-01,720
real_36,,,,121,fixed,2014-03,2000-12,2010-12,2014-02,726
real_36,,,,122,fixed,2014-04,2000-12,2011-01,2014-03,732
real_36,,,,123,fixed,2014-05,2000-12,2011-02,2014-04,738
real_36,,,,124,fixed,2014-06,2000-12,2011-03,2014-05,744
real_36,,,,125,fixed,2014-07,2000-12,2011-04,2014-06,750
real_36,,,,126,fixed,2014-08,2000-12,2011-05,2014-07,756
real_36,,,,127,fixed,2014-09,2000-12,2011-06,2014-08,762
real_36,,,,128,fixed,2014-10,2000-12,2011-07,2014-09,768
real_36,,,,129,fixed,2014-11,2000-12,2011-08,2014-10,774
real_36,,,,130,fixed,2014-12,2000-12,2011-09,2014-11,780
real_36,,,,131,fixed,2015-01,2000-12,2011-10,2014-12,786
real_36,,,,132,fixed,2015-02,2000-12,2011-11,2015-01,792
real_36,,,,133,fixed,2015-03,2000-12,2011-12,2015-02,798
real_36,,,,134,fixed,2015-04,2000-12,2012-01,2015-03,804
real_36,,,,135,fixed,2015-05,2000-12,2012-02,2015-04,810
real_36,,,,136,fixed,2015-06,2000-12,2012-03,2015-05,816
real_36,,,,137,fixed,2015-07,2000-12,2012-04,2015-06,822
real_36,,,,138,fixed,2015-08,2000-12,2012-05,2015-07,828
real_36,,,,139,fixed,2015-09,2000-12,2012-06,2015-08,834
real_36,,,,140,fixed,2015-10,2000-12,2012-07,2015-09,840
real_36,,,,141,fixed,2015-11,2000-12,2012-08,2015-10,846
real_36,,,,142,fixed,2015-12,2000-12,2012-09,2015-11,852
real_36,,,,143,fixed,2016-01,2000-12,2012-10,2015-12,858
real_36,,,,144,fixed,2016-02,2000-12,2012-11,2016-01,864
real_36,,,,145,fixed,2016-03,2000-12,2012-12,2016-02,870
real_36,,,,146,fixed,2016-04,2000-12,2013-01,2016-03,876
real_36,,,,147,fixed,2016-05,2000-12,2013-02,2016-04,882
real_36,,,,148,fixed,2016-06,2000-12,2013-03,2016-05,888
real_36,,,,149,fixed,2016-07,2000-12,2013-04,2016-06,894
real_36,,,,150,fixed,2016-08,2000-12,2013-05,2016-07,900
real_36,,,,151,fixed,2016-09,2000-12,2013-06,2016-08,906
real_36,,,,152,fixed,2016-10,2000-12,2013-07,2016-09,912
real_36,,,,153,fixed,2016-11,2000-12,2013-08,2016-10,918
real_36,,,,154,fixed,2016-12,2000-12,2013-09,2016-11,924
real_36,,,,155,fixed,2017-01,2000-12,2013-10,2016-12,930
real_36,,,,156,fixed,2017-02,2000-12,2013-11,2017-01,936
real_36,,,,157,fixed,2017-03,2000-12,2013-12,2017-02,942
real_36,,,,158,fixed,2017-04,2000-12,2014-01,2017-03,948
real_36,,,,159,fixed,2017-05,2000-12,2014-02,2017-04,954
real_36,,,,160,fixed,2017-06,2000-12,2014-03,2017-05,960
real_36,,,,161,fixed,2017-07,2000-12,2014-04,2017-06,966
real_36,,,,162,fixed,2017-08,2000-12,2014-05,2017-07,972
real_36,,,,163,fixed,2017-09,2000-12,2014-06,2017-08,978
real_36,,,,164,fixed,2017-10,2000-12,2014-07,2017-09,984
real_36,,,,165,fixed,2017-11,2000-12,2014-08,2017-10,990
real_36,,,,166,fixed,2017-12,2000-12,2014-09,2017-11,996
real_36,,,,167,fixed,2018-01,2000-12,2014-10,2017-12,1002
real_36,,,,168,fixed,2018-02,2000-12,2014-11,2018-01,1008
real_36,,,,169,fixed,2018-03,2000-12,2014-12,2018-02,1014
real_36,,,,170,fixed,2018-04,2000-12,2015-01,2018-03,1020
real_36,,,,171,fixed,2018-05,2000-12,2015-02,2018-04,1026
real_36,,,,172,fixed,2018-06,2000-12,2015-03,2018-05,1032
real_36,,,,173,fixed,2018-07,2000-12,2015-04,2018-06,1038
real_36,,,,174,fixed,2018-08,2000-12,2015-05,2018-07,1044
real_36,,,,175,fixed,2018-09,2000-12,2015-06,2018-08,1050
real_36,,,,176,fixed,2018-10,2000-12,2015-07,2018-09,1056
real_36,,,,177,fixed,2018-11,2000-12,2015-08,2018-10,1062
real_36,,,,178,fixed,2018-12,2000-12,2015-09,2018-11,1068
real_36,,,,179,fixed,2019-01,2000-12,2015-10,2018-12,1074
real_36,,,,180,fixed,2019-02,2000-12,2015-11,2019-01,1080
real_36,,,,181,fixed,2019-03,2000-12,2015-12,2019-02,1086
real_36,,,,182,fixed,2019-04,2000-12,2016-01,2019-03,1092
real_36,,,,183,fixed,2019-05,2000-12,2016-02,2019-04,1098
real_36,,,,184,fixed,2019-06,2000-12,2016-03,2019-05,1104
real_36,,,,185,fixed,2019-07,2000-12,2016-04,2019-06,1110
real_36,,,,186,fixed,2019-08,2000-12,2016-05,2019-07,1116
real_36,,,,187,fixed,2019-09,2000-12,2016-06,2019-08,1122
real_36,,,,188,fixed,2019-10,2000-12,2016-07,2019-09,1128
real_36,,,,189,fixed,2019-11,2000-12,2016-08,2019-10,1134
real_36,,,,190,fixed,2019-12,2000-12,2016-09,2019-11,1140
real_36,,,,191,fixed,2020-01,2000-12,2016-10,2019-12,1146
real_36,,,,192,fixed,2020-02,2000-12,2016-11,2020-01,1152
real_36,,,,193,fixed,2020-03,2000-12,2016-12,2020-02,1158
real_36,,,,194,fixed,2020-04,2000-12,2017-01,2020-03,1164
real_36,,,,195,fixed,2020-05,2000-12,2017-02,2020-04,1170
real_36,,,,196,fixed,2020-06,2000-12,2017-03,2020-05,1176
real_36,,,,197,fixed,2020-07,2000-12,2017-04,2020-06,1182
real_36,,,,198,fixed,2020-08,2000-12,2017-05,2020-07,1188
real_36,,,,199,fixed,2020-09,2000-12,2017-06,2020-08,1194
real_36,,,,200,fixed,2020-10,2000-12,2017-07,2020-09,1200
real_36,,,,201,fixed,2020-11,2000-12,2017-08,2020-10,1206
real_36,,,,202,fixed,2020-12,2000-12,2017-09,2020-11,1212
real_36,,,,203,fixed,2021-01,2000-12,2017-10,2020-12,1218
real_36,,,,204,fixed,2021-02,2000-12,2017-11,2021-01,1224
real_36,,,,205,fixed,2021-03,2000-12,2017-12,2021-02,1230
real_36,,,,206,fixed,2021-04,2000-12,2018-01,2021-03,1236
real_36,,,,207,fixed,2021-05,2000-12,2018-02,2021-04,1242
real_36,,,,208,fixed,2021-06,2000-12,2018-03,2021-05,1248
real_36,,,,209,fixed,2021-07,2000-12,2018-04,2021-06,1254
real_36,,,,210,fixed,2021-08,2000-12,2018-05,2021-07,1260
real_36,,,,211,fixed,2021-09,2000-12,2018-06,2021-08,1266
real_36,,,,212,fixed,2021-10,2000-12,2018-07,2021-09,1272
real_36,,,,213,fixed,2021-11,2000-12,2018-08,2021-10,1278
real_36,,,,214,fixed,2021-12,2000-12,2018-09,2021-11,1284
real_36,,,,215,fixed,2022-01,2000-12,2018-10,2021-12,1290
real_36,,,,216,fixed,2022-02,2000-12,2018-11,2022-01,1296
real_36,,,,217,fixed,2022-03,2000-12,2018-12,2022-02,1302
real_36,,,,218,fixed,2022-04,2000-12,2019-01,2022-03,1308
real_36,,,,219,fixed,2022-05,2000-12,2019-02,2022-04,1314
real_36,,,,220,fixed,2022-06,2000-12,2019-03,2022-05,1320
real_36,,,,221,fixed,2022-07,2000-12,2019-04,2022-06,1326
real_36,,,,222,fixed,2022-08,2000-12,2019-05,2022-07,1332
real_36,,,,223,fixed,2022-09,2000-12,2019-06,2022-08,1338
real_36,,,,224,fixed,2022-10,2000-12,2019-07,2022-09,1344
real_36,,,,225,fixed,2022-11,2000-12,2019-08,2022-10,1350
real_36,,,,226,fixed,2022-12,2000-12,2019-09,2022-11,1356
real_36,,,,227,fixed,2023-01,2000-12,2019-10,2022-12,1362
real_36,,,,228,fixed,2023-02,2000-12,2019-11,2023-01,1368
real_36,,,,229,fixed,2023-03,2000-12,2019-12,2023-02,1374
real_36,,,,230,fixed,2023-04,2000-12,2020-01,2023-03,1380
real_36,,,,231,fixed,2023-05,2000-12,2020-02,2023-04,1386
real_36,,,,232,fixed,2023-06,2000-12,2020-03,2023-05,1392
real_36,,,,233,fixed,2023-07,2000-12,2020-04,2023-06,1398
real_36,,,,234,fixed,2023-08,2000-12,2020-05,2023-07,1404
real_36,,,,235,fixed,2023-09,2000-12,2020-06,2023-08,1410
real_36,,,,236,fixed,2023-10,2000-12,2020-07,2023-09,1416
real_36,,,,237,fixed,2023-11,2000-12,2020-08,2023-10,1422
real_36,,,,238,fixed,2023-12,2000-12,2020-09,2023-11,1428
real_36,,,,239,fixed,2024-01,2000-12,2020-10,2023-12,1434
real_36,,,,240,fixed,2024-02,2000-12,2020-11,2024-01,1440
real_36,,,,241,fixed,2024-03,2000-12,2020-12,2024-02,1446
real_36,,,,242,fixed,2024-04,2000-12,2021-01,2024-03,1452
real_36,,,,243,fixed,2024-05,2000-12,2021-02,2024-04,1458
real_36,,,,244,fixed,2024-06,2000-12,2021-03,2024-05,1464
real_36,,,,245,fixed,2024-07,2000-12,2021-04,2024-06,1470
real_36,,,,246,fixed,2024-08,2000-12,2021-05,2024-07,1476
real_36,,,,247,fixed,2024-09,2000-12,2021-06,2024-08,1482
real_36,,,,248,fixed,2024-10,2000-12,2021-07,2024-09,1488
real_36,,,,249,fixed,2024-11,2000-12,2021-08,2024-10,1494
real_36,,,,250,fixed,2024-12,2000-12,2021-09,2024-11,1500
real_36,,,,251,fixed,2025-01,2000-12,2021-10,2024-12,1506
real_36,,,,252,fixed,2025-02,2000-12,2021-11,2025-01,1512
real_36,,,,253,fixed,2025-03,2000-12,2021-12,2025-02,1518
real_36,,,,254,fixed,2025-04,2000-12,2022-01,2025-03,1524
real_36,,,,255,fixed,2025-05,2000-12,2022-02,2025-04,1530
real_36,,,,256,fixed,2025-06,2000-12,2022-03,2025-05,1536
real_36,,,,257,fixed,2025-07,2000-12,2022-04,2025-06,1542
real_36,,,,258,fixed,2025-08,2000-12,2022-05,2025-07,1548
real_36,,,,259,fixed,2025-09,2000-12,2022-06,2025-08,1554
real_36,,,,260,fixed,2025-10,2000-12,2022-07,2025-09,1560
real_36,,,,261,fixed,2025-11,2000-12,2022-08,2025-10,1566
real_36,,,,262,fixed,2025-12,2000-12,2022-09,2025-11,1572
real_36,,,,263,fixed,2026-01,2000-12,2022-10,2025-12,1578
real_36,,,,264,fixed,2026-02,2000-12,2022-11,2026-01,1584
real_36,,,,265,fixed,2026-03,2000-12,2022-12,2026-02,1590
real_36,,,,266,fixed,2026-04,2000-12,2023-01,2026-03,1596
real_36,,,,267,fixed,2026-05,2000-12,2023-02,2026-04,1602
real_36,,,,268,fixed,2026-06,2000-12,2023-03,2026-05,1608
real_36,,,,269,fixed,2026-07,2000-12,2023-04,2026-06,1614
real_36,,,,270,fixed,2026-08,2000-12,2023-05,2026-07,1620
real_36,,,,60,dynamic,2009-02,2000-12,2005-11,2009-01,360
real_36,,,,61,dynamic,2009-03,2000-12,2005-12,2009-02,366
real_36,,,,62,dynamic,2009-04,2000-12,2006-01,2009-03,372
real_36,,,,63,dynamic,2009-05,2000-12,2006-02,2009-04,378
real_36,,,,64,dynamic,2009-06,2000-12,2006-03,2009-05,384
real_36,,,,65,dynamic,2009-07,2000-12,2006-04,2009-06,390
real_36,,,,66,dynamic,2009-08,2000-12,2006-05,2009-07,396
real_36,,,,67,dynamic,2009-09,2000-12,2006-06,2009-08,402
real_36,,,,68,dynamic,2009-10,2000-12,2006-07,2009-09,408
real_36,,,,69,dynamic,2009-11,2000-12,2006-08,2009-10,414
real_36,,,,70,dynamic,2009-12,2000-12,2006-09,2009-11,420
real_36,,,,71,dynamic,2010-01,2000-12,2006-10,2009-12,426
real_36,,,,72,dynamic,2010-02,2000-12,2006-11,2010-01,432
real_36,,,,73,dynamic,2010-03,2000-12,2006-12,2010-02,438
real_36,,,,74,dynamic,2010-04,2000-12,2007-01,2010-03,444
real_36,,,,75,dynamic,2010-05,2000-12,2007-02,2010-04,450
real_36,,,,76,dynamic,2010-06,2000-12,2007-03,2010-05,456
real_36,,,,77,dynamic,2010-07,2000-12,2007-04,2010-06,462
real_36,,,,78,dynamic,2010-08,2000-12,2007-05,2010-07,468
real_36,,,,79,dynamic,2010-09,2000-12,2007-06,2010-08,474
real_36,,,,80,dynamic,2010-10,2000-12,2007-07,2010-09,480
real_36,,,,81,dynamic,2010-11,2000-12,2007-08,2010-10,486
real_36,,,,82,dynamic,2010-12,2000-12,2007-09,2010-11,492
real_36,,,,83,dynamic,2011-01,2000-12,2007-10,2010-12,498
real_36,,,,84,dynamic,2011-02,2000-12,2007-11,2011-01,504
real_36,,,,85,dynamic,2011-03,2000-12,2007-12,2011-02,510
real_36,,,,86,dynamic,2011-04,2000-12,2008-01,2011-03,516
real_36,,,,87,dynamic,2011-05,2000-12,2008-02,2011-04,522
real_36,,,,88,dynamic,2011-06,2000-12,2008-03,2011-05,528
real_36,,,,89,dynamic,2011-07,2000-12,2008-04,2011-06,534
real_36,,,,90,dynamic,2011-08,2000-12,2008-05,2011-07,540
real_36,,,,91,dynamic,2011-09,2000-12,2008-06,2011-08,546
real_36,,,,92,dynamic,2011-10,2000-12,2008-07,2011-09,552
real_36,,,,93,dynamic,2011-11,2000-12,2008-08,2011-10,558
real_36,,,,94,dynamic,2011-12,2000-12,2008-09,2011-11,564
real_36,,,,95,dynamic,2012-01,2000-12,2008-10,2011-12,570
real_36,,,,96,dynamic,2012-02,2000-12,2008-11,2012-01,576
real_36,,,,97,dynamic,2012-03,2000-12,2008-12,2012-02,582
real_36,,,,98,dynamic,2012-04,2000-12,2009-01,2012-03,588
real_36,,,,99,dynamic,2012-05,2000-12,2009-02,2012-04,594
real_36,,,,100,dynamic,2012-06,2000-12,2009-03,2012-05,600
real_36,,,,101,dynamic,2012-07,2000-12,2009-04,2012-06,606
real_36,,,,102,dynamic,2012-08,2000-12,2009-05,2012-07,612
real_36,,,,103,dynamic,2012-09,2000-12,2009-06,2012-08,618
real_36,,,,104,dynamic,2012-10,2000-12,2009-07,2012-09,624
real_36,,,,105,dynamic,2012-11,2000-12,2009-08,2012-10,630
real_36,,,,106,dynamic,2012-12,2000-12,2009-09,2012-11,636
real_36,,,,107,dynamic,2013-01,2000-12,2009-10,2012-12,642
real_36,,,,108,dynamic,2013-02,2000-12,2009-11,2013-01,648
real_36,,,,109,dynamic,2013-03,2000-12,2009-12,2013-02,654
real_36,,,,110,dynamic,2013-04,2000-12,2010-01,2013-03,660
real_36,,,,111,dynamic,2013-05,2000-12,2010-02,2013-04,666
real_36,,,,112,dynamic,2013-06,2000-12,2010-03,2013-05,672
real_36,,,,113,dynamic,2013-07,2000-12,2010-04,2013-06,678
real_36,,,,114,dynamic,2013-08,2000-12,2010-05,2013-07,684
real_36,,,,115,dynamic,2013-09,2000-12,2010-06,2013-08,690
real_36,,,,116,dynamic,2013-10,2000-12,2010-07,2013-09,696
real_36,,,,117,dynamic,2013-11,2000-12,2010-08,2013-10,702
real_36,,,,118,dynamic,2013-12,2000-12,2010-09,2013-11,708
real_36,,,,119,dynamic,2014-01,2000-12,2010-10,2013-12,714
real_36,,,,120,dynamic,2014-02,2000-12,2010-11,2014-01,720
real_36,,,,121,dynamic,2014-03,2000-12,2010-12,2014-02,726
real_36,,,,122,dynamic,2014-04,2000-12,2011-01,2014-03,732
real_36,,,,123,dynamic,2014-05,2000-12,2011-02,2014-04,738
real_36,,,,124,dynamic,2014-06,2000-12,2011-03,2014-05,744
real_36,,,,125,dynamic,2014-07,2000-12,2011-04,2014-06,750
real_36,,,,126,dynamic,2014-08,2000-12,2011-05,2014-07,756
real_36,,,,127,dynamic,2014-09,2000-12,2011-06,2014-08,762
real_36,,,,128,dynamic,2014-10,2000-12,2011-07,2014-09,768
real_36,,,,129,dynamic,2014-11,2000-12,2011-08,2014-10,774
real_36,,,,130,dynamic,2014-12,2000-12,2011-09,2014-11,780
real_36,,,,131,dynamic,2015-01,2000-12,2011-10,2014-12,786
real_36,,,,132,dynamic,2015-02,2000-12,2011-11,2015-01,792
real_36,,,,133,dynamic,2015-03,2000-12,2011-12,2015-02,798
real_36,,,,134,dynamic,2015-04,2000-12,2012-01,2015-03,804
real_36,,,,135,dynamic,2015-05,2000-12,2012-02,2015-04,810
real_36,,,,136,dynamic,2015-06,2000-12,2012-03,2015-05,816
real_36,,,,137,dynamic,2015-07,2000-12,2012-04,2015-06,822
real_36,,,,138,dynamic,2015-08,2000-12,2012-05,2015-07,828
real_36,,,,139,dynamic,2015-09,2000-12,2012-06,2015-08,834
real_36,,,,140,dynamic,2015-10,2000-12,2012-07,2015-09,840
real_36,,,,141,dynamic,2015-11,2000-12,2012-08,2015-10,846
real_36,,,,142,dynamic,2015-12,2000-12,2012-09,2015-11,852
real_36,,,,143,dynamic,2016-01,2000-12,2012-10,2015-12,858
real_36,,,,144,dynamic,2016-02,2000-12,2012-11,2016-01,864
real_36,,,,145,dynamic,2016-03,2000-12,2012-12,2016-02,870
real_36,,,,146,dynamic,2016-04,2000-12,2013-01,2016-03,876
real_36,,,,147,dynamic,2016-05,2000-12,2013-02,2016-04,882
real_36,,,,148,dynamic,2016-06,2000-12,2013-03,2016-05,888
real_36,,,,149,dynamic,2016-07,2000-12,2013-04,2016-06,894
real_36,,,,150,dynamic,2016-08,2000-12,2013-05,2016-07,900
real_36,,,,151,dynamic,2016-09,2000-12,2013-06,2016-08,906
real_36,,,,152,dynamic,2016-10,2000-12,2013-07,2016-09,912
real_36,,,,153,dynamic,2016-11,2000-12,2013-08,2016-10,918
real_36,,,,154,dynamic,2016-12,2000-12,2013-09,2016-11,924
real_36,,,,155,dynamic,2017-01,2000-12,2013-10,2016-12,930
real_36,,,,156,dynamic,2017-02,2000-12,2013-11,2017-01,936
real_36,,,,157,dynamic,2017-03,2000-12,2013-12,2017-02,942
real_36,,,,158,dynamic,2017-04,2000-12,2014-01,2017-03,948
real_36,,,,159,dynamic,2017-05,2000-12,2014-02,2017-04,954
real_36,,,,160,dynamic,2017-06,2000-12,2014-03,2017-05,960
real_36,,,,161,dynamic,2017-07,2000-12,2014-04,2017-06,966
real_36,,,,162,dynamic,2017-08,2000-12,2014-05,2017-07,972
real_36,,,,163,dynamic,2017-09,2000-12,2014-06,2017-08,978
real_36,,,,164,dynamic,2017-10,2000-12,2014-07,2017-09,984
real_36,,,,165,dynamic,2017-11,2000-12,2014-08,2017-10,990
real_36,,,,166,dynamic,2017-12,2000-12,2014-09,2017-11,996
real_36,,,,167,dynamic,2018-01,2000-12,2014-10,2017-12,1002
real_36,,,,168,dynamic,2018-02,2000-12,2014-11,2018-01,1008
real_36,,,,169,dynamic,2018-03,2000-12,2014-12,2018-02,1014
real_36,,,,170,dynamic,2018-04,2000-12,2015-01,2018-03,1020
real_36,,,,171,dynamic,2018-05,2000-12,2015-02,2018-04,1026
real_36,,,,172,dynamic,2018-06,2000-12,2015-03,2018-05,1032
real_36,,,,173,dynamic,2018-07,2000-12,2015-04,2018-06,1038
real_36,,,,174,dynamic,2018-08,2000-12,2015-05,2018-07,1044
real_36,,,,175,dynamic,2018-09,2000-12,2015-06,2018-08,1050
real_36,,,,176,dynamic,2018-10,2000-12,2015-07,2018-09,1056
real_36,,,,177,dynamic,2018-11,2000-12,2015-08,2018-10,1062
real_36,,,,178,dynamic,2018-12,2000-12,2015-09,2018-11,1068
real_36,,,,179,dynamic,2019-01,2000-12,2015-10,2018-12,1074
real_36,,,,180,dynamic,2019-02,2000-12,2015-11,2019-01,1080
real_36,,,,181,dynamic,2019-03,2000-12,2015-12,2019-02,1086
real_36,,,,182,dynamic,2019-04,2000-12,2016-01,2019-03,1092
real_36,,,,183,dynamic,2019-05,2000-12,2016-02,2019-04,1098
real_36,,,,184,dynamic,2019-06,2000-12,2016-03,2019-05,1104
real_36,,,,185,dynamic,2019-07,2000-12,2016-04,2019-06,1110
real_36,,,,186,dynamic,2019-08,2000-12,2016-05,2019-07,1116
real_36,,,,187,dynamic,2019-09,2000-12,2016-06,2019-08,1122
real_36,,,,188,dynamic,2019-10,2000-12,2016-07,2019-09,1128
real_36,,,,189,dynamic,2019-11,2000-12,2016-08,2019-10,1134
real_36,,,,190,dynamic,2019-12,2000-12,2016-09,2019-11,1140
real_36,,,,191,dynamic,2020-01,2000-12,2016-10,2019-12,1146
real_36,,,,192,dynamic,2020-02,2000-12,2016-11,2020-01,1152
real_36,,,,193,dynamic,2020-03,2000-12,2016-12,2020-02,1158
real_36,,,,194,dynamic,2020-04,2000-12,2017-01,2020-03,1164
real_36,,,,195,dynamic,2020-05,2000-12,2017-02,2020-04,1170
real_36,,,,196,dynamic,2020-06,2000-12,2017-03,2020-05,1176
real_36,,,,197,dynamic,2020-07,2000-12,2017-04,2020-06,1182
real_36,,,,198,dynamic,2020-08,2000-12,2017-05,2020-07,1188
real_36,,,,199,dynamic,2020-09,2000-12,2017-06,2020-08,1194
real_36,,,,200,dynamic,2020-10,2000-12,2017-07,2020-09,1200
real_36,,,,201,dynamic,2020-11,2000-12,2017-08,2020-10,1206
real_36,,,,202,dynamic,2020-12,2000-12,2017-09,2020-11,1212
real_36,,,,203,dynamic,2021-01,2000-12,2017-10,2020-12,1218
real_36,,,,204,dynamic,2021-02,2000-12,2017-11,2021-01,1224
real_36,,,,205,dynamic,2021-03,2000-12,2017-12,2021-02,1230
real_36,,,,206,dynamic,2021-04,2000-12,2018-01,2021-03,1236
real_36,,,,207,dynamic,2021-05,2000-12,2018-02,2021-04,1242
real_36,,,,208,dynamic,2021-06,2000-12,2018-03,2021-05,1248
real_36,,,,209,dynamic,2021-07,2000-12,2018-04,2021-06,1254
real_36,,,,210,dynamic,2021-08,2000-12,2018-05,2021-07,1260
real_36,,,,211,dynamic,2021-09,2000-12,2018-06,2021-08,1266
real_36,,,,212,dynamic,2021-10,2000-12,2018-07,2021-09,1272
real_36,,,,213,dynamic,2021-11,2000-12,2018-08,2021-10,1278
real_36,,,,214,dynamic,2021-12,2000-12,2018-09,2021-11,1284
real_36,,,,215,dynamic,2022-01,2000-12,2018-10,2021-12,1290
real_36,,,,216,dynamic,2022-02,2000-12,2018-11,2022-01,1296
real_36,,,,217,dynamic,2022-03,2000-12,2018-12,2022-02,1302
real_36,,,,218,dynamic,2022-04,2000-12,2019-01,2022-03,1308
real_36,,,,219,dynamic,2022-05,2000-12,2019-02,2022-04,1314
real_36,,,,220,dynamic,2022-06,2000-12,2019-03,2022-05,1320
real_36,,,,221,dynamic,2022-07,2000-12,2019-04,2022-06,1326
real_36,,,,222,dynamic,2022-08,2000-12,2019-05,2022-07,1332
real_36,,,,223,dynamic,2022-09,2000-12,2019-06,2022-08,1338
real_36,,,,224,dynamic,2022-10,2000-12,2019-07,2022-09,1344
real_36,,,,225,dynamic,2022-11,2000-12,2019-08,2022-10,1350
real_36,,,,226,dynamic,2022-12,2000-12,2019-09,2022-11,1356
real_36,,,,227,dynamic,2023-01,2000-12,2019-10,2022-12,1362
real_36,,,,228,dynamic,2023-02,2000-12,2019-11,2023-01,1368
real_36,,,,229,dynamic,2023-03,2000-12,2019-12,2023-02,1374
real_36,,,,230,dynamic,2023-04,2000-12,2020-01,2023-03,1380
real_36,,,,231,dynamic,2023-05,2000-12,2020-02,2023-04,1386
real_36,,,,232,dynamic,2023-06,2000-12,2020-03,2023-05,1392
real_36,,,,233,dynamic,2023-07,2000-12,2020-04,2023-06,1398
real_36,,,,234,dynamic,2023-08,2000-12,2020-05,2023-07,1404
real_36,,,,235,dynamic,2023-09,2000-12,2020-06,2023-08,1410
real_36,,,,236,dynamic,2023-10,2000-12,2020-07,2023-09,1416
real_36,,,,237,dynamic,2023-11,2000-12,2020-08,2023-10,1422
real_36,,,,238,dynamic,2023-12,2000-12,2020-09,2023-11,1428
real_36,,,,239,dynamic,2024-01,2000-12,2020-10,2023-12,1434
real_36,,,,240,dynamic,2024-02,2000-12,2020-11,2024-01,1440
real_36,,,,241,dynamic,2024-03,2000-12,2020-12,2024-02,1446
real_36,,,,242,dynamic,2024-04,2000-12,2021-01,2024-03,1452
real_36,,,,243,dynamic,2024-05,2000-12,2021-02,2024-04,1458
real_36,,,,244,dynamic,2024-06,2000-12,2021-03,2024-05,1464
real_36,,,,245,dynamic,2024-07,2000-12,2021-04,2024-06,1470
real_36,,,,246,dynamic,2024-08,2000-12,2021-05,2024-07,1476
real_36,,,,247,dynamic,2024-09,2000-12,2021-06,2024-08,1482
real_36,,,,248,dynamic,2024-10,2000-12,2021-07,2024-09,1488
real_36,,,,249,dynamic,2024-11,2000-12,2021-08,2024-10,1494
real_36,,,,250,dynamic,2024-12,2000-12,2021-09,2024-11,1500
real_36,,,,251,dynamic,2025-01,2000-12,2021-10,2024-12,1506
real_36,,,,252,dynamic,2025-02,2000-12,2021-11,2025-01,1512
real_36,,,,253,dynamic,2025-03,2000-12,2021-12,2025-02,1518
real_36,,,,254,dynamic,2025-04,2000-12,2022-01,2025-03,1524
real_36,,,,255,dynamic,2025-05,2000-12,2022-02,2025-04,1530
real_36,,,,256,dynamic,2025-06,2000-12,2022-03,2025-05,1536
real_36,,,,257,dynamic,2025-07,2000-12,2022-04,2025-06,1542
real_36,,,,258,dynamic,2025-08,2000-12,2022-05,2025-07,1548
real_36,,,,259,dynamic,2025-09,2000-12,2022-06,2025-08,1554
real_36,,,,260,dynamic,2025-10,2000-12,2022-07,2025-09,1560
real_36,,,,261,dynamic,2025-11,2000-12,2022-08,2025-10,1566
real_36,,,,262,dynamic,2025-12,2000-12,2022-09,2025-11,1572
real_36,,,,263,dynamic,2026-01,2000-12,2022-10,2025-12,1578
real_36,,,,264,dynamic,2026-02,2000-12,2022-11,2026-01,1584
real_36,,,,265,dynamic,2026-03,2000-12,2022-12,2026-02,1590
real_36,,,,266,dynamic,2026-04,2000-12,2023-01,2026-03,1596
real_36,,,,267,dynamic,2026-05,2000-12,2023-02,2026-04,1602
real_36,,,,268,dynamic,2026-06,2000-12,2023-03,2026-05,1608
real_36,,,,269,dynamic,2026-07,2000-12,2023-04,2026-06,1614
real_36,,,,270,dynamic,2026-08,2000-12,2023-05,2026-07,1620
real_36,,,,60,annual,2016-03,2008-01,2012-12,2016-02,360
real_36,,,,61,annual,2016-04,2008-01,2013-01,2016-03,366
real_36,,,,62,annual,2016-05,2008-01,2013-02,2016-04,372
real_36,,,,63,annual,2016-06,2008-01,2013-03,2016-05,378
real_36,,,,64,annual,2016-07,2008-01,2013-04,2016-06,384
real_36,,,,65,annual,2016-08,2008-01,2013-05,2016-07,390
real_36,,,,66,annual,2016-09,2008-01,2013-06,2016-08,396
real_36,,,,67,annual,2016-10,2008-01,2013-07,2016-09,402
real_36,,,,68,annual,2016-11,2008-01,2013-08,2016-10,408
real_36,,,,69,annual,2016-12,2008-01,2013-09,2016-11,414
real_36,,,,70,annual,2017-01,2008-01,2013-10,2016-12,420
real_36,,,,71,annual,2017-02,2008-01,2013-11,2017-01,426
real_36,,,,72,annual,2017-03,2008-01,2013-12,2017-02,432
real_36,,,,73,annual,2017-04,2008-01,2014-01,2017-03,438
real_36,,,,74,annual,2017-05,2008-01,2014-02,2017-04,444
real_36,,,,75,annual,2017-06,2008-01,2014-03,2017-05,450
real_36,,,,76,annual,2017-07,2008-01,2014-04,2017-06,456
real_36,,,,77,annual,2017-08,2008-01,2014-05,2017-07,462
real_36,,,,78,annual,2017-09,2008-01,2014-06,2017-08,468
real_36,,,,79,annual,2017-10,2008-01,2014-07,2017-09,474
real_36,,,,80,annual,2017-11,2008-01,2014-08,2017-10,480
real_36,,,,81,annual,2017-12,2008-01,2014-09,2017-11,486
real_36,,,,82,annual,2018-01,2008-01,2014-10,2017-12,492
real_36,,,,83,annual,2018-02,2008-01,2014-11,2018-01,498
real_36,,,,84,annual,2018-03,2008-01,2014-12,2018-02,504
real_36,,,,85,annual,2018-04,2008-01,2015-01,2018-03,510
real_36,,,,86,annual,2018-05,2008-01,2015-02,2018-04,516
real_36,,,,87,annual,2018-06,2008-01,2015-03,2018-05,522
real_36,,,,88,annual,2018-07,2008-01,2015-04,2018-06,528
real_36,,,,89,annual,2018-08,2008-01,2015-05,2018-07,534
real_36,,,,90,annual,2018-09,2008-01,2015-06,2018-08,540
real_36,,,,91,annual,2018-10,2008-01,2015-07,2018-09,546
real_36,,,,92,annual,2018-11,2008-01,2015-08,2018-10,552
real_36,,,,93,annual,2018-12,2008-01,2015-09,2018-11,558
real_36,,,,94,annual,2019-01,2008-01,2015-10,2018-12,564
real_36,,,,95,annual,2019-02,2008-01,2015-11,2019-01,570
real_36,,,,96,annual,2019-03,2008-01,2015-12,2019-02,576
real_36,,,,97,annual,2019-04,2008-01,2016-01,2019-03,582
real_36,,,,98,annual,2019-05,2008-01,2016-02,2019-04,588
real_36,,,,99,annual,2019-06,2008-01,2016-03,2019-05,594
real_36,,,,100,annual,2019-07,2008-01,2016-04,2019-06,600
real_36,,,,101,annual,2019-08,2008-01,2016-05,2019-07,606
real_36,,,,102,annual,2019-09,2008-01,2016-06,2019-08,612
real_36,,,,103,annual,2019-10,2008-01,2016-07,2019-09,618
real_36,,,,104,annual,2019-11,2008-01,2016-08,2019-10,624
real_36,,,,105,annual,2019-12,2008-01,2016-09,2019-11,630
real_36,,,,106,annual,2020-01,2008-01,2016-10,2019-12,636
real_36,,,,107,annual,2020-02,2008-01,2016-11,2020-01,642
real_36,,,,108,annual,2020-03,2008-01,2016-12,2020-02,648
real_36,,,,109,annual,2020-04,2008-01,2017-01,2020-03,654
real_36,,,,110,annual,2020-05,2008-01,2017-02,2020-04,660
real_36,,,,111,annual,2020-06,2008-01,2017-03,2020-05,666
real_36,,,,112,annual,2020-07,2008-01,2017-04,2020-06,672
real_36,,,,113,annual,2020-08,2008-01,2017-05,2020-07,678
real_36,,,,114,annual,2020-09,2008-01,2017-06,2020-08,684
real_36,,,,115,annual,2020-10,2008-01,2017-07,2020-09,690
real_36,,,,116,annual,2020-11,2008-01,2017-08,2020-10,696
real_36,,,,117,annual,2020-12,2008-01,2017-09,2020-11,702
real_36,,,,118,annual,2021-01,2008-01,2017-10,2020-12,708
real_36,,,,119,annual,2021-02,2008-01,2017-11,2021-01,714
real_36,,,,120,annual,2021-03,2008-01,2017-12,2021-02,720
real_36,,,,121,annual,2021-04,2008-01,2018-01,2021-03,726
real_36,,,,122,annual,2021-05,2008-01,2018-02,2021-04,732
real_36,,,,123,annual,2021-06,2008-01,2018-03,2021-05,738
real_36,,,,124,annual,2021-07,2008-01,2018-04,2021-06,744
real_36,,,,125,annual,2021-08,2008-01,2018-05,2021-07,750
real_36,,,,126,annual,2021-09,2008-01,2018-06,2021-08,756
real_36,,,,127,annual,2021-10,2008-01,2018-07,2021-09,762
real_36,,,,128,annual,2021-11,2008-01,2018-08,2021-10,768
real_36,,,,129,annual,2021-12,2008-01,2018-09,2021-11,774
real_36,,,,130,annual,2022-01,2008-01,2018-10,2021-12,780
real_36,,,,131,annual,2022-02,2008-01,2018-11,2022-01,786
real_36,,,,132,annual,2022-03,2008-01,2018-12,2022-02,792
real_36,,,,133,annual,2022-04,2008-01,2019-01,2022-03,798
real_36,,,,134,annual,2022-05,2008-01,2019-02,2022-04,804
real_36,,,,135,annual,2022-06,2008-01,2019-03,2022-05,810
real_36,,,,136,annual,2022-07,2008-01,2019-04,2022-06,816
real_36,,,,137,annual,2022-08,2008-01,2019-05,2022-07,822
real_36,,,,138,annual,2022-09,2008-01,2019-06,2022-08,828
real_36,,,,139,annual,2022-10,2008-01,2019-07,2022-09,834
real_36,,,,140,annual,2022-11,2008-01,2019-08,2022-10,840
real_36,,,,141,annual,2022-12,2008-01,2019-09,2022-11,846
real_36,,,,142,annual,2023-01,2008-01,2019-10,2022-12,852
real_36,,,,143,annual,2023-02,2008-01,2019-11,2023-01,858
real_36,,,,144,annual,2023-03,2008-01,2019-12,2023-02,864
real_36,,,,145,annual,2023-04,2008-01,2020-01,2023-03,870
real_36,,,,146,annual,2023-05,2008-01,2020-02,2023-04,876
real_36,,,,147,annual,2023-06,2008-01,2020-03,2023-05,882
real_36,,,,148,annual,2023-07,2008-01,2020-04,2023-06,888
real_36,,,,149,annual,2023-08,2008-01,2020-05,2023-07,894
real_36,,,,150,annual,2023-09,2008-01,2020-06,2023-08,900
real_36,,,,151,annual,2023-10,2008-01,2020-07,2023-09,906
real_36,,,,152,annual,2023-11,2008-01,2020-08,2023-10,912
real_36,,,,153,annual,2023-12,2008-01,2020-09,2023-11,918
real_36,,,,154,annual,2024-01,2008-01,2020-10,2023-12,924
real_36,,,,155,annual,2024-02,2008-01,2020-11,2024-01,930
real_36,,,,156,annual,2024-03,2008-01,2020-12,2024-02,936
real_36,,,,157,annual,2024-04,2008-01,2021-01,2024-03,942
real_36,,,,158,annual,2024-05,2008-01,2021-02,2024-04,948
real_36,,,,159,annual,2024-06,2008-01,2021-03,2024-05,954
real_36,,,,160,annual,2024-07,2008-01,2021-04,2024-06,960
real_36,,,,161,annual,2024-08,2008-01,2021-05,2024-07,966
real_36,,,,162,annual,2024-09,2008-01,2021-06,2024-08,972
real_36,,,,163,annual,2024-10,2008-01,2021-07,2024-09,978
real_36,,,,164,annual,2024-11,2008-01,2021-08,2024-10,984
real_36,,,,165,annual,2024-12,2008-01,2021-09,2024-11,990
real_36,,,,166,annual,2025-01,2008-01,2021-10,2024-12,996
real_36,,,,167,annual,2025-02,2008-01,2021-11,2025-01,1002
real_36,,,,168,annual,2025-03,2008-01,2021-12,2025-02,1008
real_36,,,,169,annual,2025-04,2008-01,2022-01,2025-03,1014
real_36,,,,170,annual,2025-05,2008-01,2022-02,2025-04,1020
real_36,,,,171,annual,2025-06,2008-01,2022-03,2025-05,1026
real_36,,,,172,annual,2025-07,2008-01,2022-04,2025-06,1032
real_36,,,,173,annual,2025-08,2008-01,2022-05,2025-07,1038
real_36,,,,174,annual,2025-09,2008-01,2022-06,2025-08,1044
real_36,,,,175,annual,2025-10,2008-01,2022-07,2025-09,1050
real_36,,,,176,annual,2025-11,2008-01,2022-08,2025-10,1056
real_36,,,,177,annual,2025-12,2008-01,2022-09,2025-11,1062
real_36,,,,178,annual,2026-01,2008-01,2022-10,2025-12,1068
real_36,,,,179,annual,2026-02,2008-01,2022-11,2026-01,1074
real_36,,,,180,annual,2026-03,2008-01,2022-12,2026-02,1080
real_36,,,,181,annual,2026-04,2008-01,2023-01,2026-03,1086
real_36,,,,182,annual,2026-05,2008-01,2023-02,2026-04,1092
real_36,,,,183,annual,2026-06,2008-01,2023-03,2026-05,1098
real_36,,,,184,annual,2026-07,2008-01,2023-04,2026-06,1104
real_36,,,,185,annual,2026-08,2008-01,2023-05,2026-07,1110
real_36,,,,60,structure,2019-03,2011-01,2015-12,2019-02,360
real_36,,,,61,structure,2019-04,2011-01,2016-01,2019-03,366
real_36,,,,62,structure,2019-05,2011-01,2016-02,2019-04,372
real_36,,,,63,structure,2019-06,2011-01,2016-03,2019-05,378
real_36,,,,64,structure,2019-07,2011-01,2016-04,2019-06,384
real_36,,,,65,structure,2019-08,2011-01,2016-05,2019-07,390
real_36,,,,66,structure,2019-09,2011-01,2016-06,2019-08,396
real_36,,,,67,structure,2019-10,2011-01,2016-07,2019-09,402
real_36,,,,68,structure,2019-11,2011-01,2016-08,2019-10,408
real_36,,,,69,structure,2019-12,2011-01,2016-09,2019-11,414
real_36,,,,70,structure,2020-01,2011-01,2016-10,2019-12,420
real_36,,,,71,structure,2020-02,2011-01,2016-11,2020-01,426
real_36,,,,72,structure,2020-03,2011-01,2016-12,2020-02,432
real_36,,,,73,structure,2020-04,2011-01,2017-01,2020-03,438
real_36,,,,74,structure,2020-05,2011-01,2017-02,2020-04,444
real_36,,,,75,structure,2020-06,2011-01,2017-03,2020-05,450
real_36,,,,76,structure,2020-07,2011-01,2017-04,2020-06,456
real_36,,,,77,structure,2020-08,2011-01,2017-05,2020-07,462
real_36,,,,78,structure,2020-09,2011-01,2017-06,2020-08,468
real_36,,,,79,structure,2020-10,2011-01,2017-07,2020-09,474
real_36,,,,80,structure,2020-11,2011-01,2017-08,2020-10,480
real_36,,,,81,structure,2020-12,2011-01,2017-09,2020-11,486
real_36,,,,82,structure,2021-01,2011-01,2017-10,2020-12,492
real_36,,,,83,structure,2021-02,2011-01,2017-11,2021-01,498
real_36,,,,84,structure,2021-03,2011-01,2017-12,2021-02,504
real_36,,,,85,structure,2021-04,2011-01,2018-01,2021-03,510
real_36,,,,86,structure,2021-05,2011-01,2018-02,2021-04,516
real_36,,,,87,structure,2021-06,2011-01,2018-03,2021-05,522
real_36,,,,88,structure,2021-07,2011-01,2018-04,2021-06,528
real_36,,,,89,structure,2021-08,2011-01,2018-05,2021-07,534
real_36,,,,90,structure,2021-09,2011-01,2018-06,2021-08,540
real_36,,,,91,structure,2021-10,2011-01,2018-07,2021-09,546
real_36,,,,92,structure,2021-11,2011-01,2018-08,2021-10,552
real_36,,,,93,structure,2021-12,2011-01,2018-09,2021-11,558
real_36,,,,94,structure,2022-01,2011-01,2018-10,2021-12,564
real_36,,,,95,structure,2022-02,2011-01,2018-11,2022-01,570
real_36,,,,96,structure,2022-03,2011-01,2018-12,2022-02,576
real_36,,,,97,structure,2022-04,2011-01,2019-01,2022-03,582
real_36,,,,98,structure,2022-05,2011-01,2019-02,2022-04,588
real_36,,,,99,structure,2022-06,2011-01,2019-03,2022-05,594
real_36,,,,100,structure,2022-07,2011-01,2019-04,2022-06,600
real_36,,,,101,structure,2022-08,2011-01,2019-05,2022-07,606
real_36,,,,102,structure,2022-09,2011-01,2019-06,2022-08,612
real_36,,,,103,structure,2022-10,2011-01,2019-07,2022-09,618
real_36,,,,104,structure,2022-11,2011-01,2019-08,2022-10,624
real_36,,,,105,structure,2022-12,2011-01,2019-09,2022-11,630
real_36,,,,106,structure,2023-01,2011-01,2019-10,2022-12,636
real_36,,,,107,structure,2023-02,2011-01,2019-11,2023-01,642
real_36,,,,108,structure,2023-03,2011-01,2019-12,2023-02,648
real_36,,,,109,structure,2023-04,2011-01,2020-01,2023-03,654
real_36,,,,110,structure,2023-05,2011-01,2020-02,2023-04,660
real_36,,,,111,structure,2023-06,2011-01,2020-03,2023-05,666
real_36,,,,112,structure,2023-07,2011-01,2020-04,2023-06,672
real_36,,,,113,structure,2023-08,2011-01,2020-05,2023-07,678
real_36,,,,114,structure,2023-09,2011-01,2020-06,2023-08,684
real_36,,,,115,structure,2023-10,2011-01,2020-07,2023-09,690
real_36,,,,116,structure,2023-11,2011-01,2020-08,2023-10,696
real_36,,,,117,structure,2023-12,2011-01,2020-09,2023-11,702
real_36,,,,118,structure,2024-01,2011-01,2020-10,2023-12,708
real_36,,,,119,structure,2024-02,2011-01,2020-11,2024-01,714
real_36,,,,120,structure,2024-03,2011-01,2020-12,2024-02,720
real_36,,,,121,structure,2024-04,2011-01,2021-01,2024-03,726
real_36,,,,122,structure,2024-05,2011-01,2021-02,2024-04,732
real_36,,,,123,structure,2024-06,2011-01,2021-03,2024-05,738
real_36,,,,124,structure,2024-07,2011-01,2021-04,2024-06,744
real_36,,,,125,structure,2024-08,2011-01,2021-05,2024-07,750
real_36,,,,126,structure,2024-09,2011-01,2021-06,2024-08,756
real_36,,,,127,structure,2024-10,2011-01,2021-07,2024-09,762
real_36,,,,128,structure,2024-11,2011-01,2021-08,2024-10,768
real_36,,,,129,structure,2024-12,2011-01,2021-09,2024-11,774
real_36,,,,130,structure,2025-01,2011-01,2021-10,2024-12,780
real_36,,,,131,structure,2025-02,2011-01,2021-11,2025-01,786
real_36,,,,132,structure,2025-03,2011-01,2021-12,2025-02,792
real_36,,,,133,structure,2025-04,2011-01,2022-01,2025-03,798
real_36,,,,134,structure,2025-05,2011-01,2022-02,2025-04,804
real_36,,,,135,structure,2025-06,2011-01,2022-03,2025-05,810
real_36,,,,136,structure,2025-07,2011-01,2022-04,2025-06,816
real_36,,,,137,structure,2025-08,2011-01,2022-05,2025-07,822
real_36,,,,138,structure,2025-09,2011-01,2022-06,2025-08,828
real_36,,,,139,structure,2025-10,2011-01,2022-07,2025-09,834
real_36,,,,140,structure,2025-11,2011-01,2022-08,2025-10,840
real_36,,,,141,structure,2025-12,2011-01,2022-09,2025-11,846
real_36,,,,142,structure,2026-01,2011-01,2022-10,2025-12,852
real_36,,,,143,structure,2026-02,2011-01,2022-11,2026-01,858
real_36,,,,144,structure,2026-03,2011-01,2022-12,2026-02,864
real_36,,,,145,structure,2026-04,2011-01,2023-01,2026-03,870
real_36,,,,146,structure,2026-05,2011-01,2023-02,2026-04,876
real_36,,,,147,structure,2026-06,2011-01,2023-03,2026-05,882
real_36,,,,148,structure,2026-07,2011-01,2023-04,2026-06,888
real_36,,,,149,structure,2026-08,2011-01,2023-05,2026-07,894
real_36,,,,60,All,2019-03,2011-01,2015-12,2019-02,360
real_36,,,,61,All,2019-04,2011-01,2016-01,2019-03,366
real_36,,,,62,All,2019-05,2011-01,2016-02,2019-04,372
real_36,,,,63,All,2019-06,2011-01,2016-03,2019-05,378
real_36,,,,64,All,2019-07,2011-01,2016-04,2019-06,384
real_36,,,,65,All,2019-08,2011-01,2016-05,2019-07,390
real_36,,,,66,All,2019-09,2011-01,2016-06,2019-08,396
real_36,,,,67,All,2019-10,2011-01,2016-07,2019-09,402
real_36,,,,68,All,2019-11,2011-01,2016-08,2019-10,408
real_36,,,,69,All,2019-12,2011-01,2016-09,2019-11,414
real_36,,,,70,All,2020-01,2011-01,2016-10,2019-12,420
real_36,,,,71,All,2020-02,2011-01,2016-11,2020-01,426
real_36,,,,72,All,2020-03,2011-01,2016-12,2020-02,432
real_36,,,,73,All,2020-04,2011-01,2017-01,2020-03,438
real_36,,,,74,All,2020-05,2011-01,2017-02,2020-04,444
real_36,,,,75,All,2020-06,2011-01,2017-03,2020-05,450
real_36,,,,76,All,2020-07,2011-01,2017-04,2020-06,456
real_36,,,,77,All,2020-08,2011-01,2017-05,2020-07,462
real_36,,,,78,All,2020-09,2011-01,2017-06,2020-08,468
real_36,,,,79,All,2020-10,2011-01,2017-07,2020-09,474
real_36,,,,80,All,2020-11,2011-01,2017-08,2020-10,480
real_36,,,,81,All,2020-12,2011-01,2017-09,2020-11,486
real_36,,,,82,All,2021-01,2011-01,2017-10,2020-12,492
real_36,,,,83,All,2021-02,2011-01,2017-11,2021-01,498
real_36,,,,84,All,2021-03,2011-01,2017-12,2021-02,504
real_36,,,,85,All,2021-04,2011-01,2018-01,2021-03,510
real_36,,,,86,All,2021-05,2011-01,2018-02,2021-04,516
real_36,,,,87,All,2021-06,2011-01,2018-03,2021-05,522
real_36,,,,88,All,2021-07,2011-01,2018-04,2021-06,528
real_36,,,,89,All,2021-08,2011-01,2018-05,2021-07,534
real_36,,,,90,All,2021-09,2011-01,2018-06,2021-08,540
real_36,,,,91,All,2021-10,2011-01,2018-07,2021-09,546
real_36,,,,92,All,2021-11,2011-01,2018-08,2021-10,552
real_36,,,,93,All,2021-12,2011-01,2018-09,2021-11,558
real_36,,,,94,All,2022-01,2011-01,2018-10,2021-12,564
real_36,,,,95,All,2022-02,2011-01,2018-11,2022-01,570
real_36,,,,96,All,2022-03,2011-01,2018-12,2022-02,576
real_36,,,,97,All,2022-04,2011-01,2019-01,2022-03,582
real_36,,,,98,All,2022-05,2011-01,2019-02,2022-04,588
real_36,,,,99,All,2022-06,2011-01,2019-03,2022-05,594
real_36,,,,100,All,2022-07,2011-01,2019-04,2022-06,600
real_36,,,,101,All,2022-08,2011-01,2019-05,2022-07,606
real_36,,,,102,All,2022-09,2011-01,2019-06,2022-08,612
real_36,,,,103,All,2022-10,2011-01,2019-07,2022-09,618
real_36,,,,104,All,2022-11,2011-01,2019-08,2022-10,624
real_36,,,,105,All,2022-12,2011-01,2019-09,2022-11,630
real_36,,,,106,All,2023-01,2011-01,2019-10,2022-12,636
real_36,,,,107,All,2023-02,2011-01,2019-11,2023-01,642
real_36,,,,108,All,2023-03,2011-01,2019-12,2023-02,648
real_36,,,,109,All,2023-04,2011-01,2020-01,2023-03,654
real_36,,,,110,All,2023-05,2011-01,2020-02,2023-04,660
real_36,,,,111,All,2023-06,2011-01,2020-03,2023-05,666
real_36,,,,112,All,2023-07,2011-01,2020-04,2023-06,672
real_36,,,,113,All,2023-08,2011-01,2020-05,2023-07,678
real_36,,,,114,All,2023-09,2011-01,2020-06,2023-08,684
real_36,,,,115,All,2023-10,2011-01,2020-07,2023-09,690
real_36,,,,116,All,2023-11,2011-01,2020-08,2023-10,696
real_36,,,,117,All,2023-12,2011-01,2020-09,2023-11,702
real_36,,,,118,All,2024-01,2011-01,2020-10,2023-12,708
real_36,,,,119,All,2024-02,2011-01,2020-11,2024-01,714
real_36,,,,120,All,2024-03,2011-01,2020-12,2024-02,720
real_36,,,,121,All,2024-04,2011-01,2021-01,2024-03,726
real_36,,,,122,All,2024-05,2011-01,2021-02,2024-04,732
real_36,,,,123,All,2024-06,2011-01,2021-03,2024-05,738
real_36,,,,124,All,2024-07,2011-01,2021-04,2024-06,744
real_36,,,,125,All,2024-08,2011-01,2021-05,2024-07,750
real_36,,,,126,All,2024-09,2011-01,2021-06,2024-08,756
real_36,,,,127,All,2024-10,2011-01,2021-07,2024-09,762
real_36,,,,128,All,2024-11,2011-01,2021-08,2024-10,768
real_36,,,,129,All,2024-12,2011-01,2021-09,2024-11,774
real_36,,,,130,All,2025-01,2011-01,2021-10,2024-12,780
real_36,,,,131,All,2025-02,2011-01,2021-11,2025-01,786
real_36,,,,132,All,2025-03,2011-01,2021-12,2025-02,792
real_36,,,,133,All,2025-04,2011-01,2022-01,2025-03,798
real_36,,,,134,All,2025-05,2011-01,2022-02,2025-04,804
real_36,,,,135,All,2025-06,2011-01,2022-03,2025-05,810
real_36,,,,136,All,2025-07,2011-01,2022-04,2025-06,816
real_36,,,,137,All,2025-08,2011-01,2022-05,2025-07,822
real_36,,,,138,All,2025-09,2011-01,2022-06,2025-08,828
real_36,,,,139,All,2025-10,2011-01,2022-07,2025-09,834
real_36,,,,140,All,2025-11,2011-01,2022-08,2025-10,840
real_36,,,,141,All,2025-12,2011-01,2022-09,2025-11,846
real_36,,,,142,All,2026-01,2011-01,2022-10,2025-12,852
real_36,,,,143,All,2026-02,2011-01,2022-11,2026-01,858
real_36,,,,144,All,2026-03,2011-01,2022-12,2026-02,864
real_36,,,,145,All,2026-04,2011-01,2023-01,2026-03,870
real_36,,,,146,All,2026-05,2011-01,2023-02,2026-04,876
real_36,,,,147,All,2026-06,2011-01,2023-03,2026-05,882
real_36,,,,148,All,2026-07,2011-01,2023-04,2026-06,888
real_36,,,,149,All,2026-08,2011-01,2023-05,2026-07,894
persistent_36,,,,60,Base,2009-02,2000-12,2005-11,2009-01,360
persistent_36,,,,61,Base,2009-03,2000-12,2005-12,2009-02,366
persistent_36,,,,62,Base,2009-04,2000-12,2006-01,2009-03,372
persistent_36,,,,63,Base,2009-05,2000-12,2006-02,2009-04,378
persistent_36,,,,64,Base,2009-06,2000-12,2006-03,2009-05,384
persistent_36,,,,65,Base,2009-07,2000-12,2006-04,2009-06,390
persistent_36,,,,66,Base,2009-08,2000-12,2006-05,2009-07,396
persistent_36,,,,67,Base,2009-09,2000-12,2006-06,2009-08,402
persistent_36,,,,68,Base,2009-10,2000-12,2006-07,2009-09,408
persistent_36,,,,69,Base,2009-11,2000-12,2006-08,2009-10,414
persistent_36,,,,70,Base,2009-12,2000-12,2006-09,2009-11,420
persistent_36,,,,71,Base,2010-01,2000-12,2006-10,2009-12,426
persistent_36,,,,72,Base,2010-02,2000-12,2006-11,2010-01,432
persistent_36,,,,73,Base,2010-03,2000-12,2006-12,2010-02,438
persistent_36,,,,74,Base,2010-04,2000-12,2007-01,2010-03,444
persistent_36,,,,75,Base,2010-05,2000-12,2007-02,2010-04,450
persistent_36,,,,76,Base,2010-06,2000-12,2007-03,2010-05,456
persistent_36,,,,77,Base,2010-07,2000-12,2007-04,2010-06,462
persistent_36,,,,78,Base,2010-08,2000-12,2007-05,2010-07,468
persistent_36,,,,79,Base,2010-09,2000-12,2007-06,2010-08,474
persistent_36,,,,80,Base,2010-10,2000-12,2007-07,2010-09,480
persistent_36,,,,81,Base,2010-11,2000-12,2007-08,2010-10,486
persistent_36,,,,82,Base,2010-12,2000-12,2007-09,2010-11,492
persistent_36,,,,83,Base,2011-01,2000-12,2007-10,2010-12,498
persistent_36,,,,84,Base,2011-02,2000-12,2007-11,2011-01,504
persistent_36,,,,85,Base,2011-03,2000-12,2007-12,2011-02,510
persistent_36,,,,86,Base,2011-04,2000-12,2008-01,2011-03,516
persistent_36,,,,87,Base,2011-05,2000-12,2008-02,2011-04,522
persistent_36,,,,88,Base,2011-06,2000-12,2008-03,2011-05,528
persistent_36,,,,89,Base,2011-07,2000-12,2008-04,2011-06,534
persistent_36,,,,90,Base,2011-08,2000-12,2008-05,2011-07,540
persistent_36,,,,91,Base,2011-09,2000-12,2008-06,2011-08,546
persistent_36,,,,92,Base,2011-10,2000-12,2008-07,2011-09,552
persistent_36,,,,93,Base,2011-11,2000-12,2008-08,2011-10,558
persistent_36,,,,94,Base,2011-12,2000-12,2008-09,2011-11,564
persistent_36,,,,95,Base,2012-01,2000-12,2008-10,2011-12,570
persistent_36,,,,96,Base,2012-02,2000-12,2008-11,2012-01,576
persistent_36,,,,97,Base,2012-03,2000-12,2008-12,2012-02,582
persistent_36,,,,98,Base,2012-04,2000-12,2009-01,2012-03,588
persistent_36,,,,99,Base,2012-05,2000-12,2009-02,2012-04,594
persistent_36,,,,100,Base,2012-06,2000-12,2009-03,2012-05,600
persistent_36,,,,101,Base,2012-07,2000-12,2009-04,2012-06,606
persistent_36,,,,102,Base,2012-08,2000-12,2009-05,2012-07,612
persistent_36,,,,103,Base,2012-09,2000-12,2009-06,2012-08,618
persistent_36,,,,104,Base,2012-10,2000-12,2009-07,2012-09,624
persistent_36,,,,105,Base,2012-11,2000-12,2009-08,2012-10,630
persistent_36,,,,106,Base,2012-12,2000-12,2009-09,2012-11,636
persistent_36,,,,107,Base,2013-01,2000-12,2009-10,2012-12,642
persistent_36,,,,108,Base,2013-02,2000-12,2009-11,2013-01,648
persistent_36,,,,109,Base,2013-03,2000-12,2009-12,2013-02,654
persistent_36,,,,110,Base,2013-04,2000-12,2010-01,2013-03,660
persistent_36,,,,111,Base,2013-05,2000-12,2010-02,2013-04,666
persistent_36,,,,112,Base,2013-06,2000-12,2010-03,2013-05,672
persistent_36,,,,113,Base,2013-07,2000-12,2010-04,2013-06,678
persistent_36,,,,114,Base,2013-08,2000-12,2010-05,2013-07,684
persistent_36,,,,115,Base,2013-09,2000-12,2010-06,2013-08,690
persistent_36,,,,116,Base,2013-10,2000-12,2010-07,2013-09,696
persistent_36,,,,117,Base,2013-11,2000-12,2010-08,2013-10,702
persistent_36,,,,118,Base,2013-12,2000-12,2010-09,2013-11,708
persistent_36,,,,119,Base,2014-01,2000-12,2010-10,2013-12,714
persistent_36,,,,120,Base,2014-02,2000-12,2010-11,2014-01,720
persistent_36,,,,121,Base,2014-03,2000-12,2010-12,2014-02,726
persistent_36,,,,122,Base,2014-04,2000-12,2011-01,2014-03,732
persistent_36,,,,123,Base,2014-05,2000-12,2011-02,2014-04,738
persistent_36,,,,124,Base,2014-06,2000-12,2011-03,2014-05,744
persistent_36,,,,125,Base,2014-07,2000-12,2011-04,2014-06,750
persistent_36,,,,126,Base,2014-08,2000-12,2011-05,2014-07,756
persistent_36,,,,127,Base,2014-09,2000-12,2011-06,2014-08,762
persistent_36,,,,128,Base,2014-10,2000-12,2011-07,2014-09,768
persistent_36,,,,129,Base,2014-11,2000-12,2011-08,2014-10,774
persistent_36,,,,130,Base,2014-12,2000-12,2011-09,2014-11,780
persistent_36,,,,131,Base,2015-01,2000-12,2011-10,2014-12,786
persistent_36,,,,132,Base,2015-02,2000-12,2011-11,2015-01,792
persistent_36,,,,133,Base,2015-03,2000-12,2011-12,2015-02,798
persistent_36,,,,134,Base,2015-04,2000-12,2012-01,2015-03,804
persistent_36,,,,135,Base,2015-05,2000-12,2012-02,2015-04,810
persistent_36,,,,136,Base,2015-06,2000-12,2012-03,2015-05,816
persistent_36,,,,137,Base,2015-07,2000-12,2012-04,2015-06,822
persistent_36,,,,138,Base,2015-08,2000-12,2012-05,2015-07,828
persistent_36,,,,139,Base,2015-09,2000-12,2012-06,2015-08,834
persistent_36,,,,140,Base,2015-10,2000-12,2012-07,2015-09,840
persistent_36,,,,141,Base,2015-11,2000-12,2012-08,2015-10,846
persistent_36,,,,142,Base,2015-12,2000-12,2012-09,2015-11,852
persistent_36,,,,143,Base,2016-01,2000-12,2012-10,2015-12,858
persistent_36,,,,144,Base,2016-02,2000-12,2012-11,2016-01,864
persistent_36,,,,145,Base,2016-03,2000-12,2012-12,2016-02,870
persistent_36,,,,146,Base,2016-04,2000-12,2013-01,2016-03,876
persistent_36,,,,147,Base,2016-05,2000-12,2013-02,2016-04,882
persistent_36,,,,148,Base,2016-06,2000-12,2013-03,2016-05,888
persistent_36,,,,149,Base,2016-07,2000-12,2013-04,2016-06,894
persistent_36,,,,150,Base,2016-08,2000-12,2013-05,2016-07,900
persistent_36,,,,151,Base,2016-09,2000-12,2013-06,2016-08,906
persistent_36,,,,152,Base,2016-10,2000-12,2013-07,2016-09,912
persistent_36,,,,153,Base,2016-11,2000-12,2013-08,2016-10,918
persistent_36,,,,154,Base,2016-12,2000-12,2013-09,2016-11,924
persistent_36,,,,155,Base,2017-01,2000-12,2013-10,2016-12,930
persistent_36,,,,156,Base,2017-02,2000-12,2013-11,2017-01,936
persistent_36,,,,157,Base,2017-03,2000-12,2013-12,2017-02,942
persistent_36,,,,158,Base,2017-04,2000-12,2014-01,2017-03,948
persistent_36,,,,159,Base,2017-05,2000-12,2014-02,2017-04,954
persistent_36,,,,160,Base,2017-06,2000-12,2014-03,2017-05,960
persistent_36,,,,161,Base,2017-07,2000-12,2014-04,2017-06,966
persistent_36,,,,162,Base,2017-08,2000-12,2014-05,2017-07,972
persistent_36,,,,163,Base,2017-09,2000-12,2014-06,2017-08,978
persistent_36,,,,164,Base,2017-10,2000-12,2014-07,2017-09,984
persistent_36,,,,165,Base,2017-11,2000-12,2014-08,2017-10,990
persistent_36,,,,166,Base,2017-12,2000-12,2014-09,2017-11,996
persistent_36,,,,167,Base,2018-01,2000-12,2014-10,2017-12,1002
persistent_36,,,,168,Base,2018-02,2000-12,2014-11,2018-01,1008
persistent_36,,,,169,Base,2018-03,2000-12,2014-12,2018-02,1014
persistent_36,,,,170,Base,2018-04,2000-12,2015-01,2018-03,1020
persistent_36,,,,171,Base,2018-05,2000-12,2015-02,2018-04,1026
persistent_36,,,,172,Base,2018-06,2000-12,2015-03,2018-05,1032
persistent_36,,,,173,Base,2018-07,2000-12,2015-04,2018-06,1038
persistent_36,,,,174,Base,2018-08,2000-12,2015-05,2018-07,1044
persistent_36,,,,175,Base,2018-09,2000-12,2015-06,2018-08,1050
persistent_36,,,,176,Base,2018-10,2000-12,2015-07,2018-09,1056
persistent_36,,,,177,Base,2018-11,2000-12,2015-08,2018-10,1062
persistent_36,,,,178,Base,2018-12,2000-12,2015-09,2018-11,1068
persistent_36,,,,179,Base,2019-01,2000-12,2015-10,2018-12,1074
persistent_36,,,,180,Base,2019-02,2000-12,2015-11,2019-01,1080
persistent_36,,,,181,Base,2019-03,2000-12,2015-12,2019-02,1086
persistent_36,,,,182,Base,2019-04,2000-12,2016-01,2019-03,1092
persistent_36,,,,183,Base,2019-05,2000-12,2016-02,2019-04,1098
persistent_36,,,,184,Base,2019-06,2000-12,2016-03,2019-05,1104
persistent_36,,,,185,Base,2019-07,2000-12,2016-04,2019-06,1110
persistent_36,,,,186,Base,2019-08,2000-12,2016-05,2019-07,1116
persistent_36,,,,187,Base,2019-09,2000-12,2016-06,2019-08,1122
persistent_36,,,,188,Base,2019-10,2000-12,2016-07,2019-09,1128
persistent_36,,,,189,Base,2019-11,2000-12,2016-08,2019-10,1134
persistent_36,,,,190,Base,2019-12,2000-12,2016-09,2019-11,1140
persistent_36,,,,191,Base,2020-01,2000-12,2016-10,2019-12,1146
persistent_36,,,,192,Base,2020-02,2000-12,2016-11,2020-01,1152
persistent_36,,,,193,Base,2020-03,2000-12,2016-12,2020-02,1158
persistent_36,,,,194,Base,2020-04,2000-12,2017-01,2020-03,1164
persistent_36,,,,195,Base,2020-05,2000-12,2017-02,2020-04,1170
persistent_36,,,,196,Base,2020-06,2000-12,2017-03,2020-05,1176
persistent_36,,,,197,Base,2020-07,2000-12,2017-04,2020-06,1182
persistent_36,,,,198,Base,2020-08,2000-12,2017-05,2020-07,1188
persistent_36,,,,199,Base,2020-09,2000-12,2017-06,2020-08,1194
persistent_36,,,,200,Base,2020-10,2000-12,2017-07,2020-09,1200
persistent_36,,,,201,Base,2020-11,2000-12,2017-08,2020-10,1206
persistent_36,,,,202,Base,2020-12,2000-12,2017-09,2020-11,1212
persistent_36,,,,203,Base,2021-01,2000-12,2017-10,2020-12,1218
persistent_36,,,,204,Base,2021-02,2000-12,2017-11,2021-01,1224
persistent_36,,,,205,Base,2021-03,2000-12,2017-12,2021-02,1230
persistent_36,,,,206,Base,2021-04,2000-12,2018-01,2021-03,1236
persistent_36,,,,207,Base,2021-05,2000-12,2018-02,2021-04,1242
persistent_36,,,,208,Base,2021-06,2000-12,2018-03,2021-05,1248
persistent_36,,,,209,Base,2021-07,2000-12,2018-04,2021-06,1254
persistent_36,,,,210,Base,2021-08,2000-12,2018-05,2021-07,1260
persistent_36,,,,211,Base,2021-09,2000-12,2018-06,2021-08,1266
persistent_36,,,,212,Base,2021-10,2000-12,2018-07,2021-09,1272
persistent_36,,,,213,Base,2021-11,2000-12,2018-08,2021-10,1278
persistent_36,,,,214,Base,2021-12,2000-12,2018-09,2021-11,1284
persistent_36,,,,215,Base,2022-01,2000-12,2018-10,2021-12,1290
persistent_36,,,,216,Base,2022-02,2000-12,2018-11,2022-01,1296
persistent_36,,,,217,Base,2022-03,2000-12,2018-12,2022-02,1302
persistent_36,,,,218,Base,2022-04,2000-12,2019-01,2022-03,1308
persistent_36,,,,219,Base,2022-05,2000-12,2019-02,2022-04,1314
persistent_36,,,,220,Base,2022-06,2000-12,2019-03,2022-05,1320
persistent_36,,,,221,Base,2022-07,2000-12,2019-04,2022-06,1326
persistent_36,,,,222,Base,2022-08,2000-12,2019-05,2022-07,1332
persistent_36,,,,223,Base,2022-09,2000-12,2019-06,2022-08,1338
persistent_36,,,,224,Base,2022-10,2000-12,2019-07,2022-09,1344
persistent_36,,,,225,Base,2022-11,2000-12,2019-08,2022-10,1350
persistent_36,,,,226,Base,2022-12,2000-12,2019-09,2022-11,1356
persistent_36,,,,227,Base,2023-01,2000-12,2019-10,2022-12,1362
persistent_36,,,,228,Base,2023-02,2000-12,2019-11,2023-01,1368
persistent_36,,,,229,Base,2023-03,2000-12,2019-12,2023-02,1374
persistent_36,,,,230,Base,2023-04,2000-12,2020-01,2023-03,1380
persistent_36,,,,231,Base,2023-05,2000-12,2020-02,2023-04,1386
persistent_36,,,,232,Base,2023-06,2000-12,2020-03,2023-05,1392
persistent_36,,,,233,Base,2023-07,2000-12,2020-04,2023-06,1398
persistent_36,,,,234,Base,2023-08,2000-12,2020-05,2023-07,1404
persistent_36,,,,235,Base,2023-09,2000-12,2020-06,2023-08,1410
persistent_36,,,,236,Base,2023-10,2000-12,2020-07,2023-09,1416
persistent_36,,,,237,Base,2023-11,2000-12,2020-08,2023-10,1422
persistent_36,,,,238,Base,2023-12,2000-12,2020-09,2023-11,1428
persistent_36,,,,239,Base,2024-01,2000-12,2020-10,2023-12,1434
persistent_36,,,,240,Base,2024-02,2000-12,2020-11,2024-01,1440
persistent_36,,,,241,Base,2024-03,2000-12,2020-12,2024-02,1446
persistent_36,,,,242,Base,2024-04,2000-12,2021-01,2024-03,1452
persistent_36,,,,243,Base,2024-05,2000-12,2021-02,2024-04,1458
persistent_36,,,,244,Base,2024-06,2000-12,2021-03,2024-05,1464
persistent_36,,,,245,Base,2024-07,2000-12,2021-04,2024-06,1470
persistent_36,,,,246,Base,2024-08,2000-12,2021-05,2024-07,1476
persistent_36,,,,247,Base,2024-09,2000-12,2021-06,2024-08,1482
persistent_36,,,,248,Base,2024-10,2000-12,2021-07,2024-09,1488
persistent_36,,,,249,Base,2024-11,2000-12,2021-08,2024-10,1494
persistent_36,,,,250,Base,2024-12,2000-12,2021-09,2024-11,1500
persistent_36,,,,251,Base,2025-01,2000-12,2021-10,2024-12,1506
persistent_36,,,,252,Base,2025-02,2000-12,2021-11,2025-01,1512
persistent_36,,,,253,Base,2025-03,2000-12,2021-12,2025-02,1518
persistent_36,,,,254,Base,2025-04,2000-12,2022-01,2025-03,1524
persistent_36,,,,255,Base,2025-05,2000-12,2022-02,2025-04,1530
persistent_36,,,,256,Base,2025-06,2000-12,2022-03,2025-05,1536
persistent_36,,,,257,Base,2025-07,2000-12,2022-04,2025-06,1542
persistent_36,,,,258,Base,2025-08,2000-12,2022-05,2025-07,1548
persistent_36,,,,259,Base,2025-09,2000-12,2022-06,2025-08,1554
persistent_36,,,,260,Base,2025-10,2000-12,2022-07,2025-09,1560
persistent_36,,,,261,Base,2025-11,2000-12,2022-08,2025-10,1566
persistent_36,,,,262,Base,2025-12,2000-12,2022-09,2025-11,1572
persistent_36,,,,263,Base,2026-01,2000-12,2022-10,2025-12,1578
persistent_36,,,,264,Base,2026-02,2000-12,2022-11,2026-01,1584
persistent_36,,,,265,Base,2026-03,2000-12,2022-12,2026-02,1590
persistent_36,,,,266,Base,2026-04,2000-12,2023-01,2026-03,1596
persistent_36,,,,267,Base,2026-05,2000-12,2023-02,2026-04,1602
persistent_36,,,,268,Base,2026-06,2000-12,2023-03,2026-05,1608
persistent_36,,,,269,Base,2026-07,2000-12,2023-04,2026-06,1614
persistent_36,,,,270,Base,2026-08,2000-12,2023-05,2026-07,1620
persistent_36,,,,60,fixed,2009-02,2000-12,2005-11,2009-01,360
persistent_36,,,,61,fixed,2009-03,2000-12,2005-12,2009-02,366
persistent_36,,,,62,fixed,2009-04,2000-12,2006-01,2009-03,372
persistent_36,,,,63,fixed,2009-05,2000-12,2006-02,2009-04,378
persistent_36,,,,64,fixed,2009-06,2000-12,2006-03,2009-05,384
persistent_36,,,,65,fixed,2009-07,2000-12,2006-04,2009-06,390
persistent_36,,,,66,fixed,2009-08,2000-12,2006-05,2009-07,396
persistent_36,,,,67,fixed,2009-09,2000-12,2006-06,2009-08,402
persistent_36,,,,68,fixed,2009-10,2000-12,2006-07,2009-09,408
persistent_36,,,,69,fixed,2009-11,2000-12,2006-08,2009-10,414
persistent_36,,,,70,fixed,2009-12,2000-12,2006-09,2009-11,420
persistent_36,,,,71,fixed,2010-01,2000-12,2006-10,2009-12,426
persistent_36,,,,72,fixed,2010-02,2000-12,2006-11,2010-01,432
persistent_36,,,,73,fixed,2010-03,2000-12,2006-12,2010-02,438
persistent_36,,,,74,fixed,2010-04,2000-12,2007-01,2010-03,444
persistent_36,,,,75,fixed,2010-05,2000-12,2007-02,2010-04,450
persistent_36,,,,76,fixed,2010-06,2000-12,2007-03,2010-05,456
persistent_36,,,,77,fixed,2010-07,2000-12,2007-04,2010-06,462
persistent_36,,,,78,fixed,2010-08,2000-12,2007-05,2010-07,468
persistent_36,,,,79,fixed,2010-09,2000-12,2007-06,2010-08,474
persistent_36,,,,80,fixed,2010-10,2000-12,2007-07,2010-09,480
persistent_36,,,,81,fixed,2010-11,2000-12,2007-08,2010-10,486
persistent_36,,,,82,fixed,2010-12,2000-12,2007-09,2010-11,492
persistent_36,,,,83,fixed,2011-01,2000-12,2007-10,2010-12,498
persistent_36,,,,84,fixed,2011-02,2000-12,2007-11,2011-01,504
persistent_36,,,,85,fixed,2011-03,2000-12,2007-12,2011-02,510
persistent_36,,,,86,fixed,2011-04,2000-12,2008-01,2011-03,516
persistent_36,,,,87,fixed,2011-05,2000-12,2008-02,2011-04,522
persistent_36,,,,88,fixed,2011-06,2000-12,2008-03,2011-05,528
persistent_36,,,,89,fixed,2011-07,2000-12,2008-04,2011-06,534
persistent_36,,,,90,fixed,2011-08,2000-12,2008-05,2011-07,540
persistent_36,,,,91,fixed,2011-09,2000-12,2008-06,2011-08,546
persistent_36,,,,92,fixed,2011-10,2000-12,2008-07,2011-09,552
persistent_36,,,,93,fixed,2011-11,2000-12,2008-08,2011-10,558
persistent_36,,,,94,fixed,2011-12,2000-12,2008-09,2011-11,564
persistent_36,,,,95,fixed,2012-01,2000-12,2008-10,2011-12,570
persistent_36,,,,96,fixed,2012-02,2000-12,2008-11,2012-01,576
persistent_36,,,,97,fixed,2012-03,2000-12,2008-12,2012-02,582
persistent_36,,,,98,fixed,2012-04,2000-12,2009-01,2012-03,588
persistent_36,,,,99,fixed,2012-05,2000-12,2009-02,2012-04,594
persistent_36,,,,100,fixed,2012-06,2000-12,2009-03,2012-05,600
persistent_36,,,,101,fixed,2012-07,2000-12,2009-04,2012-06,606
persistent_36,,,,102,fixed,2012-08,2000-12,2009-05,2012-07,612
persistent_36,,,,103,fixed,2012-09,2000-12,2009-06,2012-08,618
persistent_36,,,,104,fixed,2012-10,2000-12,2009-07,2012-09,624
persistent_36,,,,105,fixed,2012-11,2000-12,2009-08,2012-10,630
persistent_36,,,,106,fixed,2012-12,2000-12,2009-09,2012-11,636
persistent_36,,,,107,fixed,2013-01,2000-12,2009-10,2012-12,642
persistent_36,,,,108,fixed,2013-02,2000-12,2009-11,2013-01,648
persistent_36,,,,109,fixed,2013-03,2000-12,2009-12,2013-02,654
persistent_36,,,,110,fixed,2013-04,2000-12,2010-01,2013-03,660
persistent_36,,,,111,fixed,2013-05,2000-12,2010-02,2013-04,666
persistent_36,,,,112,fixed,2013-06,2000-12,2010-03,2013-05,672
persistent_36,,,,113,fixed,2013-07,2000-12,2010-04,2013-06,678
persistent_36,,,,114,fixed,2013-08,2000-12,2010-05,2013-07,684
persistent_36,,,,115,fixed,2013-09,2000-12,2010-06,2013-08,690
persistent_36,,,,116,fixed,2013-10,2000-12,2010-07,2013-09,696
persistent_36,,,,117,fixed,2013-11,2000-12,2010-08,2013-10,702
persistent_36,,,,118,fixed,2013-12,2000-12,2010-09,2013-11,708
persistent_36,,,,119,fixed,2014-01,2000-12,2010-10,2013-12,714
persistent_36,,,,120,fixed,2014-02,2000-12,2010-11,2014-01,720
persistent_36,,,,121,fixed,2014-03,2000-12,2010-12,2014-02,726
persistent_36,,,,122,fixed,2014-04,2000-12,2011-01,2014-03,732
persistent_36,,,,123,fixed,2014-05,2000-12,2011-02,2014-04,738
persistent_36,,,,124,fixed,2014-06,2000-12,2011-03,2014-05,744
persistent_36,,,,125,fixed,2014-07,2000-12,2011-04,2014-06,750
persistent_36,,,,126,fixed,2014-08,2000-12,2011-05,2014-07,756
persistent_36,,,,127,fixed,2014-09,2000-12,2011-06,2014-08,762
persistent_36,,,,128,fixed,2014-10,2000-12,2011-07,2014-09,768
persistent_36,,,,129,fixed,2014-11,2000-12,2011-08,2014-10,774
persistent_36,,,,130,fixed,2014-12,2000-12,2011-09,2014-11,780
persistent_36,,,,131,fixed,2015-01,2000-12,2011-10,2014-12,786
persistent_36,,,,132,fixed,2015-02,2000-12,2011-11,2015-01,792
persistent_36,,,,133,fixed,2015-03,2000-12,2011-12,2015-02,798
persistent_36,,,,134,fixed,2015-04,2000-12,2012-01,2015-03,804
persistent_36,,,,135,fixed,2015-05,2000-12,2012-02,2015-04,810
persistent_36,,,,136,fixed,2015-06,2000-12,2012-03,2015-05,816
persistent_36,,,,137,fixed,2015-07,2000-12,2012-04,2015-06,822
persistent_36,,,,138,fixed,2015-08,2000-12,2012-05,2015-07,828
persistent_36,,,,139,fixed,2015-09,2000-12,2012-06,2015-08,834
persistent_36,,,,140,fixed,2015-10,2000-12,2012-07,2015-09,840
persistent_36,,,,141,fixed,2015-11,2000-12,2012-08,2015-10,846
persistent_36,,,,142,fixed,2015-12,2000-12,2012-09,2015-11,852
persistent_36,,,,143,fixed,2016-01,2000-12,2012-10,2015-12,858
persistent_36,,,,144,fixed,2016-02,2000-12,2012-11,2016-01,864
persistent_36,,,,145,fixed,2016-03,2000-12,2012-12,2016-02,870
persistent_36,,,,146,fixed,2016-04,2000-12,2013-01,2016-03,876
persistent_36,,,,147,fixed,2016-05,2000-12,2013-02,2016-04,882
persistent_36,,,,148,fixed,2016-06,2000-12,2013-03,2016-05,888
persistent_36,,,,149,fixed,2016-07,2000-12,2013-04,2016-06,894
persistent_36,,,,150,fixed,2016-08,2000-12,2013-05,2016-07,900
persistent_36,,,,151,fixed,2016-09,2000-12,2013-06,2016-08,906
persistent_36,,,,152,fixed,2016-10,2000-12,2013-07,2016-09,912
persistent_36,,,,153,fixed,2016-11,2000-12,2013-08,2016-10,918
persistent_36,,,,154,fixed,2016-12,2000-12,2013-09,2016-11,924
persistent_36,,,,155,fixed,2017-01,2000-12,2013-10,2016-12,930
persistent_36,,,,156,fixed,2017-02,2000-12,2013-11,2017-01,936
persistent_36,,,,157,fixed,2017-03,2000-12,2013-12,2017-02,942
persistent_36,,,,158,fixed,2017-04,2000-12,2014-01,2017-03,948
persistent_36,,,,159,fixed,2017-05,2000-12,2014-02,2017-04,954
persistent_36,,,,160,fixed,2017-06,2000-12,2014-03,2017-05,960
persistent_36,,,,161,fixed,2017-07,2000-12,2014-04,2017-06,966
persistent_36,,,,162,fixed,2017-08,2000-12,2014-05,2017-07,972
persistent_36,,,,163,fixed,2017-09,2000-12,2014-06,2017-08,978
persistent_36,,,,164,fixed,2017-10,2000-12,2014-07,2017-09,984
persistent_36,,,,165,fixed,2017-11,2000-12,2014-08,2017-10,990
persistent_36,,,,166,fixed,2017-12,2000-12,2014-09,2017-11,996
persistent_36,,,,167,fixed,2018-01,2000-12,2014-10,2017-12,1002
persistent_36,,,,168,fixed,2018-02,2000-12,2014-11,2018-01,1008
persistent_36,,,,169,fixed,2018-03,2000-12,2014-12,2018-02,1014
persistent_36,,,,170,fixed,2018-04,2000-12,2015-01,2018-03,1020
persistent_36,,,,171,fixed,2018-05,2000-12,2015-02,2018-04,1026
persistent_36,,,,172,fixed,2018-06,2000-12,2015-03,2018-05,1032
persistent_36,,,,173,fixed,2018-07,2000-12,2015-04,2018-06,1038
persistent_36,,,,174,fixed,2018-08,2000-12,2015-05,2018-07,1044
persistent_36,,,,175,fixed,2018-09,2000-12,2015-06,2018-08,1050
persistent_36,,,,176,fixed,2018-10,2000-12,2015-07,2018-09,1056
persistent_36,,,,177,fixed,2018-11,2000-12,2015-08,2018-10,1062
persistent_36,,,,178,fixed,2018-12,2000-12,2015-09,2018-11,1068
persistent_36,,,,179,fixed,2019-01,2000-12,2015-10,2018-12,1074
persistent_36,,,,180,fixed,2019-02,2000-12,2015-11,2019-01,1080
persistent_36,,,,181,fixed,2019-03,2000-12,2015-12,2019-02,1086
persistent_36,,,,182,fixed,2019-04,2000-12,2016-01,2019-03,1092
persistent_36,,,,183,fixed,2019-05,2000-12,2016-02,2019-04,1098
persistent_36,,,,184,fixed,2019-06,2000-12,2016-03,2019-05,1104
persistent_36,,,,185,fixed,2019-07,2000-12,2016-04,2019-06,1110
persistent_36,,,,186,fixed,2019-08,2000-12,2016-05,2019-07,1116
persistent_36,,,,187,fixed,2019-09,2000-12,2016-06,2019-08,1122
persistent_36,,,,188,fixed,2019-10,2000-12,2016-07,2019-09,1128
persistent_36,,,,189,fixed,2019-11,2000-12,2016-08,2019-10,1134
persistent_36,,,,190,fixed,2019-12,2000-12,2016-09,2019-11,1140
persistent_36,,,,191,fixed,2020-01,2000-12,2016-10,2019-12,1146
persistent_36,,,,192,fixed,2020-02,2000-12,2016-11,2020-01,1152
persistent_36,,,,193,fixed,2020-03,2000-12,2016-12,2020-02,1158
persistent_36,,,,194,fixed,2020-04,2000-12,2017-01,2020-03,1164
persistent_36,,,,195,fixed,2020-05,2000-12,2017-02,2020-04,1170
persistent_36,,,,196,fixed,2020-06,2000-12,2017-03,2020-05,1176
persistent_36,,,,197,fixed,2020-07,2000-12,2017-04,2020-06,1182
persistent_36,,,,198,fixed,2020-08,2000-12,2017-05,2020-07,1188
persistent_36,,,,199,fixed,2020-09,2000-12,2017-06,2020-08,1194
persistent_36,,,,200,fixed,2020-10,2000-12,2017-07,2020-09,1200
persistent_36,,,,201,fixed,2020-11,2000-12,2017-08,2020-10,1206
persistent_36,,,,202,fixed,2020-12,2000-12,2017-09,2020-11,1212
persistent_36,,,,203,fixed,2021-01,2000-12,2017-10,2020-12,1218
persistent_36,,,,204,fixed,2021-02,2000-12,2017-11,2021-01,1224
persistent_36,,,,205,fixed,2021-03,2000-12,2017-12,2021-02,1230
persistent_36,,,,206,fixed,2021-04,2000-12,2018-01,2021-03,1236
persistent_36,,,,207,fixed,2021-05,2000-12,2018-02,2021-04,1242
persistent_36,,,,208,fixed,2021-06,2000-12,2018-03,2021-05,1248
persistent_36,,,,209,fixed,2021-07,2000-12,2018-04,2021-06,1254
persistent_36,,,,210,fixed,2021-08,2000-12,2018-05,2021-07,1260
persistent_36,,,,211,fixed,2021-09,2000-12,2018-06,2021-08,1266
persistent_36,,,,212,fixed,2021-10,2000-12,2018-07,2021-09,1272
persistent_36,,,,213,fixed,2021-11,2000-12,2018-08,2021-10,1278
persistent_36,,,,214,fixed,2021-12,2000-12,2018-09,2021-11,1284
persistent_36,,,,215,fixed,2022-01,2000-12,2018-10,2021-12,1290
persistent_36,,,,216,fixed,2022-02,2000-12,2018-11,2022-01,1296
persistent_36,,,,217,fixed,2022-03,2000-12,2018-12,2022-02,1302
persistent_36,,,,218,fixed,2022-04,2000-12,2019-01,2022-03,1308
persistent_36,,,,219,fixed,2022-05,2000-12,2019-02,2022-04,1314
persistent_36,,,,220,fixed,2022-06,2000-12,2019-03,2022-05,1320
persistent_36,,,,221,fixed,2022-07,2000-12,2019-04,2022-06,1326
persistent_36,,,,222,fixed,2022-08,2000-12,2019-05,2022-07,1332
persistent_36,,,,223,fixed,2022-09,2000-12,2019-06,2022-08,1338
persistent_36,,,,224,fixed,2022-10,2000-12,2019-07,2022-09,1344
persistent_36,,,,225,fixed,2022-11,2000-12,2019-08,2022-10,1350
persistent_36,,,,226,fixed,2022-12,2000-12,2019-09,2022-11,1356
persistent_36,,,,227,fixed,2023-01,2000-12,2019-10,2022-12,1362
persistent_36,,,,228,fixed,2023-02,2000-12,2019-11,2023-01,1368
persistent_36,,,,229,fixed,2023-03,2000-12,2019-12,2023-02,1374
persistent_36,,,,230,fixed,2023-04,2000-12,2020-01,2023-03,1380
persistent_36,,,,231,fixed,2023-05,2000-12,2020-02,2023-04,1386
persistent_36,,,,232,fixed,2023-06,2000-12,2020-03,2023-05,1392
persistent_36,,,,233,fixed,2023-07,2000-12,2020-04,2023-06,1398
persistent_36,,,,234,fixed,2023-08,2000-12,2020-05,2023-07,1404
persistent_36,,,,235,fixed,2023-09,2000-12,2020-06,2023-08,1410
persistent_36,,,,236,fixed,2023-10,2000-12,2020-07,2023-09,1416
persistent_36,,,,237,fixed,2023-11,2000-12,2020-08,2023-10,1422
persistent_36,,,,238,fixed,2023-12,2000-12,2020-09,2023-11,1428
persistent_36,,,,239,fixed,2024-01,2000-12,2020-10,2023-12,1434
persistent_36,,,,240,fixed,2024-02,2000-12,2020-11,2024-01,1440
persistent_36,,,,241,fixed,2024-03,2000-12,2020-12,2024-02,1446
persistent_36,,,,242,fixed,2024-04,2000-12,2021-01,2024-03,1452
persistent_36,,,,243,fixed,2024-05,2000-12,2021-02,2024-04,1458
persistent_36,,,,244,fixed,2024-06,2000-12,2021-03,2024-05,1464
persistent_36,,,,245,fixed,2024-07,2000-12,2021-04,2024-06,1470
persistent_36,,,,246,fixed,2024-08,2000-12,2021-05,2024-07,1476
persistent_36,,,,247,fixed,2024-09,2000-12,2021-06,2024-08,1482
persistent_36,,,,248,fixed,2024-10,2000-12,2021-07,2024-09,1488
persistent_36,,,,249,fixed,2024-11,2000-12,2021-08,2024-10,1494
persistent_36,,,,250,fixed,2024-12,2000-12,2021-09,2024-11,1500
persistent_36,,,,251,fixed,2025-01,2000-12,2021-10,2024-12,1506
persistent_36,,,,252,fixed,2025-02,2000-12,2021-11,2025-01,1512
persistent_36,,,,253,fixed,2025-03,2000-12,2021-12,2025-02,1518
persistent_36,,,,254,fixed,2025-04,2000-12,2022-01,2025-03,1524
persistent_36,,,,255,fixed,2025-05,2000-12,2022-02,2025-04,1530
persistent_36,,,,256,fixed,2025-06,2000-12,2022-03,2025-05,1536
persistent_36,,,,257,fixed,2025-07,2000-12,2022-04,2025-06,1542
persistent_36,,,,258,fixed,2025-08,2000-12,2022-05,2025-07,1548
persistent_36,,,,259,fixed,2025-09,2000-12,2022-06,2025-08,1554
persistent_36,,,,260,fixed,2025-10,2000-12,2022-07,2025-09,1560
persistent_36,,,,261,fixed,2025-11,2000-12,2022-08,2025-10,1566
persistent_36,,,,262,fixed,2025-12,2000-12,2022-09,2025-11,1572
persistent_36,,,,263,fixed,2026-01,2000-12,2022-10,2025-12,1578
persistent_36,,,,264,fixed,2026-02,2000-12,2022-11,2026-01,1584
persistent_36,,,,265,fixed,2026-03,2000-12,2022-12,2026-02,1590
persistent_36,,,,266,fixed,2026-04,2000-12,2023-01,2026-03,1596
persistent_36,,,,267,fixed,2026-05,2000-12,2023-02,2026-04,1602
persistent_36,,,,268,fixed,2026-06,2000-12,2023-03,2026-05,1608
persistent_36,,,,269,fixed,2026-07,2000-12,2023-04,2026-06,1614
persistent_36,,,,270,fixed,2026-08,2000-12,2023-05,2026-07,1620
persistent_36,,,,60,dynamic,2009-02,2000-12,2005-11,2009-01,360
persistent_36,,,,61,dynamic,2009-03,2000-12,2005-12,2009-02,366
persistent_36,,,,62,dynamic,2009-04,2000-12,2006-01,2009-03,372
persistent_36,,,,63,dynamic,2009-05,2000-12,2006-02,2009-04,378
persistent_36,,,,64,dynamic,2009-06,2000-12,2006-03,2009-05,384
persistent_36,,,,65,dynamic,2009-07,2000-12,2006-04,2009-06,390
persistent_36,,,,66,dynamic,2009-08,2000-12,2006-05,2009-07,396
persistent_36,,,,67,dynamic,2009-09,2000-12,2006-06,2009-08,402
persistent_36,,,,68,dynamic,2009-10,2000-12,2006-07,2009-09,408
persistent_36,,,,69,dynamic,2009-11,2000-12,2006-08,2009-10,414
persistent_36,,,,70,dynamic,2009-12,2000-12,2006-09,2009-11,420
persistent_36,,,,71,dynamic,2010-01,2000-12,2006-10,2009-12,426
persistent_36,,,,72,dynamic,2010-02,2000-12,2006-11,2010-01,432
persistent_36,,,,73,dynamic,2010-03,2000-12,2006-12,2010-02,438
persistent_36,,,,74,dynamic,2010-04,2000-12,2007-01,2010-03,444
persistent_36,,,,75,dynamic,2010-05,2000-12,2007-02,2010-04,450
persistent_36,,,,76,dynamic,2010-06,2000-12,2007-03,2010-05,456
persistent_36,,,,77,dynamic,2010-07,2000-12,2007-04,2010-06,462
persistent_36,,,,78,dynamic,2010-08,2000-12,2007-05,2010-07,468
persistent_36,,,,79,dynamic,2010-09,2000-12,2007-06,2010-08,474
persistent_36,,,,80,dynamic,2010-10,2000-12,2007-07,2010-09,480
persistent_36,,,,81,dynamic,2010-11,2000-12,2007-08,2010-10,486
persistent_36,,,,82,dynamic,2010-12,2000-12,2007-09,2010-11,492
persistent_36,,,,83,dynamic,2011-01,2000-12,2007-10,2010-12,498
persistent_36,,,,84,dynamic,2011-02,2000-12,2007-11,2011-01,504
persistent_36,,,,85,dynamic,2011-03,2000-12,2007-12,2011-02,510
persistent_36,,,,86,dynamic,2011-04,2000-12,2008-01,2011-03,516
persistent_36,,,,87,dynamic,2011-05,2000-12,2008-02,2011-04,522
persistent_36,,,,88,dynamic,2011-06,2000-12,2008-03,2011-05,528
persistent_36,,,,89,dynamic,2011-07,2000-12,2008-04,2011-06,534
persistent_36,,,,90,dynamic,2011-08,2000-12,2008-05,2011-07,540
persistent_36,,,,91,dynamic,2011-09,2000-12,2008-06,2011-08,546
persistent_36,,,,92,dynamic,2011-10,2000-12,2008-07,2011-09,552
persistent_36,,,,93,dynamic,2011-11,2000-12,2008-08,2011-10,558
persistent_36,,,,94,dynamic,2011-12,2000-12,2008-09,2011-11,564
persistent_36,,,,95,dynamic,2012-01,2000-12,2008-10,2011-12,570
persistent_36,,,,96,dynamic,2012-02,2000-12,2008-11,2012-01,576
persistent_36,,,,97,dynamic,2012-03,2000-12,2008-12,2012-02,582
persistent_36,,,,98,dynamic,2012-04,2000-12,2009-01,2012-03,588
persistent_36,,,,99,dynamic,2012-05,2000-12,2009-02,2012-04,594
persistent_36,,,,100,dynamic,2012-06,2000-12,2009-03,2012-05,600
persistent_36,,,,101,dynamic,2012-07,2000-12,2009-04,2012-06,606
persistent_36,,,,102,dynamic,2012-08,2000-12,2009-05,2012-07,612
persistent_36,,,,103,dynamic,2012-09,2000-12,2009-06,2012-08,618
persistent_36,,,,104,dynamic,2012-10,2000-12,2009-07,2012-09,624
persistent_36,,,,105,dynamic,2012-11,2000-12,2009-08,2012-10,630
persistent_36,,,,106,dynamic,2012-12,2000-12,2009-09,2012-11,636
persistent_36,,,,107,dynamic,2013-01,2000-12,2009-10,2012-12,642
persistent_36,,,,108,dynamic,2013-02,2000-12,2009-11,2013-01,648
persistent_36,,,,109,dynamic,2013-03,2000-12,2009-12,2013-02,654
persistent_36,,,,110,dynamic,2013-04,2000-12,2010-01,2013-03,660
persistent_36,,,,111,dynamic,2013-05,2000-12,2010-02,2013-04,666
persistent_36,,,,112,dynamic,2013-06,2000-12,2010-03,2013-05,672
persistent_36,,,,113,dynamic,2013-07,2000-12,2010-04,2013-06,678
persistent_36,,,,114,dynamic,2013-08,2000-12,2010-05,2013-07,684
persistent_36,,,,115,dynamic,2013-09,2000-12,2010-06,2013-08,690
persistent_36,,,,116,dynamic,2013-10,2000-12,2010-07,2013-09,696
persistent_36,,,,117,dynamic,2013-11,2000-12,2010-08,2013-10,702
persistent_36,,,,118,dynamic,2013-12,2000-12,2010-09,2013-11,708
persistent_36,,,,119,dynamic,2014-01,2000-12,2010-10,2013-12,714
persistent_36,,,,120,dynamic,2014-02,2000-12,2010-11,2014-01,720
persistent_36,,,,121,dynamic,2014-03,2000-12,2010-12,2014-02,726
persistent_36,,,,122,dynamic,2014-04,2000-12,2011-01,2014-03,732
persistent_36,,,,123,dynamic,2014-05,2000-12,2011-02,2014-04,738
persistent_36,,,,124,dynamic,2014-06,2000-12,2011-03,2014-05,744
persistent_36,,,,125,dynamic,2014-07,2000-12,2011-04,2014-06,750
persistent_36,,,,126,dynamic,2014-08,2000-12,2011-05,2014-07,756
persistent_36,,,,127,dynamic,2014-09,2000-12,2011-06,2014-08,762
persistent_36,,,,128,dynamic,2014-10,2000-12,2011-07,2014-09,768
persistent_36,,,,129,dynamic,2014-11,2000-12,2011-08,2014-10,774
persistent_36,,,,130,dynamic,2014-12,2000-12,2011-09,2014-11,780
persistent_36,,,,131,dynamic,2015-01,2000-12,2011-10,2014-12,786
persistent_36,,,,132,dynamic,2015-02,2000-12,2011-11,2015-01,792
persistent_36,,,,133,dynamic,2015-03,2000-12,2011-12,2015-02,798
persistent_36,,,,134,dynamic,2015-04,2000-12,2012-01,2015-03,804
persistent_36,,,,135,dynamic,2015-05,2000-12,2012-02,2015-04,810
persistent_36,,,,136,dynamic,2015-06,2000-12,2012-03,2015-05,816
persistent_36,,,,137,dynamic,2015-07,2000-12,2012-04,2015-06,822
persistent_36,,,,138,dynamic,2015-08,2000-12,2012-05,2015-07,828
persistent_36,,,,139,dynamic,2015-09,2000-12,2012-06,2015-08,834
persistent_36,,,,140,dynamic,2015-10,2000-12,2012-07,2015-09,840
persistent_36,,,,141,dynamic,2015-11,2000-12,2012-08,2015-10,846
persistent_36,,,,142,dynamic,2015-12,2000-12,2012-09,2015-11,852
persistent_36,,,,143,dynamic,2016-01,2000-12,2012-10,2015-12,858
persistent_36,,,,144,dynamic,2016-02,2000-12,2012-11,2016-01,864
persistent_36,,,,145,dynamic,2016-03,2000-12,2012-12,2016-02,870
persistent_36,,,,146,dynamic,2016-04,2000-12,2013-01,2016-03,876
persistent_36,,,,147,dynamic,2016-05,2000-12,2013-02,2016-04,882
persistent_36,,,,148,dynamic,2016-06,2000-12,2013-03,2016-05,888
persistent_36,,,,149,dynamic,2016-07,2000-12,2013-04,2016-06,894
persistent_36,,,,150,dynamic,2016-08,2000-12,2013-05,2016-07,900
persistent_36,,,,151,dynamic,2016-09,2000-12,2013-06,2016-08,906
persistent_36,,,,152,dynamic,2016-10,2000-12,2013-07,2016-09,912
persistent_36,,,,153,dynamic,2016-11,2000-12,2013-08,2016-10,918
persistent_36,,,,154,dynamic,2016-12,2000-12,2013-09,2016-11,924
persistent_36,,,,155,dynamic,2017-01,2000-12,2013-10,2016-12,930
persistent_36,,,,156,dynamic,2017-02,2000-12,2013-11,2017-01,936
persistent_36,,,,157,dynamic,2017-03,2000-12,2013-12,2017-02,942
persistent_36,,,,158,dynamic,2017-04,2000-12,2014-01,2017-03,948
persistent_36,,,,159,dynamic,2017-05,2000-12,2014-02,2017-04,954
persistent_36,,,,160,dynamic,2017-06,2000-12,2014-03,2017-05,960
persistent_36,,,,161,dynamic,2017-07,2000-12,2014-04,2017-06,966
persistent_36,,,,162,dynamic,2017-08,2000-12,2014-05,2017-07,972
persistent_36,,,,163,dynamic,2017-09,2000-12,2014-06,2017-08,978
persistent_36,,,,164,dynamic,2017-10,2000-12,2014-07,2017-09,984
persistent_36,,,,165,dynamic,2017-11,2000-12,2014-08,2017-10,990
persistent_36,,,,166,dynamic,2017-12,2000-12,2014-09,2017-11,996
persistent_36,,,,167,dynamic,2018-01,2000-12,2014-10,2017-12,1002
persistent_36,,,,168,dynamic,2018-02,2000-12,2014-11,2018-01,1008
persistent_36,,,,169,dynamic,2018-03,2000-12,2014-12,2018-02,1014
persistent_36,,,,170,dynamic,2018-04,2000-12,2015-01,2018-03,1020
persistent_36,,,,171,dynamic,2018-05,2000-12,2015-02,2018-04,1026
persistent_36,,,,172,dynamic,2018-06,2000-12,2015-03,2018-05,1032
persistent_36,,,,173,dynamic,2018-07,2000-12,2015-04,2018-06,1038
persistent_36,,,,174,dynamic,2018-08,2000-12,2015-05,2018-07,1044
persistent_36,,,,175,dynamic,2018-09,2000-12,2015-06,2018-08,1050
persistent_36,,,,176,dynamic,2018-10,2000-12,2015-07,2018-09,1056
persistent_36,,,,177,dynamic,2018-11,2000-12,2015-08,2018-10,1062
persistent_36,,,,178,dynamic,2018-12,2000-12,2015-09,2018-11,1068
persistent_36,,,,179,dynamic,2019-01,2000-12,2015-10,2018-12,1074
persistent_36,,,,180,dynamic,2019-02,2000-12,2015-11,2019-01,1080
persistent_36,,,,181,dynamic,2019-03,2000-12,2015-12,2019-02,1086
persistent_36,,,,182,dynamic,2019-04,2000-12,2016-01,2019-03,1092
persistent_36,,,,183,dynamic,2019-05,2000-12,2016-02,2019-04,1098
persistent_36,,,,184,dynamic,2019-06,2000-12,2016-03,2019-05,1104
persistent_36,,,,185,dynamic,2019-07,2000-12,2016-04,2019-06,1110
persistent_36,,,,186,dynamic,2019-08,2000-12,2016-05,2019-07,1116
persistent_36,,,,187,dynamic,2019-09,2000-12,2016-06,2019-08,1122
persistent_36,,,,188,dynamic,2019-10,2000-12,2016-07,2019-09,1128
persistent_36,,,,189,dynamic,2019-11,2000-12,2016-08,2019-10,1134
persistent_36,,,,190,dynamic,2019-12,2000-12,2016-09,2019-11,1140
persistent_36,,,,191,dynamic,2020-01,2000-12,2016-10,2019-12,1146
persistent_36,,,,192,dynamic,2020-02,2000-12,2016-11,2020-01,1152
persistent_36,,,,193,dynamic,2020-03,2000-12,2016-12,2020-02,1158
persistent_36,,,,194,dynamic,2020-04,2000-12,2017-01,2020-03,1164
persistent_36,,,,195,dynamic,2020-05,2000-12,2017-02,2020-04,1170
persistent_36,,,,196,dynamic,2020-06,2000-12,2017-03,2020-05,1176
persistent_36,,,,197,dynamic,2020-07,2000-12,2017-04,2020-06,1182
persistent_36,,,,198,dynamic,2020-08,2000-12,2017-05,2020-07,1188
persistent_36,,,,199,dynamic,2020-09,2000-12,2017-06,2020-08,1194
persistent_36,,,,200,dynamic,2020-10,2000-12,2017-07,2020-09,1200
persistent_36,,,,201,dynamic,2020-11,2000-12,2017-08,2020-10,1206
persistent_36,,,,202,dynamic,2020-12,2000-12,2017-09,2020-11,1212
persistent_36,,,,203,dynamic,2021-01,2000-12,2017-10,2020-12,1218
persistent_36,,,,204,dynamic,2021-02,2000-12,2017-11,2021-01,1224
persistent_36,,,,205,dynamic,2021-03,2000-12,2017-12,2021-02,1230
persistent_36,,,,206,dynamic,2021-04,2000-12,2018-01,2021-03,1236
persistent_36,,,,207,dynamic,2021-05,2000-12,2018-02,2021-04,1242
persistent_36,,,,208,dynamic,2021-06,2000-12,2018-03,2021-05,1248
persistent_36,,,,209,dynamic,2021-07,2000-12,2018-04,2021-06,1254
persistent_36,,,,210,dynamic,2021-08,2000-12,2018-05,2021-07,1260
persistent_36,,,,211,dynamic,2021-09,2000-12,2018-06,2021-08,1266
persistent_36,,,,212,dynamic,2021-10,2000-12,2018-07,2021-09,1272
persistent_36,,,,213,dynamic,2021-11,2000-12,2018-08,2021-10,1278
persistent_36,,,,214,dynamic,2021-12,2000-12,2018-09,2021-11,1284
persistent_36,,,,215,dynamic,2022-01,2000-12,2018-10,2021-12,1290
persistent_36,,,,216,dynamic,2022-02,2000-12,2018-11,2022-01,1296
persistent_36,,,,217,dynamic,2022-03,2000-12,2018-12,2022-02,1302
persistent_36,,,,218,dynamic,2022-04,2000-12,2019-01,2022-03,1308
persistent_36,,,,219,dynamic,2022-05,2000-12,2019-02,2022-04,1314
persistent_36,,,,220,dynamic,2022-06,2000-12,2019-03,2022-05,1320
persistent_36,,,,221,dynamic,2022-07,2000-12,2019-04,2022-06,1326
persistent_36,,,,222,dynamic,2022-08,2000-12,2019-05,2022-07,1332
persistent_36,,,,223,dynamic,2022-09,2000-12,2019-06,2022-08,1338
persistent_36,,,,224,dynamic,2022-10,2000-12,2019-07,2022-09,1344
persistent_36,,,,225,dynamic,2022-11,2000-12,2019-08,2022-10,1350
persistent_36,,,,226,dynamic,2022-12,2000-12,2019-09,2022-11,1356
persistent_36,,,,227,dynamic,2023-01,2000-12,2019-10,2022-12,1362
persistent_36,,,,228,dynamic,2023-02,2000-12,2019-11,2023-01,1368
persistent_36,,,,229,dynamic,2023-03,2000-12,2019-12,2023-02,1374
persistent_36,,,,230,dynamic,2023-04,2000-12,2020-01,2023-03,1380
persistent_36,,,,231,dynamic,2023-05,2000-12,2020-02,2023-04,1386
persistent_36,,,,232,dynamic,2023-06,2000-12,2020-03,2023-05,1392
persistent_36,,,,233,dynamic,2023-07,2000-12,2020-04,2023-06,1398
persistent_36,,,,234,dynamic,2023-08,2000-12,2020-05,2023-07,1404
persistent_36,,,,235,dynamic,2023-09,2000-12,2020-06,2023-08,1410
persistent_36,,,,236,dynamic,2023-10,2000-12,2020-07,2023-09,1416
persistent_36,,,,237,dynamic,2023-11,2000-12,2020-08,2023-10,1422
persistent_36,,,,238,dynamic,2023-12,2000-12,2020-09,2023-11,1428
persistent_36,,,,239,dynamic,2024-01,2000-12,2020-10,2023-12,1434
persistent_36,,,,240,dynamic,2024-02,2000-12,2020-11,2024-01,1440
persistent_36,,,,241,dynamic,2024-03,2000-12,2020-12,2024-02,1446
persistent_36,,,,242,dynamic,2024-04,2000-12,2021-01,2024-03,1452
persistent_36,,,,243,dynamic,2024-05,2000-12,2021-02,2024-04,1458
persistent_36,,,,244,dynamic,2024-06,2000-12,2021-03,2024-05,1464
persistent_36,,,,245,dynamic,2024-07,2000-12,2021-04,2024-06,1470
persistent_36,,,,246,dynamic,2024-08,2000-12,2021-05,2024-07,1476
persistent_36,,,,247,dynamic,2024-09,2000-12,2021-06,2024-08,1482
persistent_36,,,,248,dynamic,2024-10,2000-12,2021-07,2024-09,1488
persistent_36,,,,249,dynamic,2024-11,2000-12,2021-08,2024-10,1494
persistent_36,,,,250,dynamic,2024-12,2000-12,2021-09,2024-11,1500
persistent_36,,,,251,dynamic,2025-01,2000-12,2021-10,2024-12,1506
persistent_36,,,,252,dynamic,2025-02,2000-12,2021-11,2025-01,1512
persistent_36,,,,253,dynamic,2025-03,2000-12,2021-12,2025-02,1518
persistent_36,,,,254,dynamic,2025-04,2000-12,2022-01,2025-03,1524
persistent_36,,,,255,dynamic,2025-05,2000-12,2022-02,2025-04,1530
persistent_36,,,,256,dynamic,2025-06,2000-12,2022-03,2025-05,1536
persistent_36,,,,257,dynamic,2025-07,2000-12,2022-04,2025-06,1542
persistent_36,,,,258,dynamic,2025-08,2000-12,2022-05,2025-07,1548
persistent_36,,,,259,dynamic,2025-09,2000-12,2022-06,2025-08,1554
persistent_36,,,,260,dynamic,2025-10,2000-12,2022-07,2025-09,1560
persistent_36,,,,261,dynamic,2025-11,2000-12,2022-08,2025-10,1566
persistent_36,,,,262,dynamic,2025-12,2000-12,2022-09,2025-11,1572
persistent_36,,,,263,dynamic,2026-01,2000-12,2022-10,2025-12,1578
persistent_36,,,,264,dynamic,2026-02,2000-12,2022-11,2026-01,1584
persistent_36,,,,265,dynamic,2026-03,2000-12,2022-12,2026-02,1590
persistent_36,,,,266,dynamic,2026-04,2000-12,2023-01,2026-03,1596
persistent_36,,,,267,dynamic,2026-05,2000-12,2023-02,2026-04,1602
persistent_36,,,,268,dynamic,2026-06,2000-12,2023-03,2026-05,1608
persistent_36,,,,269,dynamic,2026-07,2000-12,2023-04,2026-06,1614
persistent_36,,,,270,dynamic,2026-08,2000-12,2023-05,2026-07,1620
persistent_36,,,,60,annual,2016-03,2008-01,2012-12,2016-02,360
persistent_36,,,,61,annual,2016-04,2008-01,2013-01,2016-03,366
persistent_36,,,,62,annual,2016-05,2008-01,2013-02,2016-04,372
persistent_36,,,,63,annual,2016-06,2008-01,2013-03,2016-05,378
persistent_36,,,,64,annual,2016-07,2008-01,2013-04,2016-06,384
persistent_36,,,,65,annual,2016-08,2008-01,2013-05,2016-07,390
persistent_36,,,,66,annual,2016-09,2008-01,2013-06,2016-08,396
persistent_36,,,,67,annual,2016-10,2008-01,2013-07,2016-09,402
persistent_36,,,,68,annual,2016-11,2008-01,2013-08,2016-10,408
persistent_36,,,,69,annual,2016-12,2008-01,2013-09,2016-11,414
persistent_36,,,,70,annual,2017-01,2008-01,2013-10,2016-12,420
persistent_36,,,,71,annual,2017-02,2008-01,2013-11,2017-01,426
persistent_36,,,,72,annual,2017-03,2008-01,2013-12,2017-02,432
persistent_36,,,,73,annual,2017-04,2008-01,2014-01,2017-03,438
persistent_36,,,,74,annual,2017-05,2008-01,2014-02,2017-04,444
persistent_36,,,,75,annual,2017-06,2008-01,2014-03,2017-05,450
persistent_36,,,,76,annual,2017-07,2008-01,2014-04,2017-06,456
persistent_36,,,,77,annual,2017-08,2008-01,2014-05,2017-07,462
persistent_36,,,,78,annual,2017-09,2008-01,2014-06,2017-08,468
persistent_36,,,,79,annual,2017-10,2008-01,2014-07,2017-09,474
persistent_36,,,,80,annual,2017-11,2008-01,2014-08,2017-10,480
persistent_36,,,,81,annual,2017-12,2008-01,2014-09,2017-11,486
persistent_36,,,,82,annual,2018-01,2008-01,2014-10,2017-12,492
persistent_36,,,,83,annual,2018-02,2008-01,2014-11,2018-01,498
persistent_36,,,,84,annual,2018-03,2008-01,2014-12,2018-02,504
persistent_36,,,,85,annual,2018-04,2008-01,2015-01,2018-03,510
persistent_36,,,,86,annual,2018-05,2008-01,2015-02,2018-04,516
persistent_36,,,,87,annual,2018-06,2008-01,2015-03,2018-05,522
persistent_36,,,,88,annual,2018-07,2008-01,2015-04,2018-06,528
persistent_36,,,,89,annual,2018-08,2008-01,2015-05,2018-07,534
persistent_36,,,,90,annual,2018-09,2008-01,2015-06,2018-08,540
persistent_36,,,,91,annual,2018-10,2008-01,2015-07,2018-09,546
persistent_36,,,,92,annual,2018-11,2008-01,2015-08,2018-10,552
persistent_36,,,,93,annual,2018-12,2008-01,2015-09,2018-11,558
persistent_36,,,,94,annual,2019-01,2008-01,2015-10,2018-12,564
persistent_36,,,,95,annual,2019-02,2008-01,2015-11,2019-01,570
persistent_36,,,,96,annual,2019-03,2008-01,2015-12,2019-02,576
persistent_36,,,,97,annual,2019-04,2008-01,2016-01,2019-03,582
persistent_36,,,,98,annual,2019-05,2008-01,2016-02,2019-04,588
persistent_36,,,,99,annual,2019-06,2008-01,2016-03,2019-05,594
persistent_36,,,,100,annual,2019-07,2008-01,2016-04,2019-06,600
persistent_36,,,,101,annual,2019-08,2008-01,2016-05,2019-07,606
persistent_36,,,,102,annual,2019-09,2008-01,2016-06,2019-08,612
persistent_36,,,,103,annual,2019-10,2008-01,2016-07,2019-09,618
persistent_36,,,,104,annual,2019-11,2008-01,2016-08,2019-10,624
persistent_36,,,,105,annual,2019-12,2008-01,2016-09,2019-11,630
persistent_36,,,,106,annual,2020-01,2008-01,2016-10,2019-12,636
persistent_36,,,,107,annual,2020-02,2008-01,2016-11,2020-01,642
persistent_36,,,,108,annual,2020-03,2008-01,2016-12,2020-02,648
persistent_36,,,,109,annual,2020-04,2008-01,2017-01,2020-03,654
persistent_36,,,,110,annual,2020-05,2008-01,2017-02,2020-04,660
persistent_36,,,,111,annual,2020-06,2008-01,2017-03,2020-05,666
persistent_36,,,,112,annual,2020-07,2008-01,2017-04,2020-06,672
persistent_36,,,,113,annual,2020-08,2008-01,2017-05,2020-07,678
persistent_36,,,,114,annual,2020-09,2008-01,2017-06,2020-08,684
persistent_36,,,,115,annual,2020-10,2008-01,2017-07,2020-09,690
persistent_36,,,,116,annual,2020-11,2008-01,2017-08,2020-10,696
persistent_36,,,,117,annual,2020-12,2008-01,2017-09,2020-11,702
persistent_36,,,,118,annual,2021-01,2008-01,2017-10,2020-12,708
persistent_36,,,,119,annual,2021-02,2008-01,2017-11,2021-01,714
persistent_36,,,,120,annual,2021-03,2008-01,2017-12,2021-02,720
persistent_36,,,,121,annual,2021-04,2008-01,2018-01,2021-03,726
persistent_36,,,,122,annual,2021-05,2008-01,2018-02,2021-04,732
persistent_36,,,,123,annual,2021-06,2008-01,2018-03,2021-05,738
persistent_36,,,,124,annual,2021-07,2008-01,2018-04,2021-06,744
persistent_36,,,,125,annual,2021-08,2008-01,2018-05,2021-07,750
persistent_36,,,,126,annual,2021-09,2008-01,2018-06,2021-08,756
persistent_36,,,,127,annual,2021-10,2008-01,2018-07,2021-09,762
persistent_36,,,,128,annual,2021-11,2008-01,2018-08,2021-10,768
persistent_36,,,,129,annual,2021-12,2008-01,2018-09,2021-11,774
persistent_36,,,,130,annual,2022-01,2008-01,2018-10,2021-12,780
persistent_36,,,,131,annual,2022-02,2008-01,2018-11,2022-01,786
persistent_36,,,,132,annual,2022-03,2008-01,2018-12,2022-02,792
persistent_36,,,,133,annual,2022-04,2008-01,2019-01,2022-03,798
persistent_36,,,,134,annual,2022-05,2008-01,2019-02,2022-04,804
persistent_36,,,,135,annual,2022-06,2008-01,2019-03,2022-05,810
persistent_36,,,,136,annual,2022-07,2008-01,2019-04,2022-06,816
persistent_36,,,,137,annual,2022-08,2008-01,2019-05,2022-07,822
persistent_36,,,,138,annual,2022-09,2008-01,2019-06,2022-08,828
persistent_36,,,,139,annual,2022-10,2008-01,2019-07,2022-09,834
persistent_36,,,,140,annual,2022-11,2008-01,2019-08,2022-10,840
persistent_36,,,,141,annual,2022-12,2008-01,2019-09,2022-11,846
persistent_36,,,,142,annual,2023-01,2008-01,2019-10,2022-12,852
persistent_36,,,,143,annual,2023-02,2008-01,2019-11,2023-01,858
persistent_36,,,,144,annual,2023-03,2008-01,2019-12,2023-02,864
persistent_36,,,,145,annual,2023-04,2008-01,2020-01,2023-03,870
persistent_36,,,,146,annual,2023-05,2008-01,2020-02,2023-04,876
persistent_36,,,,147,annual,2023-06,2008-01,2020-03,2023-05,882
persistent_36,,,,148,annual,2023-07,2008-01,2020-04,2023-06,888
persistent_36,,,,149,annual,2023-08,2008-01,2020-05,2023-07,894
persistent_36,,,,150,annual,2023-09,2008-01,2020-06,2023-08,900
persistent_36,,,,151,annual,2023-10,2008-01,2020-07,2023-09,906
persistent_36,,,,152,annual,2023-11,2008-01,2020-08,2023-10,912
persistent_36,,,,153,annual,2023-12,2008-01,2020-09,2023-11,918
persistent_36,,,,154,annual,2024-01,2008-01,2020-10,2023-12,924
persistent_36,,,,155,annual,2024-02,2008-01,2020-11,2024-01,930
persistent_36,,,,156,annual,2024-03,2008-01,2020-12,2024-02,936
persistent_36,,,,157,annual,2024-04,2008-01,2021-01,2024-03,942
persistent_36,,,,158,annual,2024-05,2008-01,2021-02,2024-04,948
persistent_36,,,,159,annual,2024-06,2008-01,2021-03,2024-05,954
persistent_36,,,,160,annual,2024-07,2008-01,2021-04,2024-06,960
persistent_36,,,,161,annual,2024-08,2008-01,2021-05,2024-07,966
persistent_36,,,,162,annual,2024-09,2008-01,2021-06,2024-08,972
persistent_36,,,,163,annual,2024-10,2008-01,2021-07,2024-09,978
persistent_36,,,,164,annual,2024-11,2008-01,2021-08,2024-10,984
persistent_36,,,,165,annual,2024-12,2008-01,2021-09,2024-11,990
persistent_36,,,,166,annual,2025-01,2008-01,2021-10,2024-12,996
persistent_36,,,,167,annual,2025-02,2008-01,2021-11,2025-01,1002
persistent_36,,,,168,annual,2025-03,2008-01,2021-12,2025-02,1008
persistent_36,,,,169,annual,2025-04,2008-01,2022-01,2025-03,1014
persistent_36,,,,170,annual,2025-05,2008-01,2022-02,2025-04,1020
persistent_36,,,,171,annual,2025-06,2008-01,2022-03,2025-05,1026
persistent_36,,,,172,annual,2025-07,2008-01,2022-04,2025-06,1032
persistent_36,,,,173,annual,2025-08,2008-01,2022-05,2025-07,1038
persistent_36,,,,174,annual,2025-09,2008-01,2022-06,2025-08,1044
persistent_36,,,,175,annual,2025-10,2008-01,2022-07,2025-09,1050
persistent_36,,,,176,annual,2025-11,2008-01,2022-08,2025-10,1056
persistent_36,,,,177,annual,2025-12,2008-01,2022-09,2025-11,1062
persistent_36,,,,178,annual,2026-01,2008-01,2022-10,2025-12,1068
persistent_36,,,,179,annual,2026-02,2008-01,2022-11,2026-01,1074
persistent_36,,,,180,annual,2026-03,2008-01,2022-12,2026-02,1080
persistent_36,,,,181,annual,2026-04,2008-01,2023-01,2026-03,1086
persistent_36,,,,182,annual,2026-05,2008-01,2023-02,2026-04,1092
persistent_36,,,,183,annual,2026-06,2008-01,2023-03,2026-05,1098
persistent_36,,,,184,annual,2026-07,2008-01,2023-04,2026-06,1104
persistent_36,,,,185,annual,2026-08,2008-01,2023-05,2026-07,1110
persistent_36,,,,60,structure,2019-03,2011-01,2015-12,2019-02,360
persistent_36,,,,61,structure,2019-04,2011-01,2016-01,2019-03,366
persistent_36,,,,62,structure,2019-05,2011-01,2016-02,2019-04,372
persistent_36,,,,63,structure,2019-06,2011-01,2016-03,2019-05,378
persistent_36,,,,64,structure,2019-07,2011-01,2016-04,2019-06,384
persistent_36,,,,65,structure,2019-08,2011-01,2016-05,2019-07,390
persistent_36,,,,66,structure,2019-09,2011-01,2016-06,2019-08,396
persistent_36,,,,67,structure,2019-10,2011-01,2016-07,2019-09,402
persistent_36,,,,68,structure,2019-11,2011-01,2016-08,2019-10,408
persistent_36,,,,69,structure,2019-12,2011-01,2016-09,2019-11,414
persistent_36,,,,70,structure,2020-01,2011-01,2016-10,2019-12,420
persistent_36,,,,71,structure,2020-02,2011-01,2016-11,2020-01,426
persistent_36,,,,72,structure,2020-03,2011-01,2016-12,2020-02,432
persistent_36,,,,73,structure,2020-04,2011-01,2017-01,2020-03,438
persistent_36,,,,74,structure,2020-05,2011-01,2017-02,2020-04,444
persistent_36,,,,75,structure,2020-06,2011-01,2017-03,2020-05,450
persistent_36,,,,76,structure,2020-07,2011-01,2017-04,2020-06,456
persistent_36,,,,77,structure,2020-08,2011-01,2017-05,2020-07,462
persistent_36,,,,78,structure,2020-09,2011-01,2017-06,2020-08,468
persistent_36,,,,79,structure,2020-10,2011-01,2017-07,2020-09,474
persistent_36,,,,80,structure,2020-11,2011-01,2017-08,2020-10,480
persistent_36,,,,81,structure,2020-12,2011-01,2017-09,2020-11,486
persistent_36,,,,82,structure,2021-01,2011-01,2017-10,2020-12,492
persistent_36,,,,83,structure,2021-02,2011-01,2017-11,2021-01,498
persistent_36,,,,84,structure,2021-03,2011-01,2017-12,2021-02,504
persistent_36,,,,85,structure,2021-04,2011-01,2018-01,2021-03,510
persistent_36,,,,86,structure,2021-05,2011-01,2018-02,2021-04,516
persistent_36,,,,87,structure,2021-06,2011-01,2018-03,2021-05,522
persistent_36,,,,88,structure,2021-07,2011-01,2018-04,2021-06,528
persistent_36,,,,89,structure,2021-08,2011-01,2018-05,2021-07,534
persistent_36,,,,90,structure,2021-09,2011-01,2018-06,2021-08,540
persistent_36,,,,91,structure,2021-10,2011-01,2018-07,2021-09,546
persistent_36,,,,92,structure,2021-11,2011-01,2018-08,2021-10,552
persistent_36,,,,93,structure,2021-12,2011-01,2018-09,2021-11,558
persistent_36,,,,94,structure,2022-01,2011-01,2018-10,2021-12,564
persistent_36,,,,95,structure,2022-02,2011-01,2018-11,2022-01,570
persistent_36,,,,96,structure,2022-03,2011-01,2018-12,2022-02,576
persistent_36,,,,97,structure,2022-04,2011-01,2019-01,2022-03,582
persistent_36,,,,98,structure,2022-05,2011-01,2019-02,2022-04,588
persistent_36,,,,99,structure,2022-06,2011-01,2019-03,2022-05,594
persistent_36,,,,100,structure,2022-07,2011-01,2019-04,2022-06,600
persistent_36,,,,101,structure,2022-08,2011-01,2019-05,2022-07,606
persistent_36,,,,102,structure,2022-09,2011-01,2019-06,2022-08,612
persistent_36,,,,103,structure,2022-10,2011-01,2019-07,2022-09,618
persistent_36,,,,104,structure,2022-11,2011-01,2019-08,2022-10,624
persistent_36,,,,105,structure,2022-12,2011-01,2019-09,2022-11,630
persistent_36,,,,106,structure,2023-01,2011-01,2019-10,2022-12,636
persistent_36,,,,107,structure,2023-02,2011-01,2019-11,2023-01,642
persistent_36,,,,108,structure,2023-03,2011-01,2019-12,2023-02,648
persistent_36,,,,109,structure,2023-04,2011-01,2020-01,2023-03,654
persistent_36,,,,110,structure,2023-05,2011-01,2020-02,2023-04,660
persistent_36,,,,111,structure,2023-06,2011-01,2020-03,2023-05,666
persistent_36,,,,112,structure,2023-07,2011-01,2020-04,2023-06,672
persistent_36,,,,113,structure,2023-08,2011-01,2020-05,2023-07,678
persistent_36,,,,114,structure,2023-09,2011-01,2020-06,2023-08,684
persistent_36,,,,115,structure,2023-10,2011-01,2020-07,2023-09,690
persistent_36,,,,116,structure,2023-11,2011-01,2020-08,2023-10,696
persistent_36,,,,117,structure,2023-12,2011-01,2020-09,2023-11,702
persistent_36,,,,118,structure,2024-01,2011-01,2020-10,2023-12,708
persistent_36,,,,119,structure,2024-02,2011-01,2020-11,2024-01,714
persistent_36,,,,120,structure,2024-03,2011-01,2020-12,2024-02,720
persistent_36,,,,121,structure,2024-04,2011-01,2021-01,2024-03,726
persistent_36,,,,122,structure,2024-05,2011-01,2021-02,2024-04,732
persistent_36,,,,123,structure,2024-06,2011-01,2021-03,2024-05,738
persistent_36,,,,124,structure,2024-07,2011-01,2021-04,2024-06,744
persistent_36,,,,125,structure,2024-08,2011-01,2021-05,2024-07,750
persistent_36,,,,126,structure,2024-09,2011-01,2021-06,2024-08,756
persistent_36,,,,127,structure,2024-10,2011-01,2021-07,2024-09,762
persistent_36,,,,128,structure,2024-11,2011-01,2021-08,2024-10,768
persistent_36,,,,129,structure,2024-12,2011-01,2021-09,2024-11,774
persistent_36,,,,130,structure,2025-01,2011-01,2021-10,2024-12,780
persistent_36,,,,131,structure,2025-02,2011-01,2021-11,2025-01,786
persistent_36,,,,132,structure,2025-03,2011-01,2021-12,2025-02,792
persistent_36,,,,133,structure,2025-04,2011-01,2022-01,2025-03,798
persistent_36,,,,134,structure,2025-05,2011-01,2022-02,2025-04,804
persistent_36,,,,135,structure,2025-06,2011-01,2022-03,2025-05,810
persistent_36,,,,136,structure,2025-07,2011-01,2022-04,2025-06,816
persistent_36,,,,137,structure,2025-08,2011-01,2022-05,2025-07,822
persistent_36,,,,138,structure,2025-09,2011-01,2022-06,2025-08,828
persistent_36,,,,139,structure,2025-10,2011-01,2022-07,2025-09,834
persistent_36,,,,140,structure,2025-11,2011-01,2022-08,2025-10,840
persistent_36,,,,141,structure,2025-12,2011-01,2022-09,2025-11,846
persistent_36,,,,142,structure,2026-01,2011-01,2022-10,2025-12,852
persistent_36,,,,143,structure,2026-02,2011-01,2022-11,2026-01,858
persistent_36,,,,144,structure,2026-03,2011-01,2022-12,2026-02,864
persistent_36,,,,145,structure,2026-04,2011-01,2023-01,2026-03,870
persistent_36,,,,146,structure,2026-05,2011-01,2023-02,2026-04,876
persistent_36,,,,147,structure,2026-06,2011-01,2023-03,2026-05,882
persistent_36,,,,148,structure,2026-07,2011-01,2023-04,2026-06,888
persistent_36,,,,149,structure,2026-08,2011-01,2023-05,2026-07,894
persistent_36,,,,60,All,2019-03,2011-01,2015-12,2019-02,360
persistent_36,,,,61,All,2019-04,2011-01,2016-01,2019-03,366
persistent_36,,,,62,All,2019-05,2011-01,2016-02,2019-04,372
persistent_36,,,,63,All,2019-06,2011-01,2016-03,2019-05,378
persistent_36,,,,64,All,2019-07,2011-01,2016-04,2019-06,384
persistent_36,,,,65,All,2019-08,2011-01,2016-05,2019-07,390
persistent_36,,,,66,All,2019-09,2011-01,2016-06,2019-08,396
persistent_36,,,,67,All,2019-10,2011-01,2016-07,2019-09,402
persistent_36,,,,68,All,2019-11,2011-01,2016-08,2019-10,408
persistent_36,,,,69,All,2019-12,2011-01,2016-09,2019-11,414
persistent_36,,,,70,All,2020-01,2011-01,2016-10,2019-12,420
persistent_36,,,,71,All,2020-02,2011-01,2016-11,2020-01,426
persistent_36,,,,72,All,2020-03,2011-01,2016-12,2020-02,432
persistent_36,,,,73,All,2020-04,2011-01,2017-01,2020-03,438
persistent_36,,,,74,All,2020-05,2011-01,2017-02,2020-04,444
persistent_36,,,,75,All,2020-06,2011-01,2017-03,2020-05,450
persistent_36,,,,76,All,2020-07,2011-01,2017-04,2020-06,456
persistent_36,,,,77,All,2020-08,2011-01,2017-05,2020-07,462
persistent_36,,,,78,All,2020-09,2011-01,2017-06,2020-08,468
persistent_36,,,,79,All,2020-10,2011-01,2017-07,2020-09,474
persistent_36,,,,80,All,2020-11,2011-01,2017-08,2020-10,480
persistent_36,,,,81,All,2020-12,2011-01,2017-09,2020-11,486
persistent_36,,,,82,All,2021-01,2011-01,2017-10,2020-12,492
persistent_36,,,,83,All,2021-02,2011-01,2017-11,2021-01,498
persistent_36,,,,84,All,2021-03,2011-01,2017-12,2021-02,504
persistent_36,,,,85,All,2021-04,2011-01,2018-01,2021-03,510
persistent_36,,,,86,All,2021-05,2011-01,2018-02,2021-04,516
persistent_36,,,,87,All,2021-06,2011-01,2018-03,2021-05,522
persistent_36,,,,88,All,2021-07,2011-01,2018-04,2021-06,528
persistent_36,,,,89,All,2021-08,2011-01,2018-05,2021-07,534
persistent_36,,,,90,All,2021-09,2011-01,2018-06,2021-08,540
persistent_36,,,,91,All,2021-10,2011-01,2018-07,2021-09,546
persistent_36,,,,92,All,2021-11,2011-01,2018-08,2021-10,552
persistent_36,,,,93,All,2021-12,2011-01,2018-09,2021-11,558
persistent_36,,,,94,All,2022-01,2011-01,2018-10,2021-12,564
persistent_36,,,,95,All,2022-02,2011-01,2018-11,2022-01,570
persistent_36,,,,96,All,2022-03,2011-01,2018-12,2022-02,576
persistent_36,,,,97,All,2022-04,2011-01,2019-01,2022-03,582
persistent_36,,,,98,All,2022-05,2011-01,2019-02,2022-04,588
persistent_36,,,,99,All,2022-06,2011-01,2019-03,2022-05,594
persistent_36,,,,100,All,2022-07,2011-01,2019-04,2022-06,600
persistent_36,,,,101,All,2022-08,2011-01,2019-05,2022-07,606
persistent_36,,,,102,All,2022-09,2011-01,2019-06,2022-08,612
persistent_36,,,,103,All,2022-10,2011-01,2019-07,2022-09,618
persistent_36,,,,104,All,2022-11,2011-01,2019-08,2022-10,624
persistent_36,,,,105,All,2022-12,2011-01,2019-09,2022-11,630
persistent_36,,,,106,All,2023-01,2011-01,2019-10,2022-12,636
persistent_36,,,,107,All,2023-02,2011-01,2019-11,2023-01,642
persistent_36,,,,108,All,2023-03,2011-01,2019-12,2023-02,648
persistent_36,,,,109,All,2023-04,2011-01,2020-01,2023-03,654
persistent_36,,,,110,All,2023-05,2011-01,2020-02,2023-04,660
persistent_36,,,,111,All,2023-06,2011-01,2020-03,2023-05,666
persistent_36,,,,112,All,2023-07,2011-01,2020-04,2023-06,672
persistent_36,,,,113,All,2023-08,2011-01,2020-05,2023-07,678
persistent_36,,,,114,All,2023-09,2011-01,2020-06,2023-08,684
persistent_36,,,,115,All,2023-10,2011-01,2020-07,2023-09,690
persistent_36,,,,116,All,2023-11,2011-01,2020-08,2023-10,696
persistent_36,,,,117,All,2023-12,2011-01,2020-09,2023-11,702
persistent_36,,,,118,All,2024-01,2011-01,2020-10,2023-12,708
persistent_36,,,,119,All,2024-02,2011-01,2020-11,2024-01,714
persistent_36,,,,120,All,2024-03,2011-01,2020-12,2024-02,720
persistent_36,,,,121,All,2024-04,2011-01,2021-01,2024-03,726
persistent_36,,,,122,All,2024-05,2011-01,2021-02,2024-04,732
persistent_36,,,,123,All,2024-06,2011-01,2021-03,2024-05,738
persistent_36,,,,124,All,2024-07,2011-01,2021-04,2024-06,744
persistent_36,,,,125,All,2024-08,2011-01,2021-05,2024-07,750
persistent_36,,,,126,All,2024-09,2011-01,2021-06,2024-08,756
persistent_36,,,,127,All,2024-10,2011-01,2021-07,2024-09,762
persistent_36,,,,128,All,2024-11,2011-01,2021-08,2024-10,768
persistent_36,,,,129,All,2024-12,2011-01,2021-09,2024-11,774
persistent_36,,,,130,All,2025-01,2011-01,2021-10,2024-12,780
persistent_36,,,,131,All,2025-02,2011-01,2021-11,2025-01,786
persistent_36,,,,132,All,2025-03,2011-01,2021-12,2025-02,792
persistent_36,,,,133,All,2025-04,2011-01,2022-01,2025-03,798
persistent_36,,,,134,All,2025-05,2011-01,2022-02,2025-04,804
persistent_36,,,,135,All,2025-06,2011-01,2022-03,2025-05,810
persistent_36,,,,136,All,2025-07,2011-01,2022-04,2025-06,816
persistent_36,,,,137,All,2025-08,2011-01,2022-05,2025-07,822
persistent_36,,,,138,All,2025-09,2011-01,2022-06,2025-08,828
persistent_36,,,,139,All,2025-10,2011-01,2022-07,2025-09,834
persistent_36,,,,140,All,2025-11,2011-01,2022-08,2025-10,840
persistent_36,,,,141,All,2025-12,2011-01,2022-09,2025-11,846
persistent_36,,,,142,All,2026-01,2011-01,2022-10,2025-12,852
persistent_36,,,,143,All,2026-02,2011-01,2022-11,2026-01,858
persistent_36,,,,144,All,2026-03,2011-01,2022-12,2026-02,864
persistent_36,,,,145,All,2026-04,2011-01,2023-01,2026-03,870
persistent_36,,,,146,All,2026-05,2011-01,2023-02,2026-04,876
persistent_36,,,,147,All,2026-06,2011-01,2023-03,2026-05,882
persistent_36,,,,148,All,2026-07,2011-01,2023-04,2026-06,888
persistent_36,,,,149,All,2026-08,2011-01,2023-05,2026-07,894
nominal_36,,,,60,EJR,2007-10,1999-10,2004-09,2007-09,360
nominal_36,,,,61,EJR,2007-11,1999-10,2004-10,2007-10,366
nominal_36,,,,62,EJR,2007-12,1999-10,2004-11,2007-11,372
nominal_36,,,,63,EJR,2008-01,1999-10,2004-12,2007-12,378
nominal_36,,,,64,EJR,2008-02,1999-10,2005-01,2008-01,384
nominal_36,,,,65,EJR,2008-03,1999-10,2005-02,2008-02,390
nominal_36,,,,66,EJR,2008-04,1999-10,2005-03,2008-03,396
nominal_36,,,,67,EJR,2008-05,1999-10,2005-04,2008-04,402
nominal_36,,,,68,EJR,2008-06,1999-10,2005-05,2008-05,408
nominal_36,,,,69,EJR,2008-07,1999-10,2005-06,2008-06,414
nominal_36,,,,70,EJR,2008-08,1999-10,2005-07,2008-07,420
nominal_36,,,,71,EJR,2008-09,1999-10,2005-08,2008-08,426
nominal_36,,,,72,EJR,2008-10,1999-10,2005-09,2008-09,432
nominal_36,,,,73,EJR,2008-11,1999-10,2005-10,2008-10,438
nominal_36,,,,74,EJR,2008-12,1999-10,2005-11,2008-11,444
nominal_36,,,,75,EJR,2009-01,1999-10,2005-12,2008-12,450
nominal_36,,,,76,EJR,2009-02,1999-10,2006-01,2009-01,456
nominal_36,,,,77,EJR,2009-03,1999-10,2006-02,2009-02,462
nominal_36,,,,78,EJR,2009-04,1999-10,2006-03,2009-03,468
nominal_36,,,,79,EJR,2009-05,1999-10,2006-04,2009-04,474
nominal_36,,,,80,EJR,2009-06,1999-10,2006-05,2009-05,480
nominal_36,,,,81,EJR,2009-07,1999-10,2006-06,2009-06,486
nominal_36,,,,82,EJR,2009-08,1999-10,2006-07,2009-07,492
nominal_36,,,,83,EJR,2009-09,1999-10,2006-08,2009-08,498
nominal_36,,,,84,EJR,2009-10,1999-10,2006-09,2009-09,504
nominal_36,,,,85,EJR,2009-11,1999-10,2006-10,2009-10,510
nominal_36,,,,86,EJR,2009-12,1999-10,2006-11,2009-11,516
nominal_36,,,,87,EJR,2010-01,1999-10,2006-12,2009-12,522
nominal_36,,,,88,EJR,2010-02,1999-10,2007-01,2010-01,528
nominal_36,,,,89,EJR,2010-03,1999-10,2007-02,2010-02,534
nominal_36,,,,90,EJR,2010-04,1999-10,2007-03,2010-03,540
nominal_36,,,,91,EJR,2010-05,1999-10,2007-04,2010-04,546
nominal_36,,,,92,EJR,2010-06,1999-10,2007-05,2010-05,552
nominal_36,,,,93,EJR,2010-07,1999-10,2007-06,2010-06,558
nominal_36,,,,94,EJR,2010-08,1999-10,2007-07,2010-07,564
nominal_36,,,,95,EJR,2010-09,1999-10,2007-08,2010-08,570
nominal_36,,,,96,EJR,2010-10,1999-10,2007-09,2010-09,576
nominal_36,,,,97,EJR,2010-11,1999-10,2007-10,2010-10,582
nominal_36,,,,98,EJR,2010-12,1999-10,2007-11,2010-11,588
nominal_36,,,,99,EJR,2011-01,1999-10,2007-12,2010-12,594
nominal_36,,,,100,EJR,2011-02,1999-10,2008-01,2011-01,600
nominal_36,,,,101,EJR,2011-03,1999-10,2008-02,2011-02,606
nominal_36,,,,102,EJR,2011-04,1999-10,2008-03,2011-03,612
nominal_36,,,,103,EJR,2011-05,1999-10,2008-04,2011-04,618
nominal_36,,,,104,EJR,2011-06,1999-10,2008-05,2011-05,624
nominal_36,,,,105,EJR,2011-07,1999-10,2008-06,2011-06,630
nominal_36,,,,106,EJR,2011-08,1999-10,2008-07,2011-07,636
nominal_36,,,,107,EJR,2011-09,1999-10,2008-08,2011-08,642
nominal_36,,,,108,EJR,2011-10,1999-10,2008-09,2011-09,648
nominal_36,,,,109,EJR,2011-11,1999-10,2008-10,2011-10,654
nominal_36,,,,110,EJR,2011-12,1999-10,2008-11,2011-11,660
nominal_36,,,,111,EJR,2012-01,1999-10,2008-12,2011-12,666
nominal_36,,,,112,EJR,2012-02,1999-10,2009-01,2012-01,672
nominal_36,,,,113,EJR,2012-03,1999-10,2009-02,2012-02,678
nominal_36,,,,114,EJR,2012-04,1999-10,2009-03,2012-03,684
nominal_36,,,,115,EJR,2012-05,1999-10,2009-04,2012-04,690
nominal_36,,,,116,EJR,2012-06,1999-10,2009-05,2012-05,696
nominal_36,,,,117,EJR,2012-07,1999-10,2009-06,2012-06,702
nominal_36,,,,118,EJR,2012-08,1999-10,2009-07,2012-07,708
nominal_36,,,,119,EJR,2012-09,1999-10,2009-08,2012-08,714
nominal_36,,,,120,EJR,2012-10,1999-10,2009-09,2012-09,720
nominal_36,,,,121,EJR,2012-11,1999-10,2009-10,2012-10,726
nominal_36,,,,122,EJR,2012-12,1999-10,2009-11,2012-11,732
nominal_36,,,,123,EJR,2013-01,1999-10,2009-12,2012-12,738
nominal_36,,,,124,EJR,2013-02,1999-10,2010-01,2013-01,744
nominal_36,,,,125,EJR,2013-03,1999-10,2010-02,2013-02,750
nominal_36,,,,126,EJR,2013-04,1999-10,2010-03,2013-03,756
nominal_36,,,,127,EJR,2013-05,1999-10,2010-04,2013-04,762
nominal_36,,,,128,EJR,2013-06,1999-10,2010-05,2013-05,768
nominal_36,,,,129,EJR,2013-07,1999-10,2010-06,2013-06,774
nominal_36,,,,130,EJR,2013-08,1999-10,2010-07,2013-07,780
nominal_36,,,,131,EJR,2013-09,1999-10,2010-08,2013-08,786
nominal_36,,,,132,EJR,2013-10,1999-10,2010-09,2013-09,792
nominal_36,,,,133,EJR,2013-11,1999-10,2010-10,2013-10,798
nominal_36,,,,134,EJR,2013-12,1999-10,2010-11,2013-11,804
nominal_36,,,,135,EJR,2014-01,1999-10,2010-12,2013-12,810
nominal_36,,,,136,EJR,2014-02,1999-10,2011-01,2014-01,816
nominal_36,,,,137,EJR,2014-03,1999-10,2011-02,2014-02,822
nominal_36,,,,138,EJR,2014-04,1999-10,2011-03,2014-03,828
nominal_36,,,,139,EJR,2014-05,1999-10,2011-04,2014-04,834
nominal_36,,,,140,EJR,2014-06,1999-10,2011-05,2014-05,840
nominal_36,,,,141,EJR,2014-07,1999-10,2011-06,2014-06,846
nominal_36,,,,142,EJR,2014-08,1999-10,2011-07,2014-07,852
nominal_36,,,,143,EJR,2014-09,1999-10,2011-08,2014-08,858
nominal_36,,,,144,EJR,2014-10,1999-10,2011-09,2014-09,864
nominal_36,,,,145,EJR,2014-11,1999-10,2011-10,2014-10,870
nominal_36,,,,146,EJR,2014-12,1999-10,2011-11,2014-11,876
nominal_36,,,,147,EJR,2015-01,1999-10,2011-12,2014-12,882
nominal_36,,,,148,EJR,2015-02,1999-10,2012-01,2015-01,888
nominal_36,,,,149,EJR,2015-03,1999-10,2012-02,2015-02,894
nominal_36,,,,150,EJR,2015-04,1999-10,2012-03,2015-03,900
nominal_36,,,,151,EJR,2015-05,1999-10,2012-04,2015-04,906
nominal_36,,,,152,EJR,2015-06,1999-10,2012-05,2015-05,912
nominal_36,,,,153,EJR,2015-07,1999-10,2012-06,2015-06,918
nominal_36,,,,154,EJR,2015-08,1999-10,2012-07,2015-07,924
nominal_36,,,,155,EJR,2015-09,1999-10,2012-08,2015-08,930
nominal_36,,,,156,EJR,2015-10,1999-10,2012-09,2015-09,936
nominal_36,,,,157,EJR,2015-11,1999-10,2012-10,2015-10,942
nominal_36,,,,158,EJR,2015-12,1999-10,2012-11,2015-11,948
nominal_36,,,,159,EJR,2016-01,1999-10,2012-12,2015-12,954
nominal_36,,,,160,EJR,2016-02,1999-10,2013-01,2016-01,960
nominal_36,,,,161,EJR,2016-03,1999-10,2013-02,2016-02,966
nominal_36,,,,162,EJR,2016-04,1999-10,2013-03,2016-03,972
nominal_36,,,,163,EJR,2016-05,1999-10,2013-04,2016-04,978
nominal_36,,,,164,EJR,2016-06,1999-10,2013-05,2016-05,984
nominal_36,,,,165,EJR,2016-07,1999-10,2013-06,2016-06,990
nominal_36,,,,166,EJR,2016-08,1999-10,2013-07,2016-07,996
nominal_36,,,,167,EJR,2016-09,1999-10,2013-08,2016-08,1002
nominal_36,,,,168,EJR,2016-10,1999-10,2013-09,2016-09,1008
nominal_36,,,,169,EJR,2016-11,1999-10,2013-10,2016-10,1014
nominal_36,,,,170,EJR,2016-12,1999-10,2013-11,2016-11,1020
nominal_36,,,,171,EJR,2017-01,1999-10,2013-12,2016-12,1026
nominal_36,,,,172,EJR,2017-02,1999-10,2014-01,2017-01,1032
nominal_36,,,,173,EJR,2017-03,1999-10,2014-02,2017-02,1038
nominal_36,,,,174,EJR,2017-04,1999-10,2014-03,2017-03,1044
nominal_36,,,,175,EJR,2017-05,1999-10,2014-04,2017-04,1050
nominal_36,,,,176,EJR,2017-06,1999-10,2014-05,2017-05,1056
nominal_36,,,,177,EJR,2017-07,1999-10,2014-06,2017-06,1062
nominal_36,,,,178,EJR,2017-08,1999-10,2014-07,2017-07,1068
nominal_36,,,,179,EJR,2017-09,1999-10,2014-08,2017-08,1074
nominal_36,,,,180,EJR,2017-10,1999-10,2014-09,2017-09,1080
nominal_36,,,,181,EJR,2017-11,1999-10,2014-10,2017-10,1086
nominal_36,,,,182,EJR,2017-12,1999-10,2014-11,2017-11,1092
nominal_36,,,,183,EJR,2018-01,1999-10,2014-12,2017-12,1098
nominal_36,,,,184,EJR,2018-02,1999-10,2015-01,2018-01,1104
nominal_36,,,,185,EJR,2018-03,1999-10,2015-02,2018-02,1110
nominal_36,,,,186,EJR,2018-04,1999-10,2015-03,2018-03,1116
nominal_36,,,,187,EJR,2018-05,1999-10,2015-04,2018-04,1122
nominal_36,,,,188,EJR,2018-06,1999-10,2015-05,2018-05,1128
nominal_36,,,,189,EJR,2018-07,1999-10,2015-06,2018-06,1134
nominal_36,,,,190,EJR,2018-08,1999-10,2015-07,2018-07,1140
nominal_36,,,,191,EJR,2018-09,1999-10,2015-08,2018-08,1146
nominal_36,,,,192,EJR,2018-10,1999-10,2015-09,2018-09,1152
nominal_36,,,,193,EJR,2018-11,1999-10,2015-10,2018-10,1158
nominal_36,,,,194,EJR,2018-12,1999-10,2015-11,2018-11,1164
nominal_36,,,,195,EJR,2019-01,1999-10,2015-12,2018-12,1170
nominal_36,,,,196,EJR,2019-02,1999-10,2016-01,2019-01,1176
nominal_36,,,,197,EJR,2019-03,1999-10,2016-02,2019-02,1182
nominal_36,,,,198,EJR,2019-04,1999-10,2016-03,2019-03,1188
nominal_36,,,,199,EJR,2019-05,1999-10,2016-04,2019-04,1194
nominal_36,,,,200,EJR,2019-06,1999-10,2016-05,2019-05,1200
nominal_36,,,,201,EJR,2019-07,1999-10,2016-06,2019-06,1206
nominal_36,,,,202,EJR,2019-08,1999-10,2016-07,2019-07,1212
nominal_36,,,,203,EJR,2019-09,1999-10,2016-08,2019-08,1218
nominal_36,,,,204,EJR,2019-10,1999-10,2016-09,2019-09,1224
nominal_36,,,,205,EJR,2019-11,1999-10,2016-10,2019-10,1230
nominal_36,,,,206,EJR,2019-12,1999-10,2016-11,2019-11,1236
nominal_36,,,,207,EJR,2020-01,1999-10,2016-12,2019-12,1242
nominal_36,,,,208,EJR,2020-02,1999-10,2017-01,2020-01,1248
nominal_36,,,,209,EJR,2020-03,1999-10,2017-02,2020-02,1254
nominal_36,,,,210,EJR,2020-04,1999-10,2017-03,2020-03,1260
nominal_36,,,,211,EJR,2020-05,1999-10,2017-04,2020-04,1266
nominal_36,,,,212,EJR,2020-06,1999-10,2017-05,2020-05,1272
nominal_36,,,,213,EJR,2020-07,1999-10,2017-06,2020-06,1278
nominal_36,,,,214,EJR,2020-08,1999-10,2017-07,2020-07,1284
nominal_36,,,,215,EJR,2020-09,1999-10,2017-08,2020-08,1290
nominal_36,,,,216,EJR,2020-10,1999-10,2017-09,2020-09,1296
nominal_36,,,,217,EJR,2020-11,1999-10,2017-10,2020-10,1302
nominal_36,,,,218,EJR,2020-12,1999-10,2017-11,2020-11,1308
nominal_36,,,,219,EJR,2021-01,1999-10,2017-12,2020-12,1314
nominal_36,,,,220,EJR,2021-02,1999-10,2018-01,2021-01,1320
nominal_36,,,,221,EJR,2021-03,1999-10,2018-02,2021-02,1326
nominal_36,,,,222,EJR,2021-04,1999-10,2018-03,2021-03,1332
nominal_36,,,,223,EJR,2021-05,1999-10,2018-04,2021-04,1338
nominal_36,,,,224,EJR,2021-06,1999-10,2018-05,2021-05,1344
nominal_36,,,,225,EJR,2021-07,1999-10,2018-06,2021-06,1350
nominal_36,,,,226,EJR,2021-08,1999-10,2018-07,2021-07,1356
nominal_36,,,,227,EJR,2021-09,1999-10,2018-08,2021-08,1362
nominal_36,,,,228,EJR,2021-10,1999-10,2018-09,2021-09,1368
nominal_36,,,,229,EJR,2021-11,1999-10,2018-10,2021-10,1374
nominal_36,,,,230,EJR,2021-12,1999-10,2018-11,2021-11,1380
nominal_36,,,,231,EJR,2022-01,1999-10,2018-12,2021-12,1386
nominal_36,,,,232,EJR,2022-02,1999-10,2019-01,2022-01,1392
nominal_36,,,,233,EJR,2022-03,1999-10,2019-02,2022-02,1398
nominal_36,,,,234,EJR,2022-04,1999-10,2019-03,2022-03,1404
nominal_36,,,,235,EJR,2022-05,1999-10,2019-04,2022-04,1410
nominal_36,,,,236,EJR,2022-06,1999-10,2019-05,2022-05,1416
nominal_36,,,,237,EJR,2022-07,1999-10,2019-06,2022-06,1422
nominal_36,,,,238,EJR,2022-08,1999-10,2019-07,2022-07,1428
nominal_36,,,,239,EJR,2022-09,1999-10,2019-08,2022-08,1434
nominal_36,,,,240,EJR,2022-10,1999-10,2019-09,2022-09,1440
nominal_36,,,,241,EJR,2022-11,1999-10,2019-10,2022-10,1446
nominal_36,,,,242,EJR,2022-12,1999-10,2019-11,2022-11,1452
nominal_36,,,,243,EJR,2023-01,1999-10,2019-12,2022-12,1458
nominal_36,,,,244,EJR,2023-02,1999-10,2020-01,2023-01,1464
nominal_36,,,,245,EJR,2023-03,1999-10,2020-02,2023-02,1470
nominal_36,,,,246,EJR,2023-04,1999-10,2020-03,2023-03,1476
nominal_36,,,,247,EJR,2023-05,1999-10,2020-04,2023-04,1482
nominal_36,,,,248,EJR,2023-06,1999-10,2020-05,2023-05,1488
nominal_36,,,,249,EJR,2023-07,1999-10,2020-06,2023-06,1494
nominal_36,,,,250,EJR,2023-08,1999-10,2020-07,2023-07,1500
nominal_36,,,,251,EJR,2023-09,1999-10,2020-08,2023-08,1506
nominal_36,,,,252,EJR,2023-10,1999-10,2020-09,2023-09,1512
nominal_36,,,,253,EJR,2023-11,1999-10,2020-10,2023-10,1518
nominal_36,,,,254,EJR,2023-12,1999-10,2020-11,2023-11,1524
nominal_36,,,,255,EJR,2024-01,1999-10,2020-12,2023-12,1530
nominal_36,,,,256,EJR,2024-02,1999-10,2021-01,2024-01,1536
nominal_36,,,,257,EJR,2024-03,1999-10,2021-02,2024-02,1542
nominal_36,,,,258,EJR,2024-04,1999-10,2021-03,2024-03,1548
nominal_36,,,,259,EJR,2024-05,1999-10,2021-04,2024-04,1554
nominal_36,,,,260,EJR,2024-06,1999-10,2021-05,2024-05,1560
nominal_36,,,,261,EJR,2024-07,1999-10,2021-06,2024-06,1566
nominal_36,,,,262,EJR,2024-08,1999-10,2021-07,2024-07,1572
nominal_36,,,,263,EJR,2024-09,1999-10,2021-08,2024-08,1578
nominal_36,,,,264,EJR,2024-10,1999-10,2021-09,2024-09,1584
nominal_36,,,,265,EJR,2024-11,1999-10,2021-10,2024-10,1590
nominal_36,,,,266,EJR,2024-12,1999-10,2021-11,2024-11,1596
nominal_36,,,,267,EJR,2025-01,1999-10,2021-12,2024-12,1602
nominal_36,,,,268,EJR,2025-02,1999-10,2022-01,2025-01,1608
nominal_36,,,,269,EJR,2025-03,1999-10,2022-02,2025-02,1614
nominal_36,,,,270,EJR,2025-04,1999-10,2022-03,2025-03,1620
nominal_36,,,,271,EJR,2025-05,1999-10,2022-04,2025-04,1626
nominal_36,,,,272,EJR,2025-06,1999-10,2022-05,2025-05,1632
nominal_36,,,,273,EJR,2025-07,1999-10,2022-06,2025-06,1638
nominal_36,,,,274,EJR,2025-08,1999-10,2022-07,2025-07,1644
nominal_36,,,,275,EJR,2025-09,1999-10,2022-08,2025-08,1650
nominal_36,,,,276,EJR,2025-10,1999-10,2022-09,2025-09,1656
nominal_36,,,,277,EJR,2025-11,1999-10,2022-10,2025-10,1662
nominal_36,,,,278,EJR,2025-12,1999-10,2022-11,2025-11,1668
nominal_36,,,,279,EJR,2026-01,1999-10,2022-12,2025-12,1674
nominal_36,,,,280,EJR,2026-02,1999-10,2023-01,2026-01,1680
nominal_36,,,,281,EJR,2026-03,1999-10,2023-02,2026-02,1686
nominal_36,,,,282,EJR,2026-04,1999-10,2023-03,2026-03,1692
nominal_36,,,,283,EJR,2026-05,1999-10,2023-04,2026-04,1698
nominal_36,,,,284,EJR,2026-06,1999-10,2023-05,2026-05,1704
nominal_36,,,,285,EJR,2026-07,1999-10,2023-06,2026-06,1710
nominal_36,,,,286,EJR,2026-08,1999-10,2023-07,2026-07,1716
nominal_36,,,,60,Fixed,2007-11,1999-11,2004-10,2007-10,360
nominal_36,,,,61,Fixed,2007-12,1999-11,2004-11,2007-11,366
nominal_36,,,,62,Fixed,2008-01,1999-11,2004-12,2007-12,372
nominal_36,,,,63,Fixed,2008-02,1999-11,2005-01,2008-01,378
nominal_36,,,,64,Fixed,2008-03,1999-11,2005-02,2008-02,384
nominal_36,,,,65,Fixed,2008-04,1999-11,2005-03,2008-03,390
nominal_36,,,,66,Fixed,2008-05,1999-11,2005-04,2008-04,396
nominal_36,,,,67,Fixed,2008-06,1999-11,2005-05,2008-05,402
nominal_36,,,,68,Fixed,2008-07,1999-11,2005-06,2008-06,408
nominal_36,,,,69,Fixed,2008-08,1999-11,2005-07,2008-07,414
nominal_36,,,,70,Fixed,2008-09,1999-11,2005-08,2008-08,420
nominal_36,,,,71,Fixed,2008-10,1999-11,2005-09,2008-09,426
nominal_36,,,,72,Fixed,2008-11,1999-11,2005-10,2008-10,432
nominal_36,,,,73,Fixed,2008-12,1999-11,2005-11,2008-11,438
nominal_36,,,,74,Fixed,2009-01,1999-11,2005-12,2008-12,444
nominal_36,,,,75,Fixed,2009-02,1999-11,2006-01,2009-01,450
nominal_36,,,,76,Fixed,2009-03,1999-11,2006-02,2009-02,456
nominal_36,,,,77,Fixed,2009-04,1999-11,2006-03,2009-03,462
nominal_36,,,,78,Fixed,2009-05,1999-11,2006-04,2009-04,468
nominal_36,,,,79,Fixed,2009-06,1999-11,2006-05,2009-05,474
nominal_36,,,,80,Fixed,2009-07,1999-11,2006-06,2009-06,480
nominal_36,,,,81,Fixed,2009-08,1999-11,2006-07,2009-07,486
nominal_36,,,,82,Fixed,2009-09,1999-11,2006-08,2009-08,492
nominal_36,,,,83,Fixed,2009-10,1999-11,2006-09,2009-09,498
nominal_36,,,,84,Fixed,2009-11,1999-11,2006-10,2009-10,504
nominal_36,,,,85,Fixed,2009-12,1999-11,2006-11,2009-11,510
nominal_36,,,,86,Fixed,2010-01,1999-11,2006-12,2009-12,516
nominal_36,,,,87,Fixed,2010-02,1999-11,2007-01,2010-01,522
nominal_36,,,,88,Fixed,2010-03,1999-11,2007-02,2010-02,528
nominal_36,,,,89,Fixed,2010-04,1999-11,2007-03,2010-03,534
nominal_36,,,,90,Fixed,2010-05,1999-11,2007-04,2010-04,540
nominal_36,,,,91,Fixed,2010-06,1999-11,2007-05,2010-05,546
nominal_36,,,,92,Fixed,2010-07,1999-11,2007-06,2010-06,552
nominal_36,,,,93,Fixed,2010-08,1999-11,2007-07,2010-07,558
nominal_36,,,,94,Fixed,2010-09,1999-11,2007-08,2010-08,564
nominal_36,,,,95,Fixed,2010-10,1999-11,2007-09,2010-09,570
nominal_36,,,,96,Fixed,2010-11,1999-11,2007-10,2010-10,576
nominal_36,,,,97,Fixed,2010-12,1999-11,2007-11,2010-11,582
nominal_36,,,,98,Fixed,2011-01,1999-11,2007-12,2010-12,588
nominal_36,,,,99,Fixed,2011-02,1999-11,2008-01,2011-01,594
nominal_36,,,,100,Fixed,2011-03,1999-11,2008-02,2011-02,600
nominal_36,,,,101,Fixed,2011-04,1999-11,2008-03,2011-03,606
nominal_36,,,,102,Fixed,2011-05,1999-11,2008-04,2011-04,612
nominal_36,,,,103,Fixed,2011-06,1999-11,2008-05,2011-05,618
nominal_36,,,,104,Fixed,2011-07,1999-11,2008-06,2011-06,624
nominal_36,,,,105,Fixed,2011-08,1999-11,2008-07,2011-07,630
nominal_36,,,,106,Fixed,2011-09,1999-11,2008-08,2011-08,636
nominal_36,,,,107,Fixed,2011-10,1999-11,2008-09,2011-09,642
nominal_36,,,,108,Fixed,2011-11,1999-11,2008-10,2011-10,648
nominal_36,,,,109,Fixed,2011-12,1999-11,2008-11,2011-11,654
nominal_36,,,,110,Fixed,2012-01,1999-11,2008-12,2011-12,660
nominal_36,,,,111,Fixed,2012-02,1999-11,2009-01,2012-01,666
nominal_36,,,,112,Fixed,2012-03,1999-11,2009-02,2012-02,672
nominal_36,,,,113,Fixed,2012-04,1999-11,2009-03,2012-03,678
nominal_36,,,,114,Fixed,2012-05,1999-11,2009-04,2012-04,684
nominal_36,,,,115,Fixed,2012-06,1999-11,2009-05,2012-05,690
nominal_36,,,,116,Fixed,2012-07,1999-11,2009-06,2012-06,696
nominal_36,,,,117,Fixed,2012-08,1999-11,2009-07,2012-07,702
nominal_36,,,,118,Fixed,2012-09,1999-11,2009-08,2012-08,708
nominal_36,,,,119,Fixed,2012-10,1999-11,2009-09,2012-09,714
nominal_36,,,,120,Fixed,2012-11,1999-11,2009-10,2012-10,720
nominal_36,,,,121,Fixed,2012-12,1999-11,2009-11,2012-11,726
nominal_36,,,,122,Fixed,2013-01,1999-11,2009-12,2012-12,732
nominal_36,,,,123,Fixed,2013-02,1999-11,2010-01,2013-01,738
nominal_36,,,,124,Fixed,2013-03,1999-11,2010-02,2013-02,744
nominal_36,,,,125,Fixed,2013-04,1999-11,2010-03,2013-03,750
nominal_36,,,,126,Fixed,2013-05,1999-11,2010-04,2013-04,756
nominal_36,,,,127,Fixed,2013-06,1999-11,2010-05,2013-05,762
nominal_36,,,,128,Fixed,2013-07,1999-11,2010-06,2013-06,768
nominal_36,,,,129,Fixed,2013-08,1999-11,2010-07,2013-07,774
nominal_36,,,,130,Fixed,2013-09,1999-11,2010-08,2013-08,780
nominal_36,,,,131,Fixed,2013-10,1999-11,2010-09,2013-09,786
nominal_36,,,,132,Fixed,2013-11,1999-11,2010-10,2013-10,792
nominal_36,,,,133,Fixed,2013-12,1999-11,2010-11,2013-11,798
nominal_36,,,,134,Fixed,2014-01,1999-11,2010-12,2013-12,804
nominal_36,,,,135,Fixed,2014-02,1999-11,2011-01,2014-01,810
nominal_36,,,,136,Fixed,2014-03,1999-11,2011-02,2014-02,816
nominal_36,,,,137,Fixed,2014-04,1999-11,2011-03,2014-03,822
nominal_36,,,,138,Fixed,2014-05,1999-11,2011-04,2014-04,828
nominal_36,,,,139,Fixed,2014-06,1999-11,2011-05,2014-05,834
nominal_36,,,,140,Fixed,2014-07,1999-11,2011-06,2014-06,840
nominal_36,,,,141,Fixed,2014-08,1999-11,2011-07,2014-07,846
nominal_36,,,,142,Fixed,2014-09,1999-11,2011-08,2014-08,852
nominal_36,,,,143,Fixed,2014-10,1999-11,2011-09,2014-09,858
nominal_36,,,,144,Fixed,2014-11,1999-11,2011-10,2014-10,864
nominal_36,,,,145,Fixed,2014-12,1999-11,2011-11,2014-11,870
nominal_36,,,,146,Fixed,2015-01,1999-11,2011-12,2014-12,876
nominal_36,,,,147,Fixed,2015-02,1999-11,2012-01,2015-01,882
nominal_36,,,,148,Fixed,2015-03,1999-11,2012-02,2015-02,888
nominal_36,,,,149,Fixed,2015-04,1999-11,2012-03,2015-03,894
nominal_36,,,,150,Fixed,2015-05,1999-11,2012-04,2015-04,900
nominal_36,,,,151,Fixed,2015-06,1999-11,2012-05,2015-05,906
nominal_36,,,,152,Fixed,2015-07,1999-11,2012-06,2015-06,912
nominal_36,,,,153,Fixed,2015-08,1999-11,2012-07,2015-07,918
nominal_36,,,,154,Fixed,2015-09,1999-11,2012-08,2015-08,924
nominal_36,,,,155,Fixed,2015-10,1999-11,2012-09,2015-09,930
nominal_36,,,,156,Fixed,2015-11,1999-11,2012-10,2015-10,936
nominal_36,,,,157,Fixed,2015-12,1999-11,2012-11,2015-11,942
nominal_36,,,,158,Fixed,2016-01,1999-11,2012-12,2015-12,948
nominal_36,,,,159,Fixed,2016-02,1999-11,2013-01,2016-01,954
nominal_36,,,,160,Fixed,2016-03,1999-11,2013-02,2016-02,960
nominal_36,,,,161,Fixed,2016-04,1999-11,2013-03,2016-03,966
nominal_36,,,,162,Fixed,2016-05,1999-11,2013-04,2016-04,972
nominal_36,,,,163,Fixed,2016-06,1999-11,2013-05,2016-05,978
nominal_36,,,,164,Fixed,2016-07,1999-11,2013-06,2016-06,984
nominal_36,,,,165,Fixed,2016-08,1999-11,2013-07,2016-07,990
nominal_36,,,,166,Fixed,2016-09,1999-11,2013-08,2016-08,996
nominal_36,,,,167,Fixed,2016-10,1999-11,2013-09,2016-09,1002
nominal_36,,,,168,Fixed,2016-11,1999-11,2013-10,2016-10,1008
nominal_36,,,,169,Fixed,2016-12,1999-11,2013-11,2016-11,1014
nominal_36,,,,170,Fixed,2017-01,1999-11,2013-12,2016-12,1020
nominal_36,,,,171,Fixed,2017-02,1999-11,2014-01,2017-01,1026
nominal_36,,,,172,Fixed,2017-03,1999-11,2014-02,2017-02,1032
nominal_36,,,,173,Fixed,2017-04,1999-11,2014-03,2017-03,1038
nominal_36,,,,174,Fixed,2017-05,1999-11,2014-04,2017-04,1044
nominal_36,,,,175,Fixed,2017-06,1999-11,2014-05,2017-05,1050
nominal_36,,,,176,Fixed,2017-07,1999-11,2014-06,2017-06,1056
nominal_36,,,,177,Fixed,2017-08,1999-11,2014-07,2017-07,1062
nominal_36,,,,178,Fixed,2017-09,1999-11,2014-08,2017-08,1068
nominal_36,,,,179,Fixed,2017-10,1999-11,2014-09,2017-09,1074
nominal_36,,,,180,Fixed,2017-11,1999-11,2014-10,2017-10,1080
nominal_36,,,,181,Fixed,2017-12,1999-11,2014-11,2017-11,1086
nominal_36,,,,182,Fixed,2018-01,1999-11,2014-12,2017-12,1092
nominal_36,,,,183,Fixed,2018-02,1999-11,2015-01,2018-01,1098
nominal_36,,,,184,Fixed,2018-03,1999-11,2015-02,2018-02,1104
nominal_36,,,,185,Fixed,2018-04,1999-11,2015-03,2018-03,1110
nominal_36,,,,186,Fixed,2018-05,1999-11,2015-04,2018-04,1116
nominal_36,,,,187,Fixed,2018-06,1999-11,2015-05,2018-05,1122
nominal_36,,,,188,Fixed,2018-07,1999-11,2015-06,2018-06,1128
nominal_36,,,,189,Fixed,2018-08,1999-11,2015-07,2018-07,1134
nominal_36,,,,190,Fixed,2018-09,1999-11,2015-08,2018-08,1140
nominal_36,,,,191,Fixed,2018-10,1999-11,2015-09,2018-09,1146
nominal_36,,,,192,Fixed,2018-11,1999-11,2015-10,2018-10,1152
nominal_36,,,,193,Fixed,2018-12,1999-11,2015-11,2018-11,1158
nominal_36,,,,194,Fixed,2019-01,1999-11,2015-12,2018-12,1164
nominal_36,,,,195,Fixed,2019-02,1999-11,2016-01,2019-01,1170
nominal_36,,,,196,Fixed,2019-03,1999-11,2016-02,2019-02,1176
nominal_36,,,,197,Fixed,2019-04,1999-11,2016-03,2019-03,1182
nominal_36,,,,198,Fixed,2019-05,1999-11,2016-04,2019-04,1188
nominal_36,,,,199,Fixed,2019-06,1999-11,2016-05,2019-05,1194
nominal_36,,,,200,Fixed,2019-07,1999-11,2016-06,2019-06,1200
nominal_36,,,,201,Fixed,2019-08,1999-11,2016-07,2019-07,1206
nominal_36,,,,202,Fixed,2019-09,1999-11,2016-08,2019-08,1212
nominal_36,,,,203,Fixed,2019-10,1999-11,2016-09,2019-09,1218
nominal_36,,,,204,Fixed,2019-11,1999-11,2016-10,2019-10,1224
nominal_36,,,,205,Fixed,2019-12,1999-11,2016-11,2019-11,1230
nominal_36,,,,206,Fixed,2020-01,1999-11,2016-12,2019-12,1236
nominal_36,,,,207,Fixed,2020-02,1999-11,2017-01,2020-01,1242
nominal_36,,,,208,Fixed,2020-03,1999-11,2017-02,2020-02,1248
nominal_36,,,,209,Fixed,2020-04,1999-11,2017-03,2020-03,1254
nominal_36,,,,210,Fixed,2020-05,1999-11,2017-04,2020-04,1260
nominal_36,,,,211,Fixed,2020-06,1999-11,2017-05,2020-05,1266
nominal_36,,,,212,Fixed,2020-07,1999-11,2017-06,2020-06,1272
nominal_36,,,,213,Fixed,2020-08,1999-11,2017-07,2020-07,1278
nominal_36,,,,214,Fixed,2020-09,1999-11,2017-08,2020-08,1284
nominal_36,,,,215,Fixed,2020-10,1999-11,2017-09,2020-09,1290
nominal_36,,,,216,Fixed,2020-11,1999-11,2017-10,2020-10,1296
nominal_36,,,,217,Fixed,2020-12,1999-11,2017-11,2020-11,1302
nominal_36,,,,218,Fixed,2021-01,1999-11,2017-12,2020-12,1308
nominal_36,,,,219,Fixed,2021-02,1999-11,2018-01,2021-01,1314
nominal_36,,,,220,Fixed,2021-03,1999-11,2018-02,2021-02,1320
nominal_36,,,,221,Fixed,2021-04,1999-11,2018-03,2021-03,1326
nominal_36,,,,222,Fixed,2021-05,1999-11,2018-04,2021-04,1332
nominal_36,,,,223,Fixed,2021-06,1999-11,2018-05,2021-05,1338
nominal_36,,,,224,Fixed,2021-07,1999-11,2018-06,2021-06,1344
nominal_36,,,,225,Fixed,2021-08,1999-11,2018-07,2021-07,1350
nominal_36,,,,226,Fixed,2021-09,1999-11,2018-08,2021-08,1356
nominal_36,,,,227,Fixed,2021-10,1999-11,2018-09,2021-09,1362
nominal_36,,,,228,Fixed,2021-11,1999-11,2018-10,2021-10,1368
nominal_36,,,,229,Fixed,2021-12,1999-11,2018-11,2021-11,1374
nominal_36,,,,230,Fixed,2022-01,1999-11,2018-12,2021-12,1380
nominal_36,,,,231,Fixed,2022-02,1999-11,2019-01,2022-01,1386
nominal_36,,,,232,Fixed,2022-03,1999-11,2019-02,2022-02,1392
nominal_36,,,,233,Fixed,2022-04,1999-11,2019-03,2022-03,1398
nominal_36,,,,234,Fixed,2022-05,1999-11,2019-04,2022-04,1404
nominal_36,,,,235,Fixed,2022-06,1999-11,2019-05,2022-05,1410
nominal_36,,,,236,Fixed,2022-07,1999-11,2019-06,2022-06,1416
nominal_36,,,,237,Fixed,2022-08,1999-11,2019-07,2022-07,1422
nominal_36,,,,238,Fixed,2022-09,1999-11,2019-08,2022-08,1428
nominal_36,,,,239,Fixed,2022-10,1999-11,2019-09,2022-09,1434
nominal_36,,,,240,Fixed,2022-11,1999-11,2019-10,2022-10,1440
nominal_36,,,,241,Fixed,2022-12,1999-11,2019-11,2022-11,1446
nominal_36,,,,242,Fixed,2023-01,1999-11,2019-12,2022-12,1452
nominal_36,,,,243,Fixed,2023-02,1999-11,2020-01,2023-01,1458
nominal_36,,,,244,Fixed,2023-03,1999-11,2020-02,2023-02,1464
nominal_36,,,,245,Fixed,2023-04,1999-11,2020-03,2023-03,1470
nominal_36,,,,246,Fixed,2023-05,1999-11,2020-04,2023-04,1476
nominal_36,,,,247,Fixed,2023-06,1999-11,2020-05,2023-05,1482
nominal_36,,,,248,Fixed,2023-07,1999-11,2020-06,2023-06,1488
nominal_36,,,,249,Fixed,2023-08,1999-11,2020-07,2023-07,1494
nominal_36,,,,250,Fixed,2023-09,1999-11,2020-08,2023-08,1500
nominal_36,,,,251,Fixed,2023-10,1999-11,2020-09,2023-09,1506
nominal_36,,,,252,Fixed,2023-11,1999-11,2020-10,2023-10,1512
nominal_36,,,,253,Fixed,2023-12,1999-11,2020-11,2023-11,1518
nominal_36,,,,254,Fixed,2024-01,1999-11,2020-12,2023-12,1524
nominal_36,,,,255,Fixed,2024-02,1999-11,2021-01,2024-01,1530
nominal_36,,,,256,Fixed,2024-03,1999-11,2021-02,2024-02,1536
nominal_36,,,,257,Fixed,2024-04,1999-11,2021-03,2024-03,1542
nominal_36,,,,258,Fixed,2024-05,1999-11,2021-04,2024-04,1548
nominal_36,,,,259,Fixed,2024-06,1999-11,2021-05,2024-05,1554
nominal_36,,,,260,Fixed,2024-07,1999-11,2021-06,2024-06,1560
nominal_36,,,,261,Fixed,2024-08,1999-11,2021-07,2024-07,1566
nominal_36,,,,262,Fixed,2024-09,1999-11,2021-08,2024-08,1572
nominal_36,,,,263,Fixed,2024-10,1999-11,2021-09,2024-09,1578
nominal_36,,,,264,Fixed,2024-11,1999-11,2021-10,2024-10,1584
nominal_36,,,,265,Fixed,2024-12,1999-11,2021-11,2024-11,1590
nominal_36,,,,266,Fixed,2025-01,1999-11,2021-12,2024-12,1596
nominal_36,,,,267,Fixed,2025-02,1999-11,2022-01,2025-01,1602
nominal_36,,,,268,Fixed,2025-03,1999-11,2022-02,2025-02,1608
nominal_36,,,,269,Fixed,2025-04,1999-11,2022-03,2025-03,1614
nominal_36,,,,270,Fixed,2025-05,1999-11,2022-04,2025-04,1620
nominal_36,,,,271,Fixed,2025-06,1999-11,2022-05,2025-05,1626
nominal_36,,,,272,Fixed,2025-07,1999-11,2022-06,2025-06,1632
nominal_36,,,,273,Fixed,2025-08,1999-11,2022-07,2025-07,1638
nominal_36,,,,274,Fixed,2025-09,1999-11,2022-08,2025-08,1644
nominal_36,,,,275,Fixed,2025-10,1999-11,2022-09,2025-09,1650
nominal_36,,,,276,Fixed,2025-11,1999-11,2022-10,2025-10,1656
nominal_36,,,,277,Fixed,2025-12,1999-11,2022-11,2025-11,1662
nominal_36,,,,278,Fixed,2026-01,1999-11,2022-12,2025-12,1668
nominal_36,,,,279,Fixed,2026-02,1999-11,2023-01,2026-01,1674
nominal_36,,,,280,Fixed,2026-03,1999-11,2023-02,2026-02,1680
nominal_36,,,,281,Fixed,2026-04,1999-11,2023-03,2026-03,1686
nominal_36,,,,282,Fixed,2026-05,1999-11,2023-04,2026-04,1692
nominal_36,,,,283,Fixed,2026-06,1999-11,2023-05,2026-05,1698
nominal_36,,,,284,Fixed,2026-07,1999-11,2023-06,2026-06,1704
nominal_36,,,,285,Fixed,2026-08,1999-11,2023-07,2026-07,1710
nominal_36,,,,60,Dynamic,2007-11,1999-11,2004-10,2007-10,360
nominal_36,,,,61,Dynamic,2007-12,1999-11,2004-11,2007-11,366
nominal_36,,,,62,Dynamic,2008-01,1999-11,2004-12,2007-12,372
nominal_36,,,,63,Dynamic,2008-02,1999-11,2005-01,2008-01,378
nominal_36,,,,64,Dynamic,2008-03,1999-11,2005-02,2008-02,384
nominal_36,,,,65,Dynamic,2008-04,1999-11,2005-03,2008-03,390
nominal_36,,,,66,Dynamic,2008-05,1999-11,2005-04,2008-04,396
nominal_36,,,,67,Dynamic,2008-06,1999-11,2005-05,2008-05,402
nominal_36,,,,68,Dynamic,2008-07,1999-11,2005-06,2008-06,408
nominal_36,,,,69,Dynamic,2008-08,1999-11,2005-07,2008-07,414
nominal_36,,,,70,Dynamic,2008-09,1999-11,2005-08,2008-08,420
nominal_36,,,,71,Dynamic,2008-10,1999-11,2005-09,2008-09,426
nominal_36,,,,72,Dynamic,2008-11,1999-11,2005-10,2008-10,432
nominal_36,,,,73,Dynamic,2008-12,1999-11,2005-11,2008-11,438
nominal_36,,,,74,Dynamic,2009-01,1999-11,2005-12,2008-12,444
nominal_36,,,,75,Dynamic,2009-02,1999-11,2006-01,2009-01,450
nominal_36,,,,76,Dynamic,2009-03,1999-11,2006-02,2009-02,456
nominal_36,,,,77,Dynamic,2009-04,1999-11,2006-03,2009-03,462
nominal_36,,,,78,Dynamic,2009-05,1999-11,2006-04,2009-04,468
nominal_36,,,,79,Dynamic,2009-06,1999-11,2006-05,2009-05,474
nominal_36,,,,80,Dynamic,2009-07,1999-11,2006-06,2009-06,480
nominal_36,,,,81,Dynamic,2009-08,1999-11,2006-07,2009-07,486
nominal_36,,,,82,Dynamic,2009-09,1999-11,2006-08,2009-08,492
nominal_36,,,,83,Dynamic,2009-10,1999-11,2006-09,2009-09,498
nominal_36,,,,84,Dynamic,2009-11,1999-11,2006-10,2009-10,504
nominal_36,,,,85,Dynamic,2009-12,1999-11,2006-11,2009-11,510
nominal_36,,,,86,Dynamic,2010-01,1999-11,2006-12,2009-12,516
nominal_36,,,,87,Dynamic,2010-02,1999-11,2007-01,2010-01,522
nominal_36,,,,88,Dynamic,2010-03,1999-11,2007-02,2010-02,528
nominal_36,,,,89,Dynamic,2010-04,1999-11,2007-03,2010-03,534
nominal_36,,,,90,Dynamic,2010-05,1999-11,2007-04,2010-04,540
nominal_36,,,,91,Dynamic,2010-06,1999-11,2007-05,2010-05,546
nominal_36,,,,92,Dynamic,2010-07,1999-11,2007-06,2010-06,552
nominal_36,,,,93,Dynamic,2010-08,1999-11,2007-07,2010-07,558
nominal_36,,,,94,Dynamic,2010-09,1999-11,2007-08,2010-08,564
nominal_36,,,,95,Dynamic,2010-10,1999-11,2007-09,2010-09,570
nominal_36,,,,96,Dynamic,2010-11,1999-11,2007-10,2010-10,576
nominal_36,,,,97,Dynamic,2010-12,1999-11,2007-11,2010-11,582
nominal_36,,,,98,Dynamic,2011-01,1999-11,2007-12,2010-12,588
nominal_36,,,,99,Dynamic,2011-02,1999-11,2008-01,2011-01,594
nominal_36,,,,100,Dynamic,2011-03,1999-11,2008-02,2011-02,600
nominal_36,,,,101,Dynamic,2011-04,1999-11,2008-03,2011-03,606
nominal_36,,,,102,Dynamic,2011-05,1999-11,2008-04,2011-04,612
nominal_36,,,,103,Dynamic,2011-06,1999-11,2008-05,2011-05,618
nominal_36,,,,104,Dynamic,2011-07,1999-11,2008-06,2011-06,624
nominal_36,,,,105,Dynamic,2011-08,1999-11,2008-07,2011-07,630
nominal_36,,,,106,Dynamic,2011-09,1999-11,2008-08,2011-08,636
nominal_36,,,,107,Dynamic,2011-10,1999-11,2008-09,2011-09,642
nominal_36,,,,108,Dynamic,2011-11,1999-11,2008-10,2011-10,648
nominal_36,,,,109,Dynamic,2011-12,1999-11,2008-11,2011-11,654
nominal_36,,,,110,Dynamic,2012-01,1999-11,2008-12,2011-12,660
nominal_36,,,,111,Dynamic,2012-02,1999-11,2009-01,2012-01,666
nominal_36,,,,112,Dynamic,2012-03,1999-11,2009-02,2012-02,672
nominal_36,,,,113,Dynamic,2012-04,1999-11,2009-03,2012-03,678
nominal_36,,,,114,Dynamic,2012-05,1999-11,2009-04,2012-04,684
nominal_36,,,,115,Dynamic,2012-06,1999-11,2009-05,2012-05,690
nominal_36,,,,116,Dynamic,2012-07,1999-11,2009-06,2012-06,696
nominal_36,,,,117,Dynamic,2012-08,1999-11,2009-07,2012-07,702
nominal_36,,,,118,Dynamic,2012-09,1999-11,2009-08,2012-08,708
nominal_36,,,,119,Dynamic,2012-10,1999-11,2009-09,2012-09,714
nominal_36,,,,120,Dynamic,2012-11,1999-11,2009-10,2012-10,720
nominal_36,,,,121,Dynamic,2012-12,1999-11,2009-11,2012-11,726
nominal_36,,,,122,Dynamic,2013-01,1999-11,2009-12,2012-12,732
nominal_36,,,,123,Dynamic,2013-02,1999-11,2010-01,2013-01,738
nominal_36,,,,124,Dynamic,2013-03,1999-11,2010-02,2013-02,744
nominal_36,,,,125,Dynamic,2013-04,1999-11,2010-03,2013-03,750
nominal_36,,,,126,Dynamic,2013-05,1999-11,2010-04,2013-04,756
nominal_36,,,,127,Dynamic,2013-06,1999-11,2010-05,2013-05,762
nominal_36,,,,128,Dynamic,2013-07,1999-11,2010-06,2013-06,768
nominal_36,,,,129,Dynamic,2013-08,1999-11,2010-07,2013-07,774
nominal_36,,,,130,Dynamic,2013-09,1999-11,2010-08,2013-08,780
nominal_36,,,,131,Dynamic,2013-10,1999-11,2010-09,2013-09,786
nominal_36,,,,132,Dynamic,2013-11,1999-11,2010-10,2013-10,792
nominal_36,,,,133,Dynamic,2013-12,1999-11,2010-11,2013-11,798
nominal_36,,,,134,Dynamic,2014-01,1999-11,2010-12,2013-12,804
nominal_36,,,,135,Dynamic,2014-02,1999-11,2011-01,2014-01,810
nominal_36,,,,136,Dynamic,2014-03,1999-11,2011-02,2014-02,816
nominal_36,,,,137,Dynamic,2014-04,1999-11,2011-03,2014-03,822
nominal_36,,,,138,Dynamic,2014-05,1999-11,2011-04,2014-04,828
nominal_36,,,,139,Dynamic,2014-06,1999-11,2011-05,2014-05,834
nominal_36,,,,140,Dynamic,2014-07,1999-11,2011-06,2014-06,840
nominal_36,,,,141,Dynamic,2014-08,1999-11,2011-07,2014-07,846
nominal_36,,,,142,Dynamic,2014-09,1999-11,2011-08,2014-08,852
nominal_36,,,,143,Dynamic,2014-10,1999-11,2011-09,2014-09,858
nominal_36,,,,144,Dynamic,2014-11,1999-11,2011-10,2014-10,864
nominal_36,,,,145,Dynamic,2014-12,1999-11,2011-11,2014-11,870
nominal_36,,,,146,Dynamic,2015-01,1999-11,2011-12,2014-12,876
nominal_36,,,,147,Dynamic,2015-02,1999-11,2012-01,2015-01,882
nominal_36,,,,148,Dynamic,2015-03,1999-11,2012-02,2015-02,888
nominal_36,,,,149,Dynamic,2015-04,1999-11,2012-03,2015-03,894
nominal_36,,,,150,Dynamic,2015-05,1999-11,2012-04,2015-04,900
nominal_36,,,,151,Dynamic,2015-06,1999-11,2012-05,2015-05,906
nominal_36,,,,152,Dynamic,2015-07,1999-11,2012-06,2015-06,912
nominal_36,,,,153,Dynamic,2015-08,1999-11,2012-07,2015-07,918
nominal_36,,,,154,Dynamic,2015-09,1999-11,2012-08,2015-08,924
nominal_36,,,,155,Dynamic,2015-10,1999-11,2012-09,2015-09,930
nominal_36,,,,156,Dynamic,2015-11,1999-11,2012-10,2015-10,936
nominal_36,,,,157,Dynamic,2015-12,1999-11,2012-11,2015-11,942
nominal_36,,,,158,Dynamic,2016-01,1999-11,2012-12,2015-12,948
nominal_36,,,,159,Dynamic,2016-02,1999-11,2013-01,2016-01,954
nominal_36,,,,160,Dynamic,2016-03,1999-11,2013-02,2016-02,960
nominal_36,,,,161,Dynamic,2016-04,1999-11,2013-03,2016-03,966
nominal_36,,,,162,Dynamic,2016-05,1999-11,2013-04,2016-04,972
nominal_36,,,,163,Dynamic,2016-06,1999-11,2013-05,2016-05,978
nominal_36,,,,164,Dynamic,2016-07,1999-11,2013-06,2016-06,984
nominal_36,,,,165,Dynamic,2016-08,1999-11,2013-07,2016-07,990
nominal_36,,,,166,Dynamic,2016-09,1999-11,2013-08,2016-08,996
nominal_36,,,,167,Dynamic,2016-10,1999-11,2013-09,2016-09,1002
nominal_36,,,,168,Dynamic,2016-11,1999-11,2013-10,2016-10,1008
nominal_36,,,,169,Dynamic,2016-12,1999-11,2013-11,2016-11,1014
nominal_36,,,,170,Dynamic,2017-01,1999-11,2013-12,2016-12,1020
nominal_36,,,,171,Dynamic,2017-02,1999-11,2014-01,2017-01,1026
nominal_36,,,,172,Dynamic,2017-03,1999-11,2014-02,2017-02,1032
nominal_36,,,,173,Dynamic,2017-04,1999-11,2014-03,2017-03,1038
nominal_36,,,,174,Dynamic,2017-05,1999-11,2014-04,2017-04,1044
nominal_36,,,,175,Dynamic,2017-06,1999-11,2014-05,2017-05,1050
nominal_36,,,,176,Dynamic,2017-07,1999-11,2014-06,2017-06,1056
nominal_36,,,,177,Dynamic,2017-08,1999-11,2014-07,2017-07,1062
nominal_36,,,,178,Dynamic,2017-09,1999-11,2014-08,2017-08,1068
nominal_36,,,,179,Dynamic,2017-10,1999-11,2014-09,2017-09,1074
nominal_36,,,,180,Dynamic,2017-11,1999-11,2014-10,2017-10,1080
nominal_36,,,,181,Dynamic,2017-12,1999-11,2014-11,2017-11,1086
nominal_36,,,,182,Dynamic,2018-01,1999-11,2014-12,2017-12,1092
nominal_36,,,,183,Dynamic,2018-02,1999-11,2015-01,2018-01,1098
nominal_36,,,,184,Dynamic,2018-03,1999-11,2015-02,2018-02,1104
nominal_36,,,,185,Dynamic,2018-04,1999-11,2015-03,2018-03,1110
nominal_36,,,,186,Dynamic,2018-05,1999-11,2015-04,2018-04,1116
nominal_36,,,,187,Dynamic,2018-06,1999-11,2015-05,2018-05,1122
nominal_36,,,,188,Dynamic,2018-07,1999-11,2015-06,2018-06,1128
nominal_36,,,,189,Dynamic,2018-08,1999-11,2015-07,2018-07,1134
nominal_36,,,,190,Dynamic,2018-09,1999-11,2015-08,2018-08,1140
nominal_36,,,,191,Dynamic,2018-10,1999-11,2015-09,2018-09,1146
nominal_36,,,,192,Dynamic,2018-11,1999-11,2015-10,2018-10,1152
nominal_36,,,,193,Dynamic,2018-12,1999-11,2015-11,2018-11,1158
nominal_36,,,,194,Dynamic,2019-01,1999-11,2015-12,2018-12,1164
nominal_36,,,,195,Dynamic,2019-02,1999-11,2016-01,2019-01,1170
nominal_36,,,,196,Dynamic,2019-03,1999-11,2016-02,2019-02,1176
nominal_36,,,,197,Dynamic,2019-04,1999-11,2016-03,2019-03,1182
nominal_36,,,,198,Dynamic,2019-05,1999-11,2016-04,2019-04,1188
nominal_36,,,,199,Dynamic,2019-06,1999-11,2016-05,2019-05,1194
nominal_36,,,,200,Dynamic,2019-07,1999-11,2016-06,2019-06,1200
nominal_36,,,,201,Dynamic,2019-08,1999-11,2016-07,2019-07,1206
nominal_36,,,,202,Dynamic,2019-09,1999-11,2016-08,2019-08,1212
nominal_36,,,,203,Dynamic,2019-10,1999-11,2016-09,2019-09,1218
nominal_36,,,,204,Dynamic,2019-11,1999-11,2016-10,2019-10,1224
nominal_36,,,,205,Dynamic,2019-12,1999-11,2016-11,2019-11,1230
nominal_36,,,,206,Dynamic,2020-01,1999-11,2016-12,2019-12,1236
nominal_36,,,,207,Dynamic,2020-02,1999-11,2017-01,2020-01,1242
nominal_36,,,,208,Dynamic,2020-03,1999-11,2017-02,2020-02,1248
nominal_36,,,,209,Dynamic,2020-04,1999-11,2017-03,2020-03,1254
nominal_36,,,,210,Dynamic,2020-05,1999-11,2017-04,2020-04,1260
nominal_36,,,,211,Dynamic,2020-06,1999-11,2017-05,2020-05,1266
nominal_36,,,,212,Dynamic,2020-07,1999-11,2017-06,2020-06,1272
nominal_36,,,,213,Dynamic,2020-08,1999-11,2017-07,2020-07,1278
nominal_36,,,,214,Dynamic,2020-09,1999-11,2017-08,2020-08,1284
nominal_36,,,,215,Dynamic,2020-10,1999-11,2017-09,2020-09,1290
nominal_36,,,,216,Dynamic,2020-11,1999-11,2017-10,2020-10,1296
nominal_36,,,,217,Dynamic,2020-12,1999-11,2017-11,2020-11,1302
nominal_36,,,,218,Dynamic,2021-01,1999-11,2017-12,2020-12,1308
nominal_36,,,,219,Dynamic,2021-02,1999-11,2018-01,2021-01,1314
nominal_36,,,,220,Dynamic,2021-03,1999-11,2018-02,2021-02,1320
nominal_36,,,,221,Dynamic,2021-04,1999-11,2018-03,2021-03,1326
nominal_36,,,,222,Dynamic,2021-05,1999-11,2018-04,2021-04,1332
nominal_36,,,,223,Dynamic,2021-06,1999-11,2018-05,2021-05,1338
nominal_36,,,,224,Dynamic,2021-07,1999-11,2018-06,2021-06,1344
nominal_36,,,,225,Dynamic,2021-08,1999-11,2018-07,2021-07,1350
nominal_36,,,,226,Dynamic,2021-09,1999-11,2018-08,2021-08,1356
nominal_36,,,,227,Dynamic,2021-10,1999-11,2018-09,2021-09,1362
nominal_36,,,,228,Dynamic,2021-11,1999-11,2018-10,2021-10,1368
nominal_36,,,,229,Dynamic,2021-12,1999-11,2018-11,2021-11,1374
nominal_36,,,,230,Dynamic,2022-01,1999-11,2018-12,2021-12,1380
nominal_36,,,,231,Dynamic,2022-02,1999-11,2019-01,2022-01,1386
nominal_36,,,,232,Dynamic,2022-03,1999-11,2019-02,2022-02,1392
nominal_36,,,,233,Dynamic,2022-04,1999-11,2019-03,2022-03,1398
nominal_36,,,,234,Dynamic,2022-05,1999-11,2019-04,2022-04,1404
nominal_36,,,,235,Dynamic,2022-06,1999-11,2019-05,2022-05,1410
nominal_36,,,,236,Dynamic,2022-07,1999-11,2019-06,2022-06,1416
nominal_36,,,,237,Dynamic,2022-08,1999-11,2019-07,2022-07,1422
nominal_36,,,,238,Dynamic,2022-09,1999-11,2019-08,2022-08,1428
nominal_36,,,,239,Dynamic,2022-10,1999-11,2019-09,2022-09,1434
nominal_36,,,,240,Dynamic,2022-11,1999-11,2019-10,2022-10,1440
nominal_36,,,,241,Dynamic,2022-12,1999-11,2019-11,2022-11,1446
nominal_36,,,,242,Dynamic,2023-01,1999-11,2019-12,2022-12,1452
nominal_36,,,,243,Dynamic,2023-02,1999-11,2020-01,2023-01,1458
nominal_36,,,,244,Dynamic,2023-03,1999-11,2020-02,2023-02,1464
nominal_36,,,,245,Dynamic,2023-04,1999-11,2020-03,2023-03,1470
nominal_36,,,,246,Dynamic,2023-05,1999-11,2020-04,2023-04,1476
nominal_36,,,,247,Dynamic,2023-06,1999-11,2020-05,2023-05,1482
nominal_36,,,,248,Dynamic,2023-07,1999-11,2020-06,2023-06,1488
nominal_36,,,,249,Dynamic,2023-08,1999-11,2020-07,2023-07,1494
nominal_36,,,,250,Dynamic,2023-09,1999-11,2020-08,2023-08,1500
nominal_36,,,,251,Dynamic,2023-10,1999-11,2020-09,2023-09,1506
nominal_36,,,,252,Dynamic,2023-11,1999-11,2020-10,2023-10,1512
nominal_36,,,,253,Dynamic,2023-12,1999-11,2020-11,2023-11,1518
nominal_36,,,,254,Dynamic,2024-01,1999-11,2020-12,2023-12,1524
nominal_36,,,,255,Dynamic,2024-02,1999-11,2021-01,2024-01,1530
nominal_36,,,,256,Dynamic,2024-03,1999-11,2021-02,2024-02,1536
nominal_36,,,,257,Dynamic,2024-04,1999-11,2021-03,2024-03,1542
nominal_36,,,,258,Dynamic,2024-05,1999-11,2021-04,2024-04,1548
nominal_36,,,,259,Dynamic,2024-06,1999-11,2021-05,2024-05,1554
nominal_36,,,,260,Dynamic,2024-07,1999-11,2021-06,2024-06,1560
nominal_36,,,,261,Dynamic,2024-08,1999-11,2021-07,2024-07,1566
nominal_36,,,,262,Dynamic,2024-09,1999-11,2021-08,2024-08,1572
nominal_36,,,,263,Dynamic,2024-10,1999-11,2021-09,2024-09,1578
nominal_36,,,,264,Dynamic,2024-11,1999-11,2021-10,2024-10,1584
nominal_36,,,,265,Dynamic,2024-12,1999-11,2021-11,2024-11,1590
nominal_36,,,,266,Dynamic,2025-01,1999-11,2021-12,2024-12,1596
nominal_36,,,,267,Dynamic,2025-02,1999-11,2022-01,2025-01,1602
nominal_36,,,,268,Dynamic,2025-03,1999-11,2022-02,2025-02,1608
nominal_36,,,,269,Dynamic,2025-04,1999-11,2022-03,2025-03,1614
nominal_36,,,,270,Dynamic,2025-05,1999-11,2022-04,2025-04,1620
nominal_36,,,,271,Dynamic,2025-06,1999-11,2022-05,2025-05,1626
nominal_36,,,,272,Dynamic,2025-07,1999-11,2022-06,2025-06,1632
nominal_36,,,,273,Dynamic,2025-08,1999-11,2022-07,2025-07,1638
nominal_36,,,,274,Dynamic,2025-09,1999-11,2022-08,2025-08,1644
nominal_36,,,,275,Dynamic,2025-10,1999-11,2022-09,2025-09,1650
nominal_36,,,,276,Dynamic,2025-11,1999-11,2022-10,2025-10,1656
nominal_36,,,,277,Dynamic,2025-12,1999-11,2022-11,2025-11,1662
nominal_36,,,,278,Dynamic,2026-01,1999-11,2022-12,2025-12,1668
nominal_36,,,,279,Dynamic,2026-02,1999-11,2023-01,2026-01,1674
nominal_36,,,,280,Dynamic,2026-03,1999-11,2023-02,2026-02,1680
nominal_36,,,,281,Dynamic,2026-04,1999-11,2023-03,2026-03,1686
nominal_36,,,,282,Dynamic,2026-05,1999-11,2023-04,2026-04,1692
nominal_36,,,,283,Dynamic,2026-06,1999-11,2023-05,2026-05,1698
nominal_36,,,,284,Dynamic,2026-07,1999-11,2023-06,2026-06,1704
nominal_36,,,,285,Dynamic,2026-08,1999-11,2023-07,2026-07,1710
real_60,,,,60,Base,2011-02,2000-12,2005-11,2011-01,360
real_60,,,,61,Base,2011-03,2000-12,2005-12,2011-02,366
real_60,,,,62,Base,2011-04,2000-12,2006-01,2011-03,372
real_60,,,,63,Base,2011-05,2000-12,2006-02,2011-04,378
real_60,,,,64,Base,2011-06,2000-12,2006-03,2011-05,384
real_60,,,,65,Base,2011-07,2000-12,2006-04,2011-06,390
real_60,,,,66,Base,2011-08,2000-12,2006-05,2011-07,396
real_60,,,,67,Base,2011-09,2000-12,2006-06,2011-08,402
real_60,,,,68,Base,2011-10,2000-12,2006-07,2011-09,408
real_60,,,,69,Base,2011-11,2000-12,2006-08,2011-10,414
real_60,,,,70,Base,2011-12,2000-12,2006-09,2011-11,420
real_60,,,,71,Base,2012-01,2000-12,2006-10,2011-12,426
real_60,,,,72,Base,2012-02,2000-12,2006-11,2012-01,432
real_60,,,,73,Base,2012-03,2000-12,2006-12,2012-02,438
real_60,,,,74,Base,2012-04,2000-12,2007-01,2012-03,444
real_60,,,,75,Base,2012-05,2000-12,2007-02,2012-04,450
real_60,,,,76,Base,2012-06,2000-12,2007-03,2012-05,456
real_60,,,,77,Base,2012-07,2000-12,2007-04,2012-06,462
real_60,,,,78,Base,2012-08,2000-12,2007-05,2012-07,468
real_60,,,,79,Base,2012-09,2000-12,2007-06,2012-08,474
real_60,,,,80,Base,2012-10,2000-12,2007-07,2012-09,480
real_60,,,,81,Base,2012-11,2000-12,2007-08,2012-10,486
real_60,,,,82,Base,2012-12,2000-12,2007-09,2012-11,492
real_60,,,,83,Base,2013-01,2000-12,2007-10,2012-12,498
real_60,,,,84,Base,2013-02,2000-12,2007-11,2013-01,504
real_60,,,,85,Base,2013-03,2000-12,2007-12,2013-02,510
real_60,,,,86,Base,2013-04,2000-12,2008-01,2013-03,516
real_60,,,,87,Base,2013-05,2000-12,2008-02,2013-04,522
real_60,,,,88,Base,2013-06,2000-12,2008-03,2013-05,528
real_60,,,,89,Base,2013-07,2000-12,2008-04,2013-06,534
real_60,,,,90,Base,2013-08,2000-12,2008-05,2013-07,540
real_60,,,,91,Base,2013-09,2000-12,2008-06,2013-08,546
real_60,,,,92,Base,2013-10,2000-12,2008-07,2013-09,552
real_60,,,,93,Base,2013-11,2000-12,2008-08,2013-10,558
real_60,,,,94,Base,2013-12,2000-12,2008-09,2013-11,564
real_60,,,,95,Base,2014-01,2000-12,2008-10,2013-12,570
real_60,,,,96,Base,2014-02,2000-12,2008-11,2014-01,576
real_60,,,,97,Base,2014-03,2000-12,2008-12,2014-02,582
real_60,,,,98,Base,2014-04,2000-12,2009-01,2014-03,588
real_60,,,,99,Base,2014-05,2000-12,2009-02,2014-04,594
real_60,,,,100,Base,2014-06,2000-12,2009-03,2014-05,600
real_60,,,,101,Base,2014-07,2000-12,2009-04,2014-06,606
real_60,,,,102,Base,2014-08,2000-12,2009-05,2014-07,612
real_60,,,,103,Base,2014-09,2000-12,2009-06,2014-08,618
real_60,,,,104,Base,2014-10,2000-12,2009-07,2014-09,624
real_60,,,,105,Base,2014-11,2000-12,2009-08,2014-10,630
real_60,,,,106,Base,2014-12,2000-12,2009-09,2014-11,636
real_60,,,,107,Base,2015-01,2000-12,2009-10,2014-12,642
real_60,,,,108,Base,2015-02,2000-12,2009-11,2015-01,648
real_60,,,,109,Base,2015-03,2000-12,2009-12,2015-02,654
real_60,,,,110,Base,2015-04,2000-12,2010-01,2015-03,660
real_60,,,,111,Base,2015-05,2000-12,2010-02,2015-04,666
real_60,,,,112,Base,2015-06,2000-12,2010-03,2015-05,672
real_60,,,,113,Base,2015-07,2000-12,2010-04,2015-06,678
real_60,,,,114,Base,2015-08,2000-12,2010-05,2015-07,684
real_60,,,,115,Base,2015-09,2000-12,2010-06,2015-08,690
real_60,,,,116,Base,2015-10,2000-12,2010-07,2015-09,696
real_60,,,,117,Base,2015-11,2000-12,2010-08,2015-10,702
real_60,,,,118,Base,2015-12,2000-12,2010-09,2015-11,708
real_60,,,,119,Base,2016-01,2000-12,2010-10,2015-12,714
real_60,,,,120,Base,2016-02,2000-12,2010-11,2016-01,720
real_60,,,,121,Base,2016-03,2000-12,2010-12,2016-02,726
real_60,,,,122,Base,2016-04,2000-12,2011-01,2016-03,732
real_60,,,,123,Base,2016-05,2000-12,2011-02,2016-04,738
real_60,,,,124,Base,2016-06,2000-12,2011-03,2016-05,744
real_60,,,,125,Base,2016-07,2000-12,2011-04,2016-06,750
real_60,,,,126,Base,2016-08,2000-12,2011-05,2016-07,756
real_60,,,,127,Base,2016-09,2000-12,2011-06,2016-08,762
real_60,,,,128,Base,2016-10,2000-12,2011-07,2016-09,768
real_60,,,,129,Base,2016-11,2000-12,2011-08,2016-10,774
real_60,,,,130,Base,2016-12,2000-12,2011-09,2016-11,780
real_60,,,,131,Base,2017-01,2000-12,2011-10,2016-12,786
real_60,,,,132,Base,2017-02,2000-12,2011-11,2017-01,792
real_60,,,,133,Base,2017-03,2000-12,2011-12,2017-02,798
real_60,,,,134,Base,2017-04,2000-12,2012-01,2017-03,804
real_60,,,,135,Base,2017-05,2000-12,2012-02,2017-04,810
real_60,,,,136,Base,2017-06,2000-12,2012-03,2017-05,816
real_60,,,,137,Base,2017-07,2000-12,2012-04,2017-06,822
real_60,,,,138,Base,2017-08,2000-12,2012-05,2017-07,828
real_60,,,,139,Base,2017-09,2000-12,2012-06,2017-08,834
real_60,,,,140,Base,2017-10,2000-12,2012-07,2017-09,840
real_60,,,,141,Base,2017-11,2000-12,2012-08,2017-10,846
real_60,,,,142,Base,2017-12,2000-12,2012-09,2017-11,852
real_60,,,,143,Base,2018-01,2000-12,2012-10,2017-12,858
real_60,,,,144,Base,2018-02,2000-12,2012-11,2018-01,864
real_60,,,,145,Base,2018-03,2000-12,2012-12,2018-02,870
real_60,,,,146,Base,2018-04,2000-12,2013-01,2018-03,876
real_60,,,,147,Base,2018-05,2000-12,2013-02,2018-04,882
real_60,,,,148,Base,2018-06,2000-12,2013-03,2018-05,888
real_60,,,,149,Base,2018-07,2000-12,2013-04,2018-06,894
real_60,,,,150,Base,2018-08,2000-12,2013-05,2018-07,900
real_60,,,,151,Base,2018-09,2000-12,2013-06,2018-08,906
real_60,,,,152,Base,2018-10,2000-12,2013-07,2018-09,912
real_60,,,,153,Base,2018-11,2000-12,2013-08,2018-10,918
real_60,,,,154,Base,2018-12,2000-12,2013-09,2018-11,924
real_60,,,,155,Base,2019-01,2000-12,2013-10,2018-12,930
real_60,,,,156,Base,2019-02,2000-12,2013-11,2019-01,936
real_60,,,,157,Base,2019-03,2000-12,2013-12,2019-02,942
real_60,,,,158,Base,2019-04,2000-12,2014-01,2019-03,948
real_60,,,,159,Base,2019-05,2000-12,2014-02,2019-04,954
real_60,,,,160,Base,2019-06,2000-12,2014-03,2019-05,960
real_60,,,,161,Base,2019-07,2000-12,2014-04,2019-06,966
real_60,,,,162,Base,2019-08,2000-12,2014-05,2019-07,972
real_60,,,,163,Base,2019-09,2000-12,2014-06,2019-08,978
real_60,,,,164,Base,2019-10,2000-12,2014-07,2019-09,984
real_60,,,,165,Base,2019-11,2000-12,2014-08,2019-10,990
real_60,,,,166,Base,2019-12,2000-12,2014-09,2019-11,996
real_60,,,,167,Base,2020-01,2000-12,2014-10,2019-12,1002
real_60,,,,168,Base,2020-02,2000-12,2014-11,2020-01,1008
real_60,,,,169,Base,2020-03,2000-12,2014-12,2020-02,1014
real_60,,,,170,Base,2020-04,2000-12,2015-01,2020-03,1020
real_60,,,,171,Base,2020-05,2000-12,2015-02,2020-04,1026
real_60,,,,172,Base,2020-06,2000-12,2015-03,2020-05,1032
real_60,,,,173,Base,2020-07,2000-12,2015-04,2020-06,1038
real_60,,,,174,Base,2020-08,2000-12,2015-05,2020-07,1044
real_60,,,,175,Base,2020-09,2000-12,2015-06,2020-08,1050
real_60,,,,176,Base,2020-10,2000-12,2015-07,2020-09,1056
real_60,,,,177,Base,2020-11,2000-12,2015-08,2020-10,1062
real_60,,,,178,Base,2020-12,2000-12,2015-09,2020-11,1068
real_60,,,,179,Base,2021-01,2000-12,2015-10,2020-12,1074
real_60,,,,180,Base,2021-02,2000-12,2015-11,2021-01,1080
real_60,,,,181,Base,2021-03,2000-12,2015-12,2021-02,1086
real_60,,,,182,Base,2021-04,2000-12,2016-01,2021-03,1092
real_60,,,,183,Base,2021-05,2000-12,2016-02,2021-04,1098
real_60,,,,184,Base,2021-06,2000-12,2016-03,2021-05,1104
real_60,,,,185,Base,2021-07,2000-12,2016-04,2021-06,1110
real_60,,,,186,Base,2021-08,2000-12,2016-05,2021-07,1116
real_60,,,,187,Base,2021-09,2000-12,2016-06,2021-08,1122
real_60,,,,188,Base,2021-10,2000-12,2016-07,2021-09,1128
real_60,,,,189,Base,2021-11,2000-12,2016-08,2021-10,1134
real_60,,,,190,Base,2021-12,2000-12,2016-09,2021-11,1140
real_60,,,,191,Base,2022-01,2000-12,2016-10,2021-12,1146
real_60,,,,192,Base,2022-02,2000-12,2016-11,2022-01,1152
real_60,,,,193,Base,2022-03,2000-12,2016-12,2022-02,1158
real_60,,,,194,Base,2022-04,2000-12,2017-01,2022-03,1164
real_60,,,,195,Base,2022-05,2000-12,2017-02,2022-04,1170
real_60,,,,196,Base,2022-06,2000-12,2017-03,2022-05,1176
real_60,,,,197,Base,2022-07,2000-12,2017-04,2022-06,1182
real_60,,,,198,Base,2022-08,2000-12,2017-05,2022-07,1188
real_60,,,,199,Base,2022-09,2000-12,2017-06,2022-08,1194
real_60,,,,200,Base,2022-10,2000-12,2017-07,2022-09,1200
real_60,,,,201,Base,2022-11,2000-12,2017-08,2022-10,1206
real_60,,,,202,Base,2022-12,2000-12,2017-09,2022-11,1212
real_60,,,,203,Base,2023-01,2000-12,2017-10,2022-12,1218
real_60,,,,204,Base,2023-02,2000-12,2017-11,2023-01,1224
real_60,,,,205,Base,2023-03,2000-12,2017-12,2023-02,1230
real_60,,,,206,Base,2023-04,2000-12,2018-01,2023-03,1236
real_60,,,,207,Base,2023-05,2000-12,2018-02,2023-04,1242
real_60,,,,208,Base,2023-06,2000-12,2018-03,2023-05,1248
real_60,,,,209,Base,2023-07,2000-12,2018-04,2023-06,1254
real_60,,,,210,Base,2023-08,2000-12,2018-05,2023-07,1260
real_60,,,,211,Base,2023-09,2000-12,2018-06,2023-08,1266
real_60,,,,212,Base,2023-10,2000-12,2018-07,2023-09,1272
real_60,,,,213,Base,2023-11,2000-12,2018-08,2023-10,1278
real_60,,,,214,Base,2023-12,2000-12,2018-09,2023-11,1284
real_60,,,,215,Base,2024-01,2000-12,2018-10,2023-12,1290
real_60,,,,216,Base,2024-02,2000-12,2018-11,2024-01,1296
real_60,,,,217,Base,2024-03,2000-12,2018-12,2024-02,1302
real_60,,,,218,Base,2024-04,2000-12,2019-01,2024-03,1308
real_60,,,,219,Base,2024-05,2000-12,2019-02,2024-04,1314
real_60,,,,220,Base,2024-06,2000-12,2019-03,2024-05,1320
real_60,,,,221,Base,2024-07,2000-12,2019-04,2024-06,1326
real_60,,,,222,Base,2024-08,2000-12,2019-05,2024-07,1332
real_60,,,,223,Base,2024-09,2000-12,2019-06,2024-08,1338
real_60,,,,224,Base,2024-10,2000-12,2019-07,2024-09,1344
real_60,,,,225,Base,2024-11,2000-12,2019-08,2024-10,1350
real_60,,,,226,Base,2024-12,2000-12,2019-09,2024-11,1356
real_60,,,,227,Base,2025-01,2000-12,2019-10,2024-12,1362
real_60,,,,228,Base,2025-02,2000-12,2019-11,2025-01,1368
real_60,,,,229,Base,2025-03,2000-12,2019-12,2025-02,1374
real_60,,,,230,Base,2025-04,2000-12,2020-01,2025-03,1380
real_60,,,,231,Base,2025-05,2000-12,2020-02,2025-04,1386
real_60,,,,232,Base,2025-06,2000-12,2020-03,2025-05,1392
real_60,,,,233,Base,2025-07,2000-12,2020-04,2025-06,1398
real_60,,,,234,Base,2025-08,2000-12,2020-05,2025-07,1404
real_60,,,,235,Base,2025-09,2000-12,2020-06,2025-08,1410
real_60,,,,236,Base,2025-10,2000-12,2020-07,2025-09,1416
real_60,,,,237,Base,2025-11,2000-12,2020-08,2025-10,1422
real_60,,,,238,Base,2025-12,2000-12,2020-09,2025-11,1428
real_60,,,,239,Base,2026-01,2000-12,2020-10,2025-12,1434
real_60,,,,240,Base,2026-02,2000-12,2020-11,2026-01,1440
real_60,,,,241,Base,2026-03,2000-12,2020-12,2026-02,1446
real_60,,,,242,Base,2026-04,2000-12,2021-01,2026-03,1452
real_60,,,,243,Base,2026-05,2000-12,2021-02,2026-04,1458
real_60,,,,244,Base,2026-06,2000-12,2021-03,2026-05,1464
real_60,,,,245,Base,2026-07,2000-12,2021-04,2026-06,1470
real_60,,,,246,Base,2026-08,2000-12,2021-05,2026-07,1476
real_60,,,,60,fixed,2011-02,2000-12,2005-11,2011-01,360
real_60,,,,61,fixed,2011-03,2000-12,2005-12,2011-02,366
real_60,,,,62,fixed,2011-04,2000-12,2006-01,2011-03,372
real_60,,,,63,fixed,2011-05,2000-12,2006-02,2011-04,378
real_60,,,,64,fixed,2011-06,2000-12,2006-03,2011-05,384
real_60,,,,65,fixed,2011-07,2000-12,2006-04,2011-06,390
real_60,,,,66,fixed,2011-08,2000-12,2006-05,2011-07,396
real_60,,,,67,fixed,2011-09,2000-12,2006-06,2011-08,402
real_60,,,,68,fixed,2011-10,2000-12,2006-07,2011-09,408
real_60,,,,69,fixed,2011-11,2000-12,2006-08,2011-10,414
real_60,,,,70,fixed,2011-12,2000-12,2006-09,2011-11,420
real_60,,,,71,fixed,2012-01,2000-12,2006-10,2011-12,426
real_60,,,,72,fixed,2012-02,2000-12,2006-11,2012-01,432
real_60,,,,73,fixed,2012-03,2000-12,2006-12,2012-02,438
real_60,,,,74,fixed,2012-04,2000-12,2007-01,2012-03,444
real_60,,,,75,fixed,2012-05,2000-12,2007-02,2012-04,450
real_60,,,,76,fixed,2012-06,2000-12,2007-03,2012-05,456
real_60,,,,77,fixed,2012-07,2000-12,2007-04,2012-06,462
real_60,,,,78,fixed,2012-08,2000-12,2007-05,2012-07,468
real_60,,,,79,fixed,2012-09,2000-12,2007-06,2012-08,474
real_60,,,,80,fixed,2012-10,2000-12,2007-07,2012-09,480
real_60,,,,81,fixed,2012-11,2000-12,2007-08,2012-10,486
real_60,,,,82,fixed,2012-12,2000-12,2007-09,2012-11,492
real_60,,,,83,fixed,2013-01,2000-12,2007-10,2012-12,498
real_60,,,,84,fixed,2013-02,2000-12,2007-11,2013-01,504
real_60,,,,85,fixed,2013-03,2000-12,2007-12,2013-02,510
real_60,,,,86,fixed,2013-04,2000-12,2008-01,2013-03,516
real_60,,,,87,fixed,2013-05,2000-12,2008-02,2013-04,522
real_60,,,,88,fixed,2013-06,2000-12,2008-03,2013-05,528
real_60,,,,89,fixed,2013-07,2000-12,2008-04,2013-06,534
real_60,,,,90,fixed,2013-08,2000-12,2008-05,2013-07,540
real_60,,,,91,fixed,2013-09,2000-12,2008-06,2013-08,546
real_60,,,,92,fixed,2013-10,2000-12,2008-07,2013-09,552
real_60,,,,93,fixed,2013-11,2000-12,2008-08,2013-10,558
real_60,,,,94,fixed,2013-12,2000-12,2008-09,2013-11,564
real_60,,,,95,fixed,2014-01,2000-12,2008-10,2013-12,570
real_60,,,,96,fixed,2014-02,2000-12,2008-11,2014-01,576
real_60,,,,97,fixed,2014-03,2000-12,2008-12,2014-02,582
real_60,,,,98,fixed,2014-04,2000-12,2009-01,2014-03,588
real_60,,,,99,fixed,2014-05,2000-12,2009-02,2014-04,594
real_60,,,,100,fixed,2014-06,2000-12,2009-03,2014-05,600
real_60,,,,101,fixed,2014-07,2000-12,2009-04,2014-06,606
real_60,,,,102,fixed,2014-08,2000-12,2009-05,2014-07,612
real_60,,,,103,fixed,2014-09,2000-12,2009-06,2014-08,618
real_60,,,,104,fixed,2014-10,2000-12,2009-07,2014-09,624
real_60,,,,105,fixed,2014-11,2000-12,2009-08,2014-10,630
real_60,,,,106,fixed,2014-12,2000-12,2009-09,2014-11,636
real_60,,,,107,fixed,2015-01,2000-12,2009-10,2014-12,642
real_60,,,,108,fixed,2015-02,2000-12,2009-11,2015-01,648
real_60,,,,109,fixed,2015-03,2000-12,2009-12,2015-02,654
real_60,,,,110,fixed,2015-04,2000-12,2010-01,2015-03,660
real_60,,,,111,fixed,2015-05,2000-12,2010-02,2015-04,666
real_60,,,,112,fixed,2015-06,2000-12,2010-03,2015-05,672
real_60,,,,113,fixed,2015-07,2000-12,2010-04,2015-06,678
real_60,,,,114,fixed,2015-08,2000-12,2010-05,2015-07,684
real_60,,,,115,fixed,2015-09,2000-12,2010-06,2015-08,690
real_60,,,,116,fixed,2015-10,2000-12,2010-07,2015-09,696
real_60,,,,117,fixed,2015-11,2000-12,2010-08,2015-10,702
real_60,,,,118,fixed,2015-12,2000-12,2010-09,2015-11,708
real_60,,,,119,fixed,2016-01,2000-12,2010-10,2015-12,714
real_60,,,,120,fixed,2016-02,2000-12,2010-11,2016-01,720
real_60,,,,121,fixed,2016-03,2000-12,2010-12,2016-02,726
real_60,,,,122,fixed,2016-04,2000-12,2011-01,2016-03,732
real_60,,,,123,fixed,2016-05,2000-12,2011-02,2016-04,738
real_60,,,,124,fixed,2016-06,2000-12,2011-03,2016-05,744
real_60,,,,125,fixed,2016-07,2000-12,2011-04,2016-06,750
real_60,,,,126,fixed,2016-08,2000-12,2011-05,2016-07,756
real_60,,,,127,fixed,2016-09,2000-12,2011-06,2016-08,762
real_60,,,,128,fixed,2016-10,2000-12,2011-07,2016-09,768
real_60,,,,129,fixed,2016-11,2000-12,2011-08,2016-10,774
real_60,,,,130,fixed,2016-12,2000-12,2011-09,2016-11,780
real_60,,,,131,fixed,2017-01,2000-12,2011-10,2016-12,786
real_60,,,,132,fixed,2017-02,2000-12,2011-11,2017-01,792
real_60,,,,133,fixed,2017-03,2000-12,2011-12,2017-02,798
real_60,,,,134,fixed,2017-04,2000-12,2012-01,2017-03,804
real_60,,,,135,fixed,2017-05,2000-12,2012-02,2017-04,810
real_60,,,,136,fixed,2017-06,2000-12,2012-03,2017-05,816
real_60,,,,137,fixed,2017-07,2000-12,2012-04,2017-06,822
real_60,,,,138,fixed,2017-08,2000-12,2012-05,2017-07,828
real_60,,,,139,fixed,2017-09,2000-12,2012-06,2017-08,834
real_60,,,,140,fixed,2017-10,2000-12,2012-07,2017-09,840
real_60,,,,141,fixed,2017-11,2000-12,2012-08,2017-10,846
real_60,,,,142,fixed,2017-12,2000-12,2012-09,2017-11,852
real_60,,,,143,fixed,2018-01,2000-12,2012-10,2017-12,858
real_60,,,,144,fixed,2018-02,2000-12,2012-11,2018-01,864
real_60,,,,145,fixed,2018-03,2000-12,2012-12,2018-02,870
real_60,,,,146,fixed,2018-04,2000-12,2013-01,2018-03,876
real_60,,,,147,fixed,2018-05,2000-12,2013-02,2018-04,882
real_60,,,,148,fixed,2018-06,2000-12,2013-03,2018-05,888
real_60,,,,149,fixed,2018-07,2000-12,2013-04,2018-06,894
real_60,,,,150,fixed,2018-08,2000-12,2013-05,2018-07,900
real_60,,,,151,fixed,2018-09,2000-12,2013-06,2018-08,906
real_60,,,,152,fixed,2018-10,2000-12,2013-07,2018-09,912
real_60,,,,153,fixed,2018-11,2000-12,2013-08,2018-10,918
real_60,,,,154,fixed,2018-12,2000-12,2013-09,2018-11,924
real_60,,,,155,fixed,2019-01,2000-12,2013-10,2018-12,930
real_60,,,,156,fixed,2019-02,2000-12,2013-11,2019-01,936
real_60,,,,157,fixed,2019-03,2000-12,2013-12,2019-02,942
real_60,,,,158,fixed,2019-04,2000-12,2014-01,2019-03,948
real_60,,,,159,fixed,2019-05,2000-12,2014-02,2019-04,954
real_60,,,,160,fixed,2019-06,2000-12,2014-03,2019-05,960
real_60,,,,161,fixed,2019-07,2000-12,2014-04,2019-06,966
real_60,,,,162,fixed,2019-08,2000-12,2014-05,2019-07,972
real_60,,,,163,fixed,2019-09,2000-12,2014-06,2019-08,978
real_60,,,,164,fixed,2019-10,2000-12,2014-07,2019-09,984
real_60,,,,165,fixed,2019-11,2000-12,2014-08,2019-10,990
real_60,,,,166,fixed,2019-12,2000-12,2014-09,2019-11,996
real_60,,,,167,fixed,2020-01,2000-12,2014-10,2019-12,1002
real_60,,,,168,fixed,2020-02,2000-12,2014-11,2020-01,1008
real_60,,,,169,fixed,2020-03,2000-12,2014-12,2020-02,1014
real_60,,,,170,fixed,2020-04,2000-12,2015-01,2020-03,1020
real_60,,,,171,fixed,2020-05,2000-12,2015-02,2020-04,1026
real_60,,,,172,fixed,2020-06,2000-12,2015-03,2020-05,1032
real_60,,,,173,fixed,2020-07,2000-12,2015-04,2020-06,1038
real_60,,,,174,fixed,2020-08,2000-12,2015-05,2020-07,1044
real_60,,,,175,fixed,2020-09,2000-12,2015-06,2020-08,1050
real_60,,,,176,fixed,2020-10,2000-12,2015-07,2020-09,1056
real_60,,,,177,fixed,2020-11,2000-12,2015-08,2020-10,1062
real_60,,,,178,fixed,2020-12,2000-12,2015-09,2020-11,1068
real_60,,,,179,fixed,2021-01,2000-12,2015-10,2020-12,1074
real_60,,,,180,fixed,2021-02,2000-12,2015-11,2021-01,1080
real_60,,,,181,fixed,2021-03,2000-12,2015-12,2021-02,1086
real_60,,,,182,fixed,2021-04,2000-12,2016-01,2021-03,1092
real_60,,,,183,fixed,2021-05,2000-12,2016-02,2021-04,1098
real_60,,,,184,fixed,2021-06,2000-12,2016-03,2021-05,1104
real_60,,,,185,fixed,2021-07,2000-12,2016-04,2021-06,1110
real_60,,,,186,fixed,2021-08,2000-12,2016-05,2021-07,1116
real_60,,,,187,fixed,2021-09,2000-12,2016-06,2021-08,1122
real_60,,,,188,fixed,2021-10,2000-12,2016-07,2021-09,1128
real_60,,,,189,fixed,2021-11,2000-12,2016-08,2021-10,1134
real_60,,,,190,fixed,2021-12,2000-12,2016-09,2021-11,1140
real_60,,,,191,fixed,2022-01,2000-12,2016-10,2021-12,1146
real_60,,,,192,fixed,2022-02,2000-12,2016-11,2022-01,1152
real_60,,,,193,fixed,2022-03,2000-12,2016-12,2022-02,1158
real_60,,,,194,fixed,2022-04,2000-12,2017-01,2022-03,1164
real_60,,,,195,fixed,2022-05,2000-12,2017-02,2022-04,1170
real_60,,,,196,fixed,2022-06,2000-12,2017-03,2022-05,1176
real_60,,,,197,fixed,2022-07,2000-12,2017-04,2022-06,1182
real_60,,,,198,fixed,2022-08,2000-12,2017-05,2022-07,1188
real_60,,,,199,fixed,2022-09,2000-12,2017-06,2022-08,1194
real_60,,,,200,fixed,2022-10,2000-12,2017-07,2022-09,1200
real_60,,,,201,fixed,2022-11,2000-12,2017-08,2022-10,1206
real_60,,,,202,fixed,2022-12,2000-12,2017-09,2022-11,1212
real_60,,,,203,fixed,2023-01,2000-12,2017-10,2022-12,1218
real_60,,,,204,fixed,2023-02,2000-12,2017-11,2023-01,1224
real_60,,,,205,fixed,2023-03,2000-12,2017-12,2023-02,1230
real_60,,,,206,fixed,2023-04,2000-12,2018-01,2023-03,1236
real_60,,,,207,fixed,2023-05,2000-12,2018-02,2023-04,1242
real_60,,,,208,fixed,2023-06,2000-12,2018-03,2023-05,1248
real_60,,,,209,fixed,2023-07,2000-12,2018-04,2023-06,1254
real_60,,,,210,fixed,2023-08,2000-12,2018-05,2023-07,1260
real_60,,,,211,fixed,2023-09,2000-12,2018-06,2023-08,1266
real_60,,,,212,fixed,2023-10,2000-12,2018-07,2023-09,1272
real_60,,,,213,fixed,2023-11,2000-12,2018-08,2023-10,1278
real_60,,,,214,fixed,2023-12,2000-12,2018-09,2023-11,1284
real_60,,,,215,fixed,2024-01,2000-12,2018-10,2023-12,1290
real_60,,,,216,fixed,2024-02,2000-12,2018-11,2024-01,1296
real_60,,,,217,fixed,2024-03,2000-12,2018-12,2024-02,1302
real_60,,,,218,fixed,2024-04,2000-12,2019-01,2024-03,1308
real_60,,,,219,fixed,2024-05,2000-12,2019-02,2024-04,1314
real_60,,,,220,fixed,2024-06,2000-12,2019-03,2024-05,1320
real_60,,,,221,fixed,2024-07,2000-12,2019-04,2024-06,1326
real_60,,,,222,fixed,2024-08,2000-12,2019-05,2024-07,1332
real_60,,,,223,fixed,2024-09,2000-12,2019-06,2024-08,1338
real_60,,,,224,fixed,2024-10,2000-12,2019-07,2024-09,1344
real_60,,,,225,fixed,2024-11,2000-12,2019-08,2024-10,1350
real_60,,,,226,fixed,2024-12,2000-12,2019-09,2024-11,1356
real_60,,,,227,fixed,2025-01,2000-12,2019-10,2024-12,1362
real_60,,,,228,fixed,2025-02,2000-12,2019-11,2025-01,1368
real_60,,,,229,fixed,2025-03,2000-12,2019-12,2025-02,1374
real_60,,,,230,fixed,2025-04,2000-12,2020-01,2025-03,1380
real_60,,,,231,fixed,2025-05,2000-12,2020-02,2025-04,1386
real_60,,,,232,fixed,2025-06,2000-12,2020-03,2025-05,1392
real_60,,,,233,fixed,2025-07,2000-12,2020-04,2025-06,1398
real_60,,,,234,fixed,2025-08,2000-12,2020-05,2025-07,1404
real_60,,,,235,fixed,2025-09,2000-12,2020-06,2025-08,1410
real_60,,,,236,fixed,2025-10,2000-12,2020-07,2025-09,1416
real_60,,,,237,fixed,2025-11,2000-12,2020-08,2025-10,1422
real_60,,,,238,fixed,2025-12,2000-12,2020-09,2025-11,1428
real_60,,,,239,fixed,2026-01,2000-12,2020-10,2025-12,1434
real_60,,,,240,fixed,2026-02,2000-12,2020-11,2026-01,1440
real_60,,,,241,fixed,2026-03,2000-12,2020-12,2026-02,1446
real_60,,,,242,fixed,2026-04,2000-12,2021-01,2026-03,1452
real_60,,,,243,fixed,2026-05,2000-12,2021-02,2026-04,1458
real_60,,,,244,fixed,2026-06,2000-12,2021-03,2026-05,1464
real_60,,,,245,fixed,2026-07,2000-12,2021-04,2026-06,1470
real_60,,,,246,fixed,2026-08,2000-12,2021-05,2026-07,1476
real_60,,,,60,dynamic,2011-02,2000-12,2005-11,2011-01,360
real_60,,,,61,dynamic,2011-03,2000-12,2005-12,2011-02,366
real_60,,,,62,dynamic,2011-04,2000-12,2006-01,2011-03,372
real_60,,,,63,dynamic,2011-05,2000-12,2006-02,2011-04,378
real_60,,,,64,dynamic,2011-06,2000-12,2006-03,2011-05,384
real_60,,,,65,dynamic,2011-07,2000-12,2006-04,2011-06,390
real_60,,,,66,dynamic,2011-08,2000-12,2006-05,2011-07,396
real_60,,,,67,dynamic,2011-09,2000-12,2006-06,2011-08,402
real_60,,,,68,dynamic,2011-10,2000-12,2006-07,2011-09,408
real_60,,,,69,dynamic,2011-11,2000-12,2006-08,2011-10,414
real_60,,,,70,dynamic,2011-12,2000-12,2006-09,2011-11,420
real_60,,,,71,dynamic,2012-01,2000-12,2006-10,2011-12,426
real_60,,,,72,dynamic,2012-02,2000-12,2006-11,2012-01,432
real_60,,,,73,dynamic,2012-03,2000-12,2006-12,2012-02,438
real_60,,,,74,dynamic,2012-04,2000-12,2007-01,2012-03,444
real_60,,,,75,dynamic,2012-05,2000-12,2007-02,2012-04,450
real_60,,,,76,dynamic,2012-06,2000-12,2007-03,2012-05,456
real_60,,,,77,dynamic,2012-07,2000-12,2007-04,2012-06,462
real_60,,,,78,dynamic,2012-08,2000-12,2007-05,2012-07,468
real_60,,,,79,dynamic,2012-09,2000-12,2007-06,2012-08,474
real_60,,,,80,dynamic,2012-10,2000-12,2007-07,2012-09,480
real_60,,,,81,dynamic,2012-11,2000-12,2007-08,2012-10,486
real_60,,,,82,dynamic,2012-12,2000-12,2007-09,2012-11,492
real_60,,,,83,dynamic,2013-01,2000-12,2007-10,2012-12,498
real_60,,,,84,dynamic,2013-02,2000-12,2007-11,2013-01,504
real_60,,,,85,dynamic,2013-03,2000-12,2007-12,2013-02,510
real_60,,,,86,dynamic,2013-04,2000-12,2008-01,2013-03,516
real_60,,,,87,dynamic,2013-05,2000-12,2008-02,2013-04,522
real_60,,,,88,dynamic,2013-06,2000-12,2008-03,2013-05,528
real_60,,,,89,dynamic,2013-07,2000-12,2008-04,2013-06,534
real_60,,,,90,dynamic,2013-08,2000-12,2008-05,2013-07,540
real_60,,,,91,dynamic,2013-09,2000-12,2008-06,2013-08,546
real_60,,,,92,dynamic,2013-10,2000-12,2008-07,2013-09,552
real_60,,,,93,dynamic,2013-11,2000-12,2008-08,2013-10,558
real_60,,,,94,dynamic,2013-12,2000-12,2008-09,2013-11,564
real_60,,,,95,dynamic,2014-01,2000-12,2008-10,2013-12,570
real_60,,,,96,dynamic,2014-02,2000-12,2008-11,2014-01,576
real_60,,,,97,dynamic,2014-03,2000-12,2008-12,2014-02,582
real_60,,,,98,dynamic,2014-04,2000-12,2009-01,2014-03,588
real_60,,,,99,dynamic,2014-05,2000-12,2009-02,2014-04,594
real_60,,,,100,dynamic,2014-06,2000-12,2009-03,2014-05,600
real_60,,,,101,dynamic,2014-07,2000-12,2009-04,2014-06,606
real_60,,,,102,dynamic,2014-08,2000-12,2009-05,2014-07,612
real_60,,,,103,dynamic,2014-09,2000-12,2009-06,2014-08,618
real_60,,,,104,dynamic,2014-10,2000-12,2009-07,2014-09,624
real_60,,,,105,dynamic,2014-11,2000-12,2009-08,2014-10,630
real_60,,,,106,dynamic,2014-12,2000-12,2009-09,2014-11,636
real_60,,,,107,dynamic,2015-01,2000-12,2009-10,2014-12,642
real_60,,,,108,dynamic,2015-02,2000-12,2009-11,2015-01,648
real_60,,,,109,dynamic,2015-03,2000-12,2009-12,2015-02,654
real_60,,,,110,dynamic,2015-04,2000-12,2010-01,2015-03,660
real_60,,,,111,dynamic,2015-05,2000-12,2010-02,2015-04,666
real_60,,,,112,dynamic,2015-06,2000-12,2010-03,2015-05,672
real_60,,,,113,dynamic,2015-07,2000-12,2010-04,2015-06,678
real_60,,,,114,dynamic,2015-08,2000-12,2010-05,2015-07,684
real_60,,,,115,dynamic,2015-09,2000-12,2010-06,2015-08,690
real_60,,,,116,dynamic,2015-10,2000-12,2010-07,2015-09,696
real_60,,,,117,dynamic,2015-11,2000-12,2010-08,2015-10,702
real_60,,,,118,dynamic,2015-12,2000-12,2010-09,2015-11,708
real_60,,,,119,dynamic,2016-01,2000-12,2010-10,2015-12,714
real_60,,,,120,dynamic,2016-02,2000-12,2010-11,2016-01,720
real_60,,,,121,dynamic,2016-03,2000-12,2010-12,2016-02,726
real_60,,,,122,dynamic,2016-04,2000-12,2011-01,2016-03,732
real_60,,,,123,dynamic,2016-05,2000-12,2011-02,2016-04,738
real_60,,,,124,dynamic,2016-06,2000-12,2011-03,2016-05,744
real_60,,,,125,dynamic,2016-07,2000-12,2011-04,2016-06,750
real_60,,,,126,dynamic,2016-08,2000-12,2011-05,2016-07,756
real_60,,,,127,dynamic,2016-09,2000-12,2011-06,2016-08,762
real_60,,,,128,dynamic,2016-10,2000-12,2011-07,2016-09,768
real_60,,,,129,dynamic,2016-11,2000-12,2011-08,2016-10,774
real_60,,,,130,dynamic,2016-12,2000-12,2011-09,2016-11,780
real_60,,,,131,dynamic,2017-01,2000-12,2011-10,2016-12,786
real_60,,,,132,dynamic,2017-02,2000-12,2011-11,2017-01,792
real_60,,,,133,dynamic,2017-03,2000-12,2011-12,2017-02,798
real_60,,,,134,dynamic,2017-04,2000-12,2012-01,2017-03,804
real_60,,,,135,dynamic,2017-05,2000-12,2012-02,2017-04,810
real_60,,,,136,dynamic,2017-06,2000-12,2012-03,2017-05,816
real_60,,,,137,dynamic,2017-07,2000-12,2012-04,2017-06,822
real_60,,,,138,dynamic,2017-08,2000-12,2012-05,2017-07,828
real_60,,,,139,dynamic,2017-09,2000-12,2012-06,2017-08,834
real_60,,,,140,dynamic,2017-10,2000-12,2012-07,2017-09,840
real_60,,,,141,dynamic,2017-11,2000-12,2012-08,2017-10,846
real_60,,,,142,dynamic,2017-12,2000-12,2012-09,2017-11,852
real_60,,,,143,dynamic,2018-01,2000-12,2012-10,2017-12,858
real_60,,,,144,dynamic,2018-02,2000-12,2012-11,2018-01,864
real_60,,,,145,dynamic,2018-03,2000-12,2012-12,2018-02,870
real_60,,,,146,dynamic,2018-04,2000-12,2013-01,2018-03,876
real_60,,,,147,dynamic,2018-05,2000-12,2013-02,2018-04,882
real_60,,,,148,dynamic,2018-06,2000-12,2013-03,2018-05,888
real_60,,,,149,dynamic,2018-07,2000-12,2013-04,2018-06,894
real_60,,,,150,dynamic,2018-08,2000-12,2013-05,2018-07,900
real_60,,,,151,dynamic,2018-09,2000-12,2013-06,2018-08,906
real_60,,,,152,dynamic,2018-10,2000-12,2013-07,2018-09,912
real_60,,,,153,dynamic,2018-11,2000-12,2013-08,2018-10,918
real_60,,,,154,dynamic,2018-12,2000-12,2013-09,2018-11,924
real_60,,,,155,dynamic,2019-01,2000-12,2013-10,2018-12,930
real_60,,,,156,dynamic,2019-02,2000-12,2013-11,2019-01,936
real_60,,,,157,dynamic,2019-03,2000-12,2013-12,2019-02,942
real_60,,,,158,dynamic,2019-04,2000-12,2014-01,2019-03,948
real_60,,,,159,dynamic,2019-05,2000-12,2014-02,2019-04,954
real_60,,,,160,dynamic,2019-06,2000-12,2014-03,2019-05,960
real_60,,,,161,dynamic,2019-07,2000-12,2014-04,2019-06,966
real_60,,,,162,dynamic,2019-08,2000-12,2014-05,2019-07,972
real_60,,,,163,dynamic,2019-09,2000-12,2014-06,2019-08,978
real_60,,,,164,dynamic,2019-10,2000-12,2014-07,2019-09,984
real_60,,,,165,dynamic,2019-11,2000-12,2014-08,2019-10,990
real_60,,,,166,dynamic,2019-12,2000-12,2014-09,2019-11,996
real_60,,,,167,dynamic,2020-01,2000-12,2014-10,2019-12,1002
real_60,,,,168,dynamic,2020-02,2000-12,2014-11,2020-01,1008
real_60,,,,169,dynamic,2020-03,2000-12,2014-12,2020-02,1014
real_60,,,,170,dynamic,2020-04,2000-12,2015-01,2020-03,1020
real_60,,,,171,dynamic,2020-05,2000-12,2015-02,2020-04,1026
real_60,,,,172,dynamic,2020-06,2000-12,2015-03,2020-05,1032
real_60,,,,173,dynamic,2020-07,2000-12,2015-04,2020-06,1038
real_60,,,,174,dynamic,2020-08,2000-12,2015-05,2020-07,1044
real_60,,,,175,dynamic,2020-09,2000-12,2015-06,2020-08,1050
real_60,,,,176,dynamic,2020-10,2000-12,2015-07,2020-09,1056
real_60,,,,177,dynamic,2020-11,2000-12,2015-08,2020-10,1062
real_60,,,,178,dynamic,2020-12,2000-12,2015-09,2020-11,1068
real_60,,,,179,dynamic,2021-01,2000-12,2015-10,2020-12,1074
real_60,,,,180,dynamic,2021-02,2000-12,2015-11,2021-01,1080
real_60,,,,181,dynamic,2021-03,2000-12,2015-12,2021-02,1086
real_60,,,,182,dynamic,2021-04,2000-12,2016-01,2021-03,1092
real_60,,,,183,dynamic,2021-05,2000-12,2016-02,2021-04,1098
real_60,,,,184,dynamic,2021-06,2000-12,2016-03,2021-05,1104
real_60,,,,185,dynamic,2021-07,2000-12,2016-04,2021-06,1110
real_60,,,,186,dynamic,2021-08,2000-12,2016-05,2021-07,1116
real_60,,,,187,dynamic,2021-09,2000-12,2016-06,2021-08,1122
real_60,,,,188,dynamic,2021-10,2000-12,2016-07,2021-09,1128
real_60,,,,189,dynamic,2021-11,2000-12,2016-08,2021-10,1134
real_60,,,,190,dynamic,2021-12,2000-12,2016-09,2021-11,1140
real_60,,,,191,dynamic,2022-01,2000-12,2016-10,2021-12,1146
real_60,,,,192,dynamic,2022-02,2000-12,2016-11,2022-01,1152
real_60,,,,193,dynamic,2022-03,2000-12,2016-12,2022-02,1158
real_60,,,,194,dynamic,2022-04,2000-12,2017-01,2022-03,1164
real_60,,,,195,dynamic,2022-05,2000-12,2017-02,2022-04,1170
real_60,,,,196,dynamic,2022-06,2000-12,2017-03,2022-05,1176
real_60,,,,197,dynamic,2022-07,2000-12,2017-04,2022-06,1182
real_60,,,,198,dynamic,2022-08,2000-12,2017-05,2022-07,1188
real_60,,,,199,dynamic,2022-09,2000-12,2017-06,2022-08,1194
real_60,,,,200,dynamic,2022-10,2000-12,2017-07,2022-09,1200
real_60,,,,201,dynamic,2022-11,2000-12,2017-08,2022-10,1206
real_60,,,,202,dynamic,2022-12,2000-12,2017-09,2022-11,1212
real_60,,,,203,dynamic,2023-01,2000-12,2017-10,2022-12,1218
real_60,,,,204,dynamic,2023-02,2000-12,2017-11,2023-01,1224
real_60,,,,205,dynamic,2023-03,2000-12,2017-12,2023-02,1230
real_60,,,,206,dynamic,2023-04,2000-12,2018-01,2023-03,1236
real_60,,,,207,dynamic,2023-05,2000-12,2018-02,2023-04,1242
real_60,,,,208,dynamic,2023-06,2000-12,2018-03,2023-05,1248
real_60,,,,209,dynamic,2023-07,2000-12,2018-04,2023-06,1254
real_60,,,,210,dynamic,2023-08,2000-12,2018-05,2023-07,1260
real_60,,,,211,dynamic,2023-09,2000-12,2018-06,2023-08,1266
real_60,,,,212,dynamic,2023-10,2000-12,2018-07,2023-09,1272
real_60,,,,213,dynamic,2023-11,2000-12,2018-08,2023-10,1278
real_60,,,,214,dynamic,2023-12,2000-12,2018-09,2023-11,1284
real_60,,,,215,dynamic,2024-01,2000-12,2018-10,2023-12,1290
real_60,,,,216,dynamic,2024-02,2000-12,2018-11,2024-01,1296
real_60,,,,217,dynamic,2024-03,2000-12,2018-12,2024-02,1302
real_60,,,,218,dynamic,2024-04,2000-12,2019-01,2024-03,1308
real_60,,,,219,dynamic,2024-05,2000-12,2019-02,2024-04,1314
real_60,,,,220,dynamic,2024-06,2000-12,2019-03,2024-05,1320
real_60,,,,221,dynamic,2024-07,2000-12,2019-04,2024-06,1326
real_60,,,,222,dynamic,2024-08,2000-12,2019-05,2024-07,1332
real_60,,,,223,dynamic,2024-09,2000-12,2019-06,2024-08,1338
real_60,,,,224,dynamic,2024-10,2000-12,2019-07,2024-09,1344
real_60,,,,225,dynamic,2024-11,2000-12,2019-08,2024-10,1350
real_60,,,,226,dynamic,2024-12,2000-12,2019-09,2024-11,1356
real_60,,,,227,dynamic,2025-01,2000-12,2019-10,2024-12,1362
real_60,,,,228,dynamic,2025-02,2000-12,2019-11,2025-01,1368
real_60,,,,229,dynamic,2025-03,2000-12,2019-12,2025-02,1374
real_60,,,,230,dynamic,2025-04,2000-12,2020-01,2025-03,1380
real_60,,,,231,dynamic,2025-05,2000-12,2020-02,2025-04,1386
real_60,,,,232,dynamic,2025-06,2000-12,2020-03,2025-05,1392
real_60,,,,233,dynamic,2025-07,2000-12,2020-04,2025-06,1398
real_60,,,,234,dynamic,2025-08,2000-12,2020-05,2025-07,1404
real_60,,,,235,dynamic,2025-09,2000-12,2020-06,2025-08,1410
real_60,,,,236,dynamic,2025-10,2000-12,2020-07,2025-09,1416
real_60,,,,237,dynamic,2025-11,2000-12,2020-08,2025-10,1422
real_60,,,,238,dynamic,2025-12,2000-12,2020-09,2025-11,1428
real_60,,,,239,dynamic,2026-01,2000-12,2020-10,2025-12,1434
real_60,,,,240,dynamic,2026-02,2000-12,2020-11,2026-01,1440
real_60,,,,241,dynamic,2026-03,2000-12,2020-12,2026-02,1446
real_60,,,,242,dynamic,2026-04,2000-12,2021-01,2026-03,1452
real_60,,,,243,dynamic,2026-05,2000-12,2021-02,2026-04,1458
real_60,,,,244,dynamic,2026-06,2000-12,2021-03,2026-05,1464
real_60,,,,245,dynamic,2026-07,2000-12,2021-04,2026-06,1470
real_60,,,,246,dynamic,2026-08,2000-12,2021-05,2026-07,1476
real_60,,,,60,annual,2018-03,2008-01,2012-12,2018-02,360
real_60,,,,61,annual,2018-04,2008-01,2013-01,2018-03,366
real_60,,,,62,annual,2018-05,2008-01,2013-02,2018-04,372
real_60,,,,63,annual,2018-06,2008-01,2013-03,2018-05,378
real_60,,,,64,annual,2018-07,2008-01,2013-04,2018-06,384
real_60,,,,65,annual,2018-08,2008-01,2013-05,2018-07,390
real_60,,,,66,annual,2018-09,2008-01,2013-06,2018-08,396
real_60,,,,67,annual,2018-10,2008-01,2013-07,2018-09,402
real_60,,,,68,annual,2018-11,2008-01,2013-08,2018-10,408
real_60,,,,69,annual,2018-12,2008-01,2013-09,2018-11,414
real_60,,,,70,annual,2019-01,2008-01,2013-10,2018-12,420
real_60,,,,71,annual,2019-02,2008-01,2013-11,2019-01,426
real_60,,,,72,annual,2019-03,2008-01,2013-12,2019-02,432
real_60,,,,73,annual,2019-04,2008-01,2014-01,2019-03,438
real_60,,,,74,annual,2019-05,2008-01,2014-02,2019-04,444
real_60,,,,75,annual,2019-06,2008-01,2014-03,2019-05,450
real_60,,,,76,annual,2019-07,2008-01,2014-04,2019-06,456
real_60,,,,77,annual,2019-08,2008-01,2014-05,2019-07,462
real_60,,,,78,annual,2019-09,2008-01,2014-06,2019-08,468
real_60,,,,79,annual,2019-10,2008-01,2014-07,2019-09,474
real_60,,,,80,annual,2019-11,2008-01,2014-08,2019-10,480
real_60,,,,81,annual,2019-12,2008-01,2014-09,2019-11,486
real_60,,,,82,annual,2020-01,2008-01,2014-10,2019-12,492
real_60,,,,83,annual,2020-02,2008-01,2014-11,2020-01,498
real_60,,,,84,annual,2020-03,2008-01,2014-12,2020-02,504
real_60,,,,85,annual,2020-04,2008-01,2015-01,2020-03,510
real_60,,,,86,annual,2020-05,2008-01,2015-02,2020-04,516
real_60,,,,87,annual,2020-06,2008-01,2015-03,2020-05,522
real_60,,,,88,annual,2020-07,2008-01,2015-04,2020-06,528
real_60,,,,89,annual,2020-08,2008-01,2015-05,2020-07,534
real_60,,,,90,annual,2020-09,2008-01,2015-06,2020-08,540
real_60,,,,91,annual,2020-10,2008-01,2015-07,2020-09,546
real_60,,,,92,annual,2020-11,2008-01,2015-08,2020-10,552
real_60,,,,93,annual,2020-12,2008-01,2015-09,2020-11,558
real_60,,,,94,annual,2021-01,2008-01,2015-10,2020-12,564
real_60,,,,95,annual,2021-02,2008-01,2015-11,2021-01,570
real_60,,,,96,annual,2021-03,2008-01,2015-12,2021-02,576
real_60,,,,97,annual,2021-04,2008-01,2016-01,2021-03,582
real_60,,,,98,annual,2021-05,2008-01,2016-02,2021-04,588
real_60,,,,99,annual,2021-06,2008-01,2016-03,2021-05,594
real_60,,,,100,annual,2021-07,2008-01,2016-04,2021-06,600
real_60,,,,101,annual,2021-08,2008-01,2016-05,2021-07,606
real_60,,,,102,annual,2021-09,2008-01,2016-06,2021-08,612
real_60,,,,103,annual,2021-10,2008-01,2016-07,2021-09,618
real_60,,,,104,annual,2021-11,2008-01,2016-08,2021-10,624
real_60,,,,105,annual,2021-12,2008-01,2016-09,2021-11,630
real_60,,,,106,annual,2022-01,2008-01,2016-10,2021-12,636
real_60,,,,107,annual,2022-02,2008-01,2016-11,2022-01,642
real_60,,,,108,annual,2022-03,2008-01,2016-12,2022-02,648
real_60,,,,109,annual,2022-04,2008-01,2017-01,2022-03,654
real_60,,,,110,annual,2022-05,2008-01,2017-02,2022-04,660
real_60,,,,111,annual,2022-06,2008-01,2017-03,2022-05,666
real_60,,,,112,annual,2022-07,2008-01,2017-04,2022-06,672
real_60,,,,113,annual,2022-08,2008-01,2017-05,2022-07,678
real_60,,,,114,annual,2022-09,2008-01,2017-06,2022-08,684
real_60,,,,115,annual,2022-10,2008-01,2017-07,2022-09,690
real_60,,,,116,annual,2022-11,2008-01,2017-08,2022-10,696
real_60,,,,117,annual,2022-12,2008-01,2017-09,2022-11,702
real_60,,,,118,annual,2023-01,2008-01,2017-10,2022-12,708
real_60,,,,119,annual,2023-02,2008-01,2017-11,2023-01,714
real_60,,,,120,annual,2023-03,2008-01,2017-12,2023-02,720
real_60,,,,121,annual,2023-04,2008-01,2018-01,2023-03,726
real_60,,,,122,annual,2023-05,2008-01,2018-02,2023-04,732
real_60,,,,123,annual,2023-06,2008-01,2018-03,2023-05,738
real_60,,,,124,annual,2023-07,2008-01,2018-04,2023-06,744
real_60,,,,125,annual,2023-08,2008-01,2018-05,2023-07,750
real_60,,,,126,annual,2023-09,2008-01,2018-06,2023-08,756
real_60,,,,127,annual,2023-10,2008-01,2018-07,2023-09,762
real_60,,,,128,annual,2023-11,2008-01,2018-08,2023-10,768
real_60,,,,129,annual,2023-12,2008-01,2018-09,2023-11,774
real_60,,,,130,annual,2024-01,2008-01,2018-10,2023-12,780
real_60,,,,131,annual,2024-02,2008-01,2018-11,2024-01,786
real_60,,,,132,annual,2024-03,2008-01,2018-12,2024-02,792
real_60,,,,133,annual,2024-04,2008-01,2019-01,2024-03,798
real_60,,,,134,annual,2024-05,2008-01,2019-02,2024-04,804
real_60,,,,135,annual,2024-06,2008-01,2019-03,2024-05,810
real_60,,,,136,annual,2024-07,2008-01,2019-04,2024-06,816
real_60,,,,137,annual,2024-08,2008-01,2019-05,2024-07,822
real_60,,,,138,annual,2024-09,2008-01,2019-06,2024-08,828
real_60,,,,139,annual,2024-10,2008-01,2019-07,2024-09,834
real_60,,,,140,annual,2024-11,2008-01,2019-08,2024-10,840
real_60,,,,141,annual,2024-12,2008-01,2019-09,2024-11,846
real_60,,,,142,annual,2025-01,2008-01,2019-10,2024-12,852
real_60,,,,143,annual,2025-02,2008-01,2019-11,2025-01,858
real_60,,,,144,annual,2025-03,2008-01,2019-12,2025-02,864
real_60,,,,145,annual,2025-04,2008-01,2020-01,2025-03,870
real_60,,,,146,annual,2025-05,2008-01,2020-02,2025-04,876
real_60,,,,147,annual,2025-06,2008-01,2020-03,2025-05,882
real_60,,,,148,annual,2025-07,2008-01,2020-04,2025-06,888
real_60,,,,149,annual,2025-08,2008-01,2020-05,2025-07,894
real_60,,,,150,annual,2025-09,2008-01,2020-06,2025-08,900
real_60,,,,151,annual,2025-10,2008-01,2020-07,2025-09,906
real_60,,,,152,annual,2025-11,2008-01,2020-08,2025-10,912
real_60,,,,153,annual,2025-12,2008-01,2020-09,2025-11,918
real_60,,,,154,annual,2026-01,2008-01,2020-10,2025-12,924
real_60,,,,155,annual,2026-02,2008-01,2020-11,2026-01,930
real_60,,,,156,annual,2026-03,2008-01,2020-12,2026-02,936
real_60,,,,157,annual,2026-04,2008-01,2021-01,2026-03,942
real_60,,,,158,annual,2026-05,2008-01,2021-02,2026-04,948
real_60,,,,159,annual,2026-06,2008-01,2021-03,2026-05,954
real_60,,,,160,annual,2026-07,2008-01,2021-04,2026-06,960
real_60,,,,161,annual,2026-08,2008-01,2021-05,2026-07,966
real_60,,,,60,structure,2021-03,2011-01,2015-12,2021-02,360
real_60,,,,61,structure,2021-04,2011-01,2016-01,2021-03,366
real_60,,,,62,structure,2021-05,2011-01,2016-02,2021-04,372
real_60,,,,63,structure,2021-06,2011-01,2016-03,2021-05,378
real_60,,,,64,structure,2021-07,2011-01,2016-04,2021-06,384
real_60,,,,65,structure,2021-08,2011-01,2016-05,2021-07,390
real_60,,,,66,structure,2021-09,2011-01,2016-06,2021-08,396
real_60,,,,67,structure,2021-10,2011-01,2016-07,2021-09,402
real_60,,,,68,structure,2021-11,2011-01,2016-08,2021-10,408
real_60,,,,69,structure,2021-12,2011-01,2016-09,2021-11,414
real_60,,,,70,structure,2022-01,2011-01,2016-10,2021-12,420
real_60,,,,71,structure,2022-02,2011-01,2016-11,2022-01,426
real_60,,,,72,structure,2022-03,2011-01,2016-12,2022-02,432
real_60,,,,73,structure,2022-04,2011-01,2017-01,2022-03,438
real_60,,,,74,structure,2022-05,2011-01,2017-02,2022-04,444
real_60,,,,75,structure,2022-06,2011-01,2017-03,2022-05,450
real_60,,,,76,structure,2022-07,2011-01,2017-04,2022-06,456
real_60,,,,77,structure,2022-08,2011-01,2017-05,2022-07,462
real_60,,,,78,structure,2022-09,2011-01,2017-06,2022-08,468
real_60,,,,79,structure,2022-10,2011-01,2017-07,2022-09,474
real_60,,,,80,structure,2022-11,2011-01,2017-08,2022-10,480
real_60,,,,81,structure,2022-12,2011-01,2017-09,2022-11,486
real_60,,,,82,structure,2023-01,2011-01,2017-10,2022-12,492
real_60,,,,83,structure,2023-02,2011-01,2017-11,2023-01,498
real_60,,,,84,structure,2023-03,2011-01,2017-12,2023-02,504
real_60,,,,85,structure,2023-04,2011-01,2018-01,2023-03,510
real_60,,,,86,structure,2023-05,2011-01,2018-02,2023-04,516
real_60,,,,87,structure,2023-06,2011-01,2018-03,2023-05,522
real_60,,,,88,structure,2023-07,2011-01,2018-04,2023-06,528
real_60,,,,89,structure,2023-08,2011-01,2018-05,2023-07,534
real_60,,,,90,structure,2023-09,2011-01,2018-06,2023-08,540
real_60,,,,91,structure,2023-10,2011-01,2018-07,2023-09,546
real_60,,,,92,structure,2023-11,2011-01,2018-08,2023-10,552
real_60,,,,93,structure,2023-12,2011-01,2018-09,2023-11,558
real_60,,,,94,structure,2024-01,2011-01,2018-10,2023-12,564
real_60,,,,95,structure,2024-02,2011-01,2018-11,2024-01,570
real_60,,,,96,structure,2024-03,2011-01,2018-12,2024-02,576
real_60,,,,97,structure,2024-04,2011-01,2019-01,2024-03,582
real_60,,,,98,structure,2024-05,2011-01,2019-02,2024-04,588
real_60,,,,99,structure,2024-06,2011-01,2019-03,2024-05,594
real_60,,,,100,structure,2024-07,2011-01,2019-04,2024-06,600
real_60,,,,101,structure,2024-08,2011-01,2019-05,2024-07,606
real_60,,,,102,structure,2024-09,2011-01,2019-06,2024-08,612
real_60,,,,103,structure,2024-10,2011-01,2019-07,2024-09,618
real_60,,,,104,structure,2024-11,2011-01,2019-08,2024-10,624
real_60,,,,105,structure,2024-12,2011-01,2019-09,2024-11,630
real_60,,,,106,structure,2025-01,2011-01,2019-10,2024-12,636
real_60,,,,107,structure,2025-02,2011-01,2019-11,2025-01,642
real_60,,,,108,structure,2025-03,2011-01,2019-12,2025-02,648
real_60,,,,109,structure,2025-04,2011-01,2020-01,2025-03,654
real_60,,,,110,structure,2025-05,2011-01,2020-02,2025-04,660
real_60,,,,111,structure,2025-06,2011-01,2020-03,2025-05,666
real_60,,,,112,structure,2025-07,2011-01,2020-04,2025-06,672
real_60,,,,113,structure,2025-08,2011-01,2020-05,2025-07,678
real_60,,,,114,structure,2025-09,2011-01,2020-06,2025-08,684
real_60,,,,115,structure,2025-10,2011-01,2020-07,2025-09,690
real_60,,,,116,structure,2025-11,2011-01,2020-08,2025-10,696
real_60,,,,117,structure,2025-12,2011-01,2020-09,2025-11,702
real_60,,,,118,structure,2026-01,2011-01,2020-10,2025-12,708
real_60,,,,119,structure,2026-02,2011-01,2020-11,2026-01,714
real_60,,,,120,structure,2026-03,2011-01,2020-12,2026-02,720
real_60,,,,121,structure,2026-04,2011-01,2021-01,2026-03,726
real_60,,,,122,structure,2026-05,2011-01,2021-02,2026-04,732
real_60,,,,123,structure,2026-06,2011-01,2021-03,2026-05,738
real_60,,,,124,structure,2026-07,2011-01,2021-04,2026-06,744
real_60,,,,125,structure,2026-08,2011-01,2021-05,2026-07,750
real_60,,,,60,All,2021-03,2011-01,2015-12,2021-02,360
real_60,,,,61,All,2021-04,2011-01,2016-01,2021-03,366
real_60,,,,62,All,2021-05,2011-01,2016-02,2021-04,372
real_60,,,,63,All,2021-06,2011-01,2016-03,2021-05,378
real_60,,,,64,All,2021-07,2011-01,2016-04,2021-06,384
real_60,,,,65,All,2021-08,2011-01,2016-05,2021-07,390
real_60,,,,66,All,2021-09,2011-01,2016-06,2021-08,396
real_60,,,,67,All,2021-10,2011-01,2016-07,2021-09,402
real_60,,,,68,All,2021-11,2011-01,2016-08,2021-10,408
real_60,,,,69,All,2021-12,2011-01,2016-09,2021-11,414
real_60,,,,70,All,2022-01,2011-01,2016-10,2021-12,420
real_60,,,,71,All,2022-02,2011-01,2016-11,2022-01,426
real_60,,,,72,All,2022-03,2011-01,2016-12,2022-02,432
real_60,,,,73,All,2022-04,2011-01,2017-01,2022-03,438
real_60,,,,74,All,2022-05,2011-01,2017-02,2022-04,444
real_60,,,,75,All,2022-06,2011-01,2017-03,2022-05,450
real_60,,,,76,All,2022-07,2011-01,2017-04,2022-06,456
real_60,,,,77,All,2022-08,2011-01,2017-05,2022-07,462
real_60,,,,78,All,2022-09,2011-01,2017-06,2022-08,468
real_60,,,,79,All,2022-10,2011-01,2017-07,2022-09,474
real_60,,,,80,All,2022-11,2011-01,2017-08,2022-10,480
real_60,,,,81,All,2022-12,2011-01,2017-09,2022-11,486
real_60,,,,82,All,2023-01,2011-01,2017-10,2022-12,492
real_60,,,,83,All,2023-02,2011-01,2017-11,2023-01,498
real_60,,,,84,All,2023-03,2011-01,2017-12,2023-02,504
real_60,,,,85,All,2023-04,2011-01,2018-01,2023-03,510
real_60,,,,86,All,2023-05,2011-01,2018-02,2023-04,516
real_60,,,,87,All,2023-06,2011-01,2018-03,2023-05,522
real_60,,,,88,All,2023-07,2011-01,2018-04,2023-06,528
real_60,,,,89,All,2023-08,2011-01,2018-05,2023-07,534
real_60,,,,90,All,2023-09,2011-01,2018-06,2023-08,540
real_60,,,,91,All,2023-10,2011-01,2018-07,2023-09,546
real_60,,,,92,All,2023-11,2011-01,2018-08,2023-10,552
real_60,,,,93,All,2023-12,2011-01,2018-09,2023-11,558
real_60,,,,94,All,2024-01,2011-01,2018-10,2023-12,564
real_60,,,,95,All,2024-02,2011-01,2018-11,2024-01,570
real_60,,,,96,All,2024-03,2011-01,2018-12,2024-02,576
real_60,,,,97,All,2024-04,2011-01,2019-01,2024-03,582
real_60,,,,98,All,2024-05,2011-01,2019-02,2024-04,588
real_60,,,,99,All,2024-06,2011-01,2019-03,2024-05,594
real_60,,,,100,All,2024-07,2011-01,2019-04,2024-06,600
real_60,,,,101,All,2024-08,2011-01,2019-05,2024-07,606
real_60,,,,102,All,2024-09,2011-01,2019-06,2024-08,612
real_60,,,,103,All,2024-10,2011-01,2019-07,2024-09,618
real_60,,,,104,All,2024-11,2011-01,2019-08,2024-10,624
real_60,,,,105,All,2024-12,2011-01,2019-09,2024-11,630
real_60,,,,106,All,2025-01,2011-01,2019-10,2024-12,636
real_60,,,,107,All,2025-02,2011-01,2019-11,2025-01,642
real_60,,,,108,All,2025-03,2011-01,2019-12,2025-02,648
real_60,,,,109,All,2025-04,2011-01,2020-01,2025-03,654
real_60,,,,110,All,2025-05,2011-01,2020-02,2025-04,660
real_60,,,,111,All,2025-06,2011-01,2020-03,2025-05,666
real_60,,,,112,All,2025-07,2011-01,2020-04,2025-06,672
real_60,,,,113,All,2025-08,2011-01,2020-05,2025-07,678
real_60,,,,114,All,2025-09,2011-01,2020-06,2025-08,684
real_60,,,,115,All,2025-10,2011-01,2020-07,2025-09,690
real_60,,,,116,All,2025-11,2011-01,2020-08,2025-10,696
real_60,,,,117,All,2025-12,2011-01,2020-09,2025-11,702
real_60,,,,118,All,2026-01,2011-01,2020-10,2025-12,708
real_60,,,,119,All,2026-02,2011-01,2020-11,2026-01,714
real_60,,,,120,All,2026-03,2011-01,2020-12,2026-02,720
real_60,,,,121,All,2026-04,2011-01,2021-01,2026-03,726
real_60,,,,122,All,2026-05,2011-01,2021-02,2026-04,732
real_60,,,,123,All,2026-06,2011-01,2021-03,2026-05,738
real_60,,,,124,All,2026-07,2011-01,2021-04,2026-06,744
real_60,,,,125,All,2026-08,2011-01,2021-05,2026-07,750
persistent_60,,,,60,Base,2011-02,2000-12,2005-11,2011-01,360
persistent_60,,,,61,Base,2011-03,2000-12,2005-12,2011-02,366
persistent_60,,,,62,Base,2011-04,2000-12,2006-01,2011-03,372
persistent_60,,,,63,Base,2011-05,2000-12,2006-02,2011-04,378
persistent_60,,,,64,Base,2011-06,2000-12,2006-03,2011-05,384
persistent_60,,,,65,Base,2011-07,2000-12,2006-04,2011-06,390
persistent_60,,,,66,Base,2011-08,2000-12,2006-05,2011-07,396
persistent_60,,,,67,Base,2011-09,2000-12,2006-06,2011-08,402
persistent_60,,,,68,Base,2011-10,2000-12,2006-07,2011-09,408
persistent_60,,,,69,Base,2011-11,2000-12,2006-08,2011-10,414
persistent_60,,,,70,Base,2011-12,2000-12,2006-09,2011-11,420
persistent_60,,,,71,Base,2012-01,2000-12,2006-10,2011-12,426
persistent_60,,,,72,Base,2012-02,2000-12,2006-11,2012-01,432
persistent_60,,,,73,Base,2012-03,2000-12,2006-12,2012-02,438
persistent_60,,,,74,Base,2012-04,2000-12,2007-01,2012-03,444
persistent_60,,,,75,Base,2012-05,2000-12,2007-02,2012-04,450
persistent_60,,,,76,Base,2012-06,2000-12,2007-03,2012-05,456
persistent_60,,,,77,Base,2012-07,2000-12,2007-04,2012-06,462
persistent_60,,,,78,Base,2012-08,2000-12,2007-05,2012-07,468
persistent_60,,,,79,Base,2012-09,2000-12,2007-06,2012-08,474
persistent_60,,,,80,Base,2012-10,2000-12,2007-07,2012-09,480
persistent_60,,,,81,Base,2012-11,2000-12,2007-08,2012-10,486
persistent_60,,,,82,Base,2012-12,2000-12,2007-09,2012-11,492
persistent_60,,,,83,Base,2013-01,2000-12,2007-10,2012-12,498
persistent_60,,,,84,Base,2013-02,2000-12,2007-11,2013-01,504
persistent_60,,,,85,Base,2013-03,2000-12,2007-12,2013-02,510
persistent_60,,,,86,Base,2013-04,2000-12,2008-01,2013-03,516
persistent_60,,,,87,Base,2013-05,2000-12,2008-02,2013-04,522
persistent_60,,,,88,Base,2013-06,2000-12,2008-03,2013-05,528
persistent_60,,,,89,Base,2013-07,2000-12,2008-04,2013-06,534
persistent_60,,,,90,Base,2013-08,2000-12,2008-05,2013-07,540
persistent_60,,,,91,Base,2013-09,2000-12,2008-06,2013-08,546
persistent_60,,,,92,Base,2013-10,2000-12,2008-07,2013-09,552
persistent_60,,,,93,Base,2013-11,2000-12,2008-08,2013-10,558
persistent_60,,,,94,Base,2013-12,2000-12,2008-09,2013-11,564
persistent_60,,,,95,Base,2014-01,2000-12,2008-10,2013-12,570
persistent_60,,,,96,Base,2014-02,2000-12,2008-11,2014-01,576
persistent_60,,,,97,Base,2014-03,2000-12,2008-12,2014-02,582
persistent_60,,,,98,Base,2014-04,2000-12,2009-01,2014-03,588
persistent_60,,,,99,Base,2014-05,2000-12,2009-02,2014-04,594
persistent_60,,,,100,Base,2014-06,2000-12,2009-03,2014-05,600
persistent_60,,,,101,Base,2014-07,2000-12,2009-04,2014-06,606
persistent_60,,,,102,Base,2014-08,2000-12,2009-05,2014-07,612
persistent_60,,,,103,Base,2014-09,2000-12,2009-06,2014-08,618
persistent_60,,,,104,Base,2014-10,2000-12,2009-07,2014-09,624
persistent_60,,,,105,Base,2014-11,2000-12,2009-08,2014-10,630
persistent_60,,,,106,Base,2014-12,2000-12,2009-09,2014-11,636
persistent_60,,,,107,Base,2015-01,2000-12,2009-10,2014-12,642
persistent_60,,,,108,Base,2015-02,2000-12,2009-11,2015-01,648
persistent_60,,,,109,Base,2015-03,2000-12,2009-12,2015-02,654
persistent_60,,,,110,Base,2015-04,2000-12,2010-01,2015-03,660
persistent_60,,,,111,Base,2015-05,2000-12,2010-02,2015-04,666
persistent_60,,,,112,Base,2015-06,2000-12,2010-03,2015-05,672
persistent_60,,,,113,Base,2015-07,2000-12,2010-04,2015-06,678
persistent_60,,,,114,Base,2015-08,2000-12,2010-05,2015-07,684
persistent_60,,,,115,Base,2015-09,2000-12,2010-06,2015-08,690
persistent_60,,,,116,Base,2015-10,2000-12,2010-07,2015-09,696
persistent_60,,,,117,Base,2015-11,2000-12,2010-08,2015-10,702
persistent_60,,,,118,Base,2015-12,2000-12,2010-09,2015-11,708
persistent_60,,,,119,Base,2016-01,2000-12,2010-10,2015-12,714
persistent_60,,,,120,Base,2016-02,2000-12,2010-11,2016-01,720
persistent_60,,,,121,Base,2016-03,2000-12,2010-12,2016-02,726
persistent_60,,,,122,Base,2016-04,2000-12,2011-01,2016-03,732
persistent_60,,,,123,Base,2016-05,2000-12,2011-02,2016-04,738
persistent_60,,,,124,Base,2016-06,2000-12,2011-03,2016-05,744
persistent_60,,,,125,Base,2016-07,2000-12,2011-04,2016-06,750
persistent_60,,,,126,Base,2016-08,2000-12,2011-05,2016-07,756
persistent_60,,,,127,Base,2016-09,2000-12,2011-06,2016-08,762
persistent_60,,,,128,Base,2016-10,2000-12,2011-07,2016-09,768
persistent_60,,,,129,Base,2016-11,2000-12,2011-08,2016-10,774
persistent_60,,,,130,Base,2016-12,2000-12,2011-09,2016-11,780
persistent_60,,,,131,Base,2017-01,2000-12,2011-10,2016-12,786
persistent_60,,,,132,Base,2017-02,2000-12,2011-11,2017-01,792
persistent_60,,,,133,Base,2017-03,2000-12,2011-12,2017-02,798
persistent_60,,,,134,Base,2017-04,2000-12,2012-01,2017-03,804
persistent_60,,,,135,Base,2017-05,2000-12,2012-02,2017-04,810
persistent_60,,,,136,Base,2017-06,2000-12,2012-03,2017-05,816
persistent_60,,,,137,Base,2017-07,2000-12,2012-04,2017-06,822
persistent_60,,,,138,Base,2017-08,2000-12,2012-05,2017-07,828
persistent_60,,,,139,Base,2017-09,2000-12,2012-06,2017-08,834
persistent_60,,,,140,Base,2017-10,2000-12,2012-07,2017-09,840
persistent_60,,,,141,Base,2017-11,2000-12,2012-08,2017-10,846
persistent_60,,,,142,Base,2017-12,2000-12,2012-09,2017-11,852
persistent_60,,,,143,Base,2018-01,2000-12,2012-10,2017-12,858
persistent_60,,,,144,Base,2018-02,2000-12,2012-11,2018-01,864
persistent_60,,,,145,Base,2018-03,2000-12,2012-12,2018-02,870
persistent_60,,,,146,Base,2018-04,2000-12,2013-01,2018-03,876
persistent_60,,,,147,Base,2018-05,2000-12,2013-02,2018-04,882
persistent_60,,,,148,Base,2018-06,2000-12,2013-03,2018-05,888
persistent_60,,,,149,Base,2018-07,2000-12,2013-04,2018-06,894
persistent_60,,,,150,Base,2018-08,2000-12,2013-05,2018-07,900
persistent_60,,,,151,Base,2018-09,2000-12,2013-06,2018-08,906
persistent_60,,,,152,Base,2018-10,2000-12,2013-07,2018-09,912
persistent_60,,,,153,Base,2018-11,2000-12,2013-08,2018-10,918
persistent_60,,,,154,Base,2018-12,2000-12,2013-09,2018-11,924
persistent_60,,,,155,Base,2019-01,2000-12,2013-10,2018-12,930
persistent_60,,,,156,Base,2019-02,2000-12,2013-11,2019-01,936
persistent_60,,,,157,Base,2019-03,2000-12,2013-12,2019-02,942
persistent_60,,,,158,Base,2019-04,2000-12,2014-01,2019-03,948
persistent_60,,,,159,Base,2019-05,2000-12,2014-02,2019-04,954
persistent_60,,,,160,Base,2019-06,2000-12,2014-03,2019-05,960
persistent_60,,,,161,Base,2019-07,2000-12,2014-04,2019-06,966
persistent_60,,,,162,Base,2019-08,2000-12,2014-05,2019-07,972
persistent_60,,,,163,Base,2019-09,2000-12,2014-06,2019-08,978
persistent_60,,,,164,Base,2019-10,2000-12,2014-07,2019-09,984
persistent_60,,,,165,Base,2019-11,2000-12,2014-08,2019-10,990
persistent_60,,,,166,Base,2019-12,2000-12,2014-09,2019-11,996
persistent_60,,,,167,Base,2020-01,2000-12,2014-10,2019-12,1002
persistent_60,,,,168,Base,2020-02,2000-12,2014-11,2020-01,1008
persistent_60,,,,169,Base,2020-03,2000-12,2014-12,2020-02,1014
persistent_60,,,,170,Base,2020-04,2000-12,2015-01,2020-03,1020
persistent_60,,,,171,Base,2020-05,2000-12,2015-02,2020-04,1026
persistent_60,,,,172,Base,2020-06,2000-12,2015-03,2020-05,1032
persistent_60,,,,173,Base,2020-07,2000-12,2015-04,2020-06,1038
persistent_60,,,,174,Base,2020-08,2000-12,2015-05,2020-07,1044
persistent_60,,,,175,Base,2020-09,2000-12,2015-06,2020-08,1050
persistent_60,,,,176,Base,2020-10,2000-12,2015-07,2020-09,1056
persistent_60,,,,177,Base,2020-11,2000-12,2015-08,2020-10,1062
persistent_60,,,,178,Base,2020-12,2000-12,2015-09,2020-11,1068
persistent_60,,,,179,Base,2021-01,2000-12,2015-10,2020-12,1074
persistent_60,,,,180,Base,2021-02,2000-12,2015-11,2021-01,1080
persistent_60,,,,181,Base,2021-03,2000-12,2015-12,2021-02,1086
persistent_60,,,,182,Base,2021-04,2000-12,2016-01,2021-03,1092
persistent_60,,,,183,Base,2021-05,2000-12,2016-02,2021-04,1098
persistent_60,,,,184,Base,2021-06,2000-12,2016-03,2021-05,1104
persistent_60,,,,185,Base,2021-07,2000-12,2016-04,2021-06,1110
persistent_60,,,,186,Base,2021-08,2000-12,2016-05,2021-07,1116
persistent_60,,,,187,Base,2021-09,2000-12,2016-06,2021-08,1122
persistent_60,,,,188,Base,2021-10,2000-12,2016-07,2021-09,1128
persistent_60,,,,189,Base,2021-11,2000-12,2016-08,2021-10,1134
persistent_60,,,,190,Base,2021-12,2000-12,2016-09,2021-11,1140
persistent_60,,,,191,Base,2022-01,2000-12,2016-10,2021-12,1146
persistent_60,,,,192,Base,2022-02,2000-12,2016-11,2022-01,1152
persistent_60,,,,193,Base,2022-03,2000-12,2016-12,2022-02,1158
persistent_60,,,,194,Base,2022-04,2000-12,2017-01,2022-03,1164
persistent_60,,,,195,Base,2022-05,2000-12,2017-02,2022-04,1170
persistent_60,,,,196,Base,2022-06,2000-12,2017-03,2022-05,1176
persistent_60,,,,197,Base,2022-07,2000-12,2017-04,2022-06,1182
persistent_60,,,,198,Base,2022-08,2000-12,2017-05,2022-07,1188
persistent_60,,,,199,Base,2022-09,2000-12,2017-06,2022-08,1194
persistent_60,,,,200,Base,2022-10,2000-12,2017-07,2022-09,1200
persistent_60,,,,201,Base,2022-11,2000-12,2017-08,2022-10,1206
persistent_60,,,,202,Base,2022-12,2000-12,2017-09,2022-11,1212
persistent_60,,,,203,Base,2023-01,2000-12,2017-10,2022-12,1218
persistent_60,,,,204,Base,2023-02,2000-12,2017-11,2023-01,1224
persistent_60,,,,205,Base,2023-03,2000-12,2017-12,2023-02,1230
persistent_60,,,,206,Base,2023-04,2000-12,2018-01,2023-03,1236
persistent_60,,,,207,Base,2023-05,2000-12,2018-02,2023-04,1242
persistent_60,,,,208,Base,2023-06,2000-12,2018-03,2023-05,1248
persistent_60,,,,209,Base,2023-07,2000-12,2018-04,2023-06,1254
persistent_60,,,,210,Base,2023-08,2000-12,2018-05,2023-07,1260
persistent_60,,,,211,Base,2023-09,2000-12,2018-06,2023-08,1266
persistent_60,,,,212,Base,2023-10,2000-12,2018-07,2023-09,1272
persistent_60,,,,213,Base,2023-11,2000-12,2018-08,2023-10,1278
persistent_60,,,,214,Base,2023-12,2000-12,2018-09,2023-11,1284
persistent_60,,,,215,Base,2024-01,2000-12,2018-10,2023-12,1290
persistent_60,,,,216,Base,2024-02,2000-12,2018-11,2024-01,1296
persistent_60,,,,217,Base,2024-03,2000-12,2018-12,2024-02,1302
persistent_60,,,,218,Base,2024-04,2000-12,2019-01,2024-03,1308
persistent_60,,,,219,Base,2024-05,2000-12,2019-02,2024-04,1314
persistent_60,,,,220,Base,2024-06,2000-12,2019-03,2024-05,1320
persistent_60,,,,221,Base,2024-07,2000-12,2019-04,2024-06,1326
persistent_60,,,,222,Base,2024-08,2000-12,2019-05,2024-07,1332
persistent_60,,,,223,Base,2024-09,2000-12,2019-06,2024-08,1338
persistent_60,,,,224,Base,2024-10,2000-12,2019-07,2024-09,1344
persistent_60,,,,225,Base,2024-11,2000-12,2019-08,2024-10,1350
persistent_60,,,,226,Base,2024-12,2000-12,2019-09,2024-11,1356
persistent_60,,,,227,Base,2025-01,2000-12,2019-10,2024-12,1362
persistent_60,,,,228,Base,2025-02,2000-12,2019-11,2025-01,1368
persistent_60,,,,229,Base,2025-03,2000-12,2019-12,2025-02,1374
persistent_60,,,,230,Base,2025-04,2000-12,2020-01,2025-03,1380
persistent_60,,,,231,Base,2025-05,2000-12,2020-02,2025-04,1386
persistent_60,,,,232,Base,2025-06,2000-12,2020-03,2025-05,1392
persistent_60,,,,233,Base,2025-07,2000-12,2020-04,2025-06,1398
persistent_60,,,,234,Base,2025-08,2000-12,2020-05,2025-07,1404
persistent_60,,,,235,Base,2025-09,2000-12,2020-06,2025-08,1410
persistent_60,,,,236,Base,2025-10,2000-12,2020-07,2025-09,1416
persistent_60,,,,237,Base,2025-11,2000-12,2020-08,2025-10,1422
persistent_60,,,,238,Base,2025-12,2000-12,2020-09,2025-11,1428
persistent_60,,,,239,Base,2026-01,2000-12,2020-10,2025-12,1434
persistent_60,,,,240,Base,2026-02,2000-12,2020-11,2026-01,1440
persistent_60,,,,241,Base,2026-03,2000-12,2020-12,2026-02,1446
persistent_60,,,,242,Base,2026-04,2000-12,2021-01,2026-03,1452
persistent_60,,,,243,Base,2026-05,2000-12,2021-02,2026-04,1458
persistent_60,,,,244,Base,2026-06,2000-12,2021-03,2026-05,1464
persistent_60,,,,245,Base,2026-07,2000-12,2021-04,2026-06,1470
persistent_60,,,,246,Base,2026-08,2000-12,2021-05,2026-07,1476
persistent_60,,,,60,fixed,2011-02,2000-12,2005-11,2011-01,360
persistent_60,,,,61,fixed,2011-03,2000-12,2005-12,2011-02,366
persistent_60,,,,62,fixed,2011-04,2000-12,2006-01,2011-03,372
persistent_60,,,,63,fixed,2011-05,2000-12,2006-02,2011-04,378
persistent_60,,,,64,fixed,2011-06,2000-12,2006-03,2011-05,384
persistent_60,,,,65,fixed,2011-07,2000-12,2006-04,2011-06,390
persistent_60,,,,66,fixed,2011-08,2000-12,2006-05,2011-07,396
persistent_60,,,,67,fixed,2011-09,2000-12,2006-06,2011-08,402
persistent_60,,,,68,fixed,2011-10,2000-12,2006-07,2011-09,408
persistent_60,,,,69,fixed,2011-11,2000-12,2006-08,2011-10,414
persistent_60,,,,70,fixed,2011-12,2000-12,2006-09,2011-11,420
persistent_60,,,,71,fixed,2012-01,2000-12,2006-10,2011-12,426
persistent_60,,,,72,fixed,2012-02,2000-12,2006-11,2012-01,432
persistent_60,,,,73,fixed,2012-03,2000-12,2006-12,2012-02,438
persistent_60,,,,74,fixed,2012-04,2000-12,2007-01,2012-03,444
persistent_60,,,,75,fixed,2012-05,2000-12,2007-02,2012-04,450
persistent_60,,,,76,fixed,2012-06,2000-12,2007-03,2012-05,456
persistent_60,,,,77,fixed,2012-07,2000-12,2007-04,2012-06,462
persistent_60,,,,78,fixed,2012-08,2000-12,2007-05,2012-07,468
persistent_60,,,,79,fixed,2012-09,2000-12,2007-06,2012-08,474
persistent_60,,,,80,fixed,2012-10,2000-12,2007-07,2012-09,480
persistent_60,,,,81,fixed,2012-11,2000-12,2007-08,2012-10,486
persistent_60,,,,82,fixed,2012-12,2000-12,2007-09,2012-11,492
persistent_60,,,,83,fixed,2013-01,2000-12,2007-10,2012-12,498
persistent_60,,,,84,fixed,2013-02,2000-12,2007-11,2013-01,504
persistent_60,,,,85,fixed,2013-03,2000-12,2007-12,2013-02,510
persistent_60,,,,86,fixed,2013-04,2000-12,2008-01,2013-03,516
persistent_60,,,,87,fixed,2013-05,2000-12,2008-02,2013-04,522
persistent_60,,,,88,fixed,2013-06,2000-12,2008-03,2013-05,528
persistent_60,,,,89,fixed,2013-07,2000-12,2008-04,2013-06,534
persistent_60,,,,90,fixed,2013-08,2000-12,2008-05,2013-07,540
persistent_60,,,,91,fixed,2013-09,2000-12,2008-06,2013-08,546
persistent_60,,,,92,fixed,2013-10,2000-12,2008-07,2013-09,552
persistent_60,,,,93,fixed,2013-11,2000-12,2008-08,2013-10,558
persistent_60,,,,94,fixed,2013-12,2000-12,2008-09,2013-11,564
persistent_60,,,,95,fixed,2014-01,2000-12,2008-10,2013-12,570
persistent_60,,,,96,fixed,2014-02,2000-12,2008-11,2014-01,576
persistent_60,,,,97,fixed,2014-03,2000-12,2008-12,2014-02,582
persistent_60,,,,98,fixed,2014-04,2000-12,2009-01,2014-03,588
persistent_60,,,,99,fixed,2014-05,2000-12,2009-02,2014-04,594
persistent_60,,,,100,fixed,2014-06,2000-12,2009-03,2014-05,600
persistent_60,,,,101,fixed,2014-07,2000-12,2009-04,2014-06,606
persistent_60,,,,102,fixed,2014-08,2000-12,2009-05,2014-07,612
persistent_60,,,,103,fixed,2014-09,2000-12,2009-06,2014-08,618
persistent_60,,,,104,fixed,2014-10,2000-12,2009-07,2014-09,624
persistent_60,,,,105,fixed,2014-11,2000-12,2009-08,2014-10,630
persistent_60,,,,106,fixed,2014-12,2000-12,2009-09,2014-11,636
persistent_60,,,,107,fixed,2015-01,2000-12,2009-10,2014-12,642
persistent_60,,,,108,fixed,2015-02,2000-12,2009-11,2015-01,648
persistent_60,,,,109,fixed,2015-03,2000-12,2009-12,2015-02,654
persistent_60,,,,110,fixed,2015-04,2000-12,2010-01,2015-03,660
persistent_60,,,,111,fixed,2015-05,2000-12,2010-02,2015-04,666
persistent_60,,,,112,fixed,2015-06,2000-12,2010-03,2015-05,672
persistent_60,,,,113,fixed,2015-07,2000-12,2010-04,2015-06,678
persistent_60,,,,114,fixed,2015-08,2000-12,2010-05,2015-07,684
persistent_60,,,,115,fixed,2015-09,2000-12,2010-06,2015-08,690
persistent_60,,,,116,fixed,2015-10,2000-12,2010-07,2015-09,696
persistent_60,,,,117,fixed,2015-11,2000-12,2010-08,2015-10,702
persistent_60,,,,118,fixed,2015-12,2000-12,2010-09,2015-11,708
persistent_60,,,,119,fixed,2016-01,2000-12,2010-10,2015-12,714
persistent_60,,,,120,fixed,2016-02,2000-12,2010-11,2016-01,720
persistent_60,,,,121,fixed,2016-03,2000-12,2010-12,2016-02,726
persistent_60,,,,122,fixed,2016-04,2000-12,2011-01,2016-03,732
persistent_60,,,,123,fixed,2016-05,2000-12,2011-02,2016-04,738
persistent_60,,,,124,fixed,2016-06,2000-12,2011-03,2016-05,744
persistent_60,,,,125,fixed,2016-07,2000-12,2011-04,2016-06,750
persistent_60,,,,126,fixed,2016-08,2000-12,2011-05,2016-07,756
persistent_60,,,,127,fixed,2016-09,2000-12,2011-06,2016-08,762
persistent_60,,,,128,fixed,2016-10,2000-12,2011-07,2016-09,768
persistent_60,,,,129,fixed,2016-11,2000-12,2011-08,2016-10,774
persistent_60,,,,130,fixed,2016-12,2000-12,2011-09,2016-11,780
persistent_60,,,,131,fixed,2017-01,2000-12,2011-10,2016-12,786
persistent_60,,,,132,fixed,2017-02,2000-12,2011-11,2017-01,792
persistent_60,,,,133,fixed,2017-03,2000-12,2011-12,2017-02,798
persistent_60,,,,134,fixed,2017-04,2000-12,2012-01,2017-03,804
persistent_60,,,,135,fixed,2017-05,2000-12,2012-02,2017-04,810
persistent_60,,,,136,fixed,2017-06,2000-12,2012-03,2017-05,816
persistent_60,,,,137,fixed,2017-07,2000-12,2012-04,2017-06,822
persistent_60,,,,138,fixed,2017-08,2000-12,2012-05,2017-07,828
persistent_60,,,,139,fixed,2017-09,2000-12,2012-06,2017-08,834
persistent_60,,,,140,fixed,2017-10,2000-12,2012-07,2017-09,840
persistent_60,,,,141,fixed,2017-11,2000-12,2012-08,2017-10,846
persistent_60,,,,142,fixed,2017-12,2000-12,2012-09,2017-11,852
persistent_60,,,,143,fixed,2018-01,2000-12,2012-10,2017-12,858
persistent_60,,,,144,fixed,2018-02,2000-12,2012-11,2018-01,864
persistent_60,,,,145,fixed,2018-03,2000-12,2012-12,2018-02,870
persistent_60,,,,146,fixed,2018-04,2000-12,2013-01,2018-03,876
persistent_60,,,,147,fixed,2018-05,2000-12,2013-02,2018-04,882
persistent_60,,,,148,fixed,2018-06,2000-12,2013-03,2018-05,888
persistent_60,,,,149,fixed,2018-07,2000-12,2013-04,2018-06,894
persistent_60,,,,150,fixed,2018-08,2000-12,2013-05,2018-07,900
persistent_60,,,,151,fixed,2018-09,2000-12,2013-06,2018-08,906
persistent_60,,,,152,fixed,2018-10,2000-12,2013-07,2018-09,912
persistent_60,,,,153,fixed,2018-11,2000-12,2013-08,2018-10,918
persistent_60,,,,154,fixed,2018-12,2000-12,2013-09,2018-11,924
persistent_60,,,,155,fixed,2019-01,2000-12,2013-10,2018-12,930
persistent_60,,,,156,fixed,2019-02,2000-12,2013-11,2019-01,936
persistent_60,,,,157,fixed,2019-03,2000-12,2013-12,2019-02,942
persistent_60,,,,158,fixed,2019-04,2000-12,2014-01,2019-03,948
persistent_60,,,,159,fixed,2019-05,2000-12,2014-02,2019-04,954
persistent_60,,,,160,fixed,2019-06,2000-12,2014-03,2019-05,960
persistent_60,,,,161,fixed,2019-07,2000-12,2014-04,2019-06,966
persistent_60,,,,162,fixed,2019-08,2000-12,2014-05,2019-07,972
persistent_60,,,,163,fixed,2019-09,2000-12,2014-06,2019-08,978
persistent_60,,,,164,fixed,2019-10,2000-12,2014-07,2019-09,984
persistent_60,,,,165,fixed,2019-11,2000-12,2014-08,2019-10,990
persistent_60,,,,166,fixed,2019-12,2000-12,2014-09,2019-11,996
persistent_60,,,,167,fixed,2020-01,2000-12,2014-10,2019-12,1002
persistent_60,,,,168,fixed,2020-02,2000-12,2014-11,2020-01,1008
persistent_60,,,,169,fixed,2020-03,2000-12,2014-12,2020-02,1014
persistent_60,,,,170,fixed,2020-04,2000-12,2015-01,2020-03,1020
persistent_60,,,,171,fixed,2020-05,2000-12,2015-02,2020-04,1026
persistent_60,,,,172,fixed,2020-06,2000-12,2015-03,2020-05,1032
persistent_60,,,,173,fixed,2020-07,2000-12,2015-04,2020-06,1038
persistent_60,,,,174,fixed,2020-08,2000-12,2015-05,2020-07,1044
persistent_60,,,,175,fixed,2020-09,2000-12,2015-06,2020-08,1050
persistent_60,,,,176,fixed,2020-10,2000-12,2015-07,2020-09,1056
persistent_60,,,,177,fixed,2020-11,2000-12,2015-08,2020-10,1062
persistent_60,,,,178,fixed,2020-12,2000-12,2015-09,2020-11,1068
persistent_60,,,,179,fixed,2021-01,2000-12,2015-10,2020-12,1074
persistent_60,,,,180,fixed,2021-02,2000-12,2015-11,2021-01,1080
persistent_60,,,,181,fixed,2021-03,2000-12,2015-12,2021-02,1086
persistent_60,,,,182,fixed,2021-04,2000-12,2016-01,2021-03,1092
persistent_60,,,,183,fixed,2021-05,2000-12,2016-02,2021-04,1098
persistent_60,,,,184,fixed,2021-06,2000-12,2016-03,2021-05,1104
persistent_60,,,,185,fixed,2021-07,2000-12,2016-04,2021-06,1110
persistent_60,,,,186,fixed,2021-08,2000-12,2016-05,2021-07,1116
persistent_60,,,,187,fixed,2021-09,2000-12,2016-06,2021-08,1122
persistent_60,,,,188,fixed,2021-10,2000-12,2016-07,2021-09,1128
persistent_60,,,,189,fixed,2021-11,2000-12,2016-08,2021-10,1134
persistent_60,,,,190,fixed,2021-12,2000-12,2016-09,2021-11,1140
persistent_60,,,,191,fixed,2022-01,2000-12,2016-10,2021-12,1146
persistent_60,,,,192,fixed,2022-02,2000-12,2016-11,2022-01,1152
persistent_60,,,,193,fixed,2022-03,2000-12,2016-12,2022-02,1158
persistent_60,,,,194,fixed,2022-04,2000-12,2017-01,2022-03,1164
persistent_60,,,,195,fixed,2022-05,2000-12,2017-02,2022-04,1170
persistent_60,,,,196,fixed,2022-06,2000-12,2017-03,2022-05,1176
persistent_60,,,,197,fixed,2022-07,2000-12,2017-04,2022-06,1182
persistent_60,,,,198,fixed,2022-08,2000-12,2017-05,2022-07,1188
persistent_60,,,,199,fixed,2022-09,2000-12,2017-06,2022-08,1194
persistent_60,,,,200,fixed,2022-10,2000-12,2017-07,2022-09,1200
persistent_60,,,,201,fixed,2022-11,2000-12,2017-08,2022-10,1206
persistent_60,,,,202,fixed,2022-12,2000-12,2017-09,2022-11,1212
persistent_60,,,,203,fixed,2023-01,2000-12,2017-10,2022-12,1218
persistent_60,,,,204,fixed,2023-02,2000-12,2017-11,2023-01,1224
persistent_60,,,,205,fixed,2023-03,2000-12,2017-12,2023-02,1230
persistent_60,,,,206,fixed,2023-04,2000-12,2018-01,2023-03,1236
persistent_60,,,,207,fixed,2023-05,2000-12,2018-02,2023-04,1242
persistent_60,,,,208,fixed,2023-06,2000-12,2018-03,2023-05,1248
persistent_60,,,,209,fixed,2023-07,2000-12,2018-04,2023-06,1254
persistent_60,,,,210,fixed,2023-08,2000-12,2018-05,2023-07,1260
persistent_60,,,,211,fixed,2023-09,2000-12,2018-06,2023-08,1266
persistent_60,,,,212,fixed,2023-10,2000-12,2018-07,2023-09,1272
persistent_60,,,,213,fixed,2023-11,2000-12,2018-08,2023-10,1278
persistent_60,,,,214,fixed,2023-12,2000-12,2018-09,2023-11,1284
persistent_60,,,,215,fixed,2024-01,2000-12,2018-10,2023-12,1290
persistent_60,,,,216,fixed,2024-02,2000-12,2018-11,2024-01,1296
persistent_60,,,,217,fixed,2024-03,2000-12,2018-12,2024-02,1302
persistent_60,,,,218,fixed,2024-04,2000-12,2019-01,2024-03,1308
persistent_60,,,,219,fixed,2024-05,2000-12,2019-02,2024-04,1314
persistent_60,,,,220,fixed,2024-06,2000-12,2019-03,2024-05,1320
persistent_60,,,,221,fixed,2024-07,2000-12,2019-04,2024-06,1326
persistent_60,,,,222,fixed,2024-08,2000-12,2019-05,2024-07,1332
persistent_60,,,,223,fixed,2024-09,2000-12,2019-06,2024-08,1338
persistent_60,,,,224,fixed,2024-10,2000-12,2019-07,2024-09,1344
persistent_60,,,,225,fixed,2024-11,2000-12,2019-08,2024-10,1350
persistent_60,,,,226,fixed,2024-12,2000-12,2019-09,2024-11,1356
persistent_60,,,,227,fixed,2025-01,2000-12,2019-10,2024-12,1362
persistent_60,,,,228,fixed,2025-02,2000-12,2019-11,2025-01,1368
persistent_60,,,,229,fixed,2025-03,2000-12,2019-12,2025-02,1374
persistent_60,,,,230,fixed,2025-04,2000-12,2020-01,2025-03,1380
persistent_60,,,,231,fixed,2025-05,2000-12,2020-02,2025-04,1386
persistent_60,,,,232,fixed,2025-06,2000-12,2020-03,2025-05,1392
persistent_60,,,,233,fixed,2025-07,2000-12,2020-04,2025-06,1398
persistent_60,,,,234,fixed,2025-08,2000-12,2020-05,2025-07,1404
persistent_60,,,,235,fixed,2025-09,2000-12,2020-06,2025-08,1410
persistent_60,,,,236,fixed,2025-10,2000-12,2020-07,2025-09,1416
persistent_60,,,,237,fixed,2025-11,2000-12,2020-08,2025-10,1422
persistent_60,,,,238,fixed,2025-12,2000-12,2020-09,2025-11,1428
persistent_60,,,,239,fixed,2026-01,2000-12,2020-10,2025-12,1434
persistent_60,,,,240,fixed,2026-02,2000-12,2020-11,2026-01,1440
persistent_60,,,,241,fixed,2026-03,2000-12,2020-12,2026-02,1446
persistent_60,,,,242,fixed,2026-04,2000-12,2021-01,2026-03,1452
persistent_60,,,,243,fixed,2026-05,2000-12,2021-02,2026-04,1458
persistent_60,,,,244,fixed,2026-06,2000-12,2021-03,2026-05,1464
persistent_60,,,,245,fixed,2026-07,2000-12,2021-04,2026-06,1470
persistent_60,,,,246,fixed,2026-08,2000-12,2021-05,2026-07,1476
persistent_60,,,,60,dynamic,2011-02,2000-12,2005-11,2011-01,360
persistent_60,,,,61,dynamic,2011-03,2000-12,2005-12,2011-02,366
persistent_60,,,,62,dynamic,2011-04,2000-12,2006-01,2011-03,372
persistent_60,,,,63,dynamic,2011-05,2000-12,2006-02,2011-04,378
persistent_60,,,,64,dynamic,2011-06,2000-12,2006-03,2011-05,384
persistent_60,,,,65,dynamic,2011-07,2000-12,2006-04,2011-06,390
persistent_60,,,,66,dynamic,2011-08,2000-12,2006-05,2011-07,396
persistent_60,,,,67,dynamic,2011-09,2000-12,2006-06,2011-08,402
persistent_60,,,,68,dynamic,2011-10,2000-12,2006-07,2011-09,408
persistent_60,,,,69,dynamic,2011-11,2000-12,2006-08,2011-10,414
persistent_60,,,,70,dynamic,2011-12,2000-12,2006-09,2011-11,420
persistent_60,,,,71,dynamic,2012-01,2000-12,2006-10,2011-12,426
persistent_60,,,,72,dynamic,2012-02,2000-12,2006-11,2012-01,432
persistent_60,,,,73,dynamic,2012-03,2000-12,2006-12,2012-02,438
persistent_60,,,,74,dynamic,2012-04,2000-12,2007-01,2012-03,444
persistent_60,,,,75,dynamic,2012-05,2000-12,2007-02,2012-04,450
persistent_60,,,,76,dynamic,2012-06,2000-12,2007-03,2012-05,456
persistent_60,,,,77,dynamic,2012-07,2000-12,2007-04,2012-06,462
persistent_60,,,,78,dynamic,2012-08,2000-12,2007-05,2012-07,468
persistent_60,,,,79,dynamic,2012-09,2000-12,2007-06,2012-08,474
persistent_60,,,,80,dynamic,2012-10,2000-12,2007-07,2012-09,480
persistent_60,,,,81,dynamic,2012-11,2000-12,2007-08,2012-10,486
persistent_60,,,,82,dynamic,2012-12,2000-12,2007-09,2012-11,492
persistent_60,,,,83,dynamic,2013-01,2000-12,2007-10,2012-12,498
persistent_60,,,,84,dynamic,2013-02,2000-12,2007-11,2013-01,504
persistent_60,,,,85,dynamic,2013-03,2000-12,2007-12,2013-02,510
persistent_60,,,,86,dynamic,2013-04,2000-12,2008-01,2013-03,516
persistent_60,,,,87,dynamic,2013-05,2000-12,2008-02,2013-04,522
persistent_60,,,,88,dynamic,2013-06,2000-12,2008-03,2013-05,528
persistent_60,,,,89,dynamic,2013-07,2000-12,2008-04,2013-06,534
persistent_60,,,,90,dynamic,2013-08,2000-12,2008-05,2013-07,540
persistent_60,,,,91,dynamic,2013-09,2000-12,2008-06,2013-08,546
persistent_60,,,,92,dynamic,2013-10,2000-12,2008-07,2013-09,552
persistent_60,,,,93,dynamic,2013-11,2000-12,2008-08,2013-10,558
persistent_60,,,,94,dynamic,2013-12,2000-12,2008-09,2013-11,564
persistent_60,,,,95,dynamic,2014-01,2000-12,2008-10,2013-12,570
persistent_60,,,,96,dynamic,2014-02,2000-12,2008-11,2014-01,576
persistent_60,,,,97,dynamic,2014-03,2000-12,2008-12,2014-02,582
persistent_60,,,,98,dynamic,2014-04,2000-12,2009-01,2014-03,588
persistent_60,,,,99,dynamic,2014-05,2000-12,2009-02,2014-04,594
persistent_60,,,,100,dynamic,2014-06,2000-12,2009-03,2014-05,600
persistent_60,,,,101,dynamic,2014-07,2000-12,2009-04,2014-06,606
persistent_60,,,,102,dynamic,2014-08,2000-12,2009-05,2014-07,612
persistent_60,,,,103,dynamic,2014-09,2000-12,2009-06,2014-08,618
persistent_60,,,,104,dynamic,2014-10,2000-12,2009-07,2014-09,624
persistent_60,,,,105,dynamic,2014-11,2000-12,2009-08,2014-10,630
persistent_60,,,,106,dynamic,2014-12,2000-12,2009-09,2014-11,636
persistent_60,,,,107,dynamic,2015-01,2000-12,2009-10,2014-12,642
persistent_60,,,,108,dynamic,2015-02,2000-12,2009-11,2015-01,648
persistent_60,,,,109,dynamic,2015-03,2000-12,2009-12,2015-02,654
persistent_60,,,,110,dynamic,2015-04,2000-12,2010-01,2015-03,660
persistent_60,,,,111,dynamic,2015-05,2000-12,2010-02,2015-04,666
persistent_60,,,,112,dynamic,2015-06,2000-12,2010-03,2015-05,672
persistent_60,,,,113,dynamic,2015-07,2000-12,2010-04,2015-06,678
persistent_60,,,,114,dynamic,2015-08,2000-12,2010-05,2015-07,684
persistent_60,,,,115,dynamic,2015-09,2000-12,2010-06,2015-08,690
persistent_60,,,,116,dynamic,2015-10,2000-12,2010-07,2015-09,696
persistent_60,,,,117,dynamic,2015-11,2000-12,2010-08,2015-10,702
persistent_60,,,,118,dynamic,2015-12,2000-12,2010-09,2015-11,708
persistent_60,,,,119,dynamic,2016-01,2000-12,2010-10,2015-12,714
persistent_60,,,,120,dynamic,2016-02,2000-12,2010-11,2016-01,720
persistent_60,,,,121,dynamic,2016-03,2000-12,2010-12,2016-02,726
persistent_60,,,,122,dynamic,2016-04,2000-12,2011-01,2016-03,732
persistent_60,,,,123,dynamic,2016-05,2000-12,2011-02,2016-04,738
persistent_60,,,,124,dynamic,2016-06,2000-12,2011-03,2016-05,744
persistent_60,,,,125,dynamic,2016-07,2000-12,2011-04,2016-06,750
persistent_60,,,,126,dynamic,2016-08,2000-12,2011-05,2016-07,756
persistent_60,,,,127,dynamic,2016-09,2000-12,2011-06,2016-08,762
persistent_60,,,,128,dynamic,2016-10,2000-12,2011-07,2016-09,768
persistent_60,,,,129,dynamic,2016-11,2000-12,2011-08,2016-10,774
persistent_60,,,,130,dynamic,2016-12,2000-12,2011-09,2016-11,780
persistent_60,,,,131,dynamic,2017-01,2000-12,2011-10,2016-12,786
persistent_60,,,,132,dynamic,2017-02,2000-12,2011-11,2017-01,792
persistent_60,,,,133,dynamic,2017-03,2000-12,2011-12,2017-02,798
persistent_60,,,,134,dynamic,2017-04,2000-12,2012-01,2017-03,804
persistent_60,,,,135,dynamic,2017-05,2000-12,2012-02,2017-04,810
persistent_60,,,,136,dynamic,2017-06,2000-12,2012-03,2017-05,816
persistent_60,,,,137,dynamic,2017-07,2000-12,2012-04,2017-06,822
persistent_60,,,,138,dynamic,2017-08,2000-12,2012-05,2017-07,828
persistent_60,,,,139,dynamic,2017-09,2000-12,2012-06,2017-08,834
persistent_60,,,,140,dynamic,2017-10,2000-12,2012-07,2017-09,840
persistent_60,,,,141,dynamic,2017-11,2000-12,2012-08,2017-10,846
persistent_60,,,,142,dynamic,2017-12,2000-12,2012-09,2017-11,852
persistent_60,,,,143,dynamic,2018-01,2000-12,2012-10,2017-12,858
persistent_60,,,,144,dynamic,2018-02,2000-12,2012-11,2018-01,864
persistent_60,,,,145,dynamic,2018-03,2000-12,2012-12,2018-02,870
persistent_60,,,,146,dynamic,2018-04,2000-12,2013-01,2018-03,876
persistent_60,,,,147,dynamic,2018-05,2000-12,2013-02,2018-04,882
persistent_60,,,,148,dynamic,2018-06,2000-12,2013-03,2018-05,888
persistent_60,,,,149,dynamic,2018-07,2000-12,2013-04,2018-06,894
persistent_60,,,,150,dynamic,2018-08,2000-12,2013-05,2018-07,900
persistent_60,,,,151,dynamic,2018-09,2000-12,2013-06,2018-08,906
persistent_60,,,,152,dynamic,2018-10,2000-12,2013-07,2018-09,912
persistent_60,,,,153,dynamic,2018-11,2000-12,2013-08,2018-10,918
persistent_60,,,,154,dynamic,2018-12,2000-12,2013-09,2018-11,924
persistent_60,,,,155,dynamic,2019-01,2000-12,2013-10,2018-12,930
persistent_60,,,,156,dynamic,2019-02,2000-12,2013-11,2019-01,936
persistent_60,,,,157,dynamic,2019-03,2000-12,2013-12,2019-02,942
persistent_60,,,,158,dynamic,2019-04,2000-12,2014-01,2019-03,948
persistent_60,,,,159,dynamic,2019-05,2000-12,2014-02,2019-04,954
persistent_60,,,,160,dynamic,2019-06,2000-12,2014-03,2019-05,960
persistent_60,,,,161,dynamic,2019-07,2000-12,2014-04,2019-06,966
persistent_60,,,,162,dynamic,2019-08,2000-12,2014-05,2019-07,972
persistent_60,,,,163,dynamic,2019-09,2000-12,2014-06,2019-08,978
persistent_60,,,,164,dynamic,2019-10,2000-12,2014-07,2019-09,984
persistent_60,,,,165,dynamic,2019-11,2000-12,2014-08,2019-10,990
persistent_60,,,,166,dynamic,2019-12,2000-12,2014-09,2019-11,996
persistent_60,,,,167,dynamic,2020-01,2000-12,2014-10,2019-12,1002
persistent_60,,,,168,dynamic,2020-02,2000-12,2014-11,2020-01,1008
persistent_60,,,,169,dynamic,2020-03,2000-12,2014-12,2020-02,1014
persistent_60,,,,170,dynamic,2020-04,2000-12,2015-01,2020-03,1020
persistent_60,,,,171,dynamic,2020-05,2000-12,2015-02,2020-04,1026
persistent_60,,,,172,dynamic,2020-06,2000-12,2015-03,2020-05,1032
persistent_60,,,,173,dynamic,2020-07,2000-12,2015-04,2020-06,1038
persistent_60,,,,174,dynamic,2020-08,2000-12,2015-05,2020-07,1044
persistent_60,,,,175,dynamic,2020-09,2000-12,2015-06,2020-08,1050
persistent_60,,,,176,dynamic,2020-10,2000-12,2015-07,2020-09,1056
persistent_60,,,,177,dynamic,2020-11,2000-12,2015-08,2020-10,1062
persistent_60,,,,178,dynamic,2020-12,2000-12,2015-09,2020-11,1068
persistent_60,,,,179,dynamic,2021-01,2000-12,2015-10,2020-12,1074
persistent_60,,,,180,dynamic,2021-02,2000-12,2015-11,2021-01,1080
persistent_60,,,,181,dynamic,2021-03,2000-12,2015-12,2021-02,1086
persistent_60,,,,182,dynamic,2021-04,2000-12,2016-01,2021-03,1092
persistent_60,,,,183,dynamic,2021-05,2000-12,2016-02,2021-04,1098
persistent_60,,,,184,dynamic,2021-06,2000-12,2016-03,2021-05,1104
persistent_60,,,,185,dynamic,2021-07,2000-12,2016-04,2021-06,1110
persistent_60,,,,186,dynamic,2021-08,2000-12,2016-05,2021-07,1116
persistent_60,,,,187,dynamic,2021-09,2000-12,2016-06,2021-08,1122
persistent_60,,,,188,dynamic,2021-10,2000-12,2016-07,2021-09,1128
persistent_60,,,,189,dynamic,2021-11,2000-12,2016-08,2021-10,1134
persistent_60,,,,190,dynamic,2021-12,2000-12,2016-09,2021-11,1140
persistent_60,,,,191,dynamic,2022-01,2000-12,2016-10,2021-12,1146
persistent_60,,,,192,dynamic,2022-02,2000-12,2016-11,2022-01,1152
persistent_60,,,,193,dynamic,2022-03,2000-12,2016-12,2022-02,1158
persistent_60,,,,194,dynamic,2022-04,2000-12,2017-01,2022-03,1164
persistent_60,,,,195,dynamic,2022-05,2000-12,2017-02,2022-04,1170
persistent_60,,,,196,dynamic,2022-06,2000-12,2017-03,2022-05,1176
persistent_60,,,,197,dynamic,2022-07,2000-12,2017-04,2022-06,1182
persistent_60,,,,198,dynamic,2022-08,2000-12,2017-05,2022-07,1188
persistent_60,,,,199,dynamic,2022-09,2000-12,2017-06,2022-08,1194
persistent_60,,,,200,dynamic,2022-10,2000-12,2017-07,2022-09,1200
persistent_60,,,,201,dynamic,2022-11,2000-12,2017-08,2022-10,1206
persistent_60,,,,202,dynamic,2022-12,2000-12,2017-09,2022-11,1212
persistent_60,,,,203,dynamic,2023-01,2000-12,2017-10,2022-12,1218
persistent_60,,,,204,dynamic,2023-02,2000-12,2017-11,2023-01,1224
persistent_60,,,,205,dynamic,2023-03,2000-12,2017-12,2023-02,1230
persistent_60,,,,206,dynamic,2023-04,2000-12,2018-01,2023-03,1236
persistent_60,,,,207,dynamic,2023-05,2000-12,2018-02,2023-04,1242
persistent_60,,,,208,dynamic,2023-06,2000-12,2018-03,2023-05,1248
persistent_60,,,,209,dynamic,2023-07,2000-12,2018-04,2023-06,1254
persistent_60,,,,210,dynamic,2023-08,2000-12,2018-05,2023-07,1260
persistent_60,,,,211,dynamic,2023-09,2000-12,2018-06,2023-08,1266
persistent_60,,,,212,dynamic,2023-10,2000-12,2018-07,2023-09,1272
persistent_60,,,,213,dynamic,2023-11,2000-12,2018-08,2023-10,1278
persistent_60,,,,214,dynamic,2023-12,2000-12,2018-09,2023-11,1284
persistent_60,,,,215,dynamic,2024-01,2000-12,2018-10,2023-12,1290
persistent_60,,,,216,dynamic,2024-02,2000-12,2018-11,2024-01,1296
persistent_60,,,,217,dynamic,2024-03,2000-12,2018-12,2024-02,1302
persistent_60,,,,218,dynamic,2024-04,2000-12,2019-01,2024-03,1308
persistent_60,,,,219,dynamic,2024-05,2000-12,2019-02,2024-04,1314
persistent_60,,,,220,dynamic,2024-06,2000-12,2019-03,2024-05,1320
persistent_60,,,,221,dynamic,2024-07,2000-12,2019-04,2024-06,1326
persistent_60,,,,222,dynamic,2024-08,2000-12,2019-05,2024-07,1332
persistent_60,,,,223,dynamic,2024-09,2000-12,2019-06,2024-08,1338
persistent_60,,,,224,dynamic,2024-10,2000-12,2019-07,2024-09,1344
persistent_60,,,,225,dynamic,2024-11,2000-12,2019-08,2024-10,1350
persistent_60,,,,226,dynamic,2024-12,2000-12,2019-09,2024-11,1356
persistent_60,,,,227,dynamic,2025-01,2000-12,2019-10,2024-12,1362
persistent_60,,,,228,dynamic,2025-02,2000-12,2019-11,2025-01,1368
persistent_60,,,,229,dynamic,2025-03,2000-12,2019-12,2025-02,1374
persistent_60,,,,230,dynamic,2025-04,2000-12,2020-01,2025-03,1380
persistent_60,,,,231,dynamic,2025-05,2000-12,2020-02,2025-04,1386
persistent_60,,,,232,dynamic,2025-06,2000-12,2020-03,2025-05,1392
persistent_60,,,,233,dynamic,2025-07,2000-12,2020-04,2025-06,1398
persistent_60,,,,234,dynamic,2025-08,2000-12,2020-05,2025-07,1404
persistent_60,,,,235,dynamic,2025-09,2000-12,2020-06,2025-08,1410
persistent_60,,,,236,dynamic,2025-10,2000-12,2020-07,2025-09,1416
persistent_60,,,,237,dynamic,2025-11,2000-12,2020-08,2025-10,1422
persistent_60,,,,238,dynamic,2025-12,2000-12,2020-09,2025-11,1428
persistent_60,,,,239,dynamic,2026-01,2000-12,2020-10,2025-12,1434
persistent_60,,,,240,dynamic,2026-02,2000-12,2020-11,2026-01,1440
persistent_60,,,,241,dynamic,2026-03,2000-12,2020-12,2026-02,1446
persistent_60,,,,242,dynamic,2026-04,2000-12,2021-01,2026-03,1452
persistent_60,,,,243,dynamic,2026-05,2000-12,2021-02,2026-04,1458
persistent_60,,,,244,dynamic,2026-06,2000-12,2021-03,2026-05,1464
persistent_60,,,,245,dynamic,2026-07,2000-12,2021-04,2026-06,1470
persistent_60,,,,246,dynamic,2026-08,2000-12,2021-05,2026-07,1476
persistent_60,,,,60,annual,2018-03,2008-01,2012-12,2018-02,360
persistent_60,,,,61,annual,2018-04,2008-01,2013-01,2018-03,366
persistent_60,,,,62,annual,2018-05,2008-01,2013-02,2018-04,372
persistent_60,,,,63,annual,2018-06,2008-01,2013-03,2018-05,378
persistent_60,,,,64,annual,2018-07,2008-01,2013-04,2018-06,384
persistent_60,,,,65,annual,2018-08,2008-01,2013-05,2018-07,390
persistent_60,,,,66,annual,2018-09,2008-01,2013-06,2018-08,396
persistent_60,,,,67,annual,2018-10,2008-01,2013-07,2018-09,402
persistent_60,,,,68,annual,2018-11,2008-01,2013-08,2018-10,408
persistent_60,,,,69,annual,2018-12,2008-01,2013-09,2018-11,414
persistent_60,,,,70,annual,2019-01,2008-01,2013-10,2018-12,420
persistent_60,,,,71,annual,2019-02,2008-01,2013-11,2019-01,426
persistent_60,,,,72,annual,2019-03,2008-01,2013-12,2019-02,432
persistent_60,,,,73,annual,2019-04,2008-01,2014-01,2019-03,438
persistent_60,,,,74,annual,2019-05,2008-01,2014-02,2019-04,444
persistent_60,,,,75,annual,2019-06,2008-01,2014-03,2019-05,450
persistent_60,,,,76,annual,2019-07,2008-01,2014-04,2019-06,456
persistent_60,,,,77,annual,2019-08,2008-01,2014-05,2019-07,462
persistent_60,,,,78,annual,2019-09,2008-01,2014-06,2019-08,468
persistent_60,,,,79,annual,2019-10,2008-01,2014-07,2019-09,474
persistent_60,,,,80,annual,2019-11,2008-01,2014-08,2019-10,480
persistent_60,,,,81,annual,2019-12,2008-01,2014-09,2019-11,486
persistent_60,,,,82,annual,2020-01,2008-01,2014-10,2019-12,492
persistent_60,,,,83,annual,2020-02,2008-01,2014-11,2020-01,498
persistent_60,,,,84,annual,2020-03,2008-01,2014-12,2020-02,504
persistent_60,,,,85,annual,2020-04,2008-01,2015-01,2020-03,510
persistent_60,,,,86,annual,2020-05,2008-01,2015-02,2020-04,516
persistent_60,,,,87,annual,2020-06,2008-01,2015-03,2020-05,522
persistent_60,,,,88,annual,2020-07,2008-01,2015-04,2020-06,528
persistent_60,,,,89,annual,2020-08,2008-01,2015-05,2020-07,534
persistent_60,,,,90,annual,2020-09,2008-01,2015-06,2020-08,540
persistent_60,,,,91,annual,2020-10,2008-01,2015-07,2020-09,546
persistent_60,,,,92,annual,2020-11,2008-01,2015-08,2020-10,552
persistent_60,,,,93,annual,2020-12,2008-01,2015-09,2020-11,558
persistent_60,,,,94,annual,2021-01,2008-01,2015-10,2020-12,564
persistent_60,,,,95,annual,2021-02,2008-01,2015-11,2021-01,570
persistent_60,,,,96,annual,2021-03,2008-01,2015-12,2021-02,576
persistent_60,,,,97,annual,2021-04,2008-01,2016-01,2021-03,582
persistent_60,,,,98,annual,2021-05,2008-01,2016-02,2021-04,588
persistent_60,,,,99,annual,2021-06,2008-01,2016-03,2021-05,594
persistent_60,,,,100,annual,2021-07,2008-01,2016-04,2021-06,600
persistent_60,,,,101,annual,2021-08,2008-01,2016-05,2021-07,606
persistent_60,,,,102,annual,2021-09,2008-01,2016-06,2021-08,612
persistent_60,,,,103,annual,2021-10,2008-01,2016-07,2021-09,618
persistent_60,,,,104,annual,2021-11,2008-01,2016-08,2021-10,624
persistent_60,,,,105,annual,2021-12,2008-01,2016-09,2021-11,630
persistent_60,,,,106,annual,2022-01,2008-01,2016-10,2021-12,636
persistent_60,,,,107,annual,2022-02,2008-01,2016-11,2022-01,642
persistent_60,,,,108,annual,2022-03,2008-01,2016-12,2022-02,648
persistent_60,,,,109,annual,2022-04,2008-01,2017-01,2022-03,654
persistent_60,,,,110,annual,2022-05,2008-01,2017-02,2022-04,660
persistent_60,,,,111,annual,2022-06,2008-01,2017-03,2022-05,666
persistent_60,,,,112,annual,2022-07,2008-01,2017-04,2022-06,672
persistent_60,,,,113,annual,2022-08,2008-01,2017-05,2022-07,678
persistent_60,,,,114,annual,2022-09,2008-01,2017-06,2022-08,684
persistent_60,,,,115,annual,2022-10,2008-01,2017-07,2022-09,690
persistent_60,,,,116,annual,2022-11,2008-01,2017-08,2022-10,696
persistent_60,,,,117,annual,2022-12,2008-01,2017-09,2022-11,702
persistent_60,,,,118,annual,2023-01,2008-01,2017-10,2022-12,708
persistent_60,,,,119,annual,2023-02,2008-01,2017-11,2023-01,714
persistent_60,,,,120,annual,2023-03,2008-01,2017-12,2023-02,720
persistent_60,,,,121,annual,2023-04,2008-01,2018-01,2023-03,726
persistent_60,,,,122,annual,2023-05,2008-01,2018-02,2023-04,732
persistent_60,,,,123,annual,2023-06,2008-01,2018-03,2023-05,738
persistent_60,,,,124,annual,2023-07,2008-01,2018-04,2023-06,744
persistent_60,,,,125,annual,2023-08,2008-01,2018-05,2023-07,750
persistent_60,,,,126,annual,2023-09,2008-01,2018-06,2023-08,756
persistent_60,,,,127,annual,2023-10,2008-01,2018-07,2023-09,762
persistent_60,,,,128,annual,2023-11,2008-01,2018-08,2023-10,768
persistent_60,,,,129,annual,2023-12,2008-01,2018-09,2023-11,774
persistent_60,,,,130,annual,2024-01,2008-01,2018-10,2023-12,780
persistent_60,,,,131,annual,2024-02,2008-01,2018-11,2024-01,786
persistent_60,,,,132,annual,2024-03,2008-01,2018-12,2024-02,792
persistent_60,,,,133,annual,2024-04,2008-01,2019-01,2024-03,798
persistent_60,,,,134,annual,2024-05,2008-01,2019-02,2024-04,804
persistent_60,,,,135,annual,2024-06,2008-01,2019-03,2024-05,810
persistent_60,,,,136,annual,2024-07,2008-01,2019-04,2024-06,816
persistent_60,,,,137,annual,2024-08,2008-01,2019-05,2024-07,822
persistent_60,,,,138,annual,2024-09,2008-01,2019-06,2024-08,828
persistent_60,,,,139,annual,2024-10,2008-01,2019-07,2024-09,834
persistent_60,,,,140,annual,2024-11,2008-01,2019-08,2024-10,840
persistent_60,,,,141,annual,2024-12,2008-01,2019-09,2024-11,846
persistent_60,,,,142,annual,2025-01,2008-01,2019-10,2024-12,852
persistent_60,,,,143,annual,2025-02,2008-01,2019-11,2025-01,858
persistent_60,,,,144,annual,2025-03,2008-01,2019-12,2025-02,864
persistent_60,,,,145,annual,2025-04,2008-01,2020-01,2025-03,870
persistent_60,,,,146,annual,2025-05,2008-01,2020-02,2025-04,876
persistent_60,,,,147,annual,2025-06,2008-01,2020-03,2025-05,882
persistent_60,,,,148,annual,2025-07,2008-01,2020-04,2025-06,888
persistent_60,,,,149,annual,2025-08,2008-01,2020-05,2025-07,894
persistent_60,,,,150,annual,2025-09,2008-01,2020-06,2025-08,900
persistent_60,,,,151,annual,2025-10,2008-01,2020-07,2025-09,906
persistent_60,,,,152,annual,2025-11,2008-01,2020-08,2025-10,912
persistent_60,,,,153,annual,2025-12,2008-01,2020-09,2025-11,918
persistent_60,,,,154,annual,2026-01,2008-01,2020-10,2025-12,924
persistent_60,,,,155,annual,2026-02,2008-01,2020-11,2026-01,930
persistent_60,,,,156,annual,2026-03,2008-01,2020-12,2026-02,936
persistent_60,,,,157,annual,2026-04,2008-01,2021-01,2026-03,942
persistent_60,,,,158,annual,2026-05,2008-01,2021-02,2026-04,948
persistent_60,,,,159,annual,2026-06,2008-01,2021-03,2026-05,954
persistent_60,,,,160,annual,2026-07,2008-01,2021-04,2026-06,960
persistent_60,,,,161,annual,2026-08,2008-01,2021-05,2026-07,966
persistent_60,,,,60,structure,2021-03,2011-01,2015-12,2021-02,360
persistent_60,,,,61,structure,2021-04,2011-01,2016-01,2021-03,366
persistent_60,,,,62,structure,2021-05,2011-01,2016-02,2021-04,372
persistent_60,,,,63,structure,2021-06,2011-01,2016-03,2021-05,378
persistent_60,,,,64,structure,2021-07,2011-01,2016-04,2021-06,384
persistent_60,,,,65,structure,2021-08,2011-01,2016-05,2021-07,390
persistent_60,,,,66,structure,2021-09,2011-01,2016-06,2021-08,396
persistent_60,,,,67,structure,2021-10,2011-01,2016-07,2021-09,402
persistent_60,,,,68,structure,2021-11,2011-01,2016-08,2021-10,408
persistent_60,,,,69,structure,2021-12,2011-01,2016-09,2021-11,414
persistent_60,,,,70,structure,2022-01,2011-01,2016-10,2021-12,420
persistent_60,,,,71,structure,2022-02,2011-01,2016-11,2022-01,426
persistent_60,,,,72,structure,2022-03,2011-01,2016-12,2022-02,432
persistent_60,,,,73,structure,2022-04,2011-01,2017-01,2022-03,438
persistent_60,,,,74,structure,2022-05,2011-01,2017-02,2022-04,444
persistent_60,,,,75,structure,2022-06,2011-01,2017-03,2022-05,450
persistent_60,,,,76,structure,2022-07,2011-01,2017-04,2022-06,456
persistent_60,,,,77,structure,2022-08,2011-01,2017-05,2022-07,462
persistent_60,,,,78,structure,2022-09,2011-01,2017-06,2022-08,468
persistent_60,,,,79,structure,2022-10,2011-01,2017-07,2022-09,474
persistent_60,,,,80,structure,2022-11,2011-01,2017-08,2022-10,480
persistent_60,,,,81,structure,2022-12,2011-01,2017-09,2022-11,486
persistent_60,,,,82,structure,2023-01,2011-01,2017-10,2022-12,492
persistent_60,,,,83,structure,2023-02,2011-01,2017-11,2023-01,498
persistent_60,,,,84,structure,2023-03,2011-01,2017-12,2023-02,504
persistent_60,,,,85,structure,2023-04,2011-01,2018-01,2023-03,510
persistent_60,,,,86,structure,2023-05,2011-01,2018-02,2023-04,516
persistent_60,,,,87,structure,2023-06,2011-01,2018-03,2023-05,522
persistent_60,,,,88,structure,2023-07,2011-01,2018-04,2023-06,528
persistent_60,,,,89,structure,2023-08,2011-01,2018-05,2023-07,534
persistent_60,,,,90,structure,2023-09,2011-01,2018-06,2023-08,540
persistent_60,,,,91,structure,2023-10,2011-01,2018-07,2023-09,546
persistent_60,,,,92,structure,2023-11,2011-01,2018-08,2023-10,552
persistent_60,,,,93,structure,2023-12,2011-01,2018-09,2023-11,558
persistent_60,,,,94,structure,2024-01,2011-01,2018-10,2023-12,564
persistent_60,,,,95,structure,2024-02,2011-01,2018-11,2024-01,570
persistent_60,,,,96,structure,2024-03,2011-01,2018-12,2024-02,576
persistent_60,,,,97,structure,2024-04,2011-01,2019-01,2024-03,582
persistent_60,,,,98,structure,2024-05,2011-01,2019-02,2024-04,588
persistent_60,,,,99,structure,2024-06,2011-01,2019-03,2024-05,594
persistent_60,,,,100,structure,2024-07,2011-01,2019-04,2024-06,600
persistent_60,,,,101,structure,2024-08,2011-01,2019-05,2024-07,606
persistent_60,,,,102,structure,2024-09,2011-01,2019-06,2024-08,612
persistent_60,,,,103,structure,2024-10,2011-01,2019-07,2024-09,618
persistent_60,,,,104,structure,2024-11,2011-01,2019-08,2024-10,624
persistent_60,,,,105,structure,2024-12,2011-01,2019-09,2024-11,630
persistent_60,,,,106,structure,2025-01,2011-01,2019-10,2024-12,636
persistent_60,,,,107,structure,2025-02,2011-01,2019-11,2025-01,642
persistent_60,,,,108,structure,2025-03,2011-01,2019-12,2025-02,648
persistent_60,,,,109,structure,2025-04,2011-01,2020-01,2025-03,654
persistent_60,,,,110,structure,2025-05,2011-01,2020-02,2025-04,660
persistent_60,,,,111,structure,2025-06,2011-01,2020-03,2025-05,666
persistent_60,,,,112,structure,2025-07,2011-01,2020-04,2025-06,672
persistent_60,,,,113,structure,2025-08,2011-01,2020-05,2025-07,678
persistent_60,,,,114,structure,2025-09,2011-01,2020-06,2025-08,684
persistent_60,,,,115,structure,2025-10,2011-01,2020-07,2025-09,690
persistent_60,,,,116,structure,2025-11,2011-01,2020-08,2025-10,696
persistent_60,,,,117,structure,2025-12,2011-01,2020-09,2025-11,702
persistent_60,,,,118,structure,2026-01,2011-01,2020-10,2025-12,708
persistent_60,,,,119,structure,2026-02,2011-01,2020-11,2026-01,714
persistent_60,,,,120,structure,2026-03,2011-01,2020-12,2026-02,720
persistent_60,,,,121,structure,2026-04,2011-01,2021-01,2026-03,726
persistent_60,,,,122,structure,2026-05,2011-01,2021-02,2026-04,732
persistent_60,,,,123,structure,2026-06,2011-01,2021-03,2026-05,738
persistent_60,,,,124,structure,2026-07,2011-01,2021-04,2026-06,744
persistent_60,,,,125,structure,2026-08,2011-01,2021-05,2026-07,750
persistent_60,,,,60,All,2021-03,2011-01,2015-12,2021-02,360
persistent_60,,,,61,All,2021-04,2011-01,2016-01,2021-03,366
persistent_60,,,,62,All,2021-05,2011-01,2016-02,2021-04,372
persistent_60,,,,63,All,2021-06,2011-01,2016-03,2021-05,378
persistent_60,,,,64,All,2021-07,2011-01,2016-04,2021-06,384
persistent_60,,,,65,All,2021-08,2011-01,2016-05,2021-07,390
persistent_60,,,,66,All,2021-09,2011-01,2016-06,2021-08,396
persistent_60,,,,67,All,2021-10,2011-01,2016-07,2021-09,402
persistent_60,,,,68,All,2021-11,2011-01,2016-08,2021-10,408
persistent_60,,,,69,All,2021-12,2011-01,2016-09,2021-11,414
persistent_60,,,,70,All,2022-01,2011-01,2016-10,2021-12,420
persistent_60,,,,71,All,2022-02,2011-01,2016-11,2022-01,426
persistent_60,,,,72,All,2022-03,2011-01,2016-12,2022-02,432
persistent_60,,,,73,All,2022-04,2011-01,2017-01,2022-03,438
persistent_60,,,,74,All,2022-05,2011-01,2017-02,2022-04,444
persistent_60,,,,75,All,2022-06,2011-01,2017-03,2022-05,450
persistent_60,,,,76,All,2022-07,2011-01,2017-04,2022-06,456
persistent_60,,,,77,All,2022-08,2011-01,2017-05,2022-07,462
persistent_60,,,,78,All,2022-09,2011-01,2017-06,2022-08,468
persistent_60,,,,79,All,2022-10,2011-01,2017-07,2022-09,474
persistent_60,,,,80,All,2022-11,2011-01,2017-08,2022-10,480
persistent_60,,,,81,All,2022-12,2011-01,2017-09,2022-11,486
persistent_60,,,,82,All,2023-01,2011-01,2017-10,2022-12,492
persistent_60,,,,83,All,2023-02,2011-01,2017-11,2023-01,498
persistent_60,,,,84,All,2023-03,2011-01,2017-12,2023-02,504
persistent_60,,,,85,All,2023-04,2011-01,2018-01,2023-03,510
persistent_60,,,,86,All,2023-05,2011-01,2018-02,2023-04,516
persistent_60,,,,87,All,2023-06,2011-01,2018-03,2023-05,522
persistent_60,,,,88,All,2023-07,2011-01,2018-04,2023-06,528
persistent_60,,,,89,All,2023-08,2011-01,2018-05,2023-07,534
persistent_60,,,,90,All,2023-09,2011-01,2018-06,2023-08,540
persistent_60,,,,91,All,2023-10,2011-01,2018-07,2023-09,546
persistent_60,,,,92,All,2023-11,2011-01,2018-08,2023-10,552
persistent_60,,,,93,All,2023-12,2011-01,2018-09,2023-11,558
persistent_60,,,,94,All,2024-01,2011-01,2018-10,2023-12,564
persistent_60,,,,95,All,2024-02,2011-01,2018-11,2024-01,570
persistent_60,,,,96,All,2024-03,2011-01,2018-12,2024-02,576
persistent_60,,,,97,All,2024-04,2011-01,2019-01,2024-03,582
persistent_60,,,,98,All,2024-05,2011-01,2019-02,2024-04,588
persistent_60,,,,99,All,2024-06,2011-01,2019-03,2024-05,594
persistent_60,,,,100,All,2024-07,2011-01,2019-04,2024-06,600
persistent_60,,,,101,All,2024-08,2011-01,2019-05,2024-07,606
persistent_60,,,,102,All,2024-09,2011-01,2019-06,2024-08,612
persistent_60,,,,103,All,2024-10,2011-01,2019-07,2024-09,618
persistent_60,,,,104,All,2024-11,2011-01,2019-08,2024-10,624
persistent_60,,,,105,All,2024-12,2011-01,2019-09,2024-11,630
persistent_60,,,,106,All,2025-01,2011-01,2019-10,2024-12,636
persistent_60,,,,107,All,2025-02,2011-01,2019-11,2025-01,642
persistent_60,,,,108,All,2025-03,2011-01,2019-12,2025-02,648
persistent_60,,,,109,All,2025-04,2011-01,2020-01,2025-03,654
persistent_60,,,,110,All,2025-05,2011-01,2020-02,2025-04,660
persistent_60,,,,111,All,2025-06,2011-01,2020-03,2025-05,666
persistent_60,,,,112,All,2025-07,2011-01,2020-04,2025-06,672
persistent_60,,,,113,All,2025-08,2011-01,2020-05,2025-07,678
persistent_60,,,,114,All,2025-09,2011-01,2020-06,2025-08,684
persistent_60,,,,115,All,2025-10,2011-01,2020-07,2025-09,690
persistent_60,,,,116,All,2025-11,2011-01,2020-08,2025-10,696
persistent_60,,,,117,All,2025-12,2011-01,2020-09,2025-11,702
persistent_60,,,,118,All,2026-01,2011-01,2020-10,2025-12,708
persistent_60,,,,119,All,2026-02,2011-01,2020-11,2026-01,714
persistent_60,,,,120,All,2026-03,2011-01,2020-12,2026-02,720
persistent_60,,,,121,All,2026-04,2011-01,2021-01,2026-03,726
persistent_60,,,,122,All,2026-05,2011-01,2021-02,2026-04,732
persistent_60,,,,123,All,2026-06,2011-01,2021-03,2026-05,738
persistent_60,,,,124,All,2026-07,2011-01,2021-04,2026-06,744
persistent_60,,,,125,All,2026-08,2011-01,2021-05,2026-07,750
nominal_60,,,,60,EJR,2009-10,1999-10,2004-09,2009-09,360
nominal_60,,,,61,EJR,2009-11,1999-10,2004-10,2009-10,366
nominal_60,,,,62,EJR,2009-12,1999-10,2004-11,2009-11,372
nominal_60,,,,63,EJR,2010-01,1999-10,2004-12,2009-12,378
nominal_60,,,,64,EJR,2010-02,1999-10,2005-01,2010-01,384
nominal_60,,,,65,EJR,2010-03,1999-10,2005-02,2010-02,390
nominal_60,,,,66,EJR,2010-04,1999-10,2005-03,2010-03,396
nominal_60,,,,67,EJR,2010-05,1999-10,2005-04,2010-04,402
nominal_60,,,,68,EJR,2010-06,1999-10,2005-05,2010-05,408
nominal_60,,,,69,EJR,2010-07,1999-10,2005-06,2010-06,414
nominal_60,,,,70,EJR,2010-08,1999-10,2005-07,2010-07,420
nominal_60,,,,71,EJR,2010-09,1999-10,2005-08,2010-08,426
nominal_60,,,,72,EJR,2010-10,1999-10,2005-09,2010-09,432
nominal_60,,,,73,EJR,2010-11,1999-10,2005-10,2010-10,438
nominal_60,,,,74,EJR,2010-12,1999-10,2005-11,2010-11,444
nominal_60,,,,75,EJR,2011-01,1999-10,2005-12,2010-12,450
nominal_60,,,,76,EJR,2011-02,1999-10,2006-01,2011-01,456
nominal_60,,,,77,EJR,2011-03,1999-10,2006-02,2011-02,462
nominal_60,,,,78,EJR,2011-04,1999-10,2006-03,2011-03,468
nominal_60,,,,79,EJR,2011-05,1999-10,2006-04,2011-04,474
nominal_60,,,,80,EJR,2011-06,1999-10,2006-05,2011-05,480
nominal_60,,,,81,EJR,2011-07,1999-10,2006-06,2011-06,486
nominal_60,,,,82,EJR,2011-08,1999-10,2006-07,2011-07,492
nominal_60,,,,83,EJR,2011-09,1999-10,2006-08,2011-08,498
nominal_60,,,,84,EJR,2011-10,1999-10,2006-09,2011-09,504
nominal_60,,,,85,EJR,2011-11,1999-10,2006-10,2011-10,510
nominal_60,,,,86,EJR,2011-12,1999-10,2006-11,2011-11,516
nominal_60,,,,87,EJR,2012-01,1999-10,2006-12,2011-12,522
nominal_60,,,,88,EJR,2012-02,1999-10,2007-01,2012-01,528
nominal_60,,,,89,EJR,2012-03,1999-10,2007-02,2012-02,534
nominal_60,,,,90,EJR,2012-04,1999-10,2007-03,2012-03,540
nominal_60,,,,91,EJR,2012-05,1999-10,2007-04,2012-04,546
nominal_60,,,,92,EJR,2012-06,1999-10,2007-05,2012-05,552
nominal_60,,,,93,EJR,2012-07,1999-10,2007-06,2012-06,558
nominal_60,,,,94,EJR,2012-08,1999-10,2007-07,2012-07,564
nominal_60,,,,95,EJR,2012-09,1999-10,2007-08,2012-08,570
nominal_60,,,,96,EJR,2012-10,1999-10,2007-09,2012-09,576
nominal_60,,,,97,EJR,2012-11,1999-10,2007-10,2012-10,582
nominal_60,,,,98,EJR,2012-12,1999-10,2007-11,2012-11,588
nominal_60,,,,99,EJR,2013-01,1999-10,2007-12,2012-12,594
nominal_60,,,,100,EJR,2013-02,1999-10,2008-01,2013-01,600
nominal_60,,,,101,EJR,2013-03,1999-10,2008-02,2013-02,606
nominal_60,,,,102,EJR,2013-04,1999-10,2008-03,2013-03,612
nominal_60,,,,103,EJR,2013-05,1999-10,2008-04,2013-04,618
nominal_60,,,,104,EJR,2013-06,1999-10,2008-05,2013-05,624
nominal_60,,,,105,EJR,2013-07,1999-10,2008-06,2013-06,630
nominal_60,,,,106,EJR,2013-08,1999-10,2008-07,2013-07,636
nominal_60,,,,107,EJR,2013-09,1999-10,2008-08,2013-08,642
nominal_60,,,,108,EJR,2013-10,1999-10,2008-09,2013-09,648
nominal_60,,,,109,EJR,2013-11,1999-10,2008-10,2013-10,654
nominal_60,,,,110,EJR,2013-12,1999-10,2008-11,2013-11,660
nominal_60,,,,111,EJR,2014-01,1999-10,2008-12,2013-12,666
nominal_60,,,,112,EJR,2014-02,1999-10,2009-01,2014-01,672
nominal_60,,,,113,EJR,2014-03,1999-10,2009-02,2014-02,678
nominal_60,,,,114,EJR,2014-04,1999-10,2009-03,2014-03,684
nominal_60,,,,115,EJR,2014-05,1999-10,2009-04,2014-04,690
nominal_60,,,,116,EJR,2014-06,1999-10,2009-05,2014-05,696
nominal_60,,,,117,EJR,2014-07,1999-10,2009-06,2014-06,702
nominal_60,,,,118,EJR,2014-08,1999-10,2009-07,2014-07,708
nominal_60,,,,119,EJR,2014-09,1999-10,2009-08,2014-08,714
nominal_60,,,,120,EJR,2014-10,1999-10,2009-09,2014-09,720
nominal_60,,,,121,EJR,2014-11,1999-10,2009-10,2014-10,726
nominal_60,,,,122,EJR,2014-12,1999-10,2009-11,2014-11,732
nominal_60,,,,123,EJR,2015-01,1999-10,2009-12,2014-12,738
nominal_60,,,,124,EJR,2015-02,1999-10,2010-01,2015-01,744
nominal_60,,,,125,EJR,2015-03,1999-10,2010-02,2015-02,750
nominal_60,,,,126,EJR,2015-04,1999-10,2010-03,2015-03,756
nominal_60,,,,127,EJR,2015-05,1999-10,2010-04,2015-04,762
nominal_60,,,,128,EJR,2015-06,1999-10,2010-05,2015-05,768
nominal_60,,,,129,EJR,2015-07,1999-10,2010-06,2015-06,774
nominal_60,,,,130,EJR,2015-08,1999-10,2010-07,2015-07,780
nominal_60,,,,131,EJR,2015-09,1999-10,2010-08,2015-08,786
nominal_60,,,,132,EJR,2015-10,1999-10,2010-09,2015-09,792
nominal_60,,,,133,EJR,2015-11,1999-10,2010-10,2015-10,798
nominal_60,,,,134,EJR,2015-12,1999-10,2010-11,2015-11,804
nominal_60,,,,135,EJR,2016-01,1999-10,2010-12,2015-12,810
nominal_60,,,,136,EJR,2016-02,1999-10,2011-01,2016-01,816
nominal_60,,,,137,EJR,2016-03,1999-10,2011-02,2016-02,822
nominal_60,,,,138,EJR,2016-04,1999-10,2011-03,2016-03,828
nominal_60,,,,139,EJR,2016-05,1999-10,2011-04,2016-04,834
nominal_60,,,,140,EJR,2016-06,1999-10,2011-05,2016-05,840
nominal_60,,,,141,EJR,2016-07,1999-10,2011-06,2016-06,846
nominal_60,,,,142,EJR,2016-08,1999-10,2011-07,2016-07,852
nominal_60,,,,143,EJR,2016-09,1999-10,2011-08,2016-08,858
nominal_60,,,,144,EJR,2016-10,1999-10,2011-09,2016-09,864
nominal_60,,,,145,EJR,2016-11,1999-10,2011-10,2016-10,870
nominal_60,,,,146,EJR,2016-12,1999-10,2011-11,2016-11,876
nominal_60,,,,147,EJR,2017-01,1999-10,2011-12,2016-12,882
nominal_60,,,,148,EJR,2017-02,1999-10,2012-01,2017-01,888
nominal_60,,,,149,EJR,2017-03,1999-10,2012-02,2017-02,894
nominal_60,,,,150,EJR,2017-04,1999-10,2012-03,2017-03,900
nominal_60,,,,151,EJR,2017-05,1999-10,2012-04,2017-04,906
nominal_60,,,,152,EJR,2017-06,1999-10,2012-05,2017-05,912
nominal_60,,,,153,EJR,2017-07,1999-10,2012-06,2017-06,918
nominal_60,,,,154,EJR,2017-08,1999-10,2012-07,2017-07,924
nominal_60,,,,155,EJR,2017-09,1999-10,2012-08,2017-08,930
nominal_60,,,,156,EJR,2017-10,1999-10,2012-09,2017-09,936
nominal_60,,,,157,EJR,2017-11,1999-10,2012-10,2017-10,942
nominal_60,,,,158,EJR,2017-12,1999-10,2012-11,2017-11,948
nominal_60,,,,159,EJR,2018-01,1999-10,2012-12,2017-12,954
nominal_60,,,,160,EJR,2018-02,1999-10,2013-01,2018-01,960
nominal_60,,,,161,EJR,2018-03,1999-10,2013-02,2018-02,966
nominal_60,,,,162,EJR,2018-04,1999-10,2013-03,2018-03,972
nominal_60,,,,163,EJR,2018-05,1999-10,2013-04,2018-04,978
nominal_60,,,,164,EJR,2018-06,1999-10,2013-05,2018-05,984
nominal_60,,,,165,EJR,2018-07,1999-10,2013-06,2018-06,990
nominal_60,,,,166,EJR,2018-08,1999-10,2013-07,2018-07,996
nominal_60,,,,167,EJR,2018-09,1999-10,2013-08,2018-08,1002
nominal_60,,,,168,EJR,2018-10,1999-10,2013-09,2018-09,1008
nominal_60,,,,169,EJR,2018-11,1999-10,2013-10,2018-10,1014
nominal_60,,,,170,EJR,2018-12,1999-10,2013-11,2018-11,1020
nominal_60,,,,171,EJR,2019-01,1999-10,2013-12,2018-12,1026
nominal_60,,,,172,EJR,2019-02,1999-10,2014-01,2019-01,1032
nominal_60,,,,173,EJR,2019-03,1999-10,2014-02,2019-02,1038
nominal_60,,,,174,EJR,2019-04,1999-10,2014-03,2019-03,1044
nominal_60,,,,175,EJR,2019-05,1999-10,2014-04,2019-04,1050
nominal_60,,,,176,EJR,2019-06,1999-10,2014-05,2019-05,1056
nominal_60,,,,177,EJR,2019-07,1999-10,2014-06,2019-06,1062
nominal_60,,,,178,EJR,2019-08,1999-10,2014-07,2019-07,1068
nominal_60,,,,179,EJR,2019-09,1999-10,2014-08,2019-08,1074
nominal_60,,,,180,EJR,2019-10,1999-10,2014-09,2019-09,1080
nominal_60,,,,181,EJR,2019-11,1999-10,2014-10,2019-10,1086
nominal_60,,,,182,EJR,2019-12,1999-10,2014-11,2019-11,1092
nominal_60,,,,183,EJR,2020-01,1999-10,2014-12,2019-12,1098
nominal_60,,,,184,EJR,2020-02,1999-10,2015-01,2020-01,1104
nominal_60,,,,185,EJR,2020-03,1999-10,2015-02,2020-02,1110
nominal_60,,,,186,EJR,2020-04,1999-10,2015-03,2020-03,1116
nominal_60,,,,187,EJR,2020-05,1999-10,2015-04,2020-04,1122
nominal_60,,,,188,EJR,2020-06,1999-10,2015-05,2020-05,1128
nominal_60,,,,189,EJR,2020-07,1999-10,2015-06,2020-06,1134
nominal_60,,,,190,EJR,2020-08,1999-10,2015-07,2020-07,1140
nominal_60,,,,191,EJR,2020-09,1999-10,2015-08,2020-08,1146
nominal_60,,,,192,EJR,2020-10,1999-10,2015-09,2020-09,1152
nominal_60,,,,193,EJR,2020-11,1999-10,2015-10,2020-10,1158
nominal_60,,,,194,EJR,2020-12,1999-10,2015-11,2020-11,1164
nominal_60,,,,195,EJR,2021-01,1999-10,2015-12,2020-12,1170
nominal_60,,,,196,EJR,2021-02,1999-10,2016-01,2021-01,1176
nominal_60,,,,197,EJR,2021-03,1999-10,2016-02,2021-02,1182
nominal_60,,,,198,EJR,2021-04,1999-10,2016-03,2021-03,1188
nominal_60,,,,199,EJR,2021-05,1999-10,2016-04,2021-04,1194
nominal_60,,,,200,EJR,2021-06,1999-10,2016-05,2021-05,1200
nominal_60,,,,201,EJR,2021-07,1999-10,2016-06,2021-06,1206
nominal_60,,,,202,EJR,2021-08,1999-10,2016-07,2021-07,1212
nominal_60,,,,203,EJR,2021-09,1999-10,2016-08,2021-08,1218
nominal_60,,,,204,EJR,2021-10,1999-10,2016-09,2021-09,1224
nominal_60,,,,205,EJR,2021-11,1999-10,2016-10,2021-10,1230
nominal_60,,,,206,EJR,2021-12,1999-10,2016-11,2021-11,1236
nominal_60,,,,207,EJR,2022-01,1999-10,2016-12,2021-12,1242
nominal_60,,,,208,EJR,2022-02,1999-10,2017-01,2022-01,1248
nominal_60,,,,209,EJR,2022-03,1999-10,2017-02,2022-02,1254
nominal_60,,,,210,EJR,2022-04,1999-10,2017-03,2022-03,1260
nominal_60,,,,211,EJR,2022-05,1999-10,2017-04,2022-04,1266
nominal_60,,,,212,EJR,2022-06,1999-10,2017-05,2022-05,1272
nominal_60,,,,213,EJR,2022-07,1999-10,2017-06,2022-06,1278
nominal_60,,,,214,EJR,2022-08,1999-10,2017-07,2022-07,1284
nominal_60,,,,215,EJR,2022-09,1999-10,2017-08,2022-08,1290
nominal_60,,,,216,EJR,2022-10,1999-10,2017-09,2022-09,1296
nominal_60,,,,217,EJR,2022-11,1999-10,2017-10,2022-10,1302
nominal_60,,,,218,EJR,2022-12,1999-10,2017-11,2022-11,1308
nominal_60,,,,219,EJR,2023-01,1999-10,2017-12,2022-12,1314
nominal_60,,,,220,EJR,2023-02,1999-10,2018-01,2023-01,1320
nominal_60,,,,221,EJR,2023-03,1999-10,2018-02,2023-02,1326
nominal_60,,,,222,EJR,2023-04,1999-10,2018-03,2023-03,1332
nominal_60,,,,223,EJR,2023-05,1999-10,2018-04,2023-04,1338
nominal_60,,,,224,EJR,2023-06,1999-10,2018-05,2023-05,1344
nominal_60,,,,225,EJR,2023-07,1999-10,2018-06,2023-06,1350
nominal_60,,,,226,EJR,2023-08,1999-10,2018-07,2023-07,1356
nominal_60,,,,227,EJR,2023-09,1999-10,2018-08,2023-08,1362
nominal_60,,,,228,EJR,2023-10,1999-10,2018-09,2023-09,1368
nominal_60,,,,229,EJR,2023-11,1999-10,2018-10,2023-10,1374
nominal_60,,,,230,EJR,2023-12,1999-10,2018-11,2023-11,1380
nominal_60,,,,231,EJR,2024-01,1999-10,2018-12,2023-12,1386
nominal_60,,,,232,EJR,2024-02,1999-10,2019-01,2024-01,1392
nominal_60,,,,233,EJR,2024-03,1999-10,2019-02,2024-02,1398
nominal_60,,,,234,EJR,2024-04,1999-10,2019-03,2024-03,1404
nominal_60,,,,235,EJR,2024-05,1999-10,2019-04,2024-04,1410
nominal_60,,,,236,EJR,2024-06,1999-10,2019-05,2024-05,1416
nominal_60,,,,237,EJR,2024-07,1999-10,2019-06,2024-06,1422
nominal_60,,,,238,EJR,2024-08,1999-10,2019-07,2024-07,1428
nominal_60,,,,239,EJR,2024-09,1999-10,2019-08,2024-08,1434
nominal_60,,,,240,EJR,2024-10,1999-10,2019-09,2024-09,1440
nominal_60,,,,241,EJR,2024-11,1999-10,2019-10,2024-10,1446
nominal_60,,,,242,EJR,2024-12,1999-10,2019-11,2024-11,1452
nominal_60,,,,243,EJR,2025-01,1999-10,2019-12,2024-12,1458
nominal_60,,,,244,EJR,2025-02,1999-10,2020-01,2025-01,1464
nominal_60,,,,245,EJR,2025-03,1999-10,2020-02,2025-02,1470
nominal_60,,,,246,EJR,2025-04,1999-10,2020-03,2025-03,1476
nominal_60,,,,247,EJR,2025-05,1999-10,2020-04,2025-04,1482
nominal_60,,,,248,EJR,2025-06,1999-10,2020-05,2025-05,1488
nominal_60,,,,249,EJR,2025-07,1999-10,2020-06,2025-06,1494
nominal_60,,,,250,EJR,2025-08,1999-10,2020-07,2025-07,1500
nominal_60,,,,251,EJR,2025-09,1999-10,2020-08,2025-08,1506
nominal_60,,,,252,EJR,2025-10,1999-10,2020-09,2025-09,1512
nominal_60,,,,253,EJR,2025-11,1999-10,2020-10,2025-10,1518
nominal_60,,,,254,EJR,2025-12,1999-10,2020-11,2025-11,1524
nominal_60,,,,255,EJR,2026-01,1999-10,2020-12,2025-12,1530
nominal_60,,,,256,EJR,2026-02,1999-10,2021-01,2026-01,1536
nominal_60,,,,257,EJR,2026-03,1999-10,2021-02,2026-02,1542
nominal_60,,,,258,EJR,2026-04,1999-10,2021-03,2026-03,1548
nominal_60,,,,259,EJR,2026-05,1999-10,2021-04,2026-04,1554
nominal_60,,,,260,EJR,2026-06,1999-10,2021-05,2026-05,1560
nominal_60,,,,261,EJR,2026-07,1999-10,2021-06,2026-06,1566
nominal_60,,,,262,EJR,2026-08,1999-10,2021-07,2026-07,1572
nominal_60,,,,60,Fixed,2009-11,1999-11,2004-10,2009-10,360
nominal_60,,,,61,Fixed,2009-12,1999-11,2004-11,2009-11,366
nominal_60,,,,62,Fixed,2010-01,1999-11,2004-12,2009-12,372
nominal_60,,,,63,Fixed,2010-02,1999-11,2005-01,2010-01,378
nominal_60,,,,64,Fixed,2010-03,1999-11,2005-02,2010-02,384
nominal_60,,,,65,Fixed,2010-04,1999-11,2005-03,2010-03,390
nominal_60,,,,66,Fixed,2010-05,1999-11,2005-04,2010-04,396
nominal_60,,,,67,Fixed,2010-06,1999-11,2005-05,2010-05,402
nominal_60,,,,68,Fixed,2010-07,1999-11,2005-06,2010-06,408
nominal_60,,,,69,Fixed,2010-08,1999-11,2005-07,2010-07,414
nominal_60,,,,70,Fixed,2010-09,1999-11,2005-08,2010-08,420
nominal_60,,,,71,Fixed,2010-10,1999-11,2005-09,2010-09,426
nominal_60,,,,72,Fixed,2010-11,1999-11,2005-10,2010-10,432
nominal_60,,,,73,Fixed,2010-12,1999-11,2005-11,2010-11,438
nominal_60,,,,74,Fixed,2011-01,1999-11,2005-12,2010-12,444
nominal_60,,,,75,Fixed,2011-02,1999-11,2006-01,2011-01,450
nominal_60,,,,76,Fixed,2011-03,1999-11,2006-02,2011-02,456
nominal_60,,,,77,Fixed,2011-04,1999-11,2006-03,2011-03,462
nominal_60,,,,78,Fixed,2011-05,1999-11,2006-04,2011-04,468
nominal_60,,,,79,Fixed,2011-06,1999-11,2006-05,2011-05,474
nominal_60,,,,80,Fixed,2011-07,1999-11,2006-06,2011-06,480
nominal_60,,,,81,Fixed,2011-08,1999-11,2006-07,2011-07,486
nominal_60,,,,82,Fixed,2011-09,1999-11,2006-08,2011-08,492
nominal_60,,,,83,Fixed,2011-10,1999-11,2006-09,2011-09,498
nominal_60,,,,84,Fixed,2011-11,1999-11,2006-10,2011-10,504
nominal_60,,,,85,Fixed,2011-12,1999-11,2006-11,2011-11,510
nominal_60,,,,86,Fixed,2012-01,1999-11,2006-12,2011-12,516
nominal_60,,,,87,Fixed,2012-02,1999-11,2007-01,2012-01,522
nominal_60,,,,88,Fixed,2012-03,1999-11,2007-02,2012-02,528
nominal_60,,,,89,Fixed,2012-04,1999-11,2007-03,2012-03,534
nominal_60,,,,90,Fixed,2012-05,1999-11,2007-04,2012-04,540
nominal_60,,,,91,Fixed,2012-06,1999-11,2007-05,2012-05,546
nominal_60,,,,92,Fixed,2012-07,1999-11,2007-06,2012-06,552
nominal_60,,,,93,Fixed,2012-08,1999-11,2007-07,2012-07,558
nominal_60,,,,94,Fixed,2012-09,1999-11,2007-08,2012-08,564
nominal_60,,,,95,Fixed,2012-10,1999-11,2007-09,2012-09,570
nominal_60,,,,96,Fixed,2012-11,1999-11,2007-10,2012-10,576
nominal_60,,,,97,Fixed,2012-12,1999-11,2007-11,2012-11,582
nominal_60,,,,98,Fixed,2013-01,1999-11,2007-12,2012-12,588
nominal_60,,,,99,Fixed,2013-02,1999-11,2008-01,2013-01,594
nominal_60,,,,100,Fixed,2013-03,1999-11,2008-02,2013-02,600
nominal_60,,,,101,Fixed,2013-04,1999-11,2008-03,2013-03,606
nominal_60,,,,102,Fixed,2013-05,1999-11,2008-04,2013-04,612
nominal_60,,,,103,Fixed,2013-06,1999-11,2008-05,2013-05,618
nominal_60,,,,104,Fixed,2013-07,1999-11,2008-06,2013-06,624
nominal_60,,,,105,Fixed,2013-08,1999-11,2008-07,2013-07,630
nominal_60,,,,106,Fixed,2013-09,1999-11,2008-08,2013-08,636
nominal_60,,,,107,Fixed,2013-10,1999-11,2008-09,2013-09,642
nominal_60,,,,108,Fixed,2013-11,1999-11,2008-10,2013-10,648
nominal_60,,,,109,Fixed,2013-12,1999-11,2008-11,2013-11,654
nominal_60,,,,110,Fixed,2014-01,1999-11,2008-12,2013-12,660
nominal_60,,,,111,Fixed,2014-02,1999-11,2009-01,2014-01,666
nominal_60,,,,112,Fixed,2014-03,1999-11,2009-02,2014-02,672
nominal_60,,,,113,Fixed,2014-04,1999-11,2009-03,2014-03,678
nominal_60,,,,114,Fixed,2014-05,1999-11,2009-04,2014-04,684
nominal_60,,,,115,Fixed,2014-06,1999-11,2009-05,2014-05,690
nominal_60,,,,116,Fixed,2014-07,1999-11,2009-06,2014-06,696
nominal_60,,,,117,Fixed,2014-08,1999-11,2009-07,2014-07,702
nominal_60,,,,118,Fixed,2014-09,1999-11,2009-08,2014-08,708
nominal_60,,,,119,Fixed,2014-10,1999-11,2009-09,2014-09,714
nominal_60,,,,120,Fixed,2014-11,1999-11,2009-10,2014-10,720
nominal_60,,,,121,Fixed,2014-12,1999-11,2009-11,2014-11,726
nominal_60,,,,122,Fixed,2015-01,1999-11,2009-12,2014-12,732
nominal_60,,,,123,Fixed,2015-02,1999-11,2010-01,2015-01,738
nominal_60,,,,124,Fixed,2015-03,1999-11,2010-02,2015-02,744
nominal_60,,,,125,Fixed,2015-04,1999-11,2010-03,2015-03,750
nominal_60,,,,126,Fixed,2015-05,1999-11,2010-04,2015-04,756
nominal_60,,,,127,Fixed,2015-06,1999-11,2010-05,2015-05,762
nominal_60,,,,128,Fixed,2015-07,1999-11,2010-06,2015-06,768
nominal_60,,,,129,Fixed,2015-08,1999-11,2010-07,2015-07,774
nominal_60,,,,130,Fixed,2015-09,1999-11,2010-08,2015-08,780
nominal_60,,,,131,Fixed,2015-10,1999-11,2010-09,2015-09,786
nominal_60,,,,132,Fixed,2015-11,1999-11,2010-10,2015-10,792
nominal_60,,,,133,Fixed,2015-12,1999-11,2010-11,2015-11,798
nominal_60,,,,134,Fixed,2016-01,1999-11,2010-12,2015-12,804
nominal_60,,,,135,Fixed,2016-02,1999-11,2011-01,2016-01,810
nominal_60,,,,136,Fixed,2016-03,1999-11,2011-02,2016-02,816
nominal_60,,,,137,Fixed,2016-04,1999-11,2011-03,2016-03,822
nominal_60,,,,138,Fixed,2016-05,1999-11,2011-04,2016-04,828
nominal_60,,,,139,Fixed,2016-06,1999-11,2011-05,2016-05,834
nominal_60,,,,140,Fixed,2016-07,1999-11,2011-06,2016-06,840
nominal_60,,,,141,Fixed,2016-08,1999-11,2011-07,2016-07,846
nominal_60,,,,142,Fixed,2016-09,1999-11,2011-08,2016-08,852
nominal_60,,,,143,Fixed,2016-10,1999-11,2011-09,2016-09,858
nominal_60,,,,144,Fixed,2016-11,1999-11,2011-10,2016-10,864
nominal_60,,,,145,Fixed,2016-12,1999-11,2011-11,2016-11,870
nominal_60,,,,146,Fixed,2017-01,1999-11,2011-12,2016-12,876
nominal_60,,,,147,Fixed,2017-02,1999-11,2012-01,2017-01,882
nominal_60,,,,148,Fixed,2017-03,1999-11,2012-02,2017-02,888
nominal_60,,,,149,Fixed,2017-04,1999-11,2012-03,2017-03,894
nominal_60,,,,150,Fixed,2017-05,1999-11,2012-04,2017-04,900
nominal_60,,,,151,Fixed,2017-06,1999-11,2012-05,2017-05,906
nominal_60,,,,152,Fixed,2017-07,1999-11,2012-06,2017-06,912
nominal_60,,,,153,Fixed,2017-08,1999-11,2012-07,2017-07,918
nominal_60,,,,154,Fixed,2017-09,1999-11,2012-08,2017-08,924
nominal_60,,,,155,Fixed,2017-10,1999-11,2012-09,2017-09,930
nominal_60,,,,156,Fixed,2017-11,1999-11,2012-10,2017-10,936
nominal_60,,,,157,Fixed,2017-12,1999-11,2012-11,2017-11,942
nominal_60,,,,158,Fixed,2018-01,1999-11,2012-12,2017-12,948
nominal_60,,,,159,Fixed,2018-02,1999-11,2013-01,2018-01,954
nominal_60,,,,160,Fixed,2018-03,1999-11,2013-02,2018-02,960
nominal_60,,,,161,Fixed,2018-04,1999-11,2013-03,2018-03,966
nominal_60,,,,162,Fixed,2018-05,1999-11,2013-04,2018-04,972
nominal_60,,,,163,Fixed,2018-06,1999-11,2013-05,2018-05,978
nominal_60,,,,164,Fixed,2018-07,1999-11,2013-06,2018-06,984
nominal_60,,,,165,Fixed,2018-08,1999-11,2013-07,2018-07,990
nominal_60,,,,166,Fixed,2018-09,1999-11,2013-08,2018-08,996
nominal_60,,,,167,Fixed,2018-10,1999-11,2013-09,2018-09,1002
nominal_60,,,,168,Fixed,2018-11,1999-11,2013-10,2018-10,1008
nominal_60,,,,169,Fixed,2018-12,1999-11,2013-11,2018-11,1014
nominal_60,,,,170,Fixed,2019-01,1999-11,2013-12,2018-12,1020
nominal_60,,,,171,Fixed,2019-02,1999-11,2014-01,2019-01,1026
nominal_60,,,,172,Fixed,2019-03,1999-11,2014-02,2019-02,1032
nominal_60,,,,173,Fixed,2019-04,1999-11,2014-03,2019-03,1038
nominal_60,,,,174,Fixed,2019-05,1999-11,2014-04,2019-04,1044
nominal_60,,,,175,Fixed,2019-06,1999-11,2014-05,2019-05,1050
nominal_60,,,,176,Fixed,2019-07,1999-11,2014-06,2019-06,1056
nominal_60,,,,177,Fixed,2019-08,1999-11,2014-07,2019-07,1062
nominal_60,,,,178,Fixed,2019-09,1999-11,2014-08,2019-08,1068
nominal_60,,,,179,Fixed,2019-10,1999-11,2014-09,2019-09,1074
nominal_60,,,,180,Fixed,2019-11,1999-11,2014-10,2019-10,1080
nominal_60,,,,181,Fixed,2019-12,1999-11,2014-11,2019-11,1086
nominal_60,,,,182,Fixed,2020-01,1999-11,2014-12,2019-12,1092
nominal_60,,,,183,Fixed,2020-02,1999-11,2015-01,2020-01,1098
nominal_60,,,,184,Fixed,2020-03,1999-11,2015-02,2020-02,1104
nominal_60,,,,185,Fixed,2020-04,1999-11,2015-03,2020-03,1110
nominal_60,,,,186,Fixed,2020-05,1999-11,2015-04,2020-04,1116
nominal_60,,,,187,Fixed,2020-06,1999-11,2015-05,2020-05,1122
nominal_60,,,,188,Fixed,2020-07,1999-11,2015-06,2020-06,1128
nominal_60,,,,189,Fixed,2020-08,1999-11,2015-07,2020-07,1134
nominal_60,,,,190,Fixed,2020-09,1999-11,2015-08,2020-08,1140
nominal_60,,,,191,Fixed,2020-10,1999-11,2015-09,2020-09,1146
nominal_60,,,,192,Fixed,2020-11,1999-11,2015-10,2020-10,1152
nominal_60,,,,193,Fixed,2020-12,1999-11,2015-11,2020-11,1158
nominal_60,,,,194,Fixed,2021-01,1999-11,2015-12,2020-12,1164
nominal_60,,,,195,Fixed,2021-02,1999-11,2016-01,2021-01,1170
nominal_60,,,,196,Fixed,2021-03,1999-11,2016-02,2021-02,1176
nominal_60,,,,197,Fixed,2021-04,1999-11,2016-03,2021-03,1182
nominal_60,,,,198,Fixed,2021-05,1999-11,2016-04,2021-04,1188
nominal_60,,,,199,Fixed,2021-06,1999-11,2016-05,2021-05,1194
nominal_60,,,,200,Fixed,2021-07,1999-11,2016-06,2021-06,1200
nominal_60,,,,201,Fixed,2021-08,1999-11,2016-07,2021-07,1206
nominal_60,,,,202,Fixed,2021-09,1999-11,2016-08,2021-08,1212
nominal_60,,,,203,Fixed,2021-10,1999-11,2016-09,2021-09,1218
nominal_60,,,,204,Fixed,2021-11,1999-11,2016-10,2021-10,1224
nominal_60,,,,205,Fixed,2021-12,1999-11,2016-11,2021-11,1230
nominal_60,,,,206,Fixed,2022-01,1999-11,2016-12,2021-12,1236
nominal_60,,,,207,Fixed,2022-02,1999-11,2017-01,2022-01,1242
nominal_60,,,,208,Fixed,2022-03,1999-11,2017-02,2022-02,1248
nominal_60,,,,209,Fixed,2022-04,1999-11,2017-03,2022-03,1254
nominal_60,,,,210,Fixed,2022-05,1999-11,2017-04,2022-04,1260
nominal_60,,,,211,Fixed,2022-06,1999-11,2017-05,2022-05,1266
nominal_60,,,,212,Fixed,2022-07,1999-11,2017-06,2022-06,1272
nominal_60,,,,213,Fixed,2022-08,1999-11,2017-07,2022-07,1278
nominal_60,,,,214,Fixed,2022-09,1999-11,2017-08,2022-08,1284
nominal_60,,,,215,Fixed,2022-10,1999-11,2017-09,2022-09,1290
nominal_60,,,,216,Fixed,2022-11,1999-11,2017-10,2022-10,1296
nominal_60,,,,217,Fixed,2022-12,1999-11,2017-11,2022-11,1302
nominal_60,,,,218,Fixed,2023-01,1999-11,2017-12,2022-12,1308
nominal_60,,,,219,Fixed,2023-02,1999-11,2018-01,2023-01,1314
nominal_60,,,,220,Fixed,2023-03,1999-11,2018-02,2023-02,1320
nominal_60,,,,221,Fixed,2023-04,1999-11,2018-03,2023-03,1326
nominal_60,,,,222,Fixed,2023-05,1999-11,2018-04,2023-04,1332
nominal_60,,,,223,Fixed,2023-06,1999-11,2018-05,2023-05,1338
nominal_60,,,,224,Fixed,2023-07,1999-11,2018-06,2023-06,1344
nominal_60,,,,225,Fixed,2023-08,1999-11,2018-07,2023-07,1350
nominal_60,,,,226,Fixed,2023-09,1999-11,2018-08,2023-08,1356
nominal_60,,,,227,Fixed,2023-10,1999-11,2018-09,2023-09,1362
nominal_60,,,,228,Fixed,2023-11,1999-11,2018-10,2023-10,1368
nominal_60,,,,229,Fixed,2023-12,1999-11,2018-11,2023-11,1374
nominal_60,,,,230,Fixed,2024-01,1999-11,2018-12,2023-12,1380
nominal_60,,,,231,Fixed,2024-02,1999-11,2019-01,2024-01,1386
nominal_60,,,,232,Fixed,2024-03,1999-11,2019-02,2024-02,1392
nominal_60,,,,233,Fixed,2024-04,1999-11,2019-03,2024-03,1398
nominal_60,,,,234,Fixed,2024-05,1999-11,2019-04,2024-04,1404
nominal_60,,,,235,Fixed,2024-06,1999-11,2019-05,2024-05,1410
nominal_60,,,,236,Fixed,2024-07,1999-11,2019-06,2024-06,1416
nominal_60,,,,237,Fixed,2024-08,1999-11,2019-07,2024-07,1422
nominal_60,,,,238,Fixed,2024-09,1999-11,2019-08,2024-08,1428
nominal_60,,,,239,Fixed,2024-10,1999-11,2019-09,2024-09,1434
nominal_60,,,,240,Fixed,2024-11,1999-11,2019-10,2024-10,1440
nominal_60,,,,241,Fixed,2024-12,1999-11,2019-11,2024-11,1446
nominal_60,,,,242,Fixed,2025-01,1999-11,2019-12,2024-12,1452
nominal_60,,,,243,Fixed,2025-02,1999-11,2020-01,2025-01,1458
nominal_60,,,,244,Fixed,2025-03,1999-11,2020-02,2025-02,1464
nominal_60,,,,245,Fixed,2025-04,1999-11,2020-03,2025-03,1470
nominal_60,,,,246,Fixed,2025-05,1999-11,2020-04,2025-04,1476
nominal_60,,,,247,Fixed,2025-06,1999-11,2020-05,2025-05,1482
nominal_60,,,,248,Fixed,2025-07,1999-11,2020-06,2025-06,1488
nominal_60,,,,249,Fixed,2025-08,1999-11,2020-07,2025-07,1494
nominal_60,,,,250,Fixed,2025-09,1999-11,2020-08,2025-08,1500
nominal_60,,,,251,Fixed,2025-10,1999-11,2020-09,2025-09,1506
nominal_60,,,,252,Fixed,2025-11,1999-11,2020-10,2025-10,1512
nominal_60,,,,253,Fixed,2025-12,1999-11,2020-11,2025-11,1518
nominal_60,,,,254,Fixed,2026-01,1999-11,2020-12,2025-12,1524
nominal_60,,,,255,Fixed,2026-02,1999-11,2021-01,2026-01,1530
nominal_60,,,,256,Fixed,2026-03,1999-11,2021-02,2026-02,1536
nominal_60,,,,257,Fixed,2026-04,1999-11,2021-03,2026-03,1542
nominal_60,,,,258,Fixed,2026-05,1999-11,2021-04,2026-04,1548
nominal_60,,,,259,Fixed,2026-06,1999-11,2021-05,2026-05,1554
nominal_60,,,,260,Fixed,2026-07,1999-11,2021-06,2026-06,1560
nominal_60,,,,261,Fixed,2026-08,1999-11,2021-07,2026-07,1566
nominal_60,,,,60,Dynamic,2009-11,1999-11,2004-10,2009-10,360
nominal_60,,,,61,Dynamic,2009-12,1999-11,2004-11,2009-11,366
nominal_60,,,,62,Dynamic,2010-01,1999-11,2004-12,2009-12,372
nominal_60,,,,63,Dynamic,2010-02,1999-11,2005-01,2010-01,378
nominal_60,,,,64,Dynamic,2010-03,1999-11,2005-02,2010-02,384
nominal_60,,,,65,Dynamic,2010-04,1999-11,2005-03,2010-03,390
nominal_60,,,,66,Dynamic,2010-05,1999-11,2005-04,2010-04,396
nominal_60,,,,67,Dynamic,2010-06,1999-11,2005-05,2010-05,402
nominal_60,,,,68,Dynamic,2010-07,1999-11,2005-06,2010-06,408
nominal_60,,,,69,Dynamic,2010-08,1999-11,2005-07,2010-07,414
nominal_60,,,,70,Dynamic,2010-09,1999-11,2005-08,2010-08,420
nominal_60,,,,71,Dynamic,2010-10,1999-11,2005-09,2010-09,426
nominal_60,,,,72,Dynamic,2010-11,1999-11,2005-10,2010-10,432
nominal_60,,,,73,Dynamic,2010-12,1999-11,2005-11,2010-11,438
nominal_60,,,,74,Dynamic,2011-01,1999-11,2005-12,2010-12,444
nominal_60,,,,75,Dynamic,2011-02,1999-11,2006-01,2011-01,450
nominal_60,,,,76,Dynamic,2011-03,1999-11,2006-02,2011-02,456
nominal_60,,,,77,Dynamic,2011-04,1999-11,2006-03,2011-03,462
nominal_60,,,,78,Dynamic,2011-05,1999-11,2006-04,2011-04,468
nominal_60,,,,79,Dynamic,2011-06,1999-11,2006-05,2011-05,474
nominal_60,,,,80,Dynamic,2011-07,1999-11,2006-06,2011-06,480
nominal_60,,,,81,Dynamic,2011-08,1999-11,2006-07,2011-07,486
nominal_60,,,,82,Dynamic,2011-09,1999-11,2006-08,2011-08,492
nominal_60,,,,83,Dynamic,2011-10,1999-11,2006-09,2011-09,498
nominal_60,,,,84,Dynamic,2011-11,1999-11,2006-10,2011-10,504
nominal_60,,,,85,Dynamic,2011-12,1999-11,2006-11,2011-11,510
nominal_60,,,,86,Dynamic,2012-01,1999-11,2006-12,2011-12,516
nominal_60,,,,87,Dynamic,2012-02,1999-11,2007-01,2012-01,522
nominal_60,,,,88,Dynamic,2012-03,1999-11,2007-02,2012-02,528
nominal_60,,,,89,Dynamic,2012-04,1999-11,2007-03,2012-03,534
nominal_60,,,,90,Dynamic,2012-05,1999-11,2007-04,2012-04,540
nominal_60,,,,91,Dynamic,2012-06,1999-11,2007-05,2012-05,546
nominal_60,,,,92,Dynamic,2012-07,1999-11,2007-06,2012-06,552
nominal_60,,,,93,Dynamic,2012-08,1999-11,2007-07,2012-07,558
nominal_60,,,,94,Dynamic,2012-09,1999-11,2007-08,2012-08,564
nominal_60,,,,95,Dynamic,2012-10,1999-11,2007-09,2012-09,570
nominal_60,,,,96,Dynamic,2012-11,1999-11,2007-10,2012-10,576
nominal_60,,,,97,Dynamic,2012-12,1999-11,2007-11,2012-11,582
nominal_60,,,,98,Dynamic,2013-01,1999-11,2007-12,2012-12,588
nominal_60,,,,99,Dynamic,2013-02,1999-11,2008-01,2013-01,594
nominal_60,,,,100,Dynamic,2013-03,1999-11,2008-02,2013-02,600
nominal_60,,,,101,Dynamic,2013-04,1999-11,2008-03,2013-03,606
nominal_60,,,,102,Dynamic,2013-05,1999-11,2008-04,2013-04,612
nominal_60,,,,103,Dynamic,2013-06,1999-11,2008-05,2013-05,618
nominal_60,,,,104,Dynamic,2013-07,1999-11,2008-06,2013-06,624
nominal_60,,,,105,Dynamic,2013-08,1999-11,2008-07,2013-07,630
nominal_60,,,,106,Dynamic,2013-09,1999-11,2008-08,2013-08,636
nominal_60,,,,107,Dynamic,2013-10,1999-11,2008-09,2013-09,642
nominal_60,,,,108,Dynamic,2013-11,1999-11,2008-10,2013-10,648
nominal_60,,,,109,Dynamic,2013-12,1999-11,2008-11,2013-11,654
nominal_60,,,,110,Dynamic,2014-01,1999-11,2008-12,2013-12,660
nominal_60,,,,111,Dynamic,2014-02,1999-11,2009-01,2014-01,666
nominal_60,,,,112,Dynamic,2014-03,1999-11,2009-02,2014-02,672
nominal_60,,,,113,Dynamic,2014-04,1999-11,2009-03,2014-03,678
nominal_60,,,,114,Dynamic,2014-05,1999-11,2009-04,2014-04,684
nominal_60,,,,115,Dynamic,2014-06,1999-11,2009-05,2014-05,690
nominal_60,,,,116,Dynamic,2014-07,1999-11,2009-06,2014-06,696
nominal_60,,,,117,Dynamic,2014-08,1999-11,2009-07,2014-07,702
nominal_60,,,,118,Dynamic,2014-09,1999-11,2009-08,2014-08,708
nominal_60,,,,119,Dynamic,2014-10,1999-11,2009-09,2014-09,714
nominal_60,,,,120,Dynamic,2014-11,1999-11,2009-10,2014-10,720
nominal_60,,,,121,Dynamic,2014-12,1999-11,2009-11,2014-11,726
nominal_60,,,,122,Dynamic,2015-01,1999-11,2009-12,2014-12,732
nominal_60,,,,123,Dynamic,2015-02,1999-11,2010-01,2015-01,738
nominal_60,,,,124,Dynamic,2015-03,1999-11,2010-02,2015-02,744
nominal_60,,,,125,Dynamic,2015-04,1999-11,2010-03,2015-03,750
nominal_60,,,,126,Dynamic,2015-05,1999-11,2010-04,2015-04,756
nominal_60,,,,127,Dynamic,2015-06,1999-11,2010-05,2015-05,762
nominal_60,,,,128,Dynamic,2015-07,1999-11,2010-06,2015-06,768
nominal_60,,,,129,Dynamic,2015-08,1999-11,2010-07,2015-07,774
nominal_60,,,,130,Dynamic,2015-09,1999-11,2010-08,2015-08,780
nominal_60,,,,131,Dynamic,2015-10,1999-11,2010-09,2015-09,786
nominal_60,,,,132,Dynamic,2015-11,1999-11,2010-10,2015-10,792
nominal_60,,,,133,Dynamic,2015-12,1999-11,2010-11,2015-11,798
nominal_60,,,,134,Dynamic,2016-01,1999-11,2010-12,2015-12,804
nominal_60,,,,135,Dynamic,2016-02,1999-11,2011-01,2016-01,810
nominal_60,,,,136,Dynamic,2016-03,1999-11,2011-02,2016-02,816
nominal_60,,,,137,Dynamic,2016-04,1999-11,2011-03,2016-03,822
nominal_60,,,,138,Dynamic,2016-05,1999-11,2011-04,2016-04,828
nominal_60,,,,139,Dynamic,2016-06,1999-11,2011-05,2016-05,834
nominal_60,,,,140,Dynamic,2016-07,1999-11,2011-06,2016-06,840
nominal_60,,,,141,Dynamic,2016-08,1999-11,2011-07,2016-07,846
nominal_60,,,,142,Dynamic,2016-09,1999-11,2011-08,2016-08,852
nominal_60,,,,143,Dynamic,2016-10,1999-11,2011-09,2016-09,858
nominal_60,,,,144,Dynamic,2016-11,1999-11,2011-10,2016-10,864
nominal_60,,,,145,Dynamic,2016-12,1999-11,2011-11,2016-11,870
nominal_60,,,,146,Dynamic,2017-01,1999-11,2011-12,2016-12,876
nominal_60,,,,147,Dynamic,2017-02,1999-11,2012-01,2017-01,882
nominal_60,,,,148,Dynamic,2017-03,1999-11,2012-02,2017-02,888
nominal_60,,,,149,Dynamic,2017-04,1999-11,2012-03,2017-03,894
nominal_60,,,,150,Dynamic,2017-05,1999-11,2012-04,2017-04,900
nominal_60,,,,151,Dynamic,2017-06,1999-11,2012-05,2017-05,906
nominal_60,,,,152,Dynamic,2017-07,1999-11,2012-06,2017-06,912
nominal_60,,,,153,Dynamic,2017-08,1999-11,2012-07,2017-07,918
nominal_60,,,,154,Dynamic,2017-09,1999-11,2012-08,2017-08,924
nominal_60,,,,155,Dynamic,2017-10,1999-11,2012-09,2017-09,930
nominal_60,,,,156,Dynamic,2017-11,1999-11,2012-10,2017-10,936
nominal_60,,,,157,Dynamic,2017-12,1999-11,2012-11,2017-11,942
nominal_60,,,,158,Dynamic,2018-01,1999-11,2012-12,2017-12,948
nominal_60,,,,159,Dynamic,2018-02,1999-11,2013-01,2018-01,954
nominal_60,,,,160,Dynamic,2018-03,1999-11,2013-02,2018-02,960
nominal_60,,,,161,Dynamic,2018-04,1999-11,2013-03,2018-03,966
nominal_60,,,,162,Dynamic,2018-05,1999-11,2013-04,2018-04,972
nominal_60,,,,163,Dynamic,2018-06,1999-11,2013-05,2018-05,978
nominal_60,,,,164,Dynamic,2018-07,1999-11,2013-06,2018-06,984
nominal_60,,,,165,Dynamic,2018-08,1999-11,2013-07,2018-07,990
nominal_60,,,,166,Dynamic,2018-09,1999-11,2013-08,2018-08,996
nominal_60,,,,167,Dynamic,2018-10,1999-11,2013-09,2018-09,1002
nominal_60,,,,168,Dynamic,2018-11,1999-11,2013-10,2018-10,1008
nominal_60,,,,169,Dynamic,2018-12,1999-11,2013-11,2018-11,1014
nominal_60,,,,170,Dynamic,2019-01,1999-11,2013-12,2018-12,1020
nominal_60,,,,171,Dynamic,2019-02,1999-11,2014-01,2019-01,1026
nominal_60,,,,172,Dynamic,2019-03,1999-11,2014-02,2019-02,1032
nominal_60,,,,173,Dynamic,2019-04,1999-11,2014-03,2019-03,1038
nominal_60,,,,174,Dynamic,2019-05,1999-11,2014-04,2019-04,1044
nominal_60,,,,175,Dynamic,2019-06,1999-11,2014-05,2019-05,1050
nominal_60,,,,176,Dynamic,2019-07,1999-11,2014-06,2019-06,1056
nominal_60,,,,177,Dynamic,2019-08,1999-11,2014-07,2019-07,1062
nominal_60,,,,178,Dynamic,2019-09,1999-11,2014-08,2019-08,1068
nominal_60,,,,179,Dynamic,2019-10,1999-11,2014-09,2019-09,1074
nominal_60,,,,180,Dynamic,2019-11,1999-11,2014-10,2019-10,1080
nominal_60,,,,181,Dynamic,2019-12,1999-11,2014-11,2019-11,1086
nominal_60,,,,182,Dynamic,2020-01,1999-11,2014-12,2019-12,1092
nominal_60,,,,183,Dynamic,2020-02,1999-11,2015-01,2020-01,1098
nominal_60,,,,184,Dynamic,2020-03,1999-11,2015-02,2020-02,1104
nominal_60,,,,185,Dynamic,2020-04,1999-11,2015-03,2020-03,1110
nominal_60,,,,186,Dynamic,2020-05,1999-11,2015-04,2020-04,1116
nominal_60,,,,187,Dynamic,2020-06,1999-11,2015-05,2020-05,1122
nominal_60,,,,188,Dynamic,2020-07,1999-11,2015-06,2020-06,1128
nominal_60,,,,189,Dynamic,2020-08,1999-11,2015-07,2020-07,1134
nominal_60,,,,190,Dynamic,2020-09,1999-11,2015-08,2020-08,1140
nominal_60,,,,191,Dynamic,2020-10,1999-11,2015-09,2020-09,1146
nominal_60,,,,192,Dynamic,2020-11,1999-11,2015-10,2020-10,1152
nominal_60,,,,193,Dynamic,2020-12,1999-11,2015-11,2020-11,1158
nominal_60,,,,194,Dynamic,2021-01,1999-11,2015-12,2020-12,1164
nominal_60,,,,195,Dynamic,2021-02,1999-11,2016-01,2021-01,1170
nominal_60,,,,196,Dynamic,2021-03,1999-11,2016-02,2021-02,1176
nominal_60,,,,197,Dynamic,2021-04,1999-11,2016-03,2021-03,1182
nominal_60,,,,198,Dynamic,2021-05,1999-11,2016-04,2021-04,1188
nominal_60,,,,199,Dynamic,2021-06,1999-11,2016-05,2021-05,1194
nominal_60,,,,200,Dynamic,2021-07,1999-11,2016-06,2021-06,1200
nominal_60,,,,201,Dynamic,2021-08,1999-11,2016-07,2021-07,1206
nominal_60,,,,202,Dynamic,2021-09,1999-11,2016-08,2021-08,1212
nominal_60,,,,203,Dynamic,2021-10,1999-11,2016-09,2021-09,1218
nominal_60,,,,204,Dynamic,2021-11,1999-11,2016-10,2021-10,1224
nominal_60,,,,205,Dynamic,2021-12,1999-11,2016-11,2021-11,1230
nominal_60,,,,206,Dynamic,2022-01,1999-11,2016-12,2021-12,1236
nominal_60,,,,207,Dynamic,2022-02,1999-11,2017-01,2022-01,1242
nominal_60,,,,208,Dynamic,2022-03,1999-11,2017-02,2022-02,1248
nominal_60,,,,209,Dynamic,2022-04,1999-11,2017-03,2022-03,1254
nominal_60,,,,210,Dynamic,2022-05,1999-11,2017-04,2022-04,1260
nominal_60,,,,211,Dynamic,2022-06,1999-11,2017-05,2022-05,1266
nominal_60,,,,212,Dynamic,2022-07,1999-11,2017-06,2022-06,1272
nominal_60,,,,213,Dynamic,2022-08,1999-11,2017-07,2022-07,1278
nominal_60,,,,214,Dynamic,2022-09,1999-11,2017-08,2022-08,1284
nominal_60,,,,215,Dynamic,2022-10,1999-11,2017-09,2022-09,1290
nominal_60,,,,216,Dynamic,2022-11,1999-11,2017-10,2022-10,1296
nominal_60,,,,217,Dynamic,2022-12,1999-11,2017-11,2022-11,1302
nominal_60,,,,218,Dynamic,2023-01,1999-11,2017-12,2022-12,1308
nominal_60,,,,219,Dynamic,2023-02,1999-11,2018-01,2023-01,1314
nominal_60,,,,220,Dynamic,2023-03,1999-11,2018-02,2023-02,1320
nominal_60,,,,221,Dynamic,2023-04,1999-11,2018-03,2023-03,1326
nominal_60,,,,222,Dynamic,2023-05,1999-11,2018-04,2023-04,1332
nominal_60,,,,223,Dynamic,2023-06,1999-11,2018-05,2023-05,1338
nominal_60,,,,224,Dynamic,2023-07,1999-11,2018-06,2023-06,1344
nominal_60,,,,225,Dynamic,2023-08,1999-11,2018-07,2023-07,1350
nominal_60,,,,226,Dynamic,2023-09,1999-11,2018-08,2023-08,1356
nominal_60,,,,227,Dynamic,2023-10,1999-11,2018-09,2023-09,1362
nominal_60,,,,228,Dynamic,2023-11,1999-11,2018-10,2023-10,1368
nominal_60,,,,229,Dynamic,2023-12,1999-11,2018-11,2023-11,1374
nominal_60,,,,230,Dynamic,2024-01,1999-11,2018-12,2023-12,1380
nominal_60,,,,231,Dynamic,2024-02,1999-11,2019-01,2024-01,1386
nominal_60,,,,232,Dynamic,2024-03,1999-11,2019-02,2024-02,1392
nominal_60,,,,233,Dynamic,2024-04,1999-11,2019-03,2024-03,1398
nominal_60,,,,234,Dynamic,2024-05,1999-11,2019-04,2024-04,1404
nominal_60,,,,235,Dynamic,2024-06,1999-11,2019-05,2024-05,1410
nominal_60,,,,236,Dynamic,2024-07,1999-11,2019-06,2024-06,1416
nominal_60,,,,237,Dynamic,2024-08,1999-11,2019-07,2024-07,1422
nominal_60,,,,238,Dynamic,2024-09,1999-11,2019-08,2024-08,1428
nominal_60,,,,239,Dynamic,2024-10,1999-11,2019-09,2024-09,1434
nominal_60,,,,240,Dynamic,2024-11,1999-11,2019-10,2024-10,1440
nominal_60,,,,241,Dynamic,2024-12,1999-11,2019-11,2024-11,1446
nominal_60,,,,242,Dynamic,2025-01,1999-11,2019-12,2024-12,1452
nominal_60,,,,243,Dynamic,2025-02,1999-11,2020-01,2025-01,1458
nominal_60,,,,244,Dynamic,2025-03,1999-11,2020-02,2025-02,1464
nominal_60,,,,245,Dynamic,2025-04,1999-11,2020-03,2025-03,1470
nominal_60,,,,246,Dynamic,2025-05,1999-11,2020-04,2025-04,1476
nominal_60,,,,247,Dynamic,2025-06,1999-11,2020-05,2025-05,1482
nominal_60,,,,248,Dynamic,2025-07,1999-11,2020-06,2025-06,1488
nominal_60,,,,249,Dynamic,2025-08,1999-11,2020-07,2025-07,1494
nominal_60,,,,250,Dynamic,2025-09,1999-11,2020-08,2025-08,1500
nominal_60,,,,251,Dynamic,2025-10,1999-11,2020-09,2025-09,1506
nominal_60,,,,252,Dynamic,2025-11,1999-11,2020-10,2025-10,1512
nominal_60,,,,253,Dynamic,2025-12,1999-11,2020-11,2025-11,1518
nominal_60,,,,254,Dynamic,2026-01,1999-11,2020-12,2025-12,1524
nominal_60,,,,255,Dynamic,2026-02,1999-11,2021-01,2026-01,1530
nominal_60,,,,256,Dynamic,2026-03,1999-11,2021-02,2026-02,1536
nominal_60,,,,257,Dynamic,2026-04,1999-11,2021-03,2026-03,1542
nominal_60,,,,258,Dynamic,2026-05,1999-11,2021-04,2026-04,1548
nominal_60,,,,259,Dynamic,2026-06,1999-11,2021-05,2026-05,1554
nominal_60,,,,260,Dynamic,2026-07,1999-11,2021-06,2026-06,1560
nominal_60,,,,261,Dynamic,2026-08,1999-11,2021-07,2026-07,1566
trade12,,,,60,ridge,2006-11,2000-10,2005-09,2006-10,360
trade12,,,,61,ridge,2006-12,2000-10,2005-10,2006-11,366
trade12,,,,62,ridge,2007-01,2000-10,2005-11,2006-12,372
trade12,,,,63,ridge,2007-02,2000-10,2005-12,2007-01,378
trade12,,,,64,ridge,2007-03,2000-10,2006-01,2007-02,384
trade12,,,,65,ridge,2007-04,2000-10,2006-02,2007-03,390
trade12,,,,66,ridge,2007-05,2000-10,2006-03,2007-04,396
trade12,,,,67,ridge,2007-06,2000-10,2006-04,2007-05,402
trade12,,,,68,ridge,2007-07,2000-10,2006-05,2007-06,408
trade12,,,,69,ridge,2007-08,2000-10,2006-06,2007-07,414
trade12,,,,70,ridge,2007-09,2000-10,2006-07,2007-08,420
trade12,,,,71,ridge,2007-10,2000-10,2006-08,2007-09,426
trade12,,,,72,ridge,2007-11,2000-10,2006-09,2007-10,432
trade12,,,,73,ridge,2007-12,2000-10,2006-10,2007-11,438
trade12,,,,74,ridge,2008-01,2000-10,2006-11,2007-12,444
trade12,,,,75,ridge,2008-02,2000-10,2006-12,2008-01,450
trade12,,,,76,ridge,2008-03,2000-10,2007-01,2008-02,456
trade12,,,,77,ridge,2008-04,2000-10,2007-02,2008-03,462
trade12,,,,78,ridge,2008-05,2000-10,2007-03,2008-04,468
trade12,,,,79,ridge,2008-06,2000-10,2007-04,2008-05,474
trade12,,,,80,ridge,2008-07,2000-10,2007-05,2008-06,480
trade12,,,,81,ridge,2008-08,2000-10,2007-06,2008-07,486
trade12,,,,82,ridge,2008-09,2000-10,2007-07,2008-08,492
trade12,,,,83,ridge,2008-10,2000-10,2007-08,2008-09,498
trade12,,,,84,ridge,2008-11,2000-10,2007-09,2008-10,504
trade12,,,,85,ridge,2008-12,2000-10,2007-10,2008-11,510
trade12,,,,86,ridge,2009-01,2000-10,2007-11,2008-12,516
trade12,,,,87,ridge,2009-02,2000-10,2007-12,2009-01,522
trade12,,,,88,ridge,2009-03,2000-10,2008-01,2009-02,528
trade12,,,,89,ridge,2009-04,2000-10,2008-02,2009-03,534
trade12,,,,90,ridge,2009-05,2000-10,2008-03,2009-04,540
trade12,,,,91,ridge,2009-06,2000-10,2008-04,2009-05,546
trade12,,,,92,ridge,2009-07,2000-10,2008-05,2009-06,552
trade12,,,,93,ridge,2009-08,2000-10,2008-06,2009-07,558
trade12,,,,94,ridge,2009-09,2000-10,2008-07,2009-08,564
trade12,,,,95,ridge,2009-10,2000-10,2008-08,2009-09,570
trade12,,,,96,ridge,2009-11,2000-10,2008-09,2009-10,576
trade12,,,,97,ridge,2009-12,2000-10,2008-10,2009-11,582
trade12,,,,98,ridge,2010-01,2000-10,2008-11,2009-12,588
trade12,,,,99,ridge,2010-02,2000-10,2008-12,2010-01,594
trade12,,,,100,ridge,2010-03,2000-10,2009-01,2010-02,600
trade12,,,,101,ridge,2010-04,2000-10,2009-02,2010-03,606
trade12,,,,102,ridge,2010-05,2000-10,2009-03,2010-04,612
trade12,,,,103,ridge,2010-06,2000-10,2009-04,2010-05,618
trade12,,,,104,ridge,2010-07,2000-10,2009-05,2010-06,624
trade12,,,,105,ridge,2010-08,2000-10,2009-06,2010-07,630
trade12,,,,106,ridge,2010-09,2000-10,2009-07,2010-08,636
trade12,,,,107,ridge,2010-10,2000-10,2009-08,2010-09,642
trade12,,,,108,ridge,2010-11,2000-10,2009-09,2010-10,648
trade12,,,,109,ridge,2010-12,2000-10,2009-10,2010-11,654
trade12,,,,110,ridge,2011-01,2000-10,2009-11,2010-12,660
trade12,,,,111,ridge,2011-02,2000-10,2009-12,2011-01,666
trade12,,,,112,ridge,2011-03,2000-10,2010-01,2011-02,672
trade12,,,,113,ridge,2011-04,2000-10,2010-02,2011-03,678
trade12,,,,114,ridge,2011-05,2000-10,2010-03,2011-04,684
trade12,,,,115,ridge,2011-06,2000-10,2010-04,2011-05,690
trade12,,,,116,ridge,2011-07,2000-10,2010-05,2011-06,696
trade12,,,,117,ridge,2011-08,2000-10,2010-06,2011-07,702
trade12,,,,118,ridge,2011-09,2000-10,2010-07,2011-08,708
trade12,,,,119,ridge,2011-10,2000-10,2010-08,2011-09,714
trade12,,,,120,ridge,2011-11,2000-10,2010-09,2011-10,720
trade12,,,,121,ridge,2011-12,2000-10,2010-10,2011-11,726
trade12,,,,122,ridge,2012-01,2000-10,2010-11,2011-12,732
trade12,,,,123,ridge,2012-02,2000-10,2010-12,2012-01,738
trade12,,,,124,ridge,2012-03,2000-10,2011-01,2012-02,744
trade12,,,,125,ridge,2012-04,2000-10,2011-02,2012-03,750
trade12,,,,126,ridge,2012-05,2000-10,2011-03,2012-04,756
trade12,,,,127,ridge,2012-06,2000-10,2011-04,2012-05,762
trade12,,,,128,ridge,2012-07,2000-10,2011-05,2012-06,768
trade12,,,,129,ridge,2012-08,2000-10,2011-06,2012-07,774
trade12,,,,130,ridge,2012-09,2000-10,2011-07,2012-08,780
trade12,,,,131,ridge,2012-10,2000-10,2011-08,2012-09,786
trade12,,,,132,ridge,2012-11,2000-10,2011-09,2012-10,792
trade12,,,,133,ridge,2012-12,2000-10,2011-10,2012-11,798
trade12,,,,134,ridge,2013-01,2000-10,2011-11,2012-12,804
trade12,,,,135,ridge,2013-02,2000-10,2011-12,2013-01,810
trade12,,,,136,ridge,2013-03,2000-10,2012-01,2013-02,816
trade12,,,,137,ridge,2013-04,2000-10,2012-02,2013-03,822
trade12,,,,138,ridge,2013-05,2000-10,2012-03,2013-04,828
trade12,,,,139,ridge,2013-06,2000-10,2012-04,2013-05,834
trade12,,,,140,ridge,2013-07,2000-10,2012-05,2013-06,840
trade12,,,,141,ridge,2013-08,2000-10,2012-06,2013-07,846
trade12,,,,142,ridge,2013-09,2000-10,2012-07,2013-08,852
trade12,,,,143,ridge,2013-10,2000-10,2012-08,2013-09,858
trade12,,,,144,ridge,2013-11,2000-10,2012-09,2013-10,864
trade12,,,,145,ridge,2013-12,2000-10,2012-10,2013-11,870
trade12,,,,146,ridge,2014-01,2000-10,2012-11,2013-12,876
trade12,,,,147,ridge,2014-02,2000-10,2012-12,2014-01,882
trade12,,,,148,ridge,2014-03,2000-10,2013-01,2014-02,888
trade12,,,,149,ridge,2014-04,2000-10,2013-02,2014-03,894
trade12,,,,150,ridge,2014-05,2000-10,2013-03,2014-04,900
trade12,,,,151,ridge,2014-06,2000-10,2013-04,2014-05,906
trade12,,,,152,ridge,2014-07,2000-10,2013-05,2014-06,912
trade12,,,,153,ridge,2014-08,2000-10,2013-06,2014-07,918
trade12,,,,154,ridge,2014-09,2000-10,2013-07,2014-08,924
trade12,,,,155,ridge,2014-10,2000-10,2013-08,2014-09,930
trade12,,,,156,ridge,2014-11,2000-10,2013-09,2014-10,936
trade12,,,,157,ridge,2014-12,2000-10,2013-10,2014-11,942
trade12,,,,158,ridge,2015-01,2000-10,2013-11,2014-12,948
trade12,,,,159,ridge,2015-02,2000-10,2013-12,2015-01,954
trade12,,,,160,ridge,2015-03,2000-10,2014-01,2015-02,960
trade12,,,,161,ridge,2015-04,2000-10,2014-02,2015-03,966
trade12,,,,162,ridge,2015-05,2000-10,2014-03,2015-04,972
trade12,,,,163,ridge,2015-06,2000-10,2014-04,2015-05,978
trade12,,,,164,ridge,2015-07,2000-10,2014-05,2015-06,984
trade12,,,,165,ridge,2015-08,2000-10,2014-06,2015-07,990
trade12,,,,166,ridge,2015-09,2000-10,2014-07,2015-08,996
trade12,,,,167,ridge,2015-10,2000-10,2014-08,2015-09,1002
trade12,,,,168,ridge,2015-11,2000-10,2014-09,2015-10,1008
trade12,,,,169,ridge,2015-12,2000-10,2014-10,2015-11,1014
trade12,,,,170,ridge,2016-01,2000-10,2014-11,2015-12,1020
trade12,,,,171,ridge,2016-02,2000-10,2014-12,2016-01,1026
trade12,,,,172,ridge,2016-03,2000-10,2015-01,2016-02,1032
trade12,,,,173,ridge,2016-04,2000-10,2015-02,2016-03,1038
trade12,,,,174,ridge,2016-05,2000-10,2015-03,2016-04,1044
trade12,,,,175,ridge,2016-06,2000-10,2015-04,2016-05,1050
trade12,,,,176,ridge,2016-07,2000-10,2015-05,2016-06,1056
trade12,,,,177,ridge,2016-08,2000-10,2015-06,2016-07,1062
trade12,,,,178,ridge,2016-09,2000-10,2015-07,2016-08,1068
trade12,,,,179,ridge,2016-10,2000-10,2015-08,2016-09,1074
trade12,,,,180,ridge,2016-11,2000-10,2015-09,2016-10,1080
trade12,,,,181,ridge,2016-12,2000-10,2015-10,2016-11,1086
trade12,,,,182,ridge,2017-01,2000-10,2015-11,2016-12,1092
trade12,,,,183,ridge,2017-02,2000-10,2015-12,2017-01,1098
trade12,,,,184,ridge,2017-03,2000-10,2016-01,2017-02,1104
trade12,,,,185,ridge,2017-04,2000-10,2016-02,2017-03,1110
trade12,,,,186,ridge,2017-05,2000-10,2016-03,2017-04,1116
trade12,,,,187,ridge,2017-06,2000-10,2016-04,2017-05,1122
trade12,,,,188,ridge,2017-07,2000-10,2016-05,2017-06,1128
trade12,,,,189,ridge,2017-08,2000-10,2016-06,2017-07,1134
trade12,,,,190,ridge,2017-09,2000-10,2016-07,2017-08,1140
trade12,,,,191,ridge,2017-10,2000-10,2016-08,2017-09,1146
trade12,,,,192,ridge,2017-11,2000-10,2016-09,2017-10,1152
trade12,,,,193,ridge,2017-12,2000-10,2016-10,2017-11,1158
trade12,,,,194,ridge,2018-01,2000-10,2016-11,2017-12,1164
trade12,,,,195,ridge,2018-02,2000-10,2016-12,2018-01,1170
trade12,,,,196,ridge,2018-03,2000-10,2017-01,2018-02,1176
trade12,,,,197,ridge,2018-04,2000-10,2017-02,2018-03,1182
trade12,,,,198,ridge,2018-05,2000-10,2017-03,2018-04,1188
trade12,,,,199,ridge,2018-06,2000-10,2017-04,2018-05,1194
trade12,,,,200,ridge,2018-07,2000-10,2017-05,2018-06,1200
trade12,,,,201,ridge,2018-08,2000-10,2017-06,2018-07,1206
trade12,,,,202,ridge,2018-09,2000-10,2017-07,2018-08,1212
trade12,,,,203,ridge,2018-10,2000-10,2017-08,2018-09,1218
trade12,,,,204,ridge,2018-11,2000-10,2017-09,2018-10,1224
trade12,,,,205,ridge,2018-12,2000-10,2017-10,2018-11,1230
trade12,,,,206,ridge,2019-01,2000-10,2017-11,2018-12,1236
trade12,,,,207,ridge,2019-02,2000-10,2017-12,2019-01,1242
trade12,,,,208,ridge,2019-03,2000-10,2018-01,2019-02,1248
trade12,,,,209,ridge,2019-04,2000-10,2018-02,2019-03,1254
trade12,,,,210,ridge,2019-05,2000-10,2018-03,2019-04,1260
trade12,,,,211,ridge,2019-06,2000-10,2018-04,2019-05,1266
trade12,,,,212,ridge,2019-07,2000-10,2018-05,2019-06,1272
trade12,,,,213,ridge,2019-08,2000-10,2018-06,2019-07,1278
trade12,,,,214,ridge,2019-09,2000-10,2018-07,2019-08,1284
trade12,,,,215,ridge,2019-10,2000-10,2018-08,2019-09,1290
trade12,,,,216,ridge,2019-11,2000-10,2018-09,2019-10,1296
trade12,,,,217,ridge,2019-12,2000-10,2018-10,2019-11,1302
trade12,,,,218,ridge,2020-01,2000-10,2018-11,2019-12,1308
trade12,,,,219,ridge,2020-02,2000-10,2018-12,2020-01,1314
trade12,,,,220,ridge,2020-03,2000-10,2019-01,2020-02,1320
trade12,,,,221,ridge,2020-04,2000-10,2019-02,2020-03,1326
trade12,,,,222,ridge,2020-05,2000-10,2019-03,2020-04,1332
trade12,,,,223,ridge,2020-06,2000-10,2019-04,2020-05,1338
trade12,,,,224,ridge,2020-07,2000-10,2019-05,2020-06,1344
trade12,,,,225,ridge,2020-08,2000-10,2019-06,2020-07,1350
trade12,,,,226,ridge,2020-09,2000-10,2019-07,2020-08,1356
trade12,,,,227,ridge,2020-10,2000-10,2019-08,2020-09,1362
trade12,,,,228,ridge,2020-11,2000-10,2019-09,2020-10,1368
trade12,,,,229,ridge,2020-12,2000-10,2019-10,2020-11,1374
trade12,,,,230,ridge,2021-01,2000-10,2019-11,2020-12,1380
trade12,,,,231,ridge,2021-02,2000-10,2019-12,2021-01,1386
trade12,,,,232,ridge,2021-03,2000-10,2020-01,2021-02,1392
trade12,,,,233,ridge,2021-04,2000-10,2020-02,2021-03,1398
trade12,,,,234,ridge,2021-05,2000-10,2020-03,2021-04,1404
trade12,,,,235,ridge,2021-06,2000-10,2020-04,2021-05,1410
trade12,,,,236,ridge,2021-07,2000-10,2020-05,2021-06,1416
trade12,,,,237,ridge,2021-08,2000-10,2020-06,2021-07,1422
trade12,,,,238,ridge,2021-09,2000-10,2020-07,2021-08,1428
trade12,,,,239,ridge,2021-10,2000-10,2020-08,2021-09,1434
trade12,,,,240,ridge,2021-11,2000-10,2020-09,2021-10,1440
trade12,,,,241,ridge,2021-12,2000-10,2020-10,2021-11,1446
trade12,,,,242,ridge,2022-01,2000-10,2020-11,2021-12,1452
trade12,,,,243,ridge,2022-02,2000-10,2020-12,2022-01,1458
trade12,,,,244,ridge,2022-03,2000-10,2021-01,2022-02,1464
trade12,,,,245,ridge,2022-04,2000-10,2021-02,2022-03,1470
trade12,,,,246,ridge,2022-05,2000-10,2021-03,2022-04,1476
trade12,,,,247,ridge,2022-06,2000-10,2021-04,2022-05,1482
trade12,,,,248,ridge,2022-07,2000-10,2021-05,2022-06,1488
trade12,,,,249,ridge,2022-08,2000-10,2021-06,2022-07,1494
trade12,,,,250,ridge,2022-09,2000-10,2021-07,2022-08,1500
trade12,,,,251,ridge,2022-10,2000-10,2021-08,2022-09,1506
trade12,,,,252,ridge,2022-11,2000-10,2021-09,2022-10,1512
trade12,,,,253,ridge,2022-12,2000-10,2021-10,2022-11,1518
trade12,,,,254,ridge,2023-01,2000-10,2021-11,2022-12,1524
trade12,,,,255,ridge,2023-02,2000-10,2021-12,2023-01,1530
trade12,,,,256,ridge,2023-03,2000-10,2022-01,2023-02,1536
trade12,,,,257,ridge,2023-04,2000-10,2022-02,2023-03,1542
trade12,,,,258,ridge,2023-05,2000-10,2022-03,2023-04,1548
trade12,,,,259,ridge,2023-06,2000-10,2022-04,2023-05,1554
trade12,,,,260,ridge,2023-07,2000-10,2022-05,2023-06,1560
trade12,,,,261,ridge,2023-08,2000-10,2022-06,2023-07,1566
trade12,,,,262,ridge,2023-09,2000-10,2022-07,2023-08,1572
trade12,,,,263,ridge,2023-10,2000-10,2022-08,2023-09,1578
trade12,,,,264,ridge,2023-11,2000-10,2022-09,2023-10,1584
trade12,,,,265,ridge,2023-12,2000-10,2022-10,2023-11,1590
trade12,,,,266,ridge,2024-01,2000-10,2022-11,2023-12,1596
trade12,,,,267,ridge,2024-02,2000-10,2022-12,2024-01,1602
trade12,,,,268,ridge,2024-03,2000-10,2023-01,2024-02,1608
trade12,,,,269,ridge,2024-04,2000-10,2023-02,2024-03,1614
trade12,,,,270,ridge,2024-05,2000-10,2023-03,2024-04,1620
trade12,,,,271,ridge,2024-06,2000-10,2023-04,2024-05,1626
trade12,,,,272,ridge,2024-07,2000-10,2023-05,2024-06,1632
trade12,,,,273,ridge,2024-08,2000-10,2023-06,2024-07,1638
trade12,,,,274,ridge,2024-09,2000-10,2023-07,2024-08,1644
trade12,,,,275,ridge,2024-10,2000-10,2023-08,2024-09,1650
trade12,,,,276,ridge,2024-11,2000-10,2023-09,2024-10,1656
trade12,,,,277,ridge,2024-12,2000-10,2023-10,2024-11,1662
trade12,,,,278,ridge,2025-01,2000-10,2023-11,2024-12,1668
trade12,,,,279,ridge,2025-02,2000-10,2023-12,2025-01,1674
trade12,,,,280,ridge,2025-03,2000-10,2024-01,2025-02,1680
trade12,,,,281,ridge,2025-04,2000-10,2024-02,2025-03,1686
trade12,,,,282,ridge,2025-05,2000-10,2024-03,2025-04,1692
trade12,,,,283,ridge,2025-06,2000-10,2024-04,2025-05,1698
trade12,,,,284,ridge,2025-07,2000-10,2024-05,2025-06,1704
trade12,,,,285,ridge,2025-08,2000-10,2024-06,2025-07,1710
trade12,,,,286,ridge,2025-09,2000-10,2024-07,2025-08,1716
trade12,,,,287,ridge,2025-10,2000-10,2024-08,2025-09,1722
trade12,,,,288,ridge,2025-11,2000-10,2024-09,2025-10,1728
trade12,,,,289,ridge,2025-12,2000-10,2024-10,2025-11,1734
trade12,,,,290,ridge,2026-01,2000-10,2024-11,2025-12,1740
trade12,,,,291,ridge,2026-02,2000-10,2024-12,2026-01,1746
trade12,,,,292,ridge,2026-03,2000-10,2025-01,2026-02,1752
trade12,,,,293,ridge,2026-04,2000-10,2025-02,2026-03,1758
trade12,,,,294,ridge,2026-05,2000-10,2025-03,2026-04,1764
trade12,,,,295,ridge,2026-06,2000-10,2025-04,2026-05,1770
trade12,,,,296,ridge,2026-07,2000-10,2025-05,2026-06,1776
trade12,,,,297,ridge,2026-08,2000-10,2025-06,2026-07,1782
adverse_12,,,,36,Base,2014-02,2010-01,2012-12,2014-01,216
adverse_12,,,,37,Base,2014-03,2010-01,2013-01,2014-02,222
adverse_12,,,,38,Base,2014-04,2010-01,2013-02,2014-03,228
adverse_12,,,,39,Base,2014-05,2010-01,2013-03,2014-04,234
adverse_12,,,,40,Base,2014-06,2010-01,2013-04,2014-05,240
adverse_12,,,,41,Base,2014-07,2010-01,2013-05,2014-06,246
adverse_12,,,,42,Base,2014-08,2010-01,2013-06,2014-07,252
adverse_12,,,,43,Base,2014-09,2010-01,2013-07,2014-08,258
adverse_12,,,,44,Base,2014-10,2010-01,2013-08,2014-09,264
adverse_12,,,,45,Base,2014-11,2010-01,2013-09,2014-10,270
adverse_12,,,,46,Base,2014-12,2010-01,2013-10,2014-11,276
adverse_12,,,,47,Base,2015-01,2010-01,2013-11,2014-12,282
adverse_12,,,,48,Base,2015-02,2010-01,2013-12,2015-01,288
adverse_12,,,,49,Base,2015-03,2010-01,2014-01,2015-02,294
adverse_12,,,,50,Base,2015-04,2010-01,2014-02,2015-03,300
adverse_12,,,,51,Base,2015-05,2010-01,2014-03,2015-04,306
adverse_12,,,,52,Base,2015-06,2010-01,2014-04,2015-05,312
adverse_12,,,,53,Base,2015-07,2010-01,2014-05,2015-06,318
adverse_12,,,,54,Base,2015-08,2010-01,2014-06,2015-07,324
adverse_12,,,,55,Base,2015-09,2010-01,2014-07,2015-08,330
adverse_12,,,,56,Base,2015-10,2010-01,2014-08,2015-09,336
adverse_12,,,,57,Base,2015-11,2010-01,2014-09,2015-10,342
adverse_12,,,,58,Base,2015-12,2010-01,2014-10,2015-11,348
adverse_12,,,,59,Base,2016-01,2010-01,2014-11,2015-12,354
adverse_12,,,,60,Base,2016-02,2010-01,2014-12,2016-01,360
adverse_12,,,,61,Base,2016-03,2010-01,2015-01,2016-02,366
adverse_12,,,,62,Base,2016-04,2010-01,2015-02,2016-03,372
adverse_12,,,,63,Base,2016-05,2010-01,2015-03,2016-04,378
adverse_12,,,,64,Base,2016-06,2010-01,2015-04,2016-05,384
adverse_12,,,,65,Base,2016-07,2010-01,2015-05,2016-06,390
adverse_12,,,,66,Base,2016-08,2010-01,2015-06,2016-07,396
adverse_12,,,,67,Base,2016-09,2010-01,2015-07,2016-08,402
adverse_12,,,,68,Base,2016-10,2010-01,2015-08,2016-09,408
adverse_12,,,,69,Base,2016-11,2010-01,2015-09,2016-10,414
adverse_12,,,,70,Base,2016-12,2010-01,2015-10,2016-11,420
adverse_12,,,,71,Base,2017-01,2010-01,2015-11,2016-12,426
adverse_12,,,,72,Base,2017-02,2010-01,2015-12,2017-01,432
adverse_12,,,,73,Base,2017-03,2010-01,2016-01,2017-02,438
adverse_12,,,,74,Base,2017-04,2010-01,2016-02,2017-03,444
adverse_12,,,,75,Base,2017-05,2010-01,2016-03,2017-04,450
adverse_12,,,,76,Base,2017-06,2010-01,2016-04,2017-05,456
adverse_12,,,,77,Base,2017-07,2010-01,2016-05,2017-06,462
adverse_12,,,,78,Base,2017-08,2010-01,2016-06,2017-07,468
adverse_12,,,,79,Base,2017-09,2010-01,2016-07,2017-08,474
adverse_12,,,,80,Base,2017-10,2010-01,2016-08,2017-09,480
adverse_12,,,,81,Base,2017-11,2010-01,2016-09,2017-10,486
adverse_12,,,,82,Base,2017-12,2010-01,2016-10,2017-11,492
adverse_12,,,,83,Base,2018-01,2010-01,2016-11,2017-12,498
adverse_12,,,,84,Base,2018-02,2010-01,2016-12,2018-01,504
adverse_12,,,,85,Base,2018-03,2010-01,2017-01,2018-02,510
adverse_12,,,,86,Base,2018-04,2010-01,2017-02,2018-03,516
adverse_12,,,,87,Base,2018-05,2010-01,2017-03,2018-04,522
adverse_12,,,,88,Base,2018-06,2010-01,2017-04,2018-05,528
adverse_12,,,,89,Base,2018-07,2010-01,2017-05,2018-06,534
adverse_12,,,,90,Base,2018-08,2010-01,2017-06,2018-07,540
adverse_12,,,,91,Base,2018-09,2010-01,2017-07,2018-08,546
adverse_12,,,,92,Base,2018-10,2010-01,2017-08,2018-09,552
adverse_12,,,,93,Base,2018-11,2010-01,2017-09,2018-10,558
adverse_12,,,,94,Base,2018-12,2010-01,2017-10,2018-11,564
adverse_12,,,,95,Base,2019-01,2010-01,2017-11,2018-12,570
adverse_12,,,,96,Base,2019-02,2010-01,2017-12,2019-01,576
adverse_12,,,,97,Base,2019-03,2010-01,2018-01,2019-02,582
adverse_12,,,,98,Base,2019-04,2010-01,2018-02,2019-03,588
adverse_12,,,,99,Base,2019-05,2010-01,2018-03,2019-04,594
adverse_12,,,,100,Base,2019-06,2010-01,2018-04,2019-05,600
adverse_12,,,,101,Base,2019-07,2010-01,2018-05,2019-06,606
adverse_12,,,,102,Base,2019-08,2010-01,2018-06,2019-07,612
adverse_12,,,,103,Base,2019-09,2010-01,2018-07,2019-08,618
adverse_12,,,,104,Base,2019-10,2010-01,2018-08,2019-09,624
adverse_12,,,,105,Base,2019-11,2010-01,2018-09,2019-10,630
adverse_12,,,,106,Base,2019-12,2010-01,2018-10,2019-11,636
adverse_12,,,,107,Base,2020-01,2010-01,2018-11,2019-12,642
adverse_12,,,,108,Base,2020-02,2010-01,2018-12,2020-01,648
adverse_12,,,,109,Base,2020-03,2010-01,2019-01,2020-02,654
adverse_12,,,,110,Base,2020-04,2010-01,2019-02,2020-03,660
adverse_12,,,,111,Base,2020-05,2010-01,2019-03,2020-04,666
adverse_12,,,,112,Base,2020-06,2010-01,2019-04,2020-05,672
adverse_12,,,,113,Base,2020-07,2010-01,2019-05,2020-06,678
adverse_12,,,,114,Base,2020-08,2010-01,2019-06,2020-07,684
adverse_12,,,,115,Base,2020-09,2010-01,2019-07,2020-08,690
adverse_12,,,,116,Base,2020-10,2010-01,2019-08,2020-09,696
adverse_12,,,,117,Base,2020-11,2010-01,2019-09,2020-10,702
adverse_12,,,,118,Base,2020-12,2010-01,2019-10,2020-11,708
adverse_12,,,,119,Base,2021-01,2010-01,2019-11,2020-12,714
adverse_12,,,,120,Base,2021-02,2010-01,2019-12,2021-01,720
adverse_12,,,,121,Base,2021-03,2010-01,2020-01,2021-02,726
adverse_12,,,,122,Base,2021-04,2010-01,2020-02,2021-03,732
adverse_12,,,,123,Base,2021-05,2010-01,2020-03,2021-04,738
adverse_12,,,,124,Base,2021-06,2010-01,2020-04,2021-05,744
adverse_12,,,,125,Base,2021-07,2010-01,2020-05,2021-06,750
adverse_12,,,,126,Base,2021-08,2010-01,2020-06,2021-07,756
adverse_12,,,,127,Base,2021-09,2010-01,2020-07,2021-08,762
adverse_12,,,,128,Base,2021-10,2010-01,2020-08,2021-09,768
adverse_12,,,,129,Base,2021-11,2010-01,2020-09,2021-10,774
adverse_12,,,,130,Base,2021-12,2010-01,2020-10,2021-11,780
adverse_12,,,,131,Base,2022-01,2010-01,2020-11,2021-12,786
adverse_12,,,,132,Base,2022-02,2010-01,2020-12,2022-01,792
adverse_12,,,,133,Base,2022-03,2010-01,2021-01,2022-02,798
adverse_12,,,,134,Base,2022-04,2010-01,2021-02,2022-03,804
adverse_12,,,,135,Base,2022-05,2010-01,2021-03,2022-04,810
adverse_12,,,,136,Base,2022-06,2010-01,2021-04,2022-05,816
adverse_12,,,,137,Base,2022-07,2010-01,2021-05,2022-06,822
adverse_12,,,,138,Base,2022-08,2010-01,2021-06,2022-07,828
adverse_12,,,,139,Base,2022-09,2010-01,2021-07,2022-08,834
adverse_12,,,,140,Base,2022-10,2010-01,2021-08,2022-09,840
adverse_12,,,,141,Base,2022-11,2010-01,2021-09,2022-10,846
adverse_12,,,,142,Base,2022-12,2010-01,2021-10,2022-11,852
adverse_12,,,,143,Base,2023-01,2010-01,2021-11,2022-12,858
adverse_12,,,,144,Base,2023-02,2010-01,2021-12,2023-01,864
adverse_12,,,,145,Base,2023-03,2010-01,2022-01,2023-02,870
adverse_12,,,,146,Base,2023-04,2010-01,2022-02,2023-03,876
adverse_12,,,,147,Base,2023-05,2010-01,2022-03,2023-04,882
adverse_12,,,,148,Base,2023-06,2010-01,2022-04,2023-05,888
adverse_12,,,,149,Base,2023-07,2010-01,2022-05,2023-06,894
adverse_12,,,,150,Base,2023-08,2010-01,2022-06,2023-07,900
adverse_12,,,,151,Base,2023-09,2010-01,2022-07,2023-08,906
adverse_12,,,,152,Base,2023-10,2010-01,2022-08,2023-09,912
adverse_12,,,,153,Base,2023-11,2010-01,2022-09,2023-10,918
adverse_12,,,,154,Base,2023-12,2010-01,2022-10,2023-11,924
adverse_12,,,,155,Base,2024-01,2010-01,2022-11,2023-12,930
adverse_12,,,,156,Base,2024-02,2010-01,2022-12,2024-01,936
adverse_12,,,,157,Base,2024-03,2010-01,2023-01,2024-02,942
adverse_12,,,,158,Base,2024-04,2010-01,2023-02,2024-03,948
adverse_12,,,,159,Base,2024-05,2010-01,2023-03,2024-04,954
adverse_12,,,,160,Base,2024-06,2010-01,2023-04,2024-05,960
adverse_12,,,,161,Base,2024-07,2010-01,2023-05,2024-06,966
adverse_12,,,,162,Base,2024-08,2010-01,2023-06,2024-07,972
adverse_12,,,,163,Base,2024-09,2010-01,2023-07,2024-08,978
adverse_12,,,,164,Base,2024-10,2010-01,2023-08,2024-09,984
adverse_12,,,,165,Base,2024-11,2010-01,2023-09,2024-10,990
adverse_12,,,,166,Base,2024-12,2010-01,2023-10,2024-11,996
adverse_12,,,,167,Base,2025-01,2010-01,2023-11,2024-12,1002
adverse_12,,,,168,Base,2025-02,2010-01,2023-12,2025-01,1008
adverse_12,,,,169,Base,2025-03,2010-01,2024-01,2025-02,1014
adverse_12,,,,170,Base,2025-04,2010-01,2024-02,2025-03,1020
adverse_12,,,,171,Base,2025-05,2010-01,2024-03,2025-04,1026
adverse_12,,,,172,Base,2025-06,2010-01,2024-04,2025-05,1032
adverse_12,,,,173,Base,2025-07,2010-01,2024-05,2025-06,1038
adverse_12,,,,174,Base,2025-08,2010-01,2024-06,2025-07,1044
adverse_12,,,,175,Base,2025-09,2010-01,2024-07,2025-08,1050
adverse_12,,,,176,Base,2025-10,2010-01,2024-08,2025-09,1056
adverse_12,,,,177,Base,2025-11,2010-01,2024-09,2025-10,1062
adverse_12,,,,178,Base,2025-12,2010-01,2024-10,2025-11,1068
adverse_12,,,,179,Base,2026-01,2010-01,2024-11,2025-12,1074
adverse_12,,,,180,Base,2026-02,2010-01,2024-12,2026-01,1080
adverse_12,,,,181,Base,2026-03,2010-01,2025-01,2026-02,1086
adverse_12,,,,182,Base,2026-04,2010-01,2025-02,2026-03,1092
adverse_12,,,,183,Base,2026-05,2010-01,2025-03,2026-04,1098
adverse_12,,,,184,Base,2026-06,2010-01,2025-04,2026-05,1104
adverse_12,,,,185,Base,2026-07,2010-01,2025-05,2026-06,1110
adverse_12,,,,186,Base,2026-08,2010-01,2025-06,2026-07,1116
adverse_12,,,,36,fixed,2014-02,2010-01,2012-12,2014-01,216
adverse_12,,,,37,fixed,2014-03,2010-01,2013-01,2014-02,222
adverse_12,,,,38,fixed,2014-04,2010-01,2013-02,2014-03,228
adverse_12,,,,39,fixed,2014-05,2010-01,2013-03,2014-04,234
adverse_12,,,,40,fixed,2014-06,2010-01,2013-04,2014-05,240
adverse_12,,,,41,fixed,2014-07,2010-01,2013-05,2014-06,246
adverse_12,,,,42,fixed,2014-08,2010-01,2013-06,2014-07,252
adverse_12,,,,43,fixed,2014-09,2010-01,2013-07,2014-08,258
adverse_12,,,,44,fixed,2014-10,2010-01,2013-08,2014-09,264
adverse_12,,,,45,fixed,2014-11,2010-01,2013-09,2014-10,270
adverse_12,,,,46,fixed,2014-12,2010-01,2013-10,2014-11,276
adverse_12,,,,47,fixed,2015-01,2010-01,2013-11,2014-12,282
adverse_12,,,,48,fixed,2015-02,2010-01,2013-12,2015-01,288
adverse_12,,,,49,fixed,2015-03,2010-01,2014-01,2015-02,294
adverse_12,,,,50,fixed,2015-04,2010-01,2014-02,2015-03,300
adverse_12,,,,51,fixed,2015-05,2010-01,2014-03,2015-04,306
adverse_12,,,,52,fixed,2015-06,2010-01,2014-04,2015-05,312
adverse_12,,,,53,fixed,2015-07,2010-01,2014-05,2015-06,318
adverse_12,,,,54,fixed,2015-08,2010-01,2014-06,2015-07,324
adverse_12,,,,55,fixed,2015-09,2010-01,2014-07,2015-08,330
adverse_12,,,,56,fixed,2015-10,2010-01,2014-08,2015-09,336
adverse_12,,,,57,fixed,2015-11,2010-01,2014-09,2015-10,342
adverse_12,,,,58,fixed,2015-12,2010-01,2014-10,2015-11,348
adverse_12,,,,59,fixed,2016-01,2010-01,2014-11,2015-12,354
adverse_12,,,,60,fixed,2016-02,2010-01,2014-12,2016-01,360
adverse_12,,,,61,fixed,2016-03,2010-01,2015-01,2016-02,366
adverse_12,,,,62,fixed,2016-04,2010-01,2015-02,2016-03,372
adverse_12,,,,63,fixed,2016-05,2010-01,2015-03,2016-04,378
adverse_12,,,,64,fixed,2016-06,2010-01,2015-04,2016-05,384
adverse_12,,,,65,fixed,2016-07,2010-01,2015-05,2016-06,390
adverse_12,,,,66,fixed,2016-08,2010-01,2015-06,2016-07,396
adverse_12,,,,67,fixed,2016-09,2010-01,2015-07,2016-08,402
adverse_12,,,,68,fixed,2016-10,2010-01,2015-08,2016-09,408
adverse_12,,,,69,fixed,2016-11,2010-01,2015-09,2016-10,414
adverse_12,,,,70,fixed,2016-12,2010-01,2015-10,2016-11,420
adverse_12,,,,71,fixed,2017-01,2010-01,2015-11,2016-12,426
adverse_12,,,,72,fixed,2017-02,2010-01,2015-12,2017-01,432
adverse_12,,,,73,fixed,2017-03,2010-01,2016-01,2017-02,438
adverse_12,,,,74,fixed,2017-04,2010-01,2016-02,2017-03,444
adverse_12,,,,75,fixed,2017-05,2010-01,2016-03,2017-04,450
adverse_12,,,,76,fixed,2017-06,2010-01,2016-04,2017-05,456
adverse_12,,,,77,fixed,2017-07,2010-01,2016-05,2017-06,462
adverse_12,,,,78,fixed,2017-08,2010-01,2016-06,2017-07,468
adverse_12,,,,79,fixed,2017-09,2010-01,2016-07,2017-08,474
adverse_12,,,,80,fixed,2017-10,2010-01,2016-08,2017-09,480
adverse_12,,,,81,fixed,2017-11,2010-01,2016-09,2017-10,486
adverse_12,,,,82,fixed,2017-12,2010-01,2016-10,2017-11,492
adverse_12,,,,83,fixed,2018-01,2010-01,2016-11,2017-12,498
adverse_12,,,,84,fixed,2018-02,2010-01,2016-12,2018-01,504
adverse_12,,,,85,fixed,2018-03,2010-01,2017-01,2018-02,510
adverse_12,,,,86,fixed,2018-04,2010-01,2017-02,2018-03,516
adverse_12,,,,87,fixed,2018-05,2010-01,2017-03,2018-04,522
adverse_12,,,,88,fixed,2018-06,2010-01,2017-04,2018-05,528
adverse_12,,,,89,fixed,2018-07,2010-01,2017-05,2018-06,534
adverse_12,,,,90,fixed,2018-08,2010-01,2017-06,2018-07,540
adverse_12,,,,91,fixed,2018-09,2010-01,2017-07,2018-08,546
adverse_12,,,,92,fixed,2018-10,2010-01,2017-08,2018-09,552
adverse_12,,,,93,fixed,2018-11,2010-01,2017-09,2018-10,558
adverse_12,,,,94,fixed,2018-12,2010-01,2017-10,2018-11,564
adverse_12,,,,95,fixed,2019-01,2010-01,2017-11,2018-12,570
adverse_12,,,,96,fixed,2019-02,2010-01,2017-12,2019-01,576
adverse_12,,,,97,fixed,2019-03,2010-01,2018-01,2019-02,582
adverse_12,,,,98,fixed,2019-04,2010-01,2018-02,2019-03,588
adverse_12,,,,99,fixed,2019-05,2010-01,2018-03,2019-04,594
adverse_12,,,,100,fixed,2019-06,2010-01,2018-04,2019-05,600
adverse_12,,,,101,fixed,2019-07,2010-01,2018-05,2019-06,606
adverse_12,,,,102,fixed,2019-08,2010-01,2018-06,2019-07,612
adverse_12,,,,103,fixed,2019-09,2010-01,2018-07,2019-08,618
adverse_12,,,,104,fixed,2019-10,2010-01,2018-08,2019-09,624
adverse_12,,,,105,fixed,2019-11,2010-01,2018-09,2019-10,630
adverse_12,,,,106,fixed,2019-12,2010-01,2018-10,2019-11,636
adverse_12,,,,107,fixed,2020-01,2010-01,2018-11,2019-12,642
adverse_12,,,,108,fixed,2020-02,2010-01,2018-12,2020-01,648
adverse_12,,,,109,fixed,2020-03,2010-01,2019-01,2020-02,654
adverse_12,,,,110,fixed,2020-04,2010-01,2019-02,2020-03,660
adverse_12,,,,111,fixed,2020-05,2010-01,2019-03,2020-04,666
adverse_12,,,,112,fixed,2020-06,2010-01,2019-04,2020-05,672
adverse_12,,,,113,fixed,2020-07,2010-01,2019-05,2020-06,678
adverse_12,,,,114,fixed,2020-08,2010-01,2019-06,2020-07,684
adverse_12,,,,115,fixed,2020-09,2010-01,2019-07,2020-08,690
adverse_12,,,,116,fixed,2020-10,2010-01,2019-08,2020-09,696
adverse_12,,,,117,fixed,2020-11,2010-01,2019-09,2020-10,702
adverse_12,,,,118,fixed,2020-12,2010-01,2019-10,2020-11,708
adverse_12,,,,119,fixed,2021-01,2010-01,2019-11,2020-12,714
adverse_12,,,,120,fixed,2021-02,2010-01,2019-12,2021-01,720
adverse_12,,,,121,fixed,2021-03,2010-01,2020-01,2021-02,726
adverse_12,,,,122,fixed,2021-04,2010-01,2020-02,2021-03,732
adverse_12,,,,123,fixed,2021-05,2010-01,2020-03,2021-04,738
adverse_12,,,,124,fixed,2021-06,2010-01,2020-04,2021-05,744
adverse_12,,,,125,fixed,2021-07,2010-01,2020-05,2021-06,750
adverse_12,,,,126,fixed,2021-08,2010-01,2020-06,2021-07,756
adverse_12,,,,127,fixed,2021-09,2010-01,2020-07,2021-08,762
adverse_12,,,,128,fixed,2021-10,2010-01,2020-08,2021-09,768
adverse_12,,,,129,fixed,2021-11,2010-01,2020-09,2021-10,774
adverse_12,,,,130,fixed,2021-12,2010-01,2020-10,2021-11,780
adverse_12,,,,131,fixed,2022-01,2010-01,2020-11,2021-12,786
adverse_12,,,,132,fixed,2022-02,2010-01,2020-12,2022-01,792
adverse_12,,,,133,fixed,2022-03,2010-01,2021-01,2022-02,798
adverse_12,,,,134,fixed,2022-04,2010-01,2021-02,2022-03,804
adverse_12,,,,135,fixed,2022-05,2010-01,2021-03,2022-04,810
adverse_12,,,,136,fixed,2022-06,2010-01,2021-04,2022-05,816
adverse_12,,,,137,fixed,2022-07,2010-01,2021-05,2022-06,822
adverse_12,,,,138,fixed,2022-08,2010-01,2021-06,2022-07,828
adverse_12,,,,139,fixed,2022-09,2010-01,2021-07,2022-08,834
adverse_12,,,,140,fixed,2022-10,2010-01,2021-08,2022-09,840
adverse_12,,,,141,fixed,2022-11,2010-01,2021-09,2022-10,846
adverse_12,,,,142,fixed,2022-12,2010-01,2021-10,2022-11,852
adverse_12,,,,143,fixed,2023-01,2010-01,2021-11,2022-12,858
adverse_12,,,,144,fixed,2023-02,2010-01,2021-12,2023-01,864
adverse_12,,,,145,fixed,2023-03,2010-01,2022-01,2023-02,870
adverse_12,,,,146,fixed,2023-04,2010-01,2022-02,2023-03,876
adverse_12,,,,147,fixed,2023-05,2010-01,2022-03,2023-04,882
adverse_12,,,,148,fixed,2023-06,2010-01,2022-04,2023-05,888
adverse_12,,,,149,fixed,2023-07,2010-01,2022-05,2023-06,894
adverse_12,,,,150,fixed,2023-08,2010-01,2022-06,2023-07,900
adverse_12,,,,151,fixed,2023-09,2010-01,2022-07,2023-08,906
adverse_12,,,,152,fixed,2023-10,2010-01,2022-08,2023-09,912
adverse_12,,,,153,fixed,2023-11,2010-01,2022-09,2023-10,918
adverse_12,,,,154,fixed,2023-12,2010-01,2022-10,2023-11,924
adverse_12,,,,155,fixed,2024-01,2010-01,2022-11,2023-12,930
adverse_12,,,,156,fixed,2024-02,2010-01,2022-12,2024-01,936
adverse_12,,,,157,fixed,2024-03,2010-01,2023-01,2024-02,942
adverse_12,,,,158,fixed,2024-04,2010-01,2023-02,2024-03,948
adverse_12,,,,159,fixed,2024-05,2010-01,2023-03,2024-04,954
adverse_12,,,,160,fixed,2024-06,2010-01,2023-04,2024-05,960
adverse_12,,,,161,fixed,2024-07,2010-01,2023-05,2024-06,966
adverse_12,,,,162,fixed,2024-08,2010-01,2023-06,2024-07,972
adverse_12,,,,163,fixed,2024-09,2010-01,2023-07,2024-08,978
adverse_12,,,,164,fixed,2024-10,2010-01,2023-08,2024-09,984
adverse_12,,,,165,fixed,2024-11,2010-01,2023-09,2024-10,990
adverse_12,,,,166,fixed,2024-12,2010-01,2023-10,2024-11,996
adverse_12,,,,167,fixed,2025-01,2010-01,2023-11,2024-12,1002
adverse_12,,,,168,fixed,2025-02,2010-01,2023-12,2025-01,1008
adverse_12,,,,169,fixed,2025-03,2010-01,2024-01,2025-02,1014
adverse_12,,,,170,fixed,2025-04,2010-01,2024-02,2025-03,1020
adverse_12,,,,171,fixed,2025-05,2010-01,2024-03,2025-04,1026
adverse_12,,,,172,fixed,2025-06,2010-01,2024-04,2025-05,1032
adverse_12,,,,173,fixed,2025-07,2010-01,2024-05,2025-06,1038
adverse_12,,,,174,fixed,2025-08,2010-01,2024-06,2025-07,1044
adverse_12,,,,175,fixed,2025-09,2010-01,2024-07,2025-08,1050
adverse_12,,,,176,fixed,2025-10,2010-01,2024-08,2025-09,1056
adverse_12,,,,177,fixed,2025-11,2010-01,2024-09,2025-10,1062
adverse_12,,,,178,fixed,2025-12,2010-01,2024-10,2025-11,1068
adverse_12,,,,179,fixed,2026-01,2010-01,2024-11,2025-12,1074
adverse_12,,,,180,fixed,2026-02,2010-01,2024-12,2026-01,1080
adverse_12,,,,181,fixed,2026-03,2010-01,2025-01,2026-02,1086
adverse_12,,,,182,fixed,2026-04,2010-01,2025-02,2026-03,1092
adverse_12,,,,183,fixed,2026-05,2010-01,2025-03,2026-04,1098
adverse_12,,,,184,fixed,2026-06,2010-01,2025-04,2026-05,1104
adverse_12,,,,185,fixed,2026-07,2010-01,2025-05,2026-06,1110
adverse_12,,,,186,fixed,2026-08,2010-01,2025-06,2026-07,1116
adverse_12,,,,36,dynamic,2014-02,2010-01,2012-12,2014-01,216
adverse_12,,,,37,dynamic,2014-03,2010-01,2013-01,2014-02,222
adverse_12,,,,38,dynamic,2014-04,2010-01,2013-02,2014-03,228
adverse_12,,,,39,dynamic,2014-05,2010-01,2013-03,2014-04,234
adverse_12,,,,40,dynamic,2014-06,2010-01,2013-04,2014-05,240
adverse_12,,,,41,dynamic,2014-07,2010-01,2013-05,2014-06,246
adverse_12,,,,42,dynamic,2014-08,2010-01,2013-06,2014-07,252
adverse_12,,,,43,dynamic,2014-09,2010-01,2013-07,2014-08,258
adverse_12,,,,44,dynamic,2014-10,2010-01,2013-08,2014-09,264
adverse_12,,,,45,dynamic,2014-11,2010-01,2013-09,2014-10,270
adverse_12,,,,46,dynamic,2014-12,2010-01,2013-10,2014-11,276
adverse_12,,,,47,dynamic,2015-01,2010-01,2013-11,2014-12,282
adverse_12,,,,48,dynamic,2015-02,2010-01,2013-12,2015-01,288
adverse_12,,,,49,dynamic,2015-03,2010-01,2014-01,2015-02,294
adverse_12,,,,50,dynamic,2015-04,2010-01,2014-02,2015-03,300
adverse_12,,,,51,dynamic,2015-05,2010-01,2014-03,2015-04,306
adverse_12,,,,52,dynamic,2015-06,2010-01,2014-04,2015-05,312
adverse_12,,,,53,dynamic,2015-07,2010-01,2014-05,2015-06,318
adverse_12,,,,54,dynamic,2015-08,2010-01,2014-06,2015-07,324
adverse_12,,,,55,dynamic,2015-09,2010-01,2014-07,2015-08,330
adverse_12,,,,56,dynamic,2015-10,2010-01,2014-08,2015-09,336
adverse_12,,,,57,dynamic,2015-11,2010-01,2014-09,2015-10,342
adverse_12,,,,58,dynamic,2015-12,2010-01,2014-10,2015-11,348
adverse_12,,,,59,dynamic,2016-01,2010-01,2014-11,2015-12,354
adverse_12,,,,60,dynamic,2016-02,2010-01,2014-12,2016-01,360
adverse_12,,,,61,dynamic,2016-03,2010-01,2015-01,2016-02,366
adverse_12,,,,62,dynamic,2016-04,2010-01,2015-02,2016-03,372
adverse_12,,,,63,dynamic,2016-05,2010-01,2015-03,2016-04,378
adverse_12,,,,64,dynamic,2016-06,2010-01,2015-04,2016-05,384
adverse_12,,,,65,dynamic,2016-07,2010-01,2015-05,2016-06,390
adverse_12,,,,66,dynamic,2016-08,2010-01,2015-06,2016-07,396
adverse_12,,,,67,dynamic,2016-09,2010-01,2015-07,2016-08,402
adverse_12,,,,68,dynamic,2016-10,2010-01,2015-08,2016-09,408
adverse_12,,,,69,dynamic,2016-11,2010-01,2015-09,2016-10,414
adverse_12,,,,70,dynamic,2016-12,2010-01,2015-10,2016-11,420
adverse_12,,,,71,dynamic,2017-01,2010-01,2015-11,2016-12,426
adverse_12,,,,72,dynamic,2017-02,2010-01,2015-12,2017-01,432
adverse_12,,,,73,dynamic,2017-03,2010-01,2016-01,2017-02,438
adverse_12,,,,74,dynamic,2017-04,2010-01,2016-02,2017-03,444
adverse_12,,,,75,dynamic,2017-05,2010-01,2016-03,2017-04,450
adverse_12,,,,76,dynamic,2017-06,2010-01,2016-04,2017-05,456
adverse_12,,,,77,dynamic,2017-07,2010-01,2016-05,2017-06,462
adverse_12,,,,78,dynamic,2017-08,2010-01,2016-06,2017-07,468
adverse_12,,,,79,dynamic,2017-09,2010-01,2016-07,2017-08,474
adverse_12,,,,80,dynamic,2017-10,2010-01,2016-08,2017-09,480
adverse_12,,,,81,dynamic,2017-11,2010-01,2016-09,2017-10,486
adverse_12,,,,82,dynamic,2017-12,2010-01,2016-10,2017-11,492
adverse_12,,,,83,dynamic,2018-01,2010-01,2016-11,2017-12,498
adverse_12,,,,84,dynamic,2018-02,2010-01,2016-12,2018-01,504
adverse_12,,,,85,dynamic,2018-03,2010-01,2017-01,2018-02,510
adverse_12,,,,86,dynamic,2018-04,2010-01,2017-02,2018-03,516
adverse_12,,,,87,dynamic,2018-05,2010-01,2017-03,2018-04,522
adverse_12,,,,88,dynamic,2018-06,2010-01,2017-04,2018-05,528
adverse_12,,,,89,dynamic,2018-07,2010-01,2017-05,2018-06,534
adverse_12,,,,90,dynamic,2018-08,2010-01,2017-06,2018-07,540
adverse_12,,,,91,dynamic,2018-09,2010-01,2017-07,2018-08,546
adverse_12,,,,92,dynamic,2018-10,2010-01,2017-08,2018-09,552
adverse_12,,,,93,dynamic,2018-11,2010-01,2017-09,2018-10,558
adverse_12,,,,94,dynamic,2018-12,2010-01,2017-10,2018-11,564
adverse_12,,,,95,dynamic,2019-01,2010-01,2017-11,2018-12,570
adverse_12,,,,96,dynamic,2019-02,2010-01,2017-12,2019-01,576
adverse_12,,,,97,dynamic,2019-03,2010-01,2018-01,2019-02,582
adverse_12,,,,98,dynamic,2019-04,2010-01,2018-02,2019-03,588
adverse_12,,,,99,dynamic,2019-05,2010-01,2018-03,2019-04,594
adverse_12,,,,100,dynamic,2019-06,2010-01,2018-04,2019-05,600
adverse_12,,,,101,dynamic,2019-07,2010-01,2018-05,2019-06,606
adverse_12,,,,102,dynamic,2019-08,2010-01,2018-06,2019-07,612
adverse_12,,,,103,dynamic,2019-09,2010-01,2018-07,2019-08,618
adverse_12,,,,104,dynamic,2019-10,2010-01,2018-08,2019-09,624
adverse_12,,,,105,dynamic,2019-11,2010-01,2018-09,2019-10,630
adverse_12,,,,106,dynamic,2019-12,2010-01,2018-10,2019-11,636
adverse_12,,,,107,dynamic,2020-01,2010-01,2018-11,2019-12,642
adverse_12,,,,108,dynamic,2020-02,2010-01,2018-12,2020-01,648
adverse_12,,,,109,dynamic,2020-03,2010-01,2019-01,2020-02,654
adverse_12,,,,110,dynamic,2020-04,2010-01,2019-02,2020-03,660
adverse_12,,,,111,dynamic,2020-05,2010-01,2019-03,2020-04,666
adverse_12,,,,112,dynamic,2020-06,2010-01,2019-04,2020-05,672
adverse_12,,,,113,dynamic,2020-07,2010-01,2019-05,2020-06,678
adverse_12,,,,114,dynamic,2020-08,2010-01,2019-06,2020-07,684
adverse_12,,,,115,dynamic,2020-09,2010-01,2019-07,2020-08,690
adverse_12,,,,116,dynamic,2020-10,2010-01,2019-08,2020-09,696
adverse_12,,,,117,dynamic,2020-11,2010-01,2019-09,2020-10,702
adverse_12,,,,118,dynamic,2020-12,2010-01,2019-10,2020-11,708
adverse_12,,,,119,dynamic,2021-01,2010-01,2019-11,2020-12,714
adverse_12,,,,120,dynamic,2021-02,2010-01,2019-12,2021-01,720
adverse_12,,,,121,dynamic,2021-03,2010-01,2020-01,2021-02,726
adverse_12,,,,122,dynamic,2021-04,2010-01,2020-02,2021-03,732
adverse_12,,,,123,dynamic,2021-05,2010-01,2020-03,2021-04,738
adverse_12,,,,124,dynamic,2021-06,2010-01,2020-04,2021-05,744
adverse_12,,,,125,dynamic,2021-07,2010-01,2020-05,2021-06,750
adverse_12,,,,126,dynamic,2021-08,2010-01,2020-06,2021-07,756
adverse_12,,,,127,dynamic,2021-09,2010-01,2020-07,2021-08,762
adverse_12,,,,128,dynamic,2021-10,2010-01,2020-08,2021-09,768
adverse_12,,,,129,dynamic,2021-11,2010-01,2020-09,2021-10,774
adverse_12,,,,130,dynamic,2021-12,2010-01,2020-10,2021-11,780
adverse_12,,,,131,dynamic,2022-01,2010-01,2020-11,2021-12,786
adverse_12,,,,132,dynamic,2022-02,2010-01,2020-12,2022-01,792
adverse_12,,,,133,dynamic,2022-03,2010-01,2021-01,2022-02,798
adverse_12,,,,134,dynamic,2022-04,2010-01,2021-02,2022-03,804
adverse_12,,,,135,dynamic,2022-05,2010-01,2021-03,2022-04,810
adverse_12,,,,136,dynamic,2022-06,2010-01,2021-04,2022-05,816
adverse_12,,,,137,dynamic,2022-07,2010-01,2021-05,2022-06,822
adverse_12,,,,138,dynamic,2022-08,2010-01,2021-06,2022-07,828
adverse_12,,,,139,dynamic,2022-09,2010-01,2021-07,2022-08,834
adverse_12,,,,140,dynamic,2022-10,2010-01,2021-08,2022-09,840
adverse_12,,,,141,dynamic,2022-11,2010-01,2021-09,2022-10,846
adverse_12,,,,142,dynamic,2022-12,2010-01,2021-10,2022-11,852
adverse_12,,,,143,dynamic,2023-01,2010-01,2021-11,2022-12,858
adverse_12,,,,144,dynamic,2023-02,2010-01,2021-12,2023-01,864
adverse_12,,,,145,dynamic,2023-03,2010-01,2022-01,2023-02,870
adverse_12,,,,146,dynamic,2023-04,2010-01,2022-02,2023-03,876
adverse_12,,,,147,dynamic,2023-05,2010-01,2022-03,2023-04,882
adverse_12,,,,148,dynamic,2023-06,2010-01,2022-04,2023-05,888
adverse_12,,,,149,dynamic,2023-07,2010-01,2022-05,2023-06,894
adverse_12,,,,150,dynamic,2023-08,2010-01,2022-06,2023-07,900
adverse_12,,,,151,dynamic,2023-09,2010-01,2022-07,2023-08,906
adverse_12,,,,152,dynamic,2023-10,2010-01,2022-08,2023-09,912
adverse_12,,,,153,dynamic,2023-11,2010-01,2022-09,2023-10,918
adverse_12,,,,154,dynamic,2023-12,2010-01,2022-10,2023-11,924
adverse_12,,,,155,dynamic,2024-01,2010-01,2022-11,2023-12,930
adverse_12,,,,156,dynamic,2024-02,2010-01,2022-12,2024-01,936
adverse_12,,,,157,dynamic,2024-03,2010-01,2023-01,2024-02,942
adverse_12,,,,158,dynamic,2024-04,2010-01,2023-02,2024-03,948
adverse_12,,,,159,dynamic,2024-05,2010-01,2023-03,2024-04,954
adverse_12,,,,160,dynamic,2024-06,2010-01,2023-04,2024-05,960
adverse_12,,,,161,dynamic,2024-07,2010-01,2023-05,2024-06,966
adverse_12,,,,162,dynamic,2024-08,2010-01,2023-06,2024-07,972
adverse_12,,,,163,dynamic,2024-09,2010-01,2023-07,2024-08,978
adverse_12,,,,164,dynamic,2024-10,2010-01,2023-08,2024-09,984
adverse_12,,,,165,dynamic,2024-11,2010-01,2023-09,2024-10,990
adverse_12,,,,166,dynamic,2024-12,2010-01,2023-10,2024-11,996
adverse_12,,,,167,dynamic,2025-01,2010-01,2023-11,2024-12,1002
adverse_12,,,,168,dynamic,2025-02,2010-01,2023-12,2025-01,1008
adverse_12,,,,169,dynamic,2025-03,2010-01,2024-01,2025-02,1014
adverse_12,,,,170,dynamic,2025-04,2010-01,2024-02,2025-03,1020
adverse_12,,,,171,dynamic,2025-05,2010-01,2024-03,2025-04,1026
adverse_12,,,,172,dynamic,2025-06,2010-01,2024-04,2025-05,1032
adverse_12,,,,173,dynamic,2025-07,2010-01,2024-05,2025-06,1038
adverse_12,,,,174,dynamic,2025-08,2010-01,2024-06,2025-07,1044
adverse_12,,,,175,dynamic,2025-09,2010-01,2024-07,2025-08,1050
adverse_12,,,,176,dynamic,2025-10,2010-01,2024-08,2025-09,1056
adverse_12,,,,177,dynamic,2025-11,2010-01,2024-09,2025-10,1062
adverse_12,,,,178,dynamic,2025-12,2010-01,2024-10,2025-11,1068
adverse_12,,,,179,dynamic,2026-01,2010-01,2024-11,2025-12,1074
adverse_12,,,,180,dynamic,2026-02,2010-01,2024-12,2026-01,1080
adverse_12,,,,181,dynamic,2026-03,2010-01,2025-01,2026-02,1086
adverse_12,,,,182,dynamic,2026-04,2010-01,2025-02,2026-03,1092
adverse_12,,,,183,dynamic,2026-05,2010-01,2025-03,2026-04,1098
adverse_12,,,,184,dynamic,2026-06,2010-01,2025-04,2026-05,1104
adverse_12,,,,185,dynamic,2026-07,2010-01,2025-05,2026-06,1110
adverse_12,,,,186,dynamic,2026-08,2010-01,2025-06,2026-07,1116
adverse_12,,,,36,annual,2014-02,2010-01,2012-12,2014-01,216
adverse_12,,,,37,annual,2014-03,2010-01,2013-01,2014-02,222
adverse_12,,,,38,annual,2014-04,2010-01,2013-02,2014-03,228
adverse_12,,,,39,annual,2014-05,2010-01,2013-03,2014-04,234
adverse_12,,,,40,annual,2014-06,2010-01,2013-04,2014-05,240
adverse_12,,,,41,annual,2014-07,2010-01,2013-05,2014-06,246
adverse_12,,,,42,annual,2014-08,2010-01,2013-06,2014-07,252
adverse_12,,,,43,annual,2014-09,2010-01,2013-07,2014-08,258
adverse_12,,,,44,annual,2014-10,2010-01,2013-08,2014-09,264
adverse_12,,,,45,annual,2014-11,2010-01,2013-09,2014-10,270
adverse_12,,,,46,annual,2014-12,2010-01,2013-10,2014-11,276
adverse_12,,,,47,annual,2015-01,2010-01,2013-11,2014-12,282
adverse_12,,,,48,annual,2015-02,2010-01,2013-12,2015-01,288
adverse_12,,,,49,annual,2015-03,2010-01,2014-01,2015-02,294
adverse_12,,,,50,annual,2015-04,2010-01,2014-02,2015-03,300
adverse_12,,,,51,annual,2015-05,2010-01,2014-03,2015-04,306
adverse_12,,,,52,annual,2015-06,2010-01,2014-04,2015-05,312
adverse_12,,,,53,annual,2015-07,2010-01,2014-05,2015-06,318
adverse_12,,,,54,annual,2015-08,2010-01,2014-06,2015-07,324
adverse_12,,,,55,annual,2015-09,2010-01,2014-07,2015-08,330
adverse_12,,,,56,annual,2015-10,2010-01,2014-08,2015-09,336
adverse_12,,,,57,annual,2015-11,2010-01,2014-09,2015-10,342
adverse_12,,,,58,annual,2015-12,2010-01,2014-10,2015-11,348
adverse_12,,,,59,annual,2016-01,2010-01,2014-11,2015-12,354
adverse_12,,,,60,annual,2016-02,2010-01,2014-12,2016-01,360
adverse_12,,,,61,annual,2016-03,2010-01,2015-01,2016-02,366
adverse_12,,,,62,annual,2016-04,2010-01,2015-02,2016-03,372
adverse_12,,,,63,annual,2016-05,2010-01,2015-03,2016-04,378
adverse_12,,,,64,annual,2016-06,2010-01,2015-04,2016-05,384
adverse_12,,,,65,annual,2016-07,2010-01,2015-05,2016-06,390
adverse_12,,,,66,annual,2016-08,2010-01,2015-06,2016-07,396
adverse_12,,,,67,annual,2016-09,2010-01,2015-07,2016-08,402
adverse_12,,,,68,annual,2016-10,2010-01,2015-08,2016-09,408
adverse_12,,,,69,annual,2016-11,2010-01,2015-09,2016-10,414
adverse_12,,,,70,annual,2016-12,2010-01,2015-10,2016-11,420
adverse_12,,,,71,annual,2017-01,2010-01,2015-11,2016-12,426
adverse_12,,,,72,annual,2017-02,2010-01,2015-12,2017-01,432
adverse_12,,,,73,annual,2017-03,2010-01,2016-01,2017-02,438
adverse_12,,,,74,annual,2017-04,2010-01,2016-02,2017-03,444
adverse_12,,,,75,annual,2017-05,2010-01,2016-03,2017-04,450
adverse_12,,,,76,annual,2017-06,2010-01,2016-04,2017-05,456
adverse_12,,,,77,annual,2017-07,2010-01,2016-05,2017-06,462
adverse_12,,,,78,annual,2017-08,2010-01,2016-06,2017-07,468
adverse_12,,,,79,annual,2017-09,2010-01,2016-07,2017-08,474
adverse_12,,,,80,annual,2017-10,2010-01,2016-08,2017-09,480
adverse_12,,,,81,annual,2017-11,2010-01,2016-09,2017-10,486
adverse_12,,,,82,annual,2017-12,2010-01,2016-10,2017-11,492
adverse_12,,,,83,annual,2018-01,2010-01,2016-11,2017-12,498
adverse_12,,,,84,annual,2018-02,2010-01,2016-12,2018-01,504
adverse_12,,,,85,annual,2018-03,2010-01,2017-01,2018-02,510
adverse_12,,,,86,annual,2018-04,2010-01,2017-02,2018-03,516
adverse_12,,,,87,annual,2018-05,2010-01,2017-03,2018-04,522
adverse_12,,,,88,annual,2018-06,2010-01,2017-04,2018-05,528
adverse_12,,,,89,annual,2018-07,2010-01,2017-05,2018-06,534
adverse_12,,,,90,annual,2018-08,2010-01,2017-06,2018-07,540
adverse_12,,,,91,annual,2018-09,2010-01,2017-07,2018-08,546
adverse_12,,,,92,annual,2018-10,2010-01,2017-08,2018-09,552
adverse_12,,,,93,annual,2018-11,2010-01,2017-09,2018-10,558
adverse_12,,,,94,annual,2018-12,2010-01,2017-10,2018-11,564
adverse_12,,,,95,annual,2019-01,2010-01,2017-11,2018-12,570
adverse_12,,,,96,annual,2019-02,2010-01,2017-12,2019-01,576
adverse_12,,,,97,annual,2019-03,2010-01,2018-01,2019-02,582
adverse_12,,,,98,annual,2019-04,2010-01,2018-02,2019-03,588
adverse_12,,,,99,annual,2019-05,2010-01,2018-03,2019-04,594
adverse_12,,,,100,annual,2019-06,2010-01,2018-04,2019-05,600
adverse_12,,,,101,annual,2019-07,2010-01,2018-05,2019-06,606
adverse_12,,,,102,annual,2019-08,2010-01,2018-06,2019-07,612
adverse_12,,,,103,annual,2019-09,2010-01,2018-07,2019-08,618
adverse_12,,,,104,annual,2019-10,2010-01,2018-08,2019-09,624
adverse_12,,,,105,annual,2019-11,2010-01,2018-09,2019-10,630
adverse_12,,,,106,annual,2019-12,2010-01,2018-10,2019-11,636
adverse_12,,,,107,annual,2020-01,2010-01,2018-11,2019-12,642
adverse_12,,,,108,annual,2020-02,2010-01,2018-12,2020-01,648
adverse_12,,,,109,annual,2020-03,2010-01,2019-01,2020-02,654
adverse_12,,,,110,annual,2020-04,2010-01,2019-02,2020-03,660
adverse_12,,,,111,annual,2020-05,2010-01,2019-03,2020-04,666
adverse_12,,,,112,annual,2020-06,2010-01,2019-04,2020-05,672
adverse_12,,,,113,annual,2020-07,2010-01,2019-05,2020-06,678
adverse_12,,,,114,annual,2020-08,2010-01,2019-06,2020-07,684
adverse_12,,,,115,annual,2020-09,2010-01,2019-07,2020-08,690
adverse_12,,,,116,annual,2020-10,2010-01,2019-08,2020-09,696
adverse_12,,,,117,annual,2020-11,2010-01,2019-09,2020-10,702
adverse_12,,,,118,annual,2020-12,2010-01,2019-10,2020-11,708
adverse_12,,,,119,annual,2021-01,2010-01,2019-11,2020-12,714
adverse_12,,,,120,annual,2021-02,2010-01,2019-12,2021-01,720
adverse_12,,,,121,annual,2021-03,2010-01,2020-01,2021-02,726
adverse_12,,,,122,annual,2021-04,2010-01,2020-02,2021-03,732
adverse_12,,,,123,annual,2021-05,2010-01,2020-03,2021-04,738
adverse_12,,,,124,annual,2021-06,2010-01,2020-04,2021-05,744
adverse_12,,,,125,annual,2021-07,2010-01,2020-05,2021-06,750
adverse_12,,,,126,annual,2021-08,2010-01,2020-06,2021-07,756
adverse_12,,,,127,annual,2021-09,2010-01,2020-07,2021-08,762
adverse_12,,,,128,annual,2021-10,2010-01,2020-08,2021-09,768
adverse_12,,,,129,annual,2021-11,2010-01,2020-09,2021-10,774
adverse_12,,,,130,annual,2021-12,2010-01,2020-10,2021-11,780
adverse_12,,,,131,annual,2022-01,2010-01,2020-11,2021-12,786
adverse_12,,,,132,annual,2022-02,2010-01,2020-12,2022-01,792
adverse_12,,,,133,annual,2022-03,2010-01,2021-01,2022-02,798
adverse_12,,,,134,annual,2022-04,2010-01,2021-02,2022-03,804
adverse_12,,,,135,annual,2022-05,2010-01,2021-03,2022-04,810
adverse_12,,,,136,annual,2022-06,2010-01,2021-04,2022-05,816
adverse_12,,,,137,annual,2022-07,2010-01,2021-05,2022-06,822
adverse_12,,,,138,annual,2022-08,2010-01,2021-06,2022-07,828
adverse_12,,,,139,annual,2022-09,2010-01,2021-07,2022-08,834
adverse_12,,,,140,annual,2022-10,2010-01,2021-08,2022-09,840
adverse_12,,,,141,annual,2022-11,2010-01,2021-09,2022-10,846
adverse_12,,,,142,annual,2022-12,2010-01,2021-10,2022-11,852
adverse_12,,,,143,annual,2023-01,2010-01,2021-11,2022-12,858
adverse_12,,,,144,annual,2023-02,2010-01,2021-12,2023-01,864
adverse_12,,,,145,annual,2023-03,2010-01,2022-01,2023-02,870
adverse_12,,,,146,annual,2023-04,2010-01,2022-02,2023-03,876
adverse_12,,,,147,annual,2023-05,2010-01,2022-03,2023-04,882
adverse_12,,,,148,annual,2023-06,2010-01,2022-04,2023-05,888
adverse_12,,,,149,annual,2023-07,2010-01,2022-05,2023-06,894
adverse_12,,,,150,annual,2023-08,2010-01,2022-06,2023-07,900
adverse_12,,,,151,annual,2023-09,2010-01,2022-07,2023-08,906
adverse_12,,,,152,annual,2023-10,2010-01,2022-08,2023-09,912
adverse_12,,,,153,annual,2023-11,2010-01,2022-09,2023-10,918
adverse_12,,,,154,annual,2023-12,2010-01,2022-10,2023-11,924
adverse_12,,,,155,annual,2024-01,2010-01,2022-11,2023-12,930
adverse_12,,,,156,annual,2024-02,2010-01,2022-12,2024-01,936
adverse_12,,,,157,annual,2024-03,2010-01,2023-01,2024-02,942
adverse_12,,,,158,annual,2024-04,2010-01,2023-02,2024-03,948
adverse_12,,,,159,annual,2024-05,2010-01,2023-03,2024-04,954
adverse_12,,,,160,annual,2024-06,2010-01,2023-04,2024-05,960
adverse_12,,,,161,annual,2024-07,2010-01,2023-05,2024-06,966
adverse_12,,,,162,annual,2024-08,2010-01,2023-06,2024-07,972
adverse_12,,,,163,annual,2024-09,2010-01,2023-07,2024-08,978
adverse_12,,,,164,annual,2024-10,2010-01,2023-08,2024-09,984
adverse_12,,,,165,annual,2024-11,2010-01,2023-09,2024-10,990
adverse_12,,,,166,annual,2024-12,2010-01,2023-10,2024-11,996
adverse_12,,,,167,annual,2025-01,2010-01,2023-11,2024-12,1002
adverse_12,,,,168,annual,2025-02,2010-01,2023-12,2025-01,1008
adverse_12,,,,169,annual,2025-03,2010-01,2024-01,2025-02,1014
adverse_12,,,,170,annual,2025-04,2010-01,2024-02,2025-03,1020
adverse_12,,,,171,annual,2025-05,2010-01,2024-03,2025-04,1026
adverse_12,,,,172,annual,2025-06,2010-01,2024-04,2025-05,1032
adverse_12,,,,173,annual,2025-07,2010-01,2024-05,2025-06,1038
adverse_12,,,,174,annual,2025-08,2010-01,2024-06,2025-07,1044
adverse_12,,,,175,annual,2025-09,2010-01,2024-07,2025-08,1050
adverse_12,,,,176,annual,2025-10,2010-01,2024-08,2025-09,1056
adverse_12,,,,177,annual,2025-11,2010-01,2024-09,2025-10,1062
adverse_12,,,,178,annual,2025-12,2010-01,2024-10,2025-11,1068
adverse_12,,,,179,annual,2026-01,2010-01,2024-11,2025-12,1074
adverse_12,,,,180,annual,2026-02,2010-01,2024-12,2026-01,1080
adverse_12,,,,181,annual,2026-03,2010-01,2025-01,2026-02,1086
adverse_12,,,,182,annual,2026-04,2010-01,2025-02,2026-03,1092
adverse_12,,,,183,annual,2026-05,2010-01,2025-03,2026-04,1098
adverse_12,,,,184,annual,2026-06,2010-01,2025-04,2026-05,1104
adverse_12,,,,185,annual,2026-07,2010-01,2025-05,2026-06,1110
adverse_12,,,,186,annual,2026-08,2010-01,2025-06,2026-07,1116
adverse_12,,,,36,structure,2015-02,2011-01,2013-12,2015-01,216
adverse_12,,,,37,structure,2015-03,2011-01,2014-01,2015-02,222
adverse_12,,,,38,structure,2015-04,2011-01,2014-02,2015-03,228
adverse_12,,,,39,structure,2015-05,2011-01,2014-03,2015-04,234
adverse_12,,,,40,structure,2015-06,2011-01,2014-04,2015-05,240
adverse_12,,,,41,structure,2015-07,2011-01,2014-05,2015-06,246
adverse_12,,,,42,structure,2015-08,2011-01,2014-06,2015-07,252
adverse_12,,,,43,structure,2015-09,2011-01,2014-07,2015-08,258
adverse_12,,,,44,structure,2015-10,2011-01,2014-08,2015-09,264
adverse_12,,,,45,structure,2015-11,2011-01,2014-09,2015-10,270
adverse_12,,,,46,structure,2015-12,2011-01,2014-10,2015-11,276
adverse_12,,,,47,structure,2016-01,2011-01,2014-11,2015-12,282
adverse_12,,,,48,structure,2016-02,2011-01,2014-12,2016-01,288
adverse_12,,,,49,structure,2016-03,2011-01,2015-01,2016-02,294
adverse_12,,,,50,structure,2016-04,2011-01,2015-02,2016-03,300
adverse_12,,,,51,structure,2016-05,2011-01,2015-03,2016-04,306
adverse_12,,,,52,structure,2016-06,2011-01,2015-04,2016-05,312
adverse_12,,,,53,structure,2016-07,2011-01,2015-05,2016-06,318
adverse_12,,,,54,structure,2016-08,2011-01,2015-06,2016-07,324
adverse_12,,,,55,structure,2016-09,2011-01,2015-07,2016-08,330
adverse_12,,,,56,structure,2016-10,2011-01,2015-08,2016-09,336
adverse_12,,,,57,structure,2016-11,2011-01,2015-09,2016-10,342
adverse_12,,,,58,structure,2016-12,2011-01,2015-10,2016-11,348
adverse_12,,,,59,structure,2017-01,2011-01,2015-11,2016-12,354
adverse_12,,,,60,structure,2017-02,2011-01,2015-12,2017-01,360
adverse_12,,,,61,structure,2017-03,2011-01,2016-01,2017-02,366
adverse_12,,,,62,structure,2017-04,2011-01,2016-02,2017-03,372
adverse_12,,,,63,structure,2017-05,2011-01,2016-03,2017-04,378
adverse_12,,,,64,structure,2017-06,2011-01,2016-04,2017-05,384
adverse_12,,,,65,structure,2017-07,2011-01,2016-05,2017-06,390
adverse_12,,,,66,structure,2017-08,2011-01,2016-06,2017-07,396
adverse_12,,,,67,structure,2017-09,2011-01,2016-07,2017-08,402
adverse_12,,,,68,structure,2017-10,2011-01,2016-08,2017-09,408
adverse_12,,,,69,structure,2017-11,2011-01,2016-09,2017-10,414
adverse_12,,,,70,structure,2017-12,2011-01,2016-10,2017-11,420
adverse_12,,,,71,structure,2018-01,2011-01,2016-11,2017-12,426
adverse_12,,,,72,structure,2018-02,2011-01,2016-12,2018-01,432
adverse_12,,,,73,structure,2018-03,2011-01,2017-01,2018-02,438
adverse_12,,,,74,structure,2018-04,2011-01,2017-02,2018-03,444
adverse_12,,,,75,structure,2018-05,2011-01,2017-03,2018-04,450
adverse_12,,,,76,structure,2018-06,2011-01,2017-04,2018-05,456
adverse_12,,,,77,structure,2018-07,2011-01,2017-05,2018-06,462
adverse_12,,,,78,structure,2018-08,2011-01,2017-06,2018-07,468
adverse_12,,,,79,structure,2018-09,2011-01,2017-07,2018-08,474
adverse_12,,,,80,structure,2018-10,2011-01,2017-08,2018-09,480
adverse_12,,,,81,structure,2018-11,2011-01,2017-09,2018-10,486
adverse_12,,,,82,structure,2018-12,2011-01,2017-10,2018-11,492
adverse_12,,,,83,structure,2019-01,2011-01,2017-11,2018-12,498
adverse_12,,,,84,structure,2019-02,2011-01,2017-12,2019-01,504
adverse_12,,,,85,structure,2019-03,2011-01,2018-01,2019-02,510
adverse_12,,,,86,structure,2019-04,2011-01,2018-02,2019-03,516
adverse_12,,,,87,structure,2019-05,2011-01,2018-03,2019-04,522
adverse_12,,,,88,structure,2019-06,2011-01,2018-04,2019-05,528
adverse_12,,,,89,structure,2019-07,2011-01,2018-05,2019-06,534
adverse_12,,,,90,structure,2019-08,2011-01,2018-06,2019-07,540
adverse_12,,,,91,structure,2019-09,2011-01,2018-07,2019-08,546
adverse_12,,,,92,structure,2019-10,2011-01,2018-08,2019-09,552
adverse_12,,,,93,structure,2019-11,2011-01,2018-09,2019-10,558
adverse_12,,,,94,structure,2019-12,2011-01,2018-10,2019-11,564
adverse_12,,,,95,structure,2020-01,2011-01,2018-11,2019-12,570
adverse_12,,,,96,structure,2020-02,2011-01,2018-12,2020-01,576
adverse_12,,,,97,structure,2020-03,2011-01,2019-01,2020-02,582
adverse_12,,,,98,structure,2020-04,2011-01,2019-02,2020-03,588
adverse_12,,,,99,structure,2020-05,2011-01,2019-03,2020-04,594
adverse_12,,,,100,structure,2020-06,2011-01,2019-04,2020-05,600
adverse_12,,,,101,structure,2020-07,2011-01,2019-05,2020-06,606
adverse_12,,,,102,structure,2020-08,2011-01,2019-06,2020-07,612
adverse_12,,,,103,structure,2020-09,2011-01,2019-07,2020-08,618
adverse_12,,,,104,structure,2020-10,2011-01,2019-08,2020-09,624
adverse_12,,,,105,structure,2020-11,2011-01,2019-09,2020-10,630
adverse_12,,,,106,structure,2020-12,2011-01,2019-10,2020-11,636
adverse_12,,,,107,structure,2021-01,2011-01,2019-11,2020-12,642
adverse_12,,,,108,structure,2021-02,2011-01,2019-12,2021-01,648
adverse_12,,,,109,structure,2021-03,2011-01,2020-01,2021-02,654
adverse_12,,,,110,structure,2021-04,2011-01,2020-02,2021-03,660
adverse_12,,,,111,structure,2021-05,2011-01,2020-03,2021-04,666
adverse_12,,,,112,structure,2021-06,2011-01,2020-04,2021-05,672
adverse_12,,,,113,structure,2021-07,2011-01,2020-05,2021-06,678
adverse_12,,,,114,structure,2021-08,2011-01,2020-06,2021-07,684
adverse_12,,,,115,structure,2021-09,2011-01,2020-07,2021-08,690
adverse_12,,,,116,structure,2021-10,2011-01,2020-08,2021-09,696
adverse_12,,,,117,structure,2021-11,2011-01,2020-09,2021-10,702
adverse_12,,,,118,structure,2021-12,2011-01,2020-10,2021-11,708
adverse_12,,,,119,structure,2022-01,2011-01,2020-11,2021-12,714
adverse_12,,,,120,structure,2022-02,2011-01,2020-12,2022-01,720
adverse_12,,,,121,structure,2022-03,2011-01,2021-01,2022-02,726
adverse_12,,,,122,structure,2022-04,2011-01,2021-02,2022-03,732
adverse_12,,,,123,structure,2022-05,2011-01,2021-03,2022-04,738
adverse_12,,,,124,structure,2022-06,2011-01,2021-04,2022-05,744
adverse_12,,,,125,structure,2022-07,2011-01,2021-05,2022-06,750
adverse_12,,,,126,structure,2022-08,2011-01,2021-06,2022-07,756
adverse_12,,,,127,structure,2022-09,2011-01,2021-07,2022-08,762
adverse_12,,,,128,structure,2022-10,2011-01,2021-08,2022-09,768
adverse_12,,,,129,structure,2022-11,2011-01,2021-09,2022-10,774
adverse_12,,,,130,structure,2022-12,2011-01,2021-10,2022-11,780
adverse_12,,,,131,structure,2023-01,2011-01,2021-11,2022-12,786
adverse_12,,,,132,structure,2023-02,2011-01,2021-12,2023-01,792
adverse_12,,,,133,structure,2023-03,2011-01,2022-01,2023-02,798
adverse_12,,,,134,structure,2023-04,2011-01,2022-02,2023-03,804
adverse_12,,,,135,structure,2023-05,2011-01,2022-03,2023-04,810
adverse_12,,,,136,structure,2023-06,2011-01,2022-04,2023-05,816
adverse_12,,,,137,structure,2023-07,2011-01,2022-05,2023-06,822
adverse_12,,,,138,structure,2023-08,2011-01,2022-06,2023-07,828
adverse_12,,,,139,structure,2023-09,2011-01,2022-07,2023-08,834
adverse_12,,,,140,structure,2023-10,2011-01,2022-08,2023-09,840
adverse_12,,,,141,structure,2023-11,2011-01,2022-09,2023-10,846
adverse_12,,,,142,structure,2023-12,2011-01,2022-10,2023-11,852
adverse_12,,,,143,structure,2024-01,2011-01,2022-11,2023-12,858
adverse_12,,,,144,structure,2024-02,2011-01,2022-12,2024-01,864
adverse_12,,,,145,structure,2024-03,2011-01,2023-01,2024-02,870
adverse_12,,,,146,structure,2024-04,2011-01,2023-02,2024-03,876
adverse_12,,,,147,structure,2024-05,2011-01,2023-03,2024-04,882
adverse_12,,,,148,structure,2024-06,2011-01,2023-04,2024-05,888
adverse_12,,,,149,structure,2024-07,2011-01,2023-05,2024-06,894
adverse_12,,,,150,structure,2024-08,2011-01,2023-06,2024-07,900
adverse_12,,,,151,structure,2024-09,2011-01,2023-07,2024-08,906
adverse_12,,,,152,structure,2024-10,2011-01,2023-08,2024-09,912
adverse_12,,,,153,structure,2024-11,2011-01,2023-09,2024-10,918
adverse_12,,,,154,structure,2024-12,2011-01,2023-10,2024-11,924
adverse_12,,,,155,structure,2025-01,2011-01,2023-11,2024-12,930
adverse_12,,,,156,structure,2025-02,2011-01,2023-12,2025-01,936
adverse_12,,,,157,structure,2025-03,2011-01,2024-01,2025-02,942
adverse_12,,,,158,structure,2025-04,2011-01,2024-02,2025-03,948
adverse_12,,,,159,structure,2025-05,2011-01,2024-03,2025-04,954
adverse_12,,,,160,structure,2025-06,2011-01,2024-04,2025-05,960
adverse_12,,,,161,structure,2025-07,2011-01,2024-05,2025-06,966
adverse_12,,,,162,structure,2025-08,2011-01,2024-06,2025-07,972
adverse_12,,,,163,structure,2025-09,2011-01,2024-07,2025-08,978
adverse_12,,,,164,structure,2025-10,2011-01,2024-08,2025-09,984
adverse_12,,,,165,structure,2025-11,2011-01,2024-09,2025-10,990
adverse_12,,,,166,structure,2025-12,2011-01,2024-10,2025-11,996
adverse_12,,,,167,structure,2026-01,2011-01,2024-11,2025-12,1002
adverse_12,,,,168,structure,2026-02,2011-01,2024-12,2026-01,1008
adverse_12,,,,169,structure,2026-03,2011-01,2025-01,2026-02,1014
adverse_12,,,,170,structure,2026-04,2011-01,2025-02,2026-03,1020
adverse_12,,,,171,structure,2026-05,2011-01,2025-03,2026-04,1026
adverse_12,,,,172,structure,2026-06,2011-01,2025-04,2026-05,1032
adverse_12,,,,173,structure,2026-07,2011-01,2025-05,2026-06,1038
adverse_12,,,,174,structure,2026-08,2011-01,2025-06,2026-07,1044
adverse_12,,,,36,All,2015-02,2011-01,2013-12,2015-01,216
adverse_12,,,,37,All,2015-03,2011-01,2014-01,2015-02,222
adverse_12,,,,38,All,2015-04,2011-01,2014-02,2015-03,228
adverse_12,,,,39,All,2015-05,2011-01,2014-03,2015-04,234
adverse_12,,,,40,All,2015-06,2011-01,2014-04,2015-05,240
adverse_12,,,,41,All,2015-07,2011-01,2014-05,2015-06,246
adverse_12,,,,42,All,2015-08,2011-01,2014-06,2015-07,252
adverse_12,,,,43,All,2015-09,2011-01,2014-07,2015-08,258
adverse_12,,,,44,All,2015-10,2011-01,2014-08,2015-09,264
adverse_12,,,,45,All,2015-11,2011-01,2014-09,2015-10,270
adverse_12,,,,46,All,2015-12,2011-01,2014-10,2015-11,276
adverse_12,,,,47,All,2016-01,2011-01,2014-11,2015-12,282
adverse_12,,,,48,All,2016-02,2011-01,2014-12,2016-01,288
adverse_12,,,,49,All,2016-03,2011-01,2015-01,2016-02,294
adverse_12,,,,50,All,2016-04,2011-01,2015-02,2016-03,300
adverse_12,,,,51,All,2016-05,2011-01,2015-03,2016-04,306
adverse_12,,,,52,All,2016-06,2011-01,2015-04,2016-05,312
adverse_12,,,,53,All,2016-07,2011-01,2015-05,2016-06,318
adverse_12,,,,54,All,2016-08,2011-01,2015-06,2016-07,324
adverse_12,,,,55,All,2016-09,2011-01,2015-07,2016-08,330
adverse_12,,,,56,All,2016-10,2011-01,2015-08,2016-09,336
adverse_12,,,,57,All,2016-11,2011-01,2015-09,2016-10,342
adverse_12,,,,58,All,2016-12,2011-01,2015-10,2016-11,348
adverse_12,,,,59,All,2017-01,2011-01,2015-11,2016-12,354
adverse_12,,,,60,All,2017-02,2011-01,2015-12,2017-01,360
adverse_12,,,,61,All,2017-03,2011-01,2016-01,2017-02,366
adverse_12,,,,62,All,2017-04,2011-01,2016-02,2017-03,372
adverse_12,,,,63,All,2017-05,2011-01,2016-03,2017-04,378
adverse_12,,,,64,All,2017-06,2011-01,2016-04,2017-05,384
adverse_12,,,,65,All,2017-07,2011-01,2016-05,2017-06,390
adverse_12,,,,66,All,2017-08,2011-01,2016-06,2017-07,396
adverse_12,,,,67,All,2017-09,2011-01,2016-07,2017-08,402
adverse_12,,,,68,All,2017-10,2011-01,2016-08,2017-09,408
adverse_12,,,,69,All,2017-11,2011-01,2016-09,2017-10,414
adverse_12,,,,70,All,2017-12,2011-01,2016-10,2017-11,420
adverse_12,,,,71,All,2018-01,2011-01,2016-11,2017-12,426
adverse_12,,,,72,All,2018-02,2011-01,2016-12,2018-01,432
adverse_12,,,,73,All,2018-03,2011-01,2017-01,2018-02,438
adverse_12,,,,74,All,2018-04,2011-01,2017-02,2018-03,444
adverse_12,,,,75,All,2018-05,2011-01,2017-03,2018-04,450
adverse_12,,,,76,All,2018-06,2011-01,2017-04,2018-05,456
adverse_12,,,,77,All,2018-07,2011-01,2017-05,2018-06,462
adverse_12,,,,78,All,2018-08,2011-01,2017-06,2018-07,468
adverse_12,,,,79,All,2018-09,2011-01,2017-07,2018-08,474
adverse_12,,,,80,All,2018-10,2011-01,2017-08,2018-09,480
adverse_12,,,,81,All,2018-11,2011-01,2017-09,2018-10,486
adverse_12,,,,82,All,2018-12,2011-01,2017-10,2018-11,492
adverse_12,,,,83,All,2019-01,2011-01,2017-11,2018-12,498
adverse_12,,,,84,All,2019-02,2011-01,2017-12,2019-01,504
adverse_12,,,,85,All,2019-03,2011-01,2018-01,2019-02,510
adverse_12,,,,86,All,2019-04,2011-01,2018-02,2019-03,516
adverse_12,,,,87,All,2019-05,2011-01,2018-03,2019-04,522
adverse_12,,,,88,All,2019-06,2011-01,2018-04,2019-05,528
adverse_12,,,,89,All,2019-07,2011-01,2018-05,2019-06,534
adverse_12,,,,90,All,2019-08,2011-01,2018-06,2019-07,540
adverse_12,,,,91,All,2019-09,2011-01,2018-07,2019-08,546
adverse_12,,,,92,All,2019-10,2011-01,2018-08,2019-09,552
adverse_12,,,,93,All,2019-11,2011-01,2018-09,2019-10,558
adverse_12,,,,94,All,2019-12,2011-01,2018-10,2019-11,564
adverse_12,,,,95,All,2020-01,2011-01,2018-11,2019-12,570
adverse_12,,,,96,All,2020-02,2011-01,2018-12,2020-01,576
adverse_12,,,,97,All,2020-03,2011-01,2019-01,2020-02,582
adverse_12,,,,98,All,2020-04,2011-01,2019-02,2020-03,588
adverse_12,,,,99,All,2020-05,2011-01,2019-03,2020-04,594
adverse_12,,,,100,All,2020-06,2011-01,2019-04,2020-05,600
adverse_12,,,,101,All,2020-07,2011-01,2019-05,2020-06,606
adverse_12,,,,102,All,2020-08,2011-01,2019-06,2020-07,612
adverse_12,,,,103,All,2020-09,2011-01,2019-07,2020-08,618
adverse_12,,,,104,All,2020-10,2011-01,2019-08,2020-09,624
adverse_12,,,,105,All,2020-11,2011-01,2019-09,2020-10,630
adverse_12,,,,106,All,2020-12,2011-01,2019-10,2020-11,636
adverse_12,,,,107,All,2021-01,2011-01,2019-11,2020-12,642
adverse_12,,,,108,All,2021-02,2011-01,2019-12,2021-01,648
adverse_12,,,,109,All,2021-03,2011-01,2020-01,2021-02,654
adverse_12,,,,110,All,2021-04,2011-01,2020-02,2021-03,660
adverse_12,,,,111,All,2021-05,2011-01,2020-03,2021-04,666
adverse_12,,,,112,All,2021-06,2011-01,2020-04,2021-05,672
adverse_12,,,,113,All,2021-07,2011-01,2020-05,2021-06,678
adverse_12,,,,114,All,2021-08,2011-01,2020-06,2021-07,684
adverse_12,,,,115,All,2021-09,2011-01,2020-07,2021-08,690
adverse_12,,,,116,All,2021-10,2011-01,2020-08,2021-09,696
adverse_12,,,,117,All,2021-11,2011-01,2020-09,2021-10,702
adverse_12,,,,118,All,2021-12,2011-01,2020-10,2021-11,708
adverse_12,,,,119,All,2022-01,2011-01,2020-11,2021-12,714
adverse_12,,,,120,All,2022-02,2011-01,2020-12,2022-01,720
adverse_12,,,,121,All,2022-03,2011-01,2021-01,2022-02,726
adverse_12,,,,122,All,2022-04,2011-01,2021-02,2022-03,732
adverse_12,,,,123,All,2022-05,2011-01,2021-03,2022-04,738
adverse_12,,,,124,All,2022-06,2011-01,2021-04,2022-05,744
adverse_12,,,,125,All,2022-07,2011-01,2021-05,2022-06,750
adverse_12,,,,126,All,2022-08,2011-01,2021-06,2022-07,756
adverse_12,,,,127,All,2022-09,2011-01,2021-07,2022-08,762
adverse_12,,,,128,All,2022-10,2011-01,2021-08,2022-09,768
adverse_12,,,,129,All,2022-11,2011-01,2021-09,2022-10,774
adverse_12,,,,130,All,2022-12,2011-01,2021-10,2022-11,780
adverse_12,,,,131,All,2023-01,2011-01,2021-11,2022-12,786
adverse_12,,,,132,All,2023-02,2011-01,2021-12,2023-01,792
adverse_12,,,,133,All,2023-03,2011-01,2022-01,2023-02,798
adverse_12,,,,134,All,2023-04,2011-01,2022-02,2023-03,804
adverse_12,,,,135,All,2023-05,2011-01,2022-03,2023-04,810
adverse_12,,,,136,All,2023-06,2011-01,2022-04,2023-05,816
adverse_12,,,,137,All,2023-07,2011-01,2022-05,2023-06,822
adverse_12,,,,138,All,2023-08,2011-01,2022-06,2023-07,828
adverse_12,,,,139,All,2023-09,2011-01,2022-07,2023-08,834
adverse_12,,,,140,All,2023-10,2011-01,2022-08,2023-09,840
adverse_12,,,,141,All,2023-11,2011-01,2022-09,2023-10,846
adverse_12,,,,142,All,2023-12,2011-01,2022-10,2023-11,852
adverse_12,,,,143,All,2024-01,2011-01,2022-11,2023-12,858
adverse_12,,,,144,All,2024-02,2011-01,2022-12,2024-01,864
adverse_12,,,,145,All,2024-03,2011-01,2023-01,2024-02,870
adverse_12,,,,146,All,2024-04,2011-01,2023-02,2024-03,876
adverse_12,,,,147,All,2024-05,2011-01,2023-03,2024-04,882
adverse_12,,,,148,All,2024-06,2011-01,2023-04,2024-05,888
adverse_12,,,,149,All,2024-07,2011-01,2023-05,2024-06,894
adverse_12,,,,150,All,2024-08,2011-01,2023-06,2024-07,900
adverse_12,,,,151,All,2024-09,2011-01,2023-07,2024-08,906
adverse_12,,,,152,All,2024-10,2011-01,2023-08,2024-09,912
adverse_12,,,,153,All,2024-11,2011-01,2023-09,2024-10,918
adverse_12,,,,154,All,2024-12,2011-01,2023-10,2024-11,924
adverse_12,,,,155,All,2025-01,2011-01,2023-11,2024-12,930
adverse_12,,,,156,All,2025-02,2011-01,2023-12,2025-01,936
adverse_12,,,,157,All,2025-03,2011-01,2024-01,2025-02,942
adverse_12,,,,158,All,2025-04,2011-01,2024-02,2025-03,948
adverse_12,,,,159,All,2025-05,2011-01,2024-03,2025-04,954
adverse_12,,,,160,All,2025-06,2011-01,2024-04,2025-05,960
adverse_12,,,,161,All,2025-07,2011-01,2024-05,2025-06,966
adverse_12,,,,162,All,2025-08,2011-01,2024-06,2025-07,972
adverse_12,,,,163,All,2025-09,2011-01,2024-07,2025-08,978
adverse_12,,,,164,All,2025-10,2011-01,2024-08,2025-09,984
adverse_12,,,,165,All,2025-11,2011-01,2024-09,2025-10,990
adverse_12,,,,166,All,2025-12,2011-01,2024-10,2025-11,996
adverse_12,,,,167,All,2026-01,2011-01,2024-11,2025-12,1002
adverse_12,,,,168,All,2026-02,2011-01,2024-12,2026-01,1008
adverse_12,,,,169,All,2026-03,2011-01,2025-01,2026-02,1014
adverse_12,,,,170,All,2026-04,2011-01,2025-02,2026-03,1020
adverse_12,,,,171,All,2026-05,2011-01,2025-03,2026-04,1026
adverse_12,,,,172,All,2026-06,2011-01,2025-04,2026-05,1032
adverse_12,,,,173,All,2026-07,2011-01,2025-05,2026-06,1038
adverse_12,,,,174,All,2026-08,2011-01,2025-06,2026-07,1044
underwater_12,,,,36,Base,2014-02,2010-01,2012-12,2014-01,216
underwater_12,,,,37,Base,2014-03,2010-01,2013-01,2014-02,222
underwater_12,,,,38,Base,2014-04,2010-01,2013-02,2014-03,228
underwater_12,,,,39,Base,2014-05,2010-01,2013-03,2014-04,234
underwater_12,,,,40,Base,2014-06,2010-01,2013-04,2014-05,240
underwater_12,,,,41,Base,2014-07,2010-01,2013-05,2014-06,246
underwater_12,,,,42,Base,2014-08,2010-01,2013-06,2014-07,252
underwater_12,,,,43,Base,2014-09,2010-01,2013-07,2014-08,258
underwater_12,,,,44,Base,2014-10,2010-01,2013-08,2014-09,264
underwater_12,,,,45,Base,2014-11,2010-01,2013-09,2014-10,270
underwater_12,,,,46,Base,2014-12,2010-01,2013-10,2014-11,276
underwater_12,,,,47,Base,2015-01,2010-01,2013-11,2014-12,282
underwater_12,,,,48,Base,2015-02,2010-01,2013-12,2015-01,288
underwater_12,,,,49,Base,2015-03,2010-01,2014-01,2015-02,294
underwater_12,,,,50,Base,2015-04,2010-01,2014-02,2015-03,300
underwater_12,,,,51,Base,2015-05,2010-01,2014-03,2015-04,306
underwater_12,,,,52,Base,2015-06,2010-01,2014-04,2015-05,312
underwater_12,,,,53,Base,2015-07,2010-01,2014-05,2015-06,318
underwater_12,,,,54,Base,2015-08,2010-01,2014-06,2015-07,324
underwater_12,,,,55,Base,2015-09,2010-01,2014-07,2015-08,330
underwater_12,,,,56,Base,2015-10,2010-01,2014-08,2015-09,336
underwater_12,,,,57,Base,2015-11,2010-01,2014-09,2015-10,342
underwater_12,,,,58,Base,2015-12,2010-01,2014-10,2015-11,348
underwater_12,,,,59,Base,2016-01,2010-01,2014-11,2015-12,354
underwater_12,,,,60,Base,2016-02,2010-01,2014-12,2016-01,360
underwater_12,,,,61,Base,2016-03,2010-01,2015-01,2016-02,366
underwater_12,,,,62,Base,2016-04,2010-01,2015-02,2016-03,372
underwater_12,,,,63,Base,2016-05,2010-01,2015-03,2016-04,378
underwater_12,,,,64,Base,2016-06,2010-01,2015-04,2016-05,384
underwater_12,,,,65,Base,2016-07,2010-01,2015-05,2016-06,390
underwater_12,,,,66,Base,2016-08,2010-01,2015-06,2016-07,396
underwater_12,,,,67,Base,2016-09,2010-01,2015-07,2016-08,402
underwater_12,,,,68,Base,2016-10,2010-01,2015-08,2016-09,408
underwater_12,,,,69,Base,2016-11,2010-01,2015-09,2016-10,414
underwater_12,,,,70,Base,2016-12,2010-01,2015-10,2016-11,420
underwater_12,,,,71,Base,2017-01,2010-01,2015-11,2016-12,426
underwater_12,,,,72,Base,2017-02,2010-01,2015-12,2017-01,432
underwater_12,,,,73,Base,2017-03,2010-01,2016-01,2017-02,438
underwater_12,,,,74,Base,2017-04,2010-01,2016-02,2017-03,444
underwater_12,,,,75,Base,2017-05,2010-01,2016-03,2017-04,450
underwater_12,,,,76,Base,2017-06,2010-01,2016-04,2017-05,456
underwater_12,,,,77,Base,2017-07,2010-01,2016-05,2017-06,462
underwater_12,,,,78,Base,2017-08,2010-01,2016-06,2017-07,468
underwater_12,,,,79,Base,2017-09,2010-01,2016-07,2017-08,474
underwater_12,,,,80,Base,2017-10,2010-01,2016-08,2017-09,480
underwater_12,,,,81,Base,2017-11,2010-01,2016-09,2017-10,486
underwater_12,,,,82,Base,2017-12,2010-01,2016-10,2017-11,492
underwater_12,,,,83,Base,2018-01,2010-01,2016-11,2017-12,498
underwater_12,,,,84,Base,2018-02,2010-01,2016-12,2018-01,504
underwater_12,,,,85,Base,2018-03,2010-01,2017-01,2018-02,510
underwater_12,,,,86,Base,2018-04,2010-01,2017-02,2018-03,516
underwater_12,,,,87,Base,2018-05,2010-01,2017-03,2018-04,522
underwater_12,,,,88,Base,2018-06,2010-01,2017-04,2018-05,528
underwater_12,,,,89,Base,2018-07,2010-01,2017-05,2018-06,534
underwater_12,,,,90,Base,2018-08,2010-01,2017-06,2018-07,540
underwater_12,,,,91,Base,2018-09,2010-01,2017-07,2018-08,546
underwater_12,,,,92,Base,2018-10,2010-01,2017-08,2018-09,552
underwater_12,,,,93,Base,2018-11,2010-01,2017-09,2018-10,558
underwater_12,,,,94,Base,2018-12,2010-01,2017-10,2018-11,564
underwater_12,,,,95,Base,2019-01,2010-01,2017-11,2018-12,570
underwater_12,,,,96,Base,2019-02,2010-01,2017-12,2019-01,576
underwater_12,,,,97,Base,2019-03,2010-01,2018-01,2019-02,582
underwater_12,,,,98,Base,2019-04,2010-01,2018-02,2019-03,588
underwater_12,,,,99,Base,2019-05,2010-01,2018-03,2019-04,594
underwater_12,,,,100,Base,2019-06,2010-01,2018-04,2019-05,600
underwater_12,,,,101,Base,2019-07,2010-01,2018-05,2019-06,606
underwater_12,,,,102,Base,2019-08,2010-01,2018-06,2019-07,612
underwater_12,,,,103,Base,2019-09,2010-01,2018-07,2019-08,618
underwater_12,,,,104,Base,2019-10,2010-01,2018-08,2019-09,624
underwater_12,,,,105,Base,2019-11,2010-01,2018-09,2019-10,630
underwater_12,,,,106,Base,2019-12,2010-01,2018-10,2019-11,636
underwater_12,,,,107,Base,2020-01,2010-01,2018-11,2019-12,642
underwater_12,,,,108,Base,2020-02,2010-01,2018-12,2020-01,648
underwater_12,,,,109,Base,2020-03,2010-01,2019-01,2020-02,654
underwater_12,,,,110,Base,2020-04,2010-01,2019-02,2020-03,660
underwater_12,,,,111,Base,2020-05,2010-01,2019-03,2020-04,666
underwater_12,,,,112,Base,2020-06,2010-01,2019-04,2020-05,672
underwater_12,,,,113,Base,2020-07,2010-01,2019-05,2020-06,678
underwater_12,,,,114,Base,2020-08,2010-01,2019-06,2020-07,684
underwater_12,,,,115,Base,2020-09,2010-01,2019-07,2020-08,690
underwater_12,,,,116,Base,2020-10,2010-01,2019-08,2020-09,696
underwater_12,,,,117,Base,2020-11,2010-01,2019-09,2020-10,702
underwater_12,,,,118,Base,2020-12,2010-01,2019-10,2020-11,708
underwater_12,,,,119,Base,2021-01,2010-01,2019-11,2020-12,714
underwater_12,,,,120,Base,2021-02,2010-01,2019-12,2021-01,720
underwater_12,,,,121,Base,2021-03,2010-01,2020-01,2021-02,726
underwater_12,,,,122,Base,2021-04,2010-01,2020-02,2021-03,732
underwater_12,,,,123,Base,2021-05,2010-01,2020-03,2021-04,738
underwater_12,,,,124,Base,2021-06,2010-01,2020-04,2021-05,744
underwater_12,,,,125,Base,2021-07,2010-01,2020-05,2021-06,750
underwater_12,,,,126,Base,2021-08,2010-01,2020-06,2021-07,756
underwater_12,,,,127,Base,2021-09,2010-01,2020-07,2021-08,762
underwater_12,,,,128,Base,2021-10,2010-01,2020-08,2021-09,768
underwater_12,,,,129,Base,2021-11,2010-01,2020-09,2021-10,774
underwater_12,,,,130,Base,2021-12,2010-01,2020-10,2021-11,780
underwater_12,,,,131,Base,2022-01,2010-01,2020-11,2021-12,786
underwater_12,,,,132,Base,2022-02,2010-01,2020-12,2022-01,792
underwater_12,,,,133,Base,2022-03,2010-01,2021-01,2022-02,798
underwater_12,,,,134,Base,2022-04,2010-01,2021-02,2022-03,804
underwater_12,,,,135,Base,2022-05,2010-01,2021-03,2022-04,810
underwater_12,,,,136,Base,2022-06,2010-01,2021-04,2022-05,816
underwater_12,,,,137,Base,2022-07,2010-01,2021-05,2022-06,822
underwater_12,,,,138,Base,2022-08,2010-01,2021-06,2022-07,828
underwater_12,,,,139,Base,2022-09,2010-01,2021-07,2022-08,834
underwater_12,,,,140,Base,2022-10,2010-01,2021-08,2022-09,840
underwater_12,,,,141,Base,2022-11,2010-01,2021-09,2022-10,846
underwater_12,,,,142,Base,2022-12,2010-01,2021-10,2022-11,852
underwater_12,,,,143,Base,2023-01,2010-01,2021-11,2022-12,858
underwater_12,,,,144,Base,2023-02,2010-01,2021-12,2023-01,864
underwater_12,,,,145,Base,2023-03,2010-01,2022-01,2023-02,870
underwater_12,,,,146,Base,2023-04,2010-01,2022-02,2023-03,876
underwater_12,,,,147,Base,2023-05,2010-01,2022-03,2023-04,882
underwater_12,,,,148,Base,2023-06,2010-01,2022-04,2023-05,888
underwater_12,,,,149,Base,2023-07,2010-01,2022-05,2023-06,894
underwater_12,,,,150,Base,2023-08,2010-01,2022-06,2023-07,900
underwater_12,,,,151,Base,2023-09,2010-01,2022-07,2023-08,906
underwater_12,,,,152,Base,2023-10,2010-01,2022-08,2023-09,912
underwater_12,,,,153,Base,2023-11,2010-01,2022-09,2023-10,918
underwater_12,,,,154,Base,2023-12,2010-01,2022-10,2023-11,924
underwater_12,,,,155,Base,2024-01,2010-01,2022-11,2023-12,930
underwater_12,,,,156,Base,2024-02,2010-01,2022-12,2024-01,936
underwater_12,,,,157,Base,2024-03,2010-01,2023-01,2024-02,942
underwater_12,,,,158,Base,2024-04,2010-01,2023-02,2024-03,948
underwater_12,,,,159,Base,2024-05,2010-01,2023-03,2024-04,954
underwater_12,,,,160,Base,2024-06,2010-01,2023-04,2024-05,960
underwater_12,,,,161,Base,2024-07,2010-01,2023-05,2024-06,966
underwater_12,,,,162,Base,2024-08,2010-01,2023-06,2024-07,972
underwater_12,,,,163,Base,2024-09,2010-01,2023-07,2024-08,978
underwater_12,,,,164,Base,2024-10,2010-01,2023-08,2024-09,984
underwater_12,,,,165,Base,2024-11,2010-01,2023-09,2024-10,990
underwater_12,,,,166,Base,2024-12,2010-01,2023-10,2024-11,996
underwater_12,,,,167,Base,2025-01,2010-01,2023-11,2024-12,1002
underwater_12,,,,168,Base,2025-02,2010-01,2023-12,2025-01,1008
underwater_12,,,,169,Base,2025-03,2010-01,2024-01,2025-02,1014
underwater_12,,,,170,Base,2025-04,2010-01,2024-02,2025-03,1020
underwater_12,,,,171,Base,2025-05,2010-01,2024-03,2025-04,1026
underwater_12,,,,172,Base,2025-06,2010-01,2024-04,2025-05,1032
underwater_12,,,,173,Base,2025-07,2010-01,2024-05,2025-06,1038
underwater_12,,,,174,Base,2025-08,2010-01,2024-06,2025-07,1044
underwater_12,,,,175,Base,2025-09,2010-01,2024-07,2025-08,1050
underwater_12,,,,176,Base,2025-10,2010-01,2024-08,2025-09,1056
underwater_12,,,,177,Base,2025-11,2010-01,2024-09,2025-10,1062
underwater_12,,,,178,Base,2025-12,2010-01,2024-10,2025-11,1068
underwater_12,,,,179,Base,2026-01,2010-01,2024-11,2025-12,1074
underwater_12,,,,180,Base,2026-02,2010-01,2024-12,2026-01,1080
underwater_12,,,,181,Base,2026-03,2010-01,2025-01,2026-02,1086
underwater_12,,,,182,Base,2026-04,2010-01,2025-02,2026-03,1092
underwater_12,,,,183,Base,2026-05,2010-01,2025-03,2026-04,1098
underwater_12,,,,184,Base,2026-06,2010-01,2025-04,2026-05,1104
underwater_12,,,,185,Base,2026-07,2010-01,2025-05,2026-06,1110
underwater_12,,,,186,Base,2026-08,2010-01,2025-06,2026-07,1116
underwater_12,,,,36,fixed,2014-02,2010-01,2012-12,2014-01,216
underwater_12,,,,37,fixed,2014-03,2010-01,2013-01,2014-02,222
underwater_12,,,,38,fixed,2014-04,2010-01,2013-02,2014-03,228
underwater_12,,,,39,fixed,2014-05,2010-01,2013-03,2014-04,234
underwater_12,,,,40,fixed,2014-06,2010-01,2013-04,2014-05,240
underwater_12,,,,41,fixed,2014-07,2010-01,2013-05,2014-06,246
underwater_12,,,,42,fixed,2014-08,2010-01,2013-06,2014-07,252
underwater_12,,,,43,fixed,2014-09,2010-01,2013-07,2014-08,258
underwater_12,,,,44,fixed,2014-10,2010-01,2013-08,2014-09,264
underwater_12,,,,45,fixed,2014-11,2010-01,2013-09,2014-10,270
underwater_12,,,,46,fixed,2014-12,2010-01,2013-10,2014-11,276
underwater_12,,,,47,fixed,2015-01,2010-01,2013-11,2014-12,282
underwater_12,,,,48,fixed,2015-02,2010-01,2013-12,2015-01,288
underwater_12,,,,49,fixed,2015-03,2010-01,2014-01,2015-02,294
underwater_12,,,,50,fixed,2015-04,2010-01,2014-02,2015-03,300
underwater_12,,,,51,fixed,2015-05,2010-01,2014-03,2015-04,306
underwater_12,,,,52,fixed,2015-06,2010-01,2014-04,2015-05,312
underwater_12,,,,53,fixed,2015-07,2010-01,2014-05,2015-06,318
underwater_12,,,,54,fixed,2015-08,2010-01,2014-06,2015-07,324
underwater_12,,,,55,fixed,2015-09,2010-01,2014-07,2015-08,330
underwater_12,,,,56,fixed,2015-10,2010-01,2014-08,2015-09,336
underwater_12,,,,57,fixed,2015-11,2010-01,2014-09,2015-10,342
underwater_12,,,,58,fixed,2015-12,2010-01,2014-10,2015-11,348
underwater_12,,,,59,fixed,2016-01,2010-01,2014-11,2015-12,354
underwater_12,,,,60,fixed,2016-02,2010-01,2014-12,2016-01,360
underwater_12,,,,61,fixed,2016-03,2010-01,2015-01,2016-02,366
underwater_12,,,,62,fixed,2016-04,2010-01,2015-02,2016-03,372
underwater_12,,,,63,fixed,2016-05,2010-01,2015-03,2016-04,378
underwater_12,,,,64,fixed,2016-06,2010-01,2015-04,2016-05,384
underwater_12,,,,65,fixed,2016-07,2010-01,2015-05,2016-06,390
underwater_12,,,,66,fixed,2016-08,2010-01,2015-06,2016-07,396
underwater_12,,,,67,fixed,2016-09,2010-01,2015-07,2016-08,402
underwater_12,,,,68,fixed,2016-10,2010-01,2015-08,2016-09,408
underwater_12,,,,69,fixed,2016-11,2010-01,2015-09,2016-10,414
underwater_12,,,,70,fixed,2016-12,2010-01,2015-10,2016-11,420
underwater_12,,,,71,fixed,2017-01,2010-01,2015-11,2016-12,426
underwater_12,,,,72,fixed,2017-02,2010-01,2015-12,2017-01,432
underwater_12,,,,73,fixed,2017-03,2010-01,2016-01,2017-02,438
underwater_12,,,,74,fixed,2017-04,2010-01,2016-02,2017-03,444
underwater_12,,,,75,fixed,2017-05,2010-01,2016-03,2017-04,450
underwater_12,,,,76,fixed,2017-06,2010-01,2016-04,2017-05,456
underwater_12,,,,77,fixed,2017-07,2010-01,2016-05,2017-06,462
underwater_12,,,,78,fixed,2017-08,2010-01,2016-06,2017-07,468
underwater_12,,,,79,fixed,2017-09,2010-01,2016-07,2017-08,474
underwater_12,,,,80,fixed,2017-10,2010-01,2016-08,2017-09,480
underwater_12,,,,81,fixed,2017-11,2010-01,2016-09,2017-10,486
underwater_12,,,,82,fixed,2017-12,2010-01,2016-10,2017-11,492
underwater_12,,,,83,fixed,2018-01,2010-01,2016-11,2017-12,498
underwater_12,,,,84,fixed,2018-02,2010-01,2016-12,2018-01,504
underwater_12,,,,85,fixed,2018-03,2010-01,2017-01,2018-02,510
underwater_12,,,,86,fixed,2018-04,2010-01,2017-02,2018-03,516
underwater_12,,,,87,fixed,2018-05,2010-01,2017-03,2018-04,522
underwater_12,,,,88,fixed,2018-06,2010-01,2017-04,2018-05,528
underwater_12,,,,89,fixed,2018-07,2010-01,2017-05,2018-06,534
underwater_12,,,,90,fixed,2018-08,2010-01,2017-06,2018-07,540
underwater_12,,,,91,fixed,2018-09,2010-01,2017-07,2018-08,546
underwater_12,,,,92,fixed,2018-10,2010-01,2017-08,2018-09,552
underwater_12,,,,93,fixed,2018-11,2010-01,2017-09,2018-10,558
underwater_12,,,,94,fixed,2018-12,2010-01,2017-10,2018-11,564
underwater_12,,,,95,fixed,2019-01,2010-01,2017-11,2018-12,570
underwater_12,,,,96,fixed,2019-02,2010-01,2017-12,2019-01,576
underwater_12,,,,97,fixed,2019-03,2010-01,2018-01,2019-02,582
underwater_12,,,,98,fixed,2019-04,2010-01,2018-02,2019-03,588
underwater_12,,,,99,fixed,2019-05,2010-01,2018-03,2019-04,594
underwater_12,,,,100,fixed,2019-06,2010-01,2018-04,2019-05,600
underwater_12,,,,101,fixed,2019-07,2010-01,2018-05,2019-06,606
underwater_12,,,,102,fixed,2019-08,2010-01,2018-06,2019-07,612
underwater_12,,,,103,fixed,2019-09,2010-01,2018-07,2019-08,618
underwater_12,,,,104,fixed,2019-10,2010-01,2018-08,2019-09,624
underwater_12,,,,105,fixed,2019-11,2010-01,2018-09,2019-10,630
underwater_12,,,,106,fixed,2019-12,2010-01,2018-10,2019-11,636
underwater_12,,,,107,fixed,2020-01,2010-01,2018-11,2019-12,642
underwater_12,,,,108,fixed,2020-02,2010-01,2018-12,2020-01,648
underwater_12,,,,109,fixed,2020-03,2010-01,2019-01,2020-02,654
underwater_12,,,,110,fixed,2020-04,2010-01,2019-02,2020-03,660
underwater_12,,,,111,fixed,2020-05,2010-01,2019-03,2020-04,666
underwater_12,,,,112,fixed,2020-06,2010-01,2019-04,2020-05,672
underwater_12,,,,113,fixed,2020-07,2010-01,2019-05,2020-06,678
underwater_12,,,,114,fixed,2020-08,2010-01,2019-06,2020-07,684
underwater_12,,,,115,fixed,2020-09,2010-01,2019-07,2020-08,690
underwater_12,,,,116,fixed,2020-10,2010-01,2019-08,2020-09,696
underwater_12,,,,117,fixed,2020-11,2010-01,2019-09,2020-10,702
underwater_12,,,,118,fixed,2020-12,2010-01,2019-10,2020-11,708
underwater_12,,,,119,fixed,2021-01,2010-01,2019-11,2020-12,714
underwater_12,,,,120,fixed,2021-02,2010-01,2019-12,2021-01,720
underwater_12,,,,121,fixed,2021-03,2010-01,2020-01,2021-02,726
underwater_12,,,,122,fixed,2021-04,2010-01,2020-02,2021-03,732
underwater_12,,,,123,fixed,2021-05,2010-01,2020-03,2021-04,738
underwater_12,,,,124,fixed,2021-06,2010-01,2020-04,2021-05,744
underwater_12,,,,125,fixed,2021-07,2010-01,2020-05,2021-06,750
underwater_12,,,,126,fixed,2021-08,2010-01,2020-06,2021-07,756
underwater_12,,,,127,fixed,2021-09,2010-01,2020-07,2021-08,762
underwater_12,,,,128,fixed,2021-10,2010-01,2020-08,2021-09,768
underwater_12,,,,129,fixed,2021-11,2010-01,2020-09,2021-10,774
underwater_12,,,,130,fixed,2021-12,2010-01,2020-10,2021-11,780
underwater_12,,,,131,fixed,2022-01,2010-01,2020-11,2021-12,786
underwater_12,,,,132,fixed,2022-02,2010-01,2020-12,2022-01,792
underwater_12,,,,133,fixed,2022-03,2010-01,2021-01,2022-02,798
underwater_12,,,,134,fixed,2022-04,2010-01,2021-02,2022-03,804
underwater_12,,,,135,fixed,2022-05,2010-01,2021-03,2022-04,810
underwater_12,,,,136,fixed,2022-06,2010-01,2021-04,2022-05,816
underwater_12,,,,137,fixed,2022-07,2010-01,2021-05,2022-06,822
underwater_12,,,,138,fixed,2022-08,2010-01,2021-06,2022-07,828
underwater_12,,,,139,fixed,2022-09,2010-01,2021-07,2022-08,834
underwater_12,,,,140,fixed,2022-10,2010-01,2021-08,2022-09,840
underwater_12,,,,141,fixed,2022-11,2010-01,2021-09,2022-10,846
underwater_12,,,,142,fixed,2022-12,2010-01,2021-10,2022-11,852
underwater_12,,,,143,fixed,2023-01,2010-01,2021-11,2022-12,858
underwater_12,,,,144,fixed,2023-02,2010-01,2021-12,2023-01,864
underwater_12,,,,145,fixed,2023-03,2010-01,2022-01,2023-02,870
underwater_12,,,,146,fixed,2023-04,2010-01,2022-02,2023-03,876
underwater_12,,,,147,fixed,2023-05,2010-01,2022-03,2023-04,882
underwater_12,,,,148,fixed,2023-06,2010-01,2022-04,2023-05,888
underwater_12,,,,149,fixed,2023-07,2010-01,2022-05,2023-06,894
underwater_12,,,,150,fixed,2023-08,2010-01,2022-06,2023-07,900
underwater_12,,,,151,fixed,2023-09,2010-01,2022-07,2023-08,906
underwater_12,,,,152,fixed,2023-10,2010-01,2022-08,2023-09,912
underwater_12,,,,153,fixed,2023-11,2010-01,2022-09,2023-10,918
underwater_12,,,,154,fixed,2023-12,2010-01,2022-10,2023-11,924
underwater_12,,,,155,fixed,2024-01,2010-01,2022-11,2023-12,930
underwater_12,,,,156,fixed,2024-02,2010-01,2022-12,2024-01,936
underwater_12,,,,157,fixed,2024-03,2010-01,2023-01,2024-02,942
underwater_12,,,,158,fixed,2024-04,2010-01,2023-02,2024-03,948
underwater_12,,,,159,fixed,2024-05,2010-01,2023-03,2024-04,954
underwater_12,,,,160,fixed,2024-06,2010-01,2023-04,2024-05,960
underwater_12,,,,161,fixed,2024-07,2010-01,2023-05,2024-06,966
underwater_12,,,,162,fixed,2024-08,2010-01,2023-06,2024-07,972
underwater_12,,,,163,fixed,2024-09,2010-01,2023-07,2024-08,978
underwater_12,,,,164,fixed,2024-10,2010-01,2023-08,2024-09,984
underwater_12,,,,165,fixed,2024-11,2010-01,2023-09,2024-10,990
underwater_12,,,,166,fixed,2024-12,2010-01,2023-10,2024-11,996
underwater_12,,,,167,fixed,2025-01,2010-01,2023-11,2024-12,1002
underwater_12,,,,168,fixed,2025-02,2010-01,2023-12,2025-01,1008
underwater_12,,,,169,fixed,2025-03,2010-01,2024-01,2025-02,1014
underwater_12,,,,170,fixed,2025-04,2010-01,2024-02,2025-03,1020
underwater_12,,,,171,fixed,2025-05,2010-01,2024-03,2025-04,1026
underwater_12,,,,172,fixed,2025-06,2010-01,2024-04,2025-05,1032
underwater_12,,,,173,fixed,2025-07,2010-01,2024-05,2025-06,1038
underwater_12,,,,174,fixed,2025-08,2010-01,2024-06,2025-07,1044
underwater_12,,,,175,fixed,2025-09,2010-01,2024-07,2025-08,1050
underwater_12,,,,176,fixed,2025-10,2010-01,2024-08,2025-09,1056
underwater_12,,,,177,fixed,2025-11,2010-01,2024-09,2025-10,1062
underwater_12,,,,178,fixed,2025-12,2010-01,2024-10,2025-11,1068
underwater_12,,,,179,fixed,2026-01,2010-01,2024-11,2025-12,1074
underwater_12,,,,180,fixed,2026-02,2010-01,2024-12,2026-01,1080
underwater_12,,,,181,fixed,2026-03,2010-01,2025-01,2026-02,1086
underwater_12,,,,182,fixed,2026-04,2010-01,2025-02,2026-03,1092
underwater_12,,,,183,fixed,2026-05,2010-01,2025-03,2026-04,1098
underwater_12,,,,184,fixed,2026-06,2010-01,2025-04,2026-05,1104
underwater_12,,,,185,fixed,2026-07,2010-01,2025-05,2026-06,1110
underwater_12,,,,186,fixed,2026-08,2010-01,2025-06,2026-07,1116
underwater_12,,,,36,dynamic,2014-02,2010-01,2012-12,2014-01,216
underwater_12,,,,37,dynamic,2014-03,2010-01,2013-01,2014-02,222
underwater_12,,,,38,dynamic,2014-04,2010-01,2013-02,2014-03,228
underwater_12,,,,39,dynamic,2014-05,2010-01,2013-03,2014-04,234
underwater_12,,,,40,dynamic,2014-06,2010-01,2013-04,2014-05,240
underwater_12,,,,41,dynamic,2014-07,2010-01,2013-05,2014-06,246
underwater_12,,,,42,dynamic,2014-08,2010-01,2013-06,2014-07,252
underwater_12,,,,43,dynamic,2014-09,2010-01,2013-07,2014-08,258
underwater_12,,,,44,dynamic,2014-10,2010-01,2013-08,2014-09,264
underwater_12,,,,45,dynamic,2014-11,2010-01,2013-09,2014-10,270
underwater_12,,,,46,dynamic,2014-12,2010-01,2013-10,2014-11,276
underwater_12,,,,47,dynamic,2015-01,2010-01,2013-11,2014-12,282
underwater_12,,,,48,dynamic,2015-02,2010-01,2013-12,2015-01,288
underwater_12,,,,49,dynamic,2015-03,2010-01,2014-01,2015-02,294
underwater_12,,,,50,dynamic,2015-04,2010-01,2014-02,2015-03,300
underwater_12,,,,51,dynamic,2015-05,2010-01,2014-03,2015-04,306
underwater_12,,,,52,dynamic,2015-06,2010-01,2014-04,2015-05,312
underwater_12,,,,53,dynamic,2015-07,2010-01,2014-05,2015-06,318
underwater_12,,,,54,dynamic,2015-08,2010-01,2014-06,2015-07,324
underwater_12,,,,55,dynamic,2015-09,2010-01,2014-07,2015-08,330
underwater_12,,,,56,dynamic,2015-10,2010-01,2014-08,2015-09,336
underwater_12,,,,57,dynamic,2015-11,2010-01,2014-09,2015-10,342
underwater_12,,,,58,dynamic,2015-12,2010-01,2014-10,2015-11,348
underwater_12,,,,59,dynamic,2016-01,2010-01,2014-11,2015-12,354
underwater_12,,,,60,dynamic,2016-02,2010-01,2014-12,2016-01,360
underwater_12,,,,61,dynamic,2016-03,2010-01,2015-01,2016-02,366
underwater_12,,,,62,dynamic,2016-04,2010-01,2015-02,2016-03,372
underwater_12,,,,63,dynamic,2016-05,2010-01,2015-03,2016-04,378
underwater_12,,,,64,dynamic,2016-06,2010-01,2015-04,2016-05,384
underwater_12,,,,65,dynamic,2016-07,2010-01,2015-05,2016-06,390
underwater_12,,,,66,dynamic,2016-08,2010-01,2015-06,2016-07,396
underwater_12,,,,67,dynamic,2016-09,2010-01,2015-07,2016-08,402
underwater_12,,,,68,dynamic,2016-10,2010-01,2015-08,2016-09,408
underwater_12,,,,69,dynamic,2016-11,2010-01,2015-09,2016-10,414
underwater_12,,,,70,dynamic,2016-12,2010-01,2015-10,2016-11,420
underwater_12,,,,71,dynamic,2017-01,2010-01,2015-11,2016-12,426
underwater_12,,,,72,dynamic,2017-02,2010-01,2015-12,2017-01,432
underwater_12,,,,73,dynamic,2017-03,2010-01,2016-01,2017-02,438
underwater_12,,,,74,dynamic,2017-04,2010-01,2016-02,2017-03,444
underwater_12,,,,75,dynamic,2017-05,2010-01,2016-03,2017-04,450
underwater_12,,,,76,dynamic,2017-06,2010-01,2016-04,2017-05,456
underwater_12,,,,77,dynamic,2017-07,2010-01,2016-05,2017-06,462
underwater_12,,,,78,dynamic,2017-08,2010-01,2016-06,2017-07,468
underwater_12,,,,79,dynamic,2017-09,2010-01,2016-07,2017-08,474
underwater_12,,,,80,dynamic,2017-10,2010-01,2016-08,2017-09,480
underwater_12,,,,81,dynamic,2017-11,2010-01,2016-09,2017-10,486
underwater_12,,,,82,dynamic,2017-12,2010-01,2016-10,2017-11,492
underwater_12,,,,83,dynamic,2018-01,2010-01,2016-11,2017-12,498
underwater_12,,,,84,dynamic,2018-02,2010-01,2016-12,2018-01,504
underwater_12,,,,85,dynamic,2018-03,2010-01,2017-01,2018-02,510
underwater_12,,,,86,dynamic,2018-04,2010-01,2017-02,2018-03,516
underwater_12,,,,87,dynamic,2018-05,2010-01,2017-03,2018-04,522
underwater_12,,,,88,dynamic,2018-06,2010-01,2017-04,2018-05,528
underwater_12,,,,89,dynamic,2018-07,2010-01,2017-05,2018-06,534
underwater_12,,,,90,dynamic,2018-08,2010-01,2017-06,2018-07,540
underwater_12,,,,91,dynamic,2018-09,2010-01,2017-07,2018-08,546
underwater_12,,,,92,dynamic,2018-10,2010-01,2017-08,2018-09,552
underwater_12,,,,93,dynamic,2018-11,2010-01,2017-09,2018-10,558
underwater_12,,,,94,dynamic,2018-12,2010-01,2017-10,2018-11,564
underwater_12,,,,95,dynamic,2019-01,2010-01,2017-11,2018-12,570
underwater_12,,,,96,dynamic,2019-02,2010-01,2017-12,2019-01,576
underwater_12,,,,97,dynamic,2019-03,2010-01,2018-01,2019-02,582
underwater_12,,,,98,dynamic,2019-04,2010-01,2018-02,2019-03,588
underwater_12,,,,99,dynamic,2019-05,2010-01,2018-03,2019-04,594
underwater_12,,,,100,dynamic,2019-06,2010-01,2018-04,2019-05,600
underwater_12,,,,101,dynamic,2019-07,2010-01,2018-05,2019-06,606
underwater_12,,,,102,dynamic,2019-08,2010-01,2018-06,2019-07,612
underwater_12,,,,103,dynamic,2019-09,2010-01,2018-07,2019-08,618
underwater_12,,,,104,dynamic,2019-10,2010-01,2018-08,2019-09,624
underwater_12,,,,105,dynamic,2019-11,2010-01,2018-09,2019-10,630
underwater_12,,,,106,dynamic,2019-12,2010-01,2018-10,2019-11,636
underwater_12,,,,107,dynamic,2020-01,2010-01,2018-11,2019-12,642
underwater_12,,,,108,dynamic,2020-02,2010-01,2018-12,2020-01,648
underwater_12,,,,109,dynamic,2020-03,2010-01,2019-01,2020-02,654
underwater_12,,,,110,dynamic,2020-04,2010-01,2019-02,2020-03,660
underwater_12,,,,111,dynamic,2020-05,2010-01,2019-03,2020-04,666
underwater_12,,,,112,dynamic,2020-06,2010-01,2019-04,2020-05,672
underwater_12,,,,113,dynamic,2020-07,2010-01,2019-05,2020-06,678
underwater_12,,,,114,dynamic,2020-08,2010-01,2019-06,2020-07,684
underwater_12,,,,115,dynamic,2020-09,2010-01,2019-07,2020-08,690
underwater_12,,,,116,dynamic,2020-10,2010-01,2019-08,2020-09,696
underwater_12,,,,117,dynamic,2020-11,2010-01,2019-09,2020-10,702
underwater_12,,,,118,dynamic,2020-12,2010-01,2019-10,2020-11,708
underwater_12,,,,119,dynamic,2021-01,2010-01,2019-11,2020-12,714
underwater_12,,,,120,dynamic,2021-02,2010-01,2019-12,2021-01,720
underwater_12,,,,121,dynamic,2021-03,2010-01,2020-01,2021-02,726
underwater_12,,,,122,dynamic,2021-04,2010-01,2020-02,2021-03,732
underwater_12,,,,123,dynamic,2021-05,2010-01,2020-03,2021-04,738
underwater_12,,,,124,dynamic,2021-06,2010-01,2020-04,2021-05,744
underwater_12,,,,125,dynamic,2021-07,2010-01,2020-05,2021-06,750
underwater_12,,,,126,dynamic,2021-08,2010-01,2020-06,2021-07,756
underwater_12,,,,127,dynamic,2021-09,2010-01,2020-07,2021-08,762
underwater_12,,,,128,dynamic,2021-10,2010-01,2020-08,2021-09,768
underwater_12,,,,129,dynamic,2021-11,2010-01,2020-09,2021-10,774
underwater_12,,,,130,dynamic,2021-12,2010-01,2020-10,2021-11,780
underwater_12,,,,131,dynamic,2022-01,2010-01,2020-11,2021-12,786
underwater_12,,,,132,dynamic,2022-02,2010-01,2020-12,2022-01,792
underwater_12,,,,133,dynamic,2022-03,2010-01,2021-01,2022-02,798
underwater_12,,,,134,dynamic,2022-04,2010-01,2021-02,2022-03,804
underwater_12,,,,135,dynamic,2022-05,2010-01,2021-03,2022-04,810
underwater_12,,,,136,dynamic,2022-06,2010-01,2021-04,2022-05,816
underwater_12,,,,137,dynamic,2022-07,2010-01,2021-05,2022-06,822
underwater_12,,,,138,dynamic,2022-08,2010-01,2021-06,2022-07,828
underwater_12,,,,139,dynamic,2022-09,2010-01,2021-07,2022-08,834
underwater_12,,,,140,dynamic,2022-10,2010-01,2021-08,2022-09,840
underwater_12,,,,141,dynamic,2022-11,2010-01,2021-09,2022-10,846
underwater_12,,,,142,dynamic,2022-12,2010-01,2021-10,2022-11,852
underwater_12,,,,143,dynamic,2023-01,2010-01,2021-11,2022-12,858
underwater_12,,,,144,dynamic,2023-02,2010-01,2021-12,2023-01,864
underwater_12,,,,145,dynamic,2023-03,2010-01,2022-01,2023-02,870
underwater_12,,,,146,dynamic,2023-04,2010-01,2022-02,2023-03,876
underwater_12,,,,147,dynamic,2023-05,2010-01,2022-03,2023-04,882
underwater_12,,,,148,dynamic,2023-06,2010-01,2022-04,2023-05,888
underwater_12,,,,149,dynamic,2023-07,2010-01,2022-05,2023-06,894
underwater_12,,,,150,dynamic,2023-08,2010-01,2022-06,2023-07,900
underwater_12,,,,151,dynamic,2023-09,2010-01,2022-07,2023-08,906
underwater_12,,,,152,dynamic,2023-10,2010-01,2022-08,2023-09,912
underwater_12,,,,153,dynamic,2023-11,2010-01,2022-09,2023-10,918
underwater_12,,,,154,dynamic,2023-12,2010-01,2022-10,2023-11,924
underwater_12,,,,155,dynamic,2024-01,2010-01,2022-11,2023-12,930
underwater_12,,,,156,dynamic,2024-02,2010-01,2022-12,2024-01,936
underwater_12,,,,157,dynamic,2024-03,2010-01,2023-01,2024-02,942
underwater_12,,,,158,dynamic,2024-04,2010-01,2023-02,2024-03,948
underwater_12,,,,159,dynamic,2024-05,2010-01,2023-03,2024-04,954
underwater_12,,,,160,dynamic,2024-06,2010-01,2023-04,2024-05,960
underwater_12,,,,161,dynamic,2024-07,2010-01,2023-05,2024-06,966
underwater_12,,,,162,dynamic,2024-08,2010-01,2023-06,2024-07,972
underwater_12,,,,163,dynamic,2024-09,2010-01,2023-07,2024-08,978
underwater_12,,,,164,dynamic,2024-10,2010-01,2023-08,2024-09,984
underwater_12,,,,165,dynamic,2024-11,2010-01,2023-09,2024-10,990
underwater_12,,,,166,dynamic,2024-12,2010-01,2023-10,2024-11,996
underwater_12,,,,167,dynamic,2025-01,2010-01,2023-11,2024-12,1002
underwater_12,,,,168,dynamic,2025-02,2010-01,2023-12,2025-01,1008
underwater_12,,,,169,dynamic,2025-03,2010-01,2024-01,2025-02,1014
underwater_12,,,,170,dynamic,2025-04,2010-01,2024-02,2025-03,1020
underwater_12,,,,171,dynamic,2025-05,2010-01,2024-03,2025-04,1026
underwater_12,,,,172,dynamic,2025-06,2010-01,2024-04,2025-05,1032
underwater_12,,,,173,dynamic,2025-07,2010-01,2024-05,2025-06,1038
underwater_12,,,,174,dynamic,2025-08,2010-01,2024-06,2025-07,1044
underwater_12,,,,175,dynamic,2025-09,2010-01,2024-07,2025-08,1050
underwater_12,,,,176,dynamic,2025-10,2010-01,2024-08,2025-09,1056
underwater_12,,,,177,dynamic,2025-11,2010-01,2024-09,2025-10,1062
underwater_12,,,,178,dynamic,2025-12,2010-01,2024-10,2025-11,1068
underwater_12,,,,179,dynamic,2026-01,2010-01,2024-11,2025-12,1074
underwater_12,,,,180,dynamic,2026-02,2010-01,2024-12,2026-01,1080
underwater_12,,,,181,dynamic,2026-03,2010-01,2025-01,2026-02,1086
underwater_12,,,,182,dynamic,2026-04,2010-01,2025-02,2026-03,1092
underwater_12,,,,183,dynamic,2026-05,2010-01,2025-03,2026-04,1098
underwater_12,,,,184,dynamic,2026-06,2010-01,2025-04,2026-05,1104
underwater_12,,,,185,dynamic,2026-07,2010-01,2025-05,2026-06,1110
underwater_12,,,,186,dynamic,2026-08,2010-01,2025-06,2026-07,1116
underwater_12,,,,36,annual,2014-02,2010-01,2012-12,2014-01,216
underwater_12,,,,37,annual,2014-03,2010-01,2013-01,2014-02,222
underwater_12,,,,38,annual,2014-04,2010-01,2013-02,2014-03,228
underwater_12,,,,39,annual,2014-05,2010-01,2013-03,2014-04,234
underwater_12,,,,40,annual,2014-06,2010-01,2013-04,2014-05,240
underwater_12,,,,41,annual,2014-07,2010-01,2013-05,2014-06,246
underwater_12,,,,42,annual,2014-08,2010-01,2013-06,2014-07,252
underwater_12,,,,43,annual,2014-09,2010-01,2013-07,2014-08,258
underwater_12,,,,44,annual,2014-10,2010-01,2013-08,2014-09,264
underwater_12,,,,45,annual,2014-11,2010-01,2013-09,2014-10,270
underwater_12,,,,46,annual,2014-12,2010-01,2013-10,2014-11,276
underwater_12,,,,47,annual,2015-01,2010-01,2013-11,2014-12,282
underwater_12,,,,48,annual,2015-02,2010-01,2013-12,2015-01,288
underwater_12,,,,49,annual,2015-03,2010-01,2014-01,2015-02,294
underwater_12,,,,50,annual,2015-04,2010-01,2014-02,2015-03,300
underwater_12,,,,51,annual,2015-05,2010-01,2014-03,2015-04,306
underwater_12,,,,52,annual,2015-06,2010-01,2014-04,2015-05,312
underwater_12,,,,53,annual,2015-07,2010-01,2014-05,2015-06,318
underwater_12,,,,54,annual,2015-08,2010-01,2014-06,2015-07,324
underwater_12,,,,55,annual,2015-09,2010-01,2014-07,2015-08,330
underwater_12,,,,56,annual,2015-10,2010-01,2014-08,2015-09,336
underwater_12,,,,57,annual,2015-11,2010-01,2014-09,2015-10,342
underwater_12,,,,58,annual,2015-12,2010-01,2014-10,2015-11,348
underwater_12,,,,59,annual,2016-01,2010-01,2014-11,2015-12,354
underwater_12,,,,60,annual,2016-02,2010-01,2014-12,2016-01,360
underwater_12,,,,61,annual,2016-03,2010-01,2015-01,2016-02,366
underwater_12,,,,62,annual,2016-04,2010-01,2015-02,2016-03,372
underwater_12,,,,63,annual,2016-05,2010-01,2015-03,2016-04,378
underwater_12,,,,64,annual,2016-06,2010-01,2015-04,2016-05,384
underwater_12,,,,65,annual,2016-07,2010-01,2015-05,2016-06,390
underwater_12,,,,66,annual,2016-08,2010-01,2015-06,2016-07,396
underwater_12,,,,67,annual,2016-09,2010-01,2015-07,2016-08,402
underwater_12,,,,68,annual,2016-10,2010-01,2015-08,2016-09,408
underwater_12,,,,69,annual,2016-11,2010-01,2015-09,2016-10,414
underwater_12,,,,70,annual,2016-12,2010-01,2015-10,2016-11,420
underwater_12,,,,71,annual,2017-01,2010-01,2015-11,2016-12,426
underwater_12,,,,72,annual,2017-02,2010-01,2015-12,2017-01,432
underwater_12,,,,73,annual,2017-03,2010-01,2016-01,2017-02,438
underwater_12,,,,74,annual,2017-04,2010-01,2016-02,2017-03,444
underwater_12,,,,75,annual,2017-05,2010-01,2016-03,2017-04,450
underwater_12,,,,76,annual,2017-06,2010-01,2016-04,2017-05,456
underwater_12,,,,77,annual,2017-07,2010-01,2016-05,2017-06,462
underwater_12,,,,78,annual,2017-08,2010-01,2016-06,2017-07,468
underwater_12,,,,79,annual,2017-09,2010-01,2016-07,2017-08,474
underwater_12,,,,80,annual,2017-10,2010-01,2016-08,2017-09,480
underwater_12,,,,81,annual,2017-11,2010-01,2016-09,2017-10,486
underwater_12,,,,82,annual,2017-12,2010-01,2016-10,2017-11,492
underwater_12,,,,83,annual,2018-01,2010-01,2016-11,2017-12,498
underwater_12,,,,84,annual,2018-02,2010-01,2016-12,2018-01,504
underwater_12,,,,85,annual,2018-03,2010-01,2017-01,2018-02,510
underwater_12,,,,86,annual,2018-04,2010-01,2017-02,2018-03,516
underwater_12,,,,87,annual,2018-05,2010-01,2017-03,2018-04,522
underwater_12,,,,88,annual,2018-06,2010-01,2017-04,2018-05,528
underwater_12,,,,89,annual,2018-07,2010-01,2017-05,2018-06,534
underwater_12,,,,90,annual,2018-08,2010-01,2017-06,2018-07,540
underwater_12,,,,91,annual,2018-09,2010-01,2017-07,2018-08,546
underwater_12,,,,92,annual,2018-10,2010-01,2017-08,2018-09,552
underwater_12,,,,93,annual,2018-11,2010-01,2017-09,2018-10,558
underwater_12,,,,94,annual,2018-12,2010-01,2017-10,2018-11,564
underwater_12,,,,95,annual,2019-01,2010-01,2017-11,2018-12,570
underwater_12,,,,96,annual,2019-02,2010-01,2017-12,2019-01,576
underwater_12,,,,97,annual,2019-03,2010-01,2018-01,2019-02,582
underwater_12,,,,98,annual,2019-04,2010-01,2018-02,2019-03,588
underwater_12,,,,99,annual,2019-05,2010-01,2018-03,2019-04,594
underwater_12,,,,100,annual,2019-06,2010-01,2018-04,2019-05,600
underwater_12,,,,101,annual,2019-07,2010-01,2018-05,2019-06,606
underwater_12,,,,102,annual,2019-08,2010-01,2018-06,2019-07,612
underwater_12,,,,103,annual,2019-09,2010-01,2018-07,2019-08,618
underwater_12,,,,104,annual,2019-10,2010-01,2018-08,2019-09,624
underwater_12,,,,105,annual,2019-11,2010-01,2018-09,2019-10,630
underwater_12,,,,106,annual,2019-12,2010-01,2018-10,2019-11,636
underwater_12,,,,107,annual,2020-01,2010-01,2018-11,2019-12,642
underwater_12,,,,108,annual,2020-02,2010-01,2018-12,2020-01,648
underwater_12,,,,109,annual,2020-03,2010-01,2019-01,2020-02,654
underwater_12,,,,110,annual,2020-04,2010-01,2019-02,2020-03,660
underwater_12,,,,111,annual,2020-05,2010-01,2019-03,2020-04,666
underwater_12,,,,112,annual,2020-06,2010-01,2019-04,2020-05,672
underwater_12,,,,113,annual,2020-07,2010-01,2019-05,2020-06,678
underwater_12,,,,114,annual,2020-08,2010-01,2019-06,2020-07,684
underwater_12,,,,115,annual,2020-09,2010-01,2019-07,2020-08,690
underwater_12,,,,116,annual,2020-10,2010-01,2019-08,2020-09,696
underwater_12,,,,117,annual,2020-11,2010-01,2019-09,2020-10,702
underwater_12,,,,118,annual,2020-12,2010-01,2019-10,2020-11,708
underwater_12,,,,119,annual,2021-01,2010-01,2019-11,2020-12,714
underwater_12,,,,120,annual,2021-02,2010-01,2019-12,2021-01,720
underwater_12,,,,121,annual,2021-03,2010-01,2020-01,2021-02,726
underwater_12,,,,122,annual,2021-04,2010-01,2020-02,2021-03,732
underwater_12,,,,123,annual,2021-05,2010-01,2020-03,2021-04,738
underwater_12,,,,124,annual,2021-06,2010-01,2020-04,2021-05,744
underwater_12,,,,125,annual,2021-07,2010-01,2020-05,2021-06,750
underwater_12,,,,126,annual,2021-08,2010-01,2020-06,2021-07,756
underwater_12,,,,127,annual,2021-09,2010-01,2020-07,2021-08,762
underwater_12,,,,128,annual,2021-10,2010-01,2020-08,2021-09,768
underwater_12,,,,129,annual,2021-11,2010-01,2020-09,2021-10,774
underwater_12,,,,130,annual,2021-12,2010-01,2020-10,2021-11,780
underwater_12,,,,131,annual,2022-01,2010-01,2020-11,2021-12,786
underwater_12,,,,132,annual,2022-02,2010-01,2020-12,2022-01,792
underwater_12,,,,133,annual,2022-03,2010-01,2021-01,2022-02,798
underwater_12,,,,134,annual,2022-04,2010-01,2021-02,2022-03,804
underwater_12,,,,135,annual,2022-05,2010-01,2021-03,2022-04,810
underwater_12,,,,136,annual,2022-06,2010-01,2021-04,2022-05,816
underwater_12,,,,137,annual,2022-07,2010-01,2021-05,2022-06,822
underwater_12,,,,138,annual,2022-08,2010-01,2021-06,2022-07,828
underwater_12,,,,139,annual,2022-09,2010-01,2021-07,2022-08,834
underwater_12,,,,140,annual,2022-10,2010-01,2021-08,2022-09,840
underwater_12,,,,141,annual,2022-11,2010-01,2021-09,2022-10,846
underwater_12,,,,142,annual,2022-12,2010-01,2021-10,2022-11,852
underwater_12,,,,143,annual,2023-01,2010-01,2021-11,2022-12,858
underwater_12,,,,144,annual,2023-02,2010-01,2021-12,2023-01,864
underwater_12,,,,145,annual,2023-03,2010-01,2022-01,2023-02,870
underwater_12,,,,146,annual,2023-04,2010-01,2022-02,2023-03,876
underwater_12,,,,147,annual,2023-05,2010-01,2022-03,2023-04,882
underwater_12,,,,148,annual,2023-06,2010-01,2022-04,2023-05,888
underwater_12,,,,149,annual,2023-07,2010-01,2022-05,2023-06,894
underwater_12,,,,150,annual,2023-08,2010-01,2022-06,2023-07,900
underwater_12,,,,151,annual,2023-09,2010-01,2022-07,2023-08,906
underwater_12,,,,152,annual,2023-10,2010-01,2022-08,2023-09,912
underwater_12,,,,153,annual,2023-11,2010-01,2022-09,2023-10,918
underwater_12,,,,154,annual,2023-12,2010-01,2022-10,2023-11,924
underwater_12,,,,155,annual,2024-01,2010-01,2022-11,2023-12,930
underwater_12,,,,156,annual,2024-02,2010-01,2022-12,2024-01,936
underwater_12,,,,157,annual,2024-03,2010-01,2023-01,2024-02,942
underwater_12,,,,158,annual,2024-04,2010-01,2023-02,2024-03,948
underwater_12,,,,159,annual,2024-05,2010-01,2023-03,2024-04,954
underwater_12,,,,160,annual,2024-06,2010-01,2023-04,2024-05,960
underwater_12,,,,161,annual,2024-07,2010-01,2023-05,2024-06,966
underwater_12,,,,162,annual,2024-08,2010-01,2023-06,2024-07,972
underwater_12,,,,163,annual,2024-09,2010-01,2023-07,2024-08,978
underwater_12,,,,164,annual,2024-10,2010-01,2023-08,2024-09,984
underwater_12,,,,165,annual,2024-11,2010-01,2023-09,2024-10,990
underwater_12,,,,166,annual,2024-12,2010-01,2023-10,2024-11,996
underwater_12,,,,167,annual,2025-01,2010-01,2023-11,2024-12,1002
underwater_12,,,,168,annual,2025-02,2010-01,2023-12,2025-01,1008
underwater_12,,,,169,annual,2025-03,2010-01,2024-01,2025-02,1014
underwater_12,,,,170,annual,2025-04,2010-01,2024-02,2025-03,1020
underwater_12,,,,171,annual,2025-05,2010-01,2024-03,2025-04,1026
underwater_12,,,,172,annual,2025-06,2010-01,2024-04,2025-05,1032
underwater_12,,,,173,annual,2025-07,2010-01,2024-05,2025-06,1038
underwater_12,,,,174,annual,2025-08,2010-01,2024-06,2025-07,1044
underwater_12,,,,175,annual,2025-09,2010-01,2024-07,2025-08,1050
underwater_12,,,,176,annual,2025-10,2010-01,2024-08,2025-09,1056
underwater_12,,,,177,annual,2025-11,2010-01,2024-09,2025-10,1062
underwater_12,,,,178,annual,2025-12,2010-01,2024-10,2025-11,1068
underwater_12,,,,179,annual,2026-01,2010-01,2024-11,2025-12,1074
underwater_12,,,,180,annual,2026-02,2010-01,2024-12,2026-01,1080
underwater_12,,,,181,annual,2026-03,2010-01,2025-01,2026-02,1086
underwater_12,,,,182,annual,2026-04,2010-01,2025-02,2026-03,1092
underwater_12,,,,183,annual,2026-05,2010-01,2025-03,2026-04,1098
underwater_12,,,,184,annual,2026-06,2010-01,2025-04,2026-05,1104
underwater_12,,,,185,annual,2026-07,2010-01,2025-05,2026-06,1110
underwater_12,,,,186,annual,2026-08,2010-01,2025-06,2026-07,1116
underwater_12,,,,36,structure,2015-02,2011-01,2013-12,2015-01,216
underwater_12,,,,37,structure,2015-03,2011-01,2014-01,2015-02,222
underwater_12,,,,38,structure,2015-04,2011-01,2014-02,2015-03,228
underwater_12,,,,39,structure,2015-05,2011-01,2014-03,2015-04,234
underwater_12,,,,40,structure,2015-06,2011-01,2014-04,2015-05,240
underwater_12,,,,41,structure,2015-07,2011-01,2014-05,2015-06,246
underwater_12,,,,42,structure,2015-08,2011-01,2014-06,2015-07,252
underwater_12,,,,43,structure,2015-09,2011-01,2014-07,2015-08,258
underwater_12,,,,44,structure,2015-10,2011-01,2014-08,2015-09,264
underwater_12,,,,45,structure,2015-11,2011-01,2014-09,2015-10,270
underwater_12,,,,46,structure,2015-12,2011-01,2014-10,2015-11,276
underwater_12,,,,47,structure,2016-01,2011-01,2014-11,2015-12,282
underwater_12,,,,48,structure,2016-02,2011-01,2014-12,2016-01,288
underwater_12,,,,49,structure,2016-03,2011-01,2015-01,2016-02,294
underwater_12,,,,50,structure,2016-04,2011-01,2015-02,2016-03,300
underwater_12,,,,51,structure,2016-05,2011-01,2015-03,2016-04,306
underwater_12,,,,52,structure,2016-06,2011-01,2015-04,2016-05,312
underwater_12,,,,53,structure,2016-07,2011-01,2015-05,2016-06,318
underwater_12,,,,54,structure,2016-08,2011-01,2015-06,2016-07,324
underwater_12,,,,55,structure,2016-09,2011-01,2015-07,2016-08,330
underwater_12,,,,56,structure,2016-10,2011-01,2015-08,2016-09,336
underwater_12,,,,57,structure,2016-11,2011-01,2015-09,2016-10,342
underwater_12,,,,58,structure,2016-12,2011-01,2015-10,2016-11,348
underwater_12,,,,59,structure,2017-01,2011-01,2015-11,2016-12,354
underwater_12,,,,60,structure,2017-02,2011-01,2015-12,2017-01,360
underwater_12,,,,61,structure,2017-03,2011-01,2016-01,2017-02,366
underwater_12,,,,62,structure,2017-04,2011-01,2016-02,2017-03,372
underwater_12,,,,63,structure,2017-05,2011-01,2016-03,2017-04,378
underwater_12,,,,64,structure,2017-06,2011-01,2016-04,2017-05,384
underwater_12,,,,65,structure,2017-07,2011-01,2016-05,2017-06,390
underwater_12,,,,66,structure,2017-08,2011-01,2016-06,2017-07,396
underwater_12,,,,67,structure,2017-09,2011-01,2016-07,2017-08,402
underwater_12,,,,68,structure,2017-10,2011-01,2016-08,2017-09,408
underwater_12,,,,69,structure,2017-11,2011-01,2016-09,2017-10,414
underwater_12,,,,70,structure,2017-12,2011-01,2016-10,2017-11,420
underwater_12,,,,71,structure,2018-01,2011-01,2016-11,2017-12,426
underwater_12,,,,72,structure,2018-02,2011-01,2016-12,2018-01,432
underwater_12,,,,73,structure,2018-03,2011-01,2017-01,2018-02,438
underwater_12,,,,74,structure,2018-04,2011-01,2017-02,2018-03,444
underwater_12,,,,75,structure,2018-05,2011-01,2017-03,2018-04,450
underwater_12,,,,76,structure,2018-06,2011-01,2017-04,2018-05,456
underwater_12,,,,77,structure,2018-07,2011-01,2017-05,2018-06,462
underwater_12,,,,78,structure,2018-08,2011-01,2017-06,2018-07,468
underwater_12,,,,79,structure,2018-09,2011-01,2017-07,2018-08,474
underwater_12,,,,80,structure,2018-10,2011-01,2017-08,2018-09,480
underwater_12,,,,81,structure,2018-11,2011-01,2017-09,2018-10,486
underwater_12,,,,82,structure,2018-12,2011-01,2017-10,2018-11,492
underwater_12,,,,83,structure,2019-01,2011-01,2017-11,2018-12,498
underwater_12,,,,84,structure,2019-02,2011-01,2017-12,2019-01,504
underwater_12,,,,85,structure,2019-03,2011-01,2018-01,2019-02,510
underwater_12,,,,86,structure,2019-04,2011-01,2018-02,2019-03,516
underwater_12,,,,87,structure,2019-05,2011-01,2018-03,2019-04,522
underwater_12,,,,88,structure,2019-06,2011-01,2018-04,2019-05,528
underwater_12,,,,89,structure,2019-07,2011-01,2018-05,2019-06,534
underwater_12,,,,90,structure,2019-08,2011-01,2018-06,2019-07,540
underwater_12,,,,91,structure,2019-09,2011-01,2018-07,2019-08,546
underwater_12,,,,92,structure,2019-10,2011-01,2018-08,2019-09,552
underwater_12,,,,93,structure,2019-11,2011-01,2018-09,2019-10,558
underwater_12,,,,94,structure,2019-12,2011-01,2018-10,2019-11,564
underwater_12,,,,95,structure,2020-01,2011-01,2018-11,2019-12,570
underwater_12,,,,96,structure,2020-02,2011-01,2018-12,2020-01,576
underwater_12,,,,97,structure,2020-03,2011-01,2019-01,2020-02,582
underwater_12,,,,98,structure,2020-04,2011-01,2019-02,2020-03,588
underwater_12,,,,99,structure,2020-05,2011-01,2019-03,2020-04,594
underwater_12,,,,100,structure,2020-06,2011-01,2019-04,2020-05,600
underwater_12,,,,101,structure,2020-07,2011-01,2019-05,2020-06,606
underwater_12,,,,102,structure,2020-08,2011-01,2019-06,2020-07,612
underwater_12,,,,103,structure,2020-09,2011-01,2019-07,2020-08,618
underwater_12,,,,104,structure,2020-10,2011-01,2019-08,2020-09,624
underwater_12,,,,105,structure,2020-11,2011-01,2019-09,2020-10,630
underwater_12,,,,106,structure,2020-12,2011-01,2019-10,2020-11,636
underwater_12,,,,107,structure,2021-01,2011-01,2019-11,2020-12,642
underwater_12,,,,108,structure,2021-02,2011-01,2019-12,2021-01,648
underwater_12,,,,109,structure,2021-03,2011-01,2020-01,2021-02,654
underwater_12,,,,110,structure,2021-04,2011-01,2020-02,2021-03,660
underwater_12,,,,111,structure,2021-05,2011-01,2020-03,2021-04,666
underwater_12,,,,112,structure,2021-06,2011-01,2020-04,2021-05,672
underwater_12,,,,113,structure,2021-07,2011-01,2020-05,2021-06,678
underwater_12,,,,114,structure,2021-08,2011-01,2020-06,2021-07,684
underwater_12,,,,115,structure,2021-09,2011-01,2020-07,2021-08,690
underwater_12,,,,116,structure,2021-10,2011-01,2020-08,2021-09,696
underwater_12,,,,117,structure,2021-11,2011-01,2020-09,2021-10,702
underwater_12,,,,118,structure,2021-12,2011-01,2020-10,2021-11,708
underwater_12,,,,119,structure,2022-01,2011-01,2020-11,2021-12,714
underwater_12,,,,120,structure,2022-02,2011-01,2020-12,2022-01,720
underwater_12,,,,121,structure,2022-03,2011-01,2021-01,2022-02,726
underwater_12,,,,122,structure,2022-04,2011-01,2021-02,2022-03,732
underwater_12,,,,123,structure,2022-05,2011-01,2021-03,2022-04,738
underwater_12,,,,124,structure,2022-06,2011-01,2021-04,2022-05,744
underwater_12,,,,125,structure,2022-07,2011-01,2021-05,2022-06,750
underwater_12,,,,126,structure,2022-08,2011-01,2021-06,2022-07,756
underwater_12,,,,127,structure,2022-09,2011-01,2021-07,2022-08,762
underwater_12,,,,128,structure,2022-10,2011-01,2021-08,2022-09,768
underwater_12,,,,129,structure,2022-11,2011-01,2021-09,2022-10,774
underwater_12,,,,130,structure,2022-12,2011-01,2021-10,2022-11,780
underwater_12,,,,131,structure,2023-01,2011-01,2021-11,2022-12,786
underwater_12,,,,132,structure,2023-02,2011-01,2021-12,2023-01,792
underwater_12,,,,133,structure,2023-03,2011-01,2022-01,2023-02,798
underwater_12,,,,134,structure,2023-04,2011-01,2022-02,2023-03,804
underwater_12,,,,135,structure,2023-05,2011-01,2022-03,2023-04,810
underwater_12,,,,136,structure,2023-06,2011-01,2022-04,2023-05,816
underwater_12,,,,137,structure,2023-07,2011-01,2022-05,2023-06,822
underwater_12,,,,138,structure,2023-08,2011-01,2022-06,2023-07,828
underwater_12,,,,139,structure,2023-09,2011-01,2022-07,2023-08,834
underwater_12,,,,140,structure,2023-10,2011-01,2022-08,2023-09,840
underwater_12,,,,141,structure,2023-11,2011-01,2022-09,2023-10,846
underwater_12,,,,142,structure,2023-12,2011-01,2022-10,2023-11,852
underwater_12,,,,143,structure,2024-01,2011-01,2022-11,2023-12,858
underwater_12,,,,144,structure,2024-02,2011-01,2022-12,2024-01,864
underwater_12,,,,145,structure,2024-03,2011-01,2023-01,2024-02,870
underwater_12,,,,146,structure,2024-04,2011-01,2023-02,2024-03,876
underwater_12,,,,147,structure,2024-05,2011-01,2023-03,2024-04,882
underwater_12,,,,148,structure,2024-06,2011-01,2023-04,2024-05,888
underwater_12,,,,149,structure,2024-07,2011-01,2023-05,2024-06,894
underwater_12,,,,150,structure,2024-08,2011-01,2023-06,2024-07,900
underwater_12,,,,151,structure,2024-09,2011-01,2023-07,2024-08,906
underwater_12,,,,152,structure,2024-10,2011-01,2023-08,2024-09,912
underwater_12,,,,153,structure,2024-11,2011-01,2023-09,2024-10,918
underwater_12,,,,154,structure,2024-12,2011-01,2023-10,2024-11,924
underwater_12,,,,155,structure,2025-01,2011-01,2023-11,2024-12,930
underwater_12,,,,156,structure,2025-02,2011-01,2023-12,2025-01,936
underwater_12,,,,157,structure,2025-03,2011-01,2024-01,2025-02,942
underwater_12,,,,158,structure,2025-04,2011-01,2024-02,2025-03,948
underwater_12,,,,159,structure,2025-05,2011-01,2024-03,2025-04,954
underwater_12,,,,160,structure,2025-06,2011-01,2024-04,2025-05,960
underwater_12,,,,161,structure,2025-07,2011-01,2024-05,2025-06,966
underwater_12,,,,162,structure,2025-08,2011-01,2024-06,2025-07,972
underwater_12,,,,163,structure,2025-09,2011-01,2024-07,2025-08,978
underwater_12,,,,164,structure,2025-10,2011-01,2024-08,2025-09,984
underwater_12,,,,165,structure,2025-11,2011-01,2024-09,2025-10,990
underwater_12,,,,166,structure,2025-12,2011-01,2024-10,2025-11,996
underwater_12,,,,167,structure,2026-01,2011-01,2024-11,2025-12,1002
underwater_12,,,,168,structure,2026-02,2011-01,2024-12,2026-01,1008
underwater_12,,,,169,structure,2026-03,2011-01,2025-01,2026-02,1014
underwater_12,,,,170,structure,2026-04,2011-01,2025-02,2026-03,1020
underwater_12,,,,171,structure,2026-05,2011-01,2025-03,2026-04,1026
underwater_12,,,,172,structure,2026-06,2011-01,2025-04,2026-05,1032
underwater_12,,,,173,structure,2026-07,2011-01,2025-05,2026-06,1038
underwater_12,,,,174,structure,2026-08,2011-01,2025-06,2026-07,1044
underwater_12,,,,36,All,2015-02,2011-01,2013-12,2015-01,216
underwater_12,,,,37,All,2015-03,2011-01,2014-01,2015-02,222
underwater_12,,,,38,All,2015-04,2011-01,2014-02,2015-03,228
underwater_12,,,,39,All,2015-05,2011-01,2014-03,2015-04,234
underwater_12,,,,40,All,2015-06,2011-01,2014-04,2015-05,240
underwater_12,,,,41,All,2015-07,2011-01,2014-05,2015-06,246
underwater_12,,,,42,All,2015-08,2011-01,2014-06,2015-07,252
underwater_12,,,,43,All,2015-09,2011-01,2014-07,2015-08,258
underwater_12,,,,44,All,2015-10,2011-01,2014-08,2015-09,264
underwater_12,,,,45,All,2015-11,2011-01,2014-09,2015-10,270
underwater_12,,,,46,All,2015-12,2011-01,2014-10,2015-11,276
underwater_12,,,,47,All,2016-01,2011-01,2014-11,2015-12,282
underwater_12,,,,48,All,2016-02,2011-01,2014-12,2016-01,288
underwater_12,,,,49,All,2016-03,2011-01,2015-01,2016-02,294
underwater_12,,,,50,All,2016-04,2011-01,2015-02,2016-03,300
underwater_12,,,,51,All,2016-05,2011-01,2015-03,2016-04,306
underwater_12,,,,52,All,2016-06,2011-01,2015-04,2016-05,312
underwater_12,,,,53,All,2016-07,2011-01,2015-05,2016-06,318
underwater_12,,,,54,All,2016-08,2011-01,2015-06,2016-07,324
underwater_12,,,,55,All,2016-09,2011-01,2015-07,2016-08,330
underwater_12,,,,56,All,2016-10,2011-01,2015-08,2016-09,336
underwater_12,,,,57,All,2016-11,2011-01,2015-09,2016-10,342
underwater_12,,,,58,All,2016-12,2011-01,2015-10,2016-11,348
underwater_12,,,,59,All,2017-01,2011-01,2015-11,2016-12,354
underwater_12,,,,60,All,2017-02,2011-01,2015-12,2017-01,360
underwater_12,,,,61,All,2017-03,2011-01,2016-01,2017-02,366
underwater_12,,,,62,All,2017-04,2011-01,2016-02,2017-03,372
underwater_12,,,,63,All,2017-05,2011-01,2016-03,2017-04,378
underwater_12,,,,64,All,2017-06,2011-01,2016-04,2017-05,384
underwater_12,,,,65,All,2017-07,2011-01,2016-05,2017-06,390
underwater_12,,,,66,All,2017-08,2011-01,2016-06,2017-07,396
underwater_12,,,,67,All,2017-09,2011-01,2016-07,2017-08,402
underwater_12,,,,68,All,2017-10,2011-01,2016-08,2017-09,408
underwater_12,,,,69,All,2017-11,2011-01,2016-09,2017-10,414
underwater_12,,,,70,All,2017-12,2011-01,2016-10,2017-11,420
underwater_12,,,,71,All,2018-01,2011-01,2016-11,2017-12,426
underwater_12,,,,72,All,2018-02,2011-01,2016-12,2018-01,432
underwater_12,,,,73,All,2018-03,2011-01,2017-01,2018-02,438
underwater_12,,,,74,All,2018-04,2011-01,2017-02,2018-03,444
underwater_12,,,,75,All,2018-05,2011-01,2017-03,2018-04,450
underwater_12,,,,76,All,2018-06,2011-01,2017-04,2018-05,456
underwater_12,,,,77,All,2018-07,2011-01,2017-05,2018-06,462
underwater_12,,,,78,All,2018-08,2011-01,2017-06,2018-07,468
underwater_12,,,,79,All,2018-09,2011-01,2017-07,2018-08,474
underwater_12,,,,80,All,2018-10,2011-01,2017-08,2018-09,480
underwater_12,,,,81,All,2018-11,2011-01,2017-09,2018-10,486
underwater_12,,,,82,All,2018-12,2011-01,2017-10,2018-11,492
underwater_12,,,,83,All,2019-01,2011-01,2017-11,2018-12,498
underwater_12,,,,84,All,2019-02,2011-01,2017-12,2019-01,504
underwater_12,,,,85,All,2019-03,2011-01,2018-01,2019-02,510
underwater_12,,,,86,All,2019-04,2011-01,2018-02,2019-03,516
underwater_12,,,,87,All,2019-05,2011-01,2018-03,2019-04,522
underwater_12,,,,88,All,2019-06,2011-01,2018-04,2019-05,528
underwater_12,,,,89,All,2019-07,2011-01,2018-05,2019-06,534
underwater_12,,,,90,All,2019-08,2011-01,2018-06,2019-07,540
underwater_12,,,,91,All,2019-09,2011-01,2018-07,2019-08,546
underwater_12,,,,92,All,2019-10,2011-01,2018-08,2019-09,552
underwater_12,,,,93,All,2019-11,2011-01,2018-09,2019-10,558
underwater_12,,,,94,All,2019-12,2011-01,2018-10,2019-11,564
underwater_12,,,,95,All,2020-01,2011-01,2018-11,2019-12,570
underwater_12,,,,96,All,2020-02,2011-01,2018-12,2020-01,576
underwater_12,,,,97,All,2020-03,2011-01,2019-01,2020-02,582
underwater_12,,,,98,All,2020-04,2011-01,2019-02,2020-03,588
underwater_12,,,,99,All,2020-05,2011-01,2019-03,2020-04,594
underwater_12,,,,100,All,2020-06,2011-01,2019-04,2020-05,600
underwater_12,,,,101,All,2020-07,2011-01,2019-05,2020-06,606
underwater_12,,,,102,All,2020-08,2011-01,2019-06,2020-07,612
underwater_12,,,,103,All,2020-09,2011-01,2019-07,2020-08,618
underwater_12,,,,104,All,2020-10,2011-01,2019-08,2020-09,624
underwater_12,,,,105,All,2020-11,2011-01,2019-09,2020-10,630
underwater_12,,,,106,All,2020-12,2011-01,2019-10,2020-11,636
underwater_12,,,,107,All,2021-01,2011-01,2019-11,2020-12,642
underwater_12,,,,108,All,2021-02,2011-01,2019-12,2021-01,648
underwater_12,,,,109,All,2021-03,2011-01,2020-01,2021-02,654
underwater_12,,,,110,All,2021-04,2011-01,2020-02,2021-03,660
underwater_12,,,,111,All,2021-05,2011-01,2020-03,2021-04,666
underwater_12,,,,112,All,2021-06,2011-01,2020-04,2021-05,672
underwater_12,,,,113,All,2021-07,2011-01,2020-05,2021-06,678
underwater_12,,,,114,All,2021-08,2011-01,2020-06,2021-07,684
underwater_12,,,,115,All,2021-09,2011-01,2020-07,2021-08,690
underwater_12,,,,116,All,2021-10,2011-01,2020-08,2021-09,696
underwater_12,,,,117,All,2021-11,2011-01,2020-09,2021-10,702
underwater_12,,,,118,All,2021-12,2011-01,2020-10,2021-11,708
underwater_12,,,,119,All,2022-01,2011-01,2020-11,2021-12,714
underwater_12,,,,120,All,2022-02,2011-01,2020-12,2022-01,720
underwater_12,,,,121,All,2022-03,2011-01,2021-01,2022-02,726
underwater_12,,,,122,All,2022-04,2011-01,2021-02,2022-03,732
underwater_12,,,,123,All,2022-05,2011-01,2021-03,2022-04,738
underwater_12,,,,124,All,2022-06,2011-01,2021-04,2022-05,744
underwater_12,,,,125,All,2022-07,2011-01,2021-05,2022-06,750
underwater_12,,,,126,All,2022-08,2011-01,2021-06,2022-07,756
underwater_12,,,,127,All,2022-09,2011-01,2021-07,2022-08,762
underwater_12,,,,128,All,2022-10,2011-01,2021-08,2022-09,768
underwater_12,,,,129,All,2022-11,2011-01,2021-09,2022-10,774
underwater_12,,,,130,All,2022-12,2011-01,2021-10,2022-11,780
underwater_12,,,,131,All,2023-01,2011-01,2021-11,2022-12,786
underwater_12,,,,132,All,2023-02,2011-01,2021-12,2023-01,792
underwater_12,,,,133,All,2023-03,2011-01,2022-01,2023-02,798
underwater_12,,,,134,All,2023-04,2011-01,2022-02,2023-03,804
underwater_12,,,,135,All,2023-05,2011-01,2022-03,2023-04,810
underwater_12,,,,136,All,2023-06,2011-01,2022-04,2023-05,816
underwater_12,,,,137,All,2023-07,2011-01,2022-05,2023-06,822
underwater_12,,,,138,All,2023-08,2011-01,2022-06,2023-07,828
underwater_12,,,,139,All,2023-09,2011-01,2022-07,2023-08,834
underwater_12,,,,140,All,2023-10,2011-01,2022-08,2023-09,840
underwater_12,,,,141,All,2023-11,2011-01,2022-09,2023-10,846
underwater_12,,,,142,All,2023-12,2011-01,2022-10,2023-11,852
underwater_12,,,,143,All,2024-01,2011-01,2022-11,2023-12,858
underwater_12,,,,144,All,2024-02,2011-01,2022-12,2024-01,864
underwater_12,,,,145,All,2024-03,2011-01,2023-01,2024-02,870
underwater_12,,,,146,All,2024-04,2011-01,2023-02,2024-03,876
underwater_12,,,,147,All,2024-05,2011-01,2023-03,2024-04,882
underwater_12,,,,148,All,2024-06,2011-01,2023-04,2024-05,888
underwater_12,,,,149,All,2024-07,2011-01,2023-05,2024-06,894
underwater_12,,,,150,All,2024-08,2011-01,2023-06,2024-07,900
underwater_12,,,,151,All,2024-09,2011-01,2023-07,2024-08,906
underwater_12,,,,152,All,2024-10,2011-01,2023-08,2024-09,912
underwater_12,,,,153,All,2024-11,2011-01,2023-09,2024-10,918
underwater_12,,,,154,All,2024-12,2011-01,2023-10,2024-11,924
underwater_12,,,,155,All,2025-01,2011-01,2023-11,2024-12,930
underwater_12,,,,156,All,2025-02,2011-01,2023-12,2025-01,936
underwater_12,,,,157,All,2025-03,2011-01,2024-01,2025-02,942
underwater_12,,,,158,All,2025-04,2011-01,2024-02,2025-03,948
underwater_12,,,,159,All,2025-05,2011-01,2024-03,2025-04,954
underwater_12,,,,160,All,2025-06,2011-01,2024-04,2025-05,960
underwater_12,,,,161,All,2025-07,2011-01,2024-05,2025-06,966
underwater_12,,,,162,All,2025-08,2011-01,2024-06,2025-07,972
underwater_12,,,,163,All,2025-09,2011-01,2024-07,2025-08,978
underwater_12,,,,164,All,2025-10,2011-01,2024-08,2025-09,984
underwater_12,,,,165,All,2025-11,2011-01,2024-09,2025-10,990
underwater_12,,,,166,All,2025-12,2011-01,2024-10,2025-11,996
underwater_12,,,,167,All,2026-01,2011-01,2024-11,2025-12,1002
underwater_12,,,,168,All,2026-02,2011-01,2024-12,2026-01,1008
underwater_12,,,,169,All,2026-03,2011-01,2025-01,2026-02,1014
underwater_12,,,,170,All,2026-04,2011-01,2025-02,2026-03,1020
underwater_12,,,,171,All,2026-05,2011-01,2025-03,2026-04,1026
underwater_12,,,,172,All,2026-06,2011-01,2025-04,2026-05,1032
underwater_12,,,,173,All,2026-07,2011-01,2025-05,2026-06,1038
underwater_12,,,,174,All,2026-08,2011-01,2025-06,2026-07,1044
erased_12,,,,36,Base,2014-02,2010-01,2012-12,2014-01,216
erased_12,,,,37,Base,2014-03,2010-01,2013-01,2014-02,222
erased_12,,,,38,Base,2014-04,2010-01,2013-02,2014-03,228
erased_12,,,,39,Base,2014-05,2010-01,2013-03,2014-04,234
erased_12,,,,40,Base,2014-06,2010-01,2013-04,2014-05,240
erased_12,,,,41,Base,2014-07,2010-01,2013-05,2014-06,246
erased_12,,,,42,Base,2014-08,2010-01,2013-06,2014-07,252
erased_12,,,,43,Base,2014-09,2010-01,2013-07,2014-08,258
erased_12,,,,44,Base,2014-10,2010-01,2013-08,2014-09,264
erased_12,,,,45,Base,2014-11,2010-01,2013-09,2014-10,270
erased_12,,,,46,Base,2014-12,2010-01,2013-10,2014-11,276
erased_12,,,,47,Base,2015-01,2010-01,2013-11,2014-12,282
erased_12,,,,48,Base,2015-02,2010-01,2013-12,2015-01,288
erased_12,,,,49,Base,2015-03,2010-01,2014-01,2015-02,294
erased_12,,,,50,Base,2015-04,2010-01,2014-02,2015-03,300
erased_12,,,,51,Base,2015-05,2010-01,2014-03,2015-04,306
erased_12,,,,52,Base,2015-06,2010-01,2014-04,2015-05,312
erased_12,,,,53,Base,2015-07,2010-01,2014-05,2015-06,318
erased_12,,,,54,Base,2015-08,2010-01,2014-06,2015-07,324
erased_12,,,,55,Base,2015-09,2010-01,2014-07,2015-08,330
erased_12,,,,56,Base,2015-10,2010-01,2014-08,2015-09,336
erased_12,,,,57,Base,2015-11,2010-01,2014-09,2015-10,342
erased_12,,,,58,Base,2015-12,2010-01,2014-10,2015-11,348
erased_12,,,,59,Base,2016-01,2010-01,2014-11,2015-12,354
erased_12,,,,60,Base,2016-02,2010-01,2014-12,2016-01,360
erased_12,,,,61,Base,2016-03,2010-01,2015-01,2016-02,366
erased_12,,,,62,Base,2016-04,2010-01,2015-02,2016-03,372
erased_12,,,,63,Base,2016-05,2010-01,2015-03,2016-04,378
erased_12,,,,64,Base,2016-06,2010-01,2015-04,2016-05,384
erased_12,,,,65,Base,2016-07,2010-01,2015-05,2016-06,390
erased_12,,,,66,Base,2016-08,2010-01,2015-06,2016-07,396
erased_12,,,,67,Base,2016-09,2010-01,2015-07,2016-08,402
erased_12,,,,68,Base,2016-10,2010-01,2015-08,2016-09,408
erased_12,,,,69,Base,2016-11,2010-01,2015-09,2016-10,414
erased_12,,,,70,Base,2016-12,2010-01,2015-10,2016-11,420
erased_12,,,,71,Base,2017-01,2010-01,2015-11,2016-12,426
erased_12,,,,72,Base,2017-02,2010-01,2015-12,2017-01,432
erased_12,,,,73,Base,2017-03,2010-01,2016-01,2017-02,438
erased_12,,,,74,Base,2017-04,2010-01,2016-02,2017-03,444
erased_12,,,,75,Base,2017-05,2010-01,2016-03,2017-04,450
erased_12,,,,76,Base,2017-06,2010-01,2016-04,2017-05,456
erased_12,,,,77,Base,2017-07,2010-01,2016-05,2017-06,462
erased_12,,,,78,Base,2017-08,2010-01,2016-06,2017-07,468
erased_12,,,,79,Base,2017-09,2010-01,2016-07,2017-08,474
erased_12,,,,80,Base,2017-10,2010-01,2016-08,2017-09,480
erased_12,,,,81,Base,2017-11,2010-01,2016-09,2017-10,486
erased_12,,,,82,Base,2017-12,2010-01,2016-10,2017-11,492
erased_12,,,,83,Base,2018-01,2010-01,2016-11,2017-12,498
erased_12,,,,84,Base,2018-02,2010-01,2016-12,2018-01,504
erased_12,,,,85,Base,2018-03,2010-01,2017-01,2018-02,510
erased_12,,,,86,Base,2018-04,2010-01,2017-02,2018-03,516
erased_12,,,,87,Base,2018-05,2010-01,2017-03,2018-04,522
erased_12,,,,88,Base,2018-06,2010-01,2017-04,2018-05,528
erased_12,,,,89,Base,2018-07,2010-01,2017-05,2018-06,534
erased_12,,,,90,Base,2018-08,2010-01,2017-06,2018-07,540
erased_12,,,,91,Base,2018-09,2010-01,2017-07,2018-08,546
erased_12,,,,92,Base,2018-10,2010-01,2017-08,2018-09,552
erased_12,,,,93,Base,2018-11,2010-01,2017-09,2018-10,558
erased_12,,,,94,Base,2018-12,2010-01,2017-10,2018-11,564
erased_12,,,,95,Base,2019-01,2010-01,2017-11,2018-12,570
erased_12,,,,96,Base,2019-02,2010-01,2017-12,2019-01,576
erased_12,,,,97,Base,2019-03,2010-01,2018-01,2019-02,582
erased_12,,,,98,Base,2019-04,2010-01,2018-02,2019-03,588
erased_12,,,,99,Base,2019-05,2010-01,2018-03,2019-04,594
erased_12,,,,100,Base,2019-06,2010-01,2018-04,2019-05,600
erased_12,,,,101,Base,2019-07,2010-01,2018-05,2019-06,606
erased_12,,,,102,Base,2019-08,2010-01,2018-06,2019-07,612
erased_12,,,,103,Base,2019-09,2010-01,2018-07,2019-08,618
erased_12,,,,104,Base,2019-10,2010-01,2018-08,2019-09,624
erased_12,,,,105,Base,2019-11,2010-01,2018-09,2019-10,630
erased_12,,,,106,Base,2019-12,2010-01,2018-10,2019-11,636
erased_12,,,,107,Base,2020-01,2010-01,2018-11,2019-12,642
erased_12,,,,108,Base,2020-02,2010-01,2018-12,2020-01,648
erased_12,,,,109,Base,2020-03,2010-01,2019-01,2020-02,654
erased_12,,,,110,Base,2020-04,2010-01,2019-02,2020-03,660
erased_12,,,,111,Base,2020-05,2010-01,2019-03,2020-04,666
erased_12,,,,112,Base,2020-06,2010-01,2019-04,2020-05,672
erased_12,,,,113,Base,2020-07,2010-01,2019-05,2020-06,678
erased_12,,,,114,Base,2020-08,2010-01,2019-06,2020-07,684
erased_12,,,,115,Base,2020-09,2010-01,2019-07,2020-08,690
erased_12,,,,116,Base,2020-10,2010-01,2019-08,2020-09,696
erased_12,,,,117,Base,2020-11,2010-01,2019-09,2020-10,702
erased_12,,,,118,Base,2020-12,2010-01,2019-10,2020-11,708
erased_12,,,,119,Base,2021-01,2010-01,2019-11,2020-12,714
erased_12,,,,120,Base,2021-02,2010-01,2019-12,2021-01,720
erased_12,,,,121,Base,2021-03,2010-01,2020-01,2021-02,726
erased_12,,,,122,Base,2021-04,2010-01,2020-02,2021-03,732
erased_12,,,,123,Base,2021-05,2010-01,2020-03,2021-04,738
erased_12,,,,124,Base,2021-06,2010-01,2020-04,2021-05,744
erased_12,,,,125,Base,2021-07,2010-01,2020-05,2021-06,750
erased_12,,,,126,Base,2021-08,2010-01,2020-06,2021-07,756
erased_12,,,,127,Base,2021-09,2010-01,2020-07,2021-08,762
erased_12,,,,128,Base,2021-10,2010-01,2020-08,2021-09,768
erased_12,,,,129,Base,2021-11,2010-01,2020-09,2021-10,774
erased_12,,,,130,Base,2021-12,2010-01,2020-10,2021-11,780
erased_12,,,,131,Base,2022-01,2010-01,2020-11,2021-12,786
erased_12,,,,132,Base,2022-02,2010-01,2020-12,2022-01,792
erased_12,,,,133,Base,2022-03,2010-01,2021-01,2022-02,798
erased_12,,,,134,Base,2022-04,2010-01,2021-02,2022-03,804
erased_12,,,,135,Base,2022-05,2010-01,2021-03,2022-04,810
erased_12,,,,136,Base,2022-06,2010-01,2021-04,2022-05,816
erased_12,,,,137,Base,2022-07,2010-01,2021-05,2022-06,822
erased_12,,,,138,Base,2022-08,2010-01,2021-06,2022-07,828
erased_12,,,,139,Base,2022-09,2010-01,2021-07,2022-08,834
erased_12,,,,140,Base,2022-10,2010-01,2021-08,2022-09,840
erased_12,,,,141,Base,2022-11,2010-01,2021-09,2022-10,846
erased_12,,,,142,Base,2022-12,2010-01,2021-10,2022-11,852
erased_12,,,,143,Base,2023-01,2010-01,2021-11,2022-12,858
erased_12,,,,144,Base,2023-02,2010-01,2021-12,2023-01,864
erased_12,,,,145,Base,2023-03,2010-01,2022-01,2023-02,870
erased_12,,,,146,Base,2023-04,2010-01,2022-02,2023-03,876
erased_12,,,,147,Base,2023-05,2010-01,2022-03,2023-04,882
erased_12,,,,148,Base,2023-06,2010-01,2022-04,2023-05,888
erased_12,,,,149,Base,2023-07,2010-01,2022-05,2023-06,894
erased_12,,,,150,Base,2023-08,2010-01,2022-06,2023-07,900
erased_12,,,,151,Base,2023-09,2010-01,2022-07,2023-08,906
erased_12,,,,152,Base,2023-10,2010-01,2022-08,2023-09,912
erased_12,,,,153,Base,2023-11,2010-01,2022-09,2023-10,918
erased_12,,,,154,Base,2023-12,2010-01,2022-10,2023-11,924
erased_12,,,,155,Base,2024-01,2010-01,2022-11,2023-12,930
erased_12,,,,156,Base,2024-02,2010-01,2022-12,2024-01,936
erased_12,,,,157,Base,2024-03,2010-01,2023-01,2024-02,942
erased_12,,,,158,Base,2024-04,2010-01,2023-02,2024-03,948
erased_12,,,,159,Base,2024-05,2010-01,2023-03,2024-04,954
erased_12,,,,160,Base,2024-06,2010-01,2023-04,2024-05,960
erased_12,,,,161,Base,2024-07,2010-01,2023-05,2024-06,966
erased_12,,,,162,Base,2024-08,2010-01,2023-06,2024-07,972
erased_12,,,,163,Base,2024-09,2010-01,2023-07,2024-08,978
erased_12,,,,164,Base,2024-10,2010-01,2023-08,2024-09,984
erased_12,,,,165,Base,2024-11,2010-01,2023-09,2024-10,990
erased_12,,,,166,Base,2024-12,2010-01,2023-10,2024-11,996
erased_12,,,,167,Base,2025-01,2010-01,2023-11,2024-12,1002
erased_12,,,,168,Base,2025-02,2010-01,2023-12,2025-01,1008
erased_12,,,,169,Base,2025-03,2010-01,2024-01,2025-02,1014
erased_12,,,,170,Base,2025-04,2010-01,2024-02,2025-03,1020
erased_12,,,,171,Base,2025-05,2010-01,2024-03,2025-04,1026
erased_12,,,,172,Base,2025-06,2010-01,2024-04,2025-05,1032
erased_12,,,,173,Base,2025-07,2010-01,2024-05,2025-06,1038
erased_12,,,,174,Base,2025-08,2010-01,2024-06,2025-07,1044
erased_12,,,,175,Base,2025-09,2010-01,2024-07,2025-08,1050
erased_12,,,,176,Base,2025-10,2010-01,2024-08,2025-09,1056
erased_12,,,,177,Base,2025-11,2010-01,2024-09,2025-10,1062
erased_12,,,,178,Base,2025-12,2010-01,2024-10,2025-11,1068
erased_12,,,,179,Base,2026-01,2010-01,2024-11,2025-12,1074
erased_12,,,,180,Base,2026-02,2010-01,2024-12,2026-01,1080
erased_12,,,,181,Base,2026-03,2010-01,2025-01,2026-02,1086
erased_12,,,,182,Base,2026-04,2010-01,2025-02,2026-03,1092
erased_12,,,,183,Base,2026-05,2010-01,2025-03,2026-04,1098
erased_12,,,,184,Base,2026-06,2010-01,2025-04,2026-05,1104
erased_12,,,,185,Base,2026-07,2010-01,2025-05,2026-06,1110
erased_12,,,,186,Base,2026-08,2010-01,2025-06,2026-07,1116
erased_12,,,,36,fixed,2014-02,2010-01,2012-12,2014-01,216
erased_12,,,,37,fixed,2014-03,2010-01,2013-01,2014-02,222
erased_12,,,,38,fixed,2014-04,2010-01,2013-02,2014-03,228
erased_12,,,,39,fixed,2014-05,2010-01,2013-03,2014-04,234
erased_12,,,,40,fixed,2014-06,2010-01,2013-04,2014-05,240
erased_12,,,,41,fixed,2014-07,2010-01,2013-05,2014-06,246
erased_12,,,,42,fixed,2014-08,2010-01,2013-06,2014-07,252
erased_12,,,,43,fixed,2014-09,2010-01,2013-07,2014-08,258
erased_12,,,,44,fixed,2014-10,2010-01,2013-08,2014-09,264
erased_12,,,,45,fixed,2014-11,2010-01,2013-09,2014-10,270
erased_12,,,,46,fixed,2014-12,2010-01,2013-10,2014-11,276
erased_12,,,,47,fixed,2015-01,2010-01,2013-11,2014-12,282
erased_12,,,,48,fixed,2015-02,2010-01,2013-12,2015-01,288
erased_12,,,,49,fixed,2015-03,2010-01,2014-01,2015-02,294
erased_12,,,,50,fixed,2015-04,2010-01,2014-02,2015-03,300
erased_12,,,,51,fixed,2015-05,2010-01,2014-03,2015-04,306
erased_12,,,,52,fixed,2015-06,2010-01,2014-04,2015-05,312
erased_12,,,,53,fixed,2015-07,2010-01,2014-05,2015-06,318
erased_12,,,,54,fixed,2015-08,2010-01,2014-06,2015-07,324
erased_12,,,,55,fixed,2015-09,2010-01,2014-07,2015-08,330
erased_12,,,,56,fixed,2015-10,2010-01,2014-08,2015-09,336
erased_12,,,,57,fixed,2015-11,2010-01,2014-09,2015-10,342
erased_12,,,,58,fixed,2015-12,2010-01,2014-10,2015-11,348
erased_12,,,,59,fixed,2016-01,2010-01,2014-11,2015-12,354
erased_12,,,,60,fixed,2016-02,2010-01,2014-12,2016-01,360
erased_12,,,,61,fixed,2016-03,2010-01,2015-01,2016-02,366
erased_12,,,,62,fixed,2016-04,2010-01,2015-02,2016-03,372
erased_12,,,,63,fixed,2016-05,2010-01,2015-03,2016-04,378
erased_12,,,,64,fixed,2016-06,2010-01,2015-04,2016-05,384
erased_12,,,,65,fixed,2016-07,2010-01,2015-05,2016-06,390
erased_12,,,,66,fixed,2016-08,2010-01,2015-06,2016-07,396
erased_12,,,,67,fixed,2016-09,2010-01,2015-07,2016-08,402
erased_12,,,,68,fixed,2016-10,2010-01,2015-08,2016-09,408
erased_12,,,,69,fixed,2016-11,2010-01,2015-09,2016-10,414
erased_12,,,,70,fixed,2016-12,2010-01,2015-10,2016-11,420
erased_12,,,,71,fixed,2017-01,2010-01,2015-11,2016-12,426
erased_12,,,,72,fixed,2017-02,2010-01,2015-12,2017-01,432
erased_12,,,,73,fixed,2017-03,2010-01,2016-01,2017-02,438
erased_12,,,,74,fixed,2017-04,2010-01,2016-02,2017-03,444
erased_12,,,,75,fixed,2017-05,2010-01,2016-03,2017-04,450
erased_12,,,,76,fixed,2017-06,2010-01,2016-04,2017-05,456
erased_12,,,,77,fixed,2017-07,2010-01,2016-05,2017-06,462
erased_12,,,,78,fixed,2017-08,2010-01,2016-06,2017-07,468
erased_12,,,,79,fixed,2017-09,2010-01,2016-07,2017-08,474
erased_12,,,,80,fixed,2017-10,2010-01,2016-08,2017-09,480
erased_12,,,,81,fixed,2017-11,2010-01,2016-09,2017-10,486
erased_12,,,,82,fixed,2017-12,2010-01,2016-10,2017-11,492
erased_12,,,,83,fixed,2018-01,2010-01,2016-11,2017-12,498
erased_12,,,,84,fixed,2018-02,2010-01,2016-12,2018-01,504
erased_12,,,,85,fixed,2018-03,2010-01,2017-01,2018-02,510
erased_12,,,,86,fixed,2018-04,2010-01,2017-02,2018-03,516
erased_12,,,,87,fixed,2018-05,2010-01,2017-03,2018-04,522
erased_12,,,,88,fixed,2018-06,2010-01,2017-04,2018-05,528
erased_12,,,,89,fixed,2018-07,2010-01,2017-05,2018-06,534
erased_12,,,,90,fixed,2018-08,2010-01,2017-06,2018-07,540
erased_12,,,,91,fixed,2018-09,2010-01,2017-07,2018-08,546
erased_12,,,,92,fixed,2018-10,2010-01,2017-08,2018-09,552
erased_12,,,,93,fixed,2018-11,2010-01,2017-09,2018-10,558
erased_12,,,,94,fixed,2018-12,2010-01,2017-10,2018-11,564
erased_12,,,,95,fixed,2019-01,2010-01,2017-11,2018-12,570
erased_12,,,,96,fixed,2019-02,2010-01,2017-12,2019-01,576
erased_12,,,,97,fixed,2019-03,2010-01,2018-01,2019-02,582
erased_12,,,,98,fixed,2019-04,2010-01,2018-02,2019-03,588
erased_12,,,,99,fixed,2019-05,2010-01,2018-03,2019-04,594
erased_12,,,,100,fixed,2019-06,2010-01,2018-04,2019-05,600
erased_12,,,,101,fixed,2019-07,2010-01,2018-05,2019-06,606
erased_12,,,,102,fixed,2019-08,2010-01,2018-06,2019-07,612
erased_12,,,,103,fixed,2019-09,2010-01,2018-07,2019-08,618
erased_12,,,,104,fixed,2019-10,2010-01,2018-08,2019-09,624
erased_12,,,,105,fixed,2019-11,2010-01,2018-09,2019-10,630
erased_12,,,,106,fixed,2019-12,2010-01,2018-10,2019-11,636
erased_12,,,,107,fixed,2020-01,2010-01,2018-11,2019-12,642
erased_12,,,,108,fixed,2020-02,2010-01,2018-12,2020-01,648
erased_12,,,,109,fixed,2020-03,2010-01,2019-01,2020-02,654
erased_12,,,,110,fixed,2020-04,2010-01,2019-02,2020-03,660
erased_12,,,,111,fixed,2020-05,2010-01,2019-03,2020-04,666
erased_12,,,,112,fixed,2020-06,2010-01,2019-04,2020-05,672
erased_12,,,,113,fixed,2020-07,2010-01,2019-05,2020-06,678
erased_12,,,,114,fixed,2020-08,2010-01,2019-06,2020-07,684
erased_12,,,,115,fixed,2020-09,2010-01,2019-07,2020-08,690
erased_12,,,,116,fixed,2020-10,2010-01,2019-08,2020-09,696
erased_12,,,,117,fixed,2020-11,2010-01,2019-09,2020-10,702
erased_12,,,,118,fixed,2020-12,2010-01,2019-10,2020-11,708
erased_12,,,,119,fixed,2021-01,2010-01,2019-11,2020-12,714
erased_12,,,,120,fixed,2021-02,2010-01,2019-12,2021-01,720
erased_12,,,,121,fixed,2021-03,2010-01,2020-01,2021-02,726
erased_12,,,,122,fixed,2021-04,2010-01,2020-02,2021-03,732
erased_12,,,,123,fixed,2021-05,2010-01,2020-03,2021-04,738
erased_12,,,,124,fixed,2021-06,2010-01,2020-04,2021-05,744
erased_12,,,,125,fixed,2021-07,2010-01,2020-05,2021-06,750
erased_12,,,,126,fixed,2021-08,2010-01,2020-06,2021-07,756
erased_12,,,,127,fixed,2021-09,2010-01,2020-07,2021-08,762
erased_12,,,,128,fixed,2021-10,2010-01,2020-08,2021-09,768
erased_12,,,,129,fixed,2021-11,2010-01,2020-09,2021-10,774
erased_12,,,,130,fixed,2021-12,2010-01,2020-10,2021-11,780
erased_12,,,,131,fixed,2022-01,2010-01,2020-11,2021-12,786
erased_12,,,,132,fixed,2022-02,2010-01,2020-12,2022-01,792
erased_12,,,,133,fixed,2022-03,2010-01,2021-01,2022-02,798
erased_12,,,,134,fixed,2022-04,2010-01,2021-02,2022-03,804
erased_12,,,,135,fixed,2022-05,2010-01,2021-03,2022-04,810
erased_12,,,,136,fixed,2022-06,2010-01,2021-04,2022-05,816
erased_12,,,,137,fixed,2022-07,2010-01,2021-05,2022-06,822
erased_12,,,,138,fixed,2022-08,2010-01,2021-06,2022-07,828
erased_12,,,,139,fixed,2022-09,2010-01,2021-07,2022-08,834
erased_12,,,,140,fixed,2022-10,2010-01,2021-08,2022-09,840
erased_12,,,,141,fixed,2022-11,2010-01,2021-09,2022-10,846
erased_12,,,,142,fixed,2022-12,2010-01,2021-10,2022-11,852
erased_12,,,,143,fixed,2023-01,2010-01,2021-11,2022-12,858
erased_12,,,,144,fixed,2023-02,2010-01,2021-12,2023-01,864
erased_12,,,,145,fixed,2023-03,2010-01,2022-01,2023-02,870
erased_12,,,,146,fixed,2023-04,2010-01,2022-02,2023-03,876
erased_12,,,,147,fixed,2023-05,2010-01,2022-03,2023-04,882
erased_12,,,,148,fixed,2023-06,2010-01,2022-04,2023-05,888
erased_12,,,,149,fixed,2023-07,2010-01,2022-05,2023-06,894
erased_12,,,,150,fixed,2023-08,2010-01,2022-06,2023-07,900
erased_12,,,,151,fixed,2023-09,2010-01,2022-07,2023-08,906
erased_12,,,,152,fixed,2023-10,2010-01,2022-08,2023-09,912
erased_12,,,,153,fixed,2023-11,2010-01,2022-09,2023-10,918
erased_12,,,,154,fixed,2023-12,2010-01,2022-10,2023-11,924
erased_12,,,,155,fixed,2024-01,2010-01,2022-11,2023-12,930
erased_12,,,,156,fixed,2024-02,2010-01,2022-12,2024-01,936
erased_12,,,,157,fixed,2024-03,2010-01,2023-01,2024-02,942
erased_12,,,,158,fixed,2024-04,2010-01,2023-02,2024-03,948
erased_12,,,,159,fixed,2024-05,2010-01,2023-03,2024-04,954
erased_12,,,,160,fixed,2024-06,2010-01,2023-04,2024-05,960
erased_12,,,,161,fixed,2024-07,2010-01,2023-05,2024-06,966
erased_12,,,,162,fixed,2024-08,2010-01,2023-06,2024-07,972
erased_12,,,,163,fixed,2024-09,2010-01,2023-07,2024-08,978
erased_12,,,,164,fixed,2024-10,2010-01,2023-08,2024-09,984
erased_12,,,,165,fixed,2024-11,2010-01,2023-09,2024-10,990
erased_12,,,,166,fixed,2024-12,2010-01,2023-10,2024-11,996
erased_12,,,,167,fixed,2025-01,2010-01,2023-11,2024-12,1002
erased_12,,,,168,fixed,2025-02,2010-01,2023-12,2025-01,1008
erased_12,,,,169,fixed,2025-03,2010-01,2024-01,2025-02,1014
erased_12,,,,170,fixed,2025-04,2010-01,2024-02,2025-03,1020
erased_12,,,,171,fixed,2025-05,2010-01,2024-03,2025-04,1026
erased_12,,,,172,fixed,2025-06,2010-01,2024-04,2025-05,1032
erased_12,,,,173,fixed,2025-07,2010-01,2024-05,2025-06,1038
erased_12,,,,174,fixed,2025-08,2010-01,2024-06,2025-07,1044
erased_12,,,,175,fixed,2025-09,2010-01,2024-07,2025-08,1050
erased_12,,,,176,fixed,2025-10,2010-01,2024-08,2025-09,1056
erased_12,,,,177,fixed,2025-11,2010-01,2024-09,2025-10,1062
erased_12,,,,178,fixed,2025-12,2010-01,2024-10,2025-11,1068
erased_12,,,,179,fixed,2026-01,2010-01,2024-11,2025-12,1074
erased_12,,,,180,fixed,2026-02,2010-01,2024-12,2026-01,1080
erased_12,,,,181,fixed,2026-03,2010-01,2025-01,2026-02,1086
erased_12,,,,182,fixed,2026-04,2010-01,2025-02,2026-03,1092
erased_12,,,,183,fixed,2026-05,2010-01,2025-03,2026-04,1098
erased_12,,,,184,fixed,2026-06,2010-01,2025-04,2026-05,1104
erased_12,,,,185,fixed,2026-07,2010-01,2025-05,2026-06,1110
erased_12,,,,186,fixed,2026-08,2010-01,2025-06,2026-07,1116
erased_12,,,,36,dynamic,2014-02,2010-01,2012-12,2014-01,216
erased_12,,,,37,dynamic,2014-03,2010-01,2013-01,2014-02,222
erased_12,,,,38,dynamic,2014-04,2010-01,2013-02,2014-03,228
erased_12,,,,39,dynamic,2014-05,2010-01,2013-03,2014-04,234
erased_12,,,,40,dynamic,2014-06,2010-01,2013-04,2014-05,240
erased_12,,,,41,dynamic,2014-07,2010-01,2013-05,2014-06,246
erased_12,,,,42,dynamic,2014-08,2010-01,2013-06,2014-07,252
erased_12,,,,43,dynamic,2014-09,2010-01,2013-07,2014-08,258
erased_12,,,,44,dynamic,2014-10,2010-01,2013-08,2014-09,264
erased_12,,,,45,dynamic,2014-11,2010-01,2013-09,2014-10,270
erased_12,,,,46,dynamic,2014-12,2010-01,2013-10,2014-11,276
erased_12,,,,47,dynamic,2015-01,2010-01,2013-11,2014-12,282
erased_12,,,,48,dynamic,2015-02,2010-01,2013-12,2015-01,288
erased_12,,,,49,dynamic,2015-03,2010-01,2014-01,2015-02,294
erased_12,,,,50,dynamic,2015-04,2010-01,2014-02,2015-03,300
erased_12,,,,51,dynamic,2015-05,2010-01,2014-03,2015-04,306
erased_12,,,,52,dynamic,2015-06,2010-01,2014-04,2015-05,312
erased_12,,,,53,dynamic,2015-07,2010-01,2014-05,2015-06,318
erased_12,,,,54,dynamic,2015-08,2010-01,2014-06,2015-07,324
erased_12,,,,55,dynamic,2015-09,2010-01,2014-07,2015-08,330
erased_12,,,,56,dynamic,2015-10,2010-01,2014-08,2015-09,336
erased_12,,,,57,dynamic,2015-11,2010-01,2014-09,2015-10,342
erased_12,,,,58,dynamic,2015-12,2010-01,2014-10,2015-11,348
erased_12,,,,59,dynamic,2016-01,2010-01,2014-11,2015-12,354
erased_12,,,,60,dynamic,2016-02,2010-01,2014-12,2016-01,360
erased_12,,,,61,dynamic,2016-03,2010-01,2015-01,2016-02,366
erased_12,,,,62,dynamic,2016-04,2010-01,2015-02,2016-03,372
erased_12,,,,63,dynamic,2016-05,2010-01,2015-03,2016-04,378
erased_12,,,,64,dynamic,2016-06,2010-01,2015-04,2016-05,384
erased_12,,,,65,dynamic,2016-07,2010-01,2015-05,2016-06,390
erased_12,,,,66,dynamic,2016-08,2010-01,2015-06,2016-07,396
erased_12,,,,67,dynamic,2016-09,2010-01,2015-07,2016-08,402
erased_12,,,,68,dynamic,2016-10,2010-01,2015-08,2016-09,408
erased_12,,,,69,dynamic,2016-11,2010-01,2015-09,2016-10,414
erased_12,,,,70,dynamic,2016-12,2010-01,2015-10,2016-11,420
erased_12,,,,71,dynamic,2017-01,2010-01,2015-11,2016-12,426
erased_12,,,,72,dynamic,2017-02,2010-01,2015-12,2017-01,432
erased_12,,,,73,dynamic,2017-03,2010-01,2016-01,2017-02,438
erased_12,,,,74,dynamic,2017-04,2010-01,2016-02,2017-03,444
erased_12,,,,75,dynamic,2017-05,2010-01,2016-03,2017-04,450
erased_12,,,,76,dynamic,2017-06,2010-01,2016-04,2017-05,456
erased_12,,,,77,dynamic,2017-07,2010-01,2016-05,2017-06,462
erased_12,,,,78,dynamic,2017-08,2010-01,2016-06,2017-07,468
erased_12,,,,79,dynamic,2017-09,2010-01,2016-07,2017-08,474
erased_12,,,,80,dynamic,2017-10,2010-01,2016-08,2017-09,480
erased_12,,,,81,dynamic,2017-11,2010-01,2016-09,2017-10,486
erased_12,,,,82,dynamic,2017-12,2010-01,2016-10,2017-11,492
erased_12,,,,83,dynamic,2018-01,2010-01,2016-11,2017-12,498
erased_12,,,,84,dynamic,2018-02,2010-01,2016-12,2018-01,504
erased_12,,,,85,dynamic,2018-03,2010-01,2017-01,2018-02,510
erased_12,,,,86,dynamic,2018-04,2010-01,2017-02,2018-03,516
erased_12,,,,87,dynamic,2018-05,2010-01,2017-03,2018-04,522
erased_12,,,,88,dynamic,2018-06,2010-01,2017-04,2018-05,528
erased_12,,,,89,dynamic,2018-07,2010-01,2017-05,2018-06,534
erased_12,,,,90,dynamic,2018-08,2010-01,2017-06,2018-07,540
erased_12,,,,91,dynamic,2018-09,2010-01,2017-07,2018-08,546
erased_12,,,,92,dynamic,2018-10,2010-01,2017-08,2018-09,552
erased_12,,,,93,dynamic,2018-11,2010-01,2017-09,2018-10,558
erased_12,,,,94,dynamic,2018-12,2010-01,2017-10,2018-11,564
erased_12,,,,95,dynamic,2019-01,2010-01,2017-11,2018-12,570
erased_12,,,,96,dynamic,2019-02,2010-01,2017-12,2019-01,576
erased_12,,,,97,dynamic,2019-03,2010-01,2018-01,2019-02,582
erased_12,,,,98,dynamic,2019-04,2010-01,2018-02,2019-03,588
erased_12,,,,99,dynamic,2019-05,2010-01,2018-03,2019-04,594
erased_12,,,,100,dynamic,2019-06,2010-01,2018-04,2019-05,600
erased_12,,,,101,dynamic,2019-07,2010-01,2018-05,2019-06,606
erased_12,,,,102,dynamic,2019-08,2010-01,2018-06,2019-07,612
erased_12,,,,103,dynamic,2019-09,2010-01,2018-07,2019-08,618
erased_12,,,,104,dynamic,2019-10,2010-01,2018-08,2019-09,624
erased_12,,,,105,dynamic,2019-11,2010-01,2018-09,2019-10,630
erased_12,,,,106,dynamic,2019-12,2010-01,2018-10,2019-11,636
erased_12,,,,107,dynamic,2020-01,2010-01,2018-11,2019-12,642
erased_12,,,,108,dynamic,2020-02,2010-01,2018-12,2020-01,648
erased_12,,,,109,dynamic,2020-03,2010-01,2019-01,2020-02,654
erased_12,,,,110,dynamic,2020-04,2010-01,2019-02,2020-03,660
erased_12,,,,111,dynamic,2020-05,2010-01,2019-03,2020-04,666
erased_12,,,,112,dynamic,2020-06,2010-01,2019-04,2020-05,672
erased_12,,,,113,dynamic,2020-07,2010-01,2019-05,2020-06,678
erased_12,,,,114,dynamic,2020-08,2010-01,2019-06,2020-07,684
erased_12,,,,115,dynamic,2020-09,2010-01,2019-07,2020-08,690
erased_12,,,,116,dynamic,2020-10,2010-01,2019-08,2020-09,696
erased_12,,,,117,dynamic,2020-11,2010-01,2019-09,2020-10,702
erased_12,,,,118,dynamic,2020-12,2010-01,2019-10,2020-11,708
erased_12,,,,119,dynamic,2021-01,2010-01,2019-11,2020-12,714
erased_12,,,,120,dynamic,2021-02,2010-01,2019-12,2021-01,720
erased_12,,,,121,dynamic,2021-03,2010-01,2020-01,2021-02,726
erased_12,,,,122,dynamic,2021-04,2010-01,2020-02,2021-03,732
erased_12,,,,123,dynamic,2021-05,2010-01,2020-03,2021-04,738
erased_12,,,,124,dynamic,2021-06,2010-01,2020-04,2021-05,744
erased_12,,,,125,dynamic,2021-07,2010-01,2020-05,2021-06,750
erased_12,,,,126,dynamic,2021-08,2010-01,2020-06,2021-07,756
erased_12,,,,127,dynamic,2021-09,2010-01,2020-07,2021-08,762
erased_12,,,,128,dynamic,2021-10,2010-01,2020-08,2021-09,768
erased_12,,,,129,dynamic,2021-11,2010-01,2020-09,2021-10,774
erased_12,,,,130,dynamic,2021-12,2010-01,2020-10,2021-11,780
erased_12,,,,131,dynamic,2022-01,2010-01,2020-11,2021-12,786
erased_12,,,,132,dynamic,2022-02,2010-01,2020-12,2022-01,792
erased_12,,,,133,dynamic,2022-03,2010-01,2021-01,2022-02,798
erased_12,,,,134,dynamic,2022-04,2010-01,2021-02,2022-03,804
erased_12,,,,135,dynamic,2022-05,2010-01,2021-03,2022-04,810
erased_12,,,,136,dynamic,2022-06,2010-01,2021-04,2022-05,816
erased_12,,,,137,dynamic,2022-07,2010-01,2021-05,2022-06,822
erased_12,,,,138,dynamic,2022-08,2010-01,2021-06,2022-07,828
erased_12,,,,139,dynamic,2022-09,2010-01,2021-07,2022-08,834
erased_12,,,,140,dynamic,2022-10,2010-01,2021-08,2022-09,840
erased_12,,,,141,dynamic,2022-11,2010-01,2021-09,2022-10,846
erased_12,,,,142,dynamic,2022-12,2010-01,2021-10,2022-11,852
erased_12,,,,143,dynamic,2023-01,2010-01,2021-11,2022-12,858
erased_12,,,,144,dynamic,2023-02,2010-01,2021-12,2023-01,864
erased_12,,,,145,dynamic,2023-03,2010-01,2022-01,2023-02,870
erased_12,,,,146,dynamic,2023-04,2010-01,2022-02,2023-03,876
erased_12,,,,147,dynamic,2023-05,2010-01,2022-03,2023-04,882
erased_12,,,,148,dynamic,2023-06,2010-01,2022-04,2023-05,888
erased_12,,,,149,dynamic,2023-07,2010-01,2022-05,2023-06,894
erased_12,,,,150,dynamic,2023-08,2010-01,2022-06,2023-07,900
erased_12,,,,151,dynamic,2023-09,2010-01,2022-07,2023-08,906
erased_12,,,,152,dynamic,2023-10,2010-01,2022-08,2023-09,912
erased_12,,,,153,dynamic,2023-11,2010-01,2022-09,2023-10,918
erased_12,,,,154,dynamic,2023-12,2010-01,2022-10,2023-11,924
erased_12,,,,155,dynamic,2024-01,2010-01,2022-11,2023-12,930
erased_12,,,,156,dynamic,2024-02,2010-01,2022-12,2024-01,936
erased_12,,,,157,dynamic,2024-03,2010-01,2023-01,2024-02,942
erased_12,,,,158,dynamic,2024-04,2010-01,2023-02,2024-03,948
erased_12,,,,159,dynamic,2024-05,2010-01,2023-03,2024-04,954
erased_12,,,,160,dynamic,2024-06,2010-01,2023-04,2024-05,960
erased_12,,,,161,dynamic,2024-07,2010-01,2023-05,2024-06,966
erased_12,,,,162,dynamic,2024-08,2010-01,2023-06,2024-07,972
erased_12,,,,163,dynamic,2024-09,2010-01,2023-07,2024-08,978
erased_12,,,,164,dynamic,2024-10,2010-01,2023-08,2024-09,984
erased_12,,,,165,dynamic,2024-11,2010-01,2023-09,2024-10,990
erased_12,,,,166,dynamic,2024-12,2010-01,2023-10,2024-11,996
erased_12,,,,167,dynamic,2025-01,2010-01,2023-11,2024-12,1002
erased_12,,,,168,dynamic,2025-02,2010-01,2023-12,2025-01,1008
erased_12,,,,169,dynamic,2025-03,2010-01,2024-01,2025-02,1014
erased_12,,,,170,dynamic,2025-04,2010-01,2024-02,2025-03,1020
erased_12,,,,171,dynamic,2025-05,2010-01,2024-03,2025-04,1026
erased_12,,,,172,dynamic,2025-06,2010-01,2024-04,2025-05,1032
erased_12,,,,173,dynamic,2025-07,2010-01,2024-05,2025-06,1038
erased_12,,,,174,dynamic,2025-08,2010-01,2024-06,2025-07,1044
erased_12,,,,175,dynamic,2025-09,2010-01,2024-07,2025-08,1050
erased_12,,,,176,dynamic,2025-10,2010-01,2024-08,2025-09,1056
erased_12,,,,177,dynamic,2025-11,2010-01,2024-09,2025-10,1062
erased_12,,,,178,dynamic,2025-12,2010-01,2024-10,2025-11,1068
erased_12,,,,179,dynamic,2026-01,2010-01,2024-11,2025-12,1074
erased_12,,,,180,dynamic,2026-02,2010-01,2024-12,2026-01,1080
erased_12,,,,181,dynamic,2026-03,2010-01,2025-01,2026-02,1086
erased_12,,,,182,dynamic,2026-04,2010-01,2025-02,2026-03,1092
erased_12,,,,183,dynamic,2026-05,2010-01,2025-03,2026-04,1098
erased_12,,,,184,dynamic,2026-06,2010-01,2025-04,2026-05,1104
erased_12,,,,185,dynamic,2026-07,2010-01,2025-05,2026-06,1110
erased_12,,,,186,dynamic,2026-08,2010-01,2025-06,2026-07,1116
erased_12,,,,36,annual,2014-02,2010-01,2012-12,2014-01,216
erased_12,,,,37,annual,2014-03,2010-01,2013-01,2014-02,222
erased_12,,,,38,annual,2014-04,2010-01,2013-02,2014-03,228
erased_12,,,,39,annual,2014-05,2010-01,2013-03,2014-04,234
erased_12,,,,40,annual,2014-06,2010-01,2013-04,2014-05,240
erased_12,,,,41,annual,2014-07,2010-01,2013-05,2014-06,246
erased_12,,,,42,annual,2014-08,2010-01,2013-06,2014-07,252
erased_12,,,,43,annual,2014-09,2010-01,2013-07,2014-08,258
erased_12,,,,44,annual,2014-10,2010-01,2013-08,2014-09,264
erased_12,,,,45,annual,2014-11,2010-01,2013-09,2014-10,270
erased_12,,,,46,annual,2014-12,2010-01,2013-10,2014-11,276
erased_12,,,,47,annual,2015-01,2010-01,2013-11,2014-12,282
erased_12,,,,48,annual,2015-02,2010-01,2013-12,2015-01,288
erased_12,,,,49,annual,2015-03,2010-01,2014-01,2015-02,294
erased_12,,,,50,annual,2015-04,2010-01,2014-02,2015-03,300
erased_12,,,,51,annual,2015-05,2010-01,2014-03,2015-04,306
erased_12,,,,52,annual,2015-06,2010-01,2014-04,2015-05,312
erased_12,,,,53,annual,2015-07,2010-01,2014-05,2015-06,318
erased_12,,,,54,annual,2015-08,2010-01,2014-06,2015-07,324
erased_12,,,,55,annual,2015-09,2010-01,2014-07,2015-08,330
erased_12,,,,56,annual,2015-10,2010-01,2014-08,2015-09,336
erased_12,,,,57,annual,2015-11,2010-01,2014-09,2015-10,342
erased_12,,,,58,annual,2015-12,2010-01,2014-10,2015-11,348
erased_12,,,,59,annual,2016-01,2010-01,2014-11,2015-12,354
erased_12,,,,60,annual,2016-02,2010-01,2014-12,2016-01,360
erased_12,,,,61,annual,2016-03,2010-01,2015-01,2016-02,366
erased_12,,,,62,annual,2016-04,2010-01,2015-02,2016-03,372
erased_12,,,,63,annual,2016-05,2010-01,2015-03,2016-04,378
erased_12,,,,64,annual,2016-06,2010-01,2015-04,2016-05,384
erased_12,,,,65,annual,2016-07,2010-01,2015-05,2016-06,390
erased_12,,,,66,annual,2016-08,2010-01,2015-06,2016-07,396
erased_12,,,,67,annual,2016-09,2010-01,2015-07,2016-08,402
erased_12,,,,68,annual,2016-10,2010-01,2015-08,2016-09,408
erased_12,,,,69,annual,2016-11,2010-01,2015-09,2016-10,414
erased_12,,,,70,annual,2016-12,2010-01,2015-10,2016-11,420
erased_12,,,,71,annual,2017-01,2010-01,2015-11,2016-12,426
erased_12,,,,72,annual,2017-02,2010-01,2015-12,2017-01,432
erased_12,,,,73,annual,2017-03,2010-01,2016-01,2017-02,438
erased_12,,,,74,annual,2017-04,2010-01,2016-02,2017-03,444
erased_12,,,,75,annual,2017-05,2010-01,2016-03,2017-04,450
erased_12,,,,76,annual,2017-06,2010-01,2016-04,2017-05,456
erased_12,,,,77,annual,2017-07,2010-01,2016-05,2017-06,462
erased_12,,,,78,annual,2017-08,2010-01,2016-06,2017-07,468
erased_12,,,,79,annual,2017-09,2010-01,2016-07,2017-08,474
erased_12,,,,80,annual,2017-10,2010-01,2016-08,2017-09,480
erased_12,,,,81,annual,2017-11,2010-01,2016-09,2017-10,486
erased_12,,,,82,annual,2017-12,2010-01,2016-10,2017-11,492
erased_12,,,,83,annual,2018-01,2010-01,2016-11,2017-12,498
erased_12,,,,84,annual,2018-02,2010-01,2016-12,2018-01,504
erased_12,,,,85,annual,2018-03,2010-01,2017-01,2018-02,510
erased_12,,,,86,annual,2018-04,2010-01,2017-02,2018-03,516
erased_12,,,,87,annual,2018-05,2010-01,2017-03,2018-04,522
erased_12,,,,88,annual,2018-06,2010-01,2017-04,2018-05,528
erased_12,,,,89,annual,2018-07,2010-01,2017-05,2018-06,534
erased_12,,,,90,annual,2018-08,2010-01,2017-06,2018-07,540
erased_12,,,,91,annual,2018-09,2010-01,2017-07,2018-08,546
erased_12,,,,92,annual,2018-10,2010-01,2017-08,2018-09,552
erased_12,,,,93,annual,2018-11,2010-01,2017-09,2018-10,558
erased_12,,,,94,annual,2018-12,2010-01,2017-10,2018-11,564
erased_12,,,,95,annual,2019-01,2010-01,2017-11,2018-12,570
erased_12,,,,96,annual,2019-02,2010-01,2017-12,2019-01,576
erased_12,,,,97,annual,2019-03,2010-01,2018-01,2019-02,582
erased_12,,,,98,annual,2019-04,2010-01,2018-02,2019-03,588
erased_12,,,,99,annual,2019-05,2010-01,2018-03,2019-04,594
erased_12,,,,100,annual,2019-06,2010-01,2018-04,2019-05,600
erased_12,,,,101,annual,2019-07,2010-01,2018-05,2019-06,606
erased_12,,,,102,annual,2019-08,2010-01,2018-06,2019-07,612
erased_12,,,,103,annual,2019-09,2010-01,2018-07,2019-08,618
erased_12,,,,104,annual,2019-10,2010-01,2018-08,2019-09,624
erased_12,,,,105,annual,2019-11,2010-01,2018-09,2019-10,630
erased_12,,,,106,annual,2019-12,2010-01,2018-10,2019-11,636
erased_12,,,,107,annual,2020-01,2010-01,2018-11,2019-12,642
erased_12,,,,108,annual,2020-02,2010-01,2018-12,2020-01,648
erased_12,,,,109,annual,2020-03,2010-01,2019-01,2020-02,654
erased_12,,,,110,annual,2020-04,2010-01,2019-02,2020-03,660
erased_12,,,,111,annual,2020-05,2010-01,2019-03,2020-04,666
erased_12,,,,112,annual,2020-06,2010-01,2019-04,2020-05,672
erased_12,,,,113,annual,2020-07,2010-01,2019-05,2020-06,678
erased_12,,,,114,annual,2020-08,2010-01,2019-06,2020-07,684
erased_12,,,,115,annual,2020-09,2010-01,2019-07,2020-08,690
erased_12,,,,116,annual,2020-10,2010-01,2019-08,2020-09,696
erased_12,,,,117,annual,2020-11,2010-01,2019-09,2020-10,702
erased_12,,,,118,annual,2020-12,2010-01,2019-10,2020-11,708
erased_12,,,,119,annual,2021-01,2010-01,2019-11,2020-12,714
erased_12,,,,120,annual,2021-02,2010-01,2019-12,2021-01,720
erased_12,,,,121,annual,2021-03,2010-01,2020-01,2021-02,726
erased_12,,,,122,annual,2021-04,2010-01,2020-02,2021-03,732
erased_12,,,,123,annual,2021-05,2010-01,2020-03,2021-04,738
erased_12,,,,124,annual,2021-06,2010-01,2020-04,2021-05,744
erased_12,,,,125,annual,2021-07,2010-01,2020-05,2021-06,750
erased_12,,,,126,annual,2021-08,2010-01,2020-06,2021-07,756
erased_12,,,,127,annual,2021-09,2010-01,2020-07,2021-08,762
erased_12,,,,128,annual,2021-10,2010-01,2020-08,2021-09,768
erased_12,,,,129,annual,2021-11,2010-01,2020-09,2021-10,774
erased_12,,,,130,annual,2021-12,2010-01,2020-10,2021-11,780
erased_12,,,,131,annual,2022-01,2010-01,2020-11,2021-12,786
erased_12,,,,132,annual,2022-02,2010-01,2020-12,2022-01,792
erased_12,,,,133,annual,2022-03,2010-01,2021-01,2022-02,798
erased_12,,,,134,annual,2022-04,2010-01,2021-02,2022-03,804
erased_12,,,,135,annual,2022-05,2010-01,2021-03,2022-04,810
erased_12,,,,136,annual,2022-06,2010-01,2021-04,2022-05,816
erased_12,,,,137,annual,2022-07,2010-01,2021-05,2022-06,822
erased_12,,,,138,annual,2022-08,2010-01,2021-06,2022-07,828
erased_12,,,,139,annual,2022-09,2010-01,2021-07,2022-08,834
erased_12,,,,140,annual,2022-10,2010-01,2021-08,2022-09,840
erased_12,,,,141,annual,2022-11,2010-01,2021-09,2022-10,846
erased_12,,,,142,annual,2022-12,2010-01,2021-10,2022-11,852
erased_12,,,,143,annual,2023-01,2010-01,2021-11,2022-12,858
erased_12,,,,144,annual,2023-02,2010-01,2021-12,2023-01,864
erased_12,,,,145,annual,2023-03,2010-01,2022-01,2023-02,870
erased_12,,,,146,annual,2023-04,2010-01,2022-02,2023-03,876
erased_12,,,,147,annual,2023-05,2010-01,2022-03,2023-04,882
erased_12,,,,148,annual,2023-06,2010-01,2022-04,2023-05,888
erased_12,,,,149,annual,2023-07,2010-01,2022-05,2023-06,894
erased_12,,,,150,annual,2023-08,2010-01,2022-06,2023-07,900
erased_12,,,,151,annual,2023-09,2010-01,2022-07,2023-08,906
erased_12,,,,152,annual,2023-10,2010-01,2022-08,2023-09,912
erased_12,,,,153,annual,2023-11,2010-01,2022-09,2023-10,918
erased_12,,,,154,annual,2023-12,2010-01,2022-10,2023-11,924
erased_12,,,,155,annual,2024-01,2010-01,2022-11,2023-12,930
erased_12,,,,156,annual,2024-02,2010-01,2022-12,2024-01,936
erased_12,,,,157,annual,2024-03,2010-01,2023-01,2024-02,942
erased_12,,,,158,annual,2024-04,2010-01,2023-02,2024-03,948
erased_12,,,,159,annual,2024-05,2010-01,2023-03,2024-04,954
erased_12,,,,160,annual,2024-06,2010-01,2023-04,2024-05,960
erased_12,,,,161,annual,2024-07,2010-01,2023-05,2024-06,966
erased_12,,,,162,annual,2024-08,2010-01,2023-06,2024-07,972
erased_12,,,,163,annual,2024-09,2010-01,2023-07,2024-08,978
erased_12,,,,164,annual,2024-10,2010-01,2023-08,2024-09,984
erased_12,,,,165,annual,2024-11,2010-01,2023-09,2024-10,990
erased_12,,,,166,annual,2024-12,2010-01,2023-10,2024-11,996
erased_12,,,,167,annual,2025-01,2010-01,2023-11,2024-12,1002
erased_12,,,,168,annual,2025-02,2010-01,2023-12,2025-01,1008
erased_12,,,,169,annual,2025-03,2010-01,2024-01,2025-02,1014
erased_12,,,,170,annual,2025-04,2010-01,2024-02,2025-03,1020
erased_12,,,,171,annual,2025-05,2010-01,2024-03,2025-04,1026
erased_12,,,,172,annual,2025-06,2010-01,2024-04,2025-05,1032
erased_12,,,,173,annual,2025-07,2010-01,2024-05,2025-06,1038
erased_12,,,,174,annual,2025-08,2010-01,2024-06,2025-07,1044
erased_12,,,,175,annual,2025-09,2010-01,2024-07,2025-08,1050
erased_12,,,,176,annual,2025-10,2010-01,2024-08,2025-09,1056
erased_12,,,,177,annual,2025-11,2010-01,2024-09,2025-10,1062
erased_12,,,,178,annual,2025-12,2010-01,2024-10,2025-11,1068
erased_12,,,,179,annual,2026-01,2010-01,2024-11,2025-12,1074
erased_12,,,,180,annual,2026-02,2010-01,2024-12,2026-01,1080
erased_12,,,,181,annual,2026-03,2010-01,2025-01,2026-02,1086
erased_12,,,,182,annual,2026-04,2010-01,2025-02,2026-03,1092
erased_12,,,,183,annual,2026-05,2010-01,2025-03,2026-04,1098
erased_12,,,,184,annual,2026-06,2010-01,2025-04,2026-05,1104
erased_12,,,,185,annual,2026-07,2010-01,2025-05,2026-06,1110
erased_12,,,,186,annual,2026-08,2010-01,2025-06,2026-07,1116
erased_12,,,,36,structure,2015-02,2011-01,2013-12,2015-01,216
erased_12,,,,37,structure,2015-03,2011-01,2014-01,2015-02,222
erased_12,,,,38,structure,2015-04,2011-01,2014-02,2015-03,228
erased_12,,,,39,structure,2015-05,2011-01,2014-03,2015-04,234
erased_12,,,,40,structure,2015-06,2011-01,2014-04,2015-05,240
erased_12,,,,41,structure,2015-07,2011-01,2014-05,2015-06,246
erased_12,,,,42,structure,2015-08,2011-01,2014-06,2015-07,252
erased_12,,,,43,structure,2015-09,2011-01,2014-07,2015-08,258
erased_12,,,,44,structure,2015-10,2011-01,2014-08,2015-09,264
erased_12,,,,45,structure,2015-11,2011-01,2014-09,2015-10,270
erased_12,,,,46,structure,2015-12,2011-01,2014-10,2015-11,276
erased_12,,,,47,structure,2016-01,2011-01,2014-11,2015-12,282
erased_12,,,,48,structure,2016-02,2011-01,2014-12,2016-01,288
erased_12,,,,49,structure,2016-03,2011-01,2015-01,2016-02,294
erased_12,,,,50,structure,2016-04,2011-01,2015-02,2016-03,300
erased_12,,,,51,structure,2016-05,2011-01,2015-03,2016-04,306
erased_12,,,,52,structure,2016-06,2011-01,2015-04,2016-05,312
erased_12,,,,53,structure,2016-07,2011-01,2015-05,2016-06,318
erased_12,,,,54,structure,2016-08,2011-01,2015-06,2016-07,324
erased_12,,,,55,structure,2016-09,2011-01,2015-07,2016-08,330
erased_12,,,,56,structure,2016-10,2011-01,2015-08,2016-09,336
erased_12,,,,57,structure,2016-11,2011-01,2015-09,2016-10,342
erased_12,,,,58,structure,2016-12,2011-01,2015-10,2016-11,348
erased_12,,,,59,structure,2017-01,2011-01,2015-11,2016-12,354
erased_12,,,,60,structure,2017-02,2011-01,2015-12,2017-01,360
erased_12,,,,61,structure,2017-03,2011-01,2016-01,2017-02,366
erased_12,,,,62,structure,2017-04,2011-01,2016-02,2017-03,372
erased_12,,,,63,structure,2017-05,2011-01,2016-03,2017-04,378
erased_12,,,,64,structure,2017-06,2011-01,2016-04,2017-05,384
erased_12,,,,65,structure,2017-07,2011-01,2016-05,2017-06,390
erased_12,,,,66,structure,2017-08,2011-01,2016-06,2017-07,396
erased_12,,,,67,structure,2017-09,2011-01,2016-07,2017-08,402
erased_12,,,,68,structure,2017-10,2011-01,2016-08,2017-09,408
erased_12,,,,69,structure,2017-11,2011-01,2016-09,2017-10,414
erased_12,,,,70,structure,2017-12,2011-01,2016-10,2017-11,420
erased_12,,,,71,structure,2018-01,2011-01,2016-11,2017-12,426
erased_12,,,,72,structure,2018-02,2011-01,2016-12,2018-01,432
erased_12,,,,73,structure,2018-03,2011-01,2017-01,2018-02,438
erased_12,,,,74,structure,2018-04,2011-01,2017-02,2018-03,444
erased_12,,,,75,structure,2018-05,2011-01,2017-03,2018-04,450
erased_12,,,,76,structure,2018-06,2011-01,2017-04,2018-05,456
erased_12,,,,77,structure,2018-07,2011-01,2017-05,2018-06,462
erased_12,,,,78,structure,2018-08,2011-01,2017-06,2018-07,468
erased_12,,,,79,structure,2018-09,2011-01,2017-07,2018-08,474
erased_12,,,,80,structure,2018-10,2011-01,2017-08,2018-09,480
erased_12,,,,81,structure,2018-11,2011-01,2017-09,2018-10,486
erased_12,,,,82,structure,2018-12,2011-01,2017-10,2018-11,492
erased_12,,,,83,structure,2019-01,2011-01,2017-11,2018-12,498
erased_12,,,,84,structure,2019-02,2011-01,2017-12,2019-01,504
erased_12,,,,85,structure,2019-03,2011-01,2018-01,2019-02,510
erased_12,,,,86,structure,2019-04,2011-01,2018-02,2019-03,516
erased_12,,,,87,structure,2019-05,2011-01,2018-03,2019-04,522
erased_12,,,,88,structure,2019-06,2011-01,2018-04,2019-05,528
erased_12,,,,89,structure,2019-07,2011-01,2018-05,2019-06,534
erased_12,,,,90,structure,2019-08,2011-01,2018-06,2019-07,540
erased_12,,,,91,structure,2019-09,2011-01,2018-07,2019-08,546
erased_12,,,,92,structure,2019-10,2011-01,2018-08,2019-09,552
erased_12,,,,93,structure,2019-11,2011-01,2018-09,2019-10,558
erased_12,,,,94,structure,2019-12,2011-01,2018-10,2019-11,564
erased_12,,,,95,structure,2020-01,2011-01,2018-11,2019-12,570
erased_12,,,,96,structure,2020-02,2011-01,2018-12,2020-01,576
erased_12,,,,97,structure,2020-03,2011-01,2019-01,2020-02,582
erased_12,,,,98,structure,2020-04,2011-01,2019-02,2020-03,588
erased_12,,,,99,structure,2020-05,2011-01,2019-03,2020-04,594
erased_12,,,,100,structure,2020-06,2011-01,2019-04,2020-05,600
erased_12,,,,101,structure,2020-07,2011-01,2019-05,2020-06,606
erased_12,,,,102,structure,2020-08,2011-01,2019-06,2020-07,612
erased_12,,,,103,structure,2020-09,2011-01,2019-07,2020-08,618
erased_12,,,,104,structure,2020-10,2011-01,2019-08,2020-09,624
erased_12,,,,105,structure,2020-11,2011-01,2019-09,2020-10,630
erased_12,,,,106,structure,2020-12,2011-01,2019-10,2020-11,636
erased_12,,,,107,structure,2021-01,2011-01,2019-11,2020-12,642
erased_12,,,,108,structure,2021-02,2011-01,2019-12,2021-01,648
erased_12,,,,109,structure,2021-03,2011-01,2020-01,2021-02,654
erased_12,,,,110,structure,2021-04,2011-01,2020-02,2021-03,660
erased_12,,,,111,structure,2021-05,2011-01,2020-03,2021-04,666
erased_12,,,,112,structure,2021-06,2011-01,2020-04,2021-05,672
erased_12,,,,113,structure,2021-07,2011-01,2020-05,2021-06,678
erased_12,,,,114,structure,2021-08,2011-01,2020-06,2021-07,684
erased_12,,,,115,structure,2021-09,2011-01,2020-07,2021-08,690
erased_12,,,,116,structure,2021-10,2011-01,2020-08,2021-09,696
erased_12,,,,117,structure,2021-11,2011-01,2020-09,2021-10,702
erased_12,,,,118,structure,2021-12,2011-01,2020-10,2021-11,708
erased_12,,,,119,structure,2022-01,2011-01,2020-11,2021-12,714
erased_12,,,,120,structure,2022-02,2011-01,2020-12,2022-01,720
erased_12,,,,121,structure,2022-03,2011-01,2021-01,2022-02,726
erased_12,,,,122,structure,2022-04,2011-01,2021-02,2022-03,732
erased_12,,,,123,structure,2022-05,2011-01,2021-03,2022-04,738
erased_12,,,,124,structure,2022-06,2011-01,2021-04,2022-05,744
erased_12,,,,125,structure,2022-07,2011-01,2021-05,2022-06,750
erased_12,,,,126,structure,2022-08,2011-01,2021-06,2022-07,756
erased_12,,,,127,structure,2022-09,2011-01,2021-07,2022-08,762
erased_12,,,,128,structure,2022-10,2011-01,2021-08,2022-09,768
erased_12,,,,129,structure,2022-11,2011-01,2021-09,2022-10,774
erased_12,,,,130,structure,2022-12,2011-01,2021-10,2022-11,780
erased_12,,,,131,structure,2023-01,2011-01,2021-11,2022-12,786
erased_12,,,,132,structure,2023-02,2011-01,2021-12,2023-01,792
erased_12,,,,133,structure,2023-03,2011-01,2022-01,2023-02,798
erased_12,,,,134,structure,2023-04,2011-01,2022-02,2023-03,804
erased_12,,,,135,structure,2023-05,2011-01,2022-03,2023-04,810
erased_12,,,,136,structure,2023-06,2011-01,2022-04,2023-05,816
erased_12,,,,137,structure,2023-07,2011-01,2022-05,2023-06,822
erased_12,,,,138,structure,2023-08,2011-01,2022-06,2023-07,828
erased_12,,,,139,structure,2023-09,2011-01,2022-07,2023-08,834
erased_12,,,,140,structure,2023-10,2011-01,2022-08,2023-09,840
erased_12,,,,141,structure,2023-11,2011-01,2022-09,2023-10,846
erased_12,,,,142,structure,2023-12,2011-01,2022-10,2023-11,852
erased_12,,,,143,structure,2024-01,2011-01,2022-11,2023-12,858
erased_12,,,,144,structure,2024-02,2011-01,2022-12,2024-01,864
erased_12,,,,145,structure,2024-03,2011-01,2023-01,2024-02,870
erased_12,,,,146,structure,2024-04,2011-01,2023-02,2024-03,876
erased_12,,,,147,structure,2024-05,2011-01,2023-03,2024-04,882
erased_12,,,,148,structure,2024-06,2011-01,2023-04,2024-05,888
erased_12,,,,149,structure,2024-07,2011-01,2023-05,2024-06,894
erased_12,,,,150,structure,2024-08,2011-01,2023-06,2024-07,900
erased_12,,,,151,structure,2024-09,2011-01,2023-07,2024-08,906
erased_12,,,,152,structure,2024-10,2011-01,2023-08,2024-09,912
erased_12,,,,153,structure,2024-11,2011-01,2023-09,2024-10,918
erased_12,,,,154,structure,2024-12,2011-01,2023-10,2024-11,924
erased_12,,,,155,structure,2025-01,2011-01,2023-11,2024-12,930
erased_12,,,,156,structure,2025-02,2011-01,2023-12,2025-01,936
erased_12,,,,157,structure,2025-03,2011-01,2024-01,2025-02,942
erased_12,,,,158,structure,2025-04,2011-01,2024-02,2025-03,948
erased_12,,,,159,structure,2025-05,2011-01,2024-03,2025-04,954
erased_12,,,,160,structure,2025-06,2011-01,2024-04,2025-05,960
erased_12,,,,161,structure,2025-07,2011-01,2024-05,2025-06,966
erased_12,,,,162,structure,2025-08,2011-01,2024-06,2025-07,972
erased_12,,,,163,structure,2025-09,2011-01,2024-07,2025-08,978
erased_12,,,,164,structure,2025-10,2011-01,2024-08,2025-09,984
erased_12,,,,165,structure,2025-11,2011-01,2024-09,2025-10,990
erased_12,,,,166,structure,2025-12,2011-01,2024-10,2025-11,996
erased_12,,,,167,structure,2026-01,2011-01,2024-11,2025-12,1002
erased_12,,,,168,structure,2026-02,2011-01,2024-12,2026-01,1008
erased_12,,,,169,structure,2026-03,2011-01,2025-01,2026-02,1014
erased_12,,,,170,structure,2026-04,2011-01,2025-02,2026-03,1020
erased_12,,,,171,structure,2026-05,2011-01,2025-03,2026-04,1026
erased_12,,,,172,structure,2026-06,2011-01,2025-04,2026-05,1032
erased_12,,,,173,structure,2026-07,2011-01,2025-05,2026-06,1038
erased_12,,,,174,structure,2026-08,2011-01,2025-06,2026-07,1044
erased_12,,,,36,All,2015-02,2011-01,2013-12,2015-01,216
erased_12,,,,37,All,2015-03,2011-01,2014-01,2015-02,222
erased_12,,,,38,All,2015-04,2011-01,2014-02,2015-03,228
erased_12,,,,39,All,2015-05,2011-01,2014-03,2015-04,234
erased_12,,,,40,All,2015-06,2011-01,2014-04,2015-05,240
erased_12,,,,41,All,2015-07,2011-01,2014-05,2015-06,246
erased_12,,,,42,All,2015-08,2011-01,2014-06,2015-07,252
erased_12,,,,43,All,2015-09,2011-01,2014-07,2015-08,258
erased_12,,,,44,All,2015-10,2011-01,2014-08,2015-09,264
erased_12,,,,45,All,2015-11,2011-01,2014-09,2015-10,270
erased_12,,,,46,All,2015-12,2011-01,2014-10,2015-11,276
erased_12,,,,47,All,2016-01,2011-01,2014-11,2015-12,282
erased_12,,,,48,All,2016-02,2011-01,2014-12,2016-01,288
erased_12,,,,49,All,2016-03,2011-01,2015-01,2016-02,294
erased_12,,,,50,All,2016-04,2011-01,2015-02,2016-03,300
erased_12,,,,51,All,2016-05,2011-01,2015-03,2016-04,306
erased_12,,,,52,All,2016-06,2011-01,2015-04,2016-05,312
erased_12,,,,53,All,2016-07,2011-01,2015-05,2016-06,318
erased_12,,,,54,All,2016-08,2011-01,2015-06,2016-07,324
erased_12,,,,55,All,2016-09,2011-01,2015-07,2016-08,330
erased_12,,,,56,All,2016-10,2011-01,2015-08,2016-09,336
erased_12,,,,57,All,2016-11,2011-01,2015-09,2016-10,342
erased_12,,,,58,All,2016-12,2011-01,2015-10,2016-11,348
erased_12,,,,59,All,2017-01,2011-01,2015-11,2016-12,354
erased_12,,,,60,All,2017-02,2011-01,2015-12,2017-01,360
erased_12,,,,61,All,2017-03,2011-01,2016-01,2017-02,366
erased_12,,,,62,All,2017-04,2011-01,2016-02,2017-03,372
erased_12,,,,63,All,2017-05,2011-01,2016-03,2017-04,378
erased_12,,,,64,All,2017-06,2011-01,2016-04,2017-05,384
erased_12,,,,65,All,2017-07,2011-01,2016-05,2017-06,390
erased_12,,,,66,All,2017-08,2011-01,2016-06,2017-07,396
erased_12,,,,67,All,2017-09,2011-01,2016-07,2017-08,402
erased_12,,,,68,All,2017-10,2011-01,2016-08,2017-09,408
erased_12,,,,69,All,2017-11,2011-01,2016-09,2017-10,414
erased_12,,,,70,All,2017-12,2011-01,2016-10,2017-11,420
erased_12,,,,71,All,2018-01,2011-01,2016-11,2017-12,426
erased_12,,,,72,All,2018-02,2011-01,2016-12,2018-01,432
erased_12,,,,73,All,2018-03,2011-01,2017-01,2018-02,438
erased_12,,,,74,All,2018-04,2011-01,2017-02,2018-03,444
erased_12,,,,75,All,2018-05,2011-01,2017-03,2018-04,450
erased_12,,,,76,All,2018-06,2011-01,2017-04,2018-05,456
erased_12,,,,77,All,2018-07,2011-01,2017-05,2018-06,462
erased_12,,,,78,All,2018-08,2011-01,2017-06,2018-07,468
erased_12,,,,79,All,2018-09,2011-01,2017-07,2018-08,474
erased_12,,,,80,All,2018-10,2011-01,2017-08,2018-09,480
erased_12,,,,81,All,2018-11,2011-01,2017-09,2018-10,486
erased_12,,,,82,All,2018-12,2011-01,2017-10,2018-11,492
erased_12,,,,83,All,2019-01,2011-01,2017-11,2018-12,498
erased_12,,,,84,All,2019-02,2011-01,2017-12,2019-01,504
erased_12,,,,85,All,2019-03,2011-01,2018-01,2019-02,510
erased_12,,,,86,All,2019-04,2011-01,2018-02,2019-03,516
erased_12,,,,87,All,2019-05,2011-01,2018-03,2019-04,522
erased_12,,,,88,All,2019-06,2011-01,2018-04,2019-05,528
erased_12,,,,89,All,2019-07,2011-01,2018-05,2019-06,534
erased_12,,,,90,All,2019-08,2011-01,2018-06,2019-07,540
erased_12,,,,91,All,2019-09,2011-01,2018-07,2019-08,546
erased_12,,,,92,All,2019-10,2011-01,2018-08,2019-09,552
erased_12,,,,93,All,2019-11,2011-01,2018-09,2019-10,558
erased_12,,,,94,All,2019-12,2011-01,2018-10,2019-11,564
erased_12,,,,95,All,2020-01,2011-01,2018-11,2019-12,570
erased_12,,,,96,All,2020-02,2011-01,2018-12,2020-01,576
erased_12,,,,97,All,2020-03,2011-01,2019-01,2020-02,582
erased_12,,,,98,All,2020-04,2011-01,2019-02,2020-03,588
erased_12,,,,99,All,2020-05,2011-01,2019-03,2020-04,594
erased_12,,,,100,All,2020-06,2011-01,2019-04,2020-05,600
erased_12,,,,101,All,2020-07,2011-01,2019-05,2020-06,606
erased_12,,,,102,All,2020-08,2011-01,2019-06,2020-07,612
erased_12,,,,103,All,2020-09,2011-01,2019-07,2020-08,618
erased_12,,,,104,All,2020-10,2011-01,2019-08,2020-09,624
erased_12,,,,105,All,2020-11,2011-01,2019-09,2020-10,630
erased_12,,,,106,All,2020-12,2011-01,2019-10,2020-11,636
erased_12,,,,107,All,2021-01,2011-01,2019-11,2020-12,642
erased_12,,,,108,All,2021-02,2011-01,2019-12,2021-01,648
erased_12,,,,109,All,2021-03,2011-01,2020-01,2021-02,654
erased_12,,,,110,All,2021-04,2011-01,2020-02,2021-03,660
erased_12,,,,111,All,2021-05,2011-01,2020-03,2021-04,666
erased_12,,,,112,All,2021-06,2011-01,2020-04,2021-05,672
erased_12,,,,113,All,2021-07,2011-01,2020-05,2021-06,678
erased_12,,,,114,All,2021-08,2011-01,2020-06,2021-07,684
erased_12,,,,115,All,2021-09,2011-01,2020-07,2021-08,690
erased_12,,,,116,All,2021-10,2011-01,2020-08,2021-09,696
erased_12,,,,117,All,2021-11,2011-01,2020-09,2021-10,702
erased_12,,,,118,All,2021-12,2011-01,2020-10,2021-11,708
erased_12,,,,119,All,2022-01,2011-01,2020-11,2021-12,714
erased_12,,,,120,All,2022-02,2011-01,2020-12,2022-01,720
erased_12,,,,121,All,2022-03,2011-01,2021-01,2022-02,726
erased_12,,,,122,All,2022-04,2011-01,2021-02,2022-03,732
erased_12,,,,123,All,2022-05,2011-01,2021-03,2022-04,738
erased_12,,,,124,All,2022-06,2011-01,2021-04,2022-05,744
erased_12,,,,125,All,2022-07,2011-01,2021-05,2022-06,750
erased_12,,,,126,All,2022-08,2011-01,2021-06,2022-07,756
erased_12,,,,127,All,2022-09,2011-01,2021-07,2022-08,762
erased_12,,,,128,All,2022-10,2011-01,2021-08,2022-09,768
erased_12,,,,129,All,2022-11,2011-01,2021-09,2022-10,774
erased_12,,,,130,All,2022-12,2011-01,2021-10,2022-11,780
erased_12,,,,131,All,2023-01,2011-01,2021-11,2022-12,786
erased_12,,,,132,All,2023-02,2011-01,2021-12,2023-01,792
erased_12,,,,133,All,2023-03,2011-01,2022-01,2023-02,798
erased_12,,,,134,All,2023-04,2011-01,2022-02,2023-03,804
erased_12,,,,135,All,2023-05,2011-01,2022-03,2023-04,810
erased_12,,,,136,All,2023-06,2011-01,2022-04,2023-05,816
erased_12,,,,137,All,2023-07,2011-01,2022-05,2023-06,822
erased_12,,,,138,All,2023-08,2011-01,2022-06,2023-07,828
erased_12,,,,139,All,2023-09,2011-01,2022-07,2023-08,834
erased_12,,,,140,All,2023-10,2011-01,2022-08,2023-09,840
erased_12,,,,141,All,2023-11,2011-01,2022-09,2023-10,846
erased_12,,,,142,All,2023-12,2011-01,2022-10,2023-11,852
erased_12,,,,143,All,2024-01,2011-01,2022-11,2023-12,858
erased_12,,,,144,All,2024-02,2011-01,2022-12,2024-01,864
erased_12,,,,145,All,2024-03,2011-01,2023-01,2024-02,870
erased_12,,,,146,All,2024-04,2011-01,2023-02,2024-03,876
erased_12,,,,147,All,2024-05,2011-01,2023-03,2024-04,882
erased_12,,,,148,All,2024-06,2011-01,2023-04,2024-05,888
erased_12,,,,149,All,2024-07,2011-01,2023-05,2024-06,894
erased_12,,,,150,All,2024-08,2011-01,2023-06,2024-07,900
erased_12,,,,151,All,2024-09,2011-01,2023-07,2024-08,906
erased_12,,,,152,All,2024-10,2011-01,2023-08,2024-09,912
erased_12,,,,153,All,2024-11,2011-01,2023-09,2024-10,918
erased_12,,,,154,All,2024-12,2011-01,2023-10,2024-11,924
erased_12,,,,155,All,2025-01,2011-01,2023-11,2024-12,930
erased_12,,,,156,All,2025-02,2011-01,2023-12,2025-01,936
erased_12,,,,157,All,2025-03,2011-01,2024-01,2025-02,942
erased_12,,,,158,All,2025-04,2011-01,2024-02,2025-03,948
erased_12,,,,159,All,2025-05,2011-01,2024-03,2025-04,954
erased_12,,,,160,All,2025-06,2011-01,2024-04,2025-05,960
erased_12,,,,161,All,2025-07,2011-01,2024-05,2025-06,966
erased_12,,,,162,All,2025-08,2011-01,2024-06,2025-07,972
erased_12,,,,163,All,2025-09,2011-01,2024-07,2025-08,978
erased_12,,,,164,All,2025-10,2011-01,2024-08,2025-09,984
erased_12,,,,165,All,2025-11,2011-01,2024-09,2025-10,990
erased_12,,,,166,All,2025-12,2011-01,2024-10,2025-11,996
erased_12,,,,167,All,2026-01,2011-01,2024-11,2025-12,1002
erased_12,,,,168,All,2026-02,2011-01,2024-12,2026-01,1008
erased_12,,,,169,All,2026-03,2011-01,2025-01,2026-02,1014
erased_12,,,,170,All,2026-04,2011-01,2025-02,2026-03,1020
erased_12,,,,171,All,2026-05,2011-01,2025-03,2026-04,1026
erased_12,,,,172,All,2026-06,2011-01,2025-04,2026-05,1032
erased_12,,,,173,All,2026-07,2011-01,2025-05,2026-06,1038
erased_12,,,,174,All,2026-08,2011-01,2025-06,2026-07,1044
adverse_36,,,,36,Base,2016-02,2010-01,2012-12,2016-01,216
adverse_36,,,,37,Base,2016-03,2010-01,2013-01,2016-02,222
adverse_36,,,,38,Base,2016-04,2010-01,2013-02,2016-03,228
adverse_36,,,,39,Base,2016-05,2010-01,2013-03,2016-04,234
adverse_36,,,,40,Base,2016-06,2010-01,2013-04,2016-05,240
adverse_36,,,,41,Base,2016-07,2010-01,2013-05,2016-06,246
adverse_36,,,,42,Base,2016-08,2010-01,2013-06,2016-07,252
adverse_36,,,,43,Base,2016-09,2010-01,2013-07,2016-08,258
adverse_36,,,,44,Base,2016-10,2010-01,2013-08,2016-09,264
adverse_36,,,,45,Base,2016-11,2010-01,2013-09,2016-10,270
adverse_36,,,,46,Base,2016-12,2010-01,2013-10,2016-11,276
adverse_36,,,,47,Base,2017-01,2010-01,2013-11,2016-12,282
adverse_36,,,,48,Base,2017-02,2010-01,2013-12,2017-01,288
adverse_36,,,,49,Base,2017-03,2010-01,2014-01,2017-02,294
adverse_36,,,,50,Base,2017-04,2010-01,2014-02,2017-03,300
adverse_36,,,,51,Base,2017-05,2010-01,2014-03,2017-04,306
adverse_36,,,,52,Base,2017-06,2010-01,2014-04,2017-05,312
adverse_36,,,,53,Base,2017-07,2010-01,2014-05,2017-06,318
adverse_36,,,,54,Base,2017-08,2010-01,2014-06,2017-07,324
adverse_36,,,,55,Base,2017-09,2010-01,2014-07,2017-08,330
adverse_36,,,,56,Base,2017-10,2010-01,2014-08,2017-09,336
adverse_36,,,,57,Base,2017-11,2010-01,2014-09,2017-10,342
adverse_36,,,,58,Base,2017-12,2010-01,2014-10,2017-11,348
adverse_36,,,,59,Base,2018-01,2010-01,2014-11,2017-12,354
adverse_36,,,,60,Base,2018-02,2010-01,2014-12,2018-01,360
adverse_36,,,,61,Base,2018-03,2010-01,2015-01,2018-02,366
adverse_36,,,,62,Base,2018-04,2010-01,2015-02,2018-03,372
adverse_36,,,,63,Base,2018-05,2010-01,2015-03,2018-04,378
adverse_36,,,,64,Base,2018-06,2010-01,2015-04,2018-05,384
adverse_36,,,,65,Base,2018-07,2010-01,2015-05,2018-06,390
adverse_36,,,,66,Base,2018-08,2010-01,2015-06,2018-07,396
adverse_36,,,,67,Base,2018-09,2010-01,2015-07,2018-08,402
adverse_36,,,,68,Base,2018-10,2010-01,2015-08,2018-09,408
adverse_36,,,,69,Base,2018-11,2010-01,2015-09,2018-10,414
adverse_36,,,,70,Base,2018-12,2010-01,2015-10,2018-11,420
adverse_36,,,,71,Base,2019-01,2010-01,2015-11,2018-12,426
adverse_36,,,,72,Base,2019-02,2010-01,2015-12,2019-01,432
adverse_36,,,,73,Base,2019-03,2010-01,2016-01,2019-02,438
adverse_36,,,,74,Base,2019-04,2010-01,2016-02,2019-03,444
adverse_36,,,,75,Base,2019-05,2010-01,2016-03,2019-04,450
adverse_36,,,,76,Base,2019-06,2010-01,2016-04,2019-05,456
adverse_36,,,,77,Base,2019-07,2010-01,2016-05,2019-06,462
adverse_36,,,,78,Base,2019-08,2010-01,2016-06,2019-07,468
adverse_36,,,,79,Base,2019-09,2010-01,2016-07,2019-08,474
adverse_36,,,,80,Base,2019-10,2010-01,2016-08,2019-09,480
adverse_36,,,,81,Base,2019-11,2010-01,2016-09,2019-10,486
adverse_36,,,,82,Base,2019-12,2010-01,2016-10,2019-11,492
adverse_36,,,,83,Base,2020-01,2010-01,2016-11,2019-12,498
adverse_36,,,,84,Base,2020-02,2010-01,2016-12,2020-01,504
adverse_36,,,,85,Base,2020-03,2010-01,2017-01,2020-02,510
adverse_36,,,,86,Base,2020-04,2010-01,2017-02,2020-03,516
adverse_36,,,,87,Base,2020-05,2010-01,2017-03,2020-04,522
adverse_36,,,,88,Base,2020-06,2010-01,2017-04,2020-05,528
adverse_36,,,,89,Base,2020-07,2010-01,2017-05,2020-06,534
adverse_36,,,,90,Base,2020-08,2010-01,2017-06,2020-07,540
adverse_36,,,,91,Base,2020-09,2010-01,2017-07,2020-08,546
adverse_36,,,,92,Base,2020-10,2010-01,2017-08,2020-09,552
adverse_36,,,,93,Base,2020-11,2010-01,2017-09,2020-10,558
adverse_36,,,,94,Base,2020-12,2010-01,2017-10,2020-11,564
adverse_36,,,,95,Base,2021-01,2010-01,2017-11,2020-12,570
adverse_36,,,,96,Base,2021-02,2010-01,2017-12,2021-01,576
adverse_36,,,,97,Base,2021-03,2010-01,2018-01,2021-02,582
adverse_36,,,,98,Base,2021-04,2010-01,2018-02,2021-03,588
adverse_36,,,,99,Base,2021-05,2010-01,2018-03,2021-04,594
adverse_36,,,,100,Base,2021-06,2010-01,2018-04,2021-05,600
adverse_36,,,,101,Base,2021-07,2010-01,2018-05,2021-06,606
adverse_36,,,,102,Base,2021-08,2010-01,2018-06,2021-07,612
adverse_36,,,,103,Base,2021-09,2010-01,2018-07,2021-08,618
adverse_36,,,,104,Base,2021-10,2010-01,2018-08,2021-09,624
adverse_36,,,,105,Base,2021-11,2010-01,2018-09,2021-10,630
adverse_36,,,,106,Base,2021-12,2010-01,2018-10,2021-11,636
adverse_36,,,,107,Base,2022-01,2010-01,2018-11,2021-12,642
adverse_36,,,,108,Base,2022-02,2010-01,2018-12,2022-01,648
adverse_36,,,,109,Base,2022-03,2010-01,2019-01,2022-02,654
adverse_36,,,,110,Base,2022-04,2010-01,2019-02,2022-03,660
adverse_36,,,,111,Base,2022-05,2010-01,2019-03,2022-04,666
adverse_36,,,,112,Base,2022-06,2010-01,2019-04,2022-05,672
adverse_36,,,,113,Base,2022-07,2010-01,2019-05,2022-06,678
adverse_36,,,,114,Base,2022-08,2010-01,2019-06,2022-07,684
adverse_36,,,,115,Base,2022-09,2010-01,2019-07,2022-08,690
adverse_36,,,,116,Base,2022-10,2010-01,2019-08,2022-09,696
adverse_36,,,,117,Base,2022-11,2010-01,2019-09,2022-10,702
adverse_36,,,,118,Base,2022-12,2010-01,2019-10,2022-11,708
adverse_36,,,,119,Base,2023-01,2010-01,2019-11,2022-12,714
adverse_36,,,,120,Base,2023-02,2010-01,2019-12,2023-01,720
adverse_36,,,,121,Base,2023-03,2010-01,2020-01,2023-02,726
adverse_36,,,,122,Base,2023-04,2010-01,2020-02,2023-03,732
adverse_36,,,,123,Base,2023-05,2010-01,2020-03,2023-04,738
adverse_36,,,,124,Base,2023-06,2010-01,2020-04,2023-05,744
adverse_36,,,,125,Base,2023-07,2010-01,2020-05,2023-06,750
adverse_36,,,,126,Base,2023-08,2010-01,2020-06,2023-07,756
adverse_36,,,,127,Base,2023-09,2010-01,2020-07,2023-08,762
adverse_36,,,,128,Base,2023-10,2010-01,2020-08,2023-09,768
adverse_36,,,,129,Base,2023-11,2010-01,2020-09,2023-10,774
adverse_36,,,,130,Base,2023-12,2010-01,2020-10,2023-11,780
adverse_36,,,,131,Base,2024-01,2010-01,2020-11,2023-12,786
adverse_36,,,,132,Base,2024-02,2010-01,2020-12,2024-01,792
adverse_36,,,,133,Base,2024-03,2010-01,2021-01,2024-02,798
adverse_36,,,,134,Base,2024-04,2010-01,2021-02,2024-03,804
adverse_36,,,,135,Base,2024-05,2010-01,2021-03,2024-04,810
adverse_36,,,,136,Base,2024-06,2010-01,2021-04,2024-05,816
adverse_36,,,,137,Base,2024-07,2010-01,2021-05,2024-06,822
adverse_36,,,,138,Base,2024-08,2010-01,2021-06,2024-07,828
adverse_36,,,,139,Base,2024-09,2010-01,2021-07,2024-08,834
adverse_36,,,,140,Base,2024-10,2010-01,2021-08,2024-09,840
adverse_36,,,,141,Base,2024-11,2010-01,2021-09,2024-10,846
adverse_36,,,,142,Base,2024-12,2010-01,2021-10,2024-11,852
adverse_36,,,,143,Base,2025-01,2010-01,2021-11,2024-12,858
adverse_36,,,,144,Base,2025-02,2010-01,2021-12,2025-01,864
adverse_36,,,,145,Base,2025-03,2010-01,2022-01,2025-02,870
adverse_36,,,,146,Base,2025-04,2010-01,2022-02,2025-03,876
adverse_36,,,,147,Base,2025-05,2010-01,2022-03,2025-04,882
adverse_36,,,,148,Base,2025-06,2010-01,2022-04,2025-05,888
adverse_36,,,,149,Base,2025-07,2010-01,2022-05,2025-06,894
adverse_36,,,,150,Base,2025-08,2010-01,2022-06,2025-07,900
adverse_36,,,,151,Base,2025-09,2010-01,2022-07,2025-08,906
adverse_36,,,,152,Base,2025-10,2010-01,2022-08,2025-09,912
adverse_36,,,,153,Base,2025-11,2010-01,2022-09,2025-10,918
adverse_36,,,,154,Base,2025-12,2010-01,2022-10,2025-11,924
adverse_36,,,,155,Base,2026-01,2010-01,2022-11,2025-12,930
adverse_36,,,,156,Base,2026-02,2010-01,2022-12,2026-01,936
adverse_36,,,,157,Base,2026-03,2010-01,2023-01,2026-02,942
adverse_36,,,,158,Base,2026-04,2010-01,2023-02,2026-03,948
adverse_36,,,,159,Base,2026-05,2010-01,2023-03,2026-04,954
adverse_36,,,,160,Base,2026-06,2010-01,2023-04,2026-05,960
adverse_36,,,,161,Base,2026-07,2010-01,2023-05,2026-06,966
adverse_36,,,,162,Base,2026-08,2010-01,2023-06,2026-07,972
adverse_36,,,,36,fixed,2016-02,2010-01,2012-12,2016-01,216
adverse_36,,,,37,fixed,2016-03,2010-01,2013-01,2016-02,222
adverse_36,,,,38,fixed,2016-04,2010-01,2013-02,2016-03,228
adverse_36,,,,39,fixed,2016-05,2010-01,2013-03,2016-04,234
adverse_36,,,,40,fixed,2016-06,2010-01,2013-04,2016-05,240
adverse_36,,,,41,fixed,2016-07,2010-01,2013-05,2016-06,246
adverse_36,,,,42,fixed,2016-08,2010-01,2013-06,2016-07,252
adverse_36,,,,43,fixed,2016-09,2010-01,2013-07,2016-08,258
adverse_36,,,,44,fixed,2016-10,2010-01,2013-08,2016-09,264
adverse_36,,,,45,fixed,2016-11,2010-01,2013-09,2016-10,270
adverse_36,,,,46,fixed,2016-12,2010-01,2013-10,2016-11,276
adverse_36,,,,47,fixed,2017-01,2010-01,2013-11,2016-12,282
adverse_36,,,,48,fixed,2017-02,2010-01,2013-12,2017-01,288
adverse_36,,,,49,fixed,2017-03,2010-01,2014-01,2017-02,294
adverse_36,,,,50,fixed,2017-04,2010-01,2014-02,2017-03,300
adverse_36,,,,51,fixed,2017-05,2010-01,2014-03,2017-04,306
adverse_36,,,,52,fixed,2017-06,2010-01,2014-04,2017-05,312
adverse_36,,,,53,fixed,2017-07,2010-01,2014-05,2017-06,318
adverse_36,,,,54,fixed,2017-08,2010-01,2014-06,2017-07,324
adverse_36,,,,55,fixed,2017-09,2010-01,2014-07,2017-08,330
adverse_36,,,,56,fixed,2017-10,2010-01,2014-08,2017-09,336
adverse_36,,,,57,fixed,2017-11,2010-01,2014-09,2017-10,342
adverse_36,,,,58,fixed,2017-12,2010-01,2014-10,2017-11,348
adverse_36,,,,59,fixed,2018-01,2010-01,2014-11,2017-12,354
adverse_36,,,,60,fixed,2018-02,2010-01,2014-12,2018-01,360
adverse_36,,,,61,fixed,2018-03,2010-01,2015-01,2018-02,366
adverse_36,,,,62,fixed,2018-04,2010-01,2015-02,2018-03,372
adverse_36,,,,63,fixed,2018-05,2010-01,2015-03,2018-04,378
adverse_36,,,,64,fixed,2018-06,2010-01,2015-04,2018-05,384
adverse_36,,,,65,fixed,2018-07,2010-01,2015-05,2018-06,390
adverse_36,,,,66,fixed,2018-08,2010-01,2015-06,2018-07,396
adverse_36,,,,67,fixed,2018-09,2010-01,2015-07,2018-08,402
adverse_36,,,,68,fixed,2018-10,2010-01,2015-08,2018-09,408
adverse_36,,,,69,fixed,2018-11,2010-01,2015-09,2018-10,414
adverse_36,,,,70,fixed,2018-12,2010-01,2015-10,2018-11,420
adverse_36,,,,71,fixed,2019-01,2010-01,2015-11,2018-12,426
adverse_36,,,,72,fixed,2019-02,2010-01,2015-12,2019-01,432
adverse_36,,,,73,fixed,2019-03,2010-01,2016-01,2019-02,438
adverse_36,,,,74,fixed,2019-04,2010-01,2016-02,2019-03,444
adverse_36,,,,75,fixed,2019-05,2010-01,2016-03,2019-04,450
adverse_36,,,,76,fixed,2019-06,2010-01,2016-04,2019-05,456
adverse_36,,,,77,fixed,2019-07,2010-01,2016-05,2019-06,462
adverse_36,,,,78,fixed,2019-08,2010-01,2016-06,2019-07,468
adverse_36,,,,79,fixed,2019-09,2010-01,2016-07,2019-08,474
adverse_36,,,,80,fixed,2019-10,2010-01,2016-08,2019-09,480
adverse_36,,,,81,fixed,2019-11,2010-01,2016-09,2019-10,486
adverse_36,,,,82,fixed,2019-12,2010-01,2016-10,2019-11,492
adverse_36,,,,83,fixed,2020-01,2010-01,2016-11,2019-12,498
adverse_36,,,,84,fixed,2020-02,2010-01,2016-12,2020-01,504
adverse_36,,,,85,fixed,2020-03,2010-01,2017-01,2020-02,510
adverse_36,,,,86,fixed,2020-04,2010-01,2017-02,2020-03,516
adverse_36,,,,87,fixed,2020-05,2010-01,2017-03,2020-04,522
adverse_36,,,,88,fixed,2020-06,2010-01,2017-04,2020-05,528
adverse_36,,,,89,fixed,2020-07,2010-01,2017-05,2020-06,534
adverse_36,,,,90,fixed,2020-08,2010-01,2017-06,2020-07,540
adverse_36,,,,91,fixed,2020-09,2010-01,2017-07,2020-08,546
adverse_36,,,,92,fixed,2020-10,2010-01,2017-08,2020-09,552
adverse_36,,,,93,fixed,2020-11,2010-01,2017-09,2020-10,558
adverse_36,,,,94,fixed,2020-12,2010-01,2017-10,2020-11,564
adverse_36,,,,95,fixed,2021-01,2010-01,2017-11,2020-12,570
adverse_36,,,,96,fixed,2021-02,2010-01,2017-12,2021-01,576
adverse_36,,,,97,fixed,2021-03,2010-01,2018-01,2021-02,582
adverse_36,,,,98,fixed,2021-04,2010-01,2018-02,2021-03,588
adverse_36,,,,99,fixed,2021-05,2010-01,2018-03,2021-04,594
adverse_36,,,,100,fixed,2021-06,2010-01,2018-04,2021-05,600
adverse_36,,,,101,fixed,2021-07,2010-01,2018-05,2021-06,606
adverse_36,,,,102,fixed,2021-08,2010-01,2018-06,2021-07,612
adverse_36,,,,103,fixed,2021-09,2010-01,2018-07,2021-08,618
adverse_36,,,,104,fixed,2021-10,2010-01,2018-08,2021-09,624
adverse_36,,,,105,fixed,2021-11,2010-01,2018-09,2021-10,630
adverse_36,,,,106,fixed,2021-12,2010-01,2018-10,2021-11,636
adverse_36,,,,107,fixed,2022-01,2010-01,2018-11,2021-12,642
adverse_36,,,,108,fixed,2022-02,2010-01,2018-12,2022-01,648
adverse_36,,,,109,fixed,2022-03,2010-01,2019-01,2022-02,654
adverse_36,,,,110,fixed,2022-04,2010-01,2019-02,2022-03,660
adverse_36,,,,111,fixed,2022-05,2010-01,2019-03,2022-04,666
adverse_36,,,,112,fixed,2022-06,2010-01,2019-04,2022-05,672
adverse_36,,,,113,fixed,2022-07,2010-01,2019-05,2022-06,678
adverse_36,,,,114,fixed,2022-08,2010-01,2019-06,2022-07,684
adverse_36,,,,115,fixed,2022-09,2010-01,2019-07,2022-08,690
adverse_36,,,,116,fixed,2022-10,2010-01,2019-08,2022-09,696
adverse_36,,,,117,fixed,2022-11,2010-01,2019-09,2022-10,702
adverse_36,,,,118,fixed,2022-12,2010-01,2019-10,2022-11,708
adverse_36,,,,119,fixed,2023-01,2010-01,2019-11,2022-12,714
adverse_36,,,,120,fixed,2023-02,2010-01,2019-12,2023-01,720
adverse_36,,,,121,fixed,2023-03,2010-01,2020-01,2023-02,726
adverse_36,,,,122,fixed,2023-04,2010-01,2020-02,2023-03,732
adverse_36,,,,123,fixed,2023-05,2010-01,2020-03,2023-04,738
adverse_36,,,,124,fixed,2023-06,2010-01,2020-04,2023-05,744
adverse_36,,,,125,fixed,2023-07,2010-01,2020-05,2023-06,750
adverse_36,,,,126,fixed,2023-08,2010-01,2020-06,2023-07,756
adverse_36,,,,127,fixed,2023-09,2010-01,2020-07,2023-08,762
adverse_36,,,,128,fixed,2023-10,2010-01,2020-08,2023-09,768
adverse_36,,,,129,fixed,2023-11,2010-01,2020-09,2023-10,774
adverse_36,,,,130,fixed,2023-12,2010-01,2020-10,2023-11,780
adverse_36,,,,131,fixed,2024-01,2010-01,2020-11,2023-12,786
adverse_36,,,,132,fixed,2024-02,2010-01,2020-12,2024-01,792
adverse_36,,,,133,fixed,2024-03,2010-01,2021-01,2024-02,798
adverse_36,,,,134,fixed,2024-04,2010-01,2021-02,2024-03,804
adverse_36,,,,135,fixed,2024-05,2010-01,2021-03,2024-04,810
adverse_36,,,,136,fixed,2024-06,2010-01,2021-04,2024-05,816
adverse_36,,,,137,fixed,2024-07,2010-01,2021-05,2024-06,822
adverse_36,,,,138,fixed,2024-08,2010-01,2021-06,2024-07,828
adverse_36,,,,139,fixed,2024-09,2010-01,2021-07,2024-08,834
adverse_36,,,,140,fixed,2024-10,2010-01,2021-08,2024-09,840
adverse_36,,,,141,fixed,2024-11,2010-01,2021-09,2024-10,846
adverse_36,,,,142,fixed,2024-12,2010-01,2021-10,2024-11,852
adverse_36,,,,143,fixed,2025-01,2010-01,2021-11,2024-12,858
adverse_36,,,,144,fixed,2025-02,2010-01,2021-12,2025-01,864
adverse_36,,,,145,fixed,2025-03,2010-01,2022-01,2025-02,870
adverse_36,,,,146,fixed,2025-04,2010-01,2022-02,2025-03,876
adverse_36,,,,147,fixed,2025-05,2010-01,2022-03,2025-04,882
adverse_36,,,,148,fixed,2025-06,2010-01,2022-04,2025-05,888
adverse_36,,,,149,fixed,2025-07,2010-01,2022-05,2025-06,894
adverse_36,,,,150,fixed,2025-08,2010-01,2022-06,2025-07,900
adverse_36,,,,151,fixed,2025-09,2010-01,2022-07,2025-08,906
adverse_36,,,,152,fixed,2025-10,2010-01,2022-08,2025-09,912
adverse_36,,,,153,fixed,2025-11,2010-01,2022-09,2025-10,918
adverse_36,,,,154,fixed,2025-12,2010-01,2022-10,2025-11,924
adverse_36,,,,155,fixed,2026-01,2010-01,2022-11,2025-12,930
adverse_36,,,,156,fixed,2026-02,2010-01,2022-12,2026-01,936
adverse_36,,,,157,fixed,2026-03,2010-01,2023-01,2026-02,942
adverse_36,,,,158,fixed,2026-04,2010-01,2023-02,2026-03,948
adverse_36,,,,159,fixed,2026-05,2010-01,2023-03,2026-04,954
adverse_36,,,,160,fixed,2026-06,2010-01,2023-04,2026-05,960
adverse_36,,,,161,fixed,2026-07,2010-01,2023-05,2026-06,966
adverse_36,,,,162,fixed,2026-08,2010-01,2023-06,2026-07,972
adverse_36,,,,36,dynamic,2016-02,2010-01,2012-12,2016-01,216
adverse_36,,,,37,dynamic,2016-03,2010-01,2013-01,2016-02,222
adverse_36,,,,38,dynamic,2016-04,2010-01,2013-02,2016-03,228
adverse_36,,,,39,dynamic,2016-05,2010-01,2013-03,2016-04,234
adverse_36,,,,40,dynamic,2016-06,2010-01,2013-04,2016-05,240
adverse_36,,,,41,dynamic,2016-07,2010-01,2013-05,2016-06,246
adverse_36,,,,42,dynamic,2016-08,2010-01,2013-06,2016-07,252
adverse_36,,,,43,dynamic,2016-09,2010-01,2013-07,2016-08,258
adverse_36,,,,44,dynamic,2016-10,2010-01,2013-08,2016-09,264
adverse_36,,,,45,dynamic,2016-11,2010-01,2013-09,2016-10,270
adverse_36,,,,46,dynamic,2016-12,2010-01,2013-10,2016-11,276
adverse_36,,,,47,dynamic,2017-01,2010-01,2013-11,2016-12,282
adverse_36,,,,48,dynamic,2017-02,2010-01,2013-12,2017-01,288
adverse_36,,,,49,dynamic,2017-03,2010-01,2014-01,2017-02,294
adverse_36,,,,50,dynamic,2017-04,2010-01,2014-02,2017-03,300
adverse_36,,,,51,dynamic,2017-05,2010-01,2014-03,2017-04,306
adverse_36,,,,52,dynamic,2017-06,2010-01,2014-04,2017-05,312
adverse_36,,,,53,dynamic,2017-07,2010-01,2014-05,2017-06,318
adverse_36,,,,54,dynamic,2017-08,2010-01,2014-06,2017-07,324
adverse_36,,,,55,dynamic,2017-09,2010-01,2014-07,2017-08,330
adverse_36,,,,56,dynamic,2017-10,2010-01,2014-08,2017-09,336
adverse_36,,,,57,dynamic,2017-11,2010-01,2014-09,2017-10,342
adverse_36,,,,58,dynamic,2017-12,2010-01,2014-10,2017-11,348
adverse_36,,,,59,dynamic,2018-01,2010-01,2014-11,2017-12,354
adverse_36,,,,60,dynamic,2018-02,2010-01,2014-12,2018-01,360
adverse_36,,,,61,dynamic,2018-03,2010-01,2015-01,2018-02,366
adverse_36,,,,62,dynamic,2018-04,2010-01,2015-02,2018-03,372
adverse_36,,,,63,dynamic,2018-05,2010-01,2015-03,2018-04,378
adverse_36,,,,64,dynamic,2018-06,2010-01,2015-04,2018-05,384
adverse_36,,,,65,dynamic,2018-07,2010-01,2015-05,2018-06,390
adverse_36,,,,66,dynamic,2018-08,2010-01,2015-06,2018-07,396
adverse_36,,,,67,dynamic,2018-09,2010-01,2015-07,2018-08,402
adverse_36,,,,68,dynamic,2018-10,2010-01,2015-08,2018-09,408
adverse_36,,,,69,dynamic,2018-11,2010-01,2015-09,2018-10,414
adverse_36,,,,70,dynamic,2018-12,2010-01,2015-10,2018-11,420
adverse_36,,,,71,dynamic,2019-01,2010-01,2015-11,2018-12,426
adverse_36,,,,72,dynamic,2019-02,2010-01,2015-12,2019-01,432
adverse_36,,,,73,dynamic,2019-03,2010-01,2016-01,2019-02,438
adverse_36,,,,74,dynamic,2019-04,2010-01,2016-02,2019-03,444
adverse_36,,,,75,dynamic,2019-05,2010-01,2016-03,2019-04,450
adverse_36,,,,76,dynamic,2019-06,2010-01,2016-04,2019-05,456
adverse_36,,,,77,dynamic,2019-07,2010-01,2016-05,2019-06,462
adverse_36,,,,78,dynamic,2019-08,2010-01,2016-06,2019-07,468
adverse_36,,,,79,dynamic,2019-09,2010-01,2016-07,2019-08,474
adverse_36,,,,80,dynamic,2019-10,2010-01,2016-08,2019-09,480
adverse_36,,,,81,dynamic,2019-11,2010-01,2016-09,2019-10,486
adverse_36,,,,82,dynamic,2019-12,2010-01,2016-10,2019-11,492
adverse_36,,,,83,dynamic,2020-01,2010-01,2016-11,2019-12,498
adverse_36,,,,84,dynamic,2020-02,2010-01,2016-12,2020-01,504
adverse_36,,,,85,dynamic,2020-03,2010-01,2017-01,2020-02,510
adverse_36,,,,86,dynamic,2020-04,2010-01,2017-02,2020-03,516
adverse_36,,,,87,dynamic,2020-05,2010-01,2017-03,2020-04,522
adverse_36,,,,88,dynamic,2020-06,2010-01,2017-04,2020-05,528
adverse_36,,,,89,dynamic,2020-07,2010-01,2017-05,2020-06,534
adverse_36,,,,90,dynamic,2020-08,2010-01,2017-06,2020-07,540
adverse_36,,,,91,dynamic,2020-09,2010-01,2017-07,2020-08,546
adverse_36,,,,92,dynamic,2020-10,2010-01,2017-08,2020-09,552
adverse_36,,,,93,dynamic,2020-11,2010-01,2017-09,2020-10,558
adverse_36,,,,94,dynamic,2020-12,2010-01,2017-10,2020-11,564
adverse_36,,,,95,dynamic,2021-01,2010-01,2017-11,2020-12,570
adverse_36,,,,96,dynamic,2021-02,2010-01,2017-12,2021-01,576
adverse_36,,,,97,dynamic,2021-03,2010-01,2018-01,2021-02,582
adverse_36,,,,98,dynamic,2021-04,2010-01,2018-02,2021-03,588
adverse_36,,,,99,dynamic,2021-05,2010-01,2018-03,2021-04,594
adverse_36,,,,100,dynamic,2021-06,2010-01,2018-04,2021-05,600
adverse_36,,,,101,dynamic,2021-07,2010-01,2018-05,2021-06,606
adverse_36,,,,102,dynamic,2021-08,2010-01,2018-06,2021-07,612
adverse_36,,,,103,dynamic,2021-09,2010-01,2018-07,2021-08,618
adverse_36,,,,104,dynamic,2021-10,2010-01,2018-08,2021-09,624
adverse_36,,,,105,dynamic,2021-11,2010-01,2018-09,2021-10,630
adverse_36,,,,106,dynamic,2021-12,2010-01,2018-10,2021-11,636
adverse_36,,,,107,dynamic,2022-01,2010-01,2018-11,2021-12,642
adverse_36,,,,108,dynamic,2022-02,2010-01,2018-12,2022-01,648
adverse_36,,,,109,dynamic,2022-03,2010-01,2019-01,2022-02,654
adverse_36,,,,110,dynamic,2022-04,2010-01,2019-02,2022-03,660
adverse_36,,,,111,dynamic,2022-05,2010-01,2019-03,2022-04,666
adverse_36,,,,112,dynamic,2022-06,2010-01,2019-04,2022-05,672
adverse_36,,,,113,dynamic,2022-07,2010-01,2019-05,2022-06,678
adverse_36,,,,114,dynamic,2022-08,2010-01,2019-06,2022-07,684
adverse_36,,,,115,dynamic,2022-09,2010-01,2019-07,2022-08,690
adverse_36,,,,116,dynamic,2022-10,2010-01,2019-08,2022-09,696
adverse_36,,,,117,dynamic,2022-11,2010-01,2019-09,2022-10,702
adverse_36,,,,118,dynamic,2022-12,2010-01,2019-10,2022-11,708
adverse_36,,,,119,dynamic,2023-01,2010-01,2019-11,2022-12,714
adverse_36,,,,120,dynamic,2023-02,2010-01,2019-12,2023-01,720
adverse_36,,,,121,dynamic,2023-03,2010-01,2020-01,2023-02,726
adverse_36,,,,122,dynamic,2023-04,2010-01,2020-02,2023-03,732
adverse_36,,,,123,dynamic,2023-05,2010-01,2020-03,2023-04,738
adverse_36,,,,124,dynamic,2023-06,2010-01,2020-04,2023-05,744
adverse_36,,,,125,dynamic,2023-07,2010-01,2020-05,2023-06,750
adverse_36,,,,126,dynamic,2023-08,2010-01,2020-06,2023-07,756
adverse_36,,,,127,dynamic,2023-09,2010-01,2020-07,2023-08,762
adverse_36,,,,128,dynamic,2023-10,2010-01,2020-08,2023-09,768
adverse_36,,,,129,dynamic,2023-11,2010-01,2020-09,2023-10,774
adverse_36,,,,130,dynamic,2023-12,2010-01,2020-10,2023-11,780
adverse_36,,,,131,dynamic,2024-01,2010-01,2020-11,2023-12,786
adverse_36,,,,132,dynamic,2024-02,2010-01,2020-12,2024-01,792
adverse_36,,,,133,dynamic,2024-03,2010-01,2021-01,2024-02,798
adverse_36,,,,134,dynamic,2024-04,2010-01,2021-02,2024-03,804
adverse_36,,,,135,dynamic,2024-05,2010-01,2021-03,2024-04,810
adverse_36,,,,136,dynamic,2024-06,2010-01,2021-04,2024-05,816
adverse_36,,,,137,dynamic,2024-07,2010-01,2021-05,2024-06,822
adverse_36,,,,138,dynamic,2024-08,2010-01,2021-06,2024-07,828
adverse_36,,,,139,dynamic,2024-09,2010-01,2021-07,2024-08,834
adverse_36,,,,140,dynamic,2024-10,2010-01,2021-08,2024-09,840
adverse_36,,,,141,dynamic,2024-11,2010-01,2021-09,2024-10,846
adverse_36,,,,142,dynamic,2024-12,2010-01,2021-10,2024-11,852
adverse_36,,,,143,dynamic,2025-01,2010-01,2021-11,2024-12,858
adverse_36,,,,144,dynamic,2025-02,2010-01,2021-12,2025-01,864
adverse_36,,,,145,dynamic,2025-03,2010-01,2022-01,2025-02,870
adverse_36,,,,146,dynamic,2025-04,2010-01,2022-02,2025-03,876
adverse_36,,,,147,dynamic,2025-05,2010-01,2022-03,2025-04,882
adverse_36,,,,148,dynamic,2025-06,2010-01,2022-04,2025-05,888
adverse_36,,,,149,dynamic,2025-07,2010-01,2022-05,2025-06,894
adverse_36,,,,150,dynamic,2025-08,2010-01,2022-06,2025-07,900
adverse_36,,,,151,dynamic,2025-09,2010-01,2022-07,2025-08,906
adverse_36,,,,152,dynamic,2025-10,2010-01,2022-08,2025-09,912
adverse_36,,,,153,dynamic,2025-11,2010-01,2022-09,2025-10,918
adverse_36,,,,154,dynamic,2025-12,2010-01,2022-10,2025-11,924
adverse_36,,,,155,dynamic,2026-01,2010-01,2022-11,2025-12,930
adverse_36,,,,156,dynamic,2026-02,2010-01,2022-12,2026-01,936
adverse_36,,,,157,dynamic,2026-03,2010-01,2023-01,2026-02,942
adverse_36,,,,158,dynamic,2026-04,2010-01,2023-02,2026-03,948
adverse_36,,,,159,dynamic,2026-05,2010-01,2023-03,2026-04,954
adverse_36,,,,160,dynamic,2026-06,2010-01,2023-04,2026-05,960
adverse_36,,,,161,dynamic,2026-07,2010-01,2023-05,2026-06,966
adverse_36,,,,162,dynamic,2026-08,2010-01,2023-06,2026-07,972
adverse_36,,,,36,annual,2016-02,2010-01,2012-12,2016-01,216
adverse_36,,,,37,annual,2016-03,2010-01,2013-01,2016-02,222
adverse_36,,,,38,annual,2016-04,2010-01,2013-02,2016-03,228
adverse_36,,,,39,annual,2016-05,2010-01,2013-03,2016-04,234
adverse_36,,,,40,annual,2016-06,2010-01,2013-04,2016-05,240
adverse_36,,,,41,annual,2016-07,2010-01,2013-05,2016-06,246
adverse_36,,,,42,annual,2016-08,2010-01,2013-06,2016-07,252
adverse_36,,,,43,annual,2016-09,2010-01,2013-07,2016-08,258
adverse_36,,,,44,annual,2016-10,2010-01,2013-08,2016-09,264
adverse_36,,,,45,annual,2016-11,2010-01,2013-09,2016-10,270
adverse_36,,,,46,annual,2016-12,2010-01,2013-10,2016-11,276
adverse_36,,,,47,annual,2017-01,2010-01,2013-11,2016-12,282
adverse_36,,,,48,annual,2017-02,2010-01,2013-12,2017-01,288
adverse_36,,,,49,annual,2017-03,2010-01,2014-01,2017-02,294
adverse_36,,,,50,annual,2017-04,2010-01,2014-02,2017-03,300
adverse_36,,,,51,annual,2017-05,2010-01,2014-03,2017-04,306
adverse_36,,,,52,annual,2017-06,2010-01,2014-04,2017-05,312
adverse_36,,,,53,annual,2017-07,2010-01,2014-05,2017-06,318
adverse_36,,,,54,annual,2017-08,2010-01,2014-06,2017-07,324
adverse_36,,,,55,annual,2017-09,2010-01,2014-07,2017-08,330
adverse_36,,,,56,annual,2017-10,2010-01,2014-08,2017-09,336
adverse_36,,,,57,annual,2017-11,2010-01,2014-09,2017-10,342
adverse_36,,,,58,annual,2017-12,2010-01,2014-10,2017-11,348
adverse_36,,,,59,annual,2018-01,2010-01,2014-11,2017-12,354
adverse_36,,,,60,annual,2018-02,2010-01,2014-12,2018-01,360
adverse_36,,,,61,annual,2018-03,2010-01,2015-01,2018-02,366
adverse_36,,,,62,annual,2018-04,2010-01,2015-02,2018-03,372
adverse_36,,,,63,annual,2018-05,2010-01,2015-03,2018-04,378
adverse_36,,,,64,annual,2018-06,2010-01,2015-04,2018-05,384
adverse_36,,,,65,annual,2018-07,2010-01,2015-05,2018-06,390
adverse_36,,,,66,annual,2018-08,2010-01,2015-06,2018-07,396
adverse_36,,,,67,annual,2018-09,2010-01,2015-07,2018-08,402
adverse_36,,,,68,annual,2018-10,2010-01,2015-08,2018-09,408
adverse_36,,,,69,annual,2018-11,2010-01,2015-09,2018-10,414
adverse_36,,,,70,annual,2018-12,2010-01,2015-10,2018-11,420
adverse_36,,,,71,annual,2019-01,2010-01,2015-11,2018-12,426
adverse_36,,,,72,annual,2019-02,2010-01,2015-12,2019-01,432
adverse_36,,,,73,annual,2019-03,2010-01,2016-01,2019-02,438
adverse_36,,,,74,annual,2019-04,2010-01,2016-02,2019-03,444
adverse_36,,,,75,annual,2019-05,2010-01,2016-03,2019-04,450
adverse_36,,,,76,annual,2019-06,2010-01,2016-04,2019-05,456
adverse_36,,,,77,annual,2019-07,2010-01,2016-05,2019-06,462
adverse_36,,,,78,annual,2019-08,2010-01,2016-06,2019-07,468
adverse_36,,,,79,annual,2019-09,2010-01,2016-07,2019-08,474
adverse_36,,,,80,annual,2019-10,2010-01,2016-08,2019-09,480
adverse_36,,,,81,annual,2019-11,2010-01,2016-09,2019-10,486
adverse_36,,,,82,annual,2019-12,2010-01,2016-10,2019-11,492
adverse_36,,,,83,annual,2020-01,2010-01,2016-11,2019-12,498
adverse_36,,,,84,annual,2020-02,2010-01,2016-12,2020-01,504
adverse_36,,,,85,annual,2020-03,2010-01,2017-01,2020-02,510
adverse_36,,,,86,annual,2020-04,2010-01,2017-02,2020-03,516
adverse_36,,,,87,annual,2020-05,2010-01,2017-03,2020-04,522
adverse_36,,,,88,annual,2020-06,2010-01,2017-04,2020-05,528
adverse_36,,,,89,annual,2020-07,2010-01,2017-05,2020-06,534
adverse_36,,,,90,annual,2020-08,2010-01,2017-06,2020-07,540
adverse_36,,,,91,annual,2020-09,2010-01,2017-07,2020-08,546
adverse_36,,,,92,annual,2020-10,2010-01,2017-08,2020-09,552
adverse_36,,,,93,annual,2020-11,2010-01,2017-09,2020-10,558
adverse_36,,,,94,annual,2020-12,2010-01,2017-10,2020-11,564
adverse_36,,,,95,annual,2021-01,2010-01,2017-11,2020-12,570
adverse_36,,,,96,annual,2021-02,2010-01,2017-12,2021-01,576
adverse_36,,,,97,annual,2021-03,2010-01,2018-01,2021-02,582
adverse_36,,,,98,annual,2021-04,2010-01,2018-02,2021-03,588
adverse_36,,,,99,annual,2021-05,2010-01,2018-03,2021-04,594
adverse_36,,,,100,annual,2021-06,2010-01,2018-04,2021-05,600
adverse_36,,,,101,annual,2021-07,2010-01,2018-05,2021-06,606
adverse_36,,,,102,annual,2021-08,2010-01,2018-06,2021-07,612
adverse_36,,,,103,annual,2021-09,2010-01,2018-07,2021-08,618
adverse_36,,,,104,annual,2021-10,2010-01,2018-08,2021-09,624
adverse_36,,,,105,annual,2021-11,2010-01,2018-09,2021-10,630
adverse_36,,,,106,annual,2021-12,2010-01,2018-10,2021-11,636
adverse_36,,,,107,annual,2022-01,2010-01,2018-11,2021-12,642
adverse_36,,,,108,annual,2022-02,2010-01,2018-12,2022-01,648
adverse_36,,,,109,annual,2022-03,2010-01,2019-01,2022-02,654
adverse_36,,,,110,annual,2022-04,2010-01,2019-02,2022-03,660
adverse_36,,,,111,annual,2022-05,2010-01,2019-03,2022-04,666
adverse_36,,,,112,annual,2022-06,2010-01,2019-04,2022-05,672
adverse_36,,,,113,annual,2022-07,2010-01,2019-05,2022-06,678
adverse_36,,,,114,annual,2022-08,2010-01,2019-06,2022-07,684
adverse_36,,,,115,annual,2022-09,2010-01,2019-07,2022-08,690
adverse_36,,,,116,annual,2022-10,2010-01,2019-08,2022-09,696
adverse_36,,,,117,annual,2022-11,2010-01,2019-09,2022-10,702
adverse_36,,,,118,annual,2022-12,2010-01,2019-10,2022-11,708
adverse_36,,,,119,annual,2023-01,2010-01,2019-11,2022-12,714
adverse_36,,,,120,annual,2023-02,2010-01,2019-12,2023-01,720
adverse_36,,,,121,annual,2023-03,2010-01,2020-01,2023-02,726
adverse_36,,,,122,annual,2023-04,2010-01,2020-02,2023-03,732
adverse_36,,,,123,annual,2023-05,2010-01,2020-03,2023-04,738
adverse_36,,,,124,annual,2023-06,2010-01,2020-04,2023-05,744
adverse_36,,,,125,annual,2023-07,2010-01,2020-05,2023-06,750
adverse_36,,,,126,annual,2023-08,2010-01,2020-06,2023-07,756
adverse_36,,,,127,annual,2023-09,2010-01,2020-07,2023-08,762
adverse_36,,,,128,annual,2023-10,2010-01,2020-08,2023-09,768
adverse_36,,,,129,annual,2023-11,2010-01,2020-09,2023-10,774
adverse_36,,,,130,annual,2023-12,2010-01,2020-10,2023-11,780
adverse_36,,,,131,annual,2024-01,2010-01,2020-11,2023-12,786
adverse_36,,,,132,annual,2024-02,2010-01,2020-12,2024-01,792
adverse_36,,,,133,annual,2024-03,2010-01,2021-01,2024-02,798
adverse_36,,,,134,annual,2024-04,2010-01,2021-02,2024-03,804
adverse_36,,,,135,annual,2024-05,2010-01,2021-03,2024-04,810
adverse_36,,,,136,annual,2024-06,2010-01,2021-04,2024-05,816
adverse_36,,,,137,annual,2024-07,2010-01,2021-05,2024-06,822
adverse_36,,,,138,annual,2024-08,2010-01,2021-06,2024-07,828
adverse_36,,,,139,annual,2024-09,2010-01,2021-07,2024-08,834
adverse_36,,,,140,annual,2024-10,2010-01,2021-08,2024-09,840
adverse_36,,,,141,annual,2024-11,2010-01,2021-09,2024-10,846
adverse_36,,,,142,annual,2024-12,2010-01,2021-10,2024-11,852
adverse_36,,,,143,annual,2025-01,2010-01,2021-11,2024-12,858
adverse_36,,,,144,annual,2025-02,2010-01,2021-12,2025-01,864
adverse_36,,,,145,annual,2025-03,2010-01,2022-01,2025-02,870
adverse_36,,,,146,annual,2025-04,2010-01,2022-02,2025-03,876
adverse_36,,,,147,annual,2025-05,2010-01,2022-03,2025-04,882
adverse_36,,,,148,annual,2025-06,2010-01,2022-04,2025-05,888
adverse_36,,,,149,annual,2025-07,2010-01,2022-05,2025-06,894
adverse_36,,,,150,annual,2025-08,2010-01,2022-06,2025-07,900
adverse_36,,,,151,annual,2025-09,2010-01,2022-07,2025-08,906
adverse_36,,,,152,annual,2025-10,2010-01,2022-08,2025-09,912
adverse_36,,,,153,annual,2025-11,2010-01,2022-09,2025-10,918
adverse_36,,,,154,annual,2025-12,2010-01,2022-10,2025-11,924
adverse_36,,,,155,annual,2026-01,2010-01,2022-11,2025-12,930
adverse_36,,,,156,annual,2026-02,2010-01,2022-12,2026-01,936
adverse_36,,,,157,annual,2026-03,2010-01,2023-01,2026-02,942
adverse_36,,,,158,annual,2026-04,2010-01,2023-02,2026-03,948
adverse_36,,,,159,annual,2026-05,2010-01,2023-03,2026-04,954
adverse_36,,,,160,annual,2026-06,2010-01,2023-04,2026-05,960
adverse_36,,,,161,annual,2026-07,2010-01,2023-05,2026-06,966
adverse_36,,,,162,annual,2026-08,2010-01,2023-06,2026-07,972
adverse_36,,,,36,structure,2017-02,2011-01,2013-12,2017-01,216
adverse_36,,,,37,structure,2017-03,2011-01,2014-01,2017-02,222
adverse_36,,,,38,structure,2017-04,2011-01,2014-02,2017-03,228
adverse_36,,,,39,structure,2017-05,2011-01,2014-03,2017-04,234
adverse_36,,,,40,structure,2017-06,2011-01,2014-04,2017-05,240
adverse_36,,,,41,structure,2017-07,2011-01,2014-05,2017-06,246
adverse_36,,,,42,structure,2017-08,2011-01,2014-06,2017-07,252
adverse_36,,,,43,structure,2017-09,2011-01,2014-07,2017-08,258
adverse_36,,,,44,structure,2017-10,2011-01,2014-08,2017-09,264
adverse_36,,,,45,structure,2017-11,2011-01,2014-09,2017-10,270
adverse_36,,,,46,structure,2017-12,2011-01,2014-10,2017-11,276
adverse_36,,,,47,structure,2018-01,2011-01,2014-11,2017-12,282
adverse_36,,,,48,structure,2018-02,2011-01,2014-12,2018-01,288
adverse_36,,,,49,structure,2018-03,2011-01,2015-01,2018-02,294
adverse_36,,,,50,structure,2018-04,2011-01,2015-02,2018-03,300
adverse_36,,,,51,structure,2018-05,2011-01,2015-03,2018-04,306
adverse_36,,,,52,structure,2018-06,2011-01,2015-04,2018-05,312
adverse_36,,,,53,structure,2018-07,2011-01,2015-05,2018-06,318
adverse_36,,,,54,structure,2018-08,2011-01,2015-06,2018-07,324
adverse_36,,,,55,structure,2018-09,2011-01,2015-07,2018-08,330
adverse_36,,,,56,structure,2018-10,2011-01,2015-08,2018-09,336
adverse_36,,,,57,structure,2018-11,2011-01,2015-09,2018-10,342
adverse_36,,,,58,structure,2018-12,2011-01,2015-10,2018-11,348
adverse_36,,,,59,structure,2019-01,2011-01,2015-11,2018-12,354
adverse_36,,,,60,structure,2019-02,2011-01,2015-12,2019-01,360
adverse_36,,,,61,structure,2019-03,2011-01,2016-01,2019-02,366
adverse_36,,,,62,structure,2019-04,2011-01,2016-02,2019-03,372
adverse_36,,,,63,structure,2019-05,2011-01,2016-03,2019-04,378
adverse_36,,,,64,structure,2019-06,2011-01,2016-04,2019-05,384
adverse_36,,,,65,structure,2019-07,2011-01,2016-05,2019-06,390
adverse_36,,,,66,structure,2019-08,2011-01,2016-06,2019-07,396
adverse_36,,,,67,structure,2019-09,2011-01,2016-07,2019-08,402
adverse_36,,,,68,structure,2019-10,2011-01,2016-08,2019-09,408
adverse_36,,,,69,structure,2019-11,2011-01,2016-09,2019-10,414
adverse_36,,,,70,structure,2019-12,2011-01,2016-10,2019-11,420
adverse_36,,,,71,structure,2020-01,2011-01,2016-11,2019-12,426
adverse_36,,,,72,structure,2020-02,2011-01,2016-12,2020-01,432
adverse_36,,,,73,structure,2020-03,2011-01,2017-01,2020-02,438
adverse_36,,,,74,structure,2020-04,2011-01,2017-02,2020-03,444
adverse_36,,,,75,structure,2020-05,2011-01,2017-03,2020-04,450
adverse_36,,,,76,structure,2020-06,2011-01,2017-04,2020-05,456
adverse_36,,,,77,structure,2020-07,2011-01,2017-05,2020-06,462
adverse_36,,,,78,structure,2020-08,2011-01,2017-06,2020-07,468
adverse_36,,,,79,structure,2020-09,2011-01,2017-07,2020-08,474
adverse_36,,,,80,structure,2020-10,2011-01,2017-08,2020-09,480
adverse_36,,,,81,structure,2020-11,2011-01,2017-09,2020-10,486
adverse_36,,,,82,structure,2020-12,2011-01,2017-10,2020-11,492
adverse_36,,,,83,structure,2021-01,2011-01,2017-11,2020-12,498
adverse_36,,,,84,structure,2021-02,2011-01,2017-12,2021-01,504
adverse_36,,,,85,structure,2021-03,2011-01,2018-01,2021-02,510
adverse_36,,,,86,structure,2021-04,2011-01,2018-02,2021-03,516
adverse_36,,,,87,structure,2021-05,2011-01,2018-03,2021-04,522
adverse_36,,,,88,structure,2021-06,2011-01,2018-04,2021-05,528
adverse_36,,,,89,structure,2021-07,2011-01,2018-05,2021-06,534
adverse_36,,,,90,structure,2021-08,2011-01,2018-06,2021-07,540
adverse_36,,,,91,structure,2021-09,2011-01,2018-07,2021-08,546
adverse_36,,,,92,structure,2021-10,2011-01,2018-08,2021-09,552
adverse_36,,,,93,structure,2021-11,2011-01,2018-09,2021-10,558
adverse_36,,,,94,structure,2021-12,2011-01,2018-10,2021-11,564
adverse_36,,,,95,structure,2022-01,2011-01,2018-11,2021-12,570
adverse_36,,,,96,structure,2022-02,2011-01,2018-12,2022-01,576
adverse_36,,,,97,structure,2022-03,2011-01,2019-01,2022-02,582
adverse_36,,,,98,structure,2022-04,2011-01,2019-02,2022-03,588
adverse_36,,,,99,structure,2022-05,2011-01,2019-03,2022-04,594
adverse_36,,,,100,structure,2022-06,2011-01,2019-04,2022-05,600
adverse_36,,,,101,structure,2022-07,2011-01,2019-05,2022-06,606
adverse_36,,,,102,structure,2022-08,2011-01,2019-06,2022-07,612
adverse_36,,,,103,structure,2022-09,2011-01,2019-07,2022-08,618
adverse_36,,,,104,structure,2022-10,2011-01,2019-08,2022-09,624
adverse_36,,,,105,structure,2022-11,2011-01,2019-09,2022-10,630
adverse_36,,,,106,structure,2022-12,2011-01,2019-10,2022-11,636
adverse_36,,,,107,structure,2023-01,2011-01,2019-11,2022-12,642
adverse_36,,,,108,structure,2023-02,2011-01,2019-12,2023-01,648
adverse_36,,,,109,structure,2023-03,2011-01,2020-01,2023-02,654
adverse_36,,,,110,structure,2023-04,2011-01,2020-02,2023-03,660
adverse_36,,,,111,structure,2023-05,2011-01,2020-03,2023-04,666
adverse_36,,,,112,structure,2023-06,2011-01,2020-04,2023-05,672
adverse_36,,,,113,structure,2023-07,2011-01,2020-05,2023-06,678
adverse_36,,,,114,structure,2023-08,2011-01,2020-06,2023-07,684
adverse_36,,,,115,structure,2023-09,2011-01,2020-07,2023-08,690
adverse_36,,,,116,structure,2023-10,2011-01,2020-08,2023-09,696
adverse_36,,,,117,structure,2023-11,2011-01,2020-09,2023-10,702
adverse_36,,,,118,structure,2023-12,2011-01,2020-10,2023-11,708
adverse_36,,,,119,structure,2024-01,2011-01,2020-11,2023-12,714
adverse_36,,,,120,structure,2024-02,2011-01,2020-12,2024-01,720
adverse_36,,,,121,structure,2024-03,2011-01,2021-01,2024-02,726
adverse_36,,,,122,structure,2024-04,2011-01,2021-02,2024-03,732
adverse_36,,,,123,structure,2024-05,2011-01,2021-03,2024-04,738
adverse_36,,,,124,structure,2024-06,2011-01,2021-04,2024-05,744
adverse_36,,,,125,structure,2024-07,2011-01,2021-05,2024-06,750
adverse_36,,,,126,structure,2024-08,2011-01,2021-06,2024-07,756
adverse_36,,,,127,structure,2024-09,2011-01,2021-07,2024-08,762
adverse_36,,,,128,structure,2024-10,2011-01,2021-08,2024-09,768
adverse_36,,,,129,structure,2024-11,2011-01,2021-09,2024-10,774
adverse_36,,,,130,structure,2024-12,2011-01,2021-10,2024-11,780
adverse_36,,,,131,structure,2025-01,2011-01,2021-11,2024-12,786
adverse_36,,,,132,structure,2025-02,2011-01,2021-12,2025-01,792
adverse_36,,,,133,structure,2025-03,2011-01,2022-01,2025-02,798
adverse_36,,,,134,structure,2025-04,2011-01,2022-02,2025-03,804
adverse_36,,,,135,structure,2025-05,2011-01,2022-03,2025-04,810
adverse_36,,,,136,structure,2025-06,2011-01,2022-04,2025-05,816
adverse_36,,,,137,structure,2025-07,2011-01,2022-05,2025-06,822
adverse_36,,,,138,structure,2025-08,2011-01,2022-06,2025-07,828
adverse_36,,,,139,structure,2025-09,2011-01,2022-07,2025-08,834
adverse_36,,,,140,structure,2025-10,2011-01,2022-08,2025-09,840
adverse_36,,,,141,structure,2025-11,2011-01,2022-09,2025-10,846
adverse_36,,,,142,structure,2025-12,2011-01,2022-10,2025-11,852
adverse_36,,,,143,structure,2026-01,2011-01,2022-11,2025-12,858
adverse_36,,,,144,structure,2026-02,2011-01,2022-12,2026-01,864
adverse_36,,,,145,structure,2026-03,2011-01,2023-01,2026-02,870
adverse_36,,,,146,structure,2026-04,2011-01,2023-02,2026-03,876
adverse_36,,,,147,structure,2026-05,2011-01,2023-03,2026-04,882
adverse_36,,,,148,structure,2026-06,2011-01,2023-04,2026-05,888
adverse_36,,,,149,structure,2026-07,2011-01,2023-05,2026-06,894
adverse_36,,,,150,structure,2026-08,2011-01,2023-06,2026-07,900
adverse_36,,,,36,All,2017-02,2011-01,2013-12,2017-01,216
adverse_36,,,,37,All,2017-03,2011-01,2014-01,2017-02,222
adverse_36,,,,38,All,2017-04,2011-01,2014-02,2017-03,228
adverse_36,,,,39,All,2017-05,2011-01,2014-03,2017-04,234
adverse_36,,,,40,All,2017-06,2011-01,2014-04,2017-05,240
adverse_36,,,,41,All,2017-07,2011-01,2014-05,2017-06,246
adverse_36,,,,42,All,2017-08,2011-01,2014-06,2017-07,252
adverse_36,,,,43,All,2017-09,2011-01,2014-07,2017-08,258
adverse_36,,,,44,All,2017-10,2011-01,2014-08,2017-09,264
adverse_36,,,,45,All,2017-11,2011-01,2014-09,2017-10,270
adverse_36,,,,46,All,2017-12,2011-01,2014-10,2017-11,276
adverse_36,,,,47,All,2018-01,2011-01,2014-11,2017-12,282
adverse_36,,,,48,All,2018-02,2011-01,2014-12,2018-01,288
adverse_36,,,,49,All,2018-03,2011-01,2015-01,2018-02,294
adverse_36,,,,50,All,2018-04,2011-01,2015-02,2018-03,300
adverse_36,,,,51,All,2018-05,2011-01,2015-03,2018-04,306
adverse_36,,,,52,All,2018-06,2011-01,2015-04,2018-05,312
adverse_36,,,,53,All,2018-07,2011-01,2015-05,2018-06,318
adverse_36,,,,54,All,2018-08,2011-01,2015-06,2018-07,324
adverse_36,,,,55,All,2018-09,2011-01,2015-07,2018-08,330
adverse_36,,,,56,All,2018-10,2011-01,2015-08,2018-09,336
adverse_36,,,,57,All,2018-11,2011-01,2015-09,2018-10,342
adverse_36,,,,58,All,2018-12,2011-01,2015-10,2018-11,348
adverse_36,,,,59,All,2019-01,2011-01,2015-11,2018-12,354
adverse_36,,,,60,All,2019-02,2011-01,2015-12,2019-01,360
adverse_36,,,,61,All,2019-03,2011-01,2016-01,2019-02,366
adverse_36,,,,62,All,2019-04,2011-01,2016-02,2019-03,372
adverse_36,,,,63,All,2019-05,2011-01,2016-03,2019-04,378
adverse_36,,,,64,All,2019-06,2011-01,2016-04,2019-05,384
adverse_36,,,,65,All,2019-07,2011-01,2016-05,2019-06,390
adverse_36,,,,66,All,2019-08,2011-01,2016-06,2019-07,396
adverse_36,,,,67,All,2019-09,2011-01,2016-07,2019-08,402
adverse_36,,,,68,All,2019-10,2011-01,2016-08,2019-09,408
adverse_36,,,,69,All,2019-11,2011-01,2016-09,2019-10,414
adverse_36,,,,70,All,2019-12,2011-01,2016-10,2019-11,420
adverse_36,,,,71,All,2020-01,2011-01,2016-11,2019-12,426
adverse_36,,,,72,All,2020-02,2011-01,2016-12,2020-01,432
adverse_36,,,,73,All,2020-03,2011-01,2017-01,2020-02,438
adverse_36,,,,74,All,2020-04,2011-01,2017-02,2020-03,444
adverse_36,,,,75,All,2020-05,2011-01,2017-03,2020-04,450
adverse_36,,,,76,All,2020-06,2011-01,2017-04,2020-05,456
adverse_36,,,,77,All,2020-07,2011-01,2017-05,2020-06,462
adverse_36,,,,78,All,2020-08,2011-01,2017-06,2020-07,468
adverse_36,,,,79,All,2020-09,2011-01,2017-07,2020-08,474
adverse_36,,,,80,All,2020-10,2011-01,2017-08,2020-09,480
adverse_36,,,,81,All,2020-11,2011-01,2017-09,2020-10,486
adverse_36,,,,82,All,2020-12,2011-01,2017-10,2020-11,492
adverse_36,,,,83,All,2021-01,2011-01,2017-11,2020-12,498
adverse_36,,,,84,All,2021-02,2011-01,2017-12,2021-01,504
adverse_36,,,,85,All,2021-03,2011-01,2018-01,2021-02,510
adverse_36,,,,86,All,2021-04,2011-01,2018-02,2021-03,516
adverse_36,,,,87,All,2021-05,2011-01,2018-03,2021-04,522
adverse_36,,,,88,All,2021-06,2011-01,2018-04,2021-05,528
adverse_36,,,,89,All,2021-07,2011-01,2018-05,2021-06,534
adverse_36,,,,90,All,2021-08,2011-01,2018-06,2021-07,540
adverse_36,,,,91,All,2021-09,2011-01,2018-07,2021-08,546
adverse_36,,,,92,All,2021-10,2011-01,2018-08,2021-09,552
adverse_36,,,,93,All,2021-11,2011-01,2018-09,2021-10,558
adverse_36,,,,94,All,2021-12,2011-01,2018-10,2021-11,564
adverse_36,,,,95,All,2022-01,2011-01,2018-11,2021-12,570
adverse_36,,,,96,All,2022-02,2011-01,2018-12,2022-01,576
adverse_36,,,,97,All,2022-03,2011-01,2019-01,2022-02,582
adverse_36,,,,98,All,2022-04,2011-01,2019-02,2022-03,588
adverse_36,,,,99,All,2022-05,2011-01,2019-03,2022-04,594
adverse_36,,,,100,All,2022-06,2011-01,2019-04,2022-05,600
adverse_36,,,,101,All,2022-07,2011-01,2019-05,2022-06,606
adverse_36,,,,102,All,2022-08,2011-01,2019-06,2022-07,612
adverse_36,,,,103,All,2022-09,2011-01,2019-07,2022-08,618
adverse_36,,,,104,All,2022-10,2011-01,2019-08,2022-09,624
adverse_36,,,,105,All,2022-11,2011-01,2019-09,2022-10,630
adverse_36,,,,106,All,2022-12,2011-01,2019-10,2022-11,636
adverse_36,,,,107,All,2023-01,2011-01,2019-11,2022-12,642
adverse_36,,,,108,All,2023-02,2011-01,2019-12,2023-01,648
adverse_36,,,,109,All,2023-03,2011-01,2020-01,2023-02,654
adverse_36,,,,110,All,2023-04,2011-01,2020-02,2023-03,660
adverse_36,,,,111,All,2023-05,2011-01,2020-03,2023-04,666
adverse_36,,,,112,All,2023-06,2011-01,2020-04,2023-05,672
adverse_36,,,,113,All,2023-07,2011-01,2020-05,2023-06,678
adverse_36,,,,114,All,2023-08,2011-01,2020-06,2023-07,684
adverse_36,,,,115,All,2023-09,2011-01,2020-07,2023-08,690
adverse_36,,,,116,All,2023-10,2011-01,2020-08,2023-09,696
adverse_36,,,,117,All,2023-11,2011-01,2020-09,2023-10,702
adverse_36,,,,118,All,2023-12,2011-01,2020-10,2023-11,708
adverse_36,,,,119,All,2024-01,2011-01,2020-11,2023-12,714
adverse_36,,,,120,All,2024-02,2011-01,2020-12,2024-01,720
adverse_36,,,,121,All,2024-03,2011-01,2021-01,2024-02,726
adverse_36,,,,122,All,2024-04,2011-01,2021-02,2024-03,732
adverse_36,,,,123,All,2024-05,2011-01,2021-03,2024-04,738
adverse_36,,,,124,All,2024-06,2011-01,2021-04,2024-05,744
adverse_36,,,,125,All,2024-07,2011-01,2021-05,2024-06,750
adverse_36,,,,126,All,2024-08,2011-01,2021-06,2024-07,756
adverse_36,,,,127,All,2024-09,2011-01,2021-07,2024-08,762
adverse_36,,,,128,All,2024-10,2011-01,2021-08,2024-09,768
adverse_36,,,,129,All,2024-11,2011-01,2021-09,2024-10,774
adverse_36,,,,130,All,2024-12,2011-01,2021-10,2024-11,780
adverse_36,,,,131,All,2025-01,2011-01,2021-11,2024-12,786
adverse_36,,,,132,All,2025-02,2011-01,2021-12,2025-01,792
adverse_36,,,,133,All,2025-03,2011-01,2022-01,2025-02,798
adverse_36,,,,134,All,2025-04,2011-01,2022-02,2025-03,804
adverse_36,,,,135,All,2025-05,2011-01,2022-03,2025-04,810
adverse_36,,,,136,All,2025-06,2011-01,2022-04,2025-05,816
adverse_36,,,,137,All,2025-07,2011-01,2022-05,2025-06,822
adverse_36,,,,138,All,2025-08,2011-01,2022-06,2025-07,828
adverse_36,,,,139,All,2025-09,2011-01,2022-07,2025-08,834
adverse_36,,,,140,All,2025-10,2011-01,2022-08,2025-09,840
adverse_36,,,,141,All,2025-11,2011-01,2022-09,2025-10,846
adverse_36,,,,142,All,2025-12,2011-01,2022-10,2025-11,852
adverse_36,,,,143,All,2026-01,2011-01,2022-11,2025-12,858
adverse_36,,,,144,All,2026-02,2011-01,2022-12,2026-01,864
adverse_36,,,,145,All,2026-03,2011-01,2023-01,2026-02,870
adverse_36,,,,146,All,2026-04,2011-01,2023-02,2026-03,876
adverse_36,,,,147,All,2026-05,2011-01,2023-03,2026-04,882
adverse_36,,,,148,All,2026-06,2011-01,2023-04,2026-05,888
adverse_36,,,,149,All,2026-07,2011-01,2023-05,2026-06,894
adverse_36,,,,150,All,2026-08,2011-01,2023-06,2026-07,900
underwater_36,,,,36,Base,2016-02,2010-01,2012-12,2016-01,216
underwater_36,,,,37,Base,2016-03,2010-01,2013-01,2016-02,222
underwater_36,,,,38,Base,2016-04,2010-01,2013-02,2016-03,228
underwater_36,,,,39,Base,2016-05,2010-01,2013-03,2016-04,234
underwater_36,,,,40,Base,2016-06,2010-01,2013-04,2016-05,240
underwater_36,,,,41,Base,2016-07,2010-01,2013-05,2016-06,246
underwater_36,,,,42,Base,2016-08,2010-01,2013-06,2016-07,252
underwater_36,,,,43,Base,2016-09,2010-01,2013-07,2016-08,258
underwater_36,,,,44,Base,2016-10,2010-01,2013-08,2016-09,264
underwater_36,,,,45,Base,2016-11,2010-01,2013-09,2016-10,270
underwater_36,,,,46,Base,2016-12,2010-01,2013-10,2016-11,276
underwater_36,,,,47,Base,2017-01,2010-01,2013-11,2016-12,282
underwater_36,,,,48,Base,2017-02,2010-01,2013-12,2017-01,288
underwater_36,,,,49,Base,2017-03,2010-01,2014-01,2017-02,294
underwater_36,,,,50,Base,2017-04,2010-01,2014-02,2017-03,300
underwater_36,,,,51,Base,2017-05,2010-01,2014-03,2017-04,306
underwater_36,,,,52,Base,2017-06,2010-01,2014-04,2017-05,312
underwater_36,,,,53,Base,2017-07,2010-01,2014-05,2017-06,318
underwater_36,,,,54,Base,2017-08,2010-01,2014-06,2017-07,324
underwater_36,,,,55,Base,2017-09,2010-01,2014-07,2017-08,330
underwater_36,,,,56,Base,2017-10,2010-01,2014-08,2017-09,336
underwater_36,,,,57,Base,2017-11,2010-01,2014-09,2017-10,342
underwater_36,,,,58,Base,2017-12,2010-01,2014-10,2017-11,348
underwater_36,,,,59,Base,2018-01,2010-01,2014-11,2017-12,354
underwater_36,,,,60,Base,2018-02,2010-01,2014-12,2018-01,360
underwater_36,,,,61,Base,2018-03,2010-01,2015-01,2018-02,366
underwater_36,,,,62,Base,2018-04,2010-01,2015-02,2018-03,372
underwater_36,,,,63,Base,2018-05,2010-01,2015-03,2018-04,378
underwater_36,,,,64,Base,2018-06,2010-01,2015-04,2018-05,384
underwater_36,,,,65,Base,2018-07,2010-01,2015-05,2018-06,390
underwater_36,,,,66,Base,2018-08,2010-01,2015-06,2018-07,396
underwater_36,,,,67,Base,2018-09,2010-01,2015-07,2018-08,402
underwater_36,,,,68,Base,2018-10,2010-01,2015-08,2018-09,408
underwater_36,,,,69,Base,2018-11,2010-01,2015-09,2018-10,414
underwater_36,,,,70,Base,2018-12,2010-01,2015-10,2018-11,420
underwater_36,,,,71,Base,2019-01,2010-01,2015-11,2018-12,426
underwater_36,,,,72,Base,2019-02,2010-01,2015-12,2019-01,432
underwater_36,,,,73,Base,2019-03,2010-01,2016-01,2019-02,438
underwater_36,,,,74,Base,2019-04,2010-01,2016-02,2019-03,444
underwater_36,,,,75,Base,2019-05,2010-01,2016-03,2019-04,450
underwater_36,,,,76,Base,2019-06,2010-01,2016-04,2019-05,456
underwater_36,,,,77,Base,2019-07,2010-01,2016-05,2019-06,462
underwater_36,,,,78,Base,2019-08,2010-01,2016-06,2019-07,468
underwater_36,,,,79,Base,2019-09,2010-01,2016-07,2019-08,474
underwater_36,,,,80,Base,2019-10,2010-01,2016-08,2019-09,480
underwater_36,,,,81,Base,2019-11,2010-01,2016-09,2019-10,486
underwater_36,,,,82,Base,2019-12,2010-01,2016-10,2019-11,492
underwater_36,,,,83,Base,2020-01,2010-01,2016-11,2019-12,498
underwater_36,,,,84,Base,2020-02,2010-01,2016-12,2020-01,504
underwater_36,,,,85,Base,2020-03,2010-01,2017-01,2020-02,510
underwater_36,,,,86,Base,2020-04,2010-01,2017-02,2020-03,516
underwater_36,,,,87,Base,2020-05,2010-01,2017-03,2020-04,522
underwater_36,,,,88,Base,2020-06,2010-01,2017-04,2020-05,528
underwater_36,,,,89,Base,2020-07,2010-01,2017-05,2020-06,534
underwater_36,,,,90,Base,2020-08,2010-01,2017-06,2020-07,540
underwater_36,,,,91,Base,2020-09,2010-01,2017-07,2020-08,546
underwater_36,,,,92,Base,2020-10,2010-01,2017-08,2020-09,552
underwater_36,,,,93,Base,2020-11,2010-01,2017-09,2020-10,558
underwater_36,,,,94,Base,2020-12,2010-01,2017-10,2020-11,564
underwater_36,,,,95,Base,2021-01,2010-01,2017-11,2020-12,570
underwater_36,,,,96,Base,2021-02,2010-01,2017-12,2021-01,576
underwater_36,,,,97,Base,2021-03,2010-01,2018-01,2021-02,582
underwater_36,,,,98,Base,2021-04,2010-01,2018-02,2021-03,588
underwater_36,,,,99,Base,2021-05,2010-01,2018-03,2021-04,594
underwater_36,,,,100,Base,2021-06,2010-01,2018-04,2021-05,600
underwater_36,,,,101,Base,2021-07,2010-01,2018-05,2021-06,606
underwater_36,,,,102,Base,2021-08,2010-01,2018-06,2021-07,612
underwater_36,,,,103,Base,2021-09,2010-01,2018-07,2021-08,618
underwater_36,,,,104,Base,2021-10,2010-01,2018-08,2021-09,624
underwater_36,,,,105,Base,2021-11,2010-01,2018-09,2021-10,630
underwater_36,,,,106,Base,2021-12,2010-01,2018-10,2021-11,636
underwater_36,,,,107,Base,2022-01,2010-01,2018-11,2021-12,642
underwater_36,,,,108,Base,2022-02,2010-01,2018-12,2022-01,648
underwater_36,,,,109,Base,2022-03,2010-01,2019-01,2022-02,654
underwater_36,,,,110,Base,2022-04,2010-01,2019-02,2022-03,660
underwater_36,,,,111,Base,2022-05,2010-01,2019-03,2022-04,666
underwater_36,,,,112,Base,2022-06,2010-01,2019-04,2022-05,672
underwater_36,,,,113,Base,2022-07,2010-01,2019-05,2022-06,678
underwater_36,,,,114,Base,2022-08,2010-01,2019-06,2022-07,684
underwater_36,,,,115,Base,2022-09,2010-01,2019-07,2022-08,690
underwater_36,,,,116,Base,2022-10,2010-01,2019-08,2022-09,696
underwater_36,,,,117,Base,2022-11,2010-01,2019-09,2022-10,702
underwater_36,,,,118,Base,2022-12,2010-01,2019-10,2022-11,708
underwater_36,,,,119,Base,2023-01,2010-01,2019-11,2022-12,714
underwater_36,,,,120,Base,2023-02,2010-01,2019-12,2023-01,720
underwater_36,,,,121,Base,2023-03,2010-01,2020-01,2023-02,726
underwater_36,,,,122,Base,2023-04,2010-01,2020-02,2023-03,732
underwater_36,,,,123,Base,2023-05,2010-01,2020-03,2023-04,738
underwater_36,,,,124,Base,2023-06,2010-01,2020-04,2023-05,744
underwater_36,,,,125,Base,2023-07,2010-01,2020-05,2023-06,750
underwater_36,,,,126,Base,2023-08,2010-01,2020-06,2023-07,756
underwater_36,,,,127,Base,2023-09,2010-01,2020-07,2023-08,762
underwater_36,,,,128,Base,2023-10,2010-01,2020-08,2023-09,768
underwater_36,,,,129,Base,2023-11,2010-01,2020-09,2023-10,774
underwater_36,,,,130,Base,2023-12,2010-01,2020-10,2023-11,780
underwater_36,,,,131,Base,2024-01,2010-01,2020-11,2023-12,786
underwater_36,,,,132,Base,2024-02,2010-01,2020-12,2024-01,792
underwater_36,,,,133,Base,2024-03,2010-01,2021-01,2024-02,798
underwater_36,,,,134,Base,2024-04,2010-01,2021-02,2024-03,804
underwater_36,,,,135,Base,2024-05,2010-01,2021-03,2024-04,810
underwater_36,,,,136,Base,2024-06,2010-01,2021-04,2024-05,816
underwater_36,,,,137,Base,2024-07,2010-01,2021-05,2024-06,822
underwater_36,,,,138,Base,2024-08,2010-01,2021-06,2024-07,828
underwater_36,,,,139,Base,2024-09,2010-01,2021-07,2024-08,834
underwater_36,,,,140,Base,2024-10,2010-01,2021-08,2024-09,840
underwater_36,,,,141,Base,2024-11,2010-01,2021-09,2024-10,846
underwater_36,,,,142,Base,2024-12,2010-01,2021-10,2024-11,852
underwater_36,,,,143,Base,2025-01,2010-01,2021-11,2024-12,858
underwater_36,,,,144,Base,2025-02,2010-01,2021-12,2025-01,864
underwater_36,,,,145,Base,2025-03,2010-01,2022-01,2025-02,870
underwater_36,,,,146,Base,2025-04,2010-01,2022-02,2025-03,876
underwater_36,,,,147,Base,2025-05,2010-01,2022-03,2025-04,882
underwater_36,,,,148,Base,2025-06,2010-01,2022-04,2025-05,888
underwater_36,,,,149,Base,2025-07,2010-01,2022-05,2025-06,894
underwater_36,,,,150,Base,2025-08,2010-01,2022-06,2025-07,900
underwater_36,,,,151,Base,2025-09,2010-01,2022-07,2025-08,906
underwater_36,,,,152,Base,2025-10,2010-01,2022-08,2025-09,912
underwater_36,,,,153,Base,2025-11,2010-01,2022-09,2025-10,918
underwater_36,,,,154,Base,2025-12,2010-01,2022-10,2025-11,924
underwater_36,,,,155,Base,2026-01,2010-01,2022-11,2025-12,930
underwater_36,,,,156,Base,2026-02,2010-01,2022-12,2026-01,936
underwater_36,,,,157,Base,2026-03,2010-01,2023-01,2026-02,942
underwater_36,,,,158,Base,2026-04,2010-01,2023-02,2026-03,948
underwater_36,,,,159,Base,2026-05,2010-01,2023-03,2026-04,954
underwater_36,,,,160,Base,2026-06,2010-01,2023-04,2026-05,960
underwater_36,,,,161,Base,2026-07,2010-01,2023-05,2026-06,966
underwater_36,,,,162,Base,2026-08,2010-01,2023-06,2026-07,972
underwater_36,,,,36,fixed,2016-02,2010-01,2012-12,2016-01,216
underwater_36,,,,37,fixed,2016-03,2010-01,2013-01,2016-02,222
underwater_36,,,,38,fixed,2016-04,2010-01,2013-02,2016-03,228
underwater_36,,,,39,fixed,2016-05,2010-01,2013-03,2016-04,234
underwater_36,,,,40,fixed,2016-06,2010-01,2013-04,2016-05,240
underwater_36,,,,41,fixed,2016-07,2010-01,2013-05,2016-06,246
underwater_36,,,,42,fixed,2016-08,2010-01,2013-06,2016-07,252
underwater_36,,,,43,fixed,2016-09,2010-01,2013-07,2016-08,258
underwater_36,,,,44,fixed,2016-10,2010-01,2013-08,2016-09,264
underwater_36,,,,45,fixed,2016-11,2010-01,2013-09,2016-10,270
underwater_36,,,,46,fixed,2016-12,2010-01,2013-10,2016-11,276
underwater_36,,,,47,fixed,2017-01,2010-01,2013-11,2016-12,282
underwater_36,,,,48,fixed,2017-02,2010-01,2013-12,2017-01,288
underwater_36,,,,49,fixed,2017-03,2010-01,2014-01,2017-02,294
underwater_36,,,,50,fixed,2017-04,2010-01,2014-02,2017-03,300
underwater_36,,,,51,fixed,2017-05,2010-01,2014-03,2017-04,306
underwater_36,,,,52,fixed,2017-06,2010-01,2014-04,2017-05,312
underwater_36,,,,53,fixed,2017-07,2010-01,2014-05,2017-06,318
underwater_36,,,,54,fixed,2017-08,2010-01,2014-06,2017-07,324
underwater_36,,,,55,fixed,2017-09,2010-01,2014-07,2017-08,330
underwater_36,,,,56,fixed,2017-10,2010-01,2014-08,2017-09,336
underwater_36,,,,57,fixed,2017-11,2010-01,2014-09,2017-10,342
underwater_36,,,,58,fixed,2017-12,2010-01,2014-10,2017-11,348
underwater_36,,,,59,fixed,2018-01,2010-01,2014-11,2017-12,354
underwater_36,,,,60,fixed,2018-02,2010-01,2014-12,2018-01,360
underwater_36,,,,61,fixed,2018-03,2010-01,2015-01,2018-02,366
underwater_36,,,,62,fixed,2018-04,2010-01,2015-02,2018-03,372
underwater_36,,,,63,fixed,2018-05,2010-01,2015-03,2018-04,378
underwater_36,,,,64,fixed,2018-06,2010-01,2015-04,2018-05,384
underwater_36,,,,65,fixed,2018-07,2010-01,2015-05,2018-06,390
underwater_36,,,,66,fixed,2018-08,2010-01,2015-06,2018-07,396
underwater_36,,,,67,fixed,2018-09,2010-01,2015-07,2018-08,402
underwater_36,,,,68,fixed,2018-10,2010-01,2015-08,2018-09,408
underwater_36,,,,69,fixed,2018-11,2010-01,2015-09,2018-10,414
underwater_36,,,,70,fixed,2018-12,2010-01,2015-10,2018-11,420
underwater_36,,,,71,fixed,2019-01,2010-01,2015-11,2018-12,426
underwater_36,,,,72,fixed,2019-02,2010-01,2015-12,2019-01,432
underwater_36,,,,73,fixed,2019-03,2010-01,2016-01,2019-02,438
underwater_36,,,,74,fixed,2019-04,2010-01,2016-02,2019-03,444
underwater_36,,,,75,fixed,2019-05,2010-01,2016-03,2019-04,450
underwater_36,,,,76,fixed,2019-06,2010-01,2016-04,2019-05,456
underwater_36,,,,77,fixed,2019-07,2010-01,2016-05,2019-06,462
underwater_36,,,,78,fixed,2019-08,2010-01,2016-06,2019-07,468
underwater_36,,,,79,fixed,2019-09,2010-01,2016-07,2019-08,474
underwater_36,,,,80,fixed,2019-10,2010-01,2016-08,2019-09,480
underwater_36,,,,81,fixed,2019-11,2010-01,2016-09,2019-10,486
underwater_36,,,,82,fixed,2019-12,2010-01,2016-10,2019-11,492
underwater_36,,,,83,fixed,2020-01,2010-01,2016-11,2019-12,498
underwater_36,,,,84,fixed,2020-02,2010-01,2016-12,2020-01,504
underwater_36,,,,85,fixed,2020-03,2010-01,2017-01,2020-02,510
underwater_36,,,,86,fixed,2020-04,2010-01,2017-02,2020-03,516
underwater_36,,,,87,fixed,2020-05,2010-01,2017-03,2020-04,522
underwater_36,,,,88,fixed,2020-06,2010-01,2017-04,2020-05,528
underwater_36,,,,89,fixed,2020-07,2010-01,2017-05,2020-06,534
underwater_36,,,,90,fixed,2020-08,2010-01,2017-06,2020-07,540
underwater_36,,,,91,fixed,2020-09,2010-01,2017-07,2020-08,546
underwater_36,,,,92,fixed,2020-10,2010-01,2017-08,2020-09,552
underwater_36,,,,93,fixed,2020-11,2010-01,2017-09,2020-10,558
underwater_36,,,,94,fixed,2020-12,2010-01,2017-10,2020-11,564
underwater_36,,,,95,fixed,2021-01,2010-01,2017-11,2020-12,570
underwater_36,,,,96,fixed,2021-02,2010-01,2017-12,2021-01,576
underwater_36,,,,97,fixed,2021-03,2010-01,2018-01,2021-02,582
underwater_36,,,,98,fixed,2021-04,2010-01,2018-02,2021-03,588
underwater_36,,,,99,fixed,2021-05,2010-01,2018-03,2021-04,594
underwater_36,,,,100,fixed,2021-06,2010-01,2018-04,2021-05,600
underwater_36,,,,101,fixed,2021-07,2010-01,2018-05,2021-06,606
underwater_36,,,,102,fixed,2021-08,2010-01,2018-06,2021-07,612
underwater_36,,,,103,fixed,2021-09,2010-01,2018-07,2021-08,618
underwater_36,,,,104,fixed,2021-10,2010-01,2018-08,2021-09,624
underwater_36,,,,105,fixed,2021-11,2010-01,2018-09,2021-10,630
underwater_36,,,,106,fixed,2021-12,2010-01,2018-10,2021-11,636
underwater_36,,,,107,fixed,2022-01,2010-01,2018-11,2021-12,642
underwater_36,,,,108,fixed,2022-02,2010-01,2018-12,2022-01,648
underwater_36,,,,109,fixed,2022-03,2010-01,2019-01,2022-02,654
underwater_36,,,,110,fixed,2022-04,2010-01,2019-02,2022-03,660
underwater_36,,,,111,fixed,2022-05,2010-01,2019-03,2022-04,666
underwater_36,,,,112,fixed,2022-06,2010-01,2019-04,2022-05,672
underwater_36,,,,113,fixed,2022-07,2010-01,2019-05,2022-06,678
underwater_36,,,,114,fixed,2022-08,2010-01,2019-06,2022-07,684
underwater_36,,,,115,fixed,2022-09,2010-01,2019-07,2022-08,690
underwater_36,,,,116,fixed,2022-10,2010-01,2019-08,2022-09,696
underwater_36,,,,117,fixed,2022-11,2010-01,2019-09,2022-10,702
underwater_36,,,,118,fixed,2022-12,2010-01,2019-10,2022-11,708
underwater_36,,,,119,fixed,2023-01,2010-01,2019-11,2022-12,714
underwater_36,,,,120,fixed,2023-02,2010-01,2019-12,2023-01,720
underwater_36,,,,121,fixed,2023-03,2010-01,2020-01,2023-02,726
underwater_36,,,,122,fixed,2023-04,2010-01,2020-02,2023-03,732
underwater_36,,,,123,fixed,2023-05,2010-01,2020-03,2023-04,738
underwater_36,,,,124,fixed,2023-06,2010-01,2020-04,2023-05,744
underwater_36,,,,125,fixed,2023-07,2010-01,2020-05,2023-06,750
underwater_36,,,,126,fixed,2023-08,2010-01,2020-06,2023-07,756
underwater_36,,,,127,fixed,2023-09,2010-01,2020-07,2023-08,762
underwater_36,,,,128,fixed,2023-10,2010-01,2020-08,2023-09,768
underwater_36,,,,129,fixed,2023-11,2010-01,2020-09,2023-10,774
underwater_36,,,,130,fixed,2023-12,2010-01,2020-10,2023-11,780
underwater_36,,,,131,fixed,2024-01,2010-01,2020-11,2023-12,786
underwater_36,,,,132,fixed,2024-02,2010-01,2020-12,2024-01,792
underwater_36,,,,133,fixed,2024-03,2010-01,2021-01,2024-02,798
underwater_36,,,,134,fixed,2024-04,2010-01,2021-02,2024-03,804
underwater_36,,,,135,fixed,2024-05,2010-01,2021-03,2024-04,810
underwater_36,,,,136,fixed,2024-06,2010-01,2021-04,2024-05,816
underwater_36,,,,137,fixed,2024-07,2010-01,2021-05,2024-06,822
underwater_36,,,,138,fixed,2024-08,2010-01,2021-06,2024-07,828
underwater_36,,,,139,fixed,2024-09,2010-01,2021-07,2024-08,834
underwater_36,,,,140,fixed,2024-10,2010-01,2021-08,2024-09,840
underwater_36,,,,141,fixed,2024-11,2010-01,2021-09,2024-10,846
underwater_36,,,,142,fixed,2024-12,2010-01,2021-10,2024-11,852
underwater_36,,,,143,fixed,2025-01,2010-01,2021-11,2024-12,858
underwater_36,,,,144,fixed,2025-02,2010-01,2021-12,2025-01,864
underwater_36,,,,145,fixed,2025-03,2010-01,2022-01,2025-02,870
underwater_36,,,,146,fixed,2025-04,2010-01,2022-02,2025-03,876
underwater_36,,,,147,fixed,2025-05,2010-01,2022-03,2025-04,882
underwater_36,,,,148,fixed,2025-06,2010-01,2022-04,2025-05,888
underwater_36,,,,149,fixed,2025-07,2010-01,2022-05,2025-06,894
underwater_36,,,,150,fixed,2025-08,2010-01,2022-06,2025-07,900
underwater_36,,,,151,fixed,2025-09,2010-01,2022-07,2025-08,906
underwater_36,,,,152,fixed,2025-10,2010-01,2022-08,2025-09,912
underwater_36,,,,153,fixed,2025-11,2010-01,2022-09,2025-10,918
underwater_36,,,,154,fixed,2025-12,2010-01,2022-10,2025-11,924
underwater_36,,,,155,fixed,2026-01,2010-01,2022-11,2025-12,930
underwater_36,,,,156,fixed,2026-02,2010-01,2022-12,2026-01,936
underwater_36,,,,157,fixed,2026-03,2010-01,2023-01,2026-02,942
underwater_36,,,,158,fixed,2026-04,2010-01,2023-02,2026-03,948
underwater_36,,,,159,fixed,2026-05,2010-01,2023-03,2026-04,954
underwater_36,,,,160,fixed,2026-06,2010-01,2023-04,2026-05,960
underwater_36,,,,161,fixed,2026-07,2010-01,2023-05,2026-06,966
underwater_36,,,,162,fixed,2026-08,2010-01,2023-06,2026-07,972
underwater_36,,,,36,dynamic,2016-02,2010-01,2012-12,2016-01,216
underwater_36,,,,37,dynamic,2016-03,2010-01,2013-01,2016-02,222
underwater_36,,,,38,dynamic,2016-04,2010-01,2013-02,2016-03,228
underwater_36,,,,39,dynamic,2016-05,2010-01,2013-03,2016-04,234
underwater_36,,,,40,dynamic,2016-06,2010-01,2013-04,2016-05,240
underwater_36,,,,41,dynamic,2016-07,2010-01,2013-05,2016-06,246
underwater_36,,,,42,dynamic,2016-08,2010-01,2013-06,2016-07,252
underwater_36,,,,43,dynamic,2016-09,2010-01,2013-07,2016-08,258
underwater_36,,,,44,dynamic,2016-10,2010-01,2013-08,2016-09,264
underwater_36,,,,45,dynamic,2016-11,2010-01,2013-09,2016-10,270
underwater_36,,,,46,dynamic,2016-12,2010-01,2013-10,2016-11,276
underwater_36,,,,47,dynamic,2017-01,2010-01,2013-11,2016-12,282
underwater_36,,,,48,dynamic,2017-02,2010-01,2013-12,2017-01,288
underwater_36,,,,49,dynamic,2017-03,2010-01,2014-01,2017-02,294
underwater_36,,,,50,dynamic,2017-04,2010-01,2014-02,2017-03,300
underwater_36,,,,51,dynamic,2017-05,2010-01,2014-03,2017-04,306
underwater_36,,,,52,dynamic,2017-06,2010-01,2014-04,2017-05,312
underwater_36,,,,53,dynamic,2017-07,2010-01,2014-05,2017-06,318
underwater_36,,,,54,dynamic,2017-08,2010-01,2014-06,2017-07,324
underwater_36,,,,55,dynamic,2017-09,2010-01,2014-07,2017-08,330
underwater_36,,,,56,dynamic,2017-10,2010-01,2014-08,2017-09,336
underwater_36,,,,57,dynamic,2017-11,2010-01,2014-09,2017-10,342
underwater_36,,,,58,dynamic,2017-12,2010-01,2014-10,2017-11,348
underwater_36,,,,59,dynamic,2018-01,2010-01,2014-11,2017-12,354
underwater_36,,,,60,dynamic,2018-02,2010-01,2014-12,2018-01,360
underwater_36,,,,61,dynamic,2018-03,2010-01,2015-01,2018-02,366
underwater_36,,,,62,dynamic,2018-04,2010-01,2015-02,2018-03,372
underwater_36,,,,63,dynamic,2018-05,2010-01,2015-03,2018-04,378
underwater_36,,,,64,dynamic,2018-06,2010-01,2015-04,2018-05,384
underwater_36,,,,65,dynamic,2018-07,2010-01,2015-05,2018-06,390
underwater_36,,,,66,dynamic,2018-08,2010-01,2015-06,2018-07,396
underwater_36,,,,67,dynamic,2018-09,2010-01,2015-07,2018-08,402
underwater_36,,,,68,dynamic,2018-10,2010-01,2015-08,2018-09,408
underwater_36,,,,69,dynamic,2018-11,2010-01,2015-09,2018-10,414
underwater_36,,,,70,dynamic,2018-12,2010-01,2015-10,2018-11,420
underwater_36,,,,71,dynamic,2019-01,2010-01,2015-11,2018-12,426
underwater_36,,,,72,dynamic,2019-02,2010-01,2015-12,2019-01,432
underwater_36,,,,73,dynamic,2019-03,2010-01,2016-01,2019-02,438
underwater_36,,,,74,dynamic,2019-04,2010-01,2016-02,2019-03,444
underwater_36,,,,75,dynamic,2019-05,2010-01,2016-03,2019-04,450
underwater_36,,,,76,dynamic,2019-06,2010-01,2016-04,2019-05,456
underwater_36,,,,77,dynamic,2019-07,2010-01,2016-05,2019-06,462
underwater_36,,,,78,dynamic,2019-08,2010-01,2016-06,2019-07,468
underwater_36,,,,79,dynamic,2019-09,2010-01,2016-07,2019-08,474
underwater_36,,,,80,dynamic,2019-10,2010-01,2016-08,2019-09,480
underwater_36,,,,81,dynamic,2019-11,2010-01,2016-09,2019-10,486
underwater_36,,,,82,dynamic,2019-12,2010-01,2016-10,2019-11,492
underwater_36,,,,83,dynamic,2020-01,2010-01,2016-11,2019-12,498
underwater_36,,,,84,dynamic,2020-02,2010-01,2016-12,2020-01,504
underwater_36,,,,85,dynamic,2020-03,2010-01,2017-01,2020-02,510
underwater_36,,,,86,dynamic,2020-04,2010-01,2017-02,2020-03,516
underwater_36,,,,87,dynamic,2020-05,2010-01,2017-03,2020-04,522
underwater_36,,,,88,dynamic,2020-06,2010-01,2017-04,2020-05,528
underwater_36,,,,89,dynamic,2020-07,2010-01,2017-05,2020-06,534
underwater_36,,,,90,dynamic,2020-08,2010-01,2017-06,2020-07,540
underwater_36,,,,91,dynamic,2020-09,2010-01,2017-07,2020-08,546
underwater_36,,,,92,dynamic,2020-10,2010-01,2017-08,2020-09,552
underwater_36,,,,93,dynamic,2020-11,2010-01,2017-09,2020-10,558
underwater_36,,,,94,dynamic,2020-12,2010-01,2017-10,2020-11,564
underwater_36,,,,95,dynamic,2021-01,2010-01,2017-11,2020-12,570
underwater_36,,,,96,dynamic,2021-02,2010-01,2017-12,2021-01,576
underwater_36,,,,97,dynamic,2021-03,2010-01,2018-01,2021-02,582
underwater_36,,,,98,dynamic,2021-04,2010-01,2018-02,2021-03,588
underwater_36,,,,99,dynamic,2021-05,2010-01,2018-03,2021-04,594
underwater_36,,,,100,dynamic,2021-06,2010-01,2018-04,2021-05,600
underwater_36,,,,101,dynamic,2021-07,2010-01,2018-05,2021-06,606
underwater_36,,,,102,dynamic,2021-08,2010-01,2018-06,2021-07,612
underwater_36,,,,103,dynamic,2021-09,2010-01,2018-07,2021-08,618
underwater_36,,,,104,dynamic,2021-10,2010-01,2018-08,2021-09,624
underwater_36,,,,105,dynamic,2021-11,2010-01,2018-09,2021-10,630
underwater_36,,,,106,dynamic,2021-12,2010-01,2018-10,2021-11,636
underwater_36,,,,107,dynamic,2022-01,2010-01,2018-11,2021-12,642
underwater_36,,,,108,dynamic,2022-02,2010-01,2018-12,2022-01,648
underwater_36,,,,109,dynamic,2022-03,2010-01,2019-01,2022-02,654
underwater_36,,,,110,dynamic,2022-04,2010-01,2019-02,2022-03,660
underwater_36,,,,111,dynamic,2022-05,2010-01,2019-03,2022-04,666
underwater_36,,,,112,dynamic,2022-06,2010-01,2019-04,2022-05,672
underwater_36,,,,113,dynamic,2022-07,2010-01,2019-05,2022-06,678
underwater_36,,,,114,dynamic,2022-08,2010-01,2019-06,2022-07,684
underwater_36,,,,115,dynamic,2022-09,2010-01,2019-07,2022-08,690
underwater_36,,,,116,dynamic,2022-10,2010-01,2019-08,2022-09,696
underwater_36,,,,117,dynamic,2022-11,2010-01,2019-09,2022-10,702
underwater_36,,,,118,dynamic,2022-12,2010-01,2019-10,2022-11,708
underwater_36,,,,119,dynamic,2023-01,2010-01,2019-11,2022-12,714
underwater_36,,,,120,dynamic,2023-02,2010-01,2019-12,2023-01,720
underwater_36,,,,121,dynamic,2023-03,2010-01,2020-01,2023-02,726
underwater_36,,,,122,dynamic,2023-04,2010-01,2020-02,2023-03,732
underwater_36,,,,123,dynamic,2023-05,2010-01,2020-03,2023-04,738
underwater_36,,,,124,dynamic,2023-06,2010-01,2020-04,2023-05,744
underwater_36,,,,125,dynamic,2023-07,2010-01,2020-05,2023-06,750
underwater_36,,,,126,dynamic,2023-08,2010-01,2020-06,2023-07,756
underwater_36,,,,127,dynamic,2023-09,2010-01,2020-07,2023-08,762
underwater_36,,,,128,dynamic,2023-10,2010-01,2020-08,2023-09,768
underwater_36,,,,129,dynamic,2023-11,2010-01,2020-09,2023-10,774
underwater_36,,,,130,dynamic,2023-12,2010-01,2020-10,2023-11,780
underwater_36,,,,131,dynamic,2024-01,2010-01,2020-11,2023-12,786
underwater_36,,,,132,dynamic,2024-02,2010-01,2020-12,2024-01,792
underwater_36,,,,133,dynamic,2024-03,2010-01,2021-01,2024-02,798
underwater_36,,,,134,dynamic,2024-04,2010-01,2021-02,2024-03,804
underwater_36,,,,135,dynamic,2024-05,2010-01,2021-03,2024-04,810
underwater_36,,,,136,dynamic,2024-06,2010-01,2021-04,2024-05,816
underwater_36,,,,137,dynamic,2024-07,2010-01,2021-05,2024-06,822
underwater_36,,,,138,dynamic,2024-08,2010-01,2021-06,2024-07,828
underwater_36,,,,139,dynamic,2024-09,2010-01,2021-07,2024-08,834
underwater_36,,,,140,dynamic,2024-10,2010-01,2021-08,2024-09,840
underwater_36,,,,141,dynamic,2024-11,2010-01,2021-09,2024-10,846
underwater_36,,,,142,dynamic,2024-12,2010-01,2021-10,2024-11,852
underwater_36,,,,143,dynamic,2025-01,2010-01,2021-11,2024-12,858
underwater_36,,,,144,dynamic,2025-02,2010-01,2021-12,2025-01,864
underwater_36,,,,145,dynamic,2025-03,2010-01,2022-01,2025-02,870
underwater_36,,,,146,dynamic,2025-04,2010-01,2022-02,2025-03,876
underwater_36,,,,147,dynamic,2025-05,2010-01,2022-03,2025-04,882
underwater_36,,,,148,dynamic,2025-06,2010-01,2022-04,2025-05,888
underwater_36,,,,149,dynamic,2025-07,2010-01,2022-05,2025-06,894
underwater_36,,,,150,dynamic,2025-08,2010-01,2022-06,2025-07,900
underwater_36,,,,151,dynamic,2025-09,2010-01,2022-07,2025-08,906
underwater_36,,,,152,dynamic,2025-10,2010-01,2022-08,2025-09,912
underwater_36,,,,153,dynamic,2025-11,2010-01,2022-09,2025-10,918
underwater_36,,,,154,dynamic,2025-12,2010-01,2022-10,2025-11,924
underwater_36,,,,155,dynamic,2026-01,2010-01,2022-11,2025-12,930
underwater_36,,,,156,dynamic,2026-02,2010-01,2022-12,2026-01,936
underwater_36,,,,157,dynamic,2026-03,2010-01,2023-01,2026-02,942
underwater_36,,,,158,dynamic,2026-04,2010-01,2023-02,2026-03,948
underwater_36,,,,159,dynamic,2026-05,2010-01,2023-03,2026-04,954
underwater_36,,,,160,dynamic,2026-06,2010-01,2023-04,2026-05,960
underwater_36,,,,161,dynamic,2026-07,2010-01,2023-05,2026-06,966
underwater_36,,,,162,dynamic,2026-08,2010-01,2023-06,2026-07,972
underwater_36,,,,36,annual,2016-02,2010-01,2012-12,2016-01,216
underwater_36,,,,37,annual,2016-03,2010-01,2013-01,2016-02,222
underwater_36,,,,38,annual,2016-04,2010-01,2013-02,2016-03,228
underwater_36,,,,39,annual,2016-05,2010-01,2013-03,2016-04,234
underwater_36,,,,40,annual,2016-06,2010-01,2013-04,2016-05,240
underwater_36,,,,41,annual,2016-07,2010-01,2013-05,2016-06,246
underwater_36,,,,42,annual,2016-08,2010-01,2013-06,2016-07,252
underwater_36,,,,43,annual,2016-09,2010-01,2013-07,2016-08,258
underwater_36,,,,44,annual,2016-10,2010-01,2013-08,2016-09,264
underwater_36,,,,45,annual,2016-11,2010-01,2013-09,2016-10,270
underwater_36,,,,46,annual,2016-12,2010-01,2013-10,2016-11,276
underwater_36,,,,47,annual,2017-01,2010-01,2013-11,2016-12,282
underwater_36,,,,48,annual,2017-02,2010-01,2013-12,2017-01,288
underwater_36,,,,49,annual,2017-03,2010-01,2014-01,2017-02,294
underwater_36,,,,50,annual,2017-04,2010-01,2014-02,2017-03,300
underwater_36,,,,51,annual,2017-05,2010-01,2014-03,2017-04,306
underwater_36,,,,52,annual,2017-06,2010-01,2014-04,2017-05,312
underwater_36,,,,53,annual,2017-07,2010-01,2014-05,2017-06,318
underwater_36,,,,54,annual,2017-08,2010-01,2014-06,2017-07,324
underwater_36,,,,55,annual,2017-09,2010-01,2014-07,2017-08,330
underwater_36,,,,56,annual,2017-10,2010-01,2014-08,2017-09,336
underwater_36,,,,57,annual,2017-11,2010-01,2014-09,2017-10,342
underwater_36,,,,58,annual,2017-12,2010-01,2014-10,2017-11,348
underwater_36,,,,59,annual,2018-01,2010-01,2014-11,2017-12,354
underwater_36,,,,60,annual,2018-02,2010-01,2014-12,2018-01,360
underwater_36,,,,61,annual,2018-03,2010-01,2015-01,2018-02,366
underwater_36,,,,62,annual,2018-04,2010-01,2015-02,2018-03,372
underwater_36,,,,63,annual,2018-05,2010-01,2015-03,2018-04,378
underwater_36,,,,64,annual,2018-06,2010-01,2015-04,2018-05,384
underwater_36,,,,65,annual,2018-07,2010-01,2015-05,2018-06,390
underwater_36,,,,66,annual,2018-08,2010-01,2015-06,2018-07,396
underwater_36,,,,67,annual,2018-09,2010-01,2015-07,2018-08,402
underwater_36,,,,68,annual,2018-10,2010-01,2015-08,2018-09,408
underwater_36,,,,69,annual,2018-11,2010-01,2015-09,2018-10,414
underwater_36,,,,70,annual,2018-12,2010-01,2015-10,2018-11,420
underwater_36,,,,71,annual,2019-01,2010-01,2015-11,2018-12,426
underwater_36,,,,72,annual,2019-02,2010-01,2015-12,2019-01,432
underwater_36,,,,73,annual,2019-03,2010-01,2016-01,2019-02,438
underwater_36,,,,74,annual,2019-04,2010-01,2016-02,2019-03,444
underwater_36,,,,75,annual,2019-05,2010-01,2016-03,2019-04,450
underwater_36,,,,76,annual,2019-06,2010-01,2016-04,2019-05,456
underwater_36,,,,77,annual,2019-07,2010-01,2016-05,2019-06,462
underwater_36,,,,78,annual,2019-08,2010-01,2016-06,2019-07,468
underwater_36,,,,79,annual,2019-09,2010-01,2016-07,2019-08,474
underwater_36,,,,80,annual,2019-10,2010-01,2016-08,2019-09,480
underwater_36,,,,81,annual,2019-11,2010-01,2016-09,2019-10,486
underwater_36,,,,82,annual,2019-12,2010-01,2016-10,2019-11,492
underwater_36,,,,83,annual,2020-01,2010-01,2016-11,2019-12,498
underwater_36,,,,84,annual,2020-02,2010-01,2016-12,2020-01,504
underwater_36,,,,85,annual,2020-03,2010-01,2017-01,2020-02,510
underwater_36,,,,86,annual,2020-04,2010-01,2017-02,2020-03,516
underwater_36,,,,87,annual,2020-05,2010-01,2017-03,2020-04,522
underwater_36,,,,88,annual,2020-06,2010-01,2017-04,2020-05,528
underwater_36,,,,89,annual,2020-07,2010-01,2017-05,2020-06,534
underwater_36,,,,90,annual,2020-08,2010-01,2017-06,2020-07,540
underwater_36,,,,91,annual,2020-09,2010-01,2017-07,2020-08,546
underwater_36,,,,92,annual,2020-10,2010-01,2017-08,2020-09,552
underwater_36,,,,93,annual,2020-11,2010-01,2017-09,2020-10,558
underwater_36,,,,94,annual,2020-12,2010-01,2017-10,2020-11,564
underwater_36,,,,95,annual,2021-01,2010-01,2017-11,2020-12,570
underwater_36,,,,96,annual,2021-02,2010-01,2017-12,2021-01,576
underwater_36,,,,97,annual,2021-03,2010-01,2018-01,2021-02,582
underwater_36,,,,98,annual,2021-04,2010-01,2018-02,2021-03,588
underwater_36,,,,99,annual,2021-05,2010-01,2018-03,2021-04,594
underwater_36,,,,100,annual,2021-06,2010-01,2018-04,2021-05,600
underwater_36,,,,101,annual,2021-07,2010-01,2018-05,2021-06,606
underwater_36,,,,102,annual,2021-08,2010-01,2018-06,2021-07,612
underwater_36,,,,103,annual,2021-09,2010-01,2018-07,2021-08,618
underwater_36,,,,104,annual,2021-10,2010-01,2018-08,2021-09,624
underwater_36,,,,105,annual,2021-11,2010-01,2018-09,2021-10,630
underwater_36,,,,106,annual,2021-12,2010-01,2018-10,2021-11,636
underwater_36,,,,107,annual,2022-01,2010-01,2018-11,2021-12,642
underwater_36,,,,108,annual,2022-02,2010-01,2018-12,2022-01,648
underwater_36,,,,109,annual,2022-03,2010-01,2019-01,2022-02,654
underwater_36,,,,110,annual,2022-04,2010-01,2019-02,2022-03,660
underwater_36,,,,111,annual,2022-05,2010-01,2019-03,2022-04,666
underwater_36,,,,112,annual,2022-06,2010-01,2019-04,2022-05,672
underwater_36,,,,113,annual,2022-07,2010-01,2019-05,2022-06,678
underwater_36,,,,114,annual,2022-08,2010-01,2019-06,2022-07,684
underwater_36,,,,115,annual,2022-09,2010-01,2019-07,2022-08,690
underwater_36,,,,116,annual,2022-10,2010-01,2019-08,2022-09,696
underwater_36,,,,117,annual,2022-11,2010-01,2019-09,2022-10,702
underwater_36,,,,118,annual,2022-12,2010-01,2019-10,2022-11,708
underwater_36,,,,119,annual,2023-01,2010-01,2019-11,2022-12,714
underwater_36,,,,120,annual,2023-02,2010-01,2019-12,2023-01,720
underwater_36,,,,121,annual,2023-03,2010-01,2020-01,2023-02,726
underwater_36,,,,122,annual,2023-04,2010-01,2020-02,2023-03,732
underwater_36,,,,123,annual,2023-05,2010-01,2020-03,2023-04,738
underwater_36,,,,124,annual,2023-06,2010-01,2020-04,2023-05,744
underwater_36,,,,125,annual,2023-07,2010-01,2020-05,2023-06,750
underwater_36,,,,126,annual,2023-08,2010-01,2020-06,2023-07,756
underwater_36,,,,127,annual,2023-09,2010-01,2020-07,2023-08,762
underwater_36,,,,128,annual,2023-10,2010-01,2020-08,2023-09,768
underwater_36,,,,129,annual,2023-11,2010-01,2020-09,2023-10,774
underwater_36,,,,130,annual,2023-12,2010-01,2020-10,2023-11,780
underwater_36,,,,131,annual,2024-01,2010-01,2020-11,2023-12,786
underwater_36,,,,132,annual,2024-02,2010-01,2020-12,2024-01,792
underwater_36,,,,133,annual,2024-03,2010-01,2021-01,2024-02,798
underwater_36,,,,134,annual,2024-04,2010-01,2021-02,2024-03,804
underwater_36,,,,135,annual,2024-05,2010-01,2021-03,2024-04,810
underwater_36,,,,136,annual,2024-06,2010-01,2021-04,2024-05,816
underwater_36,,,,137,annual,2024-07,2010-01,2021-05,2024-06,822
underwater_36,,,,138,annual,2024-08,2010-01,2021-06,2024-07,828
underwater_36,,,,139,annual,2024-09,2010-01,2021-07,2024-08,834
underwater_36,,,,140,annual,2024-10,2010-01,2021-08,2024-09,840
underwater_36,,,,141,annual,2024-11,2010-01,2021-09,2024-10,846
underwater_36,,,,142,annual,2024-12,2010-01,2021-10,2024-11,852
underwater_36,,,,143,annual,2025-01,2010-01,2021-11,2024-12,858
underwater_36,,,,144,annual,2025-02,2010-01,2021-12,2025-01,864
underwater_36,,,,145,annual,2025-03,2010-01,2022-01,2025-02,870
underwater_36,,,,146,annual,2025-04,2010-01,2022-02,2025-03,876
underwater_36,,,,147,annual,2025-05,2010-01,2022-03,2025-04,882
underwater_36,,,,148,annual,2025-06,2010-01,2022-04,2025-05,888
underwater_36,,,,149,annual,2025-07,2010-01,2022-05,2025-06,894
underwater_36,,,,150,annual,2025-08,2010-01,2022-06,2025-07,900
underwater_36,,,,151,annual,2025-09,2010-01,2022-07,2025-08,906
underwater_36,,,,152,annual,2025-10,2010-01,2022-08,2025-09,912
underwater_36,,,,153,annual,2025-11,2010-01,2022-09,2025-10,918
underwater_36,,,,154,annual,2025-12,2010-01,2022-10,2025-11,924
underwater_36,,,,155,annual,2026-01,2010-01,2022-11,2025-12,930
underwater_36,,,,156,annual,2026-02,2010-01,2022-12,2026-01,936
underwater_36,,,,157,annual,2026-03,2010-01,2023-01,2026-02,942
underwater_36,,,,158,annual,2026-04,2010-01,2023-02,2026-03,948
underwater_36,,,,159,annual,2026-05,2010-01,2023-03,2026-04,954
underwater_36,,,,160,annual,2026-06,2010-01,2023-04,2026-05,960
underwater_36,,,,161,annual,2026-07,2010-01,2023-05,2026-06,966
underwater_36,,,,162,annual,2026-08,2010-01,2023-06,2026-07,972
underwater_36,,,,36,structure,2017-02,2011-01,2013-12,2017-01,216
underwater_36,,,,37,structure,2017-03,2011-01,2014-01,2017-02,222
underwater_36,,,,38,structure,2017-04,2011-01,2014-02,2017-03,228
underwater_36,,,,39,structure,2017-05,2011-01,2014-03,2017-04,234
underwater_36,,,,40,structure,2017-06,2011-01,2014-04,2017-05,240
underwater_36,,,,41,structure,2017-07,2011-01,2014-05,2017-06,246
underwater_36,,,,42,structure,2017-08,2011-01,2014-06,2017-07,252
underwater_36,,,,43,structure,2017-09,2011-01,2014-07,2017-08,258
underwater_36,,,,44,structure,2017-10,2011-01,2014-08,2017-09,264
underwater_36,,,,45,structure,2017-11,2011-01,2014-09,2017-10,270
underwater_36,,,,46,structure,2017-12,2011-01,2014-10,2017-11,276
underwater_36,,,,47,structure,2018-01,2011-01,2014-11,2017-12,282
underwater_36,,,,48,structure,2018-02,2011-01,2014-12,2018-01,288
underwater_36,,,,49,structure,2018-03,2011-01,2015-01,2018-02,294
underwater_36,,,,50,structure,2018-04,2011-01,2015-02,2018-03,300
underwater_36,,,,51,structure,2018-05,2011-01,2015-03,2018-04,306
underwater_36,,,,52,structure,2018-06,2011-01,2015-04,2018-05,312
underwater_36,,,,53,structure,2018-07,2011-01,2015-05,2018-06,318
underwater_36,,,,54,structure,2018-08,2011-01,2015-06,2018-07,324
underwater_36,,,,55,structure,2018-09,2011-01,2015-07,2018-08,330
underwater_36,,,,56,structure,2018-10,2011-01,2015-08,2018-09,336
underwater_36,,,,57,structure,2018-11,2011-01,2015-09,2018-10,342
underwater_36,,,,58,structure,2018-12,2011-01,2015-10,2018-11,348
underwater_36,,,,59,structure,2019-01,2011-01,2015-11,2018-12,354
underwater_36,,,,60,structure,2019-02,2011-01,2015-12,2019-01,360
underwater_36,,,,61,structure,2019-03,2011-01,2016-01,2019-02,366
underwater_36,,,,62,structure,2019-04,2011-01,2016-02,2019-03,372
underwater_36,,,,63,structure,2019-05,2011-01,2016-03,2019-04,378
underwater_36,,,,64,structure,2019-06,2011-01,2016-04,2019-05,384
underwater_36,,,,65,structure,2019-07,2011-01,2016-05,2019-06,390
underwater_36,,,,66,structure,2019-08,2011-01,2016-06,2019-07,396
underwater_36,,,,67,structure,2019-09,2011-01,2016-07,2019-08,402
underwater_36,,,,68,structure,2019-10,2011-01,2016-08,2019-09,408
underwater_36,,,,69,structure,2019-11,2011-01,2016-09,2019-10,414
underwater_36,,,,70,structure,2019-12,2011-01,2016-10,2019-11,420
underwater_36,,,,71,structure,2020-01,2011-01,2016-11,2019-12,426
underwater_36,,,,72,structure,2020-02,2011-01,2016-12,2020-01,432
underwater_36,,,,73,structure,2020-03,2011-01,2017-01,2020-02,438
underwater_36,,,,74,structure,2020-04,2011-01,2017-02,2020-03,444
underwater_36,,,,75,structure,2020-05,2011-01,2017-03,2020-04,450
underwater_36,,,,76,structure,2020-06,2011-01,2017-04,2020-05,456
underwater_36,,,,77,structure,2020-07,2011-01,2017-05,2020-06,462
underwater_36,,,,78,structure,2020-08,2011-01,2017-06,2020-07,468
underwater_36,,,,79,structure,2020-09,2011-01,2017-07,2020-08,474
underwater_36,,,,80,structure,2020-10,2011-01,2017-08,2020-09,480
underwater_36,,,,81,structure,2020-11,2011-01,2017-09,2020-10,486
underwater_36,,,,82,structure,2020-12,2011-01,2017-10,2020-11,492
underwater_36,,,,83,structure,2021-01,2011-01,2017-11,2020-12,498
underwater_36,,,,84,structure,2021-02,2011-01,2017-12,2021-01,504
underwater_36,,,,85,structure,2021-03,2011-01,2018-01,2021-02,510
underwater_36,,,,86,structure,2021-04,2011-01,2018-02,2021-03,516
underwater_36,,,,87,structure,2021-05,2011-01,2018-03,2021-04,522
underwater_36,,,,88,structure,2021-06,2011-01,2018-04,2021-05,528
underwater_36,,,,89,structure,2021-07,2011-01,2018-05,2021-06,534
underwater_36,,,,90,structure,2021-08,2011-01,2018-06,2021-07,540
underwater_36,,,,91,structure,2021-09,2011-01,2018-07,2021-08,546
underwater_36,,,,92,structure,2021-10,2011-01,2018-08,2021-09,552
underwater_36,,,,93,structure,2021-11,2011-01,2018-09,2021-10,558
underwater_36,,,,94,structure,2021-12,2011-01,2018-10,2021-11,564
underwater_36,,,,95,structure,2022-01,2011-01,2018-11,2021-12,570
underwater_36,,,,96,structure,2022-02,2011-01,2018-12,2022-01,576
underwater_36,,,,97,structure,2022-03,2011-01,2019-01,2022-02,582
underwater_36,,,,98,structure,2022-04,2011-01,2019-02,2022-03,588
underwater_36,,,,99,structure,2022-05,2011-01,2019-03,2022-04,594
underwater_36,,,,100,structure,2022-06,2011-01,2019-04,2022-05,600
underwater_36,,,,101,structure,2022-07,2011-01,2019-05,2022-06,606
underwater_36,,,,102,structure,2022-08,2011-01,2019-06,2022-07,612
underwater_36,,,,103,structure,2022-09,2011-01,2019-07,2022-08,618
underwater_36,,,,104,structure,2022-10,2011-01,2019-08,2022-09,624
underwater_36,,,,105,structure,2022-11,2011-01,2019-09,2022-10,630
underwater_36,,,,106,structure,2022-12,2011-01,2019-10,2022-11,636
underwater_36,,,,107,structure,2023-01,2011-01,2019-11,2022-12,642
underwater_36,,,,108,structure,2023-02,2011-01,2019-12,2023-01,648
underwater_36,,,,109,structure,2023-03,2011-01,2020-01,2023-02,654
underwater_36,,,,110,structure,2023-04,2011-01,2020-02,2023-03,660
underwater_36,,,,111,structure,2023-05,2011-01,2020-03,2023-04,666
underwater_36,,,,112,structure,2023-06,2011-01,2020-04,2023-05,672
underwater_36,,,,113,structure,2023-07,2011-01,2020-05,2023-06,678
underwater_36,,,,114,structure,2023-08,2011-01,2020-06,2023-07,684
underwater_36,,,,115,structure,2023-09,2011-01,2020-07,2023-08,690
underwater_36,,,,116,structure,2023-10,2011-01,2020-08,2023-09,696
underwater_36,,,,117,structure,2023-11,2011-01,2020-09,2023-10,702
underwater_36,,,,118,structure,2023-12,2011-01,2020-10,2023-11,708
underwater_36,,,,119,structure,2024-01,2011-01,2020-11,2023-12,714
underwater_36,,,,120,structure,2024-02,2011-01,2020-12,2024-01,720
underwater_36,,,,121,structure,2024-03,2011-01,2021-01,2024-02,726
underwater_36,,,,122,structure,2024-04,2011-01,2021-02,2024-03,732
underwater_36,,,,123,structure,2024-05,2011-01,2021-03,2024-04,738
underwater_36,,,,124,structure,2024-06,2011-01,2021-04,2024-05,744
underwater_36,,,,125,structure,2024-07,2011-01,2021-05,2024-06,750
underwater_36,,,,126,structure,2024-08,2011-01,2021-06,2024-07,756
underwater_36,,,,127,structure,2024-09,2011-01,2021-07,2024-08,762
underwater_36,,,,128,structure,2024-10,2011-01,2021-08,2024-09,768
underwater_36,,,,129,structure,2024-11,2011-01,2021-09,2024-10,774
underwater_36,,,,130,structure,2024-12,2011-01,2021-10,2024-11,780
underwater_36,,,,131,structure,2025-01,2011-01,2021-11,2024-12,786
underwater_36,,,,132,structure,2025-02,2011-01,2021-12,2025-01,792
underwater_36,,,,133,structure,2025-03,2011-01,2022-01,2025-02,798
underwater_36,,,,134,structure,2025-04,2011-01,2022-02,2025-03,804
underwater_36,,,,135,structure,2025-05,2011-01,2022-03,2025-04,810
underwater_36,,,,136,structure,2025-06,2011-01,2022-04,2025-05,816
underwater_36,,,,137,structure,2025-07,2011-01,2022-05,2025-06,822
underwater_36,,,,138,structure,2025-08,2011-01,2022-06,2025-07,828
underwater_36,,,,139,structure,2025-09,2011-01,2022-07,2025-08,834
underwater_36,,,,140,structure,2025-10,2011-01,2022-08,2025-09,840
underwater_36,,,,141,structure,2025-11,2011-01,2022-09,2025-10,846
underwater_36,,,,142,structure,2025-12,2011-01,2022-10,2025-11,852
underwater_36,,,,143,structure,2026-01,2011-01,2022-11,2025-12,858
underwater_36,,,,144,structure,2026-02,2011-01,2022-12,2026-01,864
underwater_36,,,,145,structure,2026-03,2011-01,2023-01,2026-02,870
underwater_36,,,,146,structure,2026-04,2011-01,2023-02,2026-03,876
underwater_36,,,,147,structure,2026-05,2011-01,2023-03,2026-04,882
underwater_36,,,,148,structure,2026-06,2011-01,2023-04,2026-05,888
underwater_36,,,,149,structure,2026-07,2011-01,2023-05,2026-06,894
underwater_36,,,,150,structure,2026-08,2011-01,2023-06,2026-07,900
underwater_36,,,,36,All,2017-02,2011-01,2013-12,2017-01,216
underwater_36,,,,37,All,2017-03,2011-01,2014-01,2017-02,222
underwater_36,,,,38,All,2017-04,2011-01,2014-02,2017-03,228
underwater_36,,,,39,All,2017-05,2011-01,2014-03,2017-04,234
underwater_36,,,,40,All,2017-06,2011-01,2014-04,2017-05,240
underwater_36,,,,41,All,2017-07,2011-01,2014-05,2017-06,246
underwater_36,,,,42,All,2017-08,2011-01,2014-06,2017-07,252
underwater_36,,,,43,All,2017-09,2011-01,2014-07,2017-08,258
underwater_36,,,,44,All,2017-10,2011-01,2014-08,2017-09,264
underwater_36,,,,45,All,2017-11,2011-01,2014-09,2017-10,270
underwater_36,,,,46,All,2017-12,2011-01,2014-10,2017-11,276
underwater_36,,,,47,All,2018-01,2011-01,2014-11,2017-12,282
underwater_36,,,,48,All,2018-02,2011-01,2014-12,2018-01,288
underwater_36,,,,49,All,2018-03,2011-01,2015-01,2018-02,294
underwater_36,,,,50,All,2018-04,2011-01,2015-02,2018-03,300
underwater_36,,,,51,All,2018-05,2011-01,2015-03,2018-04,306
underwater_36,,,,52,All,2018-06,2011-01,2015-04,2018-05,312
underwater_36,,,,53,All,2018-07,2011-01,2015-05,2018-06,318
underwater_36,,,,54,All,2018-08,2011-01,2015-06,2018-07,324
underwater_36,,,,55,All,2018-09,2011-01,2015-07,2018-08,330
underwater_36,,,,56,All,2018-10,2011-01,2015-08,2018-09,336
underwater_36,,,,57,All,2018-11,2011-01,2015-09,2018-10,342
underwater_36,,,,58,All,2018-12,2011-01,2015-10,2018-11,348
underwater_36,,,,59,All,2019-01,2011-01,2015-11,2018-12,354
underwater_36,,,,60,All,2019-02,2011-01,2015-12,2019-01,360
underwater_36,,,,61,All,2019-03,2011-01,2016-01,2019-02,366
underwater_36,,,,62,All,2019-04,2011-01,2016-02,2019-03,372
underwater_36,,,,63,All,2019-05,2011-01,2016-03,2019-04,378
underwater_36,,,,64,All,2019-06,2011-01,2016-04,2019-05,384
underwater_36,,,,65,All,2019-07,2011-01,2016-05,2019-06,390
underwater_36,,,,66,All,2019-08,2011-01,2016-06,2019-07,396
underwater_36,,,,67,All,2019-09,2011-01,2016-07,2019-08,402
underwater_36,,,,68,All,2019-10,2011-01,2016-08,2019-09,408
underwater_36,,,,69,All,2019-11,2011-01,2016-09,2019-10,414
underwater_36,,,,70,All,2019-12,2011-01,2016-10,2019-11,420
underwater_36,,,,71,All,2020-01,2011-01,2016-11,2019-12,426
underwater_36,,,,72,All,2020-02,2011-01,2016-12,2020-01,432
underwater_36,,,,73,All,2020-03,2011-01,2017-01,2020-02,438
underwater_36,,,,74,All,2020-04,2011-01,2017-02,2020-03,444
underwater_36,,,,75,All,2020-05,2011-01,2017-03,2020-04,450
underwater_36,,,,76,All,2020-06,2011-01,2017-04,2020-05,456
underwater_36,,,,77,All,2020-07,2011-01,2017-05,2020-06,462
underwater_36,,,,78,All,2020-08,2011-01,2017-06,2020-07,468
underwater_36,,,,79,All,2020-09,2011-01,2017-07,2020-08,474
underwater_36,,,,80,All,2020-10,2011-01,2017-08,2020-09,480
underwater_36,,,,81,All,2020-11,2011-01,2017-09,2020-10,486
underwater_36,,,,82,All,2020-12,2011-01,2017-10,2020-11,492
underwater_36,,,,83,All,2021-01,2011-01,2017-11,2020-12,498
underwater_36,,,,84,All,2021-02,2011-01,2017-12,2021-01,504
underwater_36,,,,85,All,2021-03,2011-01,2018-01,2021-02,510
underwater_36,,,,86,All,2021-04,2011-01,2018-02,2021-03,516
underwater_36,,,,87,All,2021-05,2011-01,2018-03,2021-04,522
underwater_36,,,,88,All,2021-06,2011-01,2018-04,2021-05,528
underwater_36,,,,89,All,2021-07,2011-01,2018-05,2021-06,534
underwater_36,,,,90,All,2021-08,2011-01,2018-06,2021-07,540
underwater_36,,,,91,All,2021-09,2011-01,2018-07,2021-08,546
underwater_36,,,,92,All,2021-10,2011-01,2018-08,2021-09,552
underwater_36,,,,93,All,2021-11,2011-01,2018-09,2021-10,558
underwater_36,,,,94,All,2021-12,2011-01,2018-10,2021-11,564
underwater_36,,,,95,All,2022-01,2011-01,2018-11,2021-12,570
underwater_36,,,,96,All,2022-02,2011-01,2018-12,2022-01,576
underwater_36,,,,97,All,2022-03,2011-01,2019-01,2022-02,582
underwater_36,,,,98,All,2022-04,2011-01,2019-02,2022-03,588
underwater_36,,,,99,All,2022-05,2011-01,2019-03,2022-04,594
underwater_36,,,,100,All,2022-06,2011-01,2019-04,2022-05,600
underwater_36,,,,101,All,2022-07,2011-01,2019-05,2022-06,606
underwater_36,,,,102,All,2022-08,2011-01,2019-06,2022-07,612
underwater_36,,,,103,All,2022-09,2011-01,2019-07,2022-08,618
underwater_36,,,,104,All,2022-10,2011-01,2019-08,2022-09,624
underwater_36,,,,105,All,2022-11,2011-01,2019-09,2022-10,630
underwater_36,,,,106,All,2022-12,2011-01,2019-10,2022-11,636
underwater_36,,,,107,All,2023-01,2011-01,2019-11,2022-12,642
underwater_36,,,,108,All,2023-02,2011-01,2019-12,2023-01,648
underwater_36,,,,109,All,2023-03,2011-01,2020-01,2023-02,654
underwater_36,,,,110,All,2023-04,2011-01,2020-02,2023-03,660
underwater_36,,,,111,All,2023-05,2011-01,2020-03,2023-04,666
underwater_36,,,,112,All,2023-06,2011-01,2020-04,2023-05,672
underwater_36,,,,113,All,2023-07,2011-01,2020-05,2023-06,678
underwater_36,,,,114,All,2023-08,2011-01,2020-06,2023-07,684
underwater_36,,,,115,All,2023-09,2011-01,2020-07,2023-08,690
underwater_36,,,,116,All,2023-10,2011-01,2020-08,2023-09,696
underwater_36,,,,117,All,2023-11,2011-01,2020-09,2023-10,702
underwater_36,,,,118,All,2023-12,2011-01,2020-10,2023-11,708
underwater_36,,,,119,All,2024-01,2011-01,2020-11,2023-12,714
underwater_36,,,,120,All,2024-02,2011-01,2020-12,2024-01,720
underwater_36,,,,121,All,2024-03,2011-01,2021-01,2024-02,726
underwater_36,,,,122,All,2024-04,2011-01,2021-02,2024-03,732
underwater_36,,,,123,All,2024-05,2011-01,2021-03,2024-04,738
underwater_36,,,,124,All,2024-06,2011-01,2021-04,2024-05,744
underwater_36,,,,125,All,2024-07,2011-01,2021-05,2024-06,750
underwater_36,,,,126,All,2024-08,2011-01,2021-06,2024-07,756
underwater_36,,,,127,All,2024-09,2011-01,2021-07,2024-08,762
underwater_36,,,,128,All,2024-10,2011-01,2021-08,2024-09,768
underwater_36,,,,129,All,2024-11,2011-01,2021-09,2024-10,774
underwater_36,,,,130,All,2024-12,2011-01,2021-10,2024-11,780
underwater_36,,,,131,All,2025-01,2011-01,2021-11,2024-12,786
underwater_36,,,,132,All,2025-02,2011-01,2021-12,2025-01,792
underwater_36,,,,133,All,2025-03,2011-01,2022-01,2025-02,798
underwater_36,,,,134,All,2025-04,2011-01,2022-02,2025-03,804
underwater_36,,,,135,All,2025-05,2011-01,2022-03,2025-04,810
underwater_36,,,,136,All,2025-06,2011-01,2022-04,2025-05,816
underwater_36,,,,137,All,2025-07,2011-01,2022-05,2025-06,822
underwater_36,,,,138,All,2025-08,2011-01,2022-06,2025-07,828
underwater_36,,,,139,All,2025-09,2011-01,2022-07,2025-08,834
underwater_36,,,,140,All,2025-10,2011-01,2022-08,2025-09,840
underwater_36,,,,141,All,2025-11,2011-01,2022-09,2025-10,846
underwater_36,,,,142,All,2025-12,2011-01,2022-10,2025-11,852
underwater_36,,,,143,All,2026-01,2011-01,2022-11,2025-12,858
underwater_36,,,,144,All,2026-02,2011-01,2022-12,2026-01,864
underwater_36,,,,145,All,2026-03,2011-01,2023-01,2026-02,870
underwater_36,,,,146,All,2026-04,2011-01,2023-02,2026-03,876
underwater_36,,,,147,All,2026-05,2011-01,2023-03,2026-04,882
underwater_36,,,,148,All,2026-06,2011-01,2023-04,2026-05,888
underwater_36,,,,149,All,2026-07,2011-01,2023-05,2026-06,894
underwater_36,,,,150,All,2026-08,2011-01,2023-06,2026-07,900
adverse_60,,,,36,Base,2018-02,2010-01,2012-12,2018-01,216
adverse_60,,,,37,Base,2018-03,2010-01,2013-01,2018-02,222
adverse_60,,,,38,Base,2018-04,2010-01,2013-02,2018-03,228
adverse_60,,,,39,Base,2018-05,2010-01,2013-03,2018-04,234
adverse_60,,,,40,Base,2018-06,2010-01,2013-04,2018-05,240
adverse_60,,,,41,Base,2018-07,2010-01,2013-05,2018-06,246
adverse_60,,,,42,Base,2018-08,2010-01,2013-06,2018-07,252
adverse_60,,,,43,Base,2018-09,2010-01,2013-07,2018-08,258
adverse_60,,,,44,Base,2018-10,2010-01,2013-08,2018-09,264
adverse_60,,,,45,Base,2018-11,2010-01,2013-09,2018-10,270
adverse_60,,,,46,Base,2018-12,2010-01,2013-10,2018-11,276
adverse_60,,,,47,Base,2019-01,2010-01,2013-11,2018-12,282
adverse_60,,,,48,Base,2019-02,2010-01,2013-12,2019-01,288
adverse_60,,,,49,Base,2019-03,2010-01,2014-01,2019-02,294
adverse_60,,,,50,Base,2019-04,2010-01,2014-02,2019-03,300
adverse_60,,,,51,Base,2019-05,2010-01,2014-03,2019-04,306
adverse_60,,,,52,Base,2019-06,2010-01,2014-04,2019-05,312
adverse_60,,,,53,Base,2019-07,2010-01,2014-05,2019-06,318
adverse_60,,,,54,Base,2019-08,2010-01,2014-06,2019-07,324
adverse_60,,,,55,Base,2019-09,2010-01,2014-07,2019-08,330
adverse_60,,,,56,Base,2019-10,2010-01,2014-08,2019-09,336
adverse_60,,,,57,Base,2019-11,2010-01,2014-09,2019-10,342
adverse_60,,,,58,Base,2019-12,2010-01,2014-10,2019-11,348
adverse_60,,,,59,Base,2020-01,2010-01,2014-11,2019-12,354
adverse_60,,,,60,Base,2020-02,2010-01,2014-12,2020-01,360
adverse_60,,,,61,Base,2020-03,2010-01,2015-01,2020-02,366
adverse_60,,,,62,Base,2020-04,2010-01,2015-02,2020-03,372
adverse_60,,,,63,Base,2020-05,2010-01,2015-03,2020-04,378
adverse_60,,,,64,Base,2020-06,2010-01,2015-04,2020-05,384
adverse_60,,,,65,Base,2020-07,2010-01,2015-05,2020-06,390
adverse_60,,,,66,Base,2020-08,2010-01,2015-06,2020-07,396
adverse_60,,,,67,Base,2020-09,2010-01,2015-07,2020-08,402
adverse_60,,,,68,Base,2020-10,2010-01,2015-08,2020-09,408
adverse_60,,,,69,Base,2020-11,2010-01,2015-09,2020-10,414
adverse_60,,,,70,Base,2020-12,2010-01,2015-10,2020-11,420
adverse_60,,,,71,Base,2021-01,2010-01,2015-11,2020-12,426
adverse_60,,,,72,Base,2021-02,2010-01,2015-12,2021-01,432
adverse_60,,,,73,Base,2021-03,2010-01,2016-01,2021-02,438
adverse_60,,,,74,Base,2021-04,2010-01,2016-02,2021-03,444
adverse_60,,,,75,Base,2021-05,2010-01,2016-03,2021-04,450
adverse_60,,,,76,Base,2021-06,2010-01,2016-04,2021-05,456
adverse_60,,,,77,Base,2021-07,2010-01,2016-05,2021-06,462
adverse_60,,,,78,Base,2021-08,2010-01,2016-06,2021-07,468
adverse_60,,,,79,Base,2021-09,2010-01,2016-07,2021-08,474
adverse_60,,,,80,Base,2021-10,2010-01,2016-08,2021-09,480
adverse_60,,,,81,Base,2021-11,2010-01,2016-09,2021-10,486
adverse_60,,,,82,Base,2021-12,2010-01,2016-10,2021-11,492
adverse_60,,,,83,Base,2022-01,2010-01,2016-11,2021-12,498
adverse_60,,,,84,Base,2022-02,2010-01,2016-12,2022-01,504
adverse_60,,,,85,Base,2022-03,2010-01,2017-01,2022-02,510
adverse_60,,,,86,Base,2022-04,2010-01,2017-02,2022-03,516
adverse_60,,,,87,Base,2022-05,2010-01,2017-03,2022-04,522
adverse_60,,,,88,Base,2022-06,2010-01,2017-04,2022-05,528
adverse_60,,,,89,Base,2022-07,2010-01,2017-05,2022-06,534
adverse_60,,,,90,Base,2022-08,2010-01,2017-06,2022-07,540
adverse_60,,,,91,Base,2022-09,2010-01,2017-07,2022-08,546
adverse_60,,,,92,Base,2022-10,2010-01,2017-08,2022-09,552
adverse_60,,,,93,Base,2022-11,2010-01,2017-09,2022-10,558
adverse_60,,,,94,Base,2022-12,2010-01,2017-10,2022-11,564
adverse_60,,,,95,Base,2023-01,2010-01,2017-11,2022-12,570
adverse_60,,,,96,Base,2023-02,2010-01,2017-12,2023-01,576
adverse_60,,,,97,Base,2023-03,2010-01,2018-01,2023-02,582
adverse_60,,,,98,Base,2023-04,2010-01,2018-02,2023-03,588
adverse_60,,,,99,Base,2023-05,2010-01,2018-03,2023-04,594
adverse_60,,,,100,Base,2023-06,2010-01,2018-04,2023-05,600
adverse_60,,,,101,Base,2023-07,2010-01,2018-05,2023-06,606
adverse_60,,,,102,Base,2023-08,2010-01,2018-06,2023-07,612
adverse_60,,,,103,Base,2023-09,2010-01,2018-07,2023-08,618
adverse_60,,,,104,Base,2023-10,2010-01,2018-08,2023-09,624
adverse_60,,,,105,Base,2023-11,2010-01,2018-09,2023-10,630
adverse_60,,,,106,Base,2023-12,2010-01,2018-10,2023-11,636
adverse_60,,,,107,Base,2024-01,2010-01,2018-11,2023-12,642
adverse_60,,,,108,Base,2024-02,2010-01,2018-12,2024-01,648
adverse_60,,,,109,Base,2024-03,2010-01,2019-01,2024-02,654
adverse_60,,,,110,Base,2024-04,2010-01,2019-02,2024-03,660
adverse_60,,,,111,Base,2024-05,2010-01,2019-03,2024-04,666
adverse_60,,,,112,Base,2024-06,2010-01,2019-04,2024-05,672
adverse_60,,,,113,Base,2024-07,2010-01,2019-05,2024-06,678
adverse_60,,,,114,Base,2024-08,2010-01,2019-06,2024-07,684
adverse_60,,,,115,Base,2024-09,2010-01,2019-07,2024-08,690
adverse_60,,,,116,Base,2024-10,2010-01,2019-08,2024-09,696
adverse_60,,,,117,Base,2024-11,2010-01,2019-09,2024-10,702
adverse_60,,,,118,Base,2024-12,2010-01,2019-10,2024-11,708
adverse_60,,,,119,Base,2025-01,2010-01,2019-11,2024-12,714
adverse_60,,,,120,Base,2025-02,2010-01,2019-12,2025-01,720
adverse_60,,,,121,Base,2025-03,2010-01,2020-01,2025-02,726
adverse_60,,,,122,Base,2025-04,2010-01,2020-02,2025-03,732
adverse_60,,,,123,Base,2025-05,2010-01,2020-03,2025-04,738
adverse_60,,,,124,Base,2025-06,2010-01,2020-04,2025-05,744
adverse_60,,,,125,Base,2025-07,2010-01,2020-05,2025-06,750
adverse_60,,,,126,Base,2025-08,2010-01,2020-06,2025-07,756
adverse_60,,,,127,Base,2025-09,2010-01,2020-07,2025-08,762
adverse_60,,,,128,Base,2025-10,2010-01,2020-08,2025-09,768
adverse_60,,,,129,Base,2025-11,2010-01,2020-09,2025-10,774
adverse_60,,,,130,Base,2025-12,2010-01,2020-10,2025-11,780
adverse_60,,,,131,Base,2026-01,2010-01,2020-11,2025-12,786
adverse_60,,,,132,Base,2026-02,2010-01,2020-12,2026-01,792
adverse_60,,,,133,Base,2026-03,2010-01,2021-01,2026-02,798
adverse_60,,,,134,Base,2026-04,2010-01,2021-02,2026-03,804
adverse_60,,,,135,Base,2026-05,2010-01,2021-03,2026-04,810
adverse_60,,,,136,Base,2026-06,2010-01,2021-04,2026-05,816
adverse_60,,,,137,Base,2026-07,2010-01,2021-05,2026-06,822
adverse_60,,,,138,Base,2026-08,2010-01,2021-06,2026-07,828
adverse_60,,,,36,fixed,2018-02,2010-01,2012-12,2018-01,216
adverse_60,,,,37,fixed,2018-03,2010-01,2013-01,2018-02,222
adverse_60,,,,38,fixed,2018-04,2010-01,2013-02,2018-03,228
adverse_60,,,,39,fixed,2018-05,2010-01,2013-03,2018-04,234
adverse_60,,,,40,fixed,2018-06,2010-01,2013-04,2018-05,240
adverse_60,,,,41,fixed,2018-07,2010-01,2013-05,2018-06,246
adverse_60,,,,42,fixed,2018-08,2010-01,2013-06,2018-07,252
adverse_60,,,,43,fixed,2018-09,2010-01,2013-07,2018-08,258
adverse_60,,,,44,fixed,2018-10,2010-01,2013-08,2018-09,264
adverse_60,,,,45,fixed,2018-11,2010-01,2013-09,2018-10,270
adverse_60,,,,46,fixed,2018-12,2010-01,2013-10,2018-11,276
adverse_60,,,,47,fixed,2019-01,2010-01,2013-11,2018-12,282
adverse_60,,,,48,fixed,2019-02,2010-01,2013-12,2019-01,288
adverse_60,,,,49,fixed,2019-03,2010-01,2014-01,2019-02,294
adverse_60,,,,50,fixed,2019-04,2010-01,2014-02,2019-03,300
adverse_60,,,,51,fixed,2019-05,2010-01,2014-03,2019-04,306
adverse_60,,,,52,fixed,2019-06,2010-01,2014-04,2019-05,312
adverse_60,,,,53,fixed,2019-07,2010-01,2014-05,2019-06,318
adverse_60,,,,54,fixed,2019-08,2010-01,2014-06,2019-07,324
adverse_60,,,,55,fixed,2019-09,2010-01,2014-07,2019-08,330
adverse_60,,,,56,fixed,2019-10,2010-01,2014-08,2019-09,336
adverse_60,,,,57,fixed,2019-11,2010-01,2014-09,2019-10,342
adverse_60,,,,58,fixed,2019-12,2010-01,2014-10,2019-11,348
adverse_60,,,,59,fixed,2020-01,2010-01,2014-11,2019-12,354
adverse_60,,,,60,fixed,2020-02,2010-01,2014-12,2020-01,360
adverse_60,,,,61,fixed,2020-03,2010-01,2015-01,2020-02,366
adverse_60,,,,62,fixed,2020-04,2010-01,2015-02,2020-03,372
adverse_60,,,,63,fixed,2020-05,2010-01,2015-03,2020-04,378
adverse_60,,,,64,fixed,2020-06,2010-01,2015-04,2020-05,384
adverse_60,,,,65,fixed,2020-07,2010-01,2015-05,2020-06,390
adverse_60,,,,66,fixed,2020-08,2010-01,2015-06,2020-07,396
adverse_60,,,,67,fixed,2020-09,2010-01,2015-07,2020-08,402
adverse_60,,,,68,fixed,2020-10,2010-01,2015-08,2020-09,408
adverse_60,,,,69,fixed,2020-11,2010-01,2015-09,2020-10,414
adverse_60,,,,70,fixed,2020-12,2010-01,2015-10,2020-11,420
adverse_60,,,,71,fixed,2021-01,2010-01,2015-11,2020-12,426
adverse_60,,,,72,fixed,2021-02,2010-01,2015-12,2021-01,432
adverse_60,,,,73,fixed,2021-03,2010-01,2016-01,2021-02,438
adverse_60,,,,74,fixed,2021-04,2010-01,2016-02,2021-03,444
adverse_60,,,,75,fixed,2021-05,2010-01,2016-03,2021-04,450
adverse_60,,,,76,fixed,2021-06,2010-01,2016-04,2021-05,456
adverse_60,,,,77,fixed,2021-07,2010-01,2016-05,2021-06,462
adverse_60,,,,78,fixed,2021-08,2010-01,2016-06,2021-07,468
adverse_60,,,,79,fixed,2021-09,2010-01,2016-07,2021-08,474
adverse_60,,,,80,fixed,2021-10,2010-01,2016-08,2021-09,480
adverse_60,,,,81,fixed,2021-11,2010-01,2016-09,2021-10,486
adverse_60,,,,82,fixed,2021-12,2010-01,2016-10,2021-11,492
adverse_60,,,,83,fixed,2022-01,2010-01,2016-11,2021-12,498
adverse_60,,,,84,fixed,2022-02,2010-01,2016-12,2022-01,504
adverse_60,,,,85,fixed,2022-03,2010-01,2017-01,2022-02,510
adverse_60,,,,86,fixed,2022-04,2010-01,2017-02,2022-03,516
adverse_60,,,,87,fixed,2022-05,2010-01,2017-03,2022-04,522
adverse_60,,,,88,fixed,2022-06,2010-01,2017-04,2022-05,528
adverse_60,,,,89,fixed,2022-07,2010-01,2017-05,2022-06,534
adverse_60,,,,90,fixed,2022-08,2010-01,2017-06,2022-07,540
adverse_60,,,,91,fixed,2022-09,2010-01,2017-07,2022-08,546
adverse_60,,,,92,fixed,2022-10,2010-01,2017-08,2022-09,552
adverse_60,,,,93,fixed,2022-11,2010-01,2017-09,2022-10,558
adverse_60,,,,94,fixed,2022-12,2010-01,2017-10,2022-11,564
adverse_60,,,,95,fixed,2023-01,2010-01,2017-11,2022-12,570
adverse_60,,,,96,fixed,2023-02,2010-01,2017-12,2023-01,576
adverse_60,,,,97,fixed,2023-03,2010-01,2018-01,2023-02,582
adverse_60,,,,98,fixed,2023-04,2010-01,2018-02,2023-03,588
adverse_60,,,,99,fixed,2023-05,2010-01,2018-03,2023-04,594
adverse_60,,,,100,fixed,2023-06,2010-01,2018-04,2023-05,600
adverse_60,,,,101,fixed,2023-07,2010-01,2018-05,2023-06,606
adverse_60,,,,102,fixed,2023-08,2010-01,2018-06,2023-07,612
adverse_60,,,,103,fixed,2023-09,2010-01,2018-07,2023-08,618
adverse_60,,,,104,fixed,2023-10,2010-01,2018-08,2023-09,624
adverse_60,,,,105,fixed,2023-11,2010-01,2018-09,2023-10,630
adverse_60,,,,106,fixed,2023-12,2010-01,2018-10,2023-11,636
adverse_60,,,,107,fixed,2024-01,2010-01,2018-11,2023-12,642
adverse_60,,,,108,fixed,2024-02,2010-01,2018-12,2024-01,648
adverse_60,,,,109,fixed,2024-03,2010-01,2019-01,2024-02,654
adverse_60,,,,110,fixed,2024-04,2010-01,2019-02,2024-03,660
adverse_60,,,,111,fixed,2024-05,2010-01,2019-03,2024-04,666
adverse_60,,,,112,fixed,2024-06,2010-01,2019-04,2024-05,672
adverse_60,,,,113,fixed,2024-07,2010-01,2019-05,2024-06,678
adverse_60,,,,114,fixed,2024-08,2010-01,2019-06,2024-07,684
adverse_60,,,,115,fixed,2024-09,2010-01,2019-07,2024-08,690
adverse_60,,,,116,fixed,2024-10,2010-01,2019-08,2024-09,696
adverse_60,,,,117,fixed,2024-11,2010-01,2019-09,2024-10,702
adverse_60,,,,118,fixed,2024-12,2010-01,2019-10,2024-11,708
adverse_60,,,,119,fixed,2025-01,2010-01,2019-11,2024-12,714
adverse_60,,,,120,fixed,2025-02,2010-01,2019-12,2025-01,720
adverse_60,,,,121,fixed,2025-03,2010-01,2020-01,2025-02,726
adverse_60,,,,122,fixed,2025-04,2010-01,2020-02,2025-03,732
adverse_60,,,,123,fixed,2025-05,2010-01,2020-03,2025-04,738
adverse_60,,,,124,fixed,2025-06,2010-01,2020-04,2025-05,744
adverse_60,,,,125,fixed,2025-07,2010-01,2020-05,2025-06,750
adverse_60,,,,126,fixed,2025-08,2010-01,2020-06,2025-07,756
adverse_60,,,,127,fixed,2025-09,2010-01,2020-07,2025-08,762
adverse_60,,,,128,fixed,2025-10,2010-01,2020-08,2025-09,768
adverse_60,,,,129,fixed,2025-11,2010-01,2020-09,2025-10,774
adverse_60,,,,130,fixed,2025-12,2010-01,2020-10,2025-11,780
adverse_60,,,,131,fixed,2026-01,2010-01,2020-11,2025-12,786
adverse_60,,,,132,fixed,2026-02,2010-01,2020-12,2026-01,792
adverse_60,,,,133,fixed,2026-03,2010-01,2021-01,2026-02,798
adverse_60,,,,134,fixed,2026-04,2010-01,2021-02,2026-03,804
adverse_60,,,,135,fixed,2026-05,2010-01,2021-03,2026-04,810
adverse_60,,,,136,fixed,2026-06,2010-01,2021-04,2026-05,816
adverse_60,,,,137,fixed,2026-07,2010-01,2021-05,2026-06,822
adverse_60,,,,138,fixed,2026-08,2010-01,2021-06,2026-07,828
adverse_60,,,,36,dynamic,2018-02,2010-01,2012-12,2018-01,216
adverse_60,,,,37,dynamic,2018-03,2010-01,2013-01,2018-02,222
adverse_60,,,,38,dynamic,2018-04,2010-01,2013-02,2018-03,228
adverse_60,,,,39,dynamic,2018-05,2010-01,2013-03,2018-04,234
adverse_60,,,,40,dynamic,2018-06,2010-01,2013-04,2018-05,240
adverse_60,,,,41,dynamic,2018-07,2010-01,2013-05,2018-06,246
adverse_60,,,,42,dynamic,2018-08,2010-01,2013-06,2018-07,252
adverse_60,,,,43,dynamic,2018-09,2010-01,2013-07,2018-08,258
adverse_60,,,,44,dynamic,2018-10,2010-01,2013-08,2018-09,264
adverse_60,,,,45,dynamic,2018-11,2010-01,2013-09,2018-10,270
adverse_60,,,,46,dynamic,2018-12,2010-01,2013-10,2018-11,276
adverse_60,,,,47,dynamic,2019-01,2010-01,2013-11,2018-12,282
adverse_60,,,,48,dynamic,2019-02,2010-01,2013-12,2019-01,288
adverse_60,,,,49,dynamic,2019-03,2010-01,2014-01,2019-02,294
adverse_60,,,,50,dynamic,2019-04,2010-01,2014-02,2019-03,300
adverse_60,,,,51,dynamic,2019-05,2010-01,2014-03,2019-04,306
adverse_60,,,,52,dynamic,2019-06,2010-01,2014-04,2019-05,312
adverse_60,,,,53,dynamic,2019-07,2010-01,2014-05,2019-06,318
adverse_60,,,,54,dynamic,2019-08,2010-01,2014-06,2019-07,324
adverse_60,,,,55,dynamic,2019-09,2010-01,2014-07,2019-08,330
adverse_60,,,,56,dynamic,2019-10,2010-01,2014-08,2019-09,336
adverse_60,,,,57,dynamic,2019-11,2010-01,2014-09,2019-10,342
adverse_60,,,,58,dynamic,2019-12,2010-01,2014-10,2019-11,348
adverse_60,,,,59,dynamic,2020-01,2010-01,2014-11,2019-12,354
adverse_60,,,,60,dynamic,2020-02,2010-01,2014-12,2020-01,360
adverse_60,,,,61,dynamic,2020-03,2010-01,2015-01,2020-02,366
adverse_60,,,,62,dynamic,2020-04,2010-01,2015-02,2020-03,372
adverse_60,,,,63,dynamic,2020-05,2010-01,2015-03,2020-04,378
adverse_60,,,,64,dynamic,2020-06,2010-01,2015-04,2020-05,384
adverse_60,,,,65,dynamic,2020-07,2010-01,2015-05,2020-06,390
adverse_60,,,,66,dynamic,2020-08,2010-01,2015-06,2020-07,396
adverse_60,,,,67,dynamic,2020-09,2010-01,2015-07,2020-08,402
adverse_60,,,,68,dynamic,2020-10,2010-01,2015-08,2020-09,408
adverse_60,,,,69,dynamic,2020-11,2010-01,2015-09,2020-10,414
adverse_60,,,,70,dynamic,2020-12,2010-01,2015-10,2020-11,420
adverse_60,,,,71,dynamic,2021-01,2010-01,2015-11,2020-12,426
adverse_60,,,,72,dynamic,2021-02,2010-01,2015-12,2021-01,432
adverse_60,,,,73,dynamic,2021-03,2010-01,2016-01,2021-02,438
adverse_60,,,,74,dynamic,2021-04,2010-01,2016-02,2021-03,444
adverse_60,,,,75,dynamic,2021-05,2010-01,2016-03,2021-04,450
adverse_60,,,,76,dynamic,2021-06,2010-01,2016-04,2021-05,456
adverse_60,,,,77,dynamic,2021-07,2010-01,2016-05,2021-06,462
adverse_60,,,,78,dynamic,2021-08,2010-01,2016-06,2021-07,468
adverse_60,,,,79,dynamic,2021-09,2010-01,2016-07,2021-08,474
adverse_60,,,,80,dynamic,2021-10,2010-01,2016-08,2021-09,480
adverse_60,,,,81,dynamic,2021-11,2010-01,2016-09,2021-10,486
adverse_60,,,,82,dynamic,2021-12,2010-01,2016-10,2021-11,492
adverse_60,,,,83,dynamic,2022-01,2010-01,2016-11,2021-12,498
adverse_60,,,,84,dynamic,2022-02,2010-01,2016-12,2022-01,504
adverse_60,,,,85,dynamic,2022-03,2010-01,2017-01,2022-02,510
adverse_60,,,,86,dynamic,2022-04,2010-01,2017-02,2022-03,516
adverse_60,,,,87,dynamic,2022-05,2010-01,2017-03,2022-04,522
adverse_60,,,,88,dynamic,2022-06,2010-01,2017-04,2022-05,528
adverse_60,,,,89,dynamic,2022-07,2010-01,2017-05,2022-06,534
adverse_60,,,,90,dynamic,2022-08,2010-01,2017-06,2022-07,540
adverse_60,,,,91,dynamic,2022-09,2010-01,2017-07,2022-08,546
adverse_60,,,,92,dynamic,2022-10,2010-01,2017-08,2022-09,552
adverse_60,,,,93,dynamic,2022-11,2010-01,2017-09,2022-10,558
adverse_60,,,,94,dynamic,2022-12,2010-01,2017-10,2022-11,564
adverse_60,,,,95,dynamic,2023-01,2010-01,2017-11,2022-12,570
adverse_60,,,,96,dynamic,2023-02,2010-01,2017-12,2023-01,576
adverse_60,,,,97,dynamic,2023-03,2010-01,2018-01,2023-02,582
adverse_60,,,,98,dynamic,2023-04,2010-01,2018-02,2023-03,588
adverse_60,,,,99,dynamic,2023-05,2010-01,2018-03,2023-04,594
adverse_60,,,,100,dynamic,2023-06,2010-01,2018-04,2023-05,600
adverse_60,,,,101,dynamic,2023-07,2010-01,2018-05,2023-06,606
adverse_60,,,,102,dynamic,2023-08,2010-01,2018-06,2023-07,612
adverse_60,,,,103,dynamic,2023-09,2010-01,2018-07,2023-08,618
adverse_60,,,,104,dynamic,2023-10,2010-01,2018-08,2023-09,624
adverse_60,,,,105,dynamic,2023-11,2010-01,2018-09,2023-10,630
adverse_60,,,,106,dynamic,2023-12,2010-01,2018-10,2023-11,636
adverse_60,,,,107,dynamic,2024-01,2010-01,2018-11,2023-12,642
adverse_60,,,,108,dynamic,2024-02,2010-01,2018-12,2024-01,648
adverse_60,,,,109,dynamic,2024-03,2010-01,2019-01,2024-02,654
adverse_60,,,,110,dynamic,2024-04,2010-01,2019-02,2024-03,660
adverse_60,,,,111,dynamic,2024-05,2010-01,2019-03,2024-04,666
adverse_60,,,,112,dynamic,2024-06,2010-01,2019-04,2024-05,672
adverse_60,,,,113,dynamic,2024-07,2010-01,2019-05,2024-06,678
adverse_60,,,,114,dynamic,2024-08,2010-01,2019-06,2024-07,684
adverse_60,,,,115,dynamic,2024-09,2010-01,2019-07,2024-08,690
adverse_60,,,,116,dynamic,2024-10,2010-01,2019-08,2024-09,696
adverse_60,,,,117,dynamic,2024-11,2010-01,2019-09,2024-10,702
adverse_60,,,,118,dynamic,2024-12,2010-01,2019-10,2024-11,708
adverse_60,,,,119,dynamic,2025-01,2010-01,2019-11,2024-12,714
adverse_60,,,,120,dynamic,2025-02,2010-01,2019-12,2025-01,720
adverse_60,,,,121,dynamic,2025-03,2010-01,2020-01,2025-02,726
adverse_60,,,,122,dynamic,2025-04,2010-01,2020-02,2025-03,732
adverse_60,,,,123,dynamic,2025-05,2010-01,2020-03,2025-04,738
adverse_60,,,,124,dynamic,2025-06,2010-01,2020-04,2025-05,744
adverse_60,,,,125,dynamic,2025-07,2010-01,2020-05,2025-06,750
adverse_60,,,,126,dynamic,2025-08,2010-01,2020-06,2025-07,756
adverse_60,,,,127,dynamic,2025-09,2010-01,2020-07,2025-08,762
adverse_60,,,,128,dynamic,2025-10,2010-01,2020-08,2025-09,768
adverse_60,,,,129,dynamic,2025-11,2010-01,2020-09,2025-10,774
adverse_60,,,,130,dynamic,2025-12,2010-01,2020-10,2025-11,780
adverse_60,,,,131,dynamic,2026-01,2010-01,2020-11,2025-12,786
adverse_60,,,,132,dynamic,2026-02,2010-01,2020-12,2026-01,792
adverse_60,,,,133,dynamic,2026-03,2010-01,2021-01,2026-02,798
adverse_60,,,,134,dynamic,2026-04,2010-01,2021-02,2026-03,804
adverse_60,,,,135,dynamic,2026-05,2010-01,2021-03,2026-04,810
adverse_60,,,,136,dynamic,2026-06,2010-01,2021-04,2026-05,816
adverse_60,,,,137,dynamic,2026-07,2010-01,2021-05,2026-06,822
adverse_60,,,,138,dynamic,2026-08,2010-01,2021-06,2026-07,828
adverse_60,,,,36,annual,2018-02,2010-01,2012-12,2018-01,216
adverse_60,,,,37,annual,2018-03,2010-01,2013-01,2018-02,222
adverse_60,,,,38,annual,2018-04,2010-01,2013-02,2018-03,228
adverse_60,,,,39,annual,2018-05,2010-01,2013-03,2018-04,234
adverse_60,,,,40,annual,2018-06,2010-01,2013-04,2018-05,240
adverse_60,,,,41,annual,2018-07,2010-01,2013-05,2018-06,246
adverse_60,,,,42,annual,2018-08,2010-01,2013-06,2018-07,252
adverse_60,,,,43,annual,2018-09,2010-01,2013-07,2018-08,258
adverse_60,,,,44,annual,2018-10,2010-01,2013-08,2018-09,264
adverse_60,,,,45,annual,2018-11,2010-01,2013-09,2018-10,270
adverse_60,,,,46,annual,2018-12,2010-01,2013-10,2018-11,276
adverse_60,,,,47,annual,2019-01,2010-01,2013-11,2018-12,282
adverse_60,,,,48,annual,2019-02,2010-01,2013-12,2019-01,288
adverse_60,,,,49,annual,2019-03,2010-01,2014-01,2019-02,294
adverse_60,,,,50,annual,2019-04,2010-01,2014-02,2019-03,300
adverse_60,,,,51,annual,2019-05,2010-01,2014-03,2019-04,306
adverse_60,,,,52,annual,2019-06,2010-01,2014-04,2019-05,312
adverse_60,,,,53,annual,2019-07,2010-01,2014-05,2019-06,318
adverse_60,,,,54,annual,2019-08,2010-01,2014-06,2019-07,324
adverse_60,,,,55,annual,2019-09,2010-01,2014-07,2019-08,330
adverse_60,,,,56,annual,2019-10,2010-01,2014-08,2019-09,336
adverse_60,,,,57,annual,2019-11,2010-01,2014-09,2019-10,342
adverse_60,,,,58,annual,2019-12,2010-01,2014-10,2019-11,348
adverse_60,,,,59,annual,2020-01,2010-01,2014-11,2019-12,354
adverse_60,,,,60,annual,2020-02,2010-01,2014-12,2020-01,360
adverse_60,,,,61,annual,2020-03,2010-01,2015-01,2020-02,366
adverse_60,,,,62,annual,2020-04,2010-01,2015-02,2020-03,372
adverse_60,,,,63,annual,2020-05,2010-01,2015-03,2020-04,378
adverse_60,,,,64,annual,2020-06,2010-01,2015-04,2020-05,384
adverse_60,,,,65,annual,2020-07,2010-01,2015-05,2020-06,390
adverse_60,,,,66,annual,2020-08,2010-01,2015-06,2020-07,396
adverse_60,,,,67,annual,2020-09,2010-01,2015-07,2020-08,402
adverse_60,,,,68,annual,2020-10,2010-01,2015-08,2020-09,408
adverse_60,,,,69,annual,2020-11,2010-01,2015-09,2020-10,414
adverse_60,,,,70,annual,2020-12,2010-01,2015-10,2020-11,420
adverse_60,,,,71,annual,2021-01,2010-01,2015-11,2020-12,426
adverse_60,,,,72,annual,2021-02,2010-01,2015-12,2021-01,432
adverse_60,,,,73,annual,2021-03,2010-01,2016-01,2021-02,438
adverse_60,,,,74,annual,2021-04,2010-01,2016-02,2021-03,444
adverse_60,,,,75,annual,2021-05,2010-01,2016-03,2021-04,450
adverse_60,,,,76,annual,2021-06,2010-01,2016-04,2021-05,456
adverse_60,,,,77,annual,2021-07,2010-01,2016-05,2021-06,462
adverse_60,,,,78,annual,2021-08,2010-01,2016-06,2021-07,468
adverse_60,,,,79,annual,2021-09,2010-01,2016-07,2021-08,474
adverse_60,,,,80,annual,2021-10,2010-01,2016-08,2021-09,480
adverse_60,,,,81,annual,2021-11,2010-01,2016-09,2021-10,486
adverse_60,,,,82,annual,2021-12,2010-01,2016-10,2021-11,492
adverse_60,,,,83,annual,2022-01,2010-01,2016-11,2021-12,498
adverse_60,,,,84,annual,2022-02,2010-01,2016-12,2022-01,504
adverse_60,,,,85,annual,2022-03,2010-01,2017-01,2022-02,510
adverse_60,,,,86,annual,2022-04,2010-01,2017-02,2022-03,516
adverse_60,,,,87,annual,2022-05,2010-01,2017-03,2022-04,522
adverse_60,,,,88,annual,2022-06,2010-01,2017-04,2022-05,528
adverse_60,,,,89,annual,2022-07,2010-01,2017-05,2022-06,534
adverse_60,,,,90,annual,2022-08,2010-01,2017-06,2022-07,540
adverse_60,,,,91,annual,2022-09,2010-01,2017-07,2022-08,546
adverse_60,,,,92,annual,2022-10,2010-01,2017-08,2022-09,552
adverse_60,,,,93,annual,2022-11,2010-01,2017-09,2022-10,558
adverse_60,,,,94,annual,2022-12,2010-01,2017-10,2022-11,564
adverse_60,,,,95,annual,2023-01,2010-01,2017-11,2022-12,570
adverse_60,,,,96,annual,2023-02,2010-01,2017-12,2023-01,576
adverse_60,,,,97,annual,2023-03,2010-01,2018-01,2023-02,582
adverse_60,,,,98,annual,2023-04,2010-01,2018-02,2023-03,588
adverse_60,,,,99,annual,2023-05,2010-01,2018-03,2023-04,594
adverse_60,,,,100,annual,2023-06,2010-01,2018-04,2023-05,600
adverse_60,,,,101,annual,2023-07,2010-01,2018-05,2023-06,606
adverse_60,,,,102,annual,2023-08,2010-01,2018-06,2023-07,612
adverse_60,,,,103,annual,2023-09,2010-01,2018-07,2023-08,618
adverse_60,,,,104,annual,2023-10,2010-01,2018-08,2023-09,624
adverse_60,,,,105,annual,2023-11,2010-01,2018-09,2023-10,630
adverse_60,,,,106,annual,2023-12,2010-01,2018-10,2023-11,636
adverse_60,,,,107,annual,2024-01,2010-01,2018-11,2023-12,642
adverse_60,,,,108,annual,2024-02,2010-01,2018-12,2024-01,648
adverse_60,,,,109,annual,2024-03,2010-01,2019-01,2024-02,654
adverse_60,,,,110,annual,2024-04,2010-01,2019-02,2024-03,660
adverse_60,,,,111,annual,2024-05,2010-01,2019-03,2024-04,666
adverse_60,,,,112,annual,2024-06,2010-01,2019-04,2024-05,672
adverse_60,,,,113,annual,2024-07,2010-01,2019-05,2024-06,678
adverse_60,,,,114,annual,2024-08,2010-01,2019-06,2024-07,684
adverse_60,,,,115,annual,2024-09,2010-01,2019-07,2024-08,690
adverse_60,,,,116,annual,2024-10,2010-01,2019-08,2024-09,696
adverse_60,,,,117,annual,2024-11,2010-01,2019-09,2024-10,702
adverse_60,,,,118,annual,2024-12,2010-01,2019-10,2024-11,708
adverse_60,,,,119,annual,2025-01,2010-01,2019-11,2024-12,714
adverse_60,,,,120,annual,2025-02,2010-01,2019-12,2025-01,720
adverse_60,,,,121,annual,2025-03,2010-01,2020-01,2025-02,726
adverse_60,,,,122,annual,2025-04,2010-01,2020-02,2025-03,732
adverse_60,,,,123,annual,2025-05,2010-01,2020-03,2025-04,738
adverse_60,,,,124,annual,2025-06,2010-01,2020-04,2025-05,744
adverse_60,,,,125,annual,2025-07,2010-01,2020-05,2025-06,750
adverse_60,,,,126,annual,2025-08,2010-01,2020-06,2025-07,756
adverse_60,,,,127,annual,2025-09,2010-01,2020-07,2025-08,762
adverse_60,,,,128,annual,2025-10,2010-01,2020-08,2025-09,768
adverse_60,,,,129,annual,2025-11,2010-01,2020-09,2025-10,774
adverse_60,,,,130,annual,2025-12,2010-01,2020-10,2025-11,780
adverse_60,,,,131,annual,2026-01,2010-01,2020-11,2025-12,786
adverse_60,,,,132,annual,2026-02,2010-01,2020-12,2026-01,792
adverse_60,,,,133,annual,2026-03,2010-01,2021-01,2026-02,798
adverse_60,,,,134,annual,2026-04,2010-01,2021-02,2026-03,804
adverse_60,,,,135,annual,2026-05,2010-01,2021-03,2026-04,810
adverse_60,,,,136,annual,2026-06,2010-01,2021-04,2026-05,816
adverse_60,,,,137,annual,2026-07,2010-01,2021-05,2026-06,822
adverse_60,,,,138,annual,2026-08,2010-01,2021-06,2026-07,828
adverse_60,,,,36,structure,2019-02,2011-01,2013-12,2019-01,216
adverse_60,,,,37,structure,2019-03,2011-01,2014-01,2019-02,222
adverse_60,,,,38,structure,2019-04,2011-01,2014-02,2019-03,228
adverse_60,,,,39,structure,2019-05,2011-01,2014-03,2019-04,234
adverse_60,,,,40,structure,2019-06,2011-01,2014-04,2019-05,240
adverse_60,,,,41,structure,2019-07,2011-01,2014-05,2019-06,246
adverse_60,,,,42,structure,2019-08,2011-01,2014-06,2019-07,252
adverse_60,,,,43,structure,2019-09,2011-01,2014-07,2019-08,258
adverse_60,,,,44,structure,2019-10,2011-01,2014-08,2019-09,264
adverse_60,,,,45,structure,2019-11,2011-01,2014-09,2019-10,270
adverse_60,,,,46,structure,2019-12,2011-01,2014-10,2019-11,276
adverse_60,,,,47,structure,2020-01,2011-01,2014-11,2019-12,282
adverse_60,,,,48,structure,2020-02,2011-01,2014-12,2020-01,288
adverse_60,,,,49,structure,2020-03,2011-01,2015-01,2020-02,294
adverse_60,,,,50,structure,2020-04,2011-01,2015-02,2020-03,300
adverse_60,,,,51,structure,2020-05,2011-01,2015-03,2020-04,306
adverse_60,,,,52,structure,2020-06,2011-01,2015-04,2020-05,312
adverse_60,,,,53,structure,2020-07,2011-01,2015-05,2020-06,318
adverse_60,,,,54,structure,2020-08,2011-01,2015-06,2020-07,324
adverse_60,,,,55,structure,2020-09,2011-01,2015-07,2020-08,330
adverse_60,,,,56,structure,2020-10,2011-01,2015-08,2020-09,336
adverse_60,,,,57,structure,2020-11,2011-01,2015-09,2020-10,342
adverse_60,,,,58,structure,2020-12,2011-01,2015-10,2020-11,348
adverse_60,,,,59,structure,2021-01,2011-01,2015-11,2020-12,354
adverse_60,,,,60,structure,2021-02,2011-01,2015-12,2021-01,360
adverse_60,,,,61,structure,2021-03,2011-01,2016-01,2021-02,366
adverse_60,,,,62,structure,2021-04,2011-01,2016-02,2021-03,372
adverse_60,,,,63,structure,2021-05,2011-01,2016-03,2021-04,378
adverse_60,,,,64,structure,2021-06,2011-01,2016-04,2021-05,384
adverse_60,,,,65,structure,2021-07,2011-01,2016-05,2021-06,390
adverse_60,,,,66,structure,2021-08,2011-01,2016-06,2021-07,396
adverse_60,,,,67,structure,2021-09,2011-01,2016-07,2021-08,402
adverse_60,,,,68,structure,2021-10,2011-01,2016-08,2021-09,408
adverse_60,,,,69,structure,2021-11,2011-01,2016-09,2021-10,414
adverse_60,,,,70,structure,2021-12,2011-01,2016-10,2021-11,420
adverse_60,,,,71,structure,2022-01,2011-01,2016-11,2021-12,426
adverse_60,,,,72,structure,2022-02,2011-01,2016-12,2022-01,432
adverse_60,,,,73,structure,2022-03,2011-01,2017-01,2022-02,438
adverse_60,,,,74,structure,2022-04,2011-01,2017-02,2022-03,444
adverse_60,,,,75,structure,2022-05,2011-01,2017-03,2022-04,450
adverse_60,,,,76,structure,2022-06,2011-01,2017-04,2022-05,456
adverse_60,,,,77,structure,2022-07,2011-01,2017-05,2022-06,462
adverse_60,,,,78,structure,2022-08,2011-01,2017-06,2022-07,468
adverse_60,,,,79,structure,2022-09,2011-01,2017-07,2022-08,474
adverse_60,,,,80,structure,2022-10,2011-01,2017-08,2022-09,480
adverse_60,,,,81,structure,2022-11,2011-01,2017-09,2022-10,486
adverse_60,,,,82,structure,2022-12,2011-01,2017-10,2022-11,492
adverse_60,,,,83,structure,2023-01,2011-01,2017-11,2022-12,498
adverse_60,,,,84,structure,2023-02,2011-01,2017-12,2023-01,504
adverse_60,,,,85,structure,2023-03,2011-01,2018-01,2023-02,510
adverse_60,,,,86,structure,2023-04,2011-01,2018-02,2023-03,516
adverse_60,,,,87,structure,2023-05,2011-01,2018-03,2023-04,522
adverse_60,,,,88,structure,2023-06,2011-01,2018-04,2023-05,528
adverse_60,,,,89,structure,2023-07,2011-01,2018-05,2023-06,534
adverse_60,,,,90,structure,2023-08,2011-01,2018-06,2023-07,540
adverse_60,,,,91,structure,2023-09,2011-01,2018-07,2023-08,546
adverse_60,,,,92,structure,2023-10,2011-01,2018-08,2023-09,552
adverse_60,,,,93,structure,2023-11,2011-01,2018-09,2023-10,558
adverse_60,,,,94,structure,2023-12,2011-01,2018-10,2023-11,564
adverse_60,,,,95,structure,2024-01,2011-01,2018-11,2023-12,570
adverse_60,,,,96,structure,2024-02,2011-01,2018-12,2024-01,576
adverse_60,,,,97,structure,2024-03,2011-01,2019-01,2024-02,582
adverse_60,,,,98,structure,2024-04,2011-01,2019-02,2024-03,588
adverse_60,,,,99,structure,2024-05,2011-01,2019-03,2024-04,594
adverse_60,,,,100,structure,2024-06,2011-01,2019-04,2024-05,600
adverse_60,,,,101,structure,2024-07,2011-01,2019-05,2024-06,606
adverse_60,,,,102,structure,2024-08,2011-01,2019-06,2024-07,612
adverse_60,,,,103,structure,2024-09,2011-01,2019-07,2024-08,618
adverse_60,,,,104,structure,2024-10,2011-01,2019-08,2024-09,624
adverse_60,,,,105,structure,2024-11,2011-01,2019-09,2024-10,630
adverse_60,,,,106,structure,2024-12,2011-01,2019-10,2024-11,636
adverse_60,,,,107,structure,2025-01,2011-01,2019-11,2024-12,642
adverse_60,,,,108,structure,2025-02,2011-01,2019-12,2025-01,648
adverse_60,,,,109,structure,2025-03,2011-01,2020-01,2025-02,654
adverse_60,,,,110,structure,2025-04,2011-01,2020-02,2025-03,660
adverse_60,,,,111,structure,2025-05,2011-01,2020-03,2025-04,666
adverse_60,,,,112,structure,2025-06,2011-01,2020-04,2025-05,672
adverse_60,,,,113,structure,2025-07,2011-01,2020-05,2025-06,678
adverse_60,,,,114,structure,2025-08,2011-01,2020-06,2025-07,684
adverse_60,,,,115,structure,2025-09,2011-01,2020-07,2025-08,690
adverse_60,,,,116,structure,2025-10,2011-01,2020-08,2025-09,696
adverse_60,,,,117,structure,2025-11,2011-01,2020-09,2025-10,702
adverse_60,,,,118,structure,2025-12,2011-01,2020-10,2025-11,708
adverse_60,,,,119,structure,2026-01,2011-01,2020-11,2025-12,714
adverse_60,,,,120,structure,2026-02,2011-01,2020-12,2026-01,720
adverse_60,,,,121,structure,2026-03,2011-01,2021-01,2026-02,726
adverse_60,,,,122,structure,2026-04,2011-01,2021-02,2026-03,732
adverse_60,,,,123,structure,2026-05,2011-01,2021-03,2026-04,738
adverse_60,,,,124,structure,2026-06,2011-01,2021-04,2026-05,744
adverse_60,,,,125,structure,2026-07,2011-01,2021-05,2026-06,750
adverse_60,,,,126,structure,2026-08,2011-01,2021-06,2026-07,756
adverse_60,,,,36,All,2019-02,2011-01,2013-12,2019-01,216
adverse_60,,,,37,All,2019-03,2011-01,2014-01,2019-02,222
adverse_60,,,,38,All,2019-04,2011-01,2014-02,2019-03,228
adverse_60,,,,39,All,2019-05,2011-01,2014-03,2019-04,234
adverse_60,,,,40,All,2019-06,2011-01,2014-04,2019-05,240
adverse_60,,,,41,All,2019-07,2011-01,2014-05,2019-06,246
adverse_60,,,,42,All,2019-08,2011-01,2014-06,2019-07,252
adverse_60,,,,43,All,2019-09,2011-01,2014-07,2019-08,258
adverse_60,,,,44,All,2019-10,2011-01,2014-08,2019-09,264
adverse_60,,,,45,All,2019-11,2011-01,2014-09,2019-10,270
adverse_60,,,,46,All,2019-12,2011-01,2014-10,2019-11,276
adverse_60,,,,47,All,2020-01,2011-01,2014-11,2019-12,282
adverse_60,,,,48,All,2020-02,2011-01,2014-12,2020-01,288
adverse_60,,,,49,All,2020-03,2011-01,2015-01,2020-02,294
adverse_60,,,,50,All,2020-04,2011-01,2015-02,2020-03,300
adverse_60,,,,51,All,2020-05,2011-01,2015-03,2020-04,306
adverse_60,,,,52,All,2020-06,2011-01,2015-04,2020-05,312
adverse_60,,,,53,All,2020-07,2011-01,2015-05,2020-06,318
adverse_60,,,,54,All,2020-08,2011-01,2015-06,2020-07,324
adverse_60,,,,55,All,2020-09,2011-01,2015-07,2020-08,330
adverse_60,,,,56,All,2020-10,2011-01,2015-08,2020-09,336
adverse_60,,,,57,All,2020-11,2011-01,2015-09,2020-10,342
adverse_60,,,,58,All,2020-12,2011-01,2015-10,2020-11,348
adverse_60,,,,59,All,2021-01,2011-01,2015-11,2020-12,354
adverse_60,,,,60,All,2021-02,2011-01,2015-12,2021-01,360
adverse_60,,,,61,All,2021-03,2011-01,2016-01,2021-02,366
adverse_60,,,,62,All,2021-04,2011-01,2016-02,2021-03,372
adverse_60,,,,63,All,2021-05,2011-01,2016-03,2021-04,378
adverse_60,,,,64,All,2021-06,2011-01,2016-04,2021-05,384
adverse_60,,,,65,All,2021-07,2011-01,2016-05,2021-06,390
adverse_60,,,,66,All,2021-08,2011-01,2016-06,2021-07,396
adverse_60,,,,67,All,2021-09,2011-01,2016-07,2021-08,402
adverse_60,,,,68,All,2021-10,2011-01,2016-08,2021-09,408
adverse_60,,,,69,All,2021-11,2011-01,2016-09,2021-10,414
adverse_60,,,,70,All,2021-12,2011-01,2016-10,2021-11,420
adverse_60,,,,71,All,2022-01,2011-01,2016-11,2021-12,426
adverse_60,,,,72,All,2022-02,2011-01,2016-12,2022-01,432
adverse_60,,,,73,All,2022-03,2011-01,2017-01,2022-02,438
adverse_60,,,,74,All,2022-04,2011-01,2017-02,2022-03,444
adverse_60,,,,75,All,2022-05,2011-01,2017-03,2022-04,450
adverse_60,,,,76,All,2022-06,2011-01,2017-04,2022-05,456
adverse_60,,,,77,All,2022-07,2011-01,2017-05,2022-06,462
adverse_60,,,,78,All,2022-08,2011-01,2017-06,2022-07,468
adverse_60,,,,79,All,2022-09,2011-01,2017-07,2022-08,474
adverse_60,,,,80,All,2022-10,2011-01,2017-08,2022-09,480
adverse_60,,,,81,All,2022-11,2011-01,2017-09,2022-10,486
adverse_60,,,,82,All,2022-12,2011-01,2017-10,2022-11,492
adverse_60,,,,83,All,2023-01,2011-01,2017-11,2022-12,498
adverse_60,,,,84,All,2023-02,2011-01,2017-12,2023-01,504
adverse_60,,,,85,All,2023-03,2011-01,2018-01,2023-02,510
adverse_60,,,,86,All,2023-04,2011-01,2018-02,2023-03,516
adverse_60,,,,87,All,2023-05,2011-01,2018-03,2023-04,522
adverse_60,,,,88,All,2023-06,2011-01,2018-04,2023-05,528
adverse_60,,,,89,All,2023-07,2011-01,2018-05,2023-06,534
adverse_60,,,,90,All,2023-08,2011-01,2018-06,2023-07,540
adverse_60,,,,91,All,2023-09,2011-01,2018-07,2023-08,546
adverse_60,,,,92,All,2023-10,2011-01,2018-08,2023-09,552
adverse_60,,,,93,All,2023-11,2011-01,2018-09,2023-10,558
adverse_60,,,,94,All,2023-12,2011-01,2018-10,2023-11,564
adverse_60,,,,95,All,2024-01,2011-01,2018-11,2023-12,570
adverse_60,,,,96,All,2024-02,2011-01,2018-12,2024-01,576
adverse_60,,,,97,All,2024-03,2011-01,2019-01,2024-02,582
adverse_60,,,,98,All,2024-04,2011-01,2019-02,2024-03,588
adverse_60,,,,99,All,2024-05,2011-01,2019-03,2024-04,594
adverse_60,,,,100,All,2024-06,2011-01,2019-04,2024-05,600
adverse_60,,,,101,All,2024-07,2011-01,2019-05,2024-06,606
adverse_60,,,,102,All,2024-08,2011-01,2019-06,2024-07,612
adverse_60,,,,103,All,2024-09,2011-01,2019-07,2024-08,618
adverse_60,,,,104,All,2024-10,2011-01,2019-08,2024-09,624
adverse_60,,,,105,All,2024-11,2011-01,2019-09,2024-10,630
adverse_60,,,,106,All,2024-12,2011-01,2019-10,2024-11,636
adverse_60,,,,107,All,2025-01,2011-01,2019-11,2024-12,642
adverse_60,,,,108,All,2025-02,2011-01,2019-12,2025-01,648
adverse_60,,,,109,All,2025-03,2011-01,2020-01,2025-02,654
adverse_60,,,,110,All,2025-04,2011-01,2020-02,2025-03,660
adverse_60,,,,111,All,2025-05,2011-01,2020-03,2025-04,666
adverse_60,,,,112,All,2025-06,2011-01,2020-04,2025-05,672
adverse_60,,,,113,All,2025-07,2011-01,2020-05,2025-06,678
adverse_60,,,,114,All,2025-08,2011-01,2020-06,2025-07,684
adverse_60,,,,115,All,2025-09,2011-01,2020-07,2025-08,690
adverse_60,,,,116,All,2025-10,2011-01,2020-08,2025-09,696
adverse_60,,,,117,All,2025-11,2011-01,2020-09,2025-10,702
adverse_60,,,,118,All,2025-12,2011-01,2020-10,2025-11,708
adverse_60,,,,119,All,2026-01,2011-01,2020-11,2025-12,714
adverse_60,,,,120,All,2026-02,2011-01,2020-12,2026-01,720
adverse_60,,,,121,All,2026-03,2011-01,2021-01,2026-02,726
adverse_60,,,,122,All,2026-04,2011-01,2021-02,2026-03,732
adverse_60,,,,123,All,2026-05,2011-01,2021-03,2026-04,738
adverse_60,,,,124,All,2026-06,2011-01,2021-04,2026-05,744
adverse_60,,,,125,All,2026-07,2011-01,2021-05,2026-06,750
adverse_60,,,,126,All,2026-08,2011-01,2021-06,2026-07,756
underwater_60,,,,36,Base,2018-02,2010-01,2012-12,2018-01,216
underwater_60,,,,37,Base,2018-03,2010-01,2013-01,2018-02,222
underwater_60,,,,38,Base,2018-04,2010-01,2013-02,2018-03,228
underwater_60,,,,39,Base,2018-05,2010-01,2013-03,2018-04,234
underwater_60,,,,40,Base,2018-06,2010-01,2013-04,2018-05,240
underwater_60,,,,41,Base,2018-07,2010-01,2013-05,2018-06,246
underwater_60,,,,42,Base,2018-08,2010-01,2013-06,2018-07,252
underwater_60,,,,43,Base,2018-09,2010-01,2013-07,2018-08,258
underwater_60,,,,44,Base,2018-10,2010-01,2013-08,2018-09,264
underwater_60,,,,45,Base,2018-11,2010-01,2013-09,2018-10,270
underwater_60,,,,46,Base,2018-12,2010-01,2013-10,2018-11,276
underwater_60,,,,47,Base,2019-01,2010-01,2013-11,2018-12,282
underwater_60,,,,48,Base,2019-02,2010-01,2013-12,2019-01,288
underwater_60,,,,49,Base,2019-03,2010-01,2014-01,2019-02,294
underwater_60,,,,50,Base,2019-04,2010-01,2014-02,2019-03,300
underwater_60,,,,51,Base,2019-05,2010-01,2014-03,2019-04,306
underwater_60,,,,52,Base,2019-06,2010-01,2014-04,2019-05,312
underwater_60,,,,53,Base,2019-07,2010-01,2014-05,2019-06,318
underwater_60,,,,54,Base,2019-08,2010-01,2014-06,2019-07,324
underwater_60,,,,55,Base,2019-09,2010-01,2014-07,2019-08,330
underwater_60,,,,56,Base,2019-10,2010-01,2014-08,2019-09,336
underwater_60,,,,57,Base,2019-11,2010-01,2014-09,2019-10,342
underwater_60,,,,58,Base,2019-12,2010-01,2014-10,2019-11,348
underwater_60,,,,59,Base,2020-01,2010-01,2014-11,2019-12,354
underwater_60,,,,60,Base,2020-02,2010-01,2014-12,2020-01,360
underwater_60,,,,61,Base,2020-03,2010-01,2015-01,2020-02,366
underwater_60,,,,62,Base,2020-04,2010-01,2015-02,2020-03,372
underwater_60,,,,63,Base,2020-05,2010-01,2015-03,2020-04,378
underwater_60,,,,64,Base,2020-06,2010-01,2015-04,2020-05,384
underwater_60,,,,65,Base,2020-07,2010-01,2015-05,2020-06,390
underwater_60,,,,66,Base,2020-08,2010-01,2015-06,2020-07,396
underwater_60,,,,67,Base,2020-09,2010-01,2015-07,2020-08,402
underwater_60,,,,68,Base,2020-10,2010-01,2015-08,2020-09,408
underwater_60,,,,69,Base,2020-11,2010-01,2015-09,2020-10,414
underwater_60,,,,70,Base,2020-12,2010-01,2015-10,2020-11,420
underwater_60,,,,71,Base,2021-01,2010-01,2015-11,2020-12,426
underwater_60,,,,72,Base,2021-02,2010-01,2015-12,2021-01,432
underwater_60,,,,73,Base,2021-03,2010-01,2016-01,2021-02,438
underwater_60,,,,74,Base,2021-04,2010-01,2016-02,2021-03,444
underwater_60,,,,75,Base,2021-05,2010-01,2016-03,2021-04,450
underwater_60,,,,76,Base,2021-06,2010-01,2016-04,2021-05,456
underwater_60,,,,77,Base,2021-07,2010-01,2016-05,2021-06,462
underwater_60,,,,78,Base,2021-08,2010-01,2016-06,2021-07,468
underwater_60,,,,79,Base,2021-09,2010-01,2016-07,2021-08,474
underwater_60,,,,80,Base,2021-10,2010-01,2016-08,2021-09,480
underwater_60,,,,81,Base,2021-11,2010-01,2016-09,2021-10,486
underwater_60,,,,82,Base,2021-12,2010-01,2016-10,2021-11,492
underwater_60,,,,83,Base,2022-01,2010-01,2016-11,2021-12,498
underwater_60,,,,84,Base,2022-02,2010-01,2016-12,2022-01,504
underwater_60,,,,85,Base,2022-03,2010-01,2017-01,2022-02,510
underwater_60,,,,86,Base,2022-04,2010-01,2017-02,2022-03,516
underwater_60,,,,87,Base,2022-05,2010-01,2017-03,2022-04,522
underwater_60,,,,88,Base,2022-06,2010-01,2017-04,2022-05,528
underwater_60,,,,89,Base,2022-07,2010-01,2017-05,2022-06,534
underwater_60,,,,90,Base,2022-08,2010-01,2017-06,2022-07,540
underwater_60,,,,91,Base,2022-09,2010-01,2017-07,2022-08,546
underwater_60,,,,92,Base,2022-10,2010-01,2017-08,2022-09,552
underwater_60,,,,93,Base,2022-11,2010-01,2017-09,2022-10,558
underwater_60,,,,94,Base,2022-12,2010-01,2017-10,2022-11,564
underwater_60,,,,95,Base,2023-01,2010-01,2017-11,2022-12,570
underwater_60,,,,96,Base,2023-02,2010-01,2017-12,2023-01,576
underwater_60,,,,97,Base,2023-03,2010-01,2018-01,2023-02,582
underwater_60,,,,98,Base,2023-04,2010-01,2018-02,2023-03,588
underwater_60,,,,99,Base,2023-05,2010-01,2018-03,2023-04,594
underwater_60,,,,100,Base,2023-06,2010-01,2018-04,2023-05,600
underwater_60,,,,101,Base,2023-07,2010-01,2018-05,2023-06,606
underwater_60,,,,102,Base,2023-08,2010-01,2018-06,2023-07,612
underwater_60,,,,103,Base,2023-09,2010-01,2018-07,2023-08,618
underwater_60,,,,104,Base,2023-10,2010-01,2018-08,2023-09,624
underwater_60,,,,105,Base,2023-11,2010-01,2018-09,2023-10,630
underwater_60,,,,106,Base,2023-12,2010-01,2018-10,2023-11,636
underwater_60,,,,107,Base,2024-01,2010-01,2018-11,2023-12,642
underwater_60,,,,108,Base,2024-02,2010-01,2018-12,2024-01,648
underwater_60,,,,109,Base,2024-03,2010-01,2019-01,2024-02,654
underwater_60,,,,110,Base,2024-04,2010-01,2019-02,2024-03,660
underwater_60,,,,111,Base,2024-05,2010-01,2019-03,2024-04,666
underwater_60,,,,112,Base,2024-06,2010-01,2019-04,2024-05,672
underwater_60,,,,113,Base,2024-07,2010-01,2019-05,2024-06,678
underwater_60,,,,114,Base,2024-08,2010-01,2019-06,2024-07,684
underwater_60,,,,115,Base,2024-09,2010-01,2019-07,2024-08,690
underwater_60,,,,116,Base,2024-10,2010-01,2019-08,2024-09,696
underwater_60,,,,117,Base,2024-11,2010-01,2019-09,2024-10,702
underwater_60,,,,118,Base,2024-12,2010-01,2019-10,2024-11,708
underwater_60,,,,119,Base,2025-01,2010-01,2019-11,2024-12,714
underwater_60,,,,120,Base,2025-02,2010-01,2019-12,2025-01,720
underwater_60,,,,121,Base,2025-03,2010-01,2020-01,2025-02,726
underwater_60,,,,122,Base,2025-04,2010-01,2020-02,2025-03,732
underwater_60,,,,123,Base,2025-05,2010-01,2020-03,2025-04,738
underwater_60,,,,124,Base,2025-06,2010-01,2020-04,2025-05,744
underwater_60,,,,125,Base,2025-07,2010-01,2020-05,2025-06,750
underwater_60,,,,126,Base,2025-08,2010-01,2020-06,2025-07,756
underwater_60,,,,127,Base,2025-09,2010-01,2020-07,2025-08,762
underwater_60,,,,128,Base,2025-10,2010-01,2020-08,2025-09,768
underwater_60,,,,129,Base,2025-11,2010-01,2020-09,2025-10,774
underwater_60,,,,130,Base,2025-12,2010-01,2020-10,2025-11,780
underwater_60,,,,131,Base,2026-01,2010-01,2020-11,2025-12,786
underwater_60,,,,132,Base,2026-02,2010-01,2020-12,2026-01,792
underwater_60,,,,133,Base,2026-03,2010-01,2021-01,2026-02,798
underwater_60,,,,134,Base,2026-04,2010-01,2021-02,2026-03,804
underwater_60,,,,135,Base,2026-05,2010-01,2021-03,2026-04,810
underwater_60,,,,136,Base,2026-06,2010-01,2021-04,2026-05,816
underwater_60,,,,137,Base,2026-07,2010-01,2021-05,2026-06,822
underwater_60,,,,138,Base,2026-08,2010-01,2021-06,2026-07,828
underwater_60,,,,36,fixed,2018-02,2010-01,2012-12,2018-01,216
underwater_60,,,,37,fixed,2018-03,2010-01,2013-01,2018-02,222
underwater_60,,,,38,fixed,2018-04,2010-01,2013-02,2018-03,228
underwater_60,,,,39,fixed,2018-05,2010-01,2013-03,2018-04,234
underwater_60,,,,40,fixed,2018-06,2010-01,2013-04,2018-05,240
underwater_60,,,,41,fixed,2018-07,2010-01,2013-05,2018-06,246
underwater_60,,,,42,fixed,2018-08,2010-01,2013-06,2018-07,252
underwater_60,,,,43,fixed,2018-09,2010-01,2013-07,2018-08,258
underwater_60,,,,44,fixed,2018-10,2010-01,2013-08,2018-09,264
underwater_60,,,,45,fixed,2018-11,2010-01,2013-09,2018-10,270
underwater_60,,,,46,fixed,2018-12,2010-01,2013-10,2018-11,276
underwater_60,,,,47,fixed,2019-01,2010-01,2013-11,2018-12,282
underwater_60,,,,48,fixed,2019-02,2010-01,2013-12,2019-01,288
underwater_60,,,,49,fixed,2019-03,2010-01,2014-01,2019-02,294
underwater_60,,,,50,fixed,2019-04,2010-01,2014-02,2019-03,300
underwater_60,,,,51,fixed,2019-05,2010-01,2014-03,2019-04,306
underwater_60,,,,52,fixed,2019-06,2010-01,2014-04,2019-05,312
underwater_60,,,,53,fixed,2019-07,2010-01,2014-05,2019-06,318
underwater_60,,,,54,fixed,2019-08,2010-01,2014-06,2019-07,324
underwater_60,,,,55,fixed,2019-09,2010-01,2014-07,2019-08,330
underwater_60,,,,56,fixed,2019-10,2010-01,2014-08,2019-09,336
underwater_60,,,,57,fixed,2019-11,2010-01,2014-09,2019-10,342
underwater_60,,,,58,fixed,2019-12,2010-01,2014-10,2019-11,348
underwater_60,,,,59,fixed,2020-01,2010-01,2014-11,2019-12,354
underwater_60,,,,60,fixed,2020-02,2010-01,2014-12,2020-01,360
underwater_60,,,,61,fixed,2020-03,2010-01,2015-01,2020-02,366
underwater_60,,,,62,fixed,2020-04,2010-01,2015-02,2020-03,372
underwater_60,,,,63,fixed,2020-05,2010-01,2015-03,2020-04,378
underwater_60,,,,64,fixed,2020-06,2010-01,2015-04,2020-05,384
underwater_60,,,,65,fixed,2020-07,2010-01,2015-05,2020-06,390
underwater_60,,,,66,fixed,2020-08,2010-01,2015-06,2020-07,396
underwater_60,,,,67,fixed,2020-09,2010-01,2015-07,2020-08,402
underwater_60,,,,68,fixed,2020-10,2010-01,2015-08,2020-09,408
underwater_60,,,,69,fixed,2020-11,2010-01,2015-09,2020-10,414
underwater_60,,,,70,fixed,2020-12,2010-01,2015-10,2020-11,420
underwater_60,,,,71,fixed,2021-01,2010-01,2015-11,2020-12,426
underwater_60,,,,72,fixed,2021-02,2010-01,2015-12,2021-01,432
underwater_60,,,,73,fixed,2021-03,2010-01,2016-01,2021-02,438
underwater_60,,,,74,fixed,2021-04,2010-01,2016-02,2021-03,444
underwater_60,,,,75,fixed,2021-05,2010-01,2016-03,2021-04,450
underwater_60,,,,76,fixed,2021-06,2010-01,2016-04,2021-05,456
underwater_60,,,,77,fixed,2021-07,2010-01,2016-05,2021-06,462
underwater_60,,,,78,fixed,2021-08,2010-01,2016-06,2021-07,468
underwater_60,,,,79,fixed,2021-09,2010-01,2016-07,2021-08,474
underwater_60,,,,80,fixed,2021-10,2010-01,2016-08,2021-09,480
underwater_60,,,,81,fixed,2021-11,2010-01,2016-09,2021-10,486
underwater_60,,,,82,fixed,2021-12,2010-01,2016-10,2021-11,492
underwater_60,,,,83,fixed,2022-01,2010-01,2016-11,2021-12,498
underwater_60,,,,84,fixed,2022-02,2010-01,2016-12,2022-01,504
underwater_60,,,,85,fixed,2022-03,2010-01,2017-01,2022-02,510
underwater_60,,,,86,fixed,2022-04,2010-01,2017-02,2022-03,516
underwater_60,,,,87,fixed,2022-05,2010-01,2017-03,2022-04,522
underwater_60,,,,88,fixed,2022-06,2010-01,2017-04,2022-05,528
underwater_60,,,,89,fixed,2022-07,2010-01,2017-05,2022-06,534
underwater_60,,,,90,fixed,2022-08,2010-01,2017-06,2022-07,540
underwater_60,,,,91,fixed,2022-09,2010-01,2017-07,2022-08,546
underwater_60,,,,92,fixed,2022-10,2010-01,2017-08,2022-09,552
underwater_60,,,,93,fixed,2022-11,2010-01,2017-09,2022-10,558
underwater_60,,,,94,fixed,2022-12,2010-01,2017-10,2022-11,564
underwater_60,,,,95,fixed,2023-01,2010-01,2017-11,2022-12,570
underwater_60,,,,96,fixed,2023-02,2010-01,2017-12,2023-01,576
underwater_60,,,,97,fixed,2023-03,2010-01,2018-01,2023-02,582
underwater_60,,,,98,fixed,2023-04,2010-01,2018-02,2023-03,588
underwater_60,,,,99,fixed,2023-05,2010-01,2018-03,2023-04,594
underwater_60,,,,100,fixed,2023-06,2010-01,2018-04,2023-05,600
underwater_60,,,,101,fixed,2023-07,2010-01,2018-05,2023-06,606
underwater_60,,,,102,fixed,2023-08,2010-01,2018-06,2023-07,612
underwater_60,,,,103,fixed,2023-09,2010-01,2018-07,2023-08,618
underwater_60,,,,104,fixed,2023-10,2010-01,2018-08,2023-09,624
underwater_60,,,,105,fixed,2023-11,2010-01,2018-09,2023-10,630
underwater_60,,,,106,fixed,2023-12,2010-01,2018-10,2023-11,636
underwater_60,,,,107,fixed,2024-01,2010-01,2018-11,2023-12,642
underwater_60,,,,108,fixed,2024-02,2010-01,2018-12,2024-01,648
underwater_60,,,,109,fixed,2024-03,2010-01,2019-01,2024-02,654
underwater_60,,,,110,fixed,2024-04,2010-01,2019-02,2024-03,660
underwater_60,,,,111,fixed,2024-05,2010-01,2019-03,2024-04,666
underwater_60,,,,112,fixed,2024-06,2010-01,2019-04,2024-05,672
underwater_60,,,,113,fixed,2024-07,2010-01,2019-05,2024-06,678
underwater_60,,,,114,fixed,2024-08,2010-01,2019-06,2024-07,684
underwater_60,,,,115,fixed,2024-09,2010-01,2019-07,2024-08,690
underwater_60,,,,116,fixed,2024-10,2010-01,2019-08,2024-09,696
underwater_60,,,,117,fixed,2024-11,2010-01,2019-09,2024-10,702
underwater_60,,,,118,fixed,2024-12,2010-01,2019-10,2024-11,708
underwater_60,,,,119,fixed,2025-01,2010-01,2019-11,2024-12,714
underwater_60,,,,120,fixed,2025-02,2010-01,2019-12,2025-01,720
underwater_60,,,,121,fixed,2025-03,2010-01,2020-01,2025-02,726
underwater_60,,,,122,fixed,2025-04,2010-01,2020-02,2025-03,732
underwater_60,,,,123,fixed,2025-05,2010-01,2020-03,2025-04,738
underwater_60,,,,124,fixed,2025-06,2010-01,2020-04,2025-05,744
underwater_60,,,,125,fixed,2025-07,2010-01,2020-05,2025-06,750
underwater_60,,,,126,fixed,2025-08,2010-01,2020-06,2025-07,756
underwater_60,,,,127,fixed,2025-09,2010-01,2020-07,2025-08,762
underwater_60,,,,128,fixed,2025-10,2010-01,2020-08,2025-09,768
underwater_60,,,,129,fixed,2025-11,2010-01,2020-09,2025-10,774
underwater_60,,,,130,fixed,2025-12,2010-01,2020-10,2025-11,780
underwater_60,,,,131,fixed,2026-01,2010-01,2020-11,2025-12,786
underwater_60,,,,132,fixed,2026-02,2010-01,2020-12,2026-01,792
underwater_60,,,,133,fixed,2026-03,2010-01,2021-01,2026-02,798
underwater_60,,,,134,fixed,2026-04,2010-01,2021-02,2026-03,804
underwater_60,,,,135,fixed,2026-05,2010-01,2021-03,2026-04,810
underwater_60,,,,136,fixed,2026-06,2010-01,2021-04,2026-05,816
underwater_60,,,,137,fixed,2026-07,2010-01,2021-05,2026-06,822
underwater_60,,,,138,fixed,2026-08,2010-01,2021-06,2026-07,828
underwater_60,,,,36,dynamic,2018-02,2010-01,2012-12,2018-01,216
underwater_60,,,,37,dynamic,2018-03,2010-01,2013-01,2018-02,222
underwater_60,,,,38,dynamic,2018-04,2010-01,2013-02,2018-03,228
underwater_60,,,,39,dynamic,2018-05,2010-01,2013-03,2018-04,234
underwater_60,,,,40,dynamic,2018-06,2010-01,2013-04,2018-05,240
underwater_60,,,,41,dynamic,2018-07,2010-01,2013-05,2018-06,246
underwater_60,,,,42,dynamic,2018-08,2010-01,2013-06,2018-07,252
underwater_60,,,,43,dynamic,2018-09,2010-01,2013-07,2018-08,258
underwater_60,,,,44,dynamic,2018-10,2010-01,2013-08,2018-09,264
underwater_60,,,,45,dynamic,2018-11,2010-01,2013-09,2018-10,270
underwater_60,,,,46,dynamic,2018-12,2010-01,2013-10,2018-11,276
underwater_60,,,,47,dynamic,2019-01,2010-01,2013-11,2018-12,282
underwater_60,,,,48,dynamic,2019-02,2010-01,2013-12,2019-01,288
underwater_60,,,,49,dynamic,2019-03,2010-01,2014-01,2019-02,294
underwater_60,,,,50,dynamic,2019-04,2010-01,2014-02,2019-03,300
underwater_60,,,,51,dynamic,2019-05,2010-01,2014-03,2019-04,306
underwater_60,,,,52,dynamic,2019-06,2010-01,2014-04,2019-05,312
underwater_60,,,,53,dynamic,2019-07,2010-01,2014-05,2019-06,318
underwater_60,,,,54,dynamic,2019-08,2010-01,2014-06,2019-07,324
underwater_60,,,,55,dynamic,2019-09,2010-01,2014-07,2019-08,330
underwater_60,,,,56,dynamic,2019-10,2010-01,2014-08,2019-09,336
underwater_60,,,,57,dynamic,2019-11,2010-01,2014-09,2019-10,342
underwater_60,,,,58,dynamic,2019-12,2010-01,2014-10,2019-11,348
underwater_60,,,,59,dynamic,2020-01,2010-01,2014-11,2019-12,354
underwater_60,,,,60,dynamic,2020-02,2010-01,2014-12,2020-01,360
underwater_60,,,,61,dynamic,2020-03,2010-01,2015-01,2020-02,366
underwater_60,,,,62,dynamic,2020-04,2010-01,2015-02,2020-03,372
underwater_60,,,,63,dynamic,2020-05,2010-01,2015-03,2020-04,378
underwater_60,,,,64,dynamic,2020-06,2010-01,2015-04,2020-05,384
underwater_60,,,,65,dynamic,2020-07,2010-01,2015-05,2020-06,390
underwater_60,,,,66,dynamic,2020-08,2010-01,2015-06,2020-07,396
underwater_60,,,,67,dynamic,2020-09,2010-01,2015-07,2020-08,402
underwater_60,,,,68,dynamic,2020-10,2010-01,2015-08,2020-09,408
underwater_60,,,,69,dynamic,2020-11,2010-01,2015-09,2020-10,414
underwater_60,,,,70,dynamic,2020-12,2010-01,2015-10,2020-11,420
underwater_60,,,,71,dynamic,2021-01,2010-01,2015-11,2020-12,426
underwater_60,,,,72,dynamic,2021-02,2010-01,2015-12,2021-01,432
underwater_60,,,,73,dynamic,2021-03,2010-01,2016-01,2021-02,438
underwater_60,,,,74,dynamic,2021-04,2010-01,2016-02,2021-03,444
underwater_60,,,,75,dynamic,2021-05,2010-01,2016-03,2021-04,450
underwater_60,,,,76,dynamic,2021-06,2010-01,2016-04,2021-05,456
underwater_60,,,,77,dynamic,2021-07,2010-01,2016-05,2021-06,462
underwater_60,,,,78,dynamic,2021-08,2010-01,2016-06,2021-07,468
underwater_60,,,,79,dynamic,2021-09,2010-01,2016-07,2021-08,474
underwater_60,,,,80,dynamic,2021-10,2010-01,2016-08,2021-09,480
underwater_60,,,,81,dynamic,2021-11,2010-01,2016-09,2021-10,486
underwater_60,,,,82,dynamic,2021-12,2010-01,2016-10,2021-11,492
underwater_60,,,,83,dynamic,2022-01,2010-01,2016-11,2021-12,498
underwater_60,,,,84,dynamic,2022-02,2010-01,2016-12,2022-01,504
underwater_60,,,,85,dynamic,2022-03,2010-01,2017-01,2022-02,510
underwater_60,,,,86,dynamic,2022-04,2010-01,2017-02,2022-03,516
underwater_60,,,,87,dynamic,2022-05,2010-01,2017-03,2022-04,522
underwater_60,,,,88,dynamic,2022-06,2010-01,2017-04,2022-05,528
underwater_60,,,,89,dynamic,2022-07,2010-01,2017-05,2022-06,534
underwater_60,,,,90,dynamic,2022-08,2010-01,2017-06,2022-07,540
underwater_60,,,,91,dynamic,2022-09,2010-01,2017-07,2022-08,546
underwater_60,,,,92,dynamic,2022-10,2010-01,2017-08,2022-09,552
underwater_60,,,,93,dynamic,2022-11,2010-01,2017-09,2022-10,558
underwater_60,,,,94,dynamic,2022-12,2010-01,2017-10,2022-11,564
underwater_60,,,,95,dynamic,2023-01,2010-01,2017-11,2022-12,570
underwater_60,,,,96,dynamic,2023-02,2010-01,2017-12,2023-01,576
underwater_60,,,,97,dynamic,2023-03,2010-01,2018-01,2023-02,582
underwater_60,,,,98,dynamic,2023-04,2010-01,2018-02,2023-03,588
underwater_60,,,,99,dynamic,2023-05,2010-01,2018-03,2023-04,594
underwater_60,,,,100,dynamic,2023-06,2010-01,2018-04,2023-05,600
underwater_60,,,,101,dynamic,2023-07,2010-01,2018-05,2023-06,606
underwater_60,,,,102,dynamic,2023-08,2010-01,2018-06,2023-07,612
underwater_60,,,,103,dynamic,2023-09,2010-01,2018-07,2023-08,618
underwater_60,,,,104,dynamic,2023-10,2010-01,2018-08,2023-09,624
underwater_60,,,,105,dynamic,2023-11,2010-01,2018-09,2023-10,630
underwater_60,,,,106,dynamic,2023-12,2010-01,2018-10,2023-11,636
underwater_60,,,,107,dynamic,2024-01,2010-01,2018-11,2023-12,642
underwater_60,,,,108,dynamic,2024-02,2010-01,2018-12,2024-01,648
underwater_60,,,,109,dynamic,2024-03,2010-01,2019-01,2024-02,654
underwater_60,,,,110,dynamic,2024-04,2010-01,2019-02,2024-03,660
underwater_60,,,,111,dynamic,2024-05,2010-01,2019-03,2024-04,666
underwater_60,,,,112,dynamic,2024-06,2010-01,2019-04,2024-05,672
underwater_60,,,,113,dynamic,2024-07,2010-01,2019-05,2024-06,678
underwater_60,,,,114,dynamic,2024-08,2010-01,2019-06,2024-07,684
underwater_60,,,,115,dynamic,2024-09,2010-01,2019-07,2024-08,690
underwater_60,,,,116,dynamic,2024-10,2010-01,2019-08,2024-09,696
underwater_60,,,,117,dynamic,2024-11,2010-01,2019-09,2024-10,702
underwater_60,,,,118,dynamic,2024-12,2010-01,2019-10,2024-11,708
underwater_60,,,,119,dynamic,2025-01,2010-01,2019-11,2024-12,714
underwater_60,,,,120,dynamic,2025-02,2010-01,2019-12,2025-01,720
underwater_60,,,,121,dynamic,2025-03,2010-01,2020-01,2025-02,726
underwater_60,,,,122,dynamic,2025-04,2010-01,2020-02,2025-03,732
underwater_60,,,,123,dynamic,2025-05,2010-01,2020-03,2025-04,738
underwater_60,,,,124,dynamic,2025-06,2010-01,2020-04,2025-05,744
underwater_60,,,,125,dynamic,2025-07,2010-01,2020-05,2025-06,750
underwater_60,,,,126,dynamic,2025-08,2010-01,2020-06,2025-07,756
underwater_60,,,,127,dynamic,2025-09,2010-01,2020-07,2025-08,762
underwater_60,,,,128,dynamic,2025-10,2010-01,2020-08,2025-09,768
underwater_60,,,,129,dynamic,2025-11,2010-01,2020-09,2025-10,774
underwater_60,,,,130,dynamic,2025-12,2010-01,2020-10,2025-11,780
underwater_60,,,,131,dynamic,2026-01,2010-01,2020-11,2025-12,786
underwater_60,,,,132,dynamic,2026-02,2010-01,2020-12,2026-01,792
underwater_60,,,,133,dynamic,2026-03,2010-01,2021-01,2026-02,798
underwater_60,,,,134,dynamic,2026-04,2010-01,2021-02,2026-03,804
underwater_60,,,,135,dynamic,2026-05,2010-01,2021-03,2026-04,810
underwater_60,,,,136,dynamic,2026-06,2010-01,2021-04,2026-05,816
underwater_60,,,,137,dynamic,2026-07,2010-01,2021-05,2026-06,822
underwater_60,,,,138,dynamic,2026-08,2010-01,2021-06,2026-07,828
underwater_60,,,,36,annual,2018-02,2010-01,2012-12,2018-01,216
underwater_60,,,,37,annual,2018-03,2010-01,2013-01,2018-02,222
underwater_60,,,,38,annual,2018-04,2010-01,2013-02,2018-03,228
underwater_60,,,,39,annual,2018-05,2010-01,2013-03,2018-04,234
underwater_60,,,,40,annual,2018-06,2010-01,2013-04,2018-05,240
underwater_60,,,,41,annual,2018-07,2010-01,2013-05,2018-06,246
underwater_60,,,,42,annual,2018-08,2010-01,2013-06,2018-07,252
underwater_60,,,,43,annual,2018-09,2010-01,2013-07,2018-08,258
underwater_60,,,,44,annual,2018-10,2010-01,2013-08,2018-09,264
underwater_60,,,,45,annual,2018-11,2010-01,2013-09,2018-10,270
underwater_60,,,,46,annual,2018-12,2010-01,2013-10,2018-11,276
underwater_60,,,,47,annual,2019-01,2010-01,2013-11,2018-12,282
underwater_60,,,,48,annual,2019-02,2010-01,2013-12,2019-01,288
underwater_60,,,,49,annual,2019-03,2010-01,2014-01,2019-02,294
underwater_60,,,,50,annual,2019-04,2010-01,2014-02,2019-03,300
underwater_60,,,,51,annual,2019-05,2010-01,2014-03,2019-04,306
underwater_60,,,,52,annual,2019-06,2010-01,2014-04,2019-05,312
underwater_60,,,,53,annual,2019-07,2010-01,2014-05,2019-06,318
underwater_60,,,,54,annual,2019-08,2010-01,2014-06,2019-07,324
underwater_60,,,,55,annual,2019-09,2010-01,2014-07,2019-08,330
underwater_60,,,,56,annual,2019-10,2010-01,2014-08,2019-09,336
underwater_60,,,,57,annual,2019-11,2010-01,2014-09,2019-10,342
underwater_60,,,,58,annual,2019-12,2010-01,2014-10,2019-11,348
underwater_60,,,,59,annual,2020-01,2010-01,2014-11,2019-12,354
underwater_60,,,,60,annual,2020-02,2010-01,2014-12,2020-01,360
underwater_60,,,,61,annual,2020-03,2010-01,2015-01,2020-02,366
underwater_60,,,,62,annual,2020-04,2010-01,2015-02,2020-03,372
underwater_60,,,,63,annual,2020-05,2010-01,2015-03,2020-04,378
underwater_60,,,,64,annual,2020-06,2010-01,2015-04,2020-05,384
underwater_60,,,,65,annual,2020-07,2010-01,2015-05,2020-06,390
underwater_60,,,,66,annual,2020-08,2010-01,2015-06,2020-07,396
underwater_60,,,,67,annual,2020-09,2010-01,2015-07,2020-08,402
underwater_60,,,,68,annual,2020-10,2010-01,2015-08,2020-09,408
underwater_60,,,,69,annual,2020-11,2010-01,2015-09,2020-10,414
underwater_60,,,,70,annual,2020-12,2010-01,2015-10,2020-11,420
underwater_60,,,,71,annual,2021-01,2010-01,2015-11,2020-12,426
underwater_60,,,,72,annual,2021-02,2010-01,2015-12,2021-01,432
underwater_60,,,,73,annual,2021-03,2010-01,2016-01,2021-02,438
underwater_60,,,,74,annual,2021-04,2010-01,2016-02,2021-03,444
underwater_60,,,,75,annual,2021-05,2010-01,2016-03,2021-04,450
underwater_60,,,,76,annual,2021-06,2010-01,2016-04,2021-05,456
underwater_60,,,,77,annual,2021-07,2010-01,2016-05,2021-06,462
underwater_60,,,,78,annual,2021-08,2010-01,2016-06,2021-07,468
underwater_60,,,,79,annual,2021-09,2010-01,2016-07,2021-08,474
underwater_60,,,,80,annual,2021-10,2010-01,2016-08,2021-09,480
underwater_60,,,,81,annual,2021-11,2010-01,2016-09,2021-10,486
underwater_60,,,,82,annual,2021-12,2010-01,2016-10,2021-11,492
underwater_60,,,,83,annual,2022-01,2010-01,2016-11,2021-12,498
underwater_60,,,,84,annual,2022-02,2010-01,2016-12,2022-01,504
underwater_60,,,,85,annual,2022-03,2010-01,2017-01,2022-02,510
underwater_60,,,,86,annual,2022-04,2010-01,2017-02,2022-03,516
underwater_60,,,,87,annual,2022-05,2010-01,2017-03,2022-04,522
underwater_60,,,,88,annual,2022-06,2010-01,2017-04,2022-05,528
underwater_60,,,,89,annual,2022-07,2010-01,2017-05,2022-06,534
underwater_60,,,,90,annual,2022-08,2010-01,2017-06,2022-07,540
underwater_60,,,,91,annual,2022-09,2010-01,2017-07,2022-08,546
underwater_60,,,,92,annual,2022-10,2010-01,2017-08,2022-09,552
underwater_60,,,,93,annual,2022-11,2010-01,2017-09,2022-10,558
underwater_60,,,,94,annual,2022-12,2010-01,2017-10,2022-11,564
underwater_60,,,,95,annual,2023-01,2010-01,2017-11,2022-12,570
underwater_60,,,,96,annual,2023-02,2010-01,2017-12,2023-01,576
underwater_60,,,,97,annual,2023-03,2010-01,2018-01,2023-02,582
underwater_60,,,,98,annual,2023-04,2010-01,2018-02,2023-03,588
underwater_60,,,,99,annual,2023-05,2010-01,2018-03,2023-04,594
underwater_60,,,,100,annual,2023-06,2010-01,2018-04,2023-05,600
underwater_60,,,,101,annual,2023-07,2010-01,2018-05,2023-06,606
underwater_60,,,,102,annual,2023-08,2010-01,2018-06,2023-07,612
underwater_60,,,,103,annual,2023-09,2010-01,2018-07,2023-08,618
underwater_60,,,,104,annual,2023-10,2010-01,2018-08,2023-09,624
underwater_60,,,,105,annual,2023-11,2010-01,2018-09,2023-10,630
underwater_60,,,,106,annual,2023-12,2010-01,2018-10,2023-11,636
underwater_60,,,,107,annual,2024-01,2010-01,2018-11,2023-12,642
underwater_60,,,,108,annual,2024-02,2010-01,2018-12,2024-01,648
underwater_60,,,,109,annual,2024-03,2010-01,2019-01,2024-02,654
underwater_60,,,,110,annual,2024-04,2010-01,2019-02,2024-03,660
underwater_60,,,,111,annual,2024-05,2010-01,2019-03,2024-04,666
underwater_60,,,,112,annual,2024-06,2010-01,2019-04,2024-05,672
underwater_60,,,,113,annual,2024-07,2010-01,2019-05,2024-06,678
underwater_60,,,,114,annual,2024-08,2010-01,2019-06,2024-07,684
underwater_60,,,,115,annual,2024-09,2010-01,2019-07,2024-08,690
underwater_60,,,,116,annual,2024-10,2010-01,2019-08,2024-09,696
underwater_60,,,,117,annual,2024-11,2010-01,2019-09,2024-10,702
underwater_60,,,,118,annual,2024-12,2010-01,2019-10,2024-11,708
underwater_60,,,,119,annual,2025-01,2010-01,2019-11,2024-12,714
underwater_60,,,,120,annual,2025-02,2010-01,2019-12,2025-01,720
underwater_60,,,,121,annual,2025-03,2010-01,2020-01,2025-02,726
underwater_60,,,,122,annual,2025-04,2010-01,2020-02,2025-03,732
underwater_60,,,,123,annual,2025-05,2010-01,2020-03,2025-04,738
underwater_60,,,,124,annual,2025-06,2010-01,2020-04,2025-05,744
underwater_60,,,,125,annual,2025-07,2010-01,2020-05,2025-06,750
underwater_60,,,,126,annual,2025-08,2010-01,2020-06,2025-07,756
underwater_60,,,,127,annual,2025-09,2010-01,2020-07,2025-08,762
underwater_60,,,,128,annual,2025-10,2010-01,2020-08,2025-09,768
underwater_60,,,,129,annual,2025-11,2010-01,2020-09,2025-10,774
underwater_60,,,,130,annual,2025-12,2010-01,2020-10,2025-11,780
underwater_60,,,,131,annual,2026-01,2010-01,2020-11,2025-12,786
underwater_60,,,,132,annual,2026-02,2010-01,2020-12,2026-01,792
underwater_60,,,,133,annual,2026-03,2010-01,2021-01,2026-02,798
underwater_60,,,,134,annual,2026-04,2010-01,2021-02,2026-03,804
underwater_60,,,,135,annual,2026-05,2010-01,2021-03,2026-04,810
underwater_60,,,,136,annual,2026-06,2010-01,2021-04,2026-05,816
underwater_60,,,,137,annual,2026-07,2010-01,2021-05,2026-06,822
underwater_60,,,,138,annual,2026-08,2010-01,2021-06,2026-07,828
underwater_60,,,,36,structure,2019-02,2011-01,2013-12,2019-01,216
underwater_60,,,,37,structure,2019-03,2011-01,2014-01,2019-02,222
underwater_60,,,,38,structure,2019-04,2011-01,2014-02,2019-03,228
underwater_60,,,,39,structure,2019-05,2011-01,2014-03,2019-04,234
underwater_60,,,,40,structure,2019-06,2011-01,2014-04,2019-05,240
underwater_60,,,,41,structure,2019-07,2011-01,2014-05,2019-06,246
underwater_60,,,,42,structure,2019-08,2011-01,2014-06,2019-07,252
underwater_60,,,,43,structure,2019-09,2011-01,2014-07,2019-08,258
underwater_60,,,,44,structure,2019-10,2011-01,2014-08,2019-09,264
underwater_60,,,,45,structure,2019-11,2011-01,2014-09,2019-10,270
underwater_60,,,,46,structure,2019-12,2011-01,2014-10,2019-11,276
underwater_60,,,,47,structure,2020-01,2011-01,2014-11,2019-12,282
underwater_60,,,,48,structure,2020-02,2011-01,2014-12,2020-01,288
underwater_60,,,,49,structure,2020-03,2011-01,2015-01,2020-02,294
underwater_60,,,,50,structure,2020-04,2011-01,2015-02,2020-03,300
underwater_60,,,,51,structure,2020-05,2011-01,2015-03,2020-04,306
underwater_60,,,,52,structure,2020-06,2011-01,2015-04,2020-05,312
underwater_60,,,,53,structure,2020-07,2011-01,2015-05,2020-06,318
underwater_60,,,,54,structure,2020-08,2011-01,2015-06,2020-07,324
underwater_60,,,,55,structure,2020-09,2011-01,2015-07,2020-08,330
underwater_60,,,,56,structure,2020-10,2011-01,2015-08,2020-09,336
underwater_60,,,,57,structure,2020-11,2011-01,2015-09,2020-10,342
underwater_60,,,,58,structure,2020-12,2011-01,2015-10,2020-11,348
underwater_60,,,,59,structure,2021-01,2011-01,2015-11,2020-12,354
underwater_60,,,,60,structure,2021-02,2011-01,2015-12,2021-01,360
underwater_60,,,,61,structure,2021-03,2011-01,2016-01,2021-02,366
underwater_60,,,,62,structure,2021-04,2011-01,2016-02,2021-03,372
underwater_60,,,,63,structure,2021-05,2011-01,2016-03,2021-04,378
underwater_60,,,,64,structure,2021-06,2011-01,2016-04,2021-05,384
underwater_60,,,,65,structure,2021-07,2011-01,2016-05,2021-06,390
underwater_60,,,,66,structure,2021-08,2011-01,2016-06,2021-07,396
underwater_60,,,,67,structure,2021-09,2011-01,2016-07,2021-08,402
underwater_60,,,,68,structure,2021-10,2011-01,2016-08,2021-09,408
underwater_60,,,,69,structure,2021-11,2011-01,2016-09,2021-10,414
underwater_60,,,,70,structure,2021-12,2011-01,2016-10,2021-11,420
underwater_60,,,,71,structure,2022-01,2011-01,2016-11,2021-12,426
underwater_60,,,,72,structure,2022-02,2011-01,2016-12,2022-01,432
underwater_60,,,,73,structure,2022-03,2011-01,2017-01,2022-02,438
underwater_60,,,,74,structure,2022-04,2011-01,2017-02,2022-03,444
underwater_60,,,,75,structure,2022-05,2011-01,2017-03,2022-04,450
underwater_60,,,,76,structure,2022-06,2011-01,2017-04,2022-05,456
underwater_60,,,,77,structure,2022-07,2011-01,2017-05,2022-06,462
underwater_60,,,,78,structure,2022-08,2011-01,2017-06,2022-07,468
underwater_60,,,,79,structure,2022-09,2011-01,2017-07,2022-08,474
underwater_60,,,,80,structure,2022-10,2011-01,2017-08,2022-09,480
underwater_60,,,,81,structure,2022-11,2011-01,2017-09,2022-10,486
underwater_60,,,,82,structure,2022-12,2011-01,2017-10,2022-11,492
underwater_60,,,,83,structure,2023-01,2011-01,2017-11,2022-12,498
underwater_60,,,,84,structure,2023-02,2011-01,2017-12,2023-01,504
underwater_60,,,,85,structure,2023-03,2011-01,2018-01,2023-02,510
underwater_60,,,,86,structure,2023-04,2011-01,2018-02,2023-03,516
underwater_60,,,,87,structure,2023-05,2011-01,2018-03,2023-04,522
underwater_60,,,,88,structure,2023-06,2011-01,2018-04,2023-05,528
underwater_60,,,,89,structure,2023-07,2011-01,2018-05,2023-06,534
underwater_60,,,,90,structure,2023-08,2011-01,2018-06,2023-07,540
underwater_60,,,,91,structure,2023-09,2011-01,2018-07,2023-08,546
underwater_60,,,,92,structure,2023-10,2011-01,2018-08,2023-09,552
underwater_60,,,,93,structure,2023-11,2011-01,2018-09,2023-10,558
underwater_60,,,,94,structure,2023-12,2011-01,2018-10,2023-11,564
underwater_60,,,,95,structure,2024-01,2011-01,2018-11,2023-12,570
underwater_60,,,,96,structure,2024-02,2011-01,2018-12,2024-01,576
underwater_60,,,,97,structure,2024-03,2011-01,2019-01,2024-02,582
underwater_60,,,,98,structure,2024-04,2011-01,2019-02,2024-03,588
underwater_60,,,,99,structure,2024-05,2011-01,2019-03,2024-04,594
underwater_60,,,,100,structure,2024-06,2011-01,2019-04,2024-05,600
underwater_60,,,,101,structure,2024-07,2011-01,2019-05,2024-06,606
underwater_60,,,,102,structure,2024-08,2011-01,2019-06,2024-07,612
underwater_60,,,,103,structure,2024-09,2011-01,2019-07,2024-08,618
underwater_60,,,,104,structure,2024-10,2011-01,2019-08,2024-09,624
underwater_60,,,,105,structure,2024-11,2011-01,2019-09,2024-10,630
underwater_60,,,,106,structure,2024-12,2011-01,2019-10,2024-11,636
underwater_60,,,,107,structure,2025-01,2011-01,2019-11,2024-12,642
underwater_60,,,,108,structure,2025-02,2011-01,2019-12,2025-01,648
underwater_60,,,,109,structure,2025-03,2011-01,2020-01,2025-02,654
underwater_60,,,,110,structure,2025-04,2011-01,2020-02,2025-03,660
underwater_60,,,,111,structure,2025-05,2011-01,2020-03,2025-04,666
underwater_60,,,,112,structure,2025-06,2011-01,2020-04,2025-05,672
underwater_60,,,,113,structure,2025-07,2011-01,2020-05,2025-06,678
underwater_60,,,,114,structure,2025-08,2011-01,2020-06,2025-07,684
underwater_60,,,,115,structure,2025-09,2011-01,2020-07,2025-08,690
underwater_60,,,,116,structure,2025-10,2011-01,2020-08,2025-09,696
underwater_60,,,,117,structure,2025-11,2011-01,2020-09,2025-10,702
underwater_60,,,,118,structure,2025-12,2011-01,2020-10,2025-11,708
underwater_60,,,,119,structure,2026-01,2011-01,2020-11,2025-12,714
underwater_60,,,,120,structure,2026-02,2011-01,2020-12,2026-01,720
underwater_60,,,,121,structure,2026-03,2011-01,2021-01,2026-02,726
underwater_60,,,,122,structure,2026-04,2011-01,2021-02,2026-03,732
underwater_60,,,,123,structure,2026-05,2011-01,2021-03,2026-04,738
underwater_60,,,,124,structure,2026-06,2011-01,2021-04,2026-05,744
underwater_60,,,,125,structure,2026-07,2011-01,2021-05,2026-06,750
underwater_60,,,,126,structure,2026-08,2011-01,2021-06,2026-07,756
underwater_60,,,,36,All,2019-02,2011-01,2013-12,2019-01,216
underwater_60,,,,37,All,2019-03,2011-01,2014-01,2019-02,222
underwater_60,,,,38,All,2019-04,2011-01,2014-02,2019-03,228
underwater_60,,,,39,All,2019-05,2011-01,2014-03,2019-04,234
underwater_60,,,,40,All,2019-06,2011-01,2014-04,2019-05,240
underwater_60,,,,41,All,2019-07,2011-01,2014-05,2019-06,246
underwater_60,,,,42,All,2019-08,2011-01,2014-06,2019-07,252
underwater_60,,,,43,All,2019-09,2011-01,2014-07,2019-08,258
underwater_60,,,,44,All,2019-10,2011-01,2014-08,2019-09,264
underwater_60,,,,45,All,2019-11,2011-01,2014-09,2019-10,270
underwater_60,,,,46,All,2019-12,2011-01,2014-10,2019-11,276
underwater_60,,,,47,All,2020-01,2011-01,2014-11,2019-12,282
underwater_60,,,,48,All,2020-02,2011-01,2014-12,2020-01,288
underwater_60,,,,49,All,2020-03,2011-01,2015-01,2020-02,294
underwater_60,,,,50,All,2020-04,2011-01,2015-02,2020-03,300
underwater_60,,,,51,All,2020-05,2011-01,2015-03,2020-04,306
underwater_60,,,,52,All,2020-06,2011-01,2015-04,2020-05,312
underwater_60,,,,53,All,2020-07,2011-01,2015-05,2020-06,318
underwater_60,,,,54,All,2020-08,2011-01,2015-06,2020-07,324
underwater_60,,,,55,All,2020-09,2011-01,2015-07,2020-08,330
underwater_60,,,,56,All,2020-10,2011-01,2015-08,2020-09,336
underwater_60,,,,57,All,2020-11,2011-01,2015-09,2020-10,342
underwater_60,,,,58,All,2020-12,2011-01,2015-10,2020-11,348
underwater_60,,,,59,All,2021-01,2011-01,2015-11,2020-12,354
underwater_60,,,,60,All,2021-02,2011-01,2015-12,2021-01,360
underwater_60,,,,61,All,2021-03,2011-01,2016-01,2021-02,366
underwater_60,,,,62,All,2021-04,2011-01,2016-02,2021-03,372
underwater_60,,,,63,All,2021-05,2011-01,2016-03,2021-04,378
underwater_60,,,,64,All,2021-06,2011-01,2016-04,2021-05,384
underwater_60,,,,65,All,2021-07,2011-01,2016-05,2021-06,390
underwater_60,,,,66,All,2021-08,2011-01,2016-06,2021-07,396
underwater_60,,,,67,All,2021-09,2011-01,2016-07,2021-08,402
underwater_60,,,,68,All,2021-10,2011-01,2016-08,2021-09,408
underwater_60,,,,69,All,2021-11,2011-01,2016-09,2021-10,414
underwater_60,,,,70,All,2021-12,2011-01,2016-10,2021-11,420
underwater_60,,,,71,All,2022-01,2011-01,2016-11,2021-12,426
underwater_60,,,,72,All,2022-02,2011-01,2016-12,2022-01,432
underwater_60,,,,73,All,2022-03,2011-01,2017-01,2022-02,438
underwater_60,,,,74,All,2022-04,2011-01,2017-02,2022-03,444
underwater_60,,,,75,All,2022-05,2011-01,2017-03,2022-04,450
underwater_60,,,,76,All,2022-06,2011-01,2017-04,2022-05,456
underwater_60,,,,77,All,2022-07,2011-01,2017-05,2022-06,462
underwater_60,,,,78,All,2022-08,2011-01,2017-06,2022-07,468
underwater_60,,,,79,All,2022-09,2011-01,2017-07,2022-08,474
underwater_60,,,,80,All,2022-10,2011-01,2017-08,2022-09,480
underwater_60,,,,81,All,2022-11,2011-01,2017-09,2022-10,486
underwater_60,,,,82,All,2022-12,2011-01,2017-10,2022-11,492
underwater_60,,,,83,All,2023-01,2011-01,2017-11,2022-12,498
underwater_60,,,,84,All,2023-02,2011-01,2017-12,2023-01,504
underwater_60,,,,85,All,2023-03,2011-01,2018-01,2023-02,510
underwater_60,,,,86,All,2023-04,2011-01,2018-02,2023-03,516
underwater_60,,,,87,All,2023-05,2011-01,2018-03,2023-04,522
underwater_60,,,,88,All,2023-06,2011-01,2018-04,2023-05,528
underwater_60,,,,89,All,2023-07,2011-01,2018-05,2023-06,534
underwater_60,,,,90,All,2023-08,2011-01,2018-06,2023-07,540
underwater_60,,,,91,All,2023-09,2011-01,2018-07,2023-08,546
underwater_60,,,,92,All,2023-10,2011-01,2018-08,2023-09,552
underwater_60,,,,93,All,2023-11,2011-01,2018-09,2023-10,558
underwater_60,,,,94,All,2023-12,2011-01,2018-10,2023-11,564
underwater_60,,,,95,All,2024-01,2011-01,2018-11,2023-12,570
underwater_60,,,,96,All,2024-02,2011-01,2018-12,2024-01,576
underwater_60,,,,97,All,2024-03,2011-01,2019-01,2024-02,582
underwater_60,,,,98,All,2024-04,2011-01,2019-02,2024-03,588
underwater_60,,,,99,All,2024-05,2011-01,2019-03,2024-04,594
underwater_60,,,,100,All,2024-06,2011-01,2019-04,2024-05,600
underwater_60,,,,101,All,2024-07,2011-01,2019-05,2024-06,606
underwater_60,,,,102,All,2024-08,2011-01,2019-06,2024-07,612
underwater_60,,,,103,All,2024-09,2011-01,2019-07,2024-08,618
underwater_60,,,,104,All,2024-10,2011-01,2019-08,2024-09,624
underwater_60,,,,105,All,2024-11,2011-01,2019-09,2024-10,630
underwater_60,,,,106,All,2024-12,2011-01,2019-10,2024-11,636
underwater_60,,,,107,All,2025-01,2011-01,2019-11,2024-12,642
underwater_60,,,,108,All,2025-02,2011-01,2019-12,2025-01,648
underwater_60,,,,109,All,2025-03,2011-01,2020-01,2025-02,654
underwater_60,,,,110,All,2025-04,2011-01,2020-02,2025-03,660
underwater_60,,,,111,All,2025-05,2011-01,2020-03,2025-04,666
underwater_60,,,,112,All,2025-06,2011-01,2020-04,2025-05,672
underwater_60,,,,113,All,2025-07,2011-01,2020-05,2025-06,678
underwater_60,,,,114,All,2025-08,2011-01,2020-06,2025-07,684
underwater_60,,,,115,All,2025-09,2011-01,2020-07,2025-08,690
underwater_60,,,,116,All,2025-10,2011-01,2020-08,2025-09,696
underwater_60,,,,117,All,2025-11,2011-01,2020-09,2025-10,702
underwater_60,,,,118,All,2025-12,2011-01,2020-10,2025-11,708
underwater_60,,,,119,All,2026-01,2011-01,2020-11,2025-12,714
underwater_60,,,,120,All,2026-02,2011-01,2020-12,2026-01,720
underwater_60,,,,121,All,2026-03,2011-01,2021-01,2026-02,726
underwater_60,,,,122,All,2026-04,2011-01,2021-02,2026-03,732
underwater_60,,,,123,All,2026-05,2011-01,2021-03,2026-04,738
underwater_60,,,,124,All,2026-06,2011-01,2021-04,2026-05,744
underwater_60,,,,125,All,2026-07,2011-01,2021-05,2026-06,750
underwater_60,,,,126,All,2026-08,2011-01,2021-06,2026-07,756
tail_1,,,,36,Base,2013-03,2010-01,2012-12,2013-02,36
tail_1,,,,37,Base,2013-04,2010-01,2013-01,2013-03,37
tail_1,,,,38,Base,2013-05,2010-01,2013-02,2013-04,38
tail_1,,,,39,Base,2013-06,2010-01,2013-03,2013-05,39
tail_1,,,,40,Base,2013-07,2010-01,2013-04,2013-06,40
tail_1,,,,41,Base,2013-08,2010-01,2013-05,2013-07,41
tail_1,,,,42,Base,2013-09,2010-01,2013-06,2013-08,42
tail_1,,,,43,Base,2013-10,2010-01,2013-07,2013-09,43
tail_1,,,,44,Base,2013-11,2010-01,2013-08,2013-10,44
tail_1,,,,45,Base,2013-12,2010-01,2013-09,2013-11,45
tail_1,,,,46,Base,2014-01,2010-01,2013-10,2013-12,46
tail_1,,,,47,Base,2014-02,2010-01,2013-11,2014-01,47
tail_1,,,,48,Base,2014-03,2010-01,2013-12,2014-02,48
tail_1,,,,49,Base,2014-04,2010-01,2014-01,2014-03,49
tail_1,,,,50,Base,2014-05,2010-01,2014-02,2014-04,50
tail_1,,,,51,Base,2014-06,2010-01,2014-03,2014-05,51
tail_1,,,,52,Base,2014-07,2010-01,2014-04,2014-06,52
tail_1,,,,53,Base,2014-08,2010-01,2014-05,2014-07,53
tail_1,,,,54,Base,2014-09,2010-01,2014-06,2014-08,54
tail_1,,,,55,Base,2014-10,2010-01,2014-07,2014-09,55
tail_1,,,,56,Base,2014-11,2010-01,2014-08,2014-10,56
tail_1,,,,57,Base,2014-12,2010-01,2014-09,2014-11,57
tail_1,,,,58,Base,2015-01,2010-01,2014-10,2014-12,58
tail_1,,,,59,Base,2015-02,2010-01,2014-11,2015-01,59
tail_1,,,,60,Base,2015-03,2010-01,2014-12,2015-02,60
tail_1,,,,61,Base,2015-04,2010-01,2015-01,2015-03,61
tail_1,,,,62,Base,2015-05,2010-01,2015-02,2015-04,62
tail_1,,,,63,Base,2015-06,2010-01,2015-03,2015-05,63
tail_1,,,,64,Base,2015-07,2010-01,2015-04,2015-06,64
tail_1,,,,65,Base,2015-08,2010-01,2015-05,2015-07,65
tail_1,,,,66,Base,2015-09,2010-01,2015-06,2015-08,66
tail_1,,,,67,Base,2015-10,2010-01,2015-07,2015-09,67
tail_1,,,,68,Base,2015-11,2010-01,2015-08,2015-10,68
tail_1,,,,69,Base,2015-12,2010-01,2015-09,2015-11,69
tail_1,,,,70,Base,2016-01,2010-01,2015-10,2015-12,70
tail_1,,,,71,Base,2016-02,2010-01,2015-11,2016-01,71
tail_1,,,,72,Base,2016-03,2010-01,2015-12,2016-02,72
tail_1,,,,73,Base,2016-04,2010-01,2016-01,2016-03,73
tail_1,,,,74,Base,2016-05,2010-01,2016-02,2016-04,74
tail_1,,,,75,Base,2016-06,2010-01,2016-03,2016-05,75
tail_1,,,,76,Base,2016-07,2010-01,2016-04,2016-06,76
tail_1,,,,77,Base,2016-08,2010-01,2016-05,2016-07,77
tail_1,,,,78,Base,2016-09,2010-01,2016-06,2016-08,78
tail_1,,,,79,Base,2016-10,2010-01,2016-07,2016-09,79
tail_1,,,,80,Base,2016-11,2010-01,2016-08,2016-10,80
tail_1,,,,81,Base,2016-12,2010-01,2016-09,2016-11,81
tail_1,,,,82,Base,2017-01,2010-01,2016-10,2016-12,82
tail_1,,,,83,Base,2017-02,2010-01,2016-11,2017-01,83
tail_1,,,,84,Base,2017-03,2010-01,2016-12,2017-02,84
tail_1,,,,85,Base,2017-04,2010-01,2017-01,2017-03,85
tail_1,,,,86,Base,2017-05,2010-01,2017-02,2017-04,86
tail_1,,,,87,Base,2017-06,2010-01,2017-03,2017-05,87
tail_1,,,,88,Base,2017-07,2010-01,2017-04,2017-06,88
tail_1,,,,89,Base,2017-08,2010-01,2017-05,2017-07,89
tail_1,,,,90,Base,2017-09,2010-01,2017-06,2017-08,90
tail_1,,,,91,Base,2017-10,2010-01,2017-07,2017-09,91
tail_1,,,,92,Base,2017-11,2010-01,2017-08,2017-10,92
tail_1,,,,93,Base,2017-12,2010-01,2017-09,2017-11,93
tail_1,,,,94,Base,2018-01,2010-01,2017-10,2017-12,94
tail_1,,,,95,Base,2018-02,2010-01,2017-11,2018-01,95
tail_1,,,,96,Base,2018-03,2010-01,2017-12,2018-02,96
tail_1,,,,97,Base,2018-04,2010-01,2018-01,2018-03,97
tail_1,,,,98,Base,2018-05,2010-01,2018-02,2018-04,98
tail_1,,,,99,Base,2018-06,2010-01,2018-03,2018-05,99
tail_1,,,,100,Base,2018-07,2010-01,2018-04,2018-06,100
tail_1,,,,101,Base,2018-08,2010-01,2018-05,2018-07,101
tail_1,,,,102,Base,2018-09,2010-01,2018-06,2018-08,102
tail_1,,,,103,Base,2018-10,2010-01,2018-07,2018-09,103
tail_1,,,,104,Base,2018-11,2010-01,2018-08,2018-10,104
tail_1,,,,105,Base,2018-12,2010-01,2018-09,2018-11,105
tail_1,,,,106,Base,2019-01,2010-01,2018-10,2018-12,106
tail_1,,,,107,Base,2019-02,2010-01,2018-11,2019-01,107
tail_1,,,,108,Base,2019-03,2010-01,2018-12,2019-02,108
tail_1,,,,109,Base,2019-04,2010-01,2019-01,2019-03,109
tail_1,,,,110,Base,2019-05,2010-01,2019-02,2019-04,110
tail_1,,,,111,Base,2019-06,2010-01,2019-03,2019-05,111
tail_1,,,,112,Base,2019-07,2010-01,2019-04,2019-06,112
tail_1,,,,113,Base,2019-08,2010-01,2019-05,2019-07,113
tail_1,,,,114,Base,2019-09,2010-01,2019-06,2019-08,114
tail_1,,,,115,Base,2019-10,2010-01,2019-07,2019-09,115
tail_1,,,,116,Base,2019-11,2010-01,2019-08,2019-10,116
tail_1,,,,117,Base,2019-12,2010-01,2019-09,2019-11,117
tail_1,,,,118,Base,2020-01,2010-01,2019-10,2019-12,118
tail_1,,,,119,Base,2020-02,2010-01,2019-11,2020-01,119
tail_1,,,,120,Base,2020-03,2010-01,2019-12,2020-02,120
tail_1,,,,121,Base,2020-04,2010-01,2020-01,2020-03,121
tail_1,,,,122,Base,2020-05,2010-01,2020-02,2020-04,122
tail_1,,,,123,Base,2020-06,2010-01,2020-03,2020-05,123
tail_1,,,,124,Base,2020-07,2010-01,2020-04,2020-06,124
tail_1,,,,125,Base,2020-08,2010-01,2020-05,2020-07,125
tail_1,,,,126,Base,2020-09,2010-01,2020-06,2020-08,126
tail_1,,,,127,Base,2020-10,2010-01,2020-07,2020-09,127
tail_1,,,,128,Base,2020-11,2010-01,2020-08,2020-10,128
tail_1,,,,129,Base,2020-12,2010-01,2020-09,2020-11,129
tail_1,,,,130,Base,2021-01,2010-01,2020-10,2020-12,130
tail_1,,,,131,Base,2021-02,2010-01,2020-11,2021-01,131
tail_1,,,,132,Base,2021-03,2010-01,2020-12,2021-02,132
tail_1,,,,133,Base,2021-04,2010-01,2021-01,2021-03,133
tail_1,,,,134,Base,2021-05,2010-01,2021-02,2021-04,134
tail_1,,,,135,Base,2021-06,2010-01,2021-03,2021-05,135
tail_1,,,,136,Base,2021-07,2010-01,2021-04,2021-06,136
tail_1,,,,137,Base,2021-08,2010-01,2021-05,2021-07,137
tail_1,,,,138,Base,2021-09,2010-01,2021-06,2021-08,138
tail_1,,,,139,Base,2021-10,2010-01,2021-07,2021-09,139
tail_1,,,,140,Base,2021-11,2010-01,2021-08,2021-10,140
tail_1,,,,141,Base,2021-12,2010-01,2021-09,2021-11,141
tail_1,,,,142,Base,2022-01,2010-01,2021-10,2021-12,142
tail_1,,,,143,Base,2022-02,2010-01,2021-11,2022-01,143
tail_1,,,,144,Base,2022-03,2010-01,2021-12,2022-02,144
tail_1,,,,145,Base,2022-04,2010-01,2022-01,2022-03,145
tail_1,,,,146,Base,2022-05,2010-01,2022-02,2022-04,146
tail_1,,,,147,Base,2022-06,2010-01,2022-03,2022-05,147
tail_1,,,,148,Base,2022-07,2010-01,2022-04,2022-06,148
tail_1,,,,149,Base,2022-08,2010-01,2022-05,2022-07,149
tail_1,,,,150,Base,2022-09,2010-01,2022-06,2022-08,150
tail_1,,,,151,Base,2022-10,2010-01,2022-07,2022-09,151
tail_1,,,,152,Base,2022-11,2010-01,2022-08,2022-10,152
tail_1,,,,153,Base,2022-12,2010-01,2022-09,2022-11,153
tail_1,,,,154,Base,2023-01,2010-01,2022-10,2022-12,154
tail_1,,,,155,Base,2023-02,2010-01,2022-11,2023-01,155
tail_1,,,,156,Base,2023-03,2010-01,2022-12,2023-02,156
tail_1,,,,157,Base,2023-04,2010-01,2023-01,2023-03,157
tail_1,,,,158,Base,2023-05,2010-01,2023-02,2023-04,158
tail_1,,,,159,Base,2023-06,2010-01,2023-03,2023-05,159
tail_1,,,,160,Base,2023-07,2010-01,2023-04,2023-06,160
tail_1,,,,161,Base,2023-08,2010-01,2023-05,2023-07,161
tail_1,,,,162,Base,2023-09,2010-01,2023-06,2023-08,162
tail_1,,,,163,Base,2023-10,2010-01,2023-07,2023-09,163
tail_1,,,,164,Base,2023-11,2010-01,2023-08,2023-10,164
tail_1,,,,165,Base,2023-12,2010-01,2023-09,2023-11,165
tail_1,,,,166,Base,2024-01,2010-01,2023-10,2023-12,166
tail_1,,,,167,Base,2024-02,2010-01,2023-11,2024-01,167
tail_1,,,,168,Base,2024-03,2010-01,2023-12,2024-02,168
tail_1,,,,169,Base,2024-04,2010-01,2024-01,2024-03,169
tail_1,,,,170,Base,2024-05,2010-01,2024-02,2024-04,170
tail_1,,,,171,Base,2024-06,2010-01,2024-03,2024-05,171
tail_1,,,,172,Base,2024-07,2010-01,2024-04,2024-06,172
tail_1,,,,173,Base,2024-08,2010-01,2024-05,2024-07,173
tail_1,,,,174,Base,2024-09,2010-01,2024-06,2024-08,174
tail_1,,,,175,Base,2024-10,2010-01,2024-07,2024-09,175
tail_1,,,,176,Base,2024-11,2010-01,2024-08,2024-10,176
tail_1,,,,177,Base,2024-12,2010-01,2024-09,2024-11,177
tail_1,,,,178,Base,2025-01,2010-01,2024-10,2024-12,178
tail_1,,,,179,Base,2025-02,2010-01,2024-11,2025-01,179
tail_1,,,,180,Base,2025-03,2010-01,2024-12,2025-02,180
tail_1,,,,181,Base,2025-04,2010-01,2025-01,2025-03,181
tail_1,,,,182,Base,2025-05,2010-01,2025-02,2025-04,182
tail_1,,,,183,Base,2025-06,2010-01,2025-03,2025-05,183
tail_1,,,,184,Base,2025-07,2010-01,2025-04,2025-06,184
tail_1,,,,185,Base,2025-08,2010-01,2025-05,2025-07,185
tail_1,,,,186,Base,2025-09,2010-01,2025-06,2025-08,186
tail_1,,,,187,Base,2025-10,2010-01,2025-07,2025-09,187
tail_1,,,,188,Base,2025-11,2010-01,2025-08,2025-10,188
tail_1,,,,189,Base,2025-12,2010-01,2025-09,2025-11,189
tail_1,,,,190,Base,2026-01,2010-01,2025-10,2025-12,190
tail_1,,,,191,Base,2026-02,2010-01,2025-11,2026-01,191
tail_1,,,,192,Base,2026-03,2010-01,2025-12,2026-02,192
tail_1,,,,193,Base,2026-04,2010-01,2026-01,2026-03,193
tail_1,,,,194,Base,2026-05,2010-01,2026-02,2026-04,194
tail_1,,,,195,Base,2026-06,2010-01,2026-03,2026-05,195
tail_1,,,,196,Base,2026-07,2010-01,2026-04,2026-06,196
tail_1,,,,197,Base,2026-08,2010-01,2026-05,2026-07,197
tail_1,,,,36,fixed,2013-03,2010-01,2012-12,2013-02,36
tail_1,,,,37,fixed,2013-04,2010-01,2013-01,2013-03,37
tail_1,,,,38,fixed,2013-05,2010-01,2013-02,2013-04,38
tail_1,,,,39,fixed,2013-06,2010-01,2013-03,2013-05,39
tail_1,,,,40,fixed,2013-07,2010-01,2013-04,2013-06,40
tail_1,,,,41,fixed,2013-08,2010-01,2013-05,2013-07,41
tail_1,,,,42,fixed,2013-09,2010-01,2013-06,2013-08,42
tail_1,,,,43,fixed,2013-10,2010-01,2013-07,2013-09,43
tail_1,,,,44,fixed,2013-11,2010-01,2013-08,2013-10,44
tail_1,,,,45,fixed,2013-12,2010-01,2013-09,2013-11,45
tail_1,,,,46,fixed,2014-01,2010-01,2013-10,2013-12,46
tail_1,,,,47,fixed,2014-02,2010-01,2013-11,2014-01,47
tail_1,,,,48,fixed,2014-03,2010-01,2013-12,2014-02,48
tail_1,,,,49,fixed,2014-04,2010-01,2014-01,2014-03,49
tail_1,,,,50,fixed,2014-05,2010-01,2014-02,2014-04,50
tail_1,,,,51,fixed,2014-06,2010-01,2014-03,2014-05,51
tail_1,,,,52,fixed,2014-07,2010-01,2014-04,2014-06,52
tail_1,,,,53,fixed,2014-08,2010-01,2014-05,2014-07,53
tail_1,,,,54,fixed,2014-09,2010-01,2014-06,2014-08,54
tail_1,,,,55,fixed,2014-10,2010-01,2014-07,2014-09,55
tail_1,,,,56,fixed,2014-11,2010-01,2014-08,2014-10,56
tail_1,,,,57,fixed,2014-12,2010-01,2014-09,2014-11,57
tail_1,,,,58,fixed,2015-01,2010-01,2014-10,2014-12,58
tail_1,,,,59,fixed,2015-02,2010-01,2014-11,2015-01,59
tail_1,,,,60,fixed,2015-03,2010-01,2014-12,2015-02,60
tail_1,,,,61,fixed,2015-04,2010-01,2015-01,2015-03,61
tail_1,,,,62,fixed,2015-05,2010-01,2015-02,2015-04,62
tail_1,,,,63,fixed,2015-06,2010-01,2015-03,2015-05,63
tail_1,,,,64,fixed,2015-07,2010-01,2015-04,2015-06,64
tail_1,,,,65,fixed,2015-08,2010-01,2015-05,2015-07,65
tail_1,,,,66,fixed,2015-09,2010-01,2015-06,2015-08,66
tail_1,,,,67,fixed,2015-10,2010-01,2015-07,2015-09,67
tail_1,,,,68,fixed,2015-11,2010-01,2015-08,2015-10,68
tail_1,,,,69,fixed,2015-12,2010-01,2015-09,2015-11,69
tail_1,,,,70,fixed,2016-01,2010-01,2015-10,2015-12,70
tail_1,,,,71,fixed,2016-02,2010-01,2015-11,2016-01,71
tail_1,,,,72,fixed,2016-03,2010-01,2015-12,2016-02,72
tail_1,,,,73,fixed,2016-04,2010-01,2016-01,2016-03,73
tail_1,,,,74,fixed,2016-05,2010-01,2016-02,2016-04,74
tail_1,,,,75,fixed,2016-06,2010-01,2016-03,2016-05,75
tail_1,,,,76,fixed,2016-07,2010-01,2016-04,2016-06,76
tail_1,,,,77,fixed,2016-08,2010-01,2016-05,2016-07,77
tail_1,,,,78,fixed,2016-09,2010-01,2016-06,2016-08,78
tail_1,,,,79,fixed,2016-10,2010-01,2016-07,2016-09,79
tail_1,,,,80,fixed,2016-11,2010-01,2016-08,2016-10,80
tail_1,,,,81,fixed,2016-12,2010-01,2016-09,2016-11,81
tail_1,,,,82,fixed,2017-01,2010-01,2016-10,2016-12,82
tail_1,,,,83,fixed,2017-02,2010-01,2016-11,2017-01,83
tail_1,,,,84,fixed,2017-03,2010-01,2016-12,2017-02,84
tail_1,,,,85,fixed,2017-04,2010-01,2017-01,2017-03,85
tail_1,,,,86,fixed,2017-05,2010-01,2017-02,2017-04,86
tail_1,,,,87,fixed,2017-06,2010-01,2017-03,2017-05,87
tail_1,,,,88,fixed,2017-07,2010-01,2017-04,2017-06,88
tail_1,,,,89,fixed,2017-08,2010-01,2017-05,2017-07,89
tail_1,,,,90,fixed,2017-09,2010-01,2017-06,2017-08,90
tail_1,,,,91,fixed,2017-10,2010-01,2017-07,2017-09,91
tail_1,,,,92,fixed,2017-11,2010-01,2017-08,2017-10,92
tail_1,,,,93,fixed,2017-12,2010-01,2017-09,2017-11,93
tail_1,,,,94,fixed,2018-01,2010-01,2017-10,2017-12,94
tail_1,,,,95,fixed,2018-02,2010-01,2017-11,2018-01,95
tail_1,,,,96,fixed,2018-03,2010-01,2017-12,2018-02,96
tail_1,,,,97,fixed,2018-04,2010-01,2018-01,2018-03,97
tail_1,,,,98,fixed,2018-05,2010-01,2018-02,2018-04,98
tail_1,,,,99,fixed,2018-06,2010-01,2018-03,2018-05,99
tail_1,,,,100,fixed,2018-07,2010-01,2018-04,2018-06,100
tail_1,,,,101,fixed,2018-08,2010-01,2018-05,2018-07,101
tail_1,,,,102,fixed,2018-09,2010-01,2018-06,2018-08,102
tail_1,,,,103,fixed,2018-10,2010-01,2018-07,2018-09,103
tail_1,,,,104,fixed,2018-11,2010-01,2018-08,2018-10,104
tail_1,,,,105,fixed,2018-12,2010-01,2018-09,2018-11,105
tail_1,,,,106,fixed,2019-01,2010-01,2018-10,2018-12,106
tail_1,,,,107,fixed,2019-02,2010-01,2018-11,2019-01,107
tail_1,,,,108,fixed,2019-03,2010-01,2018-12,2019-02,108
tail_1,,,,109,fixed,2019-04,2010-01,2019-01,2019-03,109
tail_1,,,,110,fixed,2019-05,2010-01,2019-02,2019-04,110
tail_1,,,,111,fixed,2019-06,2010-01,2019-03,2019-05,111
tail_1,,,,112,fixed,2019-07,2010-01,2019-04,2019-06,112
tail_1,,,,113,fixed,2019-08,2010-01,2019-05,2019-07,113
tail_1,,,,114,fixed,2019-09,2010-01,2019-06,2019-08,114
tail_1,,,,115,fixed,2019-10,2010-01,2019-07,2019-09,115
tail_1,,,,116,fixed,2019-11,2010-01,2019-08,2019-10,116
tail_1,,,,117,fixed,2019-12,2010-01,2019-09,2019-11,117
tail_1,,,,118,fixed,2020-01,2010-01,2019-10,2019-12,118
tail_1,,,,119,fixed,2020-02,2010-01,2019-11,2020-01,119
tail_1,,,,120,fixed,2020-03,2010-01,2019-12,2020-02,120
tail_1,,,,121,fixed,2020-04,2010-01,2020-01,2020-03,121
tail_1,,,,122,fixed,2020-05,2010-01,2020-02,2020-04,122
tail_1,,,,123,fixed,2020-06,2010-01,2020-03,2020-05,123
tail_1,,,,124,fixed,2020-07,2010-01,2020-04,2020-06,124
tail_1,,,,125,fixed,2020-08,2010-01,2020-05,2020-07,125
tail_1,,,,126,fixed,2020-09,2010-01,2020-06,2020-08,126
tail_1,,,,127,fixed,2020-10,2010-01,2020-07,2020-09,127
tail_1,,,,128,fixed,2020-11,2010-01,2020-08,2020-10,128
tail_1,,,,129,fixed,2020-12,2010-01,2020-09,2020-11,129
tail_1,,,,130,fixed,2021-01,2010-01,2020-10,2020-12,130
tail_1,,,,131,fixed,2021-02,2010-01,2020-11,2021-01,131
tail_1,,,,132,fixed,2021-03,2010-01,2020-12,2021-02,132
tail_1,,,,133,fixed,2021-04,2010-01,2021-01,2021-03,133
tail_1,,,,134,fixed,2021-05,2010-01,2021-02,2021-04,134
tail_1,,,,135,fixed,2021-06,2010-01,2021-03,2021-05,135
tail_1,,,,136,fixed,2021-07,2010-01,2021-04,2021-06,136
tail_1,,,,137,fixed,2021-08,2010-01,2021-05,2021-07,137
tail_1,,,,138,fixed,2021-09,2010-01,2021-06,2021-08,138
tail_1,,,,139,fixed,2021-10,2010-01,2021-07,2021-09,139
tail_1,,,,140,fixed,2021-11,2010-01,2021-08,2021-10,140
tail_1,,,,141,fixed,2021-12,2010-01,2021-09,2021-11,141
tail_1,,,,142,fixed,2022-01,2010-01,2021-10,2021-12,142
tail_1,,,,143,fixed,2022-02,2010-01,2021-11,2022-01,143
tail_1,,,,144,fixed,2022-03,2010-01,2021-12,2022-02,144
tail_1,,,,145,fixed,2022-04,2010-01,2022-01,2022-03,145
tail_1,,,,146,fixed,2022-05,2010-01,2022-02,2022-04,146
tail_1,,,,147,fixed,2022-06,2010-01,2022-03,2022-05,147
tail_1,,,,148,fixed,2022-07,2010-01,2022-04,2022-06,148
tail_1,,,,149,fixed,2022-08,2010-01,2022-05,2022-07,149
tail_1,,,,150,fixed,2022-09,2010-01,2022-06,2022-08,150
tail_1,,,,151,fixed,2022-10,2010-01,2022-07,2022-09,151
tail_1,,,,152,fixed,2022-11,2010-01,2022-08,2022-10,152
tail_1,,,,153,fixed,2022-12,2010-01,2022-09,2022-11,153
tail_1,,,,154,fixed,2023-01,2010-01,2022-10,2022-12,154
tail_1,,,,155,fixed,2023-02,2010-01,2022-11,2023-01,155
tail_1,,,,156,fixed,2023-03,2010-01,2022-12,2023-02,156
tail_1,,,,157,fixed,2023-04,2010-01,2023-01,2023-03,157
tail_1,,,,158,fixed,2023-05,2010-01,2023-02,2023-04,158
tail_1,,,,159,fixed,2023-06,2010-01,2023-03,2023-05,159
tail_1,,,,160,fixed,2023-07,2010-01,2023-04,2023-06,160
tail_1,,,,161,fixed,2023-08,2010-01,2023-05,2023-07,161
tail_1,,,,162,fixed,2023-09,2010-01,2023-06,2023-08,162
tail_1,,,,163,fixed,2023-10,2010-01,2023-07,2023-09,163
tail_1,,,,164,fixed,2023-11,2010-01,2023-08,2023-10,164
tail_1,,,,165,fixed,2023-12,2010-01,2023-09,2023-11,165
tail_1,,,,166,fixed,2024-01,2010-01,2023-10,2023-12,166
tail_1,,,,167,fixed,2024-02,2010-01,2023-11,2024-01,167
tail_1,,,,168,fixed,2024-03,2010-01,2023-12,2024-02,168
tail_1,,,,169,fixed,2024-04,2010-01,2024-01,2024-03,169
tail_1,,,,170,fixed,2024-05,2010-01,2024-02,2024-04,170
tail_1,,,,171,fixed,2024-06,2010-01,2024-03,2024-05,171
tail_1,,,,172,fixed,2024-07,2010-01,2024-04,2024-06,172
tail_1,,,,173,fixed,2024-08,2010-01,2024-05,2024-07,173
tail_1,,,,174,fixed,2024-09,2010-01,2024-06,2024-08,174
tail_1,,,,175,fixed,2024-10,2010-01,2024-07,2024-09,175
tail_1,,,,176,fixed,2024-11,2010-01,2024-08,2024-10,176
tail_1,,,,177,fixed,2024-12,2010-01,2024-09,2024-11,177
tail_1,,,,178,fixed,2025-01,2010-01,2024-10,2024-12,178
tail_1,,,,179,fixed,2025-02,2010-01,2024-11,2025-01,179
tail_1,,,,180,fixed,2025-03,2010-01,2024-12,2025-02,180
tail_1,,,,181,fixed,2025-04,2010-01,2025-01,2025-03,181
tail_1,,,,182,fixed,2025-05,2010-01,2025-02,2025-04,182
tail_1,,,,183,fixed,2025-06,2010-01,2025-03,2025-05,183
tail_1,,,,184,fixed,2025-07,2010-01,2025-04,2025-06,184
tail_1,,,,185,fixed,2025-08,2010-01,2025-05,2025-07,185
tail_1,,,,186,fixed,2025-09,2010-01,2025-06,2025-08,186
tail_1,,,,187,fixed,2025-10,2010-01,2025-07,2025-09,187
tail_1,,,,188,fixed,2025-11,2010-01,2025-08,2025-10,188
tail_1,,,,189,fixed,2025-12,2010-01,2025-09,2025-11,189
tail_1,,,,190,fixed,2026-01,2010-01,2025-10,2025-12,190
tail_1,,,,191,fixed,2026-02,2010-01,2025-11,2026-01,191
tail_1,,,,192,fixed,2026-03,2010-01,2025-12,2026-02,192
tail_1,,,,193,fixed,2026-04,2010-01,2026-01,2026-03,193
tail_1,,,,194,fixed,2026-05,2010-01,2026-02,2026-04,194
tail_1,,,,195,fixed,2026-06,2010-01,2026-03,2026-05,195
tail_1,,,,196,fixed,2026-07,2010-01,2026-04,2026-06,196
tail_1,,,,197,fixed,2026-08,2010-01,2026-05,2026-07,197
tail_1,,,,36,dynamic,2013-03,2010-01,2012-12,2013-02,36
tail_1,,,,37,dynamic,2013-04,2010-01,2013-01,2013-03,37
tail_1,,,,38,dynamic,2013-05,2010-01,2013-02,2013-04,38
tail_1,,,,39,dynamic,2013-06,2010-01,2013-03,2013-05,39
tail_1,,,,40,dynamic,2013-07,2010-01,2013-04,2013-06,40
tail_1,,,,41,dynamic,2013-08,2010-01,2013-05,2013-07,41
tail_1,,,,42,dynamic,2013-09,2010-01,2013-06,2013-08,42
tail_1,,,,43,dynamic,2013-10,2010-01,2013-07,2013-09,43
tail_1,,,,44,dynamic,2013-11,2010-01,2013-08,2013-10,44
tail_1,,,,45,dynamic,2013-12,2010-01,2013-09,2013-11,45
tail_1,,,,46,dynamic,2014-01,2010-01,2013-10,2013-12,46
tail_1,,,,47,dynamic,2014-02,2010-01,2013-11,2014-01,47
tail_1,,,,48,dynamic,2014-03,2010-01,2013-12,2014-02,48
tail_1,,,,49,dynamic,2014-04,2010-01,2014-01,2014-03,49
tail_1,,,,50,dynamic,2014-05,2010-01,2014-02,2014-04,50
tail_1,,,,51,dynamic,2014-06,2010-01,2014-03,2014-05,51
tail_1,,,,52,dynamic,2014-07,2010-01,2014-04,2014-06,52
tail_1,,,,53,dynamic,2014-08,2010-01,2014-05,2014-07,53
tail_1,,,,54,dynamic,2014-09,2010-01,2014-06,2014-08,54
tail_1,,,,55,dynamic,2014-10,2010-01,2014-07,2014-09,55
tail_1,,,,56,dynamic,2014-11,2010-01,2014-08,2014-10,56
tail_1,,,,57,dynamic,2014-12,2010-01,2014-09,2014-11,57
tail_1,,,,58,dynamic,2015-01,2010-01,2014-10,2014-12,58
tail_1,,,,59,dynamic,2015-02,2010-01,2014-11,2015-01,59
tail_1,,,,60,dynamic,2015-03,2010-01,2014-12,2015-02,60
tail_1,,,,61,dynamic,2015-04,2010-01,2015-01,2015-03,61
tail_1,,,,62,dynamic,2015-05,2010-01,2015-02,2015-04,62
tail_1,,,,63,dynamic,2015-06,2010-01,2015-03,2015-05,63
tail_1,,,,64,dynamic,2015-07,2010-01,2015-04,2015-06,64
tail_1,,,,65,dynamic,2015-08,2010-01,2015-05,2015-07,65
tail_1,,,,66,dynamic,2015-09,2010-01,2015-06,2015-08,66
tail_1,,,,67,dynamic,2015-10,2010-01,2015-07,2015-09,67
tail_1,,,,68,dynamic,2015-11,2010-01,2015-08,2015-10,68
tail_1,,,,69,dynamic,2015-12,2010-01,2015-09,2015-11,69
tail_1,,,,70,dynamic,2016-01,2010-01,2015-10,2015-12,70
tail_1,,,,71,dynamic,2016-02,2010-01,2015-11,2016-01,71
tail_1,,,,72,dynamic,2016-03,2010-01,2015-12,2016-02,72
tail_1,,,,73,dynamic,2016-04,2010-01,2016-01,2016-03,73
tail_1,,,,74,dynamic,2016-05,2010-01,2016-02,2016-04,74
tail_1,,,,75,dynamic,2016-06,2010-01,2016-03,2016-05,75
tail_1,,,,76,dynamic,2016-07,2010-01,2016-04,2016-06,76
tail_1,,,,77,dynamic,2016-08,2010-01,2016-05,2016-07,77
tail_1,,,,78,dynamic,2016-09,2010-01,2016-06,2016-08,78
tail_1,,,,79,dynamic,2016-10,2010-01,2016-07,2016-09,79
tail_1,,,,80,dynamic,2016-11,2010-01,2016-08,2016-10,80
tail_1,,,,81,dynamic,2016-12,2010-01,2016-09,2016-11,81
tail_1,,,,82,dynamic,2017-01,2010-01,2016-10,2016-12,82
tail_1,,,,83,dynamic,2017-02,2010-01,2016-11,2017-01,83
tail_1,,,,84,dynamic,2017-03,2010-01,2016-12,2017-02,84
tail_1,,,,85,dynamic,2017-04,2010-01,2017-01,2017-03,85
tail_1,,,,86,dynamic,2017-05,2010-01,2017-02,2017-04,86
tail_1,,,,87,dynamic,2017-06,2010-01,2017-03,2017-05,87
tail_1,,,,88,dynamic,2017-07,2010-01,2017-04,2017-06,88
tail_1,,,,89,dynamic,2017-08,2010-01,2017-05,2017-07,89
tail_1,,,,90,dynamic,2017-09,2010-01,2017-06,2017-08,90
tail_1,,,,91,dynamic,2017-10,2010-01,2017-07,2017-09,91
tail_1,,,,92,dynamic,2017-11,2010-01,2017-08,2017-10,92
tail_1,,,,93,dynamic,2017-12,2010-01,2017-09,2017-11,93
tail_1,,,,94,dynamic,2018-01,2010-01,2017-10,2017-12,94
tail_1,,,,95,dynamic,2018-02,2010-01,2017-11,2018-01,95
tail_1,,,,96,dynamic,2018-03,2010-01,2017-12,2018-02,96
tail_1,,,,97,dynamic,2018-04,2010-01,2018-01,2018-03,97
tail_1,,,,98,dynamic,2018-05,2010-01,2018-02,2018-04,98
tail_1,,,,99,dynamic,2018-06,2010-01,2018-03,2018-05,99
tail_1,,,,100,dynamic,2018-07,2010-01,2018-04,2018-06,100
tail_1,,,,101,dynamic,2018-08,2010-01,2018-05,2018-07,101
tail_1,,,,102,dynamic,2018-09,2010-01,2018-06,2018-08,102
tail_1,,,,103,dynamic,2018-10,2010-01,2018-07,2018-09,103
tail_1,,,,104,dynamic,2018-11,2010-01,2018-08,2018-10,104
tail_1,,,,105,dynamic,2018-12,2010-01,2018-09,2018-11,105
tail_1,,,,106,dynamic,2019-01,2010-01,2018-10,2018-12,106
tail_1,,,,107,dynamic,2019-02,2010-01,2018-11,2019-01,107
tail_1,,,,108,dynamic,2019-03,2010-01,2018-12,2019-02,108
tail_1,,,,109,dynamic,2019-04,2010-01,2019-01,2019-03,109
tail_1,,,,110,dynamic,2019-05,2010-01,2019-02,2019-04,110
tail_1,,,,111,dynamic,2019-06,2010-01,2019-03,2019-05,111
tail_1,,,,112,dynamic,2019-07,2010-01,2019-04,2019-06,112
tail_1,,,,113,dynamic,2019-08,2010-01,2019-05,2019-07,113
tail_1,,,,114,dynamic,2019-09,2010-01,2019-06,2019-08,114
tail_1,,,,115,dynamic,2019-10,2010-01,2019-07,2019-09,115
tail_1,,,,116,dynamic,2019-11,2010-01,2019-08,2019-10,116
tail_1,,,,117,dynamic,2019-12,2010-01,2019-09,2019-11,117
tail_1,,,,118,dynamic,2020-01,2010-01,2019-10,2019-12,118
tail_1,,,,119,dynamic,2020-02,2010-01,2019-11,2020-01,119
tail_1,,,,120,dynamic,2020-03,2010-01,2019-12,2020-02,120
tail_1,,,,121,dynamic,2020-04,2010-01,2020-01,2020-03,121
tail_1,,,,122,dynamic,2020-05,2010-01,2020-02,2020-04,122
tail_1,,,,123,dynamic,2020-06,2010-01,2020-03,2020-05,123
tail_1,,,,124,dynamic,2020-07,2010-01,2020-04,2020-06,124
tail_1,,,,125,dynamic,2020-08,2010-01,2020-05,2020-07,125
tail_1,,,,126,dynamic,2020-09,2010-01,2020-06,2020-08,126
tail_1,,,,127,dynamic,2020-10,2010-01,2020-07,2020-09,127
tail_1,,,,128,dynamic,2020-11,2010-01,2020-08,2020-10,128
tail_1,,,,129,dynamic,2020-12,2010-01,2020-09,2020-11,129
tail_1,,,,130,dynamic,2021-01,2010-01,2020-10,2020-12,130
tail_1,,,,131,dynamic,2021-02,2010-01,2020-11,2021-01,131
tail_1,,,,132,dynamic,2021-03,2010-01,2020-12,2021-02,132
tail_1,,,,133,dynamic,2021-04,2010-01,2021-01,2021-03,133
tail_1,,,,134,dynamic,2021-05,2010-01,2021-02,2021-04,134
tail_1,,,,135,dynamic,2021-06,2010-01,2021-03,2021-05,135
tail_1,,,,136,dynamic,2021-07,2010-01,2021-04,2021-06,136
tail_1,,,,137,dynamic,2021-08,2010-01,2021-05,2021-07,137
tail_1,,,,138,dynamic,2021-09,2010-01,2021-06,2021-08,138
tail_1,,,,139,dynamic,2021-10,2010-01,2021-07,2021-09,139
tail_1,,,,140,dynamic,2021-11,2010-01,2021-08,2021-10,140
tail_1,,,,141,dynamic,2021-12,2010-01,2021-09,2021-11,141
tail_1,,,,142,dynamic,2022-01,2010-01,2021-10,2021-12,142
tail_1,,,,143,dynamic,2022-02,2010-01,2021-11,2022-01,143
tail_1,,,,144,dynamic,2022-03,2010-01,2021-12,2022-02,144
tail_1,,,,145,dynamic,2022-04,2010-01,2022-01,2022-03,145
tail_1,,,,146,dynamic,2022-05,2010-01,2022-02,2022-04,146
tail_1,,,,147,dynamic,2022-06,2010-01,2022-03,2022-05,147
tail_1,,,,148,dynamic,2022-07,2010-01,2022-04,2022-06,148
tail_1,,,,149,dynamic,2022-08,2010-01,2022-05,2022-07,149
tail_1,,,,150,dynamic,2022-09,2010-01,2022-06,2022-08,150
tail_1,,,,151,dynamic,2022-10,2010-01,2022-07,2022-09,151
tail_1,,,,152,dynamic,2022-11,2010-01,2022-08,2022-10,152
tail_1,,,,153,dynamic,2022-12,2010-01,2022-09,2022-11,153
tail_1,,,,154,dynamic,2023-01,2010-01,2022-10,2022-12,154
tail_1,,,,155,dynamic,2023-02,2010-01,2022-11,2023-01,155
tail_1,,,,156,dynamic,2023-03,2010-01,2022-12,2023-02,156
tail_1,,,,157,dynamic,2023-04,2010-01,2023-01,2023-03,157
tail_1,,,,158,dynamic,2023-05,2010-01,2023-02,2023-04,158
tail_1,,,,159,dynamic,2023-06,2010-01,2023-03,2023-05,159
tail_1,,,,160,dynamic,2023-07,2010-01,2023-04,2023-06,160
tail_1,,,,161,dynamic,2023-08,2010-01,2023-05,2023-07,161
tail_1,,,,162,dynamic,2023-09,2010-01,2023-06,2023-08,162
tail_1,,,,163,dynamic,2023-10,2010-01,2023-07,2023-09,163
tail_1,,,,164,dynamic,2023-11,2010-01,2023-08,2023-10,164
tail_1,,,,165,dynamic,2023-12,2010-01,2023-09,2023-11,165
tail_1,,,,166,dynamic,2024-01,2010-01,2023-10,2023-12,166
tail_1,,,,167,dynamic,2024-02,2010-01,2023-11,2024-01,167
tail_1,,,,168,dynamic,2024-03,2010-01,2023-12,2024-02,168
tail_1,,,,169,dynamic,2024-04,2010-01,2024-01,2024-03,169
tail_1,,,,170,dynamic,2024-05,2010-01,2024-02,2024-04,170
tail_1,,,,171,dynamic,2024-06,2010-01,2024-03,2024-05,171
tail_1,,,,172,dynamic,2024-07,2010-01,2024-04,2024-06,172
tail_1,,,,173,dynamic,2024-08,2010-01,2024-05,2024-07,173
tail_1,,,,174,dynamic,2024-09,2010-01,2024-06,2024-08,174
tail_1,,,,175,dynamic,2024-10,2010-01,2024-07,2024-09,175
tail_1,,,,176,dynamic,2024-11,2010-01,2024-08,2024-10,176
tail_1,,,,177,dynamic,2024-12,2010-01,2024-09,2024-11,177
tail_1,,,,178,dynamic,2025-01,2010-01,2024-10,2024-12,178
tail_1,,,,179,dynamic,2025-02,2010-01,2024-11,2025-01,179
tail_1,,,,180,dynamic,2025-03,2010-01,2024-12,2025-02,180
tail_1,,,,181,dynamic,2025-04,2010-01,2025-01,2025-03,181
tail_1,,,,182,dynamic,2025-05,2010-01,2025-02,2025-04,182
tail_1,,,,183,dynamic,2025-06,2010-01,2025-03,2025-05,183
tail_1,,,,184,dynamic,2025-07,2010-01,2025-04,2025-06,184
tail_1,,,,185,dynamic,2025-08,2010-01,2025-05,2025-07,185
tail_1,,,,186,dynamic,2025-09,2010-01,2025-06,2025-08,186
tail_1,,,,187,dynamic,2025-10,2010-01,2025-07,2025-09,187
tail_1,,,,188,dynamic,2025-11,2010-01,2025-08,2025-10,188
tail_1,,,,189,dynamic,2025-12,2010-01,2025-09,2025-11,189
tail_1,,,,190,dynamic,2026-01,2010-01,2025-10,2025-12,190
tail_1,,,,191,dynamic,2026-02,2010-01,2025-11,2026-01,191
tail_1,,,,192,dynamic,2026-03,2010-01,2025-12,2026-02,192
tail_1,,,,193,dynamic,2026-04,2010-01,2026-01,2026-03,193
tail_1,,,,194,dynamic,2026-05,2010-01,2026-02,2026-04,194
tail_1,,,,195,dynamic,2026-06,2010-01,2026-03,2026-05,195
tail_1,,,,196,dynamic,2026-07,2010-01,2026-04,2026-06,196
tail_1,,,,197,dynamic,2026-08,2010-01,2026-05,2026-07,197
tail_1,,,,36,annual,2013-03,2010-01,2012-12,2013-02,36
tail_1,,,,37,annual,2013-04,2010-01,2013-01,2013-03,37
tail_1,,,,38,annual,2013-05,2010-01,2013-02,2013-04,38
tail_1,,,,39,annual,2013-06,2010-01,2013-03,2013-05,39
tail_1,,,,40,annual,2013-07,2010-01,2013-04,2013-06,40
tail_1,,,,41,annual,2013-08,2010-01,2013-05,2013-07,41
tail_1,,,,42,annual,2013-09,2010-01,2013-06,2013-08,42
tail_1,,,,43,annual,2013-10,2010-01,2013-07,2013-09,43
tail_1,,,,44,annual,2013-11,2010-01,2013-08,2013-10,44
tail_1,,,,45,annual,2013-12,2010-01,2013-09,2013-11,45
tail_1,,,,46,annual,2014-01,2010-01,2013-10,2013-12,46
tail_1,,,,47,annual,2014-02,2010-01,2013-11,2014-01,47
tail_1,,,,48,annual,2014-03,2010-01,2013-12,2014-02,48
tail_1,,,,49,annual,2014-04,2010-01,2014-01,2014-03,49
tail_1,,,,50,annual,2014-05,2010-01,2014-02,2014-04,50
tail_1,,,,51,annual,2014-06,2010-01,2014-03,2014-05,51
tail_1,,,,52,annual,2014-07,2010-01,2014-04,2014-06,52
tail_1,,,,53,annual,2014-08,2010-01,2014-05,2014-07,53
tail_1,,,,54,annual,2014-09,2010-01,2014-06,2014-08,54
tail_1,,,,55,annual,2014-10,2010-01,2014-07,2014-09,55
tail_1,,,,56,annual,2014-11,2010-01,2014-08,2014-10,56
tail_1,,,,57,annual,2014-12,2010-01,2014-09,2014-11,57
tail_1,,,,58,annual,2015-01,2010-01,2014-10,2014-12,58
tail_1,,,,59,annual,2015-02,2010-01,2014-11,2015-01,59
tail_1,,,,60,annual,2015-03,2010-01,2014-12,2015-02,60
tail_1,,,,61,annual,2015-04,2010-01,2015-01,2015-03,61
tail_1,,,,62,annual,2015-05,2010-01,2015-02,2015-04,62
tail_1,,,,63,annual,2015-06,2010-01,2015-03,2015-05,63
tail_1,,,,64,annual,2015-07,2010-01,2015-04,2015-06,64
tail_1,,,,65,annual,2015-08,2010-01,2015-05,2015-07,65
tail_1,,,,66,annual,2015-09,2010-01,2015-06,2015-08,66
tail_1,,,,67,annual,2015-10,2010-01,2015-07,2015-09,67
tail_1,,,,68,annual,2015-11,2010-01,2015-08,2015-10,68
tail_1,,,,69,annual,2015-12,2010-01,2015-09,2015-11,69
tail_1,,,,70,annual,2016-01,2010-01,2015-10,2015-12,70
tail_1,,,,71,annual,2016-02,2010-01,2015-11,2016-01,71
tail_1,,,,72,annual,2016-03,2010-01,2015-12,2016-02,72
tail_1,,,,73,annual,2016-04,2010-01,2016-01,2016-03,73
tail_1,,,,74,annual,2016-05,2010-01,2016-02,2016-04,74
tail_1,,,,75,annual,2016-06,2010-01,2016-03,2016-05,75
tail_1,,,,76,annual,2016-07,2010-01,2016-04,2016-06,76
tail_1,,,,77,annual,2016-08,2010-01,2016-05,2016-07,77
tail_1,,,,78,annual,2016-09,2010-01,2016-06,2016-08,78
tail_1,,,,79,annual,2016-10,2010-01,2016-07,2016-09,79
tail_1,,,,80,annual,2016-11,2010-01,2016-08,2016-10,80
tail_1,,,,81,annual,2016-12,2010-01,2016-09,2016-11,81
tail_1,,,,82,annual,2017-01,2010-01,2016-10,2016-12,82
tail_1,,,,83,annual,2017-02,2010-01,2016-11,2017-01,83
tail_1,,,,84,annual,2017-03,2010-01,2016-12,2017-02,84
tail_1,,,,85,annual,2017-04,2010-01,2017-01,2017-03,85
tail_1,,,,86,annual,2017-05,2010-01,2017-02,2017-04,86
tail_1,,,,87,annual,2017-06,2010-01,2017-03,2017-05,87
tail_1,,,,88,annual,2017-07,2010-01,2017-04,2017-06,88
tail_1,,,,89,annual,2017-08,2010-01,2017-05,2017-07,89
tail_1,,,,90,annual,2017-09,2010-01,2017-06,2017-08,90
tail_1,,,,91,annual,2017-10,2010-01,2017-07,2017-09,91
tail_1,,,,92,annual,2017-11,2010-01,2017-08,2017-10,92
tail_1,,,,93,annual,2017-12,2010-01,2017-09,2017-11,93
tail_1,,,,94,annual,2018-01,2010-01,2017-10,2017-12,94
tail_1,,,,95,annual,2018-02,2010-01,2017-11,2018-01,95
tail_1,,,,96,annual,2018-03,2010-01,2017-12,2018-02,96
tail_1,,,,97,annual,2018-04,2010-01,2018-01,2018-03,97
tail_1,,,,98,annual,2018-05,2010-01,2018-02,2018-04,98
tail_1,,,,99,annual,2018-06,2010-01,2018-03,2018-05,99
tail_1,,,,100,annual,2018-07,2010-01,2018-04,2018-06,100
tail_1,,,,101,annual,2018-08,2010-01,2018-05,2018-07,101
tail_1,,,,102,annual,2018-09,2010-01,2018-06,2018-08,102
tail_1,,,,103,annual,2018-10,2010-01,2018-07,2018-09,103
tail_1,,,,104,annual,2018-11,2010-01,2018-08,2018-10,104
tail_1,,,,105,annual,2018-12,2010-01,2018-09,2018-11,105
tail_1,,,,106,annual,2019-01,2010-01,2018-10,2018-12,106
tail_1,,,,107,annual,2019-02,2010-01,2018-11,2019-01,107
tail_1,,,,108,annual,2019-03,2010-01,2018-12,2019-02,108
tail_1,,,,109,annual,2019-04,2010-01,2019-01,2019-03,109
tail_1,,,,110,annual,2019-05,2010-01,2019-02,2019-04,110
tail_1,,,,111,annual,2019-06,2010-01,2019-03,2019-05,111
tail_1,,,,112,annual,2019-07,2010-01,2019-04,2019-06,112
tail_1,,,,113,annual,2019-08,2010-01,2019-05,2019-07,113
tail_1,,,,114,annual,2019-09,2010-01,2019-06,2019-08,114
tail_1,,,,115,annual,2019-10,2010-01,2019-07,2019-09,115
tail_1,,,,116,annual,2019-11,2010-01,2019-08,2019-10,116
tail_1,,,,117,annual,2019-12,2010-01,2019-09,2019-11,117
tail_1,,,,118,annual,2020-01,2010-01,2019-10,2019-12,118
tail_1,,,,119,annual,2020-02,2010-01,2019-11,2020-01,119
tail_1,,,,120,annual,2020-03,2010-01,2019-12,2020-02,120
tail_1,,,,121,annual,2020-04,2010-01,2020-01,2020-03,121
tail_1,,,,122,annual,2020-05,2010-01,2020-02,2020-04,122
tail_1,,,,123,annual,2020-06,2010-01,2020-03,2020-05,123
tail_1,,,,124,annual,2020-07,2010-01,2020-04,2020-06,124
tail_1,,,,125,annual,2020-08,2010-01,2020-05,2020-07,125
tail_1,,,,126,annual,2020-09,2010-01,2020-06,2020-08,126
tail_1,,,,127,annual,2020-10,2010-01,2020-07,2020-09,127
tail_1,,,,128,annual,2020-11,2010-01,2020-08,2020-10,128
tail_1,,,,129,annual,2020-12,2010-01,2020-09,2020-11,129
tail_1,,,,130,annual,2021-01,2010-01,2020-10,2020-12,130
tail_1,,,,131,annual,2021-02,2010-01,2020-11,2021-01,131
tail_1,,,,132,annual,2021-03,2010-01,2020-12,2021-02,132
tail_1,,,,133,annual,2021-04,2010-01,2021-01,2021-03,133
tail_1,,,,134,annual,2021-05,2010-01,2021-02,2021-04,134
tail_1,,,,135,annual,2021-06,2010-01,2021-03,2021-05,135
tail_1,,,,136,annual,2021-07,2010-01,2021-04,2021-06,136
tail_1,,,,137,annual,2021-08,2010-01,2021-05,2021-07,137
tail_1,,,,138,annual,2021-09,2010-01,2021-06,2021-08,138
tail_1,,,,139,annual,2021-10,2010-01,2021-07,2021-09,139
tail_1,,,,140,annual,2021-11,2010-01,2021-08,2021-10,140
tail_1,,,,141,annual,2021-12,2010-01,2021-09,2021-11,141
tail_1,,,,142,annual,2022-01,2010-01,2021-10,2021-12,142
tail_1,,,,143,annual,2022-02,2010-01,2021-11,2022-01,143
tail_1,,,,144,annual,2022-03,2010-01,2021-12,2022-02,144
tail_1,,,,145,annual,2022-04,2010-01,2022-01,2022-03,145
tail_1,,,,146,annual,2022-05,2010-01,2022-02,2022-04,146
tail_1,,,,147,annual,2022-06,2010-01,2022-03,2022-05,147
tail_1,,,,148,annual,2022-07,2010-01,2022-04,2022-06,148
tail_1,,,,149,annual,2022-08,2010-01,2022-05,2022-07,149
tail_1,,,,150,annual,2022-09,2010-01,2022-06,2022-08,150
tail_1,,,,151,annual,2022-10,2010-01,2022-07,2022-09,151
tail_1,,,,152,annual,2022-11,2010-01,2022-08,2022-10,152
tail_1,,,,153,annual,2022-12,2010-01,2022-09,2022-11,153
tail_1,,,,154,annual,2023-01,2010-01,2022-10,2022-12,154
tail_1,,,,155,annual,2023-02,2010-01,2022-11,2023-01,155
tail_1,,,,156,annual,2023-03,2010-01,2022-12,2023-02,156
tail_1,,,,157,annual,2023-04,2010-01,2023-01,2023-03,157
tail_1,,,,158,annual,2023-05,2010-01,2023-02,2023-04,158
tail_1,,,,159,annual,2023-06,2010-01,2023-03,2023-05,159
tail_1,,,,160,annual,2023-07,2010-01,2023-04,2023-06,160
tail_1,,,,161,annual,2023-08,2010-01,2023-05,2023-07,161
tail_1,,,,162,annual,2023-09,2010-01,2023-06,2023-08,162
tail_1,,,,163,annual,2023-10,2010-01,2023-07,2023-09,163
tail_1,,,,164,annual,2023-11,2010-01,2023-08,2023-10,164
tail_1,,,,165,annual,2023-12,2010-01,2023-09,2023-11,165
tail_1,,,,166,annual,2024-01,2010-01,2023-10,2023-12,166
tail_1,,,,167,annual,2024-02,2010-01,2023-11,2024-01,167
tail_1,,,,168,annual,2024-03,2010-01,2023-12,2024-02,168
tail_1,,,,169,annual,2024-04,2010-01,2024-01,2024-03,169
tail_1,,,,170,annual,2024-05,2010-01,2024-02,2024-04,170
tail_1,,,,171,annual,2024-06,2010-01,2024-03,2024-05,171
tail_1,,,,172,annual,2024-07,2010-01,2024-04,2024-06,172
tail_1,,,,173,annual,2024-08,2010-01,2024-05,2024-07,173
tail_1,,,,174,annual,2024-09,2010-01,2024-06,2024-08,174
tail_1,,,,175,annual,2024-10,2010-01,2024-07,2024-09,175
tail_1,,,,176,annual,2024-11,2010-01,2024-08,2024-10,176
tail_1,,,,177,annual,2024-12,2010-01,2024-09,2024-11,177
tail_1,,,,178,annual,2025-01,2010-01,2024-10,2024-12,178
tail_1,,,,179,annual,2025-02,2010-01,2024-11,2025-01,179
tail_1,,,,180,annual,2025-03,2010-01,2024-12,2025-02,180
tail_1,,,,181,annual,2025-04,2010-01,2025-01,2025-03,181
tail_1,,,,182,annual,2025-05,2010-01,2025-02,2025-04,182
tail_1,,,,183,annual,2025-06,2010-01,2025-03,2025-05,183
tail_1,,,,184,annual,2025-07,2010-01,2025-04,2025-06,184
tail_1,,,,185,annual,2025-08,2010-01,2025-05,2025-07,185
tail_1,,,,186,annual,2025-09,2010-01,2025-06,2025-08,186
tail_1,,,,187,annual,2025-10,2010-01,2025-07,2025-09,187
tail_1,,,,188,annual,2025-11,2010-01,2025-08,2025-10,188
tail_1,,,,189,annual,2025-12,2010-01,2025-09,2025-11,189
tail_1,,,,190,annual,2026-01,2010-01,2025-10,2025-12,190
tail_1,,,,191,annual,2026-02,2010-01,2025-11,2026-01,191
tail_1,,,,192,annual,2026-03,2010-01,2025-12,2026-02,192
tail_1,,,,193,annual,2026-04,2010-01,2026-01,2026-03,193
tail_1,,,,194,annual,2026-05,2010-01,2026-02,2026-04,194
tail_1,,,,195,annual,2026-06,2010-01,2026-03,2026-05,195
tail_1,,,,196,annual,2026-07,2010-01,2026-04,2026-06,196
tail_1,,,,197,annual,2026-08,2010-01,2026-05,2026-07,197
tail_1,,,,36,structure,2014-03,2011-01,2013-12,2014-02,36
tail_1,,,,37,structure,2014-04,2011-01,2014-01,2014-03,37
tail_1,,,,38,structure,2014-05,2011-01,2014-02,2014-04,38
tail_1,,,,39,structure,2014-06,2011-01,2014-03,2014-05,39
tail_1,,,,40,structure,2014-07,2011-01,2014-04,2014-06,40
tail_1,,,,41,structure,2014-08,2011-01,2014-05,2014-07,41
tail_1,,,,42,structure,2014-09,2011-01,2014-06,2014-08,42
tail_1,,,,43,structure,2014-10,2011-01,2014-07,2014-09,43
tail_1,,,,44,structure,2014-11,2011-01,2014-08,2014-10,44
tail_1,,,,45,structure,2014-12,2011-01,2014-09,2014-11,45
tail_1,,,,46,structure,2015-01,2011-01,2014-10,2014-12,46
tail_1,,,,47,structure,2015-02,2011-01,2014-11,2015-01,47
tail_1,,,,48,structure,2015-03,2011-01,2014-12,2015-02,48
tail_1,,,,49,structure,2015-04,2011-01,2015-01,2015-03,49
tail_1,,,,50,structure,2015-05,2011-01,2015-02,2015-04,50
tail_1,,,,51,structure,2015-06,2011-01,2015-03,2015-05,51
tail_1,,,,52,structure,2015-07,2011-01,2015-04,2015-06,52
tail_1,,,,53,structure,2015-08,2011-01,2015-05,2015-07,53
tail_1,,,,54,structure,2015-09,2011-01,2015-06,2015-08,54
tail_1,,,,55,structure,2015-10,2011-01,2015-07,2015-09,55
tail_1,,,,56,structure,2015-11,2011-01,2015-08,2015-10,56
tail_1,,,,57,structure,2015-12,2011-01,2015-09,2015-11,57
tail_1,,,,58,structure,2016-01,2011-01,2015-10,2015-12,58
tail_1,,,,59,structure,2016-02,2011-01,2015-11,2016-01,59
tail_1,,,,60,structure,2016-03,2011-01,2015-12,2016-02,60
tail_1,,,,61,structure,2016-04,2011-01,2016-01,2016-03,61
tail_1,,,,62,structure,2016-05,2011-01,2016-02,2016-04,62
tail_1,,,,63,structure,2016-06,2011-01,2016-03,2016-05,63
tail_1,,,,64,structure,2016-07,2011-01,2016-04,2016-06,64
tail_1,,,,65,structure,2016-08,2011-01,2016-05,2016-07,65
tail_1,,,,66,structure,2016-09,2011-01,2016-06,2016-08,66
tail_1,,,,67,structure,2016-10,2011-01,2016-07,2016-09,67
tail_1,,,,68,structure,2016-11,2011-01,2016-08,2016-10,68
tail_1,,,,69,structure,2016-12,2011-01,2016-09,2016-11,69
tail_1,,,,70,structure,2017-01,2011-01,2016-10,2016-12,70
tail_1,,,,71,structure,2017-02,2011-01,2016-11,2017-01,71
tail_1,,,,72,structure,2017-03,2011-01,2016-12,2017-02,72
tail_1,,,,73,structure,2017-04,2011-01,2017-01,2017-03,73
tail_1,,,,74,structure,2017-05,2011-01,2017-02,2017-04,74
tail_1,,,,75,structure,2017-06,2011-01,2017-03,2017-05,75
tail_1,,,,76,structure,2017-07,2011-01,2017-04,2017-06,76
tail_1,,,,77,structure,2017-08,2011-01,2017-05,2017-07,77
tail_1,,,,78,structure,2017-09,2011-01,2017-06,2017-08,78
tail_1,,,,79,structure,2017-10,2011-01,2017-07,2017-09,79
tail_1,,,,80,structure,2017-11,2011-01,2017-08,2017-10,80
tail_1,,,,81,structure,2017-12,2011-01,2017-09,2017-11,81
tail_1,,,,82,structure,2018-01,2011-01,2017-10,2017-12,82
tail_1,,,,83,structure,2018-02,2011-01,2017-11,2018-01,83
tail_1,,,,84,structure,2018-03,2011-01,2017-12,2018-02,84
tail_1,,,,85,structure,2018-04,2011-01,2018-01,2018-03,85
tail_1,,,,86,structure,2018-05,2011-01,2018-02,2018-04,86
tail_1,,,,87,structure,2018-06,2011-01,2018-03,2018-05,87
tail_1,,,,88,structure,2018-07,2011-01,2018-04,2018-06,88
tail_1,,,,89,structure,2018-08,2011-01,2018-05,2018-07,89
tail_1,,,,90,structure,2018-09,2011-01,2018-06,2018-08,90
tail_1,,,,91,structure,2018-10,2011-01,2018-07,2018-09,91
tail_1,,,,92,structure,2018-11,2011-01,2018-08,2018-10,92
tail_1,,,,93,structure,2018-12,2011-01,2018-09,2018-11,93
tail_1,,,,94,structure,2019-01,2011-01,2018-10,2018-12,94
tail_1,,,,95,structure,2019-02,2011-01,2018-11,2019-01,95
tail_1,,,,96,structure,2019-03,2011-01,2018-12,2019-02,96
tail_1,,,,97,structure,2019-04,2011-01,2019-01,2019-03,97
tail_1,,,,98,structure,2019-05,2011-01,2019-02,2019-04,98
tail_1,,,,99,structure,2019-06,2011-01,2019-03,2019-05,99
tail_1,,,,100,structure,2019-07,2011-01,2019-04,2019-06,100
tail_1,,,,101,structure,2019-08,2011-01,2019-05,2019-07,101
tail_1,,,,102,structure,2019-09,2011-01,2019-06,2019-08,102
tail_1,,,,103,structure,2019-10,2011-01,2019-07,2019-09,103
tail_1,,,,104,structure,2019-11,2011-01,2019-08,2019-10,104
tail_1,,,,105,structure,2019-12,2011-01,2019-09,2019-11,105
tail_1,,,,106,structure,2020-01,2011-01,2019-10,2019-12,106
tail_1,,,,107,structure,2020-02,2011-01,2019-11,2020-01,107
tail_1,,,,108,structure,2020-03,2011-01,2019-12,2020-02,108
tail_1,,,,109,structure,2020-04,2011-01,2020-01,2020-03,109
tail_1,,,,110,structure,2020-05,2011-01,2020-02,2020-04,110
tail_1,,,,111,structure,2020-06,2011-01,2020-03,2020-05,111
tail_1,,,,112,structure,2020-07,2011-01,2020-04,2020-06,112
tail_1,,,,113,structure,2020-08,2011-01,2020-05,2020-07,113
tail_1,,,,114,structure,2020-09,2011-01,2020-06,2020-08,114
tail_1,,,,115,structure,2020-10,2011-01,2020-07,2020-09,115
tail_1,,,,116,structure,2020-11,2011-01,2020-08,2020-10,116
tail_1,,,,117,structure,2020-12,2011-01,2020-09,2020-11,117
tail_1,,,,118,structure,2021-01,2011-01,2020-10,2020-12,118
tail_1,,,,119,structure,2021-02,2011-01,2020-11,2021-01,119
tail_1,,,,120,structure,2021-03,2011-01,2020-12,2021-02,120
tail_1,,,,121,structure,2021-04,2011-01,2021-01,2021-03,121
tail_1,,,,122,structure,2021-05,2011-01,2021-02,2021-04,122
tail_1,,,,123,structure,2021-06,2011-01,2021-03,2021-05,123
tail_1,,,,124,structure,2021-07,2011-01,2021-04,2021-06,124
tail_1,,,,125,structure,2021-08,2011-01,2021-05,2021-07,125
tail_1,,,,126,structure,2021-09,2011-01,2021-06,2021-08,126
tail_1,,,,127,structure,2021-10,2011-01,2021-07,2021-09,127
tail_1,,,,128,structure,2021-11,2011-01,2021-08,2021-10,128
tail_1,,,,129,structure,2021-12,2011-01,2021-09,2021-11,129
tail_1,,,,130,structure,2022-01,2011-01,2021-10,2021-12,130
tail_1,,,,131,structure,2022-02,2011-01,2021-11,2022-01,131
tail_1,,,,132,structure,2022-03,2011-01,2021-12,2022-02,132
tail_1,,,,133,structure,2022-04,2011-01,2022-01,2022-03,133
tail_1,,,,134,structure,2022-05,2011-01,2022-02,2022-04,134
tail_1,,,,135,structure,2022-06,2011-01,2022-03,2022-05,135
tail_1,,,,136,structure,2022-07,2011-01,2022-04,2022-06,136
tail_1,,,,137,structure,2022-08,2011-01,2022-05,2022-07,137
tail_1,,,,138,structure,2022-09,2011-01,2022-06,2022-08,138
tail_1,,,,139,structure,2022-10,2011-01,2022-07,2022-09,139
tail_1,,,,140,structure,2022-11,2011-01,2022-08,2022-10,140
tail_1,,,,141,structure,2022-12,2011-01,2022-09,2022-11,141
tail_1,,,,142,structure,2023-01,2011-01,2022-10,2022-12,142
tail_1,,,,143,structure,2023-02,2011-01,2022-11,2023-01,143
tail_1,,,,144,structure,2023-03,2011-01,2022-12,2023-02,144
tail_1,,,,145,structure,2023-04,2011-01,2023-01,2023-03,145
tail_1,,,,146,structure,2023-05,2011-01,2023-02,2023-04,146
tail_1,,,,147,structure,2023-06,2011-01,2023-03,2023-05,147
tail_1,,,,148,structure,2023-07,2011-01,2023-04,2023-06,148
tail_1,,,,149,structure,2023-08,2011-01,2023-05,2023-07,149
tail_1,,,,150,structure,2023-09,2011-01,2023-06,2023-08,150
tail_1,,,,151,structure,2023-10,2011-01,2023-07,2023-09,151
tail_1,,,,152,structure,2023-11,2011-01,2023-08,2023-10,152
tail_1,,,,153,structure,2023-12,2011-01,2023-09,2023-11,153
tail_1,,,,154,structure,2024-01,2011-01,2023-10,2023-12,154
tail_1,,,,155,structure,2024-02,2011-01,2023-11,2024-01,155
tail_1,,,,156,structure,2024-03,2011-01,2023-12,2024-02,156
tail_1,,,,157,structure,2024-04,2011-01,2024-01,2024-03,157
tail_1,,,,158,structure,2024-05,2011-01,2024-02,2024-04,158
tail_1,,,,159,structure,2024-06,2011-01,2024-03,2024-05,159
tail_1,,,,160,structure,2024-07,2011-01,2024-04,2024-06,160
tail_1,,,,161,structure,2024-08,2011-01,2024-05,2024-07,161
tail_1,,,,162,structure,2024-09,2011-01,2024-06,2024-08,162
tail_1,,,,163,structure,2024-10,2011-01,2024-07,2024-09,163
tail_1,,,,164,structure,2024-11,2011-01,2024-08,2024-10,164
tail_1,,,,165,structure,2024-12,2011-01,2024-09,2024-11,165
tail_1,,,,166,structure,2025-01,2011-01,2024-10,2024-12,166
tail_1,,,,167,structure,2025-02,2011-01,2024-11,2025-01,167
tail_1,,,,168,structure,2025-03,2011-01,2024-12,2025-02,168
tail_1,,,,169,structure,2025-04,2011-01,2025-01,2025-03,169
tail_1,,,,170,structure,2025-05,2011-01,2025-02,2025-04,170
tail_1,,,,171,structure,2025-06,2011-01,2025-03,2025-05,171
tail_1,,,,172,structure,2025-07,2011-01,2025-04,2025-06,172
tail_1,,,,173,structure,2025-08,2011-01,2025-05,2025-07,173
tail_1,,,,174,structure,2025-09,2011-01,2025-06,2025-08,174
tail_1,,,,175,structure,2025-10,2011-01,2025-07,2025-09,175
tail_1,,,,176,structure,2025-11,2011-01,2025-08,2025-10,176
tail_1,,,,177,structure,2025-12,2011-01,2025-09,2025-11,177
tail_1,,,,178,structure,2026-01,2011-01,2025-10,2025-12,178
tail_1,,,,179,structure,2026-02,2011-01,2025-11,2026-01,179
tail_1,,,,180,structure,2026-03,2011-01,2025-12,2026-02,180
tail_1,,,,181,structure,2026-04,2011-01,2026-01,2026-03,181
tail_1,,,,182,structure,2026-05,2011-01,2026-02,2026-04,182
tail_1,,,,183,structure,2026-06,2011-01,2026-03,2026-05,183
tail_1,,,,184,structure,2026-07,2011-01,2026-04,2026-06,184
tail_1,,,,185,structure,2026-08,2011-01,2026-05,2026-07,185
tail_1,,,,36,All,2014-03,2011-01,2013-12,2014-02,36
tail_1,,,,37,All,2014-04,2011-01,2014-01,2014-03,37
tail_1,,,,38,All,2014-05,2011-01,2014-02,2014-04,38
tail_1,,,,39,All,2014-06,2011-01,2014-03,2014-05,39
tail_1,,,,40,All,2014-07,2011-01,2014-04,2014-06,40
tail_1,,,,41,All,2014-08,2011-01,2014-05,2014-07,41
tail_1,,,,42,All,2014-09,2011-01,2014-06,2014-08,42
tail_1,,,,43,All,2014-10,2011-01,2014-07,2014-09,43
tail_1,,,,44,All,2014-11,2011-01,2014-08,2014-10,44
tail_1,,,,45,All,2014-12,2011-01,2014-09,2014-11,45
tail_1,,,,46,All,2015-01,2011-01,2014-10,2014-12,46
tail_1,,,,47,All,2015-02,2011-01,2014-11,2015-01,47
tail_1,,,,48,All,2015-03,2011-01,2014-12,2015-02,48
tail_1,,,,49,All,2015-04,2011-01,2015-01,2015-03,49
tail_1,,,,50,All,2015-05,2011-01,2015-02,2015-04,50
tail_1,,,,51,All,2015-06,2011-01,2015-03,2015-05,51
tail_1,,,,52,All,2015-07,2011-01,2015-04,2015-06,52
tail_1,,,,53,All,2015-08,2011-01,2015-05,2015-07,53
tail_1,,,,54,All,2015-09,2011-01,2015-06,2015-08,54
tail_1,,,,55,All,2015-10,2011-01,2015-07,2015-09,55
tail_1,,,,56,All,2015-11,2011-01,2015-08,2015-10,56
tail_1,,,,57,All,2015-12,2011-01,2015-09,2015-11,57
tail_1,,,,58,All,2016-01,2011-01,2015-10,2015-12,58
tail_1,,,,59,All,2016-02,2011-01,2015-11,2016-01,59
tail_1,,,,60,All,2016-03,2011-01,2015-12,2016-02,60
tail_1,,,,61,All,2016-04,2011-01,2016-01,2016-03,61
tail_1,,,,62,All,2016-05,2011-01,2016-02,2016-04,62
tail_1,,,,63,All,2016-06,2011-01,2016-03,2016-05,63
tail_1,,,,64,All,2016-07,2011-01,2016-04,2016-06,64
tail_1,,,,65,All,2016-08,2011-01,2016-05,2016-07,65
tail_1,,,,66,All,2016-09,2011-01,2016-06,2016-08,66
tail_1,,,,67,All,2016-10,2011-01,2016-07,2016-09,67
tail_1,,,,68,All,2016-11,2011-01,2016-08,2016-10,68
tail_1,,,,69,All,2016-12,2011-01,2016-09,2016-11,69
tail_1,,,,70,All,2017-01,2011-01,2016-10,2016-12,70
tail_1,,,,71,All,2017-02,2011-01,2016-11,2017-01,71
tail_1,,,,72,All,2017-03,2011-01,2016-12,2017-02,72
tail_1,,,,73,All,2017-04,2011-01,2017-01,2017-03,73
tail_1,,,,74,All,2017-05,2011-01,2017-02,2017-04,74
tail_1,,,,75,All,2017-06,2011-01,2017-03,2017-05,75
tail_1,,,,76,All,2017-07,2011-01,2017-04,2017-06,76
tail_1,,,,77,All,2017-08,2011-01,2017-05,2017-07,77
tail_1,,,,78,All,2017-09,2011-01,2017-06,2017-08,78
tail_1,,,,79,All,2017-10,2011-01,2017-07,2017-09,79
tail_1,,,,80,All,2017-11,2011-01,2017-08,2017-10,80
tail_1,,,,81,All,2017-12,2011-01,2017-09,2017-11,81
tail_1,,,,82,All,2018-01,2011-01,2017-10,2017-12,82
tail_1,,,,83,All,2018-02,2011-01,2017-11,2018-01,83
tail_1,,,,84,All,2018-03,2011-01,2017-12,2018-02,84
tail_1,,,,85,All,2018-04,2011-01,2018-01,2018-03,85
tail_1,,,,86,All,2018-05,2011-01,2018-02,2018-04,86
tail_1,,,,87,All,2018-06,2011-01,2018-03,2018-05,87
tail_1,,,,88,All,2018-07,2011-01,2018-04,2018-06,88
tail_1,,,,89,All,2018-08,2011-01,2018-05,2018-07,89
tail_1,,,,90,All,2018-09,2011-01,2018-06,2018-08,90
tail_1,,,,91,All,2018-10,2011-01,2018-07,2018-09,91
tail_1,,,,92,All,2018-11,2011-01,2018-08,2018-10,92
tail_1,,,,93,All,2018-12,2011-01,2018-09,2018-11,93
tail_1,,,,94,All,2019-01,2011-01,2018-10,2018-12,94
tail_1,,,,95,All,2019-02,2011-01,2018-11,2019-01,95
tail_1,,,,96,All,2019-03,2011-01,2018-12,2019-02,96
tail_1,,,,97,All,2019-04,2011-01,2019-01,2019-03,97
tail_1,,,,98,All,2019-05,2011-01,2019-02,2019-04,98
tail_1,,,,99,All,2019-06,2011-01,2019-03,2019-05,99
tail_1,,,,100,All,2019-07,2011-01,2019-04,2019-06,100
tail_1,,,,101,All,2019-08,2011-01,2019-05,2019-07,101
tail_1,,,,102,All,2019-09,2011-01,2019-06,2019-08,102
tail_1,,,,103,All,2019-10,2011-01,2019-07,2019-09,103
tail_1,,,,104,All,2019-11,2011-01,2019-08,2019-10,104
tail_1,,,,105,All,2019-12,2011-01,2019-09,2019-11,105
tail_1,,,,106,All,2020-01,2011-01,2019-10,2019-12,106
tail_1,,,,107,All,2020-02,2011-01,2019-11,2020-01,107
tail_1,,,,108,All,2020-03,2011-01,2019-12,2020-02,108
tail_1,,,,109,All,2020-04,2011-01,2020-01,2020-03,109
tail_1,,,,110,All,2020-05,2011-01,2020-02,2020-04,110
tail_1,,,,111,All,2020-06,2011-01,2020-03,2020-05,111
tail_1,,,,112,All,2020-07,2011-01,2020-04,2020-06,112
tail_1,,,,113,All,2020-08,2011-01,2020-05,2020-07,113
tail_1,,,,114,All,2020-09,2011-01,2020-06,2020-08,114
tail_1,,,,115,All,2020-10,2011-01,2020-07,2020-09,115
tail_1,,,,116,All,2020-11,2011-01,2020-08,2020-10,116
tail_1,,,,117,All,2020-12,2011-01,2020-09,2020-11,117
tail_1,,,,118,All,2021-01,2011-01,2020-10,2020-12,118
tail_1,,,,119,All,2021-02,2011-01,2020-11,2021-01,119
tail_1,,,,120,All,2021-03,2011-01,2020-12,2021-02,120
tail_1,,,,121,All,2021-04,2011-01,2021-01,2021-03,121
tail_1,,,,122,All,2021-05,2011-01,2021-02,2021-04,122
tail_1,,,,123,All,2021-06,2011-01,2021-03,2021-05,123
tail_1,,,,124,All,2021-07,2011-01,2021-04,2021-06,124
tail_1,,,,125,All,2021-08,2011-01,2021-05,2021-07,125
tail_1,,,,126,All,2021-09,2011-01,2021-06,2021-08,126
tail_1,,,,127,All,2021-10,2011-01,2021-07,2021-09,127
tail_1,,,,128,All,2021-11,2011-01,2021-08,2021-10,128
tail_1,,,,129,All,2021-12,2011-01,2021-09,2021-11,129
tail_1,,,,130,All,2022-01,2011-01,2021-10,2021-12,130
tail_1,,,,131,All,2022-02,2011-01,2021-11,2022-01,131
tail_1,,,,132,All,2022-03,2011-01,2021-12,2022-02,132
tail_1,,,,133,All,2022-04,2011-01,2022-01,2022-03,133
tail_1,,,,134,All,2022-05,2011-01,2022-02,2022-04,134
tail_1,,,,135,All,2022-06,2011-01,2022-03,2022-05,135
tail_1,,,,136,All,2022-07,2011-01,2022-04,2022-06,136
tail_1,,,,137,All,2022-08,2011-01,2022-05,2022-07,137
tail_1,,,,138,All,2022-09,2011-01,2022-06,2022-08,138
tail_1,,,,139,All,2022-10,2011-01,2022-07,2022-09,139
tail_1,,,,140,All,2022-11,2011-01,2022-08,2022-10,140
tail_1,,,,141,All,2022-12,2011-01,2022-09,2022-11,141
tail_1,,,,142,All,2023-01,2011-01,2022-10,2022-12,142
tail_1,,,,143,All,2023-02,2011-01,2022-11,2023-01,143
tail_1,,,,144,All,2023-03,2011-01,2022-12,2023-02,144
tail_1,,,,145,All,2023-04,2011-01,2023-01,2023-03,145
tail_1,,,,146,All,2023-05,2011-01,2023-02,2023-04,146
tail_1,,,,147,All,2023-06,2011-01,2023-03,2023-05,147
tail_1,,,,148,All,2023-07,2011-01,2023-04,2023-06,148
tail_1,,,,149,All,2023-08,2011-01,2023-05,2023-07,149
tail_1,,,,150,All,2023-09,2011-01,2023-06,2023-08,150
tail_1,,,,151,All,2023-10,2011-01,2023-07,2023-09,151
tail_1,,,,152,All,2023-11,2011-01,2023-08,2023-10,152
tail_1,,,,153,All,2023-12,2011-01,2023-09,2023-11,153
tail_1,,,,154,All,2024-01,2011-01,2023-10,2023-12,154
tail_1,,,,155,All,2024-02,2011-01,2023-11,2024-01,155
tail_1,,,,156,All,2024-03,2011-01,2023-12,2024-02,156
tail_1,,,,157,All,2024-04,2011-01,2024-01,2024-03,157
tail_1,,,,158,All,2024-05,2011-01,2024-02,2024-04,158
tail_1,,,,159,All,2024-06,2011-01,2024-03,2024-05,159
tail_1,,,,160,All,2024-07,2011-01,2024-04,2024-06,160
tail_1,,,,161,All,2024-08,2011-01,2024-05,2024-07,161
tail_1,,,,162,All,2024-09,2011-01,2024-06,2024-08,162
tail_1,,,,163,All,2024-10,2011-01,2024-07,2024-09,163
tail_1,,,,164,All,2024-11,2011-01,2024-08,2024-10,164
tail_1,,,,165,All,2024-12,2011-01,2024-09,2024-11,165
tail_1,,,,166,All,2025-01,2011-01,2024-10,2024-12,166
tail_1,,,,167,All,2025-02,2011-01,2024-11,2025-01,167
tail_1,,,,168,All,2025-03,2011-01,2024-12,2025-02,168
tail_1,,,,169,All,2025-04,2011-01,2025-01,2025-03,169
tail_1,,,,170,All,2025-05,2011-01,2025-02,2025-04,170
tail_1,,,,171,All,2025-06,2011-01,2025-03,2025-05,171
tail_1,,,,172,All,2025-07,2011-01,2025-04,2025-06,172
tail_1,,,,173,All,2025-08,2011-01,2025-05,2025-07,173
tail_1,,,,174,All,2025-09,2011-01,2025-06,2025-08,174
tail_1,,,,175,All,2025-10,2011-01,2025-07,2025-09,175
tail_1,,,,176,All,2025-11,2011-01,2025-08,2025-10,176
tail_1,,,,177,All,2025-12,2011-01,2025-09,2025-11,177
tail_1,,,,178,All,2026-01,2011-01,2025-10,2025-12,178
tail_1,,,,179,All,2026-02,2011-01,2025-11,2026-01,179
tail_1,,,,180,All,2026-03,2011-01,2025-12,2026-02,180
tail_1,,,,181,All,2026-04,2011-01,2026-01,2026-03,181
tail_1,,,,182,All,2026-05,2011-01,2026-02,2026-04,182
tail_1,,,,183,All,2026-06,2011-01,2026-03,2026-05,183
tail_1,,,,184,All,2026-07,2011-01,2026-04,2026-06,184
tail_1,,,,185,All,2026-08,2011-01,2026-05,2026-07,185
tail_3,,,,36,Base,2013-05,2010-01,2012-12,2013-04,36
tail_3,,,,37,Base,2013-06,2010-01,2013-01,2013-05,37
tail_3,,,,38,Base,2013-07,2010-01,2013-02,2013-06,38
tail_3,,,,39,Base,2013-08,2010-01,2013-03,2013-07,39
tail_3,,,,40,Base,2013-09,2010-01,2013-04,2013-08,40
tail_3,,,,41,Base,2013-10,2010-01,2013-05,2013-09,41
tail_3,,,,42,Base,2013-11,2010-01,2013-06,2013-10,42
tail_3,,,,43,Base,2013-12,2010-01,2013-07,2013-11,43
tail_3,,,,44,Base,2014-01,2010-01,2013-08,2013-12,44
tail_3,,,,45,Base,2014-02,2010-01,2013-09,2014-01,45
tail_3,,,,46,Base,2014-03,2010-01,2013-10,2014-02,46
tail_3,,,,47,Base,2014-04,2010-01,2013-11,2014-03,47
tail_3,,,,48,Base,2014-05,2010-01,2013-12,2014-04,48
tail_3,,,,49,Base,2014-06,2010-01,2014-01,2014-05,49
tail_3,,,,50,Base,2014-07,2010-01,2014-02,2014-06,50
tail_3,,,,51,Base,2014-08,2010-01,2014-03,2014-07,51
tail_3,,,,52,Base,2014-09,2010-01,2014-04,2014-08,52
tail_3,,,,53,Base,2014-10,2010-01,2014-05,2014-09,53
tail_3,,,,54,Base,2014-11,2010-01,2014-06,2014-10,54
tail_3,,,,55,Base,2014-12,2010-01,2014-07,2014-11,55
tail_3,,,,56,Base,2015-01,2010-01,2014-08,2014-12,56
tail_3,,,,57,Base,2015-02,2010-01,2014-09,2015-01,57
tail_3,,,,58,Base,2015-03,2010-01,2014-10,2015-02,58
tail_3,,,,59,Base,2015-04,2010-01,2014-11,2015-03,59
tail_3,,,,60,Base,2015-05,2010-01,2014-12,2015-04,60
tail_3,,,,61,Base,2015-06,2010-01,2015-01,2015-05,61
tail_3,,,,62,Base,2015-07,2010-01,2015-02,2015-06,62
tail_3,,,,63,Base,2015-08,2010-01,2015-03,2015-07,63
tail_3,,,,64,Base,2015-09,2010-01,2015-04,2015-08,64
tail_3,,,,65,Base,2015-10,2010-01,2015-05,2015-09,65
tail_3,,,,66,Base,2015-11,2010-01,2015-06,2015-10,66
tail_3,,,,67,Base,2015-12,2010-01,2015-07,2015-11,67
tail_3,,,,68,Base,2016-01,2010-01,2015-08,2015-12,68
tail_3,,,,69,Base,2016-02,2010-01,2015-09,2016-01,69
tail_3,,,,70,Base,2016-03,2010-01,2015-10,2016-02,70
tail_3,,,,71,Base,2016-04,2010-01,2015-11,2016-03,71
tail_3,,,,72,Base,2016-05,2010-01,2015-12,2016-04,72
tail_3,,,,73,Base,2016-06,2010-01,2016-01,2016-05,73
tail_3,,,,74,Base,2016-07,2010-01,2016-02,2016-06,74
tail_3,,,,75,Base,2016-08,2010-01,2016-03,2016-07,75
tail_3,,,,76,Base,2016-09,2010-01,2016-04,2016-08,76
tail_3,,,,77,Base,2016-10,2010-01,2016-05,2016-09,77
tail_3,,,,78,Base,2016-11,2010-01,2016-06,2016-10,78
tail_3,,,,79,Base,2016-12,2010-01,2016-07,2016-11,79
tail_3,,,,80,Base,2017-01,2010-01,2016-08,2016-12,80
tail_3,,,,81,Base,2017-02,2010-01,2016-09,2017-01,81
tail_3,,,,82,Base,2017-03,2010-01,2016-10,2017-02,82
tail_3,,,,83,Base,2017-04,2010-01,2016-11,2017-03,83
tail_3,,,,84,Base,2017-05,2010-01,2016-12,2017-04,84
tail_3,,,,85,Base,2017-06,2010-01,2017-01,2017-05,85
tail_3,,,,86,Base,2017-07,2010-01,2017-02,2017-06,86
tail_3,,,,87,Base,2017-08,2010-01,2017-03,2017-07,87
tail_3,,,,88,Base,2017-09,2010-01,2017-04,2017-08,88
tail_3,,,,89,Base,2017-10,2010-01,2017-05,2017-09,89
tail_3,,,,90,Base,2017-11,2010-01,2017-06,2017-10,90
tail_3,,,,91,Base,2017-12,2010-01,2017-07,2017-11,91
tail_3,,,,92,Base,2018-01,2010-01,2017-08,2017-12,92
tail_3,,,,93,Base,2018-02,2010-01,2017-09,2018-01,93
tail_3,,,,94,Base,2018-03,2010-01,2017-10,2018-02,94
tail_3,,,,95,Base,2018-04,2010-01,2017-11,2018-03,95
tail_3,,,,96,Base,2018-05,2010-01,2017-12,2018-04,96
tail_3,,,,97,Base,2018-06,2010-01,2018-01,2018-05,97
tail_3,,,,98,Base,2018-07,2010-01,2018-02,2018-06,98
tail_3,,,,99,Base,2018-08,2010-01,2018-03,2018-07,99
tail_3,,,,100,Base,2018-09,2010-01,2018-04,2018-08,100
tail_3,,,,101,Base,2018-10,2010-01,2018-05,2018-09,101
tail_3,,,,102,Base,2018-11,2010-01,2018-06,2018-10,102
tail_3,,,,103,Base,2018-12,2010-01,2018-07,2018-11,103
tail_3,,,,104,Base,2019-01,2010-01,2018-08,2018-12,104
tail_3,,,,105,Base,2019-02,2010-01,2018-09,2019-01,105
tail_3,,,,106,Base,2019-03,2010-01,2018-10,2019-02,106
tail_3,,,,107,Base,2019-04,2010-01,2018-11,2019-03,107
tail_3,,,,108,Base,2019-05,2010-01,2018-12,2019-04,108
tail_3,,,,109,Base,2019-06,2010-01,2019-01,2019-05,109
tail_3,,,,110,Base,2019-07,2010-01,2019-02,2019-06,110
tail_3,,,,111,Base,2019-08,2010-01,2019-03,2019-07,111
tail_3,,,,112,Base,2019-09,2010-01,2019-04,2019-08,112
tail_3,,,,113,Base,2019-10,2010-01,2019-05,2019-09,113
tail_3,,,,114,Base,2019-11,2010-01,2019-06,2019-10,114
tail_3,,,,115,Base,2019-12,2010-01,2019-07,2019-11,115
tail_3,,,,116,Base,2020-01,2010-01,2019-08,2019-12,116
tail_3,,,,117,Base,2020-02,2010-01,2019-09,2020-01,117
tail_3,,,,118,Base,2020-03,2010-01,2019-10,2020-02,118
tail_3,,,,119,Base,2020-04,2010-01,2019-11,2020-03,119
tail_3,,,,120,Base,2020-05,2010-01,2019-12,2020-04,120
tail_3,,,,121,Base,2020-06,2010-01,2020-01,2020-05,121
tail_3,,,,122,Base,2020-07,2010-01,2020-02,2020-06,122
tail_3,,,,123,Base,2020-08,2010-01,2020-03,2020-07,123
tail_3,,,,124,Base,2020-09,2010-01,2020-04,2020-08,124
tail_3,,,,125,Base,2020-10,2010-01,2020-05,2020-09,125
tail_3,,,,126,Base,2020-11,2010-01,2020-06,2020-10,126
tail_3,,,,127,Base,2020-12,2010-01,2020-07,2020-11,127
tail_3,,,,128,Base,2021-01,2010-01,2020-08,2020-12,128
tail_3,,,,129,Base,2021-02,2010-01,2020-09,2021-01,129
tail_3,,,,130,Base,2021-03,2010-01,2020-10,2021-02,130
tail_3,,,,131,Base,2021-04,2010-01,2020-11,2021-03,131
tail_3,,,,132,Base,2021-05,2010-01,2020-12,2021-04,132
tail_3,,,,133,Base,2021-06,2010-01,2021-01,2021-05,133
tail_3,,,,134,Base,2021-07,2010-01,2021-02,2021-06,134
tail_3,,,,135,Base,2021-08,2010-01,2021-03,2021-07,135
tail_3,,,,136,Base,2021-09,2010-01,2021-04,2021-08,136
tail_3,,,,137,Base,2021-10,2010-01,2021-05,2021-09,137
tail_3,,,,138,Base,2021-11,2010-01,2021-06,2021-10,138
tail_3,,,,139,Base,2021-12,2010-01,2021-07,2021-11,139
tail_3,,,,140,Base,2022-01,2010-01,2021-08,2021-12,140
tail_3,,,,141,Base,2022-02,2010-01,2021-09,2022-01,141
tail_3,,,,142,Base,2022-03,2010-01,2021-10,2022-02,142
tail_3,,,,143,Base,2022-04,2010-01,2021-11,2022-03,143
tail_3,,,,144,Base,2022-05,2010-01,2021-12,2022-04,144
tail_3,,,,145,Base,2022-06,2010-01,2022-01,2022-05,145
tail_3,,,,146,Base,2022-07,2010-01,2022-02,2022-06,146
tail_3,,,,147,Base,2022-08,2010-01,2022-03,2022-07,147
tail_3,,,,148,Base,2022-09,2010-01,2022-04,2022-08,148
tail_3,,,,149,Base,2022-10,2010-01,2022-05,2022-09,149
tail_3,,,,150,Base,2022-11,2010-01,2022-06,2022-10,150
tail_3,,,,151,Base,2022-12,2010-01,2022-07,2022-11,151
tail_3,,,,152,Base,2023-01,2010-01,2022-08,2022-12,152
tail_3,,,,153,Base,2023-02,2010-01,2022-09,2023-01,153
tail_3,,,,154,Base,2023-03,2010-01,2022-10,2023-02,154
tail_3,,,,155,Base,2023-04,2010-01,2022-11,2023-03,155
tail_3,,,,156,Base,2023-05,2010-01,2022-12,2023-04,156
tail_3,,,,157,Base,2023-06,2010-01,2023-01,2023-05,157
tail_3,,,,158,Base,2023-07,2010-01,2023-02,2023-06,158
tail_3,,,,159,Base,2023-08,2010-01,2023-03,2023-07,159
tail_3,,,,160,Base,2023-09,2010-01,2023-04,2023-08,160
tail_3,,,,161,Base,2023-10,2010-01,2023-05,2023-09,161
tail_3,,,,162,Base,2023-11,2010-01,2023-06,2023-10,162
tail_3,,,,163,Base,2023-12,2010-01,2023-07,2023-11,163
tail_3,,,,164,Base,2024-01,2010-01,2023-08,2023-12,164
tail_3,,,,165,Base,2024-02,2010-01,2023-09,2024-01,165
tail_3,,,,166,Base,2024-03,2010-01,2023-10,2024-02,166
tail_3,,,,167,Base,2024-04,2010-01,2023-11,2024-03,167
tail_3,,,,168,Base,2024-05,2010-01,2023-12,2024-04,168
tail_3,,,,169,Base,2024-06,2010-01,2024-01,2024-05,169
tail_3,,,,170,Base,2024-07,2010-01,2024-02,2024-06,170
tail_3,,,,171,Base,2024-08,2010-01,2024-03,2024-07,171
tail_3,,,,172,Base,2024-09,2010-01,2024-04,2024-08,172
tail_3,,,,173,Base,2024-10,2010-01,2024-05,2024-09,173
tail_3,,,,174,Base,2024-11,2010-01,2024-06,2024-10,174
tail_3,,,,175,Base,2024-12,2010-01,2024-07,2024-11,175
tail_3,,,,176,Base,2025-01,2010-01,2024-08,2024-12,176
tail_3,,,,177,Base,2025-02,2010-01,2024-09,2025-01,177
tail_3,,,,178,Base,2025-03,2010-01,2024-10,2025-02,178
tail_3,,,,179,Base,2025-04,2010-01,2024-11,2025-03,179
tail_3,,,,180,Base,2025-05,2010-01,2024-12,2025-04,180
tail_3,,,,181,Base,2025-06,2010-01,2025-01,2025-05,181
tail_3,,,,182,Base,2025-07,2010-01,2025-02,2025-06,182
tail_3,,,,183,Base,2025-08,2010-01,2025-03,2025-07,183
tail_3,,,,184,Base,2025-09,2010-01,2025-04,2025-08,184
tail_3,,,,185,Base,2025-10,2010-01,2025-05,2025-09,185
tail_3,,,,186,Base,2025-11,2010-01,2025-06,2025-10,186
tail_3,,,,187,Base,2025-12,2010-01,2025-07,2025-11,187
tail_3,,,,188,Base,2026-01,2010-01,2025-08,2025-12,188
tail_3,,,,189,Base,2026-02,2010-01,2025-09,2026-01,189
tail_3,,,,190,Base,2026-03,2010-01,2025-10,2026-02,190
tail_3,,,,191,Base,2026-04,2010-01,2025-11,2026-03,191
tail_3,,,,192,Base,2026-05,2010-01,2025-12,2026-04,192
tail_3,,,,193,Base,2026-06,2010-01,2026-01,2026-05,193
tail_3,,,,194,Base,2026-07,2010-01,2026-02,2026-06,194
tail_3,,,,195,Base,2026-08,2010-01,2026-03,2026-07,195
tail_3,,,,36,fixed,2013-05,2010-01,2012-12,2013-04,36
tail_3,,,,37,fixed,2013-06,2010-01,2013-01,2013-05,37
tail_3,,,,38,fixed,2013-07,2010-01,2013-02,2013-06,38
tail_3,,,,39,fixed,2013-08,2010-01,2013-03,2013-07,39
tail_3,,,,40,fixed,2013-09,2010-01,2013-04,2013-08,40
tail_3,,,,41,fixed,2013-10,2010-01,2013-05,2013-09,41
tail_3,,,,42,fixed,2013-11,2010-01,2013-06,2013-10,42
tail_3,,,,43,fixed,2013-12,2010-01,2013-07,2013-11,43
tail_3,,,,44,fixed,2014-01,2010-01,2013-08,2013-12,44
tail_3,,,,45,fixed,2014-02,2010-01,2013-09,2014-01,45
tail_3,,,,46,fixed,2014-03,2010-01,2013-10,2014-02,46
tail_3,,,,47,fixed,2014-04,2010-01,2013-11,2014-03,47
tail_3,,,,48,fixed,2014-05,2010-01,2013-12,2014-04,48
tail_3,,,,49,fixed,2014-06,2010-01,2014-01,2014-05,49
tail_3,,,,50,fixed,2014-07,2010-01,2014-02,2014-06,50
tail_3,,,,51,fixed,2014-08,2010-01,2014-03,2014-07,51
tail_3,,,,52,fixed,2014-09,2010-01,2014-04,2014-08,52
tail_3,,,,53,fixed,2014-10,2010-01,2014-05,2014-09,53
tail_3,,,,54,fixed,2014-11,2010-01,2014-06,2014-10,54
tail_3,,,,55,fixed,2014-12,2010-01,2014-07,2014-11,55
tail_3,,,,56,fixed,2015-01,2010-01,2014-08,2014-12,56
tail_3,,,,57,fixed,2015-02,2010-01,2014-09,2015-01,57
tail_3,,,,58,fixed,2015-03,2010-01,2014-10,2015-02,58
tail_3,,,,59,fixed,2015-04,2010-01,2014-11,2015-03,59
tail_3,,,,60,fixed,2015-05,2010-01,2014-12,2015-04,60
tail_3,,,,61,fixed,2015-06,2010-01,2015-01,2015-05,61
tail_3,,,,62,fixed,2015-07,2010-01,2015-02,2015-06,62
tail_3,,,,63,fixed,2015-08,2010-01,2015-03,2015-07,63
tail_3,,,,64,fixed,2015-09,2010-01,2015-04,2015-08,64
tail_3,,,,65,fixed,2015-10,2010-01,2015-05,2015-09,65
tail_3,,,,66,fixed,2015-11,2010-01,2015-06,2015-10,66
tail_3,,,,67,fixed,2015-12,2010-01,2015-07,2015-11,67
tail_3,,,,68,fixed,2016-01,2010-01,2015-08,2015-12,68
tail_3,,,,69,fixed,2016-02,2010-01,2015-09,2016-01,69
tail_3,,,,70,fixed,2016-03,2010-01,2015-10,2016-02,70
tail_3,,,,71,fixed,2016-04,2010-01,2015-11,2016-03,71
tail_3,,,,72,fixed,2016-05,2010-01,2015-12,2016-04,72
tail_3,,,,73,fixed,2016-06,2010-01,2016-01,2016-05,73
tail_3,,,,74,fixed,2016-07,2010-01,2016-02,2016-06,74
tail_3,,,,75,fixed,2016-08,2010-01,2016-03,2016-07,75
tail_3,,,,76,fixed,2016-09,2010-01,2016-04,2016-08,76
tail_3,,,,77,fixed,2016-10,2010-01,2016-05,2016-09,77
tail_3,,,,78,fixed,2016-11,2010-01,2016-06,2016-10,78
tail_3,,,,79,fixed,2016-12,2010-01,2016-07,2016-11,79
tail_3,,,,80,fixed,2017-01,2010-01,2016-08,2016-12,80
tail_3,,,,81,fixed,2017-02,2010-01,2016-09,2017-01,81
tail_3,,,,82,fixed,2017-03,2010-01,2016-10,2017-02,82
tail_3,,,,83,fixed,2017-04,2010-01,2016-11,2017-03,83
tail_3,,,,84,fixed,2017-05,2010-01,2016-12,2017-04,84
tail_3,,,,85,fixed,2017-06,2010-01,2017-01,2017-05,85
tail_3,,,,86,fixed,2017-07,2010-01,2017-02,2017-06,86
tail_3,,,,87,fixed,2017-08,2010-01,2017-03,2017-07,87
tail_3,,,,88,fixed,2017-09,2010-01,2017-04,2017-08,88
tail_3,,,,89,fixed,2017-10,2010-01,2017-05,2017-09,89
tail_3,,,,90,fixed,2017-11,2010-01,2017-06,2017-10,90
tail_3,,,,91,fixed,2017-12,2010-01,2017-07,2017-11,91
tail_3,,,,92,fixed,2018-01,2010-01,2017-08,2017-12,92
tail_3,,,,93,fixed,2018-02,2010-01,2017-09,2018-01,93
tail_3,,,,94,fixed,2018-03,2010-01,2017-10,2018-02,94
tail_3,,,,95,fixed,2018-04,2010-01,2017-11,2018-03,95
tail_3,,,,96,fixed,2018-05,2010-01,2017-12,2018-04,96
tail_3,,,,97,fixed,2018-06,2010-01,2018-01,2018-05,97
tail_3,,,,98,fixed,2018-07,2010-01,2018-02,2018-06,98
tail_3,,,,99,fixed,2018-08,2010-01,2018-03,2018-07,99
tail_3,,,,100,fixed,2018-09,2010-01,2018-04,2018-08,100
tail_3,,,,101,fixed,2018-10,2010-01,2018-05,2018-09,101
tail_3,,,,102,fixed,2018-11,2010-01,2018-06,2018-10,102
tail_3,,,,103,fixed,2018-12,2010-01,2018-07,2018-11,103
tail_3,,,,104,fixed,2019-01,2010-01,2018-08,2018-12,104
tail_3,,,,105,fixed,2019-02,2010-01,2018-09,2019-01,105
tail_3,,,,106,fixed,2019-03,2010-01,2018-10,2019-02,106
tail_3,,,,107,fixed,2019-04,2010-01,2018-11,2019-03,107
tail_3,,,,108,fixed,2019-05,2010-01,2018-12,2019-04,108
tail_3,,,,109,fixed,2019-06,2010-01,2019-01,2019-05,109
tail_3,,,,110,fixed,2019-07,2010-01,2019-02,2019-06,110
tail_3,,,,111,fixed,2019-08,2010-01,2019-03,2019-07,111
tail_3,,,,112,fixed,2019-09,2010-01,2019-04,2019-08,112
tail_3,,,,113,fixed,2019-10,2010-01,2019-05,2019-09,113
tail_3,,,,114,fixed,2019-11,2010-01,2019-06,2019-10,114
tail_3,,,,115,fixed,2019-12,2010-01,2019-07,2019-11,115
tail_3,,,,116,fixed,2020-01,2010-01,2019-08,2019-12,116
tail_3,,,,117,fixed,2020-02,2010-01,2019-09,2020-01,117
tail_3,,,,118,fixed,2020-03,2010-01,2019-10,2020-02,118
tail_3,,,,119,fixed,2020-04,2010-01,2019-11,2020-03,119
tail_3,,,,120,fixed,2020-05,2010-01,2019-12,2020-04,120
tail_3,,,,121,fixed,2020-06,2010-01,2020-01,2020-05,121
tail_3,,,,122,fixed,2020-07,2010-01,2020-02,2020-06,122
tail_3,,,,123,fixed,2020-08,2010-01,2020-03,2020-07,123
tail_3,,,,124,fixed,2020-09,2010-01,2020-04,2020-08,124
tail_3,,,,125,fixed,2020-10,2010-01,2020-05,2020-09,125
tail_3,,,,126,fixed,2020-11,2010-01,2020-06,2020-10,126
tail_3,,,,127,fixed,2020-12,2010-01,2020-07,2020-11,127
tail_3,,,,128,fixed,2021-01,2010-01,2020-08,2020-12,128
tail_3,,,,129,fixed,2021-02,2010-01,2020-09,2021-01,129
tail_3,,,,130,fixed,2021-03,2010-01,2020-10,2021-02,130
tail_3,,,,131,fixed,2021-04,2010-01,2020-11,2021-03,131
tail_3,,,,132,fixed,2021-05,2010-01,2020-12,2021-04,132
tail_3,,,,133,fixed,2021-06,2010-01,2021-01,2021-05,133
tail_3,,,,134,fixed,2021-07,2010-01,2021-02,2021-06,134
tail_3,,,,135,fixed,2021-08,2010-01,2021-03,2021-07,135
tail_3,,,,136,fixed,2021-09,2010-01,2021-04,2021-08,136
tail_3,,,,137,fixed,2021-10,2010-01,2021-05,2021-09,137
tail_3,,,,138,fixed,2021-11,2010-01,2021-06,2021-10,138
tail_3,,,,139,fixed,2021-12,2010-01,2021-07,2021-11,139
tail_3,,,,140,fixed,2022-01,2010-01,2021-08,2021-12,140
tail_3,,,,141,fixed,2022-02,2010-01,2021-09,2022-01,141
tail_3,,,,142,fixed,2022-03,2010-01,2021-10,2022-02,142
tail_3,,,,143,fixed,2022-04,2010-01,2021-11,2022-03,143
tail_3,,,,144,fixed,2022-05,2010-01,2021-12,2022-04,144
tail_3,,,,145,fixed,2022-06,2010-01,2022-01,2022-05,145
tail_3,,,,146,fixed,2022-07,2010-01,2022-02,2022-06,146
tail_3,,,,147,fixed,2022-08,2010-01,2022-03,2022-07,147
tail_3,,,,148,fixed,2022-09,2010-01,2022-04,2022-08,148
tail_3,,,,149,fixed,2022-10,2010-01,2022-05,2022-09,149
tail_3,,,,150,fixed,2022-11,2010-01,2022-06,2022-10,150
tail_3,,,,151,fixed,2022-12,2010-01,2022-07,2022-11,151
tail_3,,,,152,fixed,2023-01,2010-01,2022-08,2022-12,152
tail_3,,,,153,fixed,2023-02,2010-01,2022-09,2023-01,153
tail_3,,,,154,fixed,2023-03,2010-01,2022-10,2023-02,154
tail_3,,,,155,fixed,2023-04,2010-01,2022-11,2023-03,155
tail_3,,,,156,fixed,2023-05,2010-01,2022-12,2023-04,156
tail_3,,,,157,fixed,2023-06,2010-01,2023-01,2023-05,157
tail_3,,,,158,fixed,2023-07,2010-01,2023-02,2023-06,158
tail_3,,,,159,fixed,2023-08,2010-01,2023-03,2023-07,159
tail_3,,,,160,fixed,2023-09,2010-01,2023-04,2023-08,160
tail_3,,,,161,fixed,2023-10,2010-01,2023-05,2023-09,161
tail_3,,,,162,fixed,2023-11,2010-01,2023-06,2023-10,162
tail_3,,,,163,fixed,2023-12,2010-01,2023-07,2023-11,163
tail_3,,,,164,fixed,2024-01,2010-01,2023-08,2023-12,164
tail_3,,,,165,fixed,2024-02,2010-01,2023-09,2024-01,165
tail_3,,,,166,fixed,2024-03,2010-01,2023-10,2024-02,166
tail_3,,,,167,fixed,2024-04,2010-01,2023-11,2024-03,167
tail_3,,,,168,fixed,2024-05,2010-01,2023-12,2024-04,168
tail_3,,,,169,fixed,2024-06,2010-01,2024-01,2024-05,169
tail_3,,,,170,fixed,2024-07,2010-01,2024-02,2024-06,170
tail_3,,,,171,fixed,2024-08,2010-01,2024-03,2024-07,171
tail_3,,,,172,fixed,2024-09,2010-01,2024-04,2024-08,172
tail_3,,,,173,fixed,2024-10,2010-01,2024-05,2024-09,173
tail_3,,,,174,fixed,2024-11,2010-01,2024-06,2024-10,174
tail_3,,,,175,fixed,2024-12,2010-01,2024-07,2024-11,175
tail_3,,,,176,fixed,2025-01,2010-01,2024-08,2024-12,176
tail_3,,,,177,fixed,2025-02,2010-01,2024-09,2025-01,177
tail_3,,,,178,fixed,2025-03,2010-01,2024-10,2025-02,178
tail_3,,,,179,fixed,2025-04,2010-01,2024-11,2025-03,179
tail_3,,,,180,fixed,2025-05,2010-01,2024-12,2025-04,180
tail_3,,,,181,fixed,2025-06,2010-01,2025-01,2025-05,181
tail_3,,,,182,fixed,2025-07,2010-01,2025-02,2025-06,182
tail_3,,,,183,fixed,2025-08,2010-01,2025-03,2025-07,183
tail_3,,,,184,fixed,2025-09,2010-01,2025-04,2025-08,184
tail_3,,,,185,fixed,2025-10,2010-01,2025-05,2025-09,185
tail_3,,,,186,fixed,2025-11,2010-01,2025-06,2025-10,186
tail_3,,,,187,fixed,2025-12,2010-01,2025-07,2025-11,187
tail_3,,,,188,fixed,2026-01,2010-01,2025-08,2025-12,188
tail_3,,,,189,fixed,2026-02,2010-01,2025-09,2026-01,189
tail_3,,,,190,fixed,2026-03,2010-01,2025-10,2026-02,190
tail_3,,,,191,fixed,2026-04,2010-01,2025-11,2026-03,191
tail_3,,,,192,fixed,2026-05,2010-01,2025-12,2026-04,192
tail_3,,,,193,fixed,2026-06,2010-01,2026-01,2026-05,193
tail_3,,,,194,fixed,2026-07,2010-01,2026-02,2026-06,194
tail_3,,,,195,fixed,2026-08,2010-01,2026-03,2026-07,195
tail_3,,,,36,dynamic,2013-05,2010-01,2012-12,2013-04,36
tail_3,,,,37,dynamic,2013-06,2010-01,2013-01,2013-05,37
tail_3,,,,38,dynamic,2013-07,2010-01,2013-02,2013-06,38
tail_3,,,,39,dynamic,2013-08,2010-01,2013-03,2013-07,39
tail_3,,,,40,dynamic,2013-09,2010-01,2013-04,2013-08,40
tail_3,,,,41,dynamic,2013-10,2010-01,2013-05,2013-09,41
tail_3,,,,42,dynamic,2013-11,2010-01,2013-06,2013-10,42
tail_3,,,,43,dynamic,2013-12,2010-01,2013-07,2013-11,43
tail_3,,,,44,dynamic,2014-01,2010-01,2013-08,2013-12,44
tail_3,,,,45,dynamic,2014-02,2010-01,2013-09,2014-01,45
tail_3,,,,46,dynamic,2014-03,2010-01,2013-10,2014-02,46
tail_3,,,,47,dynamic,2014-04,2010-01,2013-11,2014-03,47
tail_3,,,,48,dynamic,2014-05,2010-01,2013-12,2014-04,48
tail_3,,,,49,dynamic,2014-06,2010-01,2014-01,2014-05,49
tail_3,,,,50,dynamic,2014-07,2010-01,2014-02,2014-06,50
tail_3,,,,51,dynamic,2014-08,2010-01,2014-03,2014-07,51
tail_3,,,,52,dynamic,2014-09,2010-01,2014-04,2014-08,52
tail_3,,,,53,dynamic,2014-10,2010-01,2014-05,2014-09,53
tail_3,,,,54,dynamic,2014-11,2010-01,2014-06,2014-10,54
tail_3,,,,55,dynamic,2014-12,2010-01,2014-07,2014-11,55
tail_3,,,,56,dynamic,2015-01,2010-01,2014-08,2014-12,56
tail_3,,,,57,dynamic,2015-02,2010-01,2014-09,2015-01,57
tail_3,,,,58,dynamic,2015-03,2010-01,2014-10,2015-02,58
tail_3,,,,59,dynamic,2015-04,2010-01,2014-11,2015-03,59
tail_3,,,,60,dynamic,2015-05,2010-01,2014-12,2015-04,60
tail_3,,,,61,dynamic,2015-06,2010-01,2015-01,2015-05,61
tail_3,,,,62,dynamic,2015-07,2010-01,2015-02,2015-06,62
tail_3,,,,63,dynamic,2015-08,2010-01,2015-03,2015-07,63
tail_3,,,,64,dynamic,2015-09,2010-01,2015-04,2015-08,64
tail_3,,,,65,dynamic,2015-10,2010-01,2015-05,2015-09,65
tail_3,,,,66,dynamic,2015-11,2010-01,2015-06,2015-10,66
tail_3,,,,67,dynamic,2015-12,2010-01,2015-07,2015-11,67
tail_3,,,,68,dynamic,2016-01,2010-01,2015-08,2015-12,68
tail_3,,,,69,dynamic,2016-02,2010-01,2015-09,2016-01,69
tail_3,,,,70,dynamic,2016-03,2010-01,2015-10,2016-02,70
tail_3,,,,71,dynamic,2016-04,2010-01,2015-11,2016-03,71
tail_3,,,,72,dynamic,2016-05,2010-01,2015-12,2016-04,72
tail_3,,,,73,dynamic,2016-06,2010-01,2016-01,2016-05,73
tail_3,,,,74,dynamic,2016-07,2010-01,2016-02,2016-06,74
tail_3,,,,75,dynamic,2016-08,2010-01,2016-03,2016-07,75
tail_3,,,,76,dynamic,2016-09,2010-01,2016-04,2016-08,76
tail_3,,,,77,dynamic,2016-10,2010-01,2016-05,2016-09,77
tail_3,,,,78,dynamic,2016-11,2010-01,2016-06,2016-10,78
tail_3,,,,79,dynamic,2016-12,2010-01,2016-07,2016-11,79
tail_3,,,,80,dynamic,2017-01,2010-01,2016-08,2016-12,80
tail_3,,,,81,dynamic,2017-02,2010-01,2016-09,2017-01,81
tail_3,,,,82,dynamic,2017-03,2010-01,2016-10,2017-02,82
tail_3,,,,83,dynamic,2017-04,2010-01,2016-11,2017-03,83
tail_3,,,,84,dynamic,2017-05,2010-01,2016-12,2017-04,84
tail_3,,,,85,dynamic,2017-06,2010-01,2017-01,2017-05,85
tail_3,,,,86,dynamic,2017-07,2010-01,2017-02,2017-06,86
tail_3,,,,87,dynamic,2017-08,2010-01,2017-03,2017-07,87
tail_3,,,,88,dynamic,2017-09,2010-01,2017-04,2017-08,88
tail_3,,,,89,dynamic,2017-10,2010-01,2017-05,2017-09,89
tail_3,,,,90,dynamic,2017-11,2010-01,2017-06,2017-10,90
tail_3,,,,91,dynamic,2017-12,2010-01,2017-07,2017-11,91
tail_3,,,,92,dynamic,2018-01,2010-01,2017-08,2017-12,92
tail_3,,,,93,dynamic,2018-02,2010-01,2017-09,2018-01,93
tail_3,,,,94,dynamic,2018-03,2010-01,2017-10,2018-02,94
tail_3,,,,95,dynamic,2018-04,2010-01,2017-11,2018-03,95
tail_3,,,,96,dynamic,2018-05,2010-01,2017-12,2018-04,96
tail_3,,,,97,dynamic,2018-06,2010-01,2018-01,2018-05,97
tail_3,,,,98,dynamic,2018-07,2010-01,2018-02,2018-06,98
tail_3,,,,99,dynamic,2018-08,2010-01,2018-03,2018-07,99
tail_3,,,,100,dynamic,2018-09,2010-01,2018-04,2018-08,100
tail_3,,,,101,dynamic,2018-10,2010-01,2018-05,2018-09,101
tail_3,,,,102,dynamic,2018-11,2010-01,2018-06,2018-10,102
tail_3,,,,103,dynamic,2018-12,2010-01,2018-07,2018-11,103
tail_3,,,,104,dynamic,2019-01,2010-01,2018-08,2018-12,104
tail_3,,,,105,dynamic,2019-02,2010-01,2018-09,2019-01,105
tail_3,,,,106,dynamic,2019-03,2010-01,2018-10,2019-02,106
tail_3,,,,107,dynamic,2019-04,2010-01,2018-11,2019-03,107
tail_3,,,,108,dynamic,2019-05,2010-01,2018-12,2019-04,108
tail_3,,,,109,dynamic,2019-06,2010-01,2019-01,2019-05,109
tail_3,,,,110,dynamic,2019-07,2010-01,2019-02,2019-06,110
tail_3,,,,111,dynamic,2019-08,2010-01,2019-03,2019-07,111
tail_3,,,,112,dynamic,2019-09,2010-01,2019-04,2019-08,112
tail_3,,,,113,dynamic,2019-10,2010-01,2019-05,2019-09,113
tail_3,,,,114,dynamic,2019-11,2010-01,2019-06,2019-10,114
tail_3,,,,115,dynamic,2019-12,2010-01,2019-07,2019-11,115
tail_3,,,,116,dynamic,2020-01,2010-01,2019-08,2019-12,116
tail_3,,,,117,dynamic,2020-02,2010-01,2019-09,2020-01,117
tail_3,,,,118,dynamic,2020-03,2010-01,2019-10,2020-02,118
tail_3,,,,119,dynamic,2020-04,2010-01,2019-11,2020-03,119
tail_3,,,,120,dynamic,2020-05,2010-01,2019-12,2020-04,120
tail_3,,,,121,dynamic,2020-06,2010-01,2020-01,2020-05,121
tail_3,,,,122,dynamic,2020-07,2010-01,2020-02,2020-06,122
tail_3,,,,123,dynamic,2020-08,2010-01,2020-03,2020-07,123
tail_3,,,,124,dynamic,2020-09,2010-01,2020-04,2020-08,124
tail_3,,,,125,dynamic,2020-10,2010-01,2020-05,2020-09,125
tail_3,,,,126,dynamic,2020-11,2010-01,2020-06,2020-10,126
tail_3,,,,127,dynamic,2020-12,2010-01,2020-07,2020-11,127
tail_3,,,,128,dynamic,2021-01,2010-01,2020-08,2020-12,128
tail_3,,,,129,dynamic,2021-02,2010-01,2020-09,2021-01,129
tail_3,,,,130,dynamic,2021-03,2010-01,2020-10,2021-02,130
tail_3,,,,131,dynamic,2021-04,2010-01,2020-11,2021-03,131
tail_3,,,,132,dynamic,2021-05,2010-01,2020-12,2021-04,132
tail_3,,,,133,dynamic,2021-06,2010-01,2021-01,2021-05,133
tail_3,,,,134,dynamic,2021-07,2010-01,2021-02,2021-06,134
tail_3,,,,135,dynamic,2021-08,2010-01,2021-03,2021-07,135
tail_3,,,,136,dynamic,2021-09,2010-01,2021-04,2021-08,136
tail_3,,,,137,dynamic,2021-10,2010-01,2021-05,2021-09,137
tail_3,,,,138,dynamic,2021-11,2010-01,2021-06,2021-10,138
tail_3,,,,139,dynamic,2021-12,2010-01,2021-07,2021-11,139
tail_3,,,,140,dynamic,2022-01,2010-01,2021-08,2021-12,140
tail_3,,,,141,dynamic,2022-02,2010-01,2021-09,2022-01,141
tail_3,,,,142,dynamic,2022-03,2010-01,2021-10,2022-02,142
tail_3,,,,143,dynamic,2022-04,2010-01,2021-11,2022-03,143
tail_3,,,,144,dynamic,2022-05,2010-01,2021-12,2022-04,144
tail_3,,,,145,dynamic,2022-06,2010-01,2022-01,2022-05,145
tail_3,,,,146,dynamic,2022-07,2010-01,2022-02,2022-06,146
tail_3,,,,147,dynamic,2022-08,2010-01,2022-03,2022-07,147
tail_3,,,,148,dynamic,2022-09,2010-01,2022-04,2022-08,148
tail_3,,,,149,dynamic,2022-10,2010-01,2022-05,2022-09,149
tail_3,,,,150,dynamic,2022-11,2010-01,2022-06,2022-10,150
tail_3,,,,151,dynamic,2022-12,2010-01,2022-07,2022-11,151
tail_3,,,,152,dynamic,2023-01,2010-01,2022-08,2022-12,152
tail_3,,,,153,dynamic,2023-02,2010-01,2022-09,2023-01,153
tail_3,,,,154,dynamic,2023-03,2010-01,2022-10,2023-02,154
tail_3,,,,155,dynamic,2023-04,2010-01,2022-11,2023-03,155
tail_3,,,,156,dynamic,2023-05,2010-01,2022-12,2023-04,156
tail_3,,,,157,dynamic,2023-06,2010-01,2023-01,2023-05,157
tail_3,,,,158,dynamic,2023-07,2010-01,2023-02,2023-06,158
tail_3,,,,159,dynamic,2023-08,2010-01,2023-03,2023-07,159
tail_3,,,,160,dynamic,2023-09,2010-01,2023-04,2023-08,160
tail_3,,,,161,dynamic,2023-10,2010-01,2023-05,2023-09,161
tail_3,,,,162,dynamic,2023-11,2010-01,2023-06,2023-10,162
tail_3,,,,163,dynamic,2023-12,2010-01,2023-07,2023-11,163
tail_3,,,,164,dynamic,2024-01,2010-01,2023-08,2023-12,164
tail_3,,,,165,dynamic,2024-02,2010-01,2023-09,2024-01,165
tail_3,,,,166,dynamic,2024-03,2010-01,2023-10,2024-02,166
tail_3,,,,167,dynamic,2024-04,2010-01,2023-11,2024-03,167
tail_3,,,,168,dynamic,2024-05,2010-01,2023-12,2024-04,168
tail_3,,,,169,dynamic,2024-06,2010-01,2024-01,2024-05,169
tail_3,,,,170,dynamic,2024-07,2010-01,2024-02,2024-06,170
tail_3,,,,171,dynamic,2024-08,2010-01,2024-03,2024-07,171
tail_3,,,,172,dynamic,2024-09,2010-01,2024-04,2024-08,172
tail_3,,,,173,dynamic,2024-10,2010-01,2024-05,2024-09,173
tail_3,,,,174,dynamic,2024-11,2010-01,2024-06,2024-10,174
tail_3,,,,175,dynamic,2024-12,2010-01,2024-07,2024-11,175
tail_3,,,,176,dynamic,2025-01,2010-01,2024-08,2024-12,176
tail_3,,,,177,dynamic,2025-02,2010-01,2024-09,2025-01,177
tail_3,,,,178,dynamic,2025-03,2010-01,2024-10,2025-02,178
tail_3,,,,179,dynamic,2025-04,2010-01,2024-11,2025-03,179
tail_3,,,,180,dynamic,2025-05,2010-01,2024-12,2025-04,180
tail_3,,,,181,dynamic,2025-06,2010-01,2025-01,2025-05,181
tail_3,,,,182,dynamic,2025-07,2010-01,2025-02,2025-06,182
tail_3,,,,183,dynamic,2025-08,2010-01,2025-03,2025-07,183
tail_3,,,,184,dynamic,2025-09,2010-01,2025-04,2025-08,184
tail_3,,,,185,dynamic,2025-10,2010-01,2025-05,2025-09,185
tail_3,,,,186,dynamic,2025-11,2010-01,2025-06,2025-10,186
tail_3,,,,187,dynamic,2025-12,2010-01,2025-07,2025-11,187
tail_3,,,,188,dynamic,2026-01,2010-01,2025-08,2025-12,188
tail_3,,,,189,dynamic,2026-02,2010-01,2025-09,2026-01,189
tail_3,,,,190,dynamic,2026-03,2010-01,2025-10,2026-02,190
tail_3,,,,191,dynamic,2026-04,2010-01,2025-11,2026-03,191
tail_3,,,,192,dynamic,2026-05,2010-01,2025-12,2026-04,192
tail_3,,,,193,dynamic,2026-06,2010-01,2026-01,2026-05,193
tail_3,,,,194,dynamic,2026-07,2010-01,2026-02,2026-06,194
tail_3,,,,195,dynamic,2026-08,2010-01,2026-03,2026-07,195
tail_3,,,,36,annual,2013-05,2010-01,2012-12,2013-04,36
tail_3,,,,37,annual,2013-06,2010-01,2013-01,2013-05,37
tail_3,,,,38,annual,2013-07,2010-01,2013-02,2013-06,38
tail_3,,,,39,annual,2013-08,2010-01,2013-03,2013-07,39
tail_3,,,,40,annual,2013-09,2010-01,2013-04,2013-08,40
tail_3,,,,41,annual,2013-10,2010-01,2013-05,2013-09,41
tail_3,,,,42,annual,2013-11,2010-01,2013-06,2013-10,42
tail_3,,,,43,annual,2013-12,2010-01,2013-07,2013-11,43
tail_3,,,,44,annual,2014-01,2010-01,2013-08,2013-12,44
tail_3,,,,45,annual,2014-02,2010-01,2013-09,2014-01,45
tail_3,,,,46,annual,2014-03,2010-01,2013-10,2014-02,46
tail_3,,,,47,annual,2014-04,2010-01,2013-11,2014-03,47
tail_3,,,,48,annual,2014-05,2010-01,2013-12,2014-04,48
tail_3,,,,49,annual,2014-06,2010-01,2014-01,2014-05,49
tail_3,,,,50,annual,2014-07,2010-01,2014-02,2014-06,50
tail_3,,,,51,annual,2014-08,2010-01,2014-03,2014-07,51
tail_3,,,,52,annual,2014-09,2010-01,2014-04,2014-08,52
tail_3,,,,53,annual,2014-10,2010-01,2014-05,2014-09,53
tail_3,,,,54,annual,2014-11,2010-01,2014-06,2014-10,54
tail_3,,,,55,annual,2014-12,2010-01,2014-07,2014-11,55
tail_3,,,,56,annual,2015-01,2010-01,2014-08,2014-12,56
tail_3,,,,57,annual,2015-02,2010-01,2014-09,2015-01,57
tail_3,,,,58,annual,2015-03,2010-01,2014-10,2015-02,58
tail_3,,,,59,annual,2015-04,2010-01,2014-11,2015-03,59
tail_3,,,,60,annual,2015-05,2010-01,2014-12,2015-04,60
tail_3,,,,61,annual,2015-06,2010-01,2015-01,2015-05,61
tail_3,,,,62,annual,2015-07,2010-01,2015-02,2015-06,62
tail_3,,,,63,annual,2015-08,2010-01,2015-03,2015-07,63
tail_3,,,,64,annual,2015-09,2010-01,2015-04,2015-08,64
tail_3,,,,65,annual,2015-10,2010-01,2015-05,2015-09,65
tail_3,,,,66,annual,2015-11,2010-01,2015-06,2015-10,66
tail_3,,,,67,annual,2015-12,2010-01,2015-07,2015-11,67
tail_3,,,,68,annual,2016-01,2010-01,2015-08,2015-12,68
tail_3,,,,69,annual,2016-02,2010-01,2015-09,2016-01,69
tail_3,,,,70,annual,2016-03,2010-01,2015-10,2016-02,70
tail_3,,,,71,annual,2016-04,2010-01,2015-11,2016-03,71
tail_3,,,,72,annual,2016-05,2010-01,2015-12,2016-04,72
tail_3,,,,73,annual,2016-06,2010-01,2016-01,2016-05,73
tail_3,,,,74,annual,2016-07,2010-01,2016-02,2016-06,74
tail_3,,,,75,annual,2016-08,2010-01,2016-03,2016-07,75
tail_3,,,,76,annual,2016-09,2010-01,2016-04,2016-08,76
tail_3,,,,77,annual,2016-10,2010-01,2016-05,2016-09,77
tail_3,,,,78,annual,2016-11,2010-01,2016-06,2016-10,78
tail_3,,,,79,annual,2016-12,2010-01,2016-07,2016-11,79
tail_3,,,,80,annual,2017-01,2010-01,2016-08,2016-12,80
tail_3,,,,81,annual,2017-02,2010-01,2016-09,2017-01,81
tail_3,,,,82,annual,2017-03,2010-01,2016-10,2017-02,82
tail_3,,,,83,annual,2017-04,2010-01,2016-11,2017-03,83
tail_3,,,,84,annual,2017-05,2010-01,2016-12,2017-04,84
tail_3,,,,85,annual,2017-06,2010-01,2017-01,2017-05,85
tail_3,,,,86,annual,2017-07,2010-01,2017-02,2017-06,86
tail_3,,,,87,annual,2017-08,2010-01,2017-03,2017-07,87
tail_3,,,,88,annual,2017-09,2010-01,2017-04,2017-08,88
tail_3,,,,89,annual,2017-10,2010-01,2017-05,2017-09,89
tail_3,,,,90,annual,2017-11,2010-01,2017-06,2017-10,90
tail_3,,,,91,annual,2017-12,2010-01,2017-07,2017-11,91
tail_3,,,,92,annual,2018-01,2010-01,2017-08,2017-12,92
tail_3,,,,93,annual,2018-02,2010-01,2017-09,2018-01,93
tail_3,,,,94,annual,2018-03,2010-01,2017-10,2018-02,94
tail_3,,,,95,annual,2018-04,2010-01,2017-11,2018-03,95
tail_3,,,,96,annual,2018-05,2010-01,2017-12,2018-04,96
tail_3,,,,97,annual,2018-06,2010-01,2018-01,2018-05,97
tail_3,,,,98,annual,2018-07,2010-01,2018-02,2018-06,98
tail_3,,,,99,annual,2018-08,2010-01,2018-03,2018-07,99
tail_3,,,,100,annual,2018-09,2010-01,2018-04,2018-08,100
tail_3,,,,101,annual,2018-10,2010-01,2018-05,2018-09,101
tail_3,,,,102,annual,2018-11,2010-01,2018-06,2018-10,102
tail_3,,,,103,annual,2018-12,2010-01,2018-07,2018-11,103
tail_3,,,,104,annual,2019-01,2010-01,2018-08,2018-12,104
tail_3,,,,105,annual,2019-02,2010-01,2018-09,2019-01,105
tail_3,,,,106,annual,2019-03,2010-01,2018-10,2019-02,106
tail_3,,,,107,annual,2019-04,2010-01,2018-11,2019-03,107
tail_3,,,,108,annual,2019-05,2010-01,2018-12,2019-04,108
tail_3,,,,109,annual,2019-06,2010-01,2019-01,2019-05,109
tail_3,,,,110,annual,2019-07,2010-01,2019-02,2019-06,110
tail_3,,,,111,annual,2019-08,2010-01,2019-03,2019-07,111
tail_3,,,,112,annual,2019-09,2010-01,2019-04,2019-08,112
tail_3,,,,113,annual,2019-10,2010-01,2019-05,2019-09,113
tail_3,,,,114,annual,2019-11,2010-01,2019-06,2019-10,114
tail_3,,,,115,annual,2019-12,2010-01,2019-07,2019-11,115
tail_3,,,,116,annual,2020-01,2010-01,2019-08,2019-12,116
tail_3,,,,117,annual,2020-02,2010-01,2019-09,2020-01,117
tail_3,,,,118,annual,2020-03,2010-01,2019-10,2020-02,118
tail_3,,,,119,annual,2020-04,2010-01,2019-11,2020-03,119
tail_3,,,,120,annual,2020-05,2010-01,2019-12,2020-04,120
tail_3,,,,121,annual,2020-06,2010-01,2020-01,2020-05,121
tail_3,,,,122,annual,2020-07,2010-01,2020-02,2020-06,122
tail_3,,,,123,annual,2020-08,2010-01,2020-03,2020-07,123
tail_3,,,,124,annual,2020-09,2010-01,2020-04,2020-08,124
tail_3,,,,125,annual,2020-10,2010-01,2020-05,2020-09,125
tail_3,,,,126,annual,2020-11,2010-01,2020-06,2020-10,126
tail_3,,,,127,annual,2020-12,2010-01,2020-07,2020-11,127
tail_3,,,,128,annual,2021-01,2010-01,2020-08,2020-12,128
tail_3,,,,129,annual,2021-02,2010-01,2020-09,2021-01,129
tail_3,,,,130,annual,2021-03,2010-01,2020-10,2021-02,130
tail_3,,,,131,annual,2021-04,2010-01,2020-11,2021-03,131
tail_3,,,,132,annual,2021-05,2010-01,2020-12,2021-04,132
tail_3,,,,133,annual,2021-06,2010-01,2021-01,2021-05,133
tail_3,,,,134,annual,2021-07,2010-01,2021-02,2021-06,134
tail_3,,,,135,annual,2021-08,2010-01,2021-03,2021-07,135
tail_3,,,,136,annual,2021-09,2010-01,2021-04,2021-08,136
tail_3,,,,137,annual,2021-10,2010-01,2021-05,2021-09,137
tail_3,,,,138,annual,2021-11,2010-01,2021-06,2021-10,138
tail_3,,,,139,annual,2021-12,2010-01,2021-07,2021-11,139
tail_3,,,,140,annual,2022-01,2010-01,2021-08,2021-12,140
tail_3,,,,141,annual,2022-02,2010-01,2021-09,2022-01,141
tail_3,,,,142,annual,2022-03,2010-01,2021-10,2022-02,142
tail_3,,,,143,annual,2022-04,2010-01,2021-11,2022-03,143
tail_3,,,,144,annual,2022-05,2010-01,2021-12,2022-04,144
tail_3,,,,145,annual,2022-06,2010-01,2022-01,2022-05,145
tail_3,,,,146,annual,2022-07,2010-01,2022-02,2022-06,146
tail_3,,,,147,annual,2022-08,2010-01,2022-03,2022-07,147
tail_3,,,,148,annual,2022-09,2010-01,2022-04,2022-08,148
tail_3,,,,149,annual,2022-10,2010-01,2022-05,2022-09,149
tail_3,,,,150,annual,2022-11,2010-01,2022-06,2022-10,150
tail_3,,,,151,annual,2022-12,2010-01,2022-07,2022-11,151
tail_3,,,,152,annual,2023-01,2010-01,2022-08,2022-12,152
tail_3,,,,153,annual,2023-02,2010-01,2022-09,2023-01,153
tail_3,,,,154,annual,2023-03,2010-01,2022-10,2023-02,154
tail_3,,,,155,annual,2023-04,2010-01,2022-11,2023-03,155
tail_3,,,,156,annual,2023-05,2010-01,2022-12,2023-04,156
tail_3,,,,157,annual,2023-06,2010-01,2023-01,2023-05,157
tail_3,,,,158,annual,2023-07,2010-01,2023-02,2023-06,158
tail_3,,,,159,annual,2023-08,2010-01,2023-03,2023-07,159
tail_3,,,,160,annual,2023-09,2010-01,2023-04,2023-08,160
tail_3,,,,161,annual,2023-10,2010-01,2023-05,2023-09,161
tail_3,,,,162,annual,2023-11,2010-01,2023-06,2023-10,162
tail_3,,,,163,annual,2023-12,2010-01,2023-07,2023-11,163
tail_3,,,,164,annual,2024-01,2010-01,2023-08,2023-12,164
tail_3,,,,165,annual,2024-02,2010-01,2023-09,2024-01,165
tail_3,,,,166,annual,2024-03,2010-01,2023-10,2024-02,166
tail_3,,,,167,annual,2024-04,2010-01,2023-11,2024-03,167
tail_3,,,,168,annual,2024-05,2010-01,2023-12,2024-04,168
tail_3,,,,169,annual,2024-06,2010-01,2024-01,2024-05,169
tail_3,,,,170,annual,2024-07,2010-01,2024-02,2024-06,170
tail_3,,,,171,annual,2024-08,2010-01,2024-03,2024-07,171
tail_3,,,,172,annual,2024-09,2010-01,2024-04,2024-08,172
tail_3,,,,173,annual,2024-10,2010-01,2024-05,2024-09,173
tail_3,,,,174,annual,2024-11,2010-01,2024-06,2024-10,174
tail_3,,,,175,annual,2024-12,2010-01,2024-07,2024-11,175
tail_3,,,,176,annual,2025-01,2010-01,2024-08,2024-12,176
tail_3,,,,177,annual,2025-02,2010-01,2024-09,2025-01,177
tail_3,,,,178,annual,2025-03,2010-01,2024-10,2025-02,178
tail_3,,,,179,annual,2025-04,2010-01,2024-11,2025-03,179
tail_3,,,,180,annual,2025-05,2010-01,2024-12,2025-04,180
tail_3,,,,181,annual,2025-06,2010-01,2025-01,2025-05,181
tail_3,,,,182,annual,2025-07,2010-01,2025-02,2025-06,182
tail_3,,,,183,annual,2025-08,2010-01,2025-03,2025-07,183
tail_3,,,,184,annual,2025-09,2010-01,2025-04,2025-08,184
tail_3,,,,185,annual,2025-10,2010-01,2025-05,2025-09,185
tail_3,,,,186,annual,2025-11,2010-01,2025-06,2025-10,186
tail_3,,,,187,annual,2025-12,2010-01,2025-07,2025-11,187
tail_3,,,,188,annual,2026-01,2010-01,2025-08,2025-12,188
tail_3,,,,189,annual,2026-02,2010-01,2025-09,2026-01,189
tail_3,,,,190,annual,2026-03,2010-01,2025-10,2026-02,190
tail_3,,,,191,annual,2026-04,2010-01,2025-11,2026-03,191
tail_3,,,,192,annual,2026-05,2010-01,2025-12,2026-04,192
tail_3,,,,193,annual,2026-06,2010-01,2026-01,2026-05,193
tail_3,,,,194,annual,2026-07,2010-01,2026-02,2026-06,194
tail_3,,,,195,annual,2026-08,2010-01,2026-03,2026-07,195
tail_3,,,,36,structure,2014-05,2011-01,2013-12,2014-04,36
tail_3,,,,37,structure,2014-06,2011-01,2014-01,2014-05,37
tail_3,,,,38,structure,2014-07,2011-01,2014-02,2014-06,38
tail_3,,,,39,structure,2014-08,2011-01,2014-03,2014-07,39
tail_3,,,,40,structure,2014-09,2011-01,2014-04,2014-08,40
tail_3,,,,41,structure,2014-10,2011-01,2014-05,2014-09,41
tail_3,,,,42,structure,2014-11,2011-01,2014-06,2014-10,42
tail_3,,,,43,structure,2014-12,2011-01,2014-07,2014-11,43
tail_3,,,,44,structure,2015-01,2011-01,2014-08,2014-12,44
tail_3,,,,45,structure,2015-02,2011-01,2014-09,2015-01,45
tail_3,,,,46,structure,2015-03,2011-01,2014-10,2015-02,46
tail_3,,,,47,structure,2015-04,2011-01,2014-11,2015-03,47
tail_3,,,,48,structure,2015-05,2011-01,2014-12,2015-04,48
tail_3,,,,49,structure,2015-06,2011-01,2015-01,2015-05,49
tail_3,,,,50,structure,2015-07,2011-01,2015-02,2015-06,50
tail_3,,,,51,structure,2015-08,2011-01,2015-03,2015-07,51
tail_3,,,,52,structure,2015-09,2011-01,2015-04,2015-08,52
tail_3,,,,53,structure,2015-10,2011-01,2015-05,2015-09,53
tail_3,,,,54,structure,2015-11,2011-01,2015-06,2015-10,54
tail_3,,,,55,structure,2015-12,2011-01,2015-07,2015-11,55
tail_3,,,,56,structure,2016-01,2011-01,2015-08,2015-12,56
tail_3,,,,57,structure,2016-02,2011-01,2015-09,2016-01,57
tail_3,,,,58,structure,2016-03,2011-01,2015-10,2016-02,58
tail_3,,,,59,structure,2016-04,2011-01,2015-11,2016-03,59
tail_3,,,,60,structure,2016-05,2011-01,2015-12,2016-04,60
tail_3,,,,61,structure,2016-06,2011-01,2016-01,2016-05,61
tail_3,,,,62,structure,2016-07,2011-01,2016-02,2016-06,62
tail_3,,,,63,structure,2016-08,2011-01,2016-03,2016-07,63
tail_3,,,,64,structure,2016-09,2011-01,2016-04,2016-08,64
tail_3,,,,65,structure,2016-10,2011-01,2016-05,2016-09,65
tail_3,,,,66,structure,2016-11,2011-01,2016-06,2016-10,66
tail_3,,,,67,structure,2016-12,2011-01,2016-07,2016-11,67
tail_3,,,,68,structure,2017-01,2011-01,2016-08,2016-12,68
tail_3,,,,69,structure,2017-02,2011-01,2016-09,2017-01,69
tail_3,,,,70,structure,2017-03,2011-01,2016-10,2017-02,70
tail_3,,,,71,structure,2017-04,2011-01,2016-11,2017-03,71
tail_3,,,,72,structure,2017-05,2011-01,2016-12,2017-04,72
tail_3,,,,73,structure,2017-06,2011-01,2017-01,2017-05,73
tail_3,,,,74,structure,2017-07,2011-01,2017-02,2017-06,74
tail_3,,,,75,structure,2017-08,2011-01,2017-03,2017-07,75
tail_3,,,,76,structure,2017-09,2011-01,2017-04,2017-08,76
tail_3,,,,77,structure,2017-10,2011-01,2017-05,2017-09,77
tail_3,,,,78,structure,2017-11,2011-01,2017-06,2017-10,78
tail_3,,,,79,structure,2017-12,2011-01,2017-07,2017-11,79
tail_3,,,,80,structure,2018-01,2011-01,2017-08,2017-12,80
tail_3,,,,81,structure,2018-02,2011-01,2017-09,2018-01,81
tail_3,,,,82,structure,2018-03,2011-01,2017-10,2018-02,82
tail_3,,,,83,structure,2018-04,2011-01,2017-11,2018-03,83
tail_3,,,,84,structure,2018-05,2011-01,2017-12,2018-04,84
tail_3,,,,85,structure,2018-06,2011-01,2018-01,2018-05,85
tail_3,,,,86,structure,2018-07,2011-01,2018-02,2018-06,86
tail_3,,,,87,structure,2018-08,2011-01,2018-03,2018-07,87
tail_3,,,,88,structure,2018-09,2011-01,2018-04,2018-08,88
tail_3,,,,89,structure,2018-10,2011-01,2018-05,2018-09,89
tail_3,,,,90,structure,2018-11,2011-01,2018-06,2018-10,90
tail_3,,,,91,structure,2018-12,2011-01,2018-07,2018-11,91
tail_3,,,,92,structure,2019-01,2011-01,2018-08,2018-12,92
tail_3,,,,93,structure,2019-02,2011-01,2018-09,2019-01,93
tail_3,,,,94,structure,2019-03,2011-01,2018-10,2019-02,94
tail_3,,,,95,structure,2019-04,2011-01,2018-11,2019-03,95
tail_3,,,,96,structure,2019-05,2011-01,2018-12,2019-04,96
tail_3,,,,97,structure,2019-06,2011-01,2019-01,2019-05,97
tail_3,,,,98,structure,2019-07,2011-01,2019-02,2019-06,98
tail_3,,,,99,structure,2019-08,2011-01,2019-03,2019-07,99
tail_3,,,,100,structure,2019-09,2011-01,2019-04,2019-08,100
tail_3,,,,101,structure,2019-10,2011-01,2019-05,2019-09,101
tail_3,,,,102,structure,2019-11,2011-01,2019-06,2019-10,102
tail_3,,,,103,structure,2019-12,2011-01,2019-07,2019-11,103
tail_3,,,,104,structure,2020-01,2011-01,2019-08,2019-12,104
tail_3,,,,105,structure,2020-02,2011-01,2019-09,2020-01,105
tail_3,,,,106,structure,2020-03,2011-01,2019-10,2020-02,106
tail_3,,,,107,structure,2020-04,2011-01,2019-11,2020-03,107
tail_3,,,,108,structure,2020-05,2011-01,2019-12,2020-04,108
tail_3,,,,109,structure,2020-06,2011-01,2020-01,2020-05,109
tail_3,,,,110,structure,2020-07,2011-01,2020-02,2020-06,110
tail_3,,,,111,structure,2020-08,2011-01,2020-03,2020-07,111
tail_3,,,,112,structure,2020-09,2011-01,2020-04,2020-08,112
tail_3,,,,113,structure,2020-10,2011-01,2020-05,2020-09,113
tail_3,,,,114,structure,2020-11,2011-01,2020-06,2020-10,114
tail_3,,,,115,structure,2020-12,2011-01,2020-07,2020-11,115
tail_3,,,,116,structure,2021-01,2011-01,2020-08,2020-12,116
tail_3,,,,117,structure,2021-02,2011-01,2020-09,2021-01,117
tail_3,,,,118,structure,2021-03,2011-01,2020-10,2021-02,118
tail_3,,,,119,structure,2021-04,2011-01,2020-11,2021-03,119
tail_3,,,,120,structure,2021-05,2011-01,2020-12,2021-04,120
tail_3,,,,121,structure,2021-06,2011-01,2021-01,2021-05,121
tail_3,,,,122,structure,2021-07,2011-01,2021-02,2021-06,122
tail_3,,,,123,structure,2021-08,2011-01,2021-03,2021-07,123
tail_3,,,,124,structure,2021-09,2011-01,2021-04,2021-08,124
tail_3,,,,125,structure,2021-10,2011-01,2021-05,2021-09,125
tail_3,,,,126,structure,2021-11,2011-01,2021-06,2021-10,126
tail_3,,,,127,structure,2021-12,2011-01,2021-07,2021-11,127
tail_3,,,,128,structure,2022-01,2011-01,2021-08,2021-12,128
tail_3,,,,129,structure,2022-02,2011-01,2021-09,2022-01,129
tail_3,,,,130,structure,2022-03,2011-01,2021-10,2022-02,130
tail_3,,,,131,structure,2022-04,2011-01,2021-11,2022-03,131
tail_3,,,,132,structure,2022-05,2011-01,2021-12,2022-04,132
tail_3,,,,133,structure,2022-06,2011-01,2022-01,2022-05,133
tail_3,,,,134,structure,2022-07,2011-01,2022-02,2022-06,134
tail_3,,,,135,structure,2022-08,2011-01,2022-03,2022-07,135
tail_3,,,,136,structure,2022-09,2011-01,2022-04,2022-08,136
tail_3,,,,137,structure,2022-10,2011-01,2022-05,2022-09,137
tail_3,,,,138,structure,2022-11,2011-01,2022-06,2022-10,138
tail_3,,,,139,structure,2022-12,2011-01,2022-07,2022-11,139
tail_3,,,,140,structure,2023-01,2011-01,2022-08,2022-12,140
tail_3,,,,141,structure,2023-02,2011-01,2022-09,2023-01,141
tail_3,,,,142,structure,2023-03,2011-01,2022-10,2023-02,142
tail_3,,,,143,structure,2023-04,2011-01,2022-11,2023-03,143
tail_3,,,,144,structure,2023-05,2011-01,2022-12,2023-04,144
tail_3,,,,145,structure,2023-06,2011-01,2023-01,2023-05,145
tail_3,,,,146,structure,2023-07,2011-01,2023-02,2023-06,146
tail_3,,,,147,structure,2023-08,2011-01,2023-03,2023-07,147
tail_3,,,,148,structure,2023-09,2011-01,2023-04,2023-08,148
tail_3,,,,149,structure,2023-10,2011-01,2023-05,2023-09,149
tail_3,,,,150,structure,2023-11,2011-01,2023-06,2023-10,150
tail_3,,,,151,structure,2023-12,2011-01,2023-07,2023-11,151
tail_3,,,,152,structure,2024-01,2011-01,2023-08,2023-12,152
tail_3,,,,153,structure,2024-02,2011-01,2023-09,2024-01,153
tail_3,,,,154,structure,2024-03,2011-01,2023-10,2024-02,154
tail_3,,,,155,structure,2024-04,2011-01,2023-11,2024-03,155
tail_3,,,,156,structure,2024-05,2011-01,2023-12,2024-04,156
tail_3,,,,157,structure,2024-06,2011-01,2024-01,2024-05,157
tail_3,,,,158,structure,2024-07,2011-01,2024-02,2024-06,158
tail_3,,,,159,structure,2024-08,2011-01,2024-03,2024-07,159
tail_3,,,,160,structure,2024-09,2011-01,2024-04,2024-08,160
tail_3,,,,161,structure,2024-10,2011-01,2024-05,2024-09,161
tail_3,,,,162,structure,2024-11,2011-01,2024-06,2024-10,162
tail_3,,,,163,structure,2024-12,2011-01,2024-07,2024-11,163
tail_3,,,,164,structure,2025-01,2011-01,2024-08,2024-12,164
tail_3,,,,165,structure,2025-02,2011-01,2024-09,2025-01,165
tail_3,,,,166,structure,2025-03,2011-01,2024-10,2025-02,166
tail_3,,,,167,structure,2025-04,2011-01,2024-11,2025-03,167
tail_3,,,,168,structure,2025-05,2011-01,2024-12,2025-04,168
tail_3,,,,169,structure,2025-06,2011-01,2025-01,2025-05,169
tail_3,,,,170,structure,2025-07,2011-01,2025-02,2025-06,170
tail_3,,,,171,structure,2025-08,2011-01,2025-03,2025-07,171
tail_3,,,,172,structure,2025-09,2011-01,2025-04,2025-08,172
tail_3,,,,173,structure,2025-10,2011-01,2025-05,2025-09,173
tail_3,,,,174,structure,2025-11,2011-01,2025-06,2025-10,174
tail_3,,,,175,structure,2025-12,2011-01,2025-07,2025-11,175
tail_3,,,,176,structure,2026-01,2011-01,2025-08,2025-12,176
tail_3,,,,177,structure,2026-02,2011-01,2025-09,2026-01,177
tail_3,,,,178,structure,2026-03,2011-01,2025-10,2026-02,178
tail_3,,,,179,structure,2026-04,2011-01,2025-11,2026-03,179
tail_3,,,,180,structure,2026-05,2011-01,2025-12,2026-04,180
tail_3,,,,181,structure,2026-06,2011-01,2026-01,2026-05,181
tail_3,,,,182,structure,2026-07,2011-01,2026-02,2026-06,182
tail_3,,,,183,structure,2026-08,2011-01,2026-03,2026-07,183
tail_3,,,,36,All,2014-05,2011-01,2013-12,2014-04,36
tail_3,,,,37,All,2014-06,2011-01,2014-01,2014-05,37
tail_3,,,,38,All,2014-07,2011-01,2014-02,2014-06,38
tail_3,,,,39,All,2014-08,2011-01,2014-03,2014-07,39
tail_3,,,,40,All,2014-09,2011-01,2014-04,2014-08,40
tail_3,,,,41,All,2014-10,2011-01,2014-05,2014-09,41
tail_3,,,,42,All,2014-11,2011-01,2014-06,2014-10,42
tail_3,,,,43,All,2014-12,2011-01,2014-07,2014-11,43
tail_3,,,,44,All,2015-01,2011-01,2014-08,2014-12,44
tail_3,,,,45,All,2015-02,2011-01,2014-09,2015-01,45
tail_3,,,,46,All,2015-03,2011-01,2014-10,2015-02,46
tail_3,,,,47,All,2015-04,2011-01,2014-11,2015-03,47
tail_3,,,,48,All,2015-05,2011-01,2014-12,2015-04,48
tail_3,,,,49,All,2015-06,2011-01,2015-01,2015-05,49
tail_3,,,,50,All,2015-07,2011-01,2015-02,2015-06,50
tail_3,,,,51,All,2015-08,2011-01,2015-03,2015-07,51
tail_3,,,,52,All,2015-09,2011-01,2015-04,2015-08,52
tail_3,,,,53,All,2015-10,2011-01,2015-05,2015-09,53
tail_3,,,,54,All,2015-11,2011-01,2015-06,2015-10,54
tail_3,,,,55,All,2015-12,2011-01,2015-07,2015-11,55
tail_3,,,,56,All,2016-01,2011-01,2015-08,2015-12,56
tail_3,,,,57,All,2016-02,2011-01,2015-09,2016-01,57
tail_3,,,,58,All,2016-03,2011-01,2015-10,2016-02,58
tail_3,,,,59,All,2016-04,2011-01,2015-11,2016-03,59
tail_3,,,,60,All,2016-05,2011-01,2015-12,2016-04,60
tail_3,,,,61,All,2016-06,2011-01,2016-01,2016-05,61
tail_3,,,,62,All,2016-07,2011-01,2016-02,2016-06,62
tail_3,,,,63,All,2016-08,2011-01,2016-03,2016-07,63
tail_3,,,,64,All,2016-09,2011-01,2016-04,2016-08,64
tail_3,,,,65,All,2016-10,2011-01,2016-05,2016-09,65
tail_3,,,,66,All,2016-11,2011-01,2016-06,2016-10,66
tail_3,,,,67,All,2016-12,2011-01,2016-07,2016-11,67
tail_3,,,,68,All,2017-01,2011-01,2016-08,2016-12,68
tail_3,,,,69,All,2017-02,2011-01,2016-09,2017-01,69
tail_3,,,,70,All,2017-03,2011-01,2016-10,2017-02,70
tail_3,,,,71,All,2017-04,2011-01,2016-11,2017-03,71
tail_3,,,,72,All,2017-05,2011-01,2016-12,2017-04,72
tail_3,,,,73,All,2017-06,2011-01,2017-01,2017-05,73
tail_3,,,,74,All,2017-07,2011-01,2017-02,2017-06,74
tail_3,,,,75,All,2017-08,2011-01,2017-03,2017-07,75
tail_3,,,,76,All,2017-09,2011-01,2017-04,2017-08,76
tail_3,,,,77,All,2017-10,2011-01,2017-05,2017-09,77
tail_3,,,,78,All,2017-11,2011-01,2017-06,2017-10,78
tail_3,,,,79,All,2017-12,2011-01,2017-07,2017-11,79
tail_3,,,,80,All,2018-01,2011-01,2017-08,2017-12,80
tail_3,,,,81,All,2018-02,2011-01,2017-09,2018-01,81
tail_3,,,,82,All,2018-03,2011-01,2017-10,2018-02,82
tail_3,,,,83,All,2018-04,2011-01,2017-11,2018-03,83
tail_3,,,,84,All,2018-05,2011-01,2017-12,2018-04,84
tail_3,,,,85,All,2018-06,2011-01,2018-01,2018-05,85
tail_3,,,,86,All,2018-07,2011-01,2018-02,2018-06,86
tail_3,,,,87,All,2018-08,2011-01,2018-03,2018-07,87
tail_3,,,,88,All,2018-09,2011-01,2018-04,2018-08,88
tail_3,,,,89,All,2018-10,2011-01,2018-05,2018-09,89
tail_3,,,,90,All,2018-11,2011-01,2018-06,2018-10,90
tail_3,,,,91,All,2018-12,2011-01,2018-07,2018-11,91
tail_3,,,,92,All,2019-01,2011-01,2018-08,2018-12,92
tail_3,,,,93,All,2019-02,2011-01,2018-09,2019-01,93
tail_3,,,,94,All,2019-03,2011-01,2018-10,2019-02,94
tail_3,,,,95,All,2019-04,2011-01,2018-11,2019-03,95
tail_3,,,,96,All,2019-05,2011-01,2018-12,2019-04,96
tail_3,,,,97,All,2019-06,2011-01,2019-01,2019-05,97
tail_3,,,,98,All,2019-07,2011-01,2019-02,2019-06,98
tail_3,,,,99,All,2019-08,2011-01,2019-03,2019-07,99
tail_3,,,,100,All,2019-09,2011-01,2019-04,2019-08,100
tail_3,,,,101,All,2019-10,2011-01,2019-05,2019-09,101
tail_3,,,,102,All,2019-11,2011-01,2019-06,2019-10,102
tail_3,,,,103,All,2019-12,2011-01,2019-07,2019-11,103
tail_3,,,,104,All,2020-01,2011-01,2019-08,2019-12,104
tail_3,,,,105,All,2020-02,2011-01,2019-09,2020-01,105
tail_3,,,,106,All,2020-03,2011-01,2019-10,2020-02,106
tail_3,,,,107,All,2020-04,2011-01,2019-11,2020-03,107
tail_3,,,,108,All,2020-05,2011-01,2019-12,2020-04,108
tail_3,,,,109,All,2020-06,2011-01,2020-01,2020-05,109
tail_3,,,,110,All,2020-07,2011-01,2020-02,2020-06,110
tail_3,,,,111,All,2020-08,2011-01,2020-03,2020-07,111
tail_3,,,,112,All,2020-09,2011-01,2020-04,2020-08,112
tail_3,,,,113,All,2020-10,2011-01,2020-05,2020-09,113
tail_3,,,,114,All,2020-11,2011-01,2020-06,2020-10,114
tail_3,,,,115,All,2020-12,2011-01,2020-07,2020-11,115
tail_3,,,,116,All,2021-01,2011-01,2020-08,2020-12,116
tail_3,,,,117,All,2021-02,2011-01,2020-09,2021-01,117
tail_3,,,,118,All,2021-03,2011-01,2020-10,2021-02,118
tail_3,,,,119,All,2021-04,2011-01,2020-11,2021-03,119
tail_3,,,,120,All,2021-05,2011-01,2020-12,2021-04,120
tail_3,,,,121,All,2021-06,2011-01,2021-01,2021-05,121
tail_3,,,,122,All,2021-07,2011-01,2021-02,2021-06,122
tail_3,,,,123,All,2021-08,2011-01,2021-03,2021-07,123
tail_3,,,,124,All,2021-09,2011-01,2021-04,2021-08,124
tail_3,,,,125,All,2021-10,2011-01,2021-05,2021-09,125
tail_3,,,,126,All,2021-11,2011-01,2021-06,2021-10,126
tail_3,,,,127,All,2021-12,2011-01,2021-07,2021-11,127
tail_3,,,,128,All,2022-01,2011-01,2021-08,2021-12,128
tail_3,,,,129,All,2022-02,2011-01,2021-09,2022-01,129
tail_3,,,,130,All,2022-03,2011-01,2021-10,2022-02,130
tail_3,,,,131,All,2022-04,2011-01,2021-11,2022-03,131
tail_3,,,,132,All,2022-05,2011-01,2021-12,2022-04,132
tail_3,,,,133,All,2022-06,2011-01,2022-01,2022-05,133
tail_3,,,,134,All,2022-07,2011-01,2022-02,2022-06,134
tail_3,,,,135,All,2022-08,2011-01,2022-03,2022-07,135
tail_3,,,,136,All,2022-09,2011-01,2022-04,2022-08,136
tail_3,,,,137,All,2022-10,2011-01,2022-05,2022-09,137
tail_3,,,,138,All,2022-11,2011-01,2022-06,2022-10,138
tail_3,,,,139,All,2022-12,2011-01,2022-07,2022-11,139
tail_3,,,,140,All,2023-01,2011-01,2022-08,2022-12,140
tail_3,,,,141,All,2023-02,2011-01,2022-09,2023-01,141
tail_3,,,,142,All,2023-03,2011-01,2022-10,2023-02,142
tail_3,,,,143,All,2023-04,2011-01,2022-11,2023-03,143
tail_3,,,,144,All,2023-05,2011-01,2022-12,2023-04,144
tail_3,,,,145,All,2023-06,2011-01,2023-01,2023-05,145
tail_3,,,,146,All,2023-07,2011-01,2023-02,2023-06,146
tail_3,,,,147,All,2023-08,2011-01,2023-03,2023-07,147
tail_3,,,,148,All,2023-09,2011-01,2023-04,2023-08,148
tail_3,,,,149,All,2023-10,2011-01,2023-05,2023-09,149
tail_3,,,,150,All,2023-11,2011-01,2023-06,2023-10,150
tail_3,,,,151,All,2023-12,2011-01,2023-07,2023-11,151
tail_3,,,,152,All,2024-01,2011-01,2023-08,2023-12,152
tail_3,,,,153,All,2024-02,2011-01,2023-09,2024-01,153
tail_3,,,,154,All,2024-03,2011-01,2023-10,2024-02,154
tail_3,,,,155,All,2024-04,2011-01,2023-11,2024-03,155
tail_3,,,,156,All,2024-05,2011-01,2023-12,2024-04,156
tail_3,,,,157,All,2024-06,2011-01,2024-01,2024-05,157
tail_3,,,,158,All,2024-07,2011-01,2024-02,2024-06,158
tail_3,,,,159,All,2024-08,2011-01,2024-03,2024-07,159
tail_3,,,,160,All,2024-09,2011-01,2024-04,2024-08,160
tail_3,,,,161,All,2024-10,2011-01,2024-05,2024-09,161
tail_3,,,,162,All,2024-11,2011-01,2024-06,2024-10,162
tail_3,,,,163,All,2024-12,2011-01,2024-07,2024-11,163
tail_3,,,,164,All,2025-01,2011-01,2024-08,2024-12,164
tail_3,,,,165,All,2025-02,2011-01,2024-09,2025-01,165
tail_3,,,,166,All,2025-03,2011-01,2024-10,2025-02,166
tail_3,,,,167,All,2025-04,2011-01,2024-11,2025-03,167
tail_3,,,,168,All,2025-05,2011-01,2024-12,2025-04,168
tail_3,,,,169,All,2025-06,2011-01,2025-01,2025-05,169
tail_3,,,,170,All,2025-07,2011-01,2025-02,2025-06,170
tail_3,,,,171,All,2025-08,2011-01,2025-03,2025-07,171
tail_3,,,,172,All,2025-09,2011-01,2025-04,2025-08,172
tail_3,,,,173,All,2025-10,2011-01,2025-05,2025-09,173
tail_3,,,,174,All,2025-11,2011-01,2025-06,2025-10,174
tail_3,,,,175,All,2025-12,2011-01,2025-07,2025-11,175
tail_3,,,,176,All,2026-01,2011-01,2025-08,2025-12,176
tail_3,,,,177,All,2026-02,2011-01,2025-09,2026-01,177
tail_3,,,,178,All,2026-03,2011-01,2025-10,2026-02,178
tail_3,,,,179,All,2026-04,2011-01,2025-11,2026-03,179
tail_3,,,,180,All,2026-05,2011-01,2025-12,2026-04,180
tail_3,,,,181,All,2026-06,2011-01,2026-01,2026-05,181
tail_3,,,,182,All,2026-07,2011-01,2026-02,2026-06,182
tail_3,,,,183,All,2026-08,2011-01,2026-03,2026-07,183
