task,family,h,period,country,model,base,n,n_dates,first,last,rmse,ratio,rw,mean_actual,mean_pred,auc,p,p_holm
real_12,macro,12,all,POOL,Base,Base,912,152,2013-01,2025-08,0.1301704266,1,1.179245483,0.03518626628,-0.04343612976,,,
real_12,macro,12,all,POOL,fixed,Base,912,152,2013-01,2025-08,0.1314452733,1.009793674,1.190794629,0.03518626628,-0.04474041215,,0.007383511486,1
real_12,macro,12,all,POOL,dynamic,Base,912,152,2013-01,2025-08,0.1327717712,1.019984145,1.202811696,0.03518626628,-0.04535838699,,0.033317516,1
real_12,macro,12,all,POOL,annual,Base,828,138,2014-03,2025-08,0.1431753573,1.038962531,1.286676291,0.03257947741,-0.0264331382,,0.0007059822758,0.1574340475
real_12,macro,12,all,POOL,structure,Base,612,102,2017-03,2025-08,0.09723506514,1.050420056,0.9912493336,0.02492221287,0.02019514738,,0.03043669046,1
real_12,macro,12,all,POOL,All,Base,612,102,2017-03,2025-08,0.09880061387,1.067332512,1.007209102,0.02492221287,0.02402759883,,0.4002139676,1
real_12,macro,12,all,BRL,Base,Base,152,152,2013-01,2025-08,0.1887392063,1,1.147195695,0.04888059967,-0.06033718455,,,
real_12,macro,12,all,BRL,fixed,Base,152,152,2013-01,2025-08,0.1902099849,1.00779265,1.156135389,0.04888059967,-0.06064872457,,0.2184477046,1
real_12,macro,12,all,BRL,dynamic,Base,152,152,2013-01,2025-08,0.1907411713,1.010607044,1.15936405,0.04888059967,-0.05860926965,,0.4931004774,1
real_12,macro,12,all,BRL,annual,Base,138,138,2014-03,2025-08,0.2155440346,0.983449583,1.259378208,0.04816877399,-0.06111456238,,0.7445991213,1
real_12,macro,12,all,BRL,structure,Base,102,102,2017-03,2025-08,0.1403399308,1.016656826,0.9653049508,0.04850294073,0.01859175987,,0.5873327337,1
real_12,macro,12,all,BRL,All,Base,102,102,2017-03,2025-08,0.1569068775,1.136671846,1.079257948,0.04850294073,0.009067732563,,0.1931524122,1
real_12,macro,12,all,EUR,Base,Base,152,152,2013-01,2025-08,0.1139191381,1,1.302315982,0.01869281505,-0.05381761586,,,
real_12,macro,12,all,EUR,fixed,Base,152,152,2013-01,2025-08,0.1148002317,1.007734377,1.312388585,0.01869281505,-0.05604246831,,0.2142987476,1
real_12,macro,12,all,EUR,dynamic,Base,152,152,2013-01,2025-08,0.1167716099,1.025039444,1.334925249,0.01869281505,-0.05764648071,,0.02198489914,1
real_12,macro,12,all,EUR,annual,Base,138,138,2014-03,2025-08,0.1104772773,1.063962251,1.275063993,0.01636887894,-0.01409658459,,0.149855891,1
real_12,macro,12,all,EUR,structure,Base,102,102,2017-03,2025-08,0.07148248021,1.078688275,0.9779387825,0.003929623943,0.01531293227,,0.009168142809,1
real_12,macro,12,all,EUR,All,Base,102,102,2017-03,2025-08,0.07171603922,1.082212738,0.9811340607,0.003929623943,0.02155466359,,0.1791494798,1
real_12,macro,12,all,JPY,Base,Base,152,152,2013-01,2025-08,0.1223499706,1,1.048319194,0.0603570864,-0.02202331226,,,
real_12,macro,12,all,JPY,fixed,Base,152,152,2013-01,2025-08,0.1272720508,1.040229517,1.090492568,0.0603570864,-0.02767036707,,0.09704789282,1
real_12,macro,12,all,JPY,dynamic,Base,152,152,2013-01,2025-08,0.1322101019,1.080589569,1.132802785,0.0603570864,-0.03133391019,,0.08919379266,1
real_12,macro,12,all,JPY,annual,Base,138,138,2014-03,2025-08,0.1722006978,1.139256802,1.48638029,0.05538676095,-0.05616430318,,0.09041694157,1
real_12,macro,12,all,JPY,structure,Base,102,102,2017-03,2025-08,0.122375193,1.043508601,1.037539563,0.06726443623,0.03344209064,,0.4202991887,1
real_12,macro,12,all,JPY,All,Base,102,102,2017-03,2025-08,0.09060518365,0.7726017512,0.7681823441,0.06726443623,0.04211206231,,0.09702942204,1
real_12,macro,12,all,GBP,Base,Base,152,152,2013-01,2025-08,0.09450303694,1,1.114077462,0.01350438894,-0.0272938437,,,
real_12,macro,12,all,GBP,fixed,Base,152,152,2013-01,2025-08,0.09457892972,1.000803072,1.114972147,0.01350438894,-0.02770792823,,0.7808207171,1
real_12,macro,12,all,GBP,dynamic,Base,152,152,2013-01,2025-08,0.09552609535,1.010825667,1.126138094,0.01350438894,-0.02915968683,,0.2906439986,1
real_12,macro,12,all,GBP,annual,Base,138,138,2014-03,2025-08,0.07818546535,0.9768644414,0.9069527295,0.01824204034,0.02625499885,,0.5962451393,1
real_12,macro,12,all,GBP,structure,Base,102,102,2017-03,2025-08,0.07340862774,1.174974679,1.075770173,-0.005141106526,0.01190237858,,0.03739887274,1
real_12,macro,12,all,GBP,All,Base,102,102,2017-03,2025-08,0.0743003731,1.189247909,1.088838298,-0.005141106526,0.01173714596,,0.210330463,1
real_12,macro,12,all,CAD,Base,Base,152,152,2013-01,2025-08,0.09696908174,1,1.406622382,0.03090405714,-0.04595016452,,,
real_12,macro,12,all,CAD,fixed,Base,152,152,2013-01,2025-08,0.09586636896,0.9886282023,1.390626557,0.03090405714,-0.04371554598,,0.3103690891,1
real_12,macro,12,all,CAD,dynamic,Base,152,152,2013-01,2025-08,0.09445345838,0.9740574695,1.370131038,0.03090405714,-0.04200051065,,0.07174957251,1
real_12,macro,12,all,CAD,annual,Base,138,138,2014-03,2025-08,0.1038215239,1.030777812,1.584912584,0.02501423776,-0.03267260694,,0.1759553867,1
real_12,macro,12,all,CAD,structure,Base,102,102,2017-03,2025-08,0.04569584573,1.06942815,0.9473401573,0.01623122977,0.03127161036,,0.7019895704,1
real_12,macro,12,all,CAD,All,Base,102,102,2017-03,2025-08,0.0721231342,1.687910766,1.495215598,0.01623122977,0.04971921668,,0.05571412616,1
real_12,macro,12,all,SEK,Base,Base,152,152,2013-01,2025-08,0.1405796556,1,1.241597059,0.03877865048,-0.05119465767,,,
real_12,macro,12,all,SEK,fixed,Base,152,152,2013-01,2025-08,0.1413312355,1.005346292,1.248234999,0.03877865048,-0.05265743871,,0.1293727822,1
real_12,macro,12,all,SEK,dynamic,Base,152,152,2013-01,2025-08,0.1422183334,1.011656579,1.256069832,0.03877865048,-0.05340046388,,0.1782587477,1
real_12,macro,12,all,SEK,annual,Base,138,138,2014-03,2025-08,0.1333629701,1.063421483,1.200115061,0.03229617247,-0.02080577097,,0.09069042427,1
real_12,macro,12,all,SEK,structure,Base,102,102,2017-03,2025-08,0.09731537085,1.056523636,0.9561066286,0.0187461531,0.01065011256,,0.02074895584,1
real_12,macro,12,all,SEK,All,Base,102,102,2017-03,2025-08,0.09937211921,1.078853133,0.9763138242,0.0187461531,0.009974771892,,0.005242981525,1
real_12,macro,12,late,POOL,Base,Base,480,80,2019-01,2025-08,0.1134125883,1,1.102676548,0.02063377289,-0.03011221479,,,
real_12,macro,12,late,POOL,fixed,Base,480,80,2019-01,2025-08,0.1143252166,1.008046975,1.111549758,0.02063377289,-0.03065304943,,0.1151793547,1
real_12,macro,12,late,POOL,dynamic,Base,480,80,2019-01,2025-08,0.1140390309,1.005523572,1.108767261,0.02063377289,-0.02908724108,,0.5493808032,1
real_12,macro,12,late,POOL,annual,Base,480,80,2019-01,2025-08,0.1070233387,1.023776678,1.040555792,0.02063377289,0.003061541036,,0.04621330966,1
real_12,macro,12,late,POOL,structure,Base,480,80,2019-01,2025-08,0.1026605146,1.050672041,0.9981373628,0.02063377289,0.02092755448,,0.05522331157,1
real_12,macro,12,late,POOL,All,Base,480,80,2019-01,2025-08,0.099605597,1.019406695,0.9684353166,0.02063377289,0.0271486066,,0.8163730628,1
real_12,macro,12,late,BRL,Base,Base,80,80,2019-01,2025-08,0.1729628758,1,1.164129111,0.03084904436,-0.05452173767,,,
real_12,macro,12,late,BRL,fixed,Base,80,80,2019-01,2025-08,0.1722993094,0.9961635331,1.159662968,0.03084904436,-0.05110139867,,0.3714057756,1
real_12,macro,12,late,BRL,dynamic,Base,80,80,2019-01,2025-08,0.1706332609,0.9865311279,1.148449605,0.03084904436,-0.0465408673,,0.2443382143,1
real_12,macro,12,late,BRL,annual,Base,80,80,2019-01,2025-08,0.163447236,1.036789598,1.100083961,0.03084904436,-0.01401907172,,0.1905605116,1
real_12,macro,12,late,BRL,structure,Base,80,80,2019-01,2025-08,0.1460954913,1.005948112,0.9832977951,0.03084904436,0.01838404457,,0.8605359417,1
real_12,macro,12,late,BRL,All,Base,80,80,2019-01,2025-08,0.150621326,1.037110982,1.01375899,0.03084904436,0.02466826021,,0.6672131786,1
real_12,macro,12,late,EUR,Base,Base,80,80,2019-01,2025-08,0.08258223566,1,1.117917036,-0.0008248864781,-0.03437412724,,,
real_12,macro,12,late,EUR,fixed,Base,80,80,2019-01,2025-08,0.08374287846,1.014054388,1.133628676,-0.0008248864781,-0.03591359548,,0.01922132156,1
real_12,macro,12,late,EUR,dynamic,Base,80,80,2019-01,2025-08,0.08409237917,1.018286542,1.138359873,-0.0008248864781,-0.03459835022,,0.08112749088,1
real_12,macro,12,late,EUR,annual,Base,80,80,2019-01,2025-08,0.0697059605,1.014033805,0.9436106945,-0.0008248864781,0.01050031429,,0.2949030782,1
real_12,macro,12,late,EUR,structure,Base,80,80,2019-01,2025-08,0.07108656353,1.087278898,0.9622999395,-0.0008248864781,0.01387101712,,0.024867246,1
real_12,macro,12,late,EUR,All,Base,80,80,2019-01,2025-08,0.06813302691,1.042104144,0.9223178675,-0.0008248864781,0.01849586203,,0.5308141271,1
real_12,macro,12,late,JPY,Base,Base,80,80,2019-01,2025-08,0.1362073848,1,1.029030369,0.08463870957,-0.008832645669,,,
real_12,macro,12,late,JPY,fixed,Base,80,80,2019-01,2025-08,0.1415355988,1.039118393,1.069284383,0.08463870957,-0.01408342354,,0.05490993074,1
real_12,macro,12,late,JPY,dynamic,Base,80,80,2019-01,2025-08,0.1416868763,1.040229033,1.070427266,0.08463870957,-0.01169142792,,0.1086208054,1
real_12,macro,12,late,JPY,annual,Base,80,80,2019-01,2025-08,0.1429672768,1.030851154,1.080100538,0.08463870957,-0.007802627482,,0.04573651274,1
real_12,macro,12,late,JPY,structure,Base,80,80,2019-01,2025-08,0.1357787688,1.043465788,1.025792226,0.08463870957,0.03379904227,,0.4445099162,1
real_12,macro,12,late,JPY,All,Base,80,80,2019-01,2025-08,0.0989324954,0.7603005628,0.7474230736,0.08463870957,0.04863269833,,0.07200379358,1
real_12,macro,12,late,GBP,Base,Base,80,80,2019-01,2025-08,0.07045385577,1,1.006972234,-0.01080924205,-0.01681735161,,,
real_12,macro,12,late,GBP,fixed,Base,80,80,2019-01,2025-08,0.07032436872,0.9981621013,1.005121521,-0.01080924205,-0.01749149174,,0.556271779,1
real_12,macro,12,late,GBP,dynamic,Base,80,80,2019-01,2025-08,0.07148562245,1.014644574,1.021718913,-0.01080924205,-0.0180040785,,0.2827191435,1
real_12,macro,12,late,GBP,annual,Base,80,80,2019-01,2025-08,0.06830540049,0.9765242544,0.9762651164,-0.01080924205,0.01814484967,,0.1506040123,1
real_12,macro,12,late,GBP,structure,Base,80,80,2019-01,2025-08,0.07695652694,1.197181381,1.099912631,-0.01080924205,0.01546043943,,0.03700544727,1
real_12,macro,12,late,GBP,All,Base,80,80,2019-01,2025-08,0.07629072377,1.186823752,1.09039654,-0.01080924205,0.01014902674,,0.2975110106,1
real_12,macro,12,late,CAD,Base,Base,80,80,2019-01,2025-08,0.06553995922,1,1.28974351,0.01552303605,-0.0312476246,,,
real_12,macro,12,late,CAD,fixed,Base,80,80,2019-01,2025-08,0.06319414849,0.9642079312,1.243580922,0.01552303605,-0.02924138926,,0.01504510313,1
real_12,macro,12,late,CAD,dynamic,Base,80,80,2019-01,2025-08,0.06141378436,0.9370433716,1.208545607,0.01552303605,-0.02841192104,,0.009862048903,1
real_12,macro,12,late,CAD,annual,Base,80,80,2019-01,2025-08,0.04737856287,1.019646853,0.9323501984,0.01552303605,0.0006413704891,,0.6810685854,1
real_12,macro,12,late,CAD,structure,Base,80,80,2019-01,2025-08,0.04823721516,1.095803204,0.9492473895,0.01552303605,0.03505693368,,0.6554907046,1
real_12,macro,12,late,CAD,All,Base,80,80,2019-01,2025-08,0.07764880808,1.763945377,1.528030342,0.01552303605,0.05206699851,,0.05680337869,1
real_12,macro,12,late,SEK,Base,Base,80,80,2019-01,2025-08,0.1123691475,1,1.074273105,0.004425975912,-0.03487980193,,,
real_12,macro,12,late,SEK,fixed,Base,80,80,2019-01,2025-08,0.1129170764,1.004876151,1.079511423,0.004425975912,-0.03608699785,,0.06047431394,1
real_12,macro,12,late,SEK,dynamic,Base,80,80,2019-01,2025-08,0.1135127631,1.01017731,1.085206315,0.004425975912,-0.03527680147,,0.07732616759,1
real_12,macro,12,late,SEK,annual,Base,80,80,2019-01,2025-08,0.09899521237,1.004907089,0.9464154224,0.004425975912,0.01090441097,,0.3126106333,1
real_12,macro,12,late,SEK,structure,Base,80,80,2019-01,2025-08,0.1007615273,1.067224293,0.9633017715,0.004425975912,0.008993849828,,0.008001141365,1
real_12,macro,12,late,SEK,All,Base,80,80,2019-01,2025-08,0.1027691878,1.0884886,0.9824954349,0.004425975912,0.008878793782,,0.004545938844,0.9910146679
persistent_12,macro,12,all,POOL,Base,Base,912,152,2013-01,2025-08,0.08567297936,1,1.138479932,0.02166134591,-0.02609978165,,,
persistent_12,macro,12,all,POOL,fixed,Base,912,152,2013-01,2025-08,0.08624536413,1.006681042,1.146086164,0.02166134591,-0.02698287258,,0.01433011632,1
persistent_12,macro,12,all,POOL,dynamic,Base,912,152,2013-01,2025-08,0.08697118216,1.015153002,1.15573132,0.02166134591,-0.02757472755,,0.03588092177,1
persistent_12,macro,12,all,POOL,annual,Base,828,138,2014-03,2025-08,0.1050349907,1.032122403,1.369634194,0.02125252225,-0.02174830435,,0.01529334025,1
persistent_12,macro,12,all,POOL,structure,Base,612,102,2017-03,2025-08,0.06738792862,1.037354992,1.004576234,0.0140200043,0.01177255006,,0.188242317,1
persistent_12,macro,12,all,POOL,All,Base,612,102,2017-03,2025-08,0.0684856833,1.054253587,1.02094086,0.0140200043,0.01457507428,,0.5207656583,1
persistent_12,macro,12,all,BRL,Base,Base,152,152,2013-01,2025-08,0.1244912988,1,1.100625899,0.03173484567,-0.03638397385,,,
persistent_12,macro,12,all,BRL,fixed,Base,152,152,2013-01,2025-08,0.1248424026,1.002820308,1.103730003,0.03173484567,-0.03687960375,,0.4346420495,1
persistent_12,macro,12,all,BRL,dynamic,Base,152,152,2013-01,2025-08,0.1253478275,1.00688023,1.108198457,0.03173484567,-0.0359831833,,0.4968265466,1
persistent_12,macro,12,all,BRL,annual,Base,138,138,2014-03,2025-08,0.1539393608,0.9737242276,1.316775917,0.03151628553,-0.04642512618,,0.5205442948,1
persistent_12,macro,12,all,BRL,structure,Base,102,102,2017-03,2025-08,0.09662103226,1.013890974,0.9818715159,0.03104762297,0.01007419936,,0.7720600839,1
persistent_12,macro,12,all,BRL,All,Base,102,102,2017-03,2025-08,0.09820482315,1.030510454,0.9979661397,0.03104762297,0.009438861257,,0.776003923,1
persistent_12,macro,12,all,EUR,Base,Base,152,152,2013-01,2025-08,0.07418347138,1,1.235967974,0.01083732228,-0.03251101103,,,
persistent_12,macro,12,all,EUR,fixed,Base,152,152,2013-01,2025-08,0.07472013108,1.007234222,1.24490924,0.01083732228,-0.0339777569,,0.1374417088,1
persistent_12,macro,12,all,EUR,dynamic,Base,152,152,2013-01,2025-08,0.0756762946,1.020123394,1.260839844,0.01083732228,-0.03513005775,,0.05008097935,1
persistent_12,macro,12,all,EUR,annual,Base,138,138,2014-03,2025-08,0.08375252054,1.057155356,1.357543111,0.01187264101,-0.0136539044,,0.1476954864,1
persistent_12,macro,12,all,EUR,structure,Base,102,102,2017-03,2025-08,0.05427844511,1.062156552,1.023249826,0.0003446247589,0.007691949473,,0.0246301669,1
persistent_12,macro,12,all,EUR,All,Base,102,102,2017-03,2025-08,0.05382996264,1.05338035,1.014795096,0.0003446247589,0.01061918321,,0.4262776024,1
persistent_12,macro,12,all,JPY,Base,Base,152,152,2013-01,2025-08,0.08178721743,1,1.045214111,0.03717684098,-0.01344835934,,,
persistent_12,macro,12,all,JPY,fixed,Base,152,152,2013-01,2025-08,0.08421508472,1.029685168,1.076241467,0.03717684098,-0.01722293967,,0.09104278879,1
persistent_12,macro,12,all,JPY,dynamic,Base,152,152,2013-01,2025-08,0.08630783986,1.05527297,1.102986199,0.03717684098,-0.01972077992,,0.1152352616,1
persistent_12,macro,12,all,JPY,annual,Base,138,138,2014-03,2025-08,0.1296194409,1.128870361,1.663923876,0.0342495357,-0.0476964475,,0.1067632165,1
persistent_12,macro,12,all,JPY,structure,Base,102,102,2017-03,2025-08,0.07684457452,0.9974737209,1.010593312,0.0392150731,0.01465643038,,0.9321376296,1
persistent_12,macro,12,all,JPY,All,Base,102,102,2017-03,2025-08,0.0623890944,0.8098357305,0.8204873532,0.0392150731,0.0150297804,,0.3218062413,1
persistent_12,macro,12,all,GBP,Base,Base,152,152,2013-01,2025-08,0.06329861891,1,1.070606616,0.007770289538,-0.01555745955,,,
persistent_12,macro,12,all,GBP,fixed,Base,152,152,2013-01,2025-08,0.06340453663,1.001673302,1.072398064,0.007770289538,-0.01582882583,,0.4176713427,1
persistent_12,macro,12,all,GBP,dynamic,Base,152,152,2013-01,2025-08,0.06414115602,1.013310513,1.08485694,0.007770289538,-0.01677386145,,0.2018805126,1
persistent_12,macro,12,all,GBP,annual,Base,138,138,2014-03,2025-08,0.05357654864,0.9586208309,0.8990689758,0.01201626669,0.01768221993,,0.2914842583,1
persistent_12,macro,12,all,GBP,structure,Base,102,102,2017-03,2025-08,0.05274664099,1.143568217,1.053453487,-0.004748293529,0.007144149614,,0.07738237796,1
persistent_12,macro,12,all,GBP,All,Base,102,102,2017-03,2025-08,0.05382531118,1.166954217,1.074996638,-0.004748293529,0.00486713696,,0.24667488,1
persistent_12,macro,12,all,CAD,Base,Base,152,152,2013-01,2025-08,0.06352760408,1,1.364205602,0.01922152311,-0.02837172125,,,
persistent_12,macro,12,all,CAD,fixed,Base,152,152,2013-01,2025-08,0.06297148325,0.991245997,1.352263343,0.01922152311,-0.02678263724,,0.2387199093,1
persistent_12,macro,12,all,CAD,dynamic,Base,152,152,2013-01,2025-08,0.06256918993,0.984913422,1.343624408,0.01922152311,-0.02597017519,,0.182264926,1
persistent_12,macro,12,all,CAD,annual,Base,138,138,2014-03,2025-08,0.07729396867,1.020868025,1.676446637,0.01609911275,-0.02322488504,,0.1950971427,1
persistent_12,macro,12,all,CAD,structure,Base,102,102,2017-03,2025-08,0.03726685765,1.113466477,1.047583098,0.00880143606,0.02536113066,,0.4373365537,1
persistent_12,macro,12,all,CAD,All,Base,102,102,2017-03,2025-08,0.06135574553,1.83319899,1.724729317,0.00880143606,0.04350092502,,0.008943537943,1
persistent_12,macro,12,all,SEK,Base,Base,152,152,2013-01,2025-08,0.09113871237,1,1.197341259,0.02322725388,-0.0303261649,,,
persistent_12,macro,12,all,SEK,fixed,Base,152,152,2013-01,2025-08,0.09155943461,1.004616285,1.202868527,0.02322725388,-0.03120547212,,0.09562408725,1
persistent_12,macro,12,all,SEK,dynamic,Base,152,152,2013-01,2025-08,0.09201578718,1.009623515,1.208863891,0.02322725388,-0.03187030772,,0.2055173049,1
persistent_12,macro,12,all,SEK,annual,Base,138,138,2014-03,2025-08,0.09917802416,1.055590014,1.273174598,0.02176129185,-0.01717168293,,0.1185889751,1
persistent_12,macro,12,all,SEK,structure,Base,102,102,2017-03,2025-08,0.06992073095,1.04884898,0.9940798464,0.00945956241,0.005707440902,,0.003257825298,0.7134637403
persistent_12,macro,12,all,SEK,All,Base,102,102,2017-03,2025-08,0.07103372438,1.065544487,1.009903542,0.00945956241,0.003994558806,,0.0485701149,1
persistent_12,macro,12,late,POOL,Base,Base,480,80,2019-01,2025-08,0.07495196451,1,1.075864498,0.01283281288,-0.01730199029,,,
persistent_12,macro,12,late,POOL,fixed,Base,480,80,2019-01,2025-08,0.07560221581,1.008675574,1.08519824,0.01283281288,-0.01783850612,,0.07733328506,1
persistent_12,macro,12,late,POOL,dynamic,Base,480,80,2019-01,2025-08,0.07548004324,1.007045562,1.083444568,0.01283281288,-0.01720886891,,0.3594809977,1
persistent_12,macro,12,late,POOL,annual,Base,480,80,2019-01,2025-08,0.07382799439,1.017695948,1.059730971,0.01283281288,-0.0004984171722,,0.0604086172,1
persistent_12,macro,12,late,POOL,structure,Base,480,80,2019-01,2025-08,0.06891102751,1.022784433,0.9891525661,0.01283281288,0.012406467,,0.4590800458,1
persistent_12,macro,12,late,POOL,All,Base,480,80,2019-01,2025-08,0.06776852569,1.005827306,0.9727530341,0.01283281288,0.0172327902,,0.946041192,1
persistent_12,macro,12,late,BRL,Base,Base,80,80,2019-01,2025-08,0.1138522629,1,1.130219904,0.02171970189,-0.03110236364,,,
persistent_12,macro,12,late,BRL,fixed,Base,80,80,2019-01,2025-08,0.1134332462,0.9963196454,1.126060294,0.02171970189,-0.0300994326,,0.3165557178,1
persistent_12,macro,12,late,BRL,dynamic,Base,80,80,2019-01,2025-08,0.1127338177,0.9901763462,1.119117015,0.02171970189,-0.02806002751,,0.2152483677,1
persistent_12,macro,12,late,BRL,annual,Base,80,80,2019-01,2025-08,0.1108740208,1.020416109,1.100654673,0.02171970189,-0.01444592979,,0.3057381879,1
persistent_12,macro,12,late,BRL,structure,Base,80,80,2019-01,2025-08,0.09702908783,0.9759814763,0.9632149905,0.02171970189,0.01276890753,,0.5634382381,1
persistent_12,macro,12,late,BRL,All,Base,80,80,2019-01,2025-08,0.09395467468,0.9450570354,0.9326950618,0.02171970189,0.01684784087,,0.5516521014,1
persistent_12,macro,12,late,EUR,Base,Base,80,80,2019-01,2025-08,0.05608349558,1,1.074418924,-1.64181114e-05,-0.02069425616,,,
persistent_12,macro,12,late,EUR,fixed,Base,80,80,2019-01,2025-08,0.05701459318,1.016601989,1.092256415,-1.64181114e-05,-0.02183355578,,0.02054906664,1
persistent_12,macro,12,late,EUR,dynamic,Base,80,80,2019-01,2025-08,0.05711772488,1.018440885,1.094232159,-1.64181114e-05,-0.02124408976,,0.05015086008,1
persistent_12,macro,12,late,EUR,annual,Base,80,80,2019-01,2025-08,0.04927438701,1.00351237,0.9439735042,-1.64181114e-05,0.004874442848,,0.8399456335,1
persistent_12,macro,12,late,EUR,structure,Base,80,80,2019-01,2025-08,0.05115152775,1.068292403,0.9799348063,-1.64181114e-05,0.006729476149,,0.06412683855,1
persistent_12,macro,12,late,EUR,All,Base,80,80,2019-01,2025-08,0.05026611912,1.049800769,0.9629726007,-1.64181114e-05,0.01097750536,,0.5500386647,1
persistent_12,macro,12,late,JPY,Base,Base,80,80,2019-01,2025-08,0.08758422412,1,1.028528192,0.04940192225,-0.004965475043,,,
persistent_12,macro,12,late,JPY,fixed,Base,80,80,2019-01,2025-08,0.09111192649,1.040277829,1.069955074,0.04940192225,-0.008546631912,,0.01891802139,1
persistent_12,macro,12,late,JPY,dynamic,Base,80,80,2019-01,2025-08,0.09093214388,1.038225146,1.067843832,0.04940192225,-0.007361743258,,0.05179108616,1
persistent_12,macro,12,late,JPY,annual,Base,80,80,2019-01,2025-08,0.09818348927,1.038578968,1.152998587,0.04940192225,-0.01238755802,,0.1070472324,1
persistent_12,macro,12,late,JPY,structure,Base,80,80,2019-01,2025-08,0.08392970158,0.9846408765,0.9856120217,0.04940192225,0.0146225198,,0.5943689197,1
persistent_12,macro,12,late,JPY,All,Base,80,80,2019-01,2025-08,0.06632504588,0.7781077506,0.7788751935,0.04940192225,0.02757093629,,0.2246813301,1
persistent_12,macro,12,late,GBP,Base,Base,80,80,2019-01,2025-08,0.04974507785,1,0.9838425048,-0.006129890229,-0.00895921275,,,
persistent_12,macro,12,late,GBP,fixed,Base,80,80,2019-01,2025-08,0.04967244403,0.9985398794,0.9824059761,-0.006129890229,-0.009295067094,,0.4156016934,1
persistent_12,macro,12,late,GBP,dynamic,Base,80,80,2019-01,2025-08,0.05023715355,1.009891948,0.9935746234,-0.006129890229,-0.009637754108,,0.1823953179,1
persistent_12,macro,12,late,GBP,annual,Base,80,80,2019-01,2025-08,0.04875193986,0.9675973306,0.964200534,-0.006129890229,0.01361344744,,0.08158972812,1
persistent_12,macro,12,late,GBP,structure,Base,80,80,2019-01,2025-08,0.05510356368,1.1687915,1.089820952,-0.006129890229,0.009652406992,,0.07385522917,1
persistent_12,macro,12,late,GBP,All,Base,80,80,2019-01,2025-08,0.05654662656,1.19940004,1.118361396,-0.006129890229,0.005694881836,,0.2553405368,1
persistent_12,macro,12,late,CAD,Base,Base,80,80,2019-01,2025-08,0.04260384815,1,1.179587359,0.008894494997,-0.01841659641,,,
persistent_12,macro,12,late,CAD,fixed,Base,80,80,2019-01,2025-08,0.0412767588,0.9688504816,1.142843781,0.008894494997,-0.01686455923,,0.002890314332,0.635869153
persistent_12,macro,12,late,CAD,dynamic,Base,80,80,2019-01,2025-08,0.04091720651,0.9604110496,1.132888734,0.008894494997,-0.01681677487,,0.002225345894,0.4918014425
persistent_12,macro,12,late,CAD,annual,Base,80,80,2019-01,2025-08,0.03333299091,1.019556814,0.9229019544,0.008894494997,-0.0001161760744,,0.6256245614,1
persistent_12,macro,12,late,CAD,structure,Base,80,80,2019-01,2025-08,0.03734904509,1.167481527,1.034095824,0.008894494997,0.02613498517,,0.3905794796,1
persistent_12,macro,12,late,CAD,All,Base,80,80,2019-01,2025-08,0.05814838949,1.817641398,1.609974408,0.008894494997,0.0380486904,,0.0288103491,1
persistent_12,macro,12,late,SEK,Base,Base,80,80,2019-01,2025-08,0.0750894712,1,1.047753428,0.00312706646,-0.01967403771,,,
persistent_12,macro,12,late,SEK,fixed,Base,80,80,2019-01,2025-08,0.07552416411,1.005789,1.053818872,0.00312706646,-0.02039179011,,0.04372083249,1
persistent_12,macro,12,late,SEK,dynamic,Base,80,80,2019-01,2025-08,0.07579860968,1.009443914,1.057648321,0.00312706646,-0.02013282394,,0.06745655806,1
persistent_12,macro,12,late,SEK,annual,Base,80,80,2019-01,2025-08,0.0696748544,1.004169394,0.9722011142,0.00312706646,0.005471270566,,0.4605126236,1
persistent_12,macro,12,late,SEK,structure,Base,80,80,2019-01,2025-08,0.07060953822,1.046914399,0.9852431313,0.00312706646,0.004530506343,,0.01922925048,1
persistent_12,macro,12,late,SEK,All,Base,80,80,2019-01,2025-08,0.072273833,1.071590586,1.008465702,0.00312706646,0.004256886458,,0.0139447519,1
nominal_12,macro,12,all,POOL,EJR,EJR,912,152,2013-01,2025-08,0.1112689566,1,1.051087961,0.03019623985,-0.03025007695,,,
nominal_12,macro,12,all,POOL,Fixed,EJR,912,152,2013-01,2025-08,0.1174372097,1.055435525,1.109355574,0.03019623985,-0.0328757653,,0.2602965634,1
nominal_12,macro,12,all,POOL,Dynamic,EJR,912,152,2013-01,2025-08,0.1180954402,1.061351196,1.115573464,0.03019623985,-0.03290704024,,0.2264036817,1
nominal_12,macro,12,all,BRL,EJR,EJR,152,152,2013-01,2025-08,0.1668291951,1,0.9710050981,0.06922914063,-0.02336744119,,,
nominal_12,macro,12,all,BRL,Fixed,EJR,152,152,2013-01,2025-08,0.1664003376,0.9974293618,0.9685089953,0.06922914063,-0.02388638004,,0.9410098701,1
nominal_12,macro,12,all,BRL,Dynamic,EJR,152,152,2013-01,2025-08,0.166885402,1.000336913,0.9713322423,0.06922914063,-0.01841340464,,0.9938140445,1
nominal_12,macro,12,all,EUR,EJR,EJR,152,152,2013-01,2025-08,0.0785780235,1,0.9452602435,0.01057620501,-0.01758325128,,,
nominal_12,macro,12,all,EUR,Fixed,EJR,152,152,2013-01,2025-08,0.08052520964,1.024780289,0.9686840657,0.01057620501,-0.01758007336,,0.6121520199,1
nominal_12,macro,12,all,EUR,Dynamic,EJR,152,152,2013-01,2025-08,0.08095783932,1.030286023,0.9738884169,0.01057620501,-0.01794606781,,0.5576554317,1
nominal_12,macro,12,all,JPY,EJR,EJR,152,152,2013-01,2025-08,0.1255367956,1,1.348675746,0.03735903672,-0.05640372875,,,
nominal_12,macro,12,all,JPY,Fixed,EJR,152,152,2013-01,2025-08,0.144921629,1.154415551,1.556932253,0.03735903672,-0.08020512673,,0.007855199271,1
nominal_12,macro,12,all,JPY,Dynamic,EJR,152,152,2013-01,2025-08,0.146134797,1.164079394,1.569965645,0.03735903672,-0.08100324631,,0.01180820183,1
nominal_12,macro,12,all,GBP,EJR,EJR,152,152,2013-01,2025-08,0.08473814356,1,1.05035509,0.01226684547,-0.02888487211,,,
nominal_12,macro,12,all,GBP,Fixed,EJR,152,152,2013-01,2025-08,0.0853029732,1.006665589,1.057356325,0.01226684547,-0.02986256329,,0.9377076107,1
nominal_12,macro,12,all,GBP,Dynamic,EJR,152,152,2013-01,2025-08,0.08695606885,1.026173872,1.077846949,0.01226684547,-0.03181195284,,0.6910580016,1
nominal_12,macro,12,all,CAD,EJR,EJR,152,152,2013-01,2025-08,0.06293423835,1,0.9773959454,0.02313814188,-0.01523255286,,,
nominal_12,macro,12,all,CAD,Fixed,EJR,152,152,2013-01,2025-08,0.06969269909,1.107389251,1.082357764,0.02313814188,0.0002752136989,,0.313054056,1
nominal_12,macro,12,all,CAD,Dynamic,EJR,152,152,2013-01,2025-08,0.06967990198,1.10718591,1.08215902,0.02313814188,-0.001802028695,,0.2627433125,1
nominal_12,macro,12,all,SEK,EJR,EJR,152,152,2013-01,2025-08,0.1156608824,1,1.078969852,0.02860806936,-0.04002861553,,,
nominal_12,macro,12,all,SEK,Fixed,EJR,152,152,2013-01,2025-08,0.124256426,1.074316774,1.15915541,0.02860806936,-0.04599566211,,0.2788141241,1
nominal_12,macro,12,all,SEK,Dynamic,EJR,152,152,2013-01,2025-08,0.124508085,1.076492608,1.16150307,0.02860806936,-0.04646554115,,0.2493115576,1
nominal_12,macro,12,late,POOL,EJR,EJR,480,80,2019-01,2025-08,0.1092278455,1,1.160869736,0.01482900717,-0.04156807512,,,
nominal_12,macro,12,late,POOL,Fixed,EJR,480,80,2019-01,2025-08,0.1245899002,1.140642293,1.324137117,0.01482900717,-0.05533649344,,0.04926033805,1
nominal_12,macro,12,late,POOL,Dynamic,EJR,480,80,2019-01,2025-08,0.1237522528,1.132973485,1.31523463,0.01482900717,-0.05440490724,,0.08367471666,1
nominal_12,macro,12,late,BRL,EJR,EJR,80,80,2019-01,2025-08,0.1568497614,1,1.100788804,0.0417517998,-0.05318076424,,,
nominal_12,macro,12,late,BRL,Fixed,EJR,80,80,2019-01,2025-08,0.1649182394,1.051440805,1.157414267,0.0417517998,-0.07731233695,,0.2108258116,1
nominal_12,macro,12,late,BRL,Dynamic,EJR,80,80,2019-01,2025-08,0.1627043552,1.037326125,1.141876985,0.0417517998,-0.07496973963,,0.4444248408,1
nominal_12,macro,12,late,EUR,EJR,EJR,80,80,2019-01,2025-08,0.07065881856,1,0.9725525828,-0.005831361108,-0.02368696589,,,
nominal_12,macro,12,late,EUR,Fixed,EJR,80,80,2019-01,2025-08,0.07998988574,1.13205807,1.100985999,-0.005831361108,-0.03101407896,,0.1090519322,1
nominal_12,macro,12,late,EUR,Dynamic,EJR,80,80,2019-01,2025-08,0.08086766894,1.14448091,1.113067865,-0.005831361108,-0.03019593815,,0.09060056816,1
nominal_12,macro,12,late,JPY,EJR,EJR,80,80,2019-01,2025-08,0.14529058,1,1.520605872,0.05468605715,-0.06668716168,,,
nominal_12,macro,12,late,JPY,Fixed,EJR,80,80,2019-01,2025-08,0.1705933364,1.174152766,1.78542359,0.05468605715,-0.09091249918,,0.0133120875,1
nominal_12,macro,12,late,JPY,Dynamic,EJR,80,80,2019-01,2025-08,0.1702304219,1.171654913,1.78162534,0.05468605715,-0.08717310735,,0.03633542667,1
nominal_12,macro,12,late,GBP,EJR,EJR,80,80,2019-01,2025-08,0.07257433647,1,1.02011678,-0.007073295636,-0.03291904398,,,
nominal_12,macro,12,late,GBP,Fixed,EJR,80,80,2019-01,2025-08,0.08692369687,1.197719485,1.221813744,-0.007073295636,-0.04279469147,,0.1040059908,1
nominal_12,macro,12,late,GBP,Dynamic,EJR,80,80,2019-01,2025-08,0.08563151324,1.179914518,1.203650599,-0.007073295636,-0.04246503041,,0.1124157625,1
nominal_12,macro,12,late,CAD,EJR,EJR,80,80,2019-01,2025-08,0.05189759108,1,1.086731808,0.006937096159,-0.02102904007,,,
nominal_12,macro,12,late,CAD,Fixed,EJR,80,80,2019-01,2025-08,0.07008249387,1.350399747,1.467522359,0.006937096159,-0.02102838057,,0.04632631806,1
nominal_12,macro,12,late,CAD,Dynamic,EJR,80,80,2019-01,2025-08,0.06834477592,1.316916152,1.43113467,0.006937096159,-0.02371551301,,0.04935788216,1
nominal_12,macro,12,late,SEK,EJR,EJR,80,80,2019-01,2025-08,0.1136664869,1,1.080512672,-0.001496253352,-0.05190547486,,,
nominal_12,macro,12,late,SEK,Fixed,EJR,80,80,2019-01,2025-08,0.1340525285,1.179349623,1.274302213,-0.001496253352,-0.06895697349,,0.09485467739,1
nominal_12,macro,12,late,SEK,Dynamic,EJR,80,80,2019-01,2025-08,0.1337657368,1.176826525,1.271575973,-0.001496253352,-0.06791011492,,0.09226483396,1
real_36,macro,36,all,POOL,Base,Base,768,128,2013-01,2023-08,0.2974298069,1,1.797434739,0.09486921694,-0.1655830776,,,
real_36,macro,36,all,POOL,fixed,Base,768,128,2013-01,2023-08,0.290389244,0.9763286571,1.754887045,0.09486921694,-0.1592003238,,0.006829714805,1
real_36,macro,36,all,POOL,dynamic,Base,768,128,2013-01,2023-08,0.2909712663,0.9782854963,1.758404335,0.09486921694,-0.1570199769,,0.01366342215,1
real_36,macro,36,all,POOL,annual,Base,540,90,2016-03,2023-08,0.26694418,1.166751248,1.683893261,0.07685056502,-0.0724250011,,,
real_36,macro,36,all,POOL,structure,Base,324,54,2019-03,2023-08,0.1695084001,1.163808973,1.035076625,0.0771910983,-0.0192287698,,,
real_36,macro,36,all,POOL,All,Base,324,54,2019-03,2023-08,0.1697713732,1.165614491,1.036682429,0.0771910983,-0.0155169295,,,
real_36,macro,36,all,BRL,Base,Base,128,128,2013-01,2023-08,0.4360235579,1,1.921997709,0.1335940832,-0.2611639484,,,
real_36,macro,36,all,BRL,fixed,Base,128,128,2013-01,2023-08,0.4264296378,0.977996785,1.879707581,0.1335940832,-0.2466736654,,0.000168377008,0.03771644978
real_36,macro,36,all,BRL,dynamic,Base,128,128,2013-01,2023-08,0.4387414738,1.006233415,1.93397832,0.1335940832,-0.2564582604,,0.641320178,1
real_36,macro,36,all,BRL,annual,Base,90,90,2016-03,2023-08,0.49308147,1.261796951,2.077804519,0.1309492412,-0.1984652941,,,
real_36,macro,36,all,BRL,structure,Base,54,54,2019-03,2023-08,0.1345688573,0.900457875,1.057744053,0.02094579309,-0.03107731294,,,
real_36,macro,36,all,BRL,All,Base,54,54,2019-03,2023-08,0.1868339733,1.250186157,1.468560617,0.02094579309,-0.06556789913,,,
real_36,macro,36,all,EUR,Base,Base,128,128,2013-01,2023-08,0.2519265742,1,2.322608125,0.05100170997,-0.1781475704,,,
real_36,macro,36,all,EUR,fixed,Base,128,128,2013-01,2023-08,0.2434649996,0.9664125366,2.244597609,0.05100170997,-0.1702658559,,0.04121585627,1
real_36,macro,36,all,EUR,dynamic,Base,128,128,2013-01,2023-08,0.2416050497,0.9590296321,2.227450015,0.05100170997,-0.1675053252,,0.04568529311,1
real_36,macro,36,all,EUR,annual,Base,90,90,2016-03,2023-08,0.1257799889,0.9273003588,1.676789361,0.02420839356,-0.02419004924,,,
real_36,macro,36,all,EUR,structure,Base,54,54,2019-03,2023-08,0.07288154734,0.9578338243,0.7905993968,0.02661829657,-0.004908836305,,,
real_36,macro,36,all,EUR,All,Base,54,54,2019-03,2023-08,0.07232854391,0.9505660671,0.7846005645,0.02661829657,0.005552887838,,,
real_36,macro,36,all,JPY,Base,Base,128,128,2013-01,2023-08,0.2842992944,1,1.270812722,0.1560326861,-0.09931070285,,,
real_36,macro,36,all,JPY,fixed,Base,128,128,2013-01,2023-08,0.2627829692,0.9243180495,1.174635137,0.1560326861,-0.08322354954,,0.1574104064,1
real_36,macro,36,all,JPY,dynamic,Base,128,128,2013-01,2023-08,0.2566639077,0.9027947406,1.147283042,0.1560326861,-0.07485232871,,0.07499093684,1
real_36,macro,36,all,JPY,annual,Base,90,90,2016-03,2023-08,0.2513955727,0.9732544679,0.9819595475,0.1977823734,-0.007507066907,,,
real_36,macro,36,all,JPY,structure,Base,54,54,2019-03,2023-08,0.3494730242,1.239482469,1.073887638,0.3005723777,-0.03977143582,,,
real_36,macro,36,all,JPY,All,Base,54,54,2019-03,2023-08,0.3230875499,1.145900617,0.9928083199,0.3005723777,-0.01497984338,,,
real_36,macro,36,all,GBP,Base,Base,128,128,2013-01,2023-08,0.1917964218,1,1.584342758,0.05343515789,-0.10383787,,,
real_36,macro,36,all,GBP,fixed,Base,128,128,2013-01,2023-08,0.1901272213,0.9912970196,1.570554254,0.05343515789,-0.1024610793,,0.4681854581,1
real_36,macro,36,all,GBP,dynamic,Base,128,128,2013-01,2023-08,0.1852907183,0.9660801622,1.530602109,0.05343515789,-0.09683385599,,0.1041739888,1
real_36,macro,36,all,GBP,annual,Base,90,90,2016-03,2023-08,0.0805954126,0.7294554435,1.122111575,-2.336547839e-05,0.001347480587,,,
real_36,macro,36,all,GBP,structure,Base,54,54,2019-03,2023-08,0.06712832341,0.8328349291,0.8329616666,-0.01047196094,-0.01948759443,,,
real_36,macro,36,all,GBP,All,Base,54,54,2019-03,2023-08,0.08411294072,1.043556452,1.043715256,-0.01047196094,-0.02036334722,,,
real_36,macro,36,all,CAD,Base,Base,128,128,2013-01,2023-08,0.2476894739,1,2.314611408,0.06959145153,-0.1694047502,,,
real_36,macro,36,all,CAD,fixed,Base,128,128,2013-01,2023-08,0.2551414719,1.03008605,2.384248923,0.06959145153,-0.1759933196,,0.1309341002,1
real_36,macro,36,all,CAD,dynamic,Base,128,128,2013-01,2023-08,0.2538161605,1.024735353,2.371864138,0.06959145153,-0.1740392739,,0.1333258647,1
real_36,macro,36,all,CAD,annual,Base,90,90,2016-03,2023-08,0.2028923328,1.416825602,3.116653296,0.04025855816,-0.1193613043,,,
real_36,macro,36,all,CAD,structure,Base,54,54,2019-03,2023-08,0.09325624411,2.156063523,1.180866478,0.06146760726,-0.0162615259,,,
real_36,macro,36,all,CAD,All,Base,54,54,2019-03,2023-08,0.08131134323,1.879900084,1.029612981,0.06146760726,0.004809503293,,,
real_36,macro,36,all,SEK,Base,Base,128,128,2013-01,2023-08,0.3134347888,1,1.986065143,0.105560213,-0.1816336239,,,
real_36,macro,36,all,SEK,fixed,Base,128,128,2013-01,2023-08,0.3074696997,0.9809686439,1.94826763,0.105560213,-0.1765844729,,0.01640340234,1
real_36,macro,36,all,SEK,dynamic,Base,128,128,2013-01,2023-08,0.3041166399,0.9702708532,1.927021121,0.105560213,-0.1724308175,,0.03169949059,1
real_36,macro,36,all,SEK,annual,Base,90,90,2016-03,2023-08,0.2403010123,1.151677266,2.037888355,0.06792818931,-0.08637377258,,,
real_36,macro,36,all,SEK,structure,Base,54,54,2019-03,2023-08,0.1168064873,1.099030542,0.8806206188,0.06401447611,-0.003865913374,,,
real_36,macro,36,all,SEK,All,Base,54,54,2019-03,2023-08,0.1213403349,1.141689449,0.914801937,0.06401447611,-0.002552878413,,,
real_36,macro,36,late,POOL,Base,Base,336,56,2019-01,2023-08,0.2617174009,1,1.61085972,0.0774288547,-0.1372065764,,,
real_36,macro,36,late,POOL,fixed,Base,336,56,2019-01,2023-08,0.2493618372,0.9527904387,1.534811739,0.0774288547,-0.1282050788,,,
real_36,macro,36,late,POOL,dynamic,Base,336,56,2019-01,2023-08,0.2485322325,0.9496205895,1.529705557,0.0774288547,-0.124564539,,,
real_36,macro,36,late,POOL,annual,Base,336,56,2019-01,2023-08,0.1629032105,0.9987440585,1.002662486,0.0774288547,0.006310984039,,,
real_36,macro,36,late,POOL,structure,Base,324,54,2019-03,2023-08,0.1695084001,1.163808973,1.035076625,0.0771910983,-0.0192287698,,,
real_36,macro,36,late,POOL,All,Base,324,54,2019-03,2023-08,0.1697713732,1.165614491,1.036682429,0.0771910983,-0.0155169295,,,
real_36,macro,36,late,BRL,Base,Base,56,56,2019-01,2023-08,0.3334442919,1,2.518505696,0.02844633326,-0.2697750406,,,
real_36,macro,36,late,BRL,fixed,Base,56,56,2019-01,2023-08,0.3198125261,0.9591183111,2.41554493,0.02844633326,-0.2490205945,,,
real_36,macro,36,late,BRL,dynamic,Base,56,56,2019-01,2023-08,0.3345151475,1.003211498,2.526593872,0.02844633326,-0.2593531423,,,
real_36,macro,36,late,BRL,annual,Base,56,56,2019-01,2023-08,0.2139504351,1.199203106,1.615968252,0.02844633326,-0.05379589357,,,
real_36,macro,36,late,BRL,structure,Base,54,54,2019-03,2023-08,0.1345688573,0.900457875,1.057744053,0.02094579309,-0.03107731294,,,
real_36,macro,36,late,BRL,All,Base,54,54,2019-03,2023-08,0.1868339733,1.250186157,1.468560617,0.02094579309,-0.06556789913,,,
real_36,macro,36,late,EUR,Base,Base,56,56,2019-01,2023-08,0.1904736245,1,2.082497177,0.02813659434,-0.1280476077,,,
real_36,macro,36,late,EUR,fixed,Base,56,56,2019-01,2023-08,0.1753834243,0.9207753814,1.917512132,0.02813659434,-0.1173134003,,,
real_36,macro,36,late,EUR,dynamic,Base,56,56,2019-01,2023-08,0.1736390547,0.9116173177,1.89844049,0.02813659434,-0.1132996301,,,
real_36,macro,36,late,EUR,annual,Base,56,56,2019-01,2023-08,0.08295513284,0.8827854568,0.9069698251,0.02813659434,0.0356103625,,,
real_36,macro,36,late,EUR,structure,Base,54,54,2019-03,2023-08,0.07288154734,0.9578338243,0.7905993968,0.02661829657,-0.004908836305,,,
real_36,macro,36,late,EUR,All,Base,54,54,2019-03,2023-08,0.07232854391,0.9505660671,0.7846005645,0.02661829657,0.005552887838,,,
real_36,macro,36,late,JPY,Base,Base,56,56,2019-01,2023-08,0.3779361726,1,1.178497224,0.2948757841,-0.06643405566,,,
real_36,macro,36,late,JPY,fixed,Base,56,56,2019-01,2023-08,0.3469971626,0.9181369443,1.082021841,0.2948757841,-0.04324651382,,,
real_36,macro,36,late,JPY,dynamic,Base,56,56,2019-01,2023-08,0.3400823784,0.8998407748,1.060459856,0.2948757841,-0.0336407927,,,
real_36,macro,36,late,JPY,annual,Base,56,56,2019-01,2023-08,0.2645188769,0.8893888066,0.8248344162,0.2948757841,0.05399583712,,,
real_36,macro,36,late,JPY,structure,Base,54,54,2019-03,2023-08,0.3494730242,1.239482469,1.073887638,0.3005723777,-0.03977143582,,,
real_36,macro,36,late,JPY,All,Base,54,54,2019-03,2023-08,0.3230875499,1.145900617,0.9928083199,0.3005723777,-0.01497984338,,,
real_36,macro,36,late,GBP,Base,Base,56,56,2019-01,2023-08,0.1290283971,1,1.630042411,-0.01036988052,-0.08219928195,,,
real_36,macro,36,late,GBP,fixed,Base,56,56,2019-01,2023-08,0.1229901987,0.9532025615,1.553760602,-0.01036988052,-0.07949275216,,,
real_36,macro,36,late,GBP,dynamic,Base,56,56,2019-01,2023-08,0.1157425303,0.8970314509,1.462199309,-0.01036988052,-0.07272308095,,,
real_36,macro,36,late,GBP,annual,Base,56,56,2019-01,2023-08,0.09339588305,1.029218664,1.179889496,-0.01036988052,0.01491303757,,,
real_36,macro,36,late,GBP,structure,Base,54,54,2019-03,2023-08,0.06712832341,0.8328349291,0.8329616666,-0.01047196094,-0.01948759443,,,
real_36,macro,36,late,GBP,All,Base,54,54,2019-03,2023-08,0.08411294072,1.043556452,1.043715256,-0.01047196094,-0.02036334722,,,
real_36,macro,36,late,CAD,Base,Base,56,56,2019-01,2023-08,0.1911872292,1,2.457858736,0.05821218292,-0.1277176815,,,
real_36,macro,36,late,CAD,fixed,Base,56,56,2019-01,2023-08,0.2048766243,1.071602037,2.633846428,0.05821218292,-0.1375258691,,,
real_36,macro,36,late,CAD,dynamic,Base,56,56,2019-01,2023-08,0.1997548136,1.044812535,2.568001617,0.05821218292,-0.1327191783,,,
real_36,macro,36,late,CAD,annual,Base,56,56,2019-01,2023-08,0.08780976798,1.35194944,1.128862039,0.05821218292,-0.01812466433,,,
real_36,macro,36,late,CAD,structure,Base,54,54,2019-03,2023-08,0.09325624411,2.156063523,1.180866478,0.06146760726,-0.0162615259,,,
real_36,macro,36,late,CAD,All,Base,54,54,2019-03,2023-08,0.08131134323,1.879900084,1.029612981,0.06146760726,0.004809503293,,,
real_36,macro,36,late,SEK,Base,Base,56,56,2019-01,2023-08,0.2597576866,1,1.973486713,0.06527211412,-0.1490657909,,,
real_36,macro,36,late,SEK,fixed,Base,56,56,2019-01,2023-08,0.2500810005,0.9627472579,1.899968922,0.06527211412,-0.1426313432,,,
real_36,macro,36,late,SEK,dynamic,Base,56,56,2019-01,2023-08,0.2441400734,0.9398762233,1.854833239,0.06527211412,-0.1356514095,,,
real_36,macro,36,late,SEK,annual,Base,56,56,2019-01,2023-08,0.1420028541,1.056809199,1.078854487,0.06527211412,0.005267224936,,,
real_36,macro,36,late,SEK,structure,Base,54,54,2019-03,2023-08,0.1168064873,1.099030542,0.8806206188,0.06401447611,-0.003865913374,,,
real_36,macro,36,late,SEK,All,Base,54,54,2019-03,2023-08,0.1213403349,1.141689449,0.914801937,0.06401447611,-0.002552878413,,,
persistent_36,macro,36,all,POOL,Base,Base,768,128,2013-01,2023-08,0.270366266,1,1.742551655,0.08801133817,-0.1509757036,,,
persistent_36,macro,36,all,POOL,fixed,Base,768,128,2013-01,2023-08,0.2660633418,0.9840848333,1.714818655,0.08801133817,-0.1474600532,,0.03253133407,1
persistent_36,macro,36,all,POOL,dynamic,Base,768,128,2013-01,2023-08,0.2677692912,0.9903946051,1.725813758,0.08801133817,-0.1479063704,,0.312779116,1
persistent_36,macro,36,all,POOL,annual,Base,540,90,2016-03,2023-08,0.2533556242,1.197537334,1.803793726,0.06834606943,-0.07746408166,,,
persistent_36,macro,36,all,POOL,structure,Base,324,54,2019-03,2023-08,0.1428863875,1.109415562,0.9742065276,0.07030469082,-0.009987049398,,,
persistent_36,macro,36,all,POOL,All,Base,324,54,2019-03,2023-08,0.1292174146,1.00328529,0.8810107879,0.07030469082,-0.004932110527,,,
persistent_36,macro,36,all,BRL,Base,Base,128,128,2013-01,2023-08,0.3936364571,1,1.818253719,0.1279050438,-0.2336530423,,,
persistent_36,macro,36,all,BRL,fixed,Base,128,128,2013-01,2023-08,0.387183866,0.9836077399,1.788448431,0.1279050438,-0.224156522,,0.001460901243,0.324320076
persistent_36,macro,36,all,BRL,dynamic,Base,128,128,2013-01,2023-08,0.3947861802,1.002920774,1.823564426,0.1279050438,-0.2310334536,,0.7222011463,1
persistent_36,macro,36,all,BRL,annual,Base,90,90,2016-03,2023-08,0.4623664194,1.291597678,2.183768847,0.1201976863,-0.2105532114,,,
persistent_36,macro,36,all,BRL,structure,Base,54,54,2019-03,2023-08,0.1014971373,0.6972270077,0.7863730457,0.03041633591,-0.01325699763,,,
persistent_36,macro,36,all,BRL,All,Base,54,54,2019-03,2023-08,0.161201523,1.107361828,1.248946876,0.03041633591,-0.06162091818,,,
persistent_36,macro,36,all,EUR,Base,Base,128,128,2013-01,2023-08,0.2328126906,1,2.214559215,0.0508166302,-0.1632474992,,,
persistent_36,macro,36,all,EUR,fixed,Base,128,128,2013-01,2023-08,0.2287308788,0.9824673999,2.175732234,0.0508166302,-0.1592698768,,0.1440027315,1
persistent_36,macro,36,all,EUR,dynamic,Base,128,128,2013-01,2023-08,0.2307063252,0.9909525321,2.194523062,0.0508166302,-0.1603388384,,0.5964832119,1
persistent_36,macro,36,all,EUR,annual,Base,90,90,2016-03,2023-08,0.1149584237,0.9528466076,1.862380659,0.02260929168,-0.02216402585,,,
persistent_36,macro,36,all,EUR,structure,Base,54,54,2019-03,2023-08,0.05205924985,0.8795672451,0.6966839238,0.0283903719,-0.0007395774897,,,
persistent_36,macro,36,all,EUR,All,Base,54,54,2019-03,2023-08,0.04096732424,0.6921635756,0.5482460135,0.0283903719,0.01748316072,,,
persistent_36,macro,36,all,JPY,Base,Base,128,128,2013-01,2023-08,0.2535534414,1,1.257907091,0.13636417,-0.09228308856,,,
persistent_36,macro,36,all,JPY,fixed,Base,128,128,2013-01,2023-08,0.2403665837,0.9479918016,1.19248561,0.13636417,-0.08430428639,,0.238915606,1
persistent_36,macro,36,all,JPY,dynamic,Base,128,128,2013-01,2023-08,0.2407133481,0.9493594203,1.194205947,0.13636417,-0.08472325472,,0.2878999634,1
persistent_36,macro,36,all,JPY,annual,Base,90,90,2016-03,2023-08,0.2457299174,1.021185248,1.08960127,0.1670753888,-0.0216405238,,,
persistent_36,macro,36,all,JPY,structure,Base,54,54,2019-03,2023-08,0.2978025112,1.198854951,1.032349675,0.2608474116,0.002048779056,,,
persistent_36,macro,36,all,JPY,All,Base,54,54,2019-03,2023-08,0.2312808449,0.931060604,0.8017484612,0.2608474116,0.04900274368,,,
persistent_36,macro,36,all,GBP,Base,Base,128,128,2013-01,2023-08,0.173283265,1,1.575828344,0.04861456113,-0.09491964836,,,
persistent_36,macro,36,all,GBP,fixed,Base,128,128,2013-01,2023-08,0.1726134824,0.9961347531,1.569737378,0.04861456113,-0.09450394843,,0.6199665672,1
persistent_36,macro,36,all,GBP,dynamic,Base,128,128,2013-01,2023-08,0.1711658833,0.9877808067,1.556572993,0.04861456113,-0.09220520013,,0.4111595989,1
persistent_36,macro,36,all,GBP,annual,Base,90,90,2016-03,2023-08,0.06246782744,0.6223426527,0.9965628004,0.002523319432,0.006181469193,,,
persistent_36,macro,36,all,GBP,structure,Base,54,54,2019-03,2023-08,0.05719874937,0.9252851731,0.8159998384,-0.007291301516,-0.02206038833,,,
persistent_36,macro,36,all,GBP,All,Base,54,54,2019-03,2023-08,0.06243721814,1.010026143,0.890732061,-0.007291301516,-0.02404055101,,,
persistent_36,macro,36,all,CAD,Base,Base,128,128,2013-01,2023-08,0.2282143956,1,2.175044562,0.06504807615,-0.1539661637,,,
persistent_36,macro,36,all,CAD,fixed,Base,128,128,2013-01,2023-08,0.2316085182,1.014872517,2.20739295,0.06504807615,-0.1573709798,,0.3112760882,1
persistent_36,macro,36,all,CAD,dynamic,Base,128,128,2013-01,2023-08,0.2293098306,1.004800026,2.185484832,0.06504807615,-0.1548070811,,0.7088494221,1
persistent_36,macro,36,all,CAD,annual,Base,90,90,2016-03,2023-08,0.200968877,1.423449086,3.442741832,0.03437680498,-0.1250127166,,,
persistent_36,macro,36,all,CAD,structure,Base,54,54,2019-03,2023-08,0.08068910089,2.342306366,1.184428858,0.0494793138,-0.01443955688,,,
persistent_36,macro,36,all,CAD,All,Base,54,54,2019-03,2023-08,0.06345558277,1.842038315,0.9314594236,0.0494793138,-0.001665558796,,,
persistent_36,macro,36,all,SEK,Base,Base,128,128,2013-01,2023-08,0.2881628871,1,1.908902188,0.09931954775,-0.1677847797,,,
persistent_36,macro,36,all,SEK,fixed,Base,128,128,2013-01,2023-08,0.2851228429,0.9894502578,1.888763762,0.09931954775,-0.1651547058,,0.06968665859,1
persistent_36,macro,36,all,SEK,dynamic,Base,128,128,2013-01,2023-08,0.2851265499,0.9894631221,1.888788319,0.09931954775,-0.1643303946,,0.342473644,1
persistent_36,macro,36,all,SEK,annual,Base,90,90,2016-03,2023-08,0.2312193279,1.187099788,2.153076549,0.06329392535,-0.09159548156,,,
persistent_36,macro,36,all,SEK,structure,Base,54,54,2019-03,2023-08,0.1049691403,1.164903897,0.8852852996,0.05998601322,-0.01147455511,,,
persistent_36,macro,36,all,SEK,All,Base,54,54,2019-03,2023-08,0.1053695515,1.169347495,0.8886622749,0.05998601322,-0.008751539571,,,
persistent_36,macro,36,late,POOL,Base,Base,336,56,2019-01,2023-08,0.233750222,1,1.604067874,0.06947568564,-0.125437898,,,
persistent_36,macro,36,late,POOL,fixed,Base,336,56,2019-01,2023-08,0.2246171644,0.9609281333,1.541393948,0.06947568564,-0.1190079886,,,
persistent_36,macro,36,late,POOL,dynamic,Base,336,56,2019-01,2023-08,0.2243113604,0.9596198819,1.539295424,0.06947568564,-0.1169749973,,,
persistent_36,macro,36,late,POOL,annual,Base,336,56,2019-01,2023-08,0.1518309438,1.026942071,1.041911906,0.06947568564,-0.00268559938,,,
persistent_36,macro,36,late,POOL,structure,Base,324,54,2019-03,2023-08,0.1428863875,1.109415562,0.9742065276,0.07030469082,-0.009987049398,,,
persistent_36,macro,36,late,POOL,All,Base,324,54,2019-03,2023-08,0.1292174146,1.00328529,0.8810107879,0.07030469082,-0.004932110527,,,
persistent_36,macro,36,late,BRL,Base,Base,56,56,2019-01,2023-08,0.311114982,1,2.282823766,0.03879607845,-0.2411872533,,,
persistent_36,macro,36,late,BRL,fixed,Base,56,56,2019-01,2023-08,0.3016689084,0.9696379983,2.213512667,0.03879607845,-0.226533561,,,
persistent_36,macro,36,late,BRL,dynamic,Base,56,56,2019-01,2023-08,0.3103803519,0.9976387183,2.277433376,0.03879607845,-0.2348445994,,,
persistent_36,macro,36,late,BRL,annual,Base,56,56,2019-01,2023-08,0.2264558677,1.25224494,1.661632729,0.03879607845,-0.07427357472,,,
persistent_36,macro,36,late,BRL,structure,Base,54,54,2019-03,2023-08,0.1014971373,0.6972270077,0.7863730457,0.03041633591,-0.01325699763,,,
persistent_36,macro,36,late,BRL,All,Base,54,54,2019-03,2023-08,0.161201523,1.107361828,1.248946876,0.03041633591,-0.06162091818,,,
persistent_36,macro,36,late,EUR,Base,Base,56,56,2019-01,2023-08,0.169244201,1,2.303659867,0.02797372465,-0.1186836006,,,
persistent_36,macro,36,late,EUR,fixed,Base,56,56,2019-01,2023-08,0.1580856355,0.934068255,2.151775553,0.02797372465,-0.1109736526,,,
persistent_36,macro,36,late,EUR,dynamic,Base,56,56,2019-01,2023-08,0.157341842,0.9296734608,2.141651441,0.02797372465,-0.1086088865,,,
persistent_36,macro,36,late,EUR,annual,Base,56,56,2019-01,2023-08,0.05810286784,0.8339606405,0.7908645853,0.02797372465,0.03468452625,,,
persistent_36,macro,36,late,EUR,structure,Base,54,54,2019-03,2023-08,0.05205924985,0.8795672451,0.6966839238,0.0283903719,-0.0007395774897,,,
persistent_36,macro,36,late,EUR,All,Base,54,54,2019-03,2023-08,0.04096732424,0.6921635756,0.5482460135,0.0283903719,0.01748316072,,,
persistent_36,macro,36,late,JPY,Base,Base,56,56,2019-01,2023-08,0.3339506191,1,1.177031303,0.2544430885,-0.06352292326,,,
persistent_36,macro,36,late,JPY,fixed,Base,56,56,2019-01,2023-08,0.3108374353,0.9307886181,1.09556734,0.2544430885,-0.04671652958,,,
persistent_36,macro,36,late,JPY,dynamic,Base,56,56,2019-01,2023-08,0.3077385632,0.9215091859,1.084645157,0.2544430885,-0.0408079317,,,
persistent_36,macro,36,late,JPY,annual,Base,56,56,2019-01,2023-08,0.242148194,0.8893655433,0.8534675124,0.2544430885,0.04318328594,,,
persistent_36,macro,36,late,JPY,structure,Base,54,54,2019-03,2023-08,0.2978025112,1.198854951,1.032349675,0.2608474116,0.002048779056,,,
persistent_36,macro,36,late,JPY,All,Base,54,54,2019-03,2023-08,0.2312808449,0.931060604,0.8017484612,0.2608474116,0.04900274368,,,
persistent_36,macro,36,late,GBP,Base,Base,56,56,2019-01,2023-08,0.1099635975,1,1.589665212,-0.008307850246,-0.07553939937,,,
persistent_36,macro,36,late,GBP,fixed,Base,56,56,2019-01,2023-08,0.10557568,0.9600966357,1.526232222,-0.008307850246,-0.0736793914,,,
persistent_36,macro,36,late,GBP,dynamic,Base,56,56,2019-01,2023-08,0.1005014326,0.9139518425,1.45287745,-0.008307850246,-0.06898679269,,,
persistent_36,macro,36,late,GBP,annual,Base,56,56,2019-01,2023-08,0.0720295416,1.012196518,1.041279652,-0.008307850246,0.01191906737,,,
persistent_36,macro,36,late,GBP,structure,Base,54,54,2019-03,2023-08,0.05719874937,0.9252851731,0.8159998384,-0.007291301516,-0.02206038833,,,
persistent_36,macro,36,late,GBP,All,Base,54,54,2019-03,2023-08,0.06243721814,1.010026143,0.890732061,-0.007291301516,-0.02404055101,,,
persistent_36,macro,36,late,CAD,Base,Base,56,56,2019-01,2023-08,0.1635810395,1,2.415620901,0.04575541711,-0.1153641316,,,
persistent_36,macro,36,late,CAD,fixed,Base,56,56,2019-01,2023-08,0.173367659,1.059827347,2.560141089,0.04575541711,-0.1224851437,,,
persistent_36,macro,36,late,CAD,dynamic,Base,56,56,2019-01,2023-08,0.1695644967,1.036577939,2.503979334,0.04575541711,-0.1193985831,,,
persistent_36,macro,36,late,CAD,annual,Base,56,56,2019-01,2023-08,0.07863341095,1.510384951,1.161189045,0.04575541711,-0.02797943676,,,
persistent_36,macro,36,late,CAD,structure,Base,54,54,2019-03,2023-08,0.08068910089,2.342306366,1.184428858,0.0494793138,-0.01443955688,,,
persistent_36,macro,36,late,CAD,All,Base,54,54,2019-03,2023-08,0.06345558277,1.842038315,0.9314594236,0.0494793138,-0.001665558796,,,
persistent_36,macro,36,late,SEK,Base,Base,56,56,2019-01,2023-08,0.2280901152,1,1.957921792,0.05819365542,-0.1383300797,,,
persistent_36,macro,36,late,SEK,fixed,Base,56,56,2019-01,2023-08,0.2211324135,0.9694958207,1.898196995,0.05819365542,-0.1336596535,,,
persistent_36,macro,36,late,SEK,dynamic,Base,56,56,2019-01,2023-08,0.2173601171,0.9529571979,1.865815665,0.05819365542,-0.1292031905,,,
persistent_36,macro,36,late,SEK,annual,Base,56,56,2019-01,2023-08,0.116834899,1.080571282,1.002908849,0.05819365542,-0.003647464363,,,
persistent_36,macro,36,late,SEK,structure,Base,54,54,2019-03,2023-08,0.1049691403,1.164903897,0.8852852996,0.05998601322,-0.01147455511,,,
persistent_36,macro,36,late,SEK,All,Base,54,54,2019-03,2023-08,0.1053695515,1.169347495,0.8886622749,0.05998601322,-0.008751539571,,,
nominal_36,macro,36,all,POOL,EJR,EJR,768,128,2013-01,2023-08,0.2118997148,1,1.259054888,0.08875960848,-0.08801872874,,,
nominal_36,macro,36,all,POOL,Fixed,EJR,768,128,2013-01,2023-08,0.2372633034,1.11969619,1.409758961,0.08875960848,-0.1032552163,,0.2542404018,1
nominal_36,macro,36,all,POOL,Dynamic,EJR,768,128,2013-01,2023-08,0.2385325675,1.125686119,1.41730061,0.08875960848,-0.1043437055,,0.2288696168,1
nominal_36,macro,36,all,BRL,EJR,EJR,128,128,2013-01,2023-08,0.2919871234,1,1.014236885,0.205317067,-0.06202244699,,,
nominal_36,macro,36,all,BRL,Fixed,EJR,128,128,2013-01,2023-08,0.3063655879,1.049243488,1.064181447,0.205317067,-0.07337329963,,0.6745265605,1
nominal_36,macro,36,all,BRL,Dynamic,EJR,128,128,2013-01,2023-08,0.3013886247,1.032198342,1.046893631,0.205317067,-0.05902983691,,0.8103565351,1
nominal_36,macro,36,all,EUR,EJR,EJR,128,128,2013-01,2023-08,0.1022604218,1,1.014379753,0.03150513191,-0.05281162098,,,
nominal_36,macro,36,all,EUR,Fixed,EJR,128,128,2013-01,2023-08,0.1106364319,1.08190862,1.097466199,0.03150513191,-0.06121729958,,0.5238886828,1
nominal_36,macro,36,all,EUR,Dynamic,EJR,128,128,2013-01,2023-08,0.1110091511,1.085553424,1.101163415,0.03150513191,-0.06336523111,,0.5209987958,1
nominal_36,macro,36,all,JPY,EJR,EJR,128,128,2013-01,2023-08,0.291387235,1,1.722794941,0.0963110075,-0.1567473056,,,
nominal_36,macro,36,all,JPY,Fixed,EJR,128,128,2013-01,2023-08,0.3556701702,1.220609991,2.102860718,0.0963110075,-0.2217642582,,0.02133496483,1
nominal_36,macro,36,all,JPY,Dynamic,EJR,128,128,2013-01,2023-08,0.3625245126,1.24413313,2.143386262,0.0963110075,-0.2321690939,,0.01060953428,1
nominal_36,macro,36,all,GBP,EJR,EJR,128,128,2013-01,2023-08,0.1607658333,1,1.361859616,0.05376069503,-0.09343908592,,,
nominal_36,macro,36,all,GBP,Fixed,EJR,128,128,2013-01,2023-08,0.1681977303,1.046228088,1.424815782,0.05376069503,-0.1044330423,,0.6106642152,1
nominal_36,macro,36,all,GBP,Dynamic,EJR,128,128,2013-01,2023-08,0.171583231,1.067286671,1.453494615,0.05376069503,-0.108957703,,0.3490551267,1
nominal_36,macro,36,all,CAD,EJR,EJR,128,128,2013-01,2023-08,0.1064349904,1,1.03476784,0.05424614998,-0.04254792577,,,
nominal_36,macro,36,all,CAD,Fixed,EJR,128,128,2013-01,2023-08,0.1164712878,1.094295094,1.132341371,0.05424614998,-0.0155047448,,0.6682785935,1
nominal_36,macro,36,all,CAD,Dynamic,EJR,128,128,2013-01,2023-08,0.1166288144,1.09577512,1.133872854,0.05424614998,-0.01715114501,,0.6527100307,1
nominal_36,macro,36,all,SEK,EJR,EJR,128,128,2013-01,2023-08,0.2271886431,1,1.473095787,0.09141759945,-0.1205439872,,,
nominal_36,macro,36,all,SEK,Fixed,EJR,128,128,2013-01,2023-08,0.2516061403,1.107476751,1.631419337,0.09141759945,-0.1432386535,,0.2481307769,1
nominal_36,macro,36,all,SEK,Dynamic,EJR,128,128,2013-01,2023-08,0.2525103405,1.111456704,1.637282189,0.09141759945,-0.1453892231,,0.1979567467,1
nominal_36,macro,36,late,POOL,EJR,EJR,336,56,2019-01,2023-08,0.240347479,1,1.707643441,0.06884601979,-0.1328719586,,,
nominal_36,macro,36,late,POOL,Fixed,EJR,336,56,2019-01,2023-08,0.2952911005,1.228600782,2.098012066,0.06884601979,-0.1824013137,,,
nominal_36,macro,36,late,POOL,Dynamic,EJR,336,56,2019-01,2023-08,0.2942337297,1.224201439,2.090499558,0.06884601979,-0.1814871958,,,
nominal_36,macro,36,late,BRL,EJR,EJR,56,56,2019-01,2023-08,0.260379173,1,1.744188194,0.06977182948,-0.1788822436,,,
nominal_36,macro,36,late,BRL,Fixed,EJR,56,56,2019-01,2023-08,0.3375889481,1.296528229,2.261389231,0.06977182948,-0.2570781953,,,
nominal_36,macro,36,late,BRL,Dynamic,EJR,56,56,2019-01,2023-08,0.3383631024,1.29950141,2.266575018,0.06977182948,-0.2548026263,,,
nominal_36,macro,36,late,EUR,EJR,EJR,56,56,2019-01,2023-08,0.1163080222,1,1.345473852,0.0191549803,-0.07875198574,,,
nominal_36,macro,36,late,EUR,Fixed,EJR,56,56,2019-01,2023-08,0.1397965295,1.201950879,1.617193479,0.0191549803,-0.1075422176,,,
nominal_36,macro,36,late,EUR,Dynamic,EJR,56,56,2019-01,2023-08,0.1395475416,1.199810116,1.614313138,0.0191549803,-0.1067157938,,,
nominal_36,macro,36,late,JPY,EJR,EJR,56,56,2019-01,2023-08,0.4098952625,1,1.713578128,0.2168815013,-0.186640438,,,
nominal_36,macro,36,late,JPY,Fixed,EJR,56,56,2019-01,2023-08,0.4903695973,1.196329019,2.050003241,0.2168815013,-0.263042545,,,
nominal_36,macro,36,late,JPY,Dynamic,EJR,56,56,2019-01,2023-08,0.4883101222,1.191304626,2.041393551,0.2168815013,-0.2587503116,,,
nominal_36,macro,36,late,GBP,EJR,EJR,56,56,2019-01,2023-08,0.1400363411,1,1.808385424,0.005369016047,-0.1183248384,,,
nominal_36,macro,36,late,GBP,Fixed,EJR,56,56,2019-01,2023-08,0.1738346197,1.241353625,2.244845801,0.005369016047,-0.1576185989,,,
nominal_36,macro,36,late,GBP,Dynamic,EJR,56,56,2019-01,2023-08,0.1714665817,1.224443458,2.214265701,0.005369016047,-0.155965792,,,
nominal_36,macro,36,late,CAD,EJR,EJR,56,56,2019-01,2023-08,0.1059497858,1,1.66783779,0.03634424411,-0.06289445459,,,
nominal_36,macro,36,late,CAD,Fixed,EJR,56,56,2019-01,2023-08,0.1490725017,1.407010883,2.346665922,0.03634424411,-0.07659767541,,,
nominal_36,macro,36,late,CAD,Dynamic,EJR,56,56,2019-01,2023-08,0.1486596659,1.40311436,2.340167154,0.03634424411,-0.08198286238,,,
nominal_36,macro,36,late,SEK,EJR,EJR,56,56,2019-01,2023-08,0.2577342313,1,1.74355126,0.06555454751,-0.1717377911,,,
nominal_36,macro,36,late,SEK,Fixed,EJR,56,56,2019-01,2023-08,0.3110758895,1.206963809,2.10440327,0.06555454751,-0.2325286499,,,
nominal_36,macro,36,late,SEK,Dynamic,EJR,56,56,2019-01,2023-08,0.3090801844,1.199220541,2.090902486,0.06555454751,-0.230705789,,,
real_60,macro,60,all,POOL,Base,Base,624,104,2013-01,2021-08,0.4750169294,1,2.197089258,0.1536366143,-0.2880212715,,,
real_60,macro,60,all,POOL,fixed,Base,624,104,2013-01,2021-08,0.4549957255,0.9578515993,2.10448546,0.1536366143,-0.2679288029,,,
real_60,macro,60,all,POOL,dynamic,Base,624,104,2013-01,2021-08,0.4503015877,0.9479695561,2.082773729,0.1536366143,-0.2572923868,,,
real_60,macro,60,all,POOL,annual,Base,252,42,2018-03,2021-08,0.2243613405,1.089432758,1.050034897,0.132488229,-0.002823543716,,,
real_60,macro,60,all,POOL,structure,Base,36,6,2021-03,2021-08,0.2376232863,1.321205122,1.078759234,0.114740889,0.04332758375,,,
real_60,macro,60,all,POOL,All,Base,36,6,2021-03,2021-08,0.2519534178,1.400881838,1.143814986,0.114740889,0.06288810018,,,
real_60,macro,60,all,BRL,Base,Base,104,104,2013-01,2021-08,0.7229433163,1,2.432215443,0.2436527318,-0.4664007719,,,
real_60,macro,60,all,BRL,fixed,Base,104,104,2013-01,2021-08,0.7034388366,0.9730207344,2.366596056,0.2436527318,-0.4427813843,,,
real_60,macro,60,all,BRL,dynamic,Base,104,104,2013-01,2021-08,0.7277583392,1.006660305,2.448414739,0.2436527318,-0.4626582615,,,
real_60,macro,60,all,BRL,annual,Base,42,42,2018-03,2021-08,0.3771479808,1.288042427,1.870704191,0.1053595649,-0.1932651571,,,
real_60,macro,60,all,BRL,structure,Base,6,6,2021-03,2021-08,0.1176816646,0.842593993,0.9039511931,-0.1205275159,-0.007255616479,,,
real_60,macro,60,all,BRL,All,Base,6,6,2021-03,2021-08,0.199710593,1.429916433,1.534042108,-0.1205275159,0.07720073741,,,
real_60,macro,60,all,EUR,Base,Base,104,104,2013-01,2021-08,0.3889084631,1,3.394181693,0.0798209052,-0.304277952,,,
real_60,macro,60,all,EUR,fixed,Base,104,104,2013-01,2021-08,0.3602667846,0.9263536763,3.14421269,0.0798209052,-0.2755737936,,,
real_60,macro,60,all,EUR,dynamic,Base,104,104,2013-01,2021-08,0.3457463372,0.8890172625,3.017486118,0.0798209052,-0.2606602447,,,
real_60,macro,60,all,EUR,annual,Base,42,42,2018-03,2021-08,0.08531997061,0.9914178774,1.171427743,0.05684760107,0.0649683412,,,
real_60,macro,60,all,EUR,structure,Base,6,6,2021-03,2021-08,0.03091680744,0.4685317167,0.6032332839,0.04708108409,0.0739662292,,,
real_60,macro,60,all,EUR,All,Base,6,6,2021-03,2021-08,0.0154083512,0.2335073327,0.3006400422,0.04708108409,0.05531583624,,,
real_60,macro,60,all,JPY,Base,Base,104,104,2013-01,2021-08,0.4524959051,1,1.418861708,0.2580224274,-0.1520454483,,,
real_60,macro,60,all,JPY,fixed,Base,104,104,2013-01,2021-08,0.3852123474,0.8513057092,1.207885073,0.2580224274,-0.09081603964,,,
real_60,macro,60,all,JPY,dynamic,Base,104,104,2013-01,2021-08,0.3485119988,0.7701992324,1.092806199,0.2580224274,-0.05577524137,,,
real_60,macro,60,all,JPY,annual,Base,42,42,2018-03,2021-08,0.2896880607,0.8391449899,0.6499756417,0.4435694154,0.1571639925,,,
real_60,macro,60,all,JPY,structure,Base,6,6,2021-03,2021-08,0.52750496,1.385511582,1.097350697,0.4796957148,-0.04771436207,,,
real_60,macro,60,all,JPY,All,Base,6,6,2021-03,2021-08,0.5706832161,1.498920892,1.18717296,0.4796957148,-0.09051189584,,,
real_60,macro,60,all,GBP,Base,Base,104,104,2013-01,2021-08,0.2723695341,1,2.033108861,0.07773388206,-0.1867705652,,,
real_60,macro,60,all,GBP,fixed,Base,104,104,2013-01,2021-08,0.2629550261,0.9654347979,1.962834042,0.07773388206,-0.1774101525,,,
real_60,macro,60,all,GBP,dynamic,Base,104,104,2013-01,2021-08,0.246335611,0.9044169051,1.838778024,0.07773388206,-0.158579279,,,
real_60,macro,60,all,GBP,annual,Base,42,42,2018-03,2021-08,0.09198858702,1.003283068,1.635664862,-0.007482034603,0.02613775079,,,
real_60,macro,60,all,GBP,structure,Base,6,6,2021-03,2021-08,0.1053398449,0.7384962382,7.656910265,0.003617923801,0.1085988202,,,
real_60,macro,60,all,GBP,All,Base,6,6,2021-03,2021-08,0.1013775909,0.710718433,7.368903163,0.003617923801,0.1046212408,,,
real_60,macro,60,all,CAD,Base,Base,104,104,2013-01,2021-08,0.3937142659,1,3.138454549,0.09221796171,-0.2995407969,,,
real_60,macro,60,all,CAD,fixed,Base,104,104,2013-01,2021-08,0.4170016048,1.059147816,3.32408728,0.09221796171,-0.3218499482,,,
real_60,macro,60,all,CAD,dynamic,Base,104,104,2013-01,2021-08,0.41787155,1.061357401,3.331021963,0.09221796171,-0.3231138714,,,
real_60,macro,60,all,CAD,annual,Base,42,42,2018-03,2021-08,0.1591008218,1.876677227,1.701757342,0.08459823061,-0.05846782452,,,
real_60,macro,60,all,CAD,structure,Base,6,6,2021-03,2021-08,0.1811343504,7.582091382,1.211366865,0.1473477098,-0.03198273422,,,
real_60,macro,60,all,CAD,All,Base,6,6,2021-03,2021-08,0.06598561425,2.762087677,0.4412900506,0.1473477098,0.09997552944,,,
real_60,macro,60,all,SEK,Base,Base,104,104,2013-01,2021-08,0.4959849168,1,2.375539565,0.1703717775,-0.3190920947,,,
real_60,macro,60,all,SEK,fixed,Base,104,104,2013-01,2021-08,0.4754829881,0.9586642092,2.277344758,0.1703717775,-0.299141499,,,
real_60,macro,60,all,SEK,dynamic,Base,104,104,2013-01,2021-08,0.4590184208,0.9254685077,2.198487056,0.1703717775,-0.2829674226,,,
real_60,macro,60,all,SEK,annual,Base,42,42,2018-03,2021-08,0.1865846345,1.144793675,1.41303414,0.1120365966,-0.01347836519,,,
real_60,macro,60,all,SEK,structure,Base,6,6,2021-03,2021-08,0.04262059871,0.6461578685,0.3183632664,0.1312304175,0.1643531659,,,
real_60,macro,60,all,SEK,All,Base,6,6,2021-03,2021-08,0.02122639521,0.3218068891,0.158554894,0.1312304175,0.130727153,,,
real_60,macro,60,late,POOL,Base,Base,192,32,2019-01,2021-08,0.5024745398,1,2.354816974,0.1199300302,-0.3491578089,,,
real_60,macro,60,late,POOL,fixed,Base,192,32,2019-01,2021-08,0.4719589267,0.9392693346,2.211807372,0.1199300302,-0.3193609814,,,
real_60,macro,60,late,POOL,dynamic,Base,192,32,2019-01,2021-08,0.4629994271,0.9214385812,2.169819211,0.1199300302,-0.3032232889,,,
real_60,macro,60,late,POOL,annual,Base,192,32,2019-01,2021-08,0.1980240275,1.072427006,0.9280277987,0.1199300302,0.01948142014,,,
real_60,macro,60,late,POOL,structure,Base,36,6,2021-03,2021-08,0.2376232863,1.321205122,1.078759234,0.114740889,0.04332758375,,,
real_60,macro,60,late,POOL,All,Base,36,6,2021-03,2021-08,0.2519534178,1.400881838,1.143814986,0.114740889,0.06288810018,,,
real_60,macro,60,late,BRL,Base,Base,32,32,2019-01,2021-08,0.7403297906,1,3.915955371,0.06986705863,-0.6626337893,,,
real_60,macro,60,late,BRL,fixed,Base,32,32,2019-01,2021-08,0.7110059868,0.9603908905,3.760847866,0.06986705863,-0.6305492328,,,
real_60,macro,60,late,BRL,dynamic,Base,32,32,2019-01,2021-08,0.7440725264,1.005055498,3.935752476,0.06986705863,-0.6634792829,,,
real_60,macro,60,late,BRL,annual,Base,32,32,2019-01,2021-08,0.3186488311,1.31827487,1.68548479,0.06986705863,-0.1591794273,,,
real_60,macro,60,late,BRL,structure,Base,6,6,2021-03,2021-08,0.1176816646,0.842593993,0.9039511931,-0.1205275159,-0.007255616479,,,
real_60,macro,60,late,BRL,All,Base,6,6,2021-03,2021-08,0.199710593,1.429916433,1.534042108,-0.1205275159,0.07720073741,,,
real_60,macro,60,late,EUR,Base,Base,32,32,2019-01,2021-08,0.3539951192,1,6.491302692,0.04071503166,-0.3102433224,,,
real_60,macro,60,late,EUR,fixed,Base,32,32,2019-01,2021-08,0.3145029162,0.8884385666,5.767123659,0.04071503166,-0.270131421,,,
real_60,macro,60,late,EUR,dynamic,Base,32,32,2019-01,2021-08,0.2933640196,0.8287233461,5.379494087,0.04071503166,-0.2487421867,,,
real_60,macro,60,late,EUR,annual,Base,32,32,2019-01,2021-08,0.0844795933,1.102852057,1.549124781,0.04071503166,0.07822193825,,,
real_60,macro,60,late,EUR,structure,Base,6,6,2021-03,2021-08,0.03091680744,0.4685317167,0.6032332839,0.04708108409,0.0739662292,,,
real_60,macro,60,late,EUR,All,Base,6,6,2021-03,2021-08,0.0154083512,0.2335073327,0.3006400422,0.04708108409,0.05531583624,,,
real_60,macro,60,late,JPY,Base,Base,32,32,2019-01,2021-08,0.6100006422,1,1.327314522,0.4580943474,-0.1509888086,,,
real_60,macro,60,late,JPY,fixed,Base,32,32,2019-01,2021-08,0.5218370425,0.8554696609,1.135477304,0.4580943474,-0.06144660014,,,
real_60,macro,60,late,JPY,dynamic,Base,32,32,2019-01,2021-08,0.4735584118,0.776324448,1.030426713,0.4580943474,-0.0129486148,,,
real_60,macro,60,late,JPY,annual,Base,32,32,2019-01,2021-08,0.2819998632,0.8346180799,0.6136100319,0.4580943474,0.179386243,,,
real_60,macro,60,late,JPY,structure,Base,6,6,2021-03,2021-08,0.52750496,1.385511582,1.097350697,0.4796957148,-0.04771436207,,,
real_60,macro,60,late,JPY,All,Base,6,6,2021-03,2021-08,0.5706832161,1.498920892,1.18717296,0.4796957148,-0.09051189584,,,
real_60,macro,60,late,GBP,Base,Base,32,32,2019-01,2021-08,0.2150075298,1,4.038725399,-0.02540915534,-0.2358053956,,,
real_60,macro,60,late,GBP,fixed,Base,32,32,2019-01,2021-08,0.1974665586,0.9184169444,3.70923384,-0.02540915534,-0.21852657,,,
real_60,macro,60,late,GBP,dynamic,Base,32,32,2019-01,2021-08,0.1688605157,0.785370242,3.171894744,-0.02540915534,-0.1884703075,,,
real_60,macro,60,late,GBP,annual,Base,32,32,2019-01,2021-08,0.1005184747,1.031264156,1.88815023,-0.02540915534,0.03534197463,,,
real_60,macro,60,late,GBP,structure,Base,6,6,2021-03,2021-08,0.1053398449,0.7384962382,7.656910265,0.003617923801,0.1085988202,,,
real_60,macro,60,late,GBP,All,Base,6,6,2021-03,2021-08,0.1013775909,0.710718433,7.368903163,0.003617923801,0.1046212408,,,
real_60,macro,60,late,CAD,Base,Base,32,32,2019-01,2021-08,0.4172602436,1,4.272677368,0.08790368242,-0.3282699866,,,
real_60,macro,60,late,CAD,fixed,Base,32,32,2019-01,2021-08,0.4473963519,1.072223771,4.58126624,0.08790368242,-0.358330802,,,
real_60,macro,60,late,CAD,dynamic,Base,32,32,2019-01,2021-08,0.4476606923,1.072857285,4.583973043,0.08790368242,-0.3586409819,,,
real_60,macro,60,late,CAD,annual,Base,32,32,2019-01,2021-08,0.1327295343,2.231429473,1.359128952,0.08790368242,-0.03026078292,,,
real_60,macro,60,late,CAD,structure,Base,6,6,2021-03,2021-08,0.1811343504,7.582091382,1.211366865,0.1473477098,-0.03198273422,,,
real_60,macro,60,late,CAD,All,Base,6,6,2021-03,2021-08,0.06598561425,2.762087677,0.4412900506,0.1473477098,0.09997552944,,,
real_60,macro,60,late,SEK,Base,Base,32,32,2019-01,2021-08,0.4990471958,1,4.781287687,0.08840921661,-0.4070055507,,,
real_60,macro,60,late,SEK,fixed,Base,32,32,2019-01,2021-08,0.4696374527,0.941068213,4.499517859,0.08840921661,-0.3771812625,,,
real_60,macro,60,late,SEK,dynamic,Base,32,32,2019-01,2021-08,0.439696379,0.8810717356,4.212657441,0.08840921661,-0.3470583594,,,
real_60,macro,60,late,SEK,annual,Base,32,32,2019-01,2021-08,0.1391481139,1.21671633,1.333154798,0.08840921661,0.01337857522,,,
real_60,macro,60,late,SEK,structure,Base,6,6,2021-03,2021-08,0.04262059871,0.6461578685,0.3183632664,0.1312304175,0.1643531659,,,
real_60,macro,60,late,SEK,All,Base,6,6,2021-03,2021-08,0.02122639521,0.3218068891,0.158554894,0.1312304175,0.130727153,,,
persistent_60,macro,60,all,POOL,Base,Base,624,104,2013-01,2021-08,0.4497899334,1,2.263578101,0.1435997644,-0.2748692008,,,
persistent_60,macro,60,all,POOL,fixed,Base,624,104,2013-01,2021-08,0.4299707429,0.9559367851,2.163837572,0.1435997644,-0.2549254743,,,
persistent_60,macro,60,all,POOL,dynamic,Base,624,104,2013-01,2021-08,0.4255204763,0.9460426851,2.141441504,0.1435997644,-0.2442132311,,,
persistent_60,macro,60,all,POOL,annual,Base,252,42,2018-03,2021-08,0.2824328245,1.085061199,1.386097011,0.1361818112,-0.08000413146,,,
persistent_60,macro,60,all,POOL,structure,Base,36,6,2021-03,2021-08,0.2184967588,1.421524261,1.125990565,0.1041757786,0.02059548163,,,
persistent_60,macro,60,all,POOL,All,Base,36,6,2021-03,2021-08,0.2378706614,1.547569483,1.225831092,0.1041757786,0.02741500027,,,
persistent_60,macro,60,all,BRL,Base,Base,104,104,2013-01,2021-08,0.6820766659,1,2.53948058,0.2266733363,-0.4405577555,,,
persistent_60,macro,60,all,BRL,fixed,Base,104,104,2013-01,2021-08,0.6600047466,0.9676401196,2.457303292,0.2266733363,-0.4121497966,,,
persistent_60,macro,60,all,BRL,dynamic,Base,104,104,2013-01,2021-08,0.6842524048,1.003189874,2.547581203,0.2266733363,-0.4301447972,,,
persistent_60,macro,60,all,BRL,annual,Base,42,42,2018-03,2021-08,0.470913074,1.227449823,2.560972334,0.1140688098,-0.3053943029,,,
persistent_60,macro,60,all,BRL,structure,Base,6,6,2021-03,2021-08,0.01860430972,1.086928283,0.2129081186,-0.08032678332,-0.06886744476,,,
persistent_60,macro,60,all,BRL,All,Base,6,6,2021-03,2021-08,0.09340899671,5.457277479,1.068974557,-0.08032678332,0.01182429936,,,
persistent_60,macro,60,all,EUR,Base,Base,104,104,2013-01,2021-08,0.3716400122,1,3.454566649,0.07728202246,-0.2906462465,,,
persistent_60,macro,60,all,EUR,fixed,Base,104,104,2013-01,2021-08,0.3443534867,0.926578074,3.200925712,0.07728202246,-0.2635856925,,,
persistent_60,macro,60,all,EUR,dynamic,Base,104,104,2013-01,2021-08,0.3295808561,0.8868282351,3.063607245,0.07728202246,-0.2486795046,,,
persistent_60,macro,60,all,EUR,annual,Base,42,42,2018-03,2021-08,0.1130020345,0.8772008758,1.360123312,0.06974800454,0.0006222688418,,,
persistent_60,macro,60,all,EUR,structure,Base,6,6,2021-03,2021-08,0.0276624314,0.4860401481,0.678557099,0.03764545701,0.06399740401,,,
persistent_60,macro,60,all,EUR,All,Base,6,6,2021-03,2021-08,0.009068495553,0.1593371478,0.2224494277,0.03764545701,0.03935300179,,,
persistent_60,macro,60,all,JPY,Base,Base,104,104,2013-01,2021-08,0.4200302472,1,1.433110842,0.2310557201,-0.1448723544,,,
persistent_60,macro,60,all,JPY,fixed,Base,104,104,2013-01,2021-08,0.3570249931,0.8499982929,1.218141769,0.2310557201,-0.08812984277,,,
persistent_60,macro,60,all,JPY,dynamic,Base,104,104,2013-01,2021-08,0.3222137942,0.7671204546,1.099368641,0.2310557201,-0.05285094497,,,
persistent_60,macro,60,all,JPY,annual,Base,42,42,2018-03,2021-08,0.3395327302,0.8599144976,0.8016190189,0.4218775817,0.08318579484,,,
persistent_60,macro,60,all,JPY,structure,Base,6,6,2021-03,2021-08,0.4954145966,1.42841852,1.146528552,0.4316898631,-0.06355601322,,,
persistent_60,macro,60,all,JPY,All,Base,6,6,2021-03,2021-08,0.5644884071,1.627577589,1.306384755,0.4316898631,-0.1320987324,,,
persistent_60,macro,60,all,GBP,Base,Base,104,104,2013-01,2021-08,0.2680862452,1,2.03944711,0.07924534367,-0.1824732696,,,
persistent_60,macro,60,all,GBP,fixed,Base,104,104,2013-01,2021-08,0.260245136,0.970751542,1.979796427,0.07924534367,-0.1747885638,,,
persistent_60,macro,60,all,GBP,dynamic,Base,104,104,2013-01,2021-08,0.2434589673,0.9081367344,1.852096838,0.07924534367,-0.1562048875,,,
persistent_60,macro,60,all,GBP,annual,Base,42,42,2018-03,2021-08,0.1071460411,1.036617991,1.8543061,0.00973450872,-0.03154036668,,,
persistent_60,macro,60,all,GBP,structure,Base,6,6,2021-03,2021-08,0.08875228595,0.7431626193,8.502304605,-0.002249560652,0.08623689511,,,
persistent_60,macro,60,all,GBP,All,Base,6,6,2021-03,2021-08,0.06846411694,0.5732806984,6.558735592,-0.002249560652,0.06572196085,,,
persistent_60,macro,60,all,CAD,Base,Base,104,104,2013-01,2021-08,0.3722784092,1,3.197645073,0.0854533434,-0.2852988398,,,
persistent_60,macro,60,all,CAD,fixed,Base,104,104,2013-01,2021-08,0.3937963471,1.05780066,3.38247107,0.0854533434,-0.3050423719,,,
persistent_60,macro,60,all,CAD,dynamic,Base,104,104,2013-01,2021-08,0.3949456147,1.060887779,3.392342579,0.0854533434,-0.3068670102,,,
persistent_60,macro,60,all,CAD,annual,Base,42,42,2018-03,2021-08,0.2181653855,1.473791246,2.574211618,0.0780092169,-0.1255339708,,,
persistent_60,macro,60,all,CAD,structure,Base,6,6,2021-03,2021-08,0.1740342151,6.436302459,1.253643524,0.1375483775,-0.03501505973,,,
persistent_60,macro,60,all,CAD,All,Base,6,6,2021-03,2021-08,0.083226571,3.077965923,0.5995168919,0.1375483775,0.0604446027,,,
persistent_60,macro,60,all,SEK,Base,Base,104,104,2013-01,2021-08,0.4728997469,1,2.476644964,0.1618888206,-0.3053667391,,,
persistent_60,macro,60,all,SEK,fixed,Base,104,104,2013-01,2021-08,0.4525411688,0.956949484,2.370024121,0.1618888206,-0.2858565783,,,
persistent_60,macro,60,all,SEK,dynamic,Base,104,104,2013-01,2021-08,0.4364689266,0.9229629101,2.285851443,0.1618888206,-0.2705322424,,,
persistent_60,macro,60,all,SEK,annual,Base,42,42,2018-03,2021-08,0.2640498716,1.133882484,1.942715205,0.1236527455,-0.1013642121,,,
persistent_60,macro,60,all,SEK,structure,Base,6,6,2021-03,2021-08,0.04163138629,0.7680225142,0.4054985851,0.1007473177,0.1407771084,,,
persistent_60,macro,60,all,SEK,All,Base,6,6,2021-03,2021-08,0.02064151092,0.3807979154,0.2010527205,0.1007473177,0.1192448693,,,
persistent_60,macro,60,late,POOL,Base,Base,192,32,2019-01,2021-08,0.4878493476,1,2.447935462,0.1209994867,-0.3386217931,,,
persistent_60,macro,60,late,POOL,fixed,Base,192,32,2019-01,2021-08,0.457804448,0.9384135703,2.297175857,0.1209994867,-0.3100271155,,,
persistent_60,macro,60,late,POOL,dynamic,Base,192,32,2019-01,2021-08,0.4483538044,0.9190415167,2.24975432,0.1209994867,-0.2944431904,,,
persistent_60,macro,60,late,POOL,annual,Base,192,32,2019-01,2021-08,0.2404962751,1.08910687,1.206764677,0.1209994867,-0.05361183645,,,
persistent_60,macro,60,late,POOL,structure,Base,36,6,2021-03,2021-08,0.2184967588,1.421524261,1.125990565,0.1041757786,0.02059548163,,,
persistent_60,macro,60,late,POOL,All,Base,36,6,2021-03,2021-08,0.2378706614,1.547569483,1.225831092,0.1041757786,0.02741500027,,,
persistent_60,macro,60,late,BRL,Base,Base,32,32,2019-01,2021-08,0.7056805676,1,4.829048498,0.07024752716,-0.6323123173,,,
persistent_60,macro,60,late,BRL,fixed,Base,32,32,2019-01,2021-08,0.6772500877,0.95971197,4.634495647,0.07024752716,-0.6025868521,,,
persistent_60,macro,60,late,BRL,dynamic,Base,32,32,2019-01,2021-08,0.7067244437,1.001479247,4.836191856,0.07024752716,-0.6315028816,,,
persistent_60,macro,60,late,BRL,annual,Base,32,32,2019-01,2021-08,0.3873968362,1.273023318,2.650998477,0.07024752716,-0.270549221,,,
persistent_60,macro,60,late,BRL,structure,Base,6,6,2021-03,2021-08,0.01860430972,1.086928283,0.2129081186,-0.08032678332,-0.06886744476,,,
persistent_60,macro,60,late,BRL,All,Base,6,6,2021-03,2021-08,0.09340899671,5.457277479,1.068974557,-0.08032678332,0.01182429936,,,
persistent_60,macro,60,late,EUR,Base,Base,32,32,2019-01,2021-08,0.3508640749,1,6.616966565,0.04945284482,-0.3000863501,,,
persistent_60,macro,60,late,EUR,fixed,Base,32,32,2019-01,2021-08,0.3122151963,0.8898465777,5.888085053,0.04945284482,-0.2613780893,,,
persistent_60,macro,60,late,EUR,dynamic,Base,32,32,2019-01,2021-08,0.2921670865,0.8327073287,5.509996553,0.04945284482,-0.2412867694,,,
persistent_60,macro,60,late,EUR,annual,Base,32,32,2019-01,2021-08,0.0737492264,0.874628788,1.39084107,0.04945284482,0.01757264828,,,
persistent_60,macro,60,late,EUR,structure,Base,6,6,2021-03,2021-08,0.0276624314,0.4860401481,0.678557099,0.03764545701,0.06399740401,,,
persistent_60,macro,60,late,EUR,All,Base,6,6,2021-03,2021-08,0.009068495553,0.1593371478,0.2224494277,0.03764545701,0.03935300179,,,
persistent_60,macro,60,late,JPY,Base,Base,32,32,2019-01,2021-08,0.5904455795,1,1.341059368,0.4397474819,-0.1500904326,,,
persistent_60,macro,60,late,JPY,fixed,Base,32,32,2019-01,2021-08,0.5039308989,0.8534756061,1.144561457,0.4397474819,-0.06330805513,,,
persistent_60,macro,60,late,JPY,dynamic,Base,32,32,2019-01,2021-08,0.4593374649,0.7779505527,1.043277877,0.4397474819,-0.01845000257,,,
persistent_60,macro,60,late,JPY,annual,Base,32,32,2019-01,2021-08,0.3328518124,0.867101288,0.7559952291,0.4397474819,0.1077242216,,,
persistent_60,macro,60,late,JPY,structure,Base,6,6,2021-03,2021-08,0.4954145966,1.42841852,1.146528552,0.4316898631,-0.06355601322,,,
persistent_60,macro,60,late,JPY,All,Base,6,6,2021-03,2021-08,0.5644884071,1.627577589,1.306384755,0.4316898631,-0.1320987324,,,
persistent_60,macro,60,late,GBP,Base,Base,32,32,2019-01,2021-08,0.2217393167,1,6.547354488,-0.01419497221,-0.2331070238,,,
persistent_60,macro,60,late,GBP,fixed,Base,32,32,2019-01,2021-08,0.2045225322,0.9223557431,6.038990014,-0.01419497221,-0.2162408205,,,
persistent_60,macro,60,late,GBP,dynamic,Base,32,32,2019-01,2021-08,0.1769581306,0.7980458009,5.225088756,-0.01419497221,-0.1880251084,,,
persistent_60,macro,60,late,GBP,annual,Base,32,32,2019-01,2021-08,0.07470641316,1.127557885,2.205875696,-0.01419497221,-0.01477238099,,,
persistent_60,macro,60,late,GBP,structure,Base,6,6,2021-03,2021-08,0.08875228595,0.7431626193,8.502304605,-0.002249560652,0.08623689511,,,
persistent_60,macro,60,late,GBP,All,Base,6,6,2021-03,2021-08,0.06846411694,0.5732806984,6.558735592,-0.002249560652,0.06572196085,,,
persistent_60,macro,60,late,CAD,Base,Base,32,32,2019-01,2021-08,0.3993452689,1,4.533266212,0.08003005158,-0.3189176383,,,
persistent_60,macro,60,late,CAD,fixed,Base,32,32,2019-01,2021-08,0.4287154317,1.073545789,4.866668851,0.08003005158,-0.3481578394,,,
persistent_60,macro,60,late,CAD,dynamic,Base,32,32,2019-01,2021-08,0.4282534559,1.072388956,4.861424619,0.08003005158,-0.3475234709,,,
persistent_60,macro,60,late,CAD,annual,Base,32,32,2019-01,2021-08,0.1805242372,1.588529348,2.049265356,0.08003005158,-0.09053557004,,,
persistent_60,macro,60,late,CAD,structure,Base,6,6,2021-03,2021-08,0.1740342151,6.436302459,1.253643524,0.1375483775,-0.03501505973,,,
persistent_60,macro,60,late,CAD,All,Base,6,6,2021-03,2021-08,0.083226571,3.077965923,0.5995168919,0.1375483775,0.0604446027,,,
persistent_60,macro,60,late,SEK,Base,Base,32,32,2019-01,2021-08,0.4996201582,1,4.684161704,0.1007139869,-0.3972169962,,,
persistent_60,macro,60,late,SEK,fixed,Base,32,32,2019-01,2021-08,0.4709466289,0.9426093428,4.415334585,0.1007139869,-0.3684910366,,,
persistent_60,macro,60,late,SEK,dynamic,Base,32,32,2019-01,2021-08,0.4422664902,0.8852054564,4.146445499,0.1007139869,-0.3398709094,,,
persistent_60,macro,60,late,SEK,annual,Base,32,32,2019-01,2021-08,0.2062889129,1.228570739,1.934050518,0.1007139869,-0.07111071651,,,
persistent_60,macro,60,late,SEK,structure,Base,6,6,2021-03,2021-08,0.04163138629,0.7680225142,0.4054985851,0.1007473177,0.1407771084,,,
persistent_60,macro,60,late,SEK,All,Base,6,6,2021-03,2021-08,0.02064151092,0.3807979154,0.2010527205,0.1007473177,0.1192448693,,,
nominal_60,macro,60,all,POOL,EJR,EJR,624,104,2013-01,2021-08,0.298975991,1,1.35714553,0.1424785434,-0.1166127823,,,
nominal_60,macro,60,all,POOL,Fixed,EJR,624,104,2013-01,2021-08,0.2992136606,1.000794946,1.358224387,0.1424785434,-0.1150566685,,,
nominal_60,macro,60,all,POOL,Dynamic,EJR,624,104,2013-01,2021-08,0.2945979943,0.9853566949,1.337272434,0.1424785434,-0.1125397767,,,
nominal_60,macro,60,all,BRL,EJR,EJR,104,104,2013-01,2021-08,0.4283903957,1,1.062270896,0.3541489878,-0.06166720764,,,
nominal_60,macro,60,all,BRL,Fixed,EJR,104,104,2013-01,2021-08,0.4262336822,0.9949655419,1.056922938,0.3541489878,-0.05944644977,,,
nominal_60,macro,60,all,BRL,Dynamic,EJR,104,104,2013-01,2021-08,0.4263983266,0.9953498745,1.057331203,0.3541489878,-0.06022101396,,,
nominal_60,macro,60,all,EUR,EJR,EJR,104,104,2013-01,2021-08,0.1274098231,1,1.323229751,0.04774771486,-0.06598375567,,,
nominal_60,macro,60,all,EUR,Fixed,EJR,104,104,2013-01,2021-08,0.1256028833,0.9858178923,1.304463564,0.04774771486,-0.0624861024,,,
nominal_60,macro,60,all,EUR,Dynamic,EJR,104,104,2013-01,2021-08,0.1215581408,0.9540719688,1.262456414,0.04774771486,-0.05903553761,,,
nominal_60,macro,60,all,JPY,EJR,EJR,104,104,2013-01,2021-08,0.4013251847,1,1.739595685,0.1570530916,-0.2087048925,,,
nominal_60,macro,60,all,JPY,Fixed,EJR,104,104,2013-01,2021-08,0.4092608346,1.019773616,1.773993782,0.1570530916,-0.2205002314,,,
nominal_60,macro,60,all,JPY,Dynamic,EJR,104,104,2013-01,2021-08,0.3936495776,0.9808743448,1.706324778,0.1570530916,-0.2091120464,,,
nominal_60,macro,60,all,GBP,EJR,EJR,104,104,2013-01,2021-08,0.2224127924,1,1.684089249,0.0779745646,-0.1390401174,,,
nominal_60,macro,60,all,GBP,Fixed,EJR,104,104,2013-01,2021-08,0.2202790166,0.9904062362,1.667932495,0.0779745646,-0.1366334802,,,
nominal_60,macro,60,all,GBP,Dynamic,EJR,104,104,2013-01,2021-08,0.216893923,0.9751863669,1.642300876,0.0779745646,-0.1336330838,,,
nominal_60,macro,60,all,CAD,EJR,EJR,104,104,2013-01,2021-08,0.1321730384,1,1.163120858,0.06741247144,-0.05905108116,,,
nominal_60,macro,60,all,CAD,Fixed,EJR,104,104,2013-01,2021-08,0.1235922875,0.9350794155,1.087610372,0.06741247144,-0.04726745251,,,
nominal_60,macro,60,all,CAD,Dynamic,EJR,104,104,2013-01,2021-08,0.1307363004,0.9891298708,1.150477584,0.06741247144,-0.05367477911,,,
nominal_60,macro,60,all,SEK,EJR,EJR,104,104,2013-01,2021-08,0.3294984048,1,1.743780506,0.1505344303,-0.1652296393,,,
nominal_60,macro,60,all,SEK,Fixed,EJR,104,104,2013-01,2021-08,0.3292860803,0.9993556128,1.742656836,0.1505344303,-0.1640062945,,,
nominal_60,macro,60,all,SEK,Dynamic,EJR,104,104,2013-01,2021-08,0.3241003103,0.9836172362,1.715212562,0.1505344303,-0.1595621996,,,
nominal_60,macro,60,late,POOL,EJR,EJR,192,32,2019-01,2021-08,0.3495633103,1,1.976737557,0.1091885525,-0.1977815944,,,
nominal_60,macro,60,late,POOL,Fixed,EJR,192,32,2019-01,2021-08,0.3555018463,1.016988442,2.010319248,0.1091885525,-0.2020595561,,,
nominal_60,macro,60,late,POOL,Dynamic,EJR,192,32,2019-01,2021-08,0.3472794476,0.9934665263,1.963822595,0.1091885525,-0.1957339685,,,
nominal_60,macro,60,late,BRL,EJR,EJR,32,32,2019-01,2021-08,0.4541017366,1,2.094423827,0.1362054437,-0.3112472619,,,
nominal_60,macro,60,late,BRL,Fixed,EJR,32,32,2019-01,2021-08,0.4688927777,1.032572087,2.162643581,0.1362054437,-0.3286711454,,,
nominal_60,macro,60,late,BRL,Dynamic,EJR,32,32,2019-01,2021-08,0.4697851469,1.034537217,2.166759397,0.1362054437,-0.3286381662,,,
nominal_60,macro,60,late,EUR,EJR,EJR,32,32,2019-01,2021-08,0.1389019285,1,3.573292384,0.02587847574,-0.1056238604,,,
nominal_60,macro,60,late,EUR,Fixed,EJR,32,32,2019-01,2021-08,0.1371507526,0.9873927173,3.528242876,0.02587847574,-0.1024422936,,,
nominal_60,macro,60,late,EUR,Dynamic,EJR,32,32,2019-01,2021-08,0.130180521,0.9372117609,3.348931647,0.02587847574,-0.0952637493,,,
nominal_60,macro,60,late,JPY,EJR,EJR,32,32,2019-01,2021-08,0.5588036632,1,1.601633845,0.346952944,-0.2100614264,,,
nominal_60,macro,60,late,JPY,Fixed,EJR,32,32,2019-01,2021-08,0.5653570833,1.01172759,1.62041715,0.346952944,-0.2145504166,,,
nominal_60,macro,60,late,JPY,Dynamic,EJR,32,32,2019-01,2021-08,0.5400736127,0.966481876,1.547950083,0.346952944,-0.18745993,,,
nominal_60,macro,60,late,GBP,EJR,EJR,32,32,2019-01,2021-08,0.1972318154,1,4.268886323,-0.0009271781769,-0.1947511347,,,
nominal_60,macro,60,late,GBP,Fixed,EJR,32,32,2019-01,2021-08,0.1999411445,1.013736775,4.327527053,-0.0009271781769,-0.1975062532,,,
nominal_60,macro,60,late,GBP,Dynamic,EJR,32,32,2019-01,2021-08,0.1929676498,0.97837993,4.176592702,-0.0009271781769,-0.1905713741,,,
nominal_60,macro,60,late,CAD,EJR,EJR,32,32,2019-01,2021-08,0.1609268686,1,2.364614375,0.05509646713,-0.1043356377,,,
nominal_60,macro,60,late,CAD,Fixed,EJR,32,32,2019-01,2021-08,0.1594732047,0.9909669287,2.343254644,0.05509646713,-0.1024176083,,,
nominal_60,macro,60,late,CAD,Dynamic,EJR,32,32,2019-01,2021-08,0.17176482,1.06734706,2.5238642,0.05509646713,-0.1150783421,,,
nominal_60,macro,60,late,SEK,EJR,EJR,32,32,2019-01,2021-08,0.3613938771,1,3.507393878,0.09192516291,-0.2606702456,,,
nominal_60,macro,60,late,SEK,Fixed,EJR,32,32,2019-01,2021-08,0.3668539415,1.015108348,3.560384805,0.09192516291,-0.2667696193,,,
nominal_60,macro,60,late,SEK,Dynamic,EJR,32,32,2019-01,2021-08,0.3571468349,0.9882481624,3.466175555,0.09192516291,-0.2573922493,,,
trade12,macro,12,all,POOL,Ridge,Zero,912,152,2013-01,2025-08,0.03469460373,1.070788284,1.070788284,0.0007457276309,-0.002429504556,,0.5580034484,1
trade12,macro,12,all,POOL,Zero,Zero,912,152,2013-01,2025-08,0.03240099302,1,1,0.0007457276309,0,,,
trade12,macro,12,all,BRL,Ridge,Zero,152,152,2013-01,2025-08,0.04197101893,1.019828671,1.019828671,-0.0008529483932,0.008433998099,,0.8510208198,1
trade12,macro,12,all,BRL,Zero,Zero,152,152,2013-01,2025-08,0.04115497058,1,1,-0.0008529483932,0,,,
trade12,macro,12,all,EUR,Ridge,Zero,152,152,2013-01,2025-08,0.01647570156,1.139785869,1.139785869,0.001108111671,-0.006698905954,,0.3667908184,1
trade12,macro,12,all,EUR,Zero,Zero,152,152,2013-01,2025-08,0.01445508494,1,1,0.001108111671,0,,,
trade12,macro,12,all,JPY,Ridge,Zero,152,152,2013-01,2025-08,0.06048769305,1.109489146,1.109489146,0.003212898267,-0.02226717758,,0.4478945231,1
trade12,macro,12,all,JPY,Zero,Zero,152,152,2013-01,2025-08,0.05451850817,1,1,0.003212898267,0,,,
trade12,macro,12,all,GBP,Ridge,Zero,152,152,2013-01,2025-08,0.01286556767,1.033212081,1.033212081,0.0007456922135,-0.002804436461,,0.7526631639,1
trade12,macro,12,all,GBP,Zero,Zero,152,152,2013-01,2025-08,0.01245201049,1,1,0.0007456922135,0,,,
trade12,macro,12,all,CAD,Ridge,Zero,152,152,2013-01,2025-08,0.03571042586,1.035146712,1.035146712,-0.0004648543082,0.01155145341,,0.7659200653,1
trade12,macro,12,all,CAD,Zero,Zero,152,152,2013-01,2025-08,0.0344979368,1,1,-0.0004648543082,0,,,
trade12,macro,12,all,SEK,Ridge,Zero,152,152,2013-01,2025-08,0.009474156461,1.067026785,1.067026785,0.0007254663343,-0.002791958845,,0.5669932715,1
trade12,macro,12,all,SEK,Zero,Zero,152,152,2013-01,2025-08,0.008879024028,1,1,0.0007254663343,0,,,
trade12,macro,12,late,POOL,Ridge,Zero,480,80,2019-01,2025-08,0.03083600972,0.8777824043,0.8777824043,0.0002892277112,-0.002072277335,,0.09019376744,1
trade12,macro,12,late,POOL,Zero,Zero,480,80,2019-01,2025-08,0.03512944617,1,1,0.0002892277112,0,,,
trade12,macro,12,late,BRL,Ridge,Zero,80,80,2019-01,2025-08,0.04575114821,0.8739760055,0.8739760055,0.008760862619,-0.003547141969,,0.1137686852,1
trade12,macro,12,late,BRL,Zero,Zero,80,80,2019-01,2025-08,0.05234828866,1,1,0.008760862619,0,,,
trade12,macro,12,late,EUR,Ridge,Zero,80,80,2019-01,2025-08,0.01149379699,0.8986066394,0.8986066394,-0.001719041274,-0.003209165972,,0.3540549397,1
trade12,macro,12,late,EUR,Zero,Zero,80,80,2019-01,2025-08,0.01279068781,1,1,-0.001719041274,0,,,
trade12,macro,12,late,JPY,Ridge,Zero,80,80,2019-01,2025-08,0.046023769,0.8814207067,0.8814207067,-0.007650957027,-0.008545861639,,0.2059666022,1
trade12,macro,12,late,JPY,Zero,Zero,80,80,2019-01,2025-08,0.05221543884,1,1,-0.007650957027,0,,,
trade12,macro,12,late,GBP,Ridge,Zero,80,80,2019-01,2025-08,0.01214588158,0.8791206462,0.8791206462,-0.00217381878,0.0001978969838,,0.1019822506,1
trade12,macro,12,late,GBP,Zero,Zero,80,80,2019-01,2025-08,0.01381594396,1,1,-0.00217381878,0,,,
trade12,macro,12,late,CAD,Ridge,Zero,80,80,2019-01,2025-08,0.03379858199,0.8749354693,0.8749354693,0.00544286804,0.003667541555,,0.1110716237,1
trade12,macro,12,late,CAD,Zero,Zero,80,80,2019-01,2025-08,0.03862979976,1,1,0.00544286804,0,,,
trade12,macro,12,late,SEK,Ridge,Zero,80,80,2019-01,2025-08,0.008475148693,0.8887831935,0.8887831935,-0.0009245473105,-0.0009969329673,,0.1519611752,1
trade12,macro,12,late,SEK,Zero,Zero,80,80,2019-01,2025-08,0.009535676142,1,1,-0.0009245473105,0,,,
adverse_12,risk,13,all,POOL,Base,Base,828,138,2014-02,2025-07,0.07843966935,1,0.8575590178,0.05913259315,0.06602130515,,,
adverse_12,risk,13,all,POOL,fixed,Base,828,138,2014-02,2025-07,0.08380446367,1.068393893,0.9162108171,0.05913259315,0.07242103178,,0.1961765099,1
adverse_12,risk,13,all,POOL,dynamic,Base,828,138,2014-02,2025-07,0.08715722349,1.111137059,0.9528656046,0.05913259315,0.07168416203,,0.1685863147,1
adverse_12,risk,13,all,POOL,annual,Base,828,138,2014-02,2025-07,0.07919388192,1.009615193,0.8658046133,0.05913259315,0.06358039441,,0.6702855516,1
adverse_12,risk,13,all,POOL,structure,Base,756,126,2015-02,2025-07,0.07438345494,1.074226527,0.9286025706,0.05314851117,0.06858720039,,0.3284307405,1
adverse_12,risk,13,all,POOL,All,Base,756,126,2015-02,2025-07,0.08475459295,1.224003807,1.05807579,0.05314851117,0.07177864294,,0.1292065125,1
adverse_12,risk,13,all,BRL,Base,Base,138,138,2014-02,2025-07,0.1363328159,1,0.8774567309,0.1082081093,0.1125280015,,,
adverse_12,risk,13,all,BRL,fixed,Base,138,138,2014-02,2025-07,0.1421227159,1.042468866,0.9147213231,0.1082081093,0.1234700535,,0.3319424297,1
adverse_12,risk,13,all,BRL,dynamic,Base,138,138,2014-02,2025-07,0.1528212127,1.120942245,0.9835783181,0.1082081093,0.1225852615,,0.1632611724,1
adverse_12,risk,13,all,BRL,annual,Base,138,138,2014-02,2025-07,0.1391963501,1.021003999,0.8958868309,0.1082081093,0.1025567353,,0.6138436236,1
adverse_12,risk,13,all,BRL,structure,Base,126,126,2015-02,2025-07,0.1191345312,1.051462111,0.9184402231,0.08854187535,0.1238793366,,0.5707632186,1
adverse_12,risk,13,all,BRL,All,Base,126,126,2015-02,2025-07,0.138322433,1.22081143,1.066364931,0.08854187535,0.119154133,,0.2394779735,1
adverse_12,risk,13,all,EUR,Base,Base,138,138,2014-02,2025-07,0.0422376879,1,0.8108922463,0.03557888581,0.05062364105,,,
adverse_12,risk,13,all,EUR,fixed,Base,138,138,2014-02,2025-07,0.04047077485,0.9581673823,0.776970501,0.03557888581,0.04936326486,,0.09928942343,1
adverse_12,risk,13,all,EUR,dynamic,Base,138,138,2014-02,2025-07,0.04239458725,1.003714677,0.8139044488,0.03557888581,0.05288568698,,0.9337442629,1
adverse_12,risk,13,all,EUR,annual,Base,138,138,2014-02,2025-07,0.04191003678,0.9922426833,0.8046018984,0.03557888581,0.04692816077,,0.8948941595,1
adverse_12,risk,13,all,EUR,structure,Base,126,126,2015-02,2025-07,0.04272966821,1.007389449,0.7838935046,0.0389037148,0.05420023005,,0.8740839205,1
adverse_12,risk,13,all,EUR,All,Base,126,126,2015-02,2025-07,0.04541615041,1.070725626,0.8331781361,0.0389037148,0.04997881295,,0.4980132105,1
adverse_12,risk,13,all,JPY,Base,Base,138,138,2014-02,2025-07,0.05641531914,1,0.9835448155,0.03571785203,0.04251640315,,,
adverse_12,risk,13,all,JPY,fixed,Base,138,138,2014-02,2025-07,0.06351849191,1.125908581,1.107381548,0.03571785203,0.06248754987,,0.4875737818,1
adverse_12,risk,13,all,JPY,dynamic,Base,138,138,2014-02,2025-07,0.06722309046,1.191575116,1.171967528,0.03571785203,0.06031102347,,0.3674324392,1
adverse_12,risk,13,all,JPY,annual,Base,138,138,2014-02,2025-07,0.05178037514,0.9178424572,0.9027391902,0.03571785203,0.03854034773,,0.2296468961,1
adverse_12,risk,13,all,JPY,structure,Base,126,126,2015-02,2025-07,0.0696293815,1.233446512,1.164406319,0.03827425313,0.03593382398,,0.09062983378,1
adverse_12,risk,13,all,JPY,All,Base,126,126,2015-02,2025-07,0.07435509519,1.317159952,1.243434033,0.03827425313,0.05010227188,,0.3029605847,1
adverse_12,risk,13,all,GBP,Base,Base,138,138,2014-02,2025-07,0.06581538841,1,0.7465932569,0.06909140107,0.06060785236,,,
adverse_12,risk,13,all,GBP,fixed,Base,138,138,2014-02,2025-07,0.0683847633,1.039039121,0.7757396011,0.06909140107,0.05411001836,,0.392986713,1
adverse_12,risk,13,all,GBP,dynamic,Base,138,138,2014-02,2025-07,0.06960325179,1.057552853,0.7895618289,0.06909140107,0.05912938606,,0.3394412054,1
adverse_12,risk,13,all,GBP,annual,Base,138,138,2014-02,2025-07,0.06420313278,0.9755033638,0.7283042335,0.06909140107,0.0583051702,,0.6482881264,1
adverse_12,risk,13,all,GBP,structure,Base,126,126,2015-02,2025-07,0.07612676767,1.120879282,0.8777034515,0.06641766264,0.0691220325,,0.1978797807,1
adverse_12,risk,13,all,GBP,All,Base,126,126,2015-02,2025-07,0.07774151156,1.144654533,0.8963206387,0.06641766264,0.06128972024,,0.2037992061,1
adverse_12,risk,13,all,CAD,Base,Base,138,138,2014-02,2025-07,0.05854453782,1,0.9134120394,0.04340858329,0.05993471658,,,
adverse_12,risk,13,all,CAD,fixed,Base,138,138,2014-02,2025-07,0.07791766155,1.330912574,1.215671569,0.04340858329,0.0754050692,,0.07544294344,1
adverse_12,risk,13,all,CAD,dynamic,Base,138,138,2014-02,2025-07,0.07322785888,1.250805995,1.142501255,0.04340858329,0.06609431456,,0.1104994825,1
adverse_12,risk,13,all,CAD,annual,Base,138,138,2014-02,2025-07,0.06099792248,1.041906295,0.9516897535,0.04340858329,0.06054311553,,0.4120959149,1
adverse_12,risk,13,all,CAD,structure,Base,126,126,2015-02,2025-07,0.04971458222,0.9892301707,1.079411015,0.03269276,0.04488146934,,0.9535622117,1
adverse_12,risk,13,all,CAD,All,Base,126,126,2015-02,2025-07,0.07971433786,1.586170989,1.730770541,0.03269276,0.06597571426,,0.1454371196,1
adverse_12,risk,13,all,SEK,Base,Base,138,138,2014-02,2025-07,0.07486130452,1,0.8279274084,0.06279072741,0.06991721634,,,
adverse_12,risk,13,all,SEK,fixed,Base,138,138,2014-02,2025-07,0.07429765902,0.9924708031,0.8216937799,0.06279072741,0.0696902349,,0.4940601181,1
adverse_12,risk,13,all,SEK,dynamic,Base,138,138,2014-02,2025-07,0.07550357395,1.008579458,0.835030577,0.06279072741,0.06909929968,,0.6921271202,1
adverse_12,risk,13,all,SEK,annual,Base,138,138,2014-02,2025-07,0.0772913609,1.03246078,0.8548025783,0.06279072741,0.07460883698,,0.01159504902,1
adverse_12,risk,13,all,SEK,structure,Base,126,126,2015-02,2025-07,0.06374522668,1.033239762,0.8609777548,0.0540608011,0.08350630984,,0.4822049135,1
adverse_12,risk,13,all,SEK,All,Base,126,126,2015-02,2025-07,0.06306762646,1.02225661,0.8518257171,0.0540608011,0.08417120534,,0.6325572293,1
adverse_12,risk,13,late,POOL,Base,Base,474,79,2019-01,2025-07,0.06078509068,1,0.790910848,0.04907716259,0.06599345891,,,
adverse_12,risk,13,late,POOL,fixed,Base,474,79,2019-01,2025-07,0.06008041461,0.9884070901,0.7817418898,0.04907716259,0.06544016739,,0.4815385418,1
adverse_12,risk,13,late,POOL,dynamic,Base,474,79,2019-01,2025-07,0.05881802323,0.9676389813,0.7653161672,0.04907716259,0.06507217571,,0.271006391,1
adverse_12,risk,13,late,POOL,annual,Base,474,79,2019-01,2025-07,0.0616518984,1.014260203,0.802189397,0.04907716259,0.06345154374,,0.4256158269,1
adverse_12,risk,13,late,POOL,structure,Base,474,79,2019-01,2025-07,0.05961679932,0.9799579746,0.7757095164,0.04907716259,0.0581488896,,0.7351367668,1
adverse_12,risk,13,late,POOL,All,Base,474,79,2019-01,2025-07,0.06599496202,1.084799755,0.8586995723,0.04907716259,0.05805251746,,0.5364121437,1
adverse_12,risk,13,late,BRL,Base,Base,79,79,2019-01,2025-07,0.1078396707,1,0.8049539896,0.08939882597,0.1212090776,,,
adverse_12,risk,13,late,BRL,fixed,Base,79,79,2019-01,2025-07,0.1048924377,0.9726702342,0.7829547856,0.08939882597,0.1209606501,,0.2016240627,1
adverse_12,risk,13,late,BRL,dynamic,Base,79,79,2019-01,2025-07,0.1020981825,0.9467590352,0.7620974626,0.08939882597,0.1214466006,,0.2299920591,1
adverse_12,risk,13,late,BRL,annual,Base,79,79,2019-01,2025-07,0.1111556574,1.030749229,0.8297057042,0.08939882597,0.119209015,,0.3187491949,1
adverse_12,risk,13,late,BRL,structure,Base,79,79,2019-01,2025-07,0.09685929895,0.9172245684,0.722992556,0.08939882597,0.09759115236,,0.06021297453,1
adverse_12,risk,13,late,BRL,All,Base,79,79,2019-01,2025-07,0.1030804092,0.9761363632,0.7694291546,0.08939882597,0.09186001815,,0.8137181612,1
adverse_12,risk,13,late,EUR,Base,Base,79,79,2019-01,2025-07,0.03750296118,1,0.7135613857,0.03813730496,0.04581128156,,,
adverse_12,risk,13,late,EUR,fixed,Base,79,79,2019-01,2025-07,0.03594729325,0.9585187974,0.6839620013,0.03813730496,0.04337877868,,0.3413999327,1
adverse_12,risk,13,late,EUR,dynamic,Base,79,79,2019-01,2025-07,0.03628449331,0.967510089,0.6903778398,0.03813730496,0.04481350505,,0.2257741638,1
adverse_12,risk,13,late,EUR,annual,Base,79,79,2019-01,2025-07,0.03717039169,0.9911321803,0.707233652,0.03813730496,0.0417490168,,0.764652352,1
adverse_12,risk,13,late,EUR,structure,Base,79,79,2019-01,2025-07,0.03771778542,1.015890991,0.7176488038,0.03813730496,0.04329399582,,0.8314269468,1
adverse_12,risk,13,late,EUR,All,Base,79,79,2019-01,2025-07,0.03745217581,1.00873706,0.7125951025,0.03813730496,0.04047187081,,0.9353191579,1
adverse_12,risk,13,late,JPY,Base,Base,79,79,2019-01,2025-07,0.03812545076,1,1.044891046,0.02445531645,0.03598321135,,,
adverse_12,risk,13,late,JPY,fixed,Base,79,79,2019-01,2025-07,0.04041347889,1.060013143,1.107598242,0.02445531645,0.03817164344,,0.6441836994,1
adverse_12,risk,13,late,JPY,dynamic,Base,79,79,2019-01,2025-07,0.03863328793,1.013320162,1.058809164,0.02445531645,0.03586957859,,0.9004679626,1
adverse_12,risk,13,late,JPY,annual,Base,79,79,2019-01,2025-07,0.03597265473,0.9435338865,0.9858901096,0.02445531645,0.02784636098,,0.2832358577,1
adverse_12,risk,13,late,JPY,structure,Base,79,79,2019-01,2025-07,0.05747175801,1.582737913,1.575108599,0.02445531645,0.0318278145,,0.2160437209,1
adverse_12,risk,13,late,JPY,All,Base,79,79,2019-01,2025-07,0.07346559262,2.023198572,2.013446094,0.02445531645,0.03786589214,,0.2163906707,1
adverse_12,risk,13,late,GBP,Base,Base,79,79,2019-01,2025-07,0.04922138998,1,0.6879129006,0.05422723568,0.06586707237,,,
adverse_12,risk,13,late,GBP,fixed,Base,79,79,2019-01,2025-07,0.04772600143,0.9696191319,0.6670135095,0.05422723568,0.06271701253,,0.1562131189,1
adverse_12,risk,13,late,GBP,dynamic,Base,79,79,2019-01,2025-07,0.04810290728,0.9772764908,0.6722811054,0.05422723568,0.06707486819,,0.4191476286,1
adverse_12,risk,13,late,GBP,annual,Base,79,79,2019-01,2025-07,0.04965989654,1.008908862,0.6940414214,0.05422723568,0.06741895028,,0.5221587172,1
adverse_12,risk,13,late,GBP,structure,Base,79,79,2019-01,2025-07,0.05140752394,0.991105313,0.7184660758,0.05422723568,0.06758699614,,0.8566737871,1
adverse_12,risk,13,late,GBP,All,Base,79,79,2019-01,2025-07,0.05567198167,1.073321424,0.7780656824,0.05422723568,0.07347567421,,0.4314440823,1
adverse_12,risk,13,late,CAD,Base,Base,79,79,2019-01,2025-07,0.0414526662,1,1.053397306,0.02799856549,0.05865119078,,,
adverse_12,risk,13,late,CAD,fixed,Base,79,79,2019-01,2025-07,0.04668904504,1.126321883,1.186464438,0.02799856549,0.06016782547,,0.002568005978,0.5906413749
adverse_12,risk,13,late,CAD,dynamic,Base,79,79,2019-01,2025-07,0.04355576488,1.050734944,1.106841359,0.02799856549,0.05418247434,,0.4221380049,1
adverse_12,risk,13,late,CAD,annual,Base,79,79,2019-01,2025-07,0.04139348816,0.9985723949,1.051893471,0.02799856549,0.05404214624,,0.9832029986,1
adverse_12,risk,13,late,CAD,structure,Base,79,79,2019-01,2025-07,0.03386633376,0.7610761792,0.8606130324,0.02799856549,0.03919775087,,0.05034017146,1
adverse_12,risk,13,late,CAD,All,Base,79,79,2019-01,2025-07,0.04432346233,0.9960786307,1.126350127,0.02799856549,0.02977079021,,0.9838405191,1
adverse_12,risk,13,late,SEK,Base,Base,79,79,2019-01,2025-07,0.05948510798,1,0.7251070682,0.060245727,0.06843891984,,,
adverse_12,risk,13,late,SEK,fixed,Base,79,79,2019-01,2025-07,0.05720505677,0.9616702181,0.6973138725,0.060245727,0.06724509416,,0.004471495544,1
adverse_12,risk,13,late,SEK,dynamic,Base,79,79,2019-01,2025-07,0.05756066823,0.9676483776,0.7016486782,0.060245727,0.0670460275,,0.02354427768,1
adverse_12,risk,13,late,SEK,annual,Base,79,79,2019-01,2025-07,0.05995801198,1.007949956,0.7308716376,0.060245727,0.0704437731,,0.6196049426,1
adverse_12,risk,13,late,SEK,structure,Base,79,79,2019-01,2025-07,0.0585487522,0.9641960475,0.7136931494,0.060245727,0.06939562792,,0.4460690001,1
adverse_12,risk,13,late,SEK,All,Base,79,79,2019-01,2025-07,0.06035430132,0.9939302989,0.7357022954,0.060245727,0.07487085922,,0.9194667297,1
underwater_12,risk,13,all,POOL,Base,Base,828,138,2014-02,2025-07,0.3940079714,1,0.6730823238,0.4536030596,0.4959481206,,,
underwater_12,risk,13,all,POOL,fixed,Base,828,138,2014-02,2025-07,0.4070527132,1.033107812,0.6953666069,0.4536030596,0.5029438657,,0.04813732878,1
underwater_12,risk,13,all,POOL,dynamic,Base,828,138,2014-02,2025-07,0.4120964631,1.045908949,0.7039828258,0.4536030596,0.4957354362,,0.07761520114,1
underwater_12,risk,13,all,POOL,annual,Base,828,138,2014-02,2025-07,0.4000945122,1.015447761,0.6834799385,0.4536030596,0.4941872967,,0.03833019047,1
underwater_12,risk,13,all,POOL,structure,Base,756,126,2015-02,2025-07,0.3815760423,0.980333754,0.6672273606,0.4429012346,0.4719201655,,0.2530073391,1
underwater_12,risk,13,all,POOL,All,Base,756,126,2015-02,2025-07,0.4061644624,1.043505588,0.7102228971,0.4429012346,0.4848822964,,0.3170245948,1
underwater_12,risk,13,all,BRL,Base,Base,138,138,2014-02,2025-07,0.4154425001,1,0.701128064,0.4571256039,0.5071803788,,,
underwater_12,risk,13,all,BRL,fixed,Base,138,138,2014-02,2025-07,0.4433684592,1.067219794,0.7482577477,0.4571256039,0.5215019374,,0.147940807,1
underwater_12,risk,13,all,BRL,dynamic,Base,138,138,2014-02,2025-07,0.468394023,1.127458127,0.7904925336,0.4571256039,0.5048584558,,0.08202007703,1
underwater_12,risk,13,all,BRL,annual,Base,138,138,2014-02,2025-07,0.4238244372,1.020175926,0.7152739719,0.4571256039,0.4948025625,,0.5580560527,1
underwater_12,risk,13,all,BRL,structure,Base,126,126,2015-02,2025-07,0.3960170522,1.016841158,0.7156477115,0.4153439153,0.4572243566,,0.7327200129,1
underwater_12,risk,13,all,BRL,All,Base,126,126,2015-02,2025-07,0.4588815156,1.178256363,0.829250924,0.4153439153,0.4913384778,,0.1198938106,1
underwater_12,risk,13,all,EUR,Base,Base,138,138,2014-02,2025-07,0.3846182794,1,0.7150176916,0.3997584541,0.4731001568,,,
underwater_12,risk,13,all,EUR,fixed,Base,138,138,2014-02,2025-07,0.387895146,1.008519789,0.7211094915,0.3997584541,0.4748415749,,0.3256982668,1
underwater_12,risk,13,all,EUR,dynamic,Base,138,138,2014-02,2025-07,0.3887222994,1.010670372,0.722647196,0.3997584541,0.4758250624,,0.2976360459,1
underwater_12,risk,13,all,EUR,annual,Base,138,138,2014-02,2025-07,0.3923511534,1.020105321,0.7293933518,0.3997584541,0.470497708,,0.334189753,1
underwater_12,risk,13,all,EUR,structure,Base,126,126,2015-02,2025-07,0.3788167909,1.014017526,0.6730345507,0.4365079365,0.4832312901,,0.5977583667,1
underwater_12,risk,13,all,EUR,All,Base,126,126,2015-02,2025-07,0.3823076359,1.023361826,0.6792366498,0.4365079365,0.4810112737,,0.4630021688,1
underwater_12,risk,13,all,JPY,Base,Base,138,138,2014-02,2025-07,0.3585441111,1,0.7468452859,0.345410628,0.427947651,,,
underwater_12,risk,13,all,JPY,fixed,Base,138,138,2014-02,2025-07,0.3721461992,1.037937,0.7751783558,0.345410628,0.4526847905,,0.2059025148,1
underwater_12,risk,13,all,JPY,dynamic,Base,138,138,2014-02,2025-07,0.3874099246,1.080508402,0.8069726066,0.345410628,0.4306876926,,0.1656261784,1
underwater_12,risk,13,all,JPY,annual,Base,138,138,2014-02,2025-07,0.3737645713,1.042450733,0.7785494155,0.345410628,0.419417638,,0.2124998141,1
underwater_12,risk,13,all,JPY,structure,Base,126,126,2015-02,2025-07,0.3356141983,0.9173291614,0.6705634846,0.3697089947,0.2781923644,,0.3822747642,1
underwater_12,risk,13,all,JPY,All,Base,126,126,2015-02,2025-07,0.3299882916,0.9019519566,0.6593228171,0.3697089947,0.2890909865,,0.3789627263,1
underwater_12,risk,13,all,GBP,Base,Base,138,138,2014-02,2025-07,0.4062514243,1,0.5746708853,0.6105072464,0.553102543,,,
underwater_12,risk,13,all,GBP,fixed,Base,138,138,2014-02,2025-07,0.4059887637,0.999353453,0.5742993336,0.6105072464,0.542639592,,0.9649227509,1
underwater_12,risk,13,all,GBP,dynamic,Base,138,138,2014-02,2025-07,0.4024459818,0.9906327897,0.5692878223,0.6105072464,0.55810686,,0.2938742071,1
underwater_12,risk,13,all,GBP,annual,Base,138,138,2014-02,2025-07,0.4030144546,0.9920321025,0.5700919666,0.6105072464,0.5519543705,,0.6917388765,1
underwater_12,risk,13,all,GBP,structure,Base,126,126,2015-02,2025-07,0.3827904166,0.9521171181,0.5548444652,0.5886243386,0.6224401478,,0.1106049415,1
underwater_12,risk,13,all,GBP,All,Base,126,126,2015-02,2025-07,0.4164781688,1.035908886,0.6036739606,0.5886243386,0.5978394265,,0.6804595599,1
underwater_12,risk,13,all,CAD,Base,Base,138,138,2014-02,2025-07,0.3898695522,1,0.6558578122,0.4685990338,0.5631759437,,,
underwater_12,risk,13,all,CAD,fixed,Base,138,138,2014-02,2025-07,0.4173863634,1.070579533,0.7021479506,0.4685990338,0.5788645354,,0.008182143501,1
underwater_12,risk,13,all,CAD,dynamic,Base,138,138,2014-02,2025-07,0.4065162538,1.042698132,0.6838617155,0.4685990338,0.5591674353,,0.07414739643,1
underwater_12,risk,13,all,CAD,annual,Base,138,138,2014-02,2025-07,0.3944681824,1.011795305,0.663593855,0.4685990338,0.5711496693,,0.4217299606,1
underwater_12,risk,13,all,CAD,structure,Base,126,126,2015-02,2025-07,0.3974934603,0.9687088288,0.7104942576,0.4305555556,0.4775576327,,0.5918596115,1
underwater_12,risk,13,all,CAD,All,Base,126,126,2015-02,2025-07,0.447174993,1.089784882,0.7992968347,0.4305555556,0.5480820277,,0.2164303465,1
underwater_12,risk,13,all,SEK,Base,Base,138,138,2014-02,2025-07,0.4066173018,1,0.7057215859,0.4402173913,0.4511820503,,,
underwater_12,risk,13,all,SEK,fixed,Base,138,138,2014-02,2025-07,0.4118035782,1.012754687,0.7147228437,0.4402173913,0.4471307642,,0.3562583838,1
underwater_12,risk,13,all,SEK,dynamic,Base,138,138,2014-02,2025-07,0.4136886515,1.017390676,0.7179945612,0.4402173913,0.445767111,,0.3323877247,1
underwater_12,risk,13,all,SEK,annual,Base,138,138,2014-02,2025-07,0.4112923274,1.01149736,0.7138355212,0.4402173913,0.4573018319,,0.1872581169,1
underwater_12,risk,13,all,SEK,structure,Base,126,126,2015-02,2025-07,0.3950994124,1.007135369,0.7215616658,0.4166666667,0.5128752016,,0.7990376821,1
underwater_12,risk,13,all,SEK,All,Base,126,126,2015-02,2025-07,0.3882965844,0.989794496,0.7091378055,0.4166666667,0.5019315859,,0.6576439213,1
underwater_12,risk,13,late,POOL,Base,Base,474,79,2019-01,2025-07,0.3665301437,1,0.6539696529,0.4302039381,0.4852258429,,,
underwater_12,risk,13,late,POOL,fixed,Base,474,79,2019-01,2025-07,0.3679041622,1.003748719,0.6564212013,0.4302039381,0.490007841,,0.2426699129,1
underwater_12,risk,13,late,POOL,dynamic,Base,474,79,2019-01,2025-07,0.3652643805,0.9965466328,0.6517112555,0.4302039381,0.4884798197,,0.3905434854,1
underwater_12,risk,13,late,POOL,annual,Base,474,79,2019-01,2025-07,0.3685293483,1.005454407,0.6575366697,0.4302039381,0.4828664132,,0.2112561071,1
underwater_12,risk,13,late,POOL,structure,Base,474,79,2019-01,2025-07,0.3556906248,0.9670224116,0.6346295889,0.4302039381,0.4211639305,,0.1571283071,1
underwater_12,risk,13,late,POOL,All,Base,474,79,2019-01,2025-07,0.3606305778,0.9804527496,0.6434435417,0.4302039381,0.4150835324,,0.4916337366,1
underwater_12,risk,13,late,BRL,Base,Base,79,79,2019-01,2025-07,0.3527155854,1,0.6345367462,0.4187763713,0.5008818151,,,
underwater_12,risk,13,late,BRL,fixed,Base,79,79,2019-01,2025-07,0.3493261466,0.9903904479,0.6284391322,0.4187763713,0.510275175,,0.4585710548,1
underwater_12,risk,13,late,BRL,dynamic,Base,79,79,2019-01,2025-07,0.3427798123,0.9718306377,0.6166622507,0.4187763713,0.5183081031,,0.1841119854,1
underwater_12,risk,13,late,BRL,annual,Base,79,79,2019-01,2025-07,0.3572178514,1.012764579,0.6426363407,0.4187763713,0.4996996495,,0.2715475003,1
underwater_12,risk,13,late,BRL,structure,Base,79,79,2019-01,2025-07,0.3410763837,1.02816744,0.6135977757,0.4187763713,0.3707529612,,0.7273798953,1
underwater_12,risk,13,late,BRL,All,Base,79,79,2019-01,2025-07,0.3499222678,1.054833168,0.6295115567,0.4187763713,0.3692485088,,0.4536571154,1
underwater_12,risk,13,late,EUR,Base,Base,79,79,2019-01,2025-07,0.3695022612,1,0.6453802938,0.4462025316,0.4361476264,,,
underwater_12,risk,13,late,EUR,fixed,Base,79,79,2019-01,2025-07,0.3724715178,1.008035828,0.6505664589,0.4462025316,0.4349289872,,0.1110762517,1
underwater_12,risk,13,late,EUR,dynamic,Base,79,79,2019-01,2025-07,0.37090267,1.003789987,0.6478262769,0.4462025316,0.4353368694,,0.2636275951,1
underwater_12,risk,13,late,EUR,annual,Base,79,79,2019-01,2025-07,0.3708258058,1.003581966,0.6476920242,0.4462025316,0.4288613963,,0.5306805284,1
underwater_12,risk,13,late,EUR,structure,Base,79,79,2019-01,2025-07,0.3761877705,1.023627355,0.6570573428,0.4462025316,0.4254776457,,0.5870885421,1
underwater_12,risk,13,late,EUR,All,Base,79,79,2019-01,2025-07,0.373499413,1.016312188,0.6523618019,0.4462025316,0.4105360953,,0.6794088507,1
underwater_12,risk,13,late,JPY,Base,Base,79,79,2019-01,2025-07,0.3507358541,1,0.8411274613,0.2805907173,0.4150704655,,,
underwater_12,risk,13,late,JPY,fixed,Base,79,79,2019-01,2025-07,0.3556895308,1.014123668,0.8530072662,0.2805907173,0.4316372889,,0.4820979705,1
underwater_12,risk,13,late,JPY,dynamic,Base,79,79,2019-01,2025-07,0.3496377394,0.996869112,0.8384939854,0.2805907173,0.4210861169,,0.8317595641,1
underwater_12,risk,13,late,JPY,annual,Base,79,79,2019-01,2025-07,0.3596925161,1.025536773,0.8626071426,0.2805907173,0.3971632935,,0.2206770032,1
underwater_12,risk,13,late,JPY,structure,Base,79,79,2019-01,2025-07,0.277326172,0.7772733875,0.665077882,0.2805907173,0.2574593985,,0.1118944145,1
underwater_12,risk,13,late,JPY,All,Base,79,79,2019-01,2025-07,0.2964354209,0.8308316597,0.7109052869,0.2805907173,0.2005675804,,0.3295357866,1
underwater_12,risk,13,late,GBP,Base,Base,79,79,2019-01,2025-07,0.3610187496,1,0.5466884969,0.5580168776,0.5781702016,,,
underwater_12,risk,13,late,GBP,fixed,Base,79,79,2019-01,2025-07,0.3592721381,0.9951619923,0.5440436138,0.5580168776,0.5705460523,,0.4995913659,1
underwater_12,risk,13,late,GBP,dynamic,Base,79,79,2019-01,2025-07,0.3606234237,0.9989049714,0.5460898574,0.5580168776,0.5796622587,,0.7098400234,1
underwater_12,risk,13,late,GBP,annual,Base,79,79,2019-01,2025-07,0.3565620889,0.9876553209,0.5399398028,0.5580168776,0.5900361695,,0.2275248079,1
underwater_12,risk,13,late,GBP,structure,Base,79,79,2019-01,2025-07,0.3623181163,0.9934648364,0.54865612,0.5580168776,0.5900804091,,0.8806780382,1
underwater_12,risk,13,late,GBP,All,Base,79,79,2019-01,2025-07,0.3582342427,0.9822669842,0.5424719352,0.5580168776,0.6218987832,,0.7198723541,1
underwater_12,risk,13,late,CAD,Base,Base,79,79,2019-01,2025-07,0.381738108,1,0.7007435184,0.4156118143,0.5306620082,,,
underwater_12,risk,13,late,CAD,fixed,Base,79,79,2019-01,2025-07,0.3878170914,1.015924487,0.7119024992,0.4156118143,0.5434464562,,0.1334521803,1
underwater_12,risk,13,late,CAD,dynamic,Base,79,79,2019-01,2025-07,0.3839417099,1.005772549,0.7047885946,0.4156118143,0.5285378693,,0.614499647,1
underwater_12,risk,13,late,CAD,annual,Base,79,79,2019-01,2025-07,0.3828291584,1.002858112,0.7027463221,0.4156118143,0.5292271593,,0.7968356828,1
underwater_12,risk,13,late,CAD,structure,Base,79,79,2019-01,2025-07,0.3822561886,0.9646831628,0.7016945411,0.4156118143,0.4226316167,,0.7007550293,1
underwater_12,risk,13,late,CAD,All,Base,79,79,2019-01,2025-07,0.3923723547,0.9902128871,0.7202644394,0.4156118143,0.420976878,,0.9190074766,1
underwater_12,risk,13,late,SEK,Base,Base,79,79,2019-01,2025-07,0.382167126,1,0.6542147816,0.4620253165,0.4504229406,,,
underwater_12,risk,13,late,SEK,fixed,Base,79,79,2019-01,2025-07,0.3812655754,0.9976409521,0.6526714576,0.4620253165,0.4492130867,,0.1237324918,1
underwater_12,risk,13,late,SEK,dynamic,Base,79,79,2019-01,2025-07,0.381751983,0.9989137134,0.6535041168,0.4620253165,0.4479477006,,0.7593082341,1
underwater_12,risk,13,late,SEK,annual,Base,79,79,2019-01,2025-07,0.3830058981,1.002194778,0.6556506379,0.4620253165,0.4522108114,,0.6075594722,1
underwater_12,risk,13,late,SEK,structure,Base,79,79,2019-01,2025-07,0.3833282775,0.9919937006,0.6562025048,0.4620253165,0.4605815516,,0.8352993193,1
underwater_12,risk,13,late,SEK,All,Base,79,79,2019-01,2025-07,0.3849899749,0.996293914,0.6590470901,0.4620253165,0.4672733488,,0.915093727,1
erased_12,risk,13,all,POOL,Base,Base,828,138,2014-02,2025-07,0.5325760352,1,,0.4275362319,0.5056700049,0.4968771604,,
erased_12,risk,13,all,POOL,fixed,Base,828,138,2014-02,2025-07,0.548435971,1.029779665,,0.4275362319,0.5060247225,0.4593315693,0.05466412641,1
erased_12,risk,13,all,POOL,dynamic,Base,828,138,2014-02,2025-07,0.5504200426,1.033505089,,0.4275362319,0.4963956922,0.4628954206,0.07034058008,1
erased_12,risk,13,all,POOL,annual,Base,828,138,2014-02,2025-07,0.5382274472,1.010611465,,0.4275362319,0.5025653581,0.4850830771,0.02231714613,1
erased_12,risk,13,all,POOL,structure,Base,756,126,2015-02,2025-07,0.5119281477,0.9622125899,,0.4087301587,0.4717521898,0.5996937512,0.002849539616,0.6496950324
erased_12,risk,13,all,POOL,All,Base,756,126,2015-02,2025-07,0.5348727693,1.005338962,,0.4087301587,0.4673604647,0.5630778364,0.8480495527,1
erased_12,risk,13,all,BRL,Base,Base,138,138,2014-02,2025-07,0.5507136052,1,,0.4202898551,0.529025615,0.5642241379,,
erased_12,risk,13,all,BRL,fixed,Base,138,138,2014-02,2025-07,0.5779173174,1.049397204,,0.4202898551,0.5257935749,0.4924568966,0.08088990007,1
erased_12,risk,13,all,BRL,dynamic,Base,138,138,2014-02,2025-07,0.5996871521,1.088927432,,0.4202898551,0.5031018793,0.4077586207,0.0856517405,1
erased_12,risk,13,all,BRL,annual,Base,138,138,2014-02,2025-07,0.5693347993,1.033812846,,0.4202898551,0.5150843281,0.513362069,0.1945567151,1
erased_12,risk,13,all,BRL,structure,Base,126,126,2015-02,2025-07,0.4392417038,0.907116354,,0.3650793651,0.4598046218,0.8013586957,0.2292892387,1
erased_12,risk,13,all,BRL,All,Base,126,126,2015-02,2025-07,0.4990406511,1.030612376,,0.3650793651,0.4722617256,0.7029891304,0.5895343861,1
erased_12,risk,13,all,EUR,Base,Base,138,138,2014-02,2025-07,0.5030014729,1,,0.4057971014,0.4320518652,0.443815331,,
erased_12,risk,13,all,EUR,fixed,Base,138,138,2014-02,2025-07,0.5044273576,1.002834752,,0.4057971014,0.4365130338,0.4462108014,0.7346513666,1
erased_12,risk,13,all,EUR,dynamic,Base,138,138,2014-02,2025-07,0.5056238044,1.005213367,,0.4057971014,0.4327363615,0.4364111498,0.6006530411,1
erased_12,risk,13,all,EUR,annual,Base,138,138,2014-02,2025-07,0.5099909305,1.013895501,,0.4057971014,0.4279882125,0.3987369338,0.1078378835,1
erased_12,risk,13,all,EUR,structure,Base,126,126,2015-02,2025-07,0.5016246948,0.9938439503,,0.4444444444,0.4476012234,0.5081632653,0.8415368809,1
erased_12,risk,13,all,EUR,All,Base,126,126,2015-02,2025-07,0.5189080879,1.028086674,,0.4444444444,0.4325931572,0.4783163265,0.4418581001,1
erased_12,risk,13,all,JPY,Base,Base,138,138,2014-02,2025-07,0.4931232201,1,,0.2753623188,0.4171412092,0.4307894737,,
erased_12,risk,13,all,JPY,fixed,Base,138,138,2014-02,2025-07,0.531281101,1.077380012,,0.2753623188,0.4261017222,0.4,0.1191837019,1
erased_12,risk,13,all,JPY,dynamic,Base,138,138,2014-02,2025-07,0.5389465717,1.092924749,,0.2753623188,0.3991050072,0.3597368421,0.1664982532,1
erased_12,risk,13,all,JPY,annual,Base,138,138,2014-02,2025-07,0.5013316192,1.016645736,,0.2753623188,0.4055056879,0.3455263158,0.2485507372,1
erased_12,risk,13,all,JPY,structure,Base,126,126,2015-02,2025-07,0.4667789251,0.9235926232,,0.2936507937,0.2356136981,0.5996052232,0.4944163834,1
erased_12,risk,13,all,JPY,All,Base,126,126,2015-02,2025-07,0.4643556723,0.9187978515,,0.2936507937,0.2082483402,0.7212268448,0.5034465255,1
erased_12,risk,13,all,GBP,Base,Base,138,138,2014-02,2025-07,0.5508885195,1,,0.6376811594,0.6318513164,0.2625,,
erased_12,risk,13,all,GBP,fixed,Base,138,138,2014-02,2025-07,0.5503825494,0.9990815381,,0.6376811594,0.6317659299,0.2465909091,0.9281141842,1
erased_12,risk,13,all,GBP,dynamic,Base,138,138,2014-02,2025-07,0.5459331607,0.9910047884,,0.6376811594,0.6413921232,0.2629545455,0.2872106518,1
erased_12,risk,13,all,GBP,annual,Base,138,138,2014-02,2025-07,0.5450141763,0.9893366027,,0.6376811594,0.6295644995,0.2795454545,0.3759270795,1
erased_12,risk,13,all,GBP,structure,Base,126,126,2015-02,2025-07,0.530269783,0.9518551987,,0.6031746032,0.7037382052,0.4857894737,0.05472563097,1
erased_12,risk,13,all,GBP,All,Base,126,126,2015-02,2025-07,0.5517369529,0.9903896164,,0.6031746032,0.6686597777,0.4952631579,0.8871340633,1
erased_12,risk,13,all,CAD,Base,Base,138,138,2014-02,2025-07,0.5495609061,1,,0.4057971014,0.5887497476,0.4355400697,,
erased_12,risk,13,all,CAD,fixed,Base,138,138,2014-02,2025-07,0.5728471471,1.042372448,,0.4057971014,0.5843840399,0.3297038328,0.1322891258,1
erased_12,risk,13,all,CAD,dynamic,Base,138,138,2014-02,2025-07,0.5568762879,1.013311321,,0.4057971014,0.5719434845,0.3593205575,0.4864961628,1
erased_12,risk,13,all,CAD,annual,Base,138,138,2014-02,2025-07,0.5547387264,1.009421741,,0.4057971014,0.5960629541,0.4351045296,0.3306151839,1
erased_12,risk,13,all,CAD,structure,Base,126,126,2015-02,2025-07,0.5915656324,0.9859801853,,0.3492063492,0.4845122457,0.3095898004,0.8349516126,1
erased_12,risk,13,all,CAD,All,Base,126,126,2015-02,2025-07,0.6415915982,1.069359963,,0.3492063492,0.5397298279,0.3569844789,0.3366159534,1
erased_12,risk,13,all,SEK,Base,Base,138,138,2014-02,2025-07,0.5448500546,1,,0.4202898551,0.4352002761,0.3379310345,,
erased_12,risk,13,all,SEK,fixed,Base,138,138,2014-02,2025-07,0.5503837639,1.010156389,,0.4202898551,0.4315900343,0.3476293103,0.420203853,1
erased_12,risk,13,all,SEK,dynamic,Base,138,138,2014-02,2025-07,0.5512491312,1.011744656,,0.4202898551,0.4300952978,0.3474137931,0.386579791,1
erased_12,risk,13,all,SEK,annual,Base,138,138,2014-02,2025-07,0.5457022514,1.001564094,,0.4202898551,0.4411864664,0.3467672414,0.7171604922,1
erased_12,risk,13,all,SEK,structure,Base,126,126,2015-02,2025-07,0.5280563007,0.9919592366,,0.3968253968,0.4992431443,0.4423684211,0.7694956607,1
erased_12,risk,13,all,SEK,All,Base,126,126,2015-02,2025-07,0.5162813832,0.9698399321,,0.3968253968,0.4826699596,0.4586842105,0.1950098819,1
erased_12,risk,13,late,POOL,Base,Base,474,79,2019-01,2025-07,0.5069114135,1,,0.4008438819,0.48632413,0.5125833951,,
erased_12,risk,13,late,POOL,fixed,Base,474,79,2019-01,2025-07,0.5072832936,1.00073362,,0.4008438819,0.4896976903,0.4959599703,0.5310186515,1
erased_12,risk,13,late,POOL,dynamic,Base,474,79,2019-01,2025-07,0.5042382323,0.9947265319,,0.4008438819,0.4914632069,0.5175871016,0.2502244476,1
erased_12,risk,13,late,POOL,annual,Base,474,79,2019-01,2025-07,0.51064674,1.007368795,,0.4008438819,0.4848821008,0.5117865085,0.01436368056,1
erased_12,risk,13,late,POOL,structure,Base,474,79,2019-01,2025-07,0.4852414394,0.9570315316,,0.4008438819,0.4020836452,0.627186805,0.002651666777,0.607231692
erased_12,risk,13,late,POOL,All,Base,474,79,2019-01,2025-07,0.4883769169,0.9632155682,,0.4008438819,0.3914846184,0.6371386212,0.04446156231,1
erased_12,risk,13,late,BRL,Base,Base,79,79,2019-01,2025-07,0.4742999745,1,,0.3544303797,0.5120932926,0.7317927171,,
erased_12,risk,13,late,BRL,fixed,Base,79,79,2019-01,2025-07,0.4794043292,1.01076187,,0.3544303797,0.5220710391,0.7205882353,0.06302325612,1
erased_12,risk,13,late,BRL,dynamic,Base,79,79,2019-01,2025-07,0.4679403458,0.9865915475,,0.3544303797,0.5474893001,0.7668067227,0.6380566626,1
erased_12,risk,13,late,BRL,annual,Base,79,79,2019-01,2025-07,0.4840301464,1.020514806,,0.3544303797,0.5124924473,0.7023809524,0.01684770849,1
erased_12,risk,13,late,BRL,structure,Base,79,79,2019-01,2025-07,0.4389672004,0.9970174207,,0.3544303797,0.3697825784,0.8130252101,0.9734748941,1
erased_12,risk,13,late,BRL,All,Base,79,79,2019-01,2025-07,0.4649745375,1.056087365,,0.3544303797,0.3638700308,0.7549019608,0.5709049497,1
erased_12,risk,13,late,EUR,Base,Base,79,79,2019-01,2025-07,0.5181337705,1,,0.4936708861,0.4082130482,0.3967948718,,
erased_12,risk,13,late,EUR,fixed,Base,79,79,2019-01,2025-07,0.517549763,0.9988728634,,0.4936708861,0.4132835097,0.3788461538,0.5463031084,1
erased_12,risk,13,late,EUR,dynamic,Base,79,79,2019-01,2025-07,0.5180319235,0.9998034349,,0.4936708861,0.4090524781,0.3833333333,0.8810663873,1
erased_12,risk,13,late,EUR,annual,Base,79,79,2019-01,2025-07,0.5235571159,1.010467076,,0.4936708861,0.4006483366,0.3769230769,0.08661480586,1
erased_12,risk,13,late,EUR,structure,Base,79,79,2019-01,2025-07,0.5127560487,1.01374062,,0.4936708861,0.3910908036,0.4647435897,0.7637415306,1
erased_12,risk,13,late,EUR,All,Base,79,79,2019-01,2025-07,0.5159063033,1.019968808,,0.4936708861,0.3681074399,0.4955128205,0.6653159873,1
erased_12,risk,13,late,JPY,Base,Base,79,79,2019-01,2025-07,0.4682429585,1,,0.1518987342,0.4020173944,0.3233830846,,
erased_12,risk,13,late,JPY,fixed,Base,79,79,2019-01,2025-07,0.4755592709,1.015625035,,0.1518987342,0.4136262465,0.2549751244,0.358846642,1
erased_12,risk,13,late,JPY,dynamic,Base,79,79,2019-01,2025-07,0.4716844427,1.007349783,,0.1518987342,0.4057538797,0.263681592,0.6692045114,1
erased_12,risk,13,late,JPY,annual,Base,79,79,2019-01,2025-07,0.4754400506,1.015370423,,0.1518987342,0.3871521005,0.2064676617,0.3402271157,1
erased_12,risk,13,late,JPY,structure,Base,79,79,2019-01,2025-07,0.3143506444,0.6640670951,,0.1518987342,0.2102258995,0.8694029851,0.01222338249,1
erased_12,risk,13,late,JPY,All,Base,79,79,2019-01,2025-07,0.2973244963,0.6280992836,,0.1518987342,0.1459470613,0.7929104478,0.006374881803,1
erased_12,risk,13,late,GBP,Base,Base,79,79,2019-01,2025-07,0.5009714265,1,,0.582278481,0.6345613441,0.4736495389,,
erased_12,risk,13,late,GBP,fixed,Base,79,79,2019-01,2025-07,0.5007315572,0.9995211915,,0.582278481,0.6379558559,0.4953886693,0.8380684497,1
erased_12,risk,13,late,GBP,dynamic,Base,79,79,2019-01,2025-07,0.4997821511,0.9976260612,,0.582278481,0.6426735512,0.4927536232,0.1554597587,1
erased_12,risk,13,late,GBP,annual,Base,79,79,2019-01,2025-07,0.4990572772,0.9961791248,,0.582278481,0.6467326349,0.5151515152,0.5672368505,1
erased_12,risk,13,late,GBP,structure,Base,79,79,2019-01,2025-07,0.4980651818,0.9847468689,,0.582278481,0.6318321194,0.581027668,0.674331512,1
erased_12,risk,13,late,GBP,All,Base,79,79,2019-01,2025-07,0.4939855198,0.9766807874,,0.582278481,0.6751452298,0.6752305665,0.5604035448,1
erased_12,risk,13,late,CAD,Base,Base,79,79,2019-01,2025-07,0.5449571478,1,,0.3417721519,0.5098712086,0.1502849003,,
erased_12,risk,13,late,CAD,fixed,Base,79,79,2019-01,2025-07,0.5385838023,0.9883048686,,0.3417721519,0.4977110941,0.1602564103,0.2124263396,1
erased_12,risk,13,late,CAD,dynamic,Base,79,79,2019-01,2025-07,0.5343155708,0.9804726353,,0.3417721519,0.491808583,0.1623931624,0.1535665711,1
erased_12,risk,13,late,CAD,annual,Base,79,79,2019-01,2025-07,0.5464387059,1.002718669,,0.3417721519,0.5099903439,0.1752136752,0.7553304564,1
erased_12,risk,13,late,CAD,structure,Base,79,79,2019-01,2025-07,0.5808583318,1.012513303,,0.3417721519,0.3661307663,0.150997151,0.9109170035,1
erased_12,risk,13,late,CAD,All,Base,79,79,2019-01,2025-07,0.5840013632,1.017992025,,0.3417721519,0.3395664561,0.146011396,0.8801873652,1
erased_12,risk,13,late,SEK,Base,Base,79,79,2019-01,2025-07,0.5302168287,1,,0.4810126582,0.4511884919,0.2753530167,,
erased_12,risk,13,late,SEK,fixed,Base,79,79,2019-01,2025-07,0.5285551505,0.9968660403,,0.4810126582,0.4535383967,0.270860077,0.1659587837,1
erased_12,risk,13,late,SEK,dynamic,Base,79,79,2019-01,2025-07,0.5295756673,0.9987907562,,0.4810126582,0.4520014495,0.2715019255,0.3348608465,1
erased_12,risk,13,late,SEK,annual,Base,79,79,2019-01,2025-07,0.5314759217,1.002374676,,0.4810126582,0.4522767415,0.2836970475,0.1699458878,1
erased_12,risk,13,late,SEK,structure,Base,79,79,2019-01,2025-07,0.5223628087,0.9805881356,,0.4810126582,0.4434397043,0.4242618742,0.5958278006,1
erased_12,risk,13,late,SEK,All,Base,79,79,2019-01,2025-07,0.5246239617,0.9848328095,,0.4810126582,0.4562714926,0.4037227214,0.6236791759,1
adverse_36,risk,37,all,POOL,Base,Base,540,90,2016-02,2023-07,0.1180507976,1,0.9545903803,0.08301452178,0.1438825829,,,
adverse_36,risk,37,all,POOL,fixed,Base,540,90,2016-02,2023-07,0.1181601648,1.000926442,0.9554747532,0.08301452178,0.1464805935,,,
adverse_36,risk,37,all,POOL,dynamic,Base,540,90,2016-02,2023-07,0.1160246407,0.982836568,0.9382063332,0.08301452178,0.1416649749,,,
adverse_36,risk,37,all,POOL,annual,Base,540,90,2016-02,2023-07,0.1342155882,1.136930804,1.085303208,0.08301452178,0.1313357831,,,
adverse_36,risk,37,all,POOL,structure,Base,468,78,2017-02,2023-07,0.1400726137,1.153518183,1.100338732,0.08305110542,0.1816359335,,,
adverse_36,risk,37,all,POOL,All,Base,468,78,2017-02,2023-07,0.1473954207,1.213822555,1.157862954,0.08305110542,0.1840844367,,,
adverse_36,risk,37,all,BRL,Base,Base,90,90,2016-02,2023-07,0.1936135754,1,0.7894306524,0.1855287997,0.2193401752,,,
adverse_36,risk,37,all,BRL,fixed,Base,90,90,2016-02,2023-07,0.1751980483,0.904885145,0.7143440703,0.1855287997,0.2245035907,,,
adverse_36,risk,37,all,BRL,dynamic,Base,90,90,2016-02,2023-07,0.1781552754,0.9201590074,0.7264017255,0.1855287997,0.2041957342,,,
adverse_36,risk,37,all,BRL,annual,Base,90,90,2016-02,2023-07,0.2366952316,1.222513613,0.9650897188,0.1855287997,0.158593803,,,
adverse_36,risk,37,all,BRL,structure,Base,78,78,2017-02,2023-07,0.2124458852,1.146097693,0.816990019,0.2006868889,0.3243841211,,,
adverse_36,risk,37,all,BRL,All,Base,78,78,2017-02,2023-07,0.1962255816,1.05859281,0.7546125995,0.2006868889,0.3135324765,,,
adverse_36,risk,37,all,EUR,Base,Base,90,90,2016-02,2023-07,0.06560087513,1,0.9321413012,0.05532764781,0.0926405825,,,
adverse_36,risk,37,all,EUR,fixed,Base,90,90,2016-02,2023-07,0.06243954184,0.9518095865,0.8872210265,0.05532764781,0.08809982465,,,
adverse_36,risk,37,all,EUR,dynamic,Base,90,90,2016-02,2023-07,0.06755290548,1.029756163,0.9598782499,0.05532764781,0.09305351993,,,
adverse_36,risk,37,all,EUR,annual,Base,90,90,2016-02,2023-07,0.05755968344,0.8774224936,0.8178817449,0.05532764781,0.08280389273,,,
adverse_36,risk,37,all,EUR,structure,Base,78,78,2017-02,2023-07,0.08461995175,1.384514763,1.374577161,0.04718085613,0.1122101241,,,
adverse_36,risk,37,all,EUR,All,Base,78,78,2017-02,2023-07,0.07893174873,1.291446865,1.282177274,0.04718085613,0.1041073245,,,
adverse_36,risk,37,all,JPY,Base,Base,90,90,2016-02,2023-07,0.07783718776,1,1.986673173,0.02919124371,0.08519013273,,,
adverse_36,risk,37,all,JPY,fixed,Base,90,90,2016-02,2023-07,0.09407693986,1.208637447,2.401167592,0.02919124371,0.09950226598,,,
adverse_36,risk,37,all,JPY,dynamic,Base,90,90,2016-02,2023-07,0.08501766696,1.092249982,2.169943739,0.02919124371,0.08730683739,,,
adverse_36,risk,37,all,JPY,annual,Base,90,90,2016-02,2023-07,0.06562513343,0.843107714,1.674979478,0.02919124371,0.05931586159,,,
adverse_36,risk,37,all,JPY,structure,Base,78,78,2017-02,2023-07,0.134173421,1.986880597,3.696131037,0.02705287171,0.1255970227,,,
adverse_36,risk,37,all,JPY,All,Base,78,78,2017-02,2023-07,0.1656836957,2.453494274,4.564157681,0.02705287171,0.1399677401,,,
adverse_36,risk,37,all,GBP,Base,Base,90,90,2016-02,2023-07,0.09544316087,1,0.9355234507,0.08800762747,0.1317583803,,,
adverse_36,risk,37,all,GBP,fixed,Base,90,90,2016-02,2023-07,0.0920558892,0.964510064,0.9023217833,0.08800762747,0.1260760781,,,
adverse_36,risk,37,all,GBP,dynamic,Base,90,90,2016-02,2023-07,0.0968380758,1.014615138,0.9491962547,0.08800762747,0.1352463844,,,
adverse_36,risk,37,all,GBP,annual,Base,90,90,2016-02,2023-07,0.08713704109,0.9129731276,0.8541077707,0.08800762747,0.1193022847,,,
adverse_36,risk,37,all,GBP,structure,Base,78,78,2017-02,2023-07,0.1186253665,1.11816262,1.236221503,0.08138844574,0.1700402257,,,
adverse_36,risk,37,all,GBP,All,Base,78,78,2017-02,2023-07,0.09653338476,0.9099236163,1.005996015,0.08138844574,0.1478989878,,,
adverse_36,risk,37,all,CAD,Base,Base,90,90,2016-02,2023-07,0.09936483004,1,1.280736887,0.06616434737,0.1519296408,,,
adverse_36,risk,37,all,CAD,fixed,Base,90,90,2016-02,2023-07,0.1222799529,1.230616032,1.576095346,0.06616434737,0.1582838628,,,
adverse_36,risk,37,all,CAD,dynamic,Base,90,90,2016-02,2023-07,0.103491646,1.041531958,1.333928398,0.06616434737,0.146730422,,,
adverse_36,risk,37,all,CAD,annual,Base,90,90,2016-02,2023-07,0.1192069202,1.199689268,1.536486298,0.06616434737,0.1647226536,,,
adverse_36,risk,37,all,CAD,structure,Base,78,78,2017-02,2023-07,0.09270894358,0.8023865966,1.147162493,0.06895830231,0.1486069661,,,
adverse_36,risk,37,all,CAD,All,Base,78,78,2017-02,2023-07,0.1618980283,1.401211176,2.003294812,0.06895830231,0.1929329363,,,
adverse_36,risk,37,all,SEK,Base,Base,90,90,2016-02,2023-07,0.1295563941,1,1.389492021,0.07386746463,0.1824365859,,,
adverse_36,risk,37,all,SEK,fixed,Base,90,90,2016-02,2023-07,0.1300028869,1.00344632,1.394280656,0.07386746463,0.182417939,,,
adverse_36,risk,37,all,SEK,dynamic,Base,90,90,2016-02,2023-07,0.130963617,1.010861856,1.404584483,0.07386746463,0.1834569513,,,
adverse_36,risk,37,all,SEK,annual,Base,90,90,2016-02,2023-07,0.1504505999,1.161274987,1.613582329,0.07386746463,0.2032762027,,,
adverse_36,risk,37,all,SEK,structure,Base,78,78,2017-02,2023-07,0.1573492916,1.080373911,1.680572671,0.07303926769,0.2089771412,,,
adverse_36,risk,37,all,SEK,All,Base,78,78,2017-02,2023-07,0.1504559983,1.033043961,1.606948697,0.07303926769,0.2060671552,,,
adverse_36,risk,37,late,POOL,Base,Base,330,55,2019-01,2023-07,0.1134136553,1,1.093702966,0.07344397005,0.1443252564,,,
adverse_36,risk,37,late,POOL,fixed,Base,330,55,2019-01,2023-07,0.1065845679,0.9397860216,1.027846759,0.07344397005,0.1341142188,,,
adverse_36,risk,37,late,POOL,dynamic,Base,330,55,2019-01,2023-07,0.1075768533,0.9485352808,1.03741585,0.07344397005,0.1340163383,,,
adverse_36,risk,37,late,POOL,annual,Base,330,55,2019-01,2023-07,0.1150798998,1.014691745,1.109771371,0.07344397005,0.1340274767,,,
adverse_36,risk,37,late,POOL,structure,Base,330,55,2019-01,2023-07,0.1367808869,1.151070893,1.319044531,0.07344397005,0.1706306678,,,
adverse_36,risk,37,late,POOL,All,Base,330,55,2019-01,2023-07,0.1396458178,1.175180538,1.346672451,0.07344397005,0.1691254625,,,
adverse_36,risk,37,late,BRL,Base,Base,55,55,2019-01,2023-07,0.2044218521,1,1.185827226,0.1202965976,0.2464254354,,,
adverse_36,risk,37,late,BRL,fixed,Base,55,55,2019-01,2023-07,0.1938723562,0.948393502,1.124630836,0.1202965976,0.2300613285,,,
adverse_36,risk,37,late,BRL,dynamic,Base,55,55,2019-01,2023-07,0.1939713614,0.9488778198,1.125205153,0.1202965976,0.2139023461,,,
adverse_36,risk,37,late,BRL,annual,Base,55,55,2019-01,2023-07,0.2141173165,1.047428708,1.24206948,0.1202965976,0.2117901676,,,
adverse_36,risk,37,late,BRL,structure,Base,55,55,2019-01,2023-07,0.2433553131,1.184690904,1.411675674,0.1202965976,0.324497458,,,
adverse_36,risk,37,late,BRL,All,Base,55,55,2019-01,2023-07,0.2219141369,1.080311977,1.287297922,0.1202965976,0.2974828557,,,
adverse_36,risk,37,late,EUR,Base,Base,55,55,2019-01,2023-07,0.06094200316,1,0.9510490474,0.05037876677,0.08373537424,,,
adverse_36,risk,37,late,EUR,fixed,Base,55,55,2019-01,2023-07,0.05690623534,0.933776909,0.8880676398,0.05037876677,0.07847764873,,,
adverse_36,risk,37,late,EUR,dynamic,Base,55,55,2019-01,2023-07,0.05933314716,0.9736002114,0.9259415536,0.05037876677,0.08218788696,,,
adverse_36,risk,37,late,EUR,annual,Base,55,55,2019-01,2023-07,0.05779714022,0.9483958063,0.9019709281,0.05037876677,0.07652546837,,,
adverse_36,risk,37,late,EUR,structure,Base,55,55,2019-01,2023-07,0.07111135701,1.1786432,1.109750005,0.05037876677,0.09997497889,,,
adverse_36,risk,37,late,EUR,All,Base,55,55,2019-01,2023-07,0.07635123076,1.265492078,1.191522456,0.05037876677,0.1028336416,,,
adverse_36,risk,37,late,JPY,Base,Base,55,55,2019-01,2023-07,0.08157203277,1,2.368815287,0.02312154754,0.08271770196,,,
adverse_36,risk,37,late,JPY,fixed,Base,55,55,2019-01,2023-07,0.06951838524,0.8522330863,2.018782763,0.02312154754,0.06624347268,,,
adverse_36,risk,37,late,JPY,dynamic,Base,55,55,2019-01,2023-07,0.07011866805,0.8595920155,2.036214707,0.02312154754,0.06875247164,,,
adverse_36,risk,37,late,JPY,annual,Base,55,55,2019-01,2023-07,0.06481768812,0.7946067533,1.882276625,0.02312154754,0.06030799464,,,
adverse_36,risk,37,late,JPY,structure,Base,55,55,2019-01,2023-07,0.1322081769,1.772139974,3.839266228,0.02312154754,0.1115948404,,,
adverse_36,risk,37,late,JPY,All,Base,55,55,2019-01,2023-07,0.1696451678,2.273951508,4.926419671,0.02312154754,0.1268370039,,,
adverse_36,risk,37,late,GBP,Base,Base,55,55,2019-01,2023-07,0.08726403532,1,0.8271291026,0.09029879724,0.1468506883,,,
adverse_36,risk,37,late,GBP,fixed,Base,55,55,2019-01,2023-07,0.08746629833,1.002317828,0.8290462454,0.09029879724,0.1484781245,,,
adverse_36,risk,37,late,GBP,dynamic,Base,55,55,2019-01,2023-07,0.08800275417,1.00846533,0.8341310233,0.09029879724,0.1498453141,,,
adverse_36,risk,37,late,GBP,annual,Base,55,55,2019-01,2023-07,0.08036627632,0.9209553056,0.7617489354,0.09029879724,0.1396064026,,,
adverse_36,risk,37,late,GBP,structure,Base,55,55,2019-01,2023-07,0.09639138526,0.9336819372,0.9136423693,0.09029879724,0.1569952937,,,
adverse_36,risk,37,late,GBP,All,Base,55,55,2019-01,2023-07,0.09027159288,0.8744034073,0.8556361315,0.09029879724,0.1543927292,,,
adverse_36,risk,37,late,CAD,Base,Base,55,55,2019-01,2023-07,0.07620473884,1,0.8833509103,0.07403881929,0.1381501588,,,
adverse_36,risk,37,late,CAD,fixed,Base,55,55,2019-01,2023-07,0.06446018292,0.8458815541,0.7472102408,0.07403881929,0.1167584234,,,
adverse_36,risk,37,late,CAD,dynamic,Base,55,55,2019-01,2023-07,0.0674043597,0.8845166419,0.7813385808,0.07403881929,0.1226377164,,,
adverse_36,risk,37,late,CAD,annual,Base,55,55,2019-01,2023-07,0.0791345502,1.038446577,0.9173127291,0.07403881929,0.137554922,,,
adverse_36,risk,37,late,CAD,structure,Base,55,55,2019-01,2023-07,0.09084361914,1.041032224,1.05304204,0.07403881929,0.1491429109,,,
adverse_36,risk,37,late,CAD,All,Base,55,55,2019-01,2023-07,0.1062252979,1.217300226,1.23134355,0.07403881929,0.1471210203,,,
adverse_36,risk,37,late,SEK,Base,Base,55,55,2019-01,2023-07,0.1076919272,1,1.029798078,0.08252929191,0.1680721794,,,
adverse_36,risk,37,late,SEK,fixed,Base,55,55,2019-01,2023-07,0.103433728,0.9604594391,0.989079284,0.08252929191,0.164666315,,,
adverse_36,risk,37,late,SEK,dynamic,Base,55,55,2019-01,2023-07,0.1052943721,0.9777369094,1.00687159,0.08252929191,0.1667722947,,,
adverse_36,risk,37,late,SEK,annual,Base,55,55,2019-01,2023-07,0.1155474675,1.07294456,1.104916245,0.08252929191,0.1783799051,,,
adverse_36,risk,37,late,SEK,structure,Base,55,55,2019-01,2023-07,0.1138093505,0.927778589,1.088295598,0.08252929191,0.1815785248,,,
adverse_36,risk,37,late,SEK,All,Base,55,55,2019-01,2023-07,0.1171241845,0.9548012542,1.119993514,0.08252929191,0.1860855243,,,
underwater_36,risk,37,all,POOL,Base,Base,540,90,2016-02,2023-07,0.4073230627,1,0.7959083704,0.3940843621,0.5280140475,,,
underwater_36,risk,37,all,POOL,fixed,Base,540,90,2016-02,2023-07,0.4046535972,0.9934463189,0.7906922408,0.3940843621,0.5317082492,,,
underwater_36,risk,37,all,POOL,dynamic,Base,540,90,2016-02,2023-07,0.4036517574,0.9909867484,0.7887346481,0.3940843621,0.5086182119,,,
underwater_36,risk,37,all,POOL,annual,Base,540,90,2016-02,2023-07,0.4188859851,1.028387596,0.8185022955,0.3940843621,0.5097397342,,,
underwater_36,risk,37,all,POOL,structure,Base,468,78,2017-02,2023-07,0.3966750542,0.9979340488,0.7837409544,0.384199905,0.6099294315,,,
underwater_36,risk,37,all,POOL,All,Base,468,78,2017-02,2023-07,0.3982876158,1.001990846,0.7869270144,0.384199905,0.6078335887,,,
underwater_36,risk,37,all,BRL,Base,Base,90,90,2016-02,2023-07,0.5347271227,1,0.8930043405,0.462962963,0.2934226205,,,
underwater_36,risk,37,all,BRL,fixed,Base,90,90,2016-02,2023-07,0.4850747666,0.9071444967,0.810083973,0.462962963,0.3166738147,,,
underwater_36,risk,37,all,BRL,dynamic,Base,90,90,2016-02,2023-07,0.5078220699,0.9496845183,0.8480723969,0.462962963,0.2467813895,,,
underwater_36,risk,37,all,BRL,annual,Base,90,90,2016-02,2023-07,0.5880188023,1.099661449,0.9820024466,0.462962963,0.2246186812,,,
underwater_36,risk,37,all,BRL,structure,Base,78,78,2017-02,2023-07,0.3788013609,0.8380480793,0.6044731559,0.4928774929,0.6724761871,,,
underwater_36,risk,37,all,BRL,All,Base,78,78,2017-02,2023-07,0.3342123792,0.7394008349,0.5333201843,0.4928774929,0.6519637012,,,
underwater_36,risk,37,all,EUR,Base,Base,90,90,2016-02,2023-07,0.3340290933,1,0.7415588462,0.3524691358,0.5144706619,,,
underwater_36,risk,37,all,EUR,fixed,Base,90,90,2016-02,2023-07,0.329009954,0.9849739457,0.7304161428,0.3524691358,0.5013067276,,,
underwater_36,risk,37,all,EUR,dynamic,Base,90,90,2016-02,2023-07,0.3366914197,1.007970343,0.7474693246,0.3524691358,0.5072494227,,,
underwater_36,risk,37,all,EUR,annual,Base,90,90,2016-02,2023-07,0.3230850942,0.9672363896,0.7172627011,0.3524691358,0.4968484233,,,
underwater_36,risk,37,all,EUR,structure,Base,78,78,2017-02,2023-07,0.3385799857,1.113844492,0.8021474884,0.3183760684,0.5060004147,,,
underwater_36,risk,37,all,EUR,All,Base,78,78,2017-02,2023-07,0.3295535272,1.084149674,0.7807624352,0.3183760684,0.4862184845,,,
underwater_36,risk,37,all,JPY,Base,Base,90,90,2016-02,2023-07,0.3699889818,1,1.157472965,0.2141975309,0.5152940444,,,
underwater_36,risk,37,all,JPY,fixed,Base,90,90,2016-02,2023-07,0.3796399123,1.026084373,1.187664921,0.2141975309,0.5410512234,,,
underwater_36,risk,37,all,JPY,dynamic,Base,90,90,2016-02,2023-07,0.344565968,0.9312871058,1.077939648,0.2141975309,0.4786534883,,,
underwater_36,risk,37,all,JPY,annual,Base,90,90,2016-02,2023-07,0.3453631252,0.9334416488,1.080433473,0.2141975309,0.4680271453,,,
underwater_36,risk,37,all,JPY,structure,Base,78,78,2017-02,2023-07,0.3872757294,1.238999467,1.291836696,0.2019230769,0.4554783605,,,
underwater_36,risk,37,all,JPY,All,Base,78,78,2017-02,2023-07,0.4068786786,1.301714587,1.357226306,0.2019230769,0.4664565146,,,
underwater_36,risk,37,all,GBP,Base,Base,90,90,2016-02,2023-07,0.420550707,1,0.6692736544,0.5330246914,0.6625025622,,,
underwater_36,risk,37,all,GBP,fixed,Base,90,90,2016-02,2023-07,0.3982605945,0.9469978004,0.6338006786,0.5330246914,0.63655125,,,
underwater_36,risk,37,all,GBP,dynamic,Base,90,90,2016-02,2023-07,0.4137751838,0.9838889269,0.6584909377,0.5330246914,0.6725304473,,,
underwater_36,risk,37,all,GBP,annual,Base,90,90,2016-02,2023-07,0.4048723577,0.9627194793,0.6443227841,0.5330246914,0.639443147,,,
underwater_36,risk,37,all,GBP,structure,Base,78,78,2017-02,2023-07,0.4550814657,1.057833182,0.773092179,0.4878917379,0.7521453567,,,
underwater_36,risk,37,all,GBP,All,Base,78,78,2017-02,2023-07,0.3952769634,0.918818101,0.6714963188,0.4878917379,0.7148103597,,,
underwater_36,risk,37,all,CAD,Base,Base,90,90,2016-02,2023-07,0.367425571,1,0.6188909225,0.4935185185,0.5903716521,,,
underwater_36,risk,37,all,CAD,fixed,Base,90,90,2016-02,2023-07,0.4334570339,1.179713847,0.7301141912,0.4935185185,0.6079652019,,,
underwater_36,risk,37,all,CAD,dynamic,Base,90,90,2016-02,2023-07,0.4106897006,1.11774937,0.691764939,0.4935185185,0.5589305695,,,
underwater_36,risk,37,all,CAD,annual,Base,90,90,2016-02,2023-07,0.3850697664,1.048021142,0.6486107712,0.4935185185,0.6023481538,,,
underwater_36,risk,37,all,CAD,structure,Base,78,78,2017-02,2023-07,0.379134044,0.8680608106,0.6304510482,0.4928774929,0.6251325311,,,
underwater_36,risk,37,all,CAD,All,Base,78,78,2017-02,2023-07,0.5067783335,1.160313662,0.8427070495,0.4928774929,0.7051291931,,,
underwater_36,risk,37,all,SEK,Base,Base,90,90,2016-02,2023-07,0.3862740471,1,0.9641210534,0.3083333333,0.5920227437,,,
underwater_36,risk,37,all,SEK,fixed,Base,90,90,2016-02,2023-07,0.3850962984,0.9969510023,0.9611814506,0.3083333333,0.5867012776,,,
underwater_36,risk,37,all,SEK,dynamic,Base,90,90,2016-02,2023-07,0.3843988054,0.9951453076,0.9594405423,0.3083333333,0.5875639541,,,
underwater_36,risk,37,all,SEK,annual,Base,90,90,2016-02,2023-07,0.4137229531,1.071060705,1.032632175,0.3083333333,0.627152855,,,
underwater_36,risk,37,all,SEK,structure,Base,78,78,2017-02,2023-07,0.4302969439,1.020537798,1.049470552,0.3112535613,0.6483437387,,,
underwater_36,risk,37,all,SEK,All,Base,78,78,2017-02,2023-07,0.3909939786,0.9273227232,0.9536127835,0.3112535613,0.6224232789,,,
underwater_36,risk,37,late,POOL,Base,Base,330,55,2019-01,2023-07,0.3787340611,1,0.7346725793,0.3895622896,0.5184247454,,,
underwater_36,risk,37,late,POOL,fixed,Base,330,55,2019-01,2023-07,0.3725110806,0.9835689969,0.7226011719,0.3895622896,0.500698057,,,
underwater_36,risk,37,late,POOL,dynamic,Base,330,55,2019-01,2023-07,0.3737261084,0.9867771262,0.7249580965,0.3895622896,0.4959426148,,,
underwater_36,risk,37,late,POOL,annual,Base,330,55,2019-01,2023-07,0.3746366532,0.9891813061,0.7267243815,0.3895622896,0.4996190736,,,
underwater_36,risk,37,late,POOL,structure,Base,330,55,2019-01,2023-07,0.3757831209,0.9970011075,0.7289483124,0.3895622896,0.5796789315,,,
underwater_36,risk,37,late,POOL,All,Base,330,55,2019-01,2023-07,0.3723492833,0.9878906932,0.7222873157,0.3895622896,0.554833679,,,
underwater_36,risk,37,late,BRL,Base,Base,55,55,2019-01,2023-07,0.5275671891,1,1.056053343,0.3449494949,0.3231629403,,,
underwater_36,risk,37,late,BRL,fixed,Base,55,55,2019-01,2023-07,0.5157949984,0.9776858931,1.032488456,0.3449494949,0.3057215351,,,
underwater_36,risk,37,late,BRL,dynamic,Base,55,55,2019-01,2023-07,0.5211221561,0.987783484,1.04315205,0.3449494949,0.260094613,,,
underwater_36,risk,37,late,BRL,annual,Base,55,55,2019-01,2023-07,0.5430703071,1.029386054,1.087086584,0.3449494949,0.28109786,,,
underwater_36,risk,37,late,BRL,structure,Base,55,55,2019-01,2023-07,0.4425626417,0.9163023132,0.8858961794,0.3449494949,0.6115067764,,,
underwater_36,risk,37,late,BRL,All,Base,55,55,2019-01,2023-07,0.3848414939,0.7967937594,0.7703533398,0.3449494949,0.5295388423,,,
underwater_36,risk,37,late,EUR,Base,Base,55,55,2019-01,2023-07,0.3105338022,1,0.6610199407,0.3702020202,0.4725877531,,,
underwater_36,risk,37,late,EUR,fixed,Base,55,55,2019-01,2023-07,0.3034817461,0.9772905364,0.6460085325,0.3702020202,0.4537754216,,,
underwater_36,risk,37,late,EUR,dynamic,Base,55,55,2019-01,2023-07,0.3071538537,0.9891156824,0.6538251898,0.3702020202,0.466982513,,,
underwater_36,risk,37,late,EUR,annual,Base,55,55,2019-01,2023-07,0.3029581052,0.9756042759,0.6448938806,0.3702020202,0.4529661466,,,
underwater_36,risk,37,late,EUR,structure,Base,55,55,2019-01,2023-07,0.3152306474,1.062775298,0.6710179129,0.3702020202,0.4929532268,,,
underwater_36,risk,37,late,EUR,All,Base,55,55,2019-01,2023-07,0.3145575285,1.060505931,0.6695850738,0.3702020202,0.4782838906,,,
underwater_36,risk,37,late,JPY,Base,Base,55,55,2019-01,2023-07,0.3626040643,1,1.774002251,0.1303030303,0.4756228284,,,
underwater_36,risk,37,late,JPY,fixed,Base,55,55,2019-01,2023-07,0.3333552946,0.919336895,1.630905721,0.1303030303,0.4467730331,,,
underwater_36,risk,37,late,JPY,dynamic,Base,55,55,2019-01,2023-07,0.3285628836,0.906120245,1.607459354,0.1303030303,0.4415331518,,,
underwater_36,risk,37,late,JPY,annual,Base,55,55,2019-01,2023-07,0.3181491419,0.8774009262,1.556511218,0.1303030303,0.4175276219,,,
underwater_36,risk,37,late,JPY,structure,Base,55,55,2019-01,2023-07,0.4096280106,1.222709158,2.004061962,0.1303030303,0.456166923,,,
underwater_36,risk,37,late,JPY,All,Base,55,55,2019-01,2023-07,0.4169839388,1.244666057,2.040050068,0.1303030303,0.4137181727,,,
underwater_36,risk,37,late,GBP,Base,Base,55,55,2019-01,2023-07,0.373935168,1,0.5694141113,0.5636363636,0.6944952791,,,
underwater_36,risk,37,late,GBP,fixed,Base,55,55,2019-01,2023-07,0.3669799485,0.9813999323,0.5588229702,0.5636363636,0.6836618658,,,
underwater_36,risk,37,late,GBP,dynamic,Base,55,55,2019-01,2023-07,0.3728931977,0.9972135003,0.567827439,0.5636363636,0.6976536649,,,
underwater_36,risk,37,late,GBP,annual,Base,55,55,2019-01,2023-07,0.3536672838,0.9457984007,0.5385509558,0.5636363636,0.6816130309,,,
underwater_36,risk,37,late,GBP,structure,Base,55,55,2019-01,2023-07,0.3878832898,0.9513745678,0.5906537754,0.5636363636,0.7099053973,,,
underwater_36,risk,37,late,GBP,All,Base,55,55,2019-01,2023-07,0.3608165975,0.8849871688,0.549437656,0.5636363636,0.7074654908,,,
underwater_36,risk,37,late,CAD,Base,Base,55,55,2019-01,2023-07,0.3392183517,1,0.5128828361,0.5641414141,0.5821366632,,,
underwater_36,risk,37,late,CAD,fixed,Base,55,55,2019-01,2023-07,0.3678512317,1.084408405,0.5561744583,0.5641414141,0.5627426518,,,
underwater_36,risk,37,late,CAD,dynamic,Base,55,55,2019-01,2023-07,0.3599020751,1.060974659,0.5441556922,0.5641414141,0.5517585676,,,
underwater_36,risk,37,late,CAD,annual,Base,55,55,2019-01,2023-07,0.3448975369,1.016741975,0.5214695079,0.5641414141,0.5773299087,,,
underwater_36,risk,37,late,CAD,structure,Base,55,55,2019-01,2023-07,0.3702994616,1.032317002,0.5598760713,0.5641414141,0.6207542916,,,
underwater_36,risk,37,late,CAD,All,Base,55,55,2019-01,2023-07,0.4244528669,1.183285304,0.6417535757,0.5641414141,0.6075220847,,,
underwater_36,risk,37,late,SEK,Base,Base,55,55,2019-01,2023-07,0.3154365951,1,0.6822093813,0.3641414141,0.5625430084,,,
underwater_36,risk,37,late,SEK,fixed,Base,55,55,2019-01,2023-07,0.3054943807,0.9684811004,0.6607068922,0.3641414141,0.5515138347,,,
underwater_36,risk,37,late,SEK,dynamic,Base,55,55,2019-01,2023-07,0.3091650438,0.9801178703,0.6686456058,0.3641414141,0.5576331785,,,
underwater_36,risk,37,late,SEK,annual,Base,55,55,2019-01,2023-07,0.331893092,1.052170538,0.7178006117,0.3641414141,0.5871798735,,,
underwater_36,risk,37,late,SEK,structure,Base,55,55,2019-01,2023-07,0.3109267216,0.8829923623,0.6724556683,0.3641414141,0.5867869736,,,
underwater_36,risk,37,late,SEK,All,Base,55,55,2019-01,2023-07,0.3171593608,0.9006922652,0.6859352866,0.3641414141,0.5924735927,,,
adverse_60,risk,61,all,POOL,Base,Base,252,42,2018-02,2021-07,0.2181825672,1,1.670115801,0.09052226049,0.2244931693,,,
adverse_60,risk,61,all,POOL,fixed,Base,252,42,2018-02,2021-07,0.2202874787,1.009647478,1.686228206,0.09052226049,0.2356663743,,,
adverse_60,risk,61,all,POOL,dynamic,Base,252,42,2018-02,2021-07,0.2211061552,1.013399732,1.692494905,0.09052226049,0.2276984107,,,
adverse_60,risk,61,all,POOL,annual,Base,252,42,2018-02,2021-07,0.2269671214,1.040262402,1.737358674,0.09052226049,0.2212504271,,,
adverse_60,risk,61,all,POOL,structure,Base,180,30,2019-02,2021-07,0.2240904175,1.146711539,1.891040189,0.08674644933,0.2508103208,,,
adverse_60,risk,61,all,POOL,All,Base,180,30,2019-02,2021-07,0.2481910673,1.27003896,2.094419244,0.08674644933,0.2978143248,,,
adverse_60,risk,61,all,BRL,Base,Base,42,42,2018-02,2021-07,0.2128664361,1,0.8067806652,0.220019477,0.04081946277,,,
adverse_60,risk,61,all,BRL,fixed,Base,42,42,2018-02,2021-07,0.1909075513,0.8968419577,0.7235547512,0.220019477,0.06065114303,,,
adverse_60,risk,61,all,BRL,dynamic,Base,42,42,2018-02,2021-07,0.2170960514,1.019869808,0.8228112423,0.220019477,0.04278283237,,,
adverse_60,risk,61,all,BRL,annual,Base,42,42,2018-02,2021-07,0.2502761416,1.175742621,0.9485664142,0.220019477,0.01076051328,,,
adverse_60,risk,61,all,BRL,structure,Base,30,30,2019-02,2021-07,0.05252141058,0.5411805379,0.2481251355,0.1644888101,0.1457484255,,,
adverse_60,risk,61,all,BRL,All,Base,30,30,2019-02,2021-07,0.1545225614,1.592200247,0.7300057456,0.1644888101,0.269883886,,,
adverse_60,risk,61,all,EUR,Base,Base,42,42,2018-02,2021-07,0.1711537549,1,2.962028495,0.04352900997,0.208675111,,,
adverse_60,risk,61,all,EUR,fixed,Base,42,42,2018-02,2021-07,0.1729175237,1.010305171,2.992552706,0.04352900997,0.2101848332,,,
adverse_60,risk,61,all,EUR,dynamic,Base,42,42,2018-02,2021-07,0.1714719335,1.001859022,2.96753497,0.04352900997,0.21014117,,,
adverse_60,risk,61,all,EUR,annual,Base,42,42,2018-02,2021-07,0.1703409,0.9952507325,2.947961029,0.04352900997,0.2076258199,,,
adverse_60,risk,61,all,EUR,structure,Base,30,30,2019-02,2021-07,0.1578025355,1.175682186,2.371401983,0.05375695553,0.2089874579,,,
adverse_60,risk,61,all,EUR,All,Base,30,30,2019-02,2021-07,0.1761050747,1.312042285,2.646446219,0.05375695553,0.2259361856,,,
adverse_60,risk,61,all,JPY,Base,Base,42,42,2018-02,2021-07,0.1991679082,1,5.57207578,0.02952523141,0.2275283399,,,
adverse_60,risk,61,all,JPY,fixed,Base,42,42,2018-02,2021-07,0.2305761297,1.1576972,6.450776528,0.02952523141,0.2594989919,,,
adverse_60,risk,61,all,JPY,dynamic,Base,42,42,2018-02,2021-07,0.2098224747,1.053495398,5.87015619,0.02952523141,0.2368782795,,,
adverse_60,risk,61,all,JPY,annual,Base,42,42,2018-02,2021-07,0.1861636099,0.9347068588,5.20825745,0.02952523141,0.2136199986,,,
adverse_60,risk,61,all,JPY,structure,Base,30,30,2019-02,2021-07,0.2666541874,1.89265173,8.144060264,0.02634710001,0.2722668537,,,
adverse_60,risk,61,all,JPY,All,Base,30,30,2019-02,2021-07,0.3762161568,2.670298063,11.49026417,0.02634710001,0.3806088886,,,
adverse_60,risk,61,all,GBP,Base,Base,42,42,2018-02,2021-07,0.2653127326,1,3.214905585,0.07017489382,0.3310666115,,,
adverse_60,risk,61,all,GBP,fixed,Base,42,42,2018-02,2021-07,0.2560246906,0.9649920983,3.102358486,0.07017489382,0.3194658021,,,
adverse_60,risk,61,all,GBP,dynamic,Base,42,42,2018-02,2021-07,0.2674240856,1.007957978,3.240489734,0.07017489382,0.3329265284,,,
adverse_60,risk,61,all,GBP,annual,Base,42,42,2018-02,2021-07,0.2682018406,1.010889443,3.249914118,0.07017489382,0.3337240193,,,
adverse_60,risk,61,all,GBP,structure,Base,30,30,2019-02,2021-07,0.3009737354,1.051554526,3.35993488,0.07629915448,0.3748990322,,,
adverse_60,risk,61,all,GBP,All,Base,30,30,2019-02,2021-07,0.2780524975,0.9714713537,3.10405253,0.07629915448,0.3515845699,,,
adverse_60,risk,61,all,CAD,Base,Base,42,42,2018-02,2021-07,0.1123080983,1,1.073335473,0.09830461159,0.1641205986,,,
adverse_60,risk,61,all,CAD,fixed,Base,42,42,2018-02,2021-07,0.1320810822,1.17606018,1.262307109,0.09830461159,0.1891399947,,,
adverse_60,risk,61,all,CAD,dynamic,Base,42,42,2018-02,2021-07,0.1115645439,0.9933793344,1.066229278,0.09830461159,0.1678391508,,,
adverse_60,risk,61,all,CAD,annual,Base,42,42,2018-02,2021-07,0.1275185982,1.135435469,1.218703166,0.09830461159,0.1758447288,,,
adverse_60,risk,61,all,CAD,structure,Base,30,30,2019-02,2021-07,0.1207346055,1.167047656,1.070295168,0.1060551856,0.09956797998,,,
adverse_60,risk,61,all,CAD,All,Base,30,30,2019-02,2021-07,0.1669769198,1.614036191,1.480226731,0.1060551856,0.207190201,,,
adverse_60,risk,61,all,SEK,Base,Base,42,42,2018-02,2021-07,0.2972276194,1,2.913282099,0.08158033916,0.374748892,,,
adverse_60,risk,61,all,SEK,fixed,Base,42,42,2018-02,2021-07,0.2977479983,1.001750776,2.918382603,0.08158033916,0.3750574807,,,
adverse_60,risk,61,all,SEK,dynamic,Base,42,42,2018-02,2021-07,0.2980042145,1.002612796,2.920893912,0.08158033916,0.3756225033,,,
adverse_60,risk,61,all,SEK,annual,Base,42,42,2018-02,2021-07,0.3075388854,1.03469148,3.014348167,0.08158033916,0.3859274825,,,
adverse_60,risk,61,all,SEK,structure,Base,30,30,2019-02,2021-07,0.3120456098,1.044649321,2.715963692,0.09353149026,0.4033921753,,,
adverse_60,risk,61,all,SEK,All,Base,30,30,2019-02,2021-07,0.2607096784,0.8727896814,2.269149119,0.09353149026,0.3516822177,,,
adverse_60,risk,61,late,POOL,Base,Base,186,31,2019-01,2021-07,0.2107793722,1,1.750671886,0.08770819891,0.2176570367,,,
adverse_60,risk,61,late,POOL,fixed,Base,186,31,2019-01,2021-07,0.2139410918,1.015000138,1.776932205,0.08770819891,0.2309564163,,,
adverse_60,risk,61,late,POOL,dynamic,Base,186,31,2019-01,2021-07,0.2145626513,1.017949001,1.782094697,0.08770819891,0.2280523652,,,
adverse_60,risk,61,late,POOL,annual,Base,186,31,2019-01,2021-07,0.2158645356,1.024125527,1.792907768,0.08770819891,0.216668292,,,
adverse_60,risk,61,late,POOL,structure,Base,180,30,2019-02,2021-07,0.2240904175,1.146711539,1.891040189,0.08674644933,0.2508103208,,,
adverse_60,risk,61,late,POOL,All,Base,180,30,2019-02,2021-07,0.2481910673,1.27003896,2.094419244,0.08674644933,0.2978143248,,,
adverse_60,risk,61,late,BRL,Base,Base,31,31,2019-01,2021-07,0.1914054293,1,0.8729123259,0.1715222138,0.01994376451,,,
adverse_60,risk,61,late,BRL,fixed,Base,31,31,2019-01,2021-07,0.1645035805,0.8594509627,0.7502253389,0.1715222138,0.04147318496,,,
adverse_60,risk,61,late,BRL,dynamic,Base,31,31,2019-01,2021-07,0.1746963323,0.9127031192,0.7967098027,0.1715222138,0.0375433473,,,
adverse_60,risk,61,late,BRL,annual,Base,31,31,2019-01,2021-07,0.2122871806,1.109096965,0.968144411,0.1715222138,0.005237154941,,,
adverse_60,risk,61,late,BRL,structure,Base,30,30,2019-02,2021-07,0.05252141058,0.5411805379,0.2481251355,0.1644888101,0.1457484255,,,
adverse_60,risk,61,late,BRL,All,Base,30,30,2019-02,2021-07,0.1545225614,1.592200247,0.7300057456,0.1644888101,0.269883886,,,
adverse_60,risk,61,late,EUR,Base,Base,31,31,2019-01,2021-07,0.1532309608,1,2.326144837,0.05334315922,0.2022149961,,,
adverse_60,risk,61,late,EUR,fixed,Base,31,31,2019-01,2021-07,0.1558881949,1.017341366,2.366483366,0.05334315922,0.2043111103,,,
adverse_60,risk,61,late,EUR,dynamic,Base,31,31,2019-01,2021-07,0.1565335892,1.021553271,2.376280868,0.05334315922,0.2061237933,,,
adverse_60,risk,61,late,EUR,annual,Base,31,31,2019-01,2021-07,0.1540297276,1.005212829,2.338270633,0.05334315922,0.2023190111,,,
adverse_60,risk,61,late,EUR,structure,Base,30,30,2019-02,2021-07,0.1578025355,1.175682186,2.371401983,0.05375695553,0.2089874579,,,
adverse_60,risk,61,late,EUR,All,Base,30,30,2019-02,2021-07,0.1761050747,1.312042285,2.646446219,0.05375695553,0.2259361856,,,
adverse_60,risk,61,late,JPY,Base,Base,31,31,2019-01,2021-07,0.195574492,1,5.864217412,0.02705041614,0.221373758,,,
adverse_60,risk,61,late,JPY,fixed,Base,31,31,2019-01,2021-07,0.2338113216,1.19551031,7.010732378,0.02705041614,0.2603263125,,,
adverse_60,risk,61,late,JPY,dynamic,Base,31,31,2019-01,2021-07,0.2215556756,1.132845461,6.643252079,0.02705041614,0.2471010428,,,
adverse_60,risk,61,late,JPY,annual,Base,31,31,2019-01,2021-07,0.1913078819,0.9781842199,5.736284934,0.02705041614,0.2160980775,,,
adverse_60,risk,61,late,JPY,structure,Base,30,30,2019-02,2021-07,0.2666541874,1.89265173,8.144060264,0.02634710001,0.2722668537,,,
adverse_60,risk,61,late,JPY,All,Base,30,30,2019-02,2021-07,0.3762161568,2.670298063,11.49026417,0.02634710001,0.3806088886,,,
adverse_60,risk,61,late,GBP,Base,Base,31,31,2019-01,2021-07,0.267381384,1,3.018332261,0.07546628425,0.33759376,,,
adverse_60,risk,61,late,GBP,fixed,Base,31,31,2019-01,2021-07,0.2572156972,0.9619805739,2.903577001,0.07546628425,0.3245451873,,,
adverse_60,risk,61,late,GBP,dynamic,Base,31,31,2019-01,2021-07,0.2688126204,1.00535279,3.034488759,0.07546628425,0.3386544859,,,
adverse_60,risk,61,late,GBP,annual,Base,31,31,2019-01,2021-07,0.2708115642,1.012828792,3.057053818,0.07546628425,0.3407243269,,,
adverse_60,risk,61,late,GBP,structure,Base,30,30,2019-02,2021-07,0.3009737354,1.051554526,3.35993488,0.07629915448,0.3748990322,,,
adverse_60,risk,61,late,GBP,All,Base,30,30,2019-02,2021-07,0.2780524975,0.9714713537,3.10405253,0.07629915448,0.3515845699,,,
adverse_60,risk,61,late,CAD,Base,Base,31,31,2019-01,2021-07,0.08998474587,1,0.8031164167,0.1054134933,0.138609162,,,
adverse_60,risk,61,late,CAD,fixed,Base,31,31,2019-01,2021-07,0.1159438285,1.288483146,1.034801968,0.1054134933,0.1685306323,,,
adverse_60,risk,61,late,CAD,dynamic,Base,31,31,2019-01,2021-07,0.09987209616,1.109878071,0.8913612994,0.1054134933,0.1505089876,,,
adverse_60,risk,61,late,CAD,annual,Base,31,31,2019-01,2021-07,0.09376243119,1.041981397,0.8368323656,0.1054134933,0.1424369821,,,
adverse_60,risk,61,late,CAD,structure,Base,30,30,2019-02,2021-07,0.1207346055,1.167047656,1.070295168,0.1060551856,0.09956797998,,,
adverse_60,risk,61,late,CAD,All,Base,30,30,2019-02,2021-07,0.1669769198,1.614036191,1.480226731,0.1060551856,0.207190201,,,
adverse_60,risk,61,late,SEK,Base,Base,31,31,2019-01,2021-07,0.2976784437,1,2.606561931,0.09345362674,0.3862067794,,,
adverse_60,risk,61,late,SEK,fixed,Base,31,31,2019-01,2021-07,0.2983145434,1.002136869,2.612131812,0.09345362674,0.3865520703,,,
adverse_60,risk,61,late,SEK,dynamic,Base,31,31,2019-01,2021-07,0.2997993278,1.007124749,2.62513303,0.09345362674,0.3883825343,,,
adverse_60,risk,61,late,SEK,annual,Base,31,31,2019-01,2021-07,0.303422115,1.019294885,2.656855244,0.09345362674,0.3931941994,,,
adverse_60,risk,61,late,SEK,structure,Base,30,30,2019-02,2021-07,0.3120456098,1.044649321,2.715963692,0.09353149026,0.4033921753,,,
adverse_60,risk,61,late,SEK,All,Base,30,30,2019-02,2021-07,0.2607096784,0.8727896814,2.269149119,0.09353149026,0.3516822177,,,
underwater_60,risk,61,all,POOL,Base,Base,252,42,2018-02,2021-07,0.5580002795,1,1.315710854,0.3198412698,0.6012896013,,,
underwater_60,risk,61,all,POOL,fixed,Base,252,42,2018-02,2021-07,0.5815075969,1.042127788,1.371138841,0.3198412698,0.6366554699,,,
underwater_60,risk,61,all,POOL,dynamic,Base,252,42,2018-02,2021-07,0.5803382201,1.040032132,1.368381564,0.3198412698,0.6230616404,,,
underwater_60,risk,61,all,POOL,annual,Base,252,42,2018-02,2021-07,0.5590129479,1.001814817,1.318098628,0.3198412698,0.5969561244,,,
underwater_60,risk,61,all,POOL,structure,Base,180,30,2019-02,2021-07,0.5567773155,1.090589407,1.336598263,0.312037037,0.6561641147,,,
underwater_60,risk,61,all,POOL,All,Base,180,30,2019-02,2021-07,0.5583003893,1.093572733,1.34025455,0.312037037,0.7381535773,,,
underwater_60,risk,61,all,BRL,Base,Base,42,42,2018-02,2021-07,0.6210696525,1,1,0.4992063492,0,,,
underwater_60,risk,61,all,BRL,fixed,Base,42,42,2018-02,2021-07,0.6200100726,0.9982939435,0.9982939435,0.4992063492,0.000722343158,,,
underwater_60,risk,61,all,BRL,dynamic,Base,42,42,2018-02,2021-07,0.6210696525,1,1,0.4992063492,0,,,
underwater_60,risk,61,all,BRL,annual,Base,42,42,2018-02,2021-07,0.6210696525,1,1,0.4992063492,0,,,
underwater_60,risk,61,all,BRL,structure,Base,30,30,2019-02,2021-07,0.2278857433,0.5877120717,0.4614024885,0.3594444444,0.1779887111,,,
underwater_60,risk,61,all,BRL,All,Base,30,30,2019-02,2021-07,0.1971037701,0.5083260735,0.3990779271,0.3594444444,0.4058784673,,,
underwater_60,risk,61,all,EUR,Base,Base,42,42,2018-02,2021-07,0.4721322107,1,2.191612597,0.1638888889,0.6117770756,,,
underwater_60,risk,61,all,EUR,fixed,Base,42,42,2018-02,2021-07,0.4693174197,0.9940381297,2.178546487,0.1638888889,0.6107643044,,,
underwater_60,risk,61,all,EUR,dynamic,Base,42,42,2018-02,2021-07,0.4785093237,1.013507049,2.221214816,0.1638888889,0.6236255074,,,
underwater_60,risk,61,all,EUR,annual,Base,42,42,2018-02,2021-07,0.4585444791,0.9712204943,2.12853907,0.1638888889,0.5989631211,,,
underwater_60,risk,61,all,EUR,structure,Base,30,30,2019-02,2021-07,0.4548423987,1.157233461,1.867726376,0.1961111111,0.6361715257,,,
underwater_60,risk,61,all,EUR,All,Base,30,30,2019-02,2021-07,0.4468689338,1.136946961,1.834984814,0.1961111111,0.6179871936,,,
underwater_60,risk,61,all,JPY,Base,Base,42,42,2018-02,2021-07,0.5150435159,1,2.502224963,0.153968254,0.6472432292,,,
underwater_60,risk,61,all,JPY,fixed,Base,42,42,2018-02,2021-07,0.6714378585,1.303652678,3.262032273,0.153968254,0.7959034677,,,
underwater_60,risk,61,all,JPY,dynamic,Base,42,42,2018-02,2021-07,0.6202973338,1.204359078,3.013577349,0.153968254,0.7266302346,,,
underwater_60,risk,61,all,JPY,annual,Base,42,42,2018-02,2021-07,0.4632745003,0.8994861328,2.250716655,0.153968254,0.5915088262,,,
underwater_60,risk,61,all,JPY,structure,Base,30,30,2019-02,2021-07,0.6595394089,1.640650473,4.345376791,0.1144444444,0.7366812347,,,
underwater_60,risk,61,all,JPY,All,Base,30,30,2019-02,2021-07,0.7510379374,1.868259471,4.948215039,0.1144444444,0.8170837105,,,
underwater_60,risk,61,all,GBP,Base,Base,42,42,2018-02,2021-07,0.6480034633,1,1.56771026,0.3345238095,0.9315706641,,,
underwater_60,risk,61,all,GBP,fixed,Base,42,42,2018-02,2021-07,0.6083095103,0.9387442271,1.471678956,0.3345238095,0.8774171653,,,
underwater_60,risk,61,all,GBP,dynamic,Base,42,42,2018-02,2021-07,0.6507664167,1.004263794,1.574394654,0.3345238095,0.9357637937,,,
underwater_60,risk,61,all,GBP,annual,Base,42,42,2018-02,2021-07,0.6468141973,0.9981647228,1.564833077,0.3345238095,0.9314893032,,,
underwater_60,risk,61,all,GBP,structure,Base,30,30,2019-02,2021-07,0.6773551525,1.013036337,1.49687262,0.3672222222,0.9916710164,,,
underwater_60,risk,61,all,GBP,All,Base,30,30,2019-02,2021-07,0.6158332562,0.9210256445,1.360916701,0.3672222222,0.9407423443,,,
underwater_60,risk,61,all,CAD,Base,Base,42,42,2018-02,2021-07,0.3193564409,1,0.528215051,0.5535714286,0.5298491554,,,
underwater_60,risk,61,all,CAD,fixed,Base,42,42,2018-02,2021-07,0.3603983698,1.128514486,0.5960983367,0.5535714286,0.6470115453,,,
underwater_60,risk,61,all,CAD,dynamic,Base,42,42,2018-02,2021-07,0.3442534326,1.077959886,0.569394636,0.5535714286,0.5596354332,,,
underwater_60,risk,61,all,CAD,annual,Base,42,42,2018-02,2021-07,0.3544223347,1.109801743,0.586213984,0.5535714286,0.5363381305,,,
underwater_60,risk,61,all,CAD,structure,Base,30,30,2019-02,2021-07,0.4137598761,1.22778769,0.6314063205,0.6027777778,0.4407869499,,,
underwater_60,risk,61,all,CAD,All,Base,30,30,2019-02,2021-07,0.491235384,1.457687882,0.7496355838,0.6027777778,0.7565996508,,,
underwater_60,risk,61,all,SEK,Base,Base,42,42,2018-02,2021-07,0.6873010153,1,2.629879153,0.2138888889,0.8872974835,,,
underwater_60,risk,61,all,SEK,fixed,Base,42,42,2018-02,2021-07,0.6880980584,1.001159671,2.632928948,0.2138888889,0.8881139932,,,
underwater_60,risk,61,all,SEK,dynamic,Base,42,42,2018-02,2021-07,0.6923004225,1.00727397,2.649008816,0.2138888889,0.8927148737,,,
underwater_60,risk,61,all,SEK,annual,Base,42,42,2018-02,2021-07,0.7213703927,1.049569805,2.760241751,0.2138888889,0.9234373656,,,
underwater_60,risk,61,all,SEK,structure,Base,30,30,2019-02,2021-07,0.7322519274,0.9994736984,2.577885498,0.2322222222,0.9536852505,,,
underwater_60,risk,61,all,SEK,All,Base,30,30,2019-02,2021-07,0.6686055808,0.9126007972,2.353819179,0.2322222222,0.8906300973,,,
underwater_60,risk,61,late,POOL,Base,Base,186,31,2019-01,2021-07,0.5458949174,1,1.305451012,0.3141577061,0.602793041,,,
underwater_60,risk,61,late,POOL,fixed,Base,186,31,2019-01,2021-07,0.5776473119,1.058165763,1.381383567,0.3141577061,0.6485449907,,,
underwater_60,risk,61,late,POOL,dynamic,Base,186,31,2019-01,2021-07,0.5822810787,1.066654149,1.392464739,0.3141577061,0.6418838363,,,
underwater_60,risk,61,late,POOL,annual,Base,186,31,2019-01,2021-07,0.5448136651,0.9980193031,1.30286531,0.3141577061,0.5943093024,,,
underwater_60,risk,61,late,POOL,structure,Base,180,30,2019-02,2021-07,0.5567773155,1.090589407,1.336598263,0.312037037,0.6561641147,,,
underwater_60,risk,61,late,POOL,All,Base,180,30,2019-02,2021-07,0.5583003893,1.093572733,1.34025455,0.312037037,0.7381535773,,,
underwater_60,risk,61,late,BRL,Base,Base,31,31,2019-01,2021-07,0.5149555432,1,1,0.3784946237,0,,,
underwater_60,risk,61,late,BRL,fixed,Base,31,31,2019-01,2021-07,0.5132227267,0.9966350174,0.9966350174,0.3784946237,0.0009786584722,,,
underwater_60,risk,61,late,BRL,dynamic,Base,31,31,2019-01,2021-07,0.5149555432,1,1,0.3784946237,0,,,
underwater_60,risk,61,late,BRL,annual,Base,31,31,2019-01,2021-07,0.5149555432,1,1,0.3784946237,0,,,
underwater_60,risk,61,late,BRL,structure,Base,30,30,2019-02,2021-07,0.2278857433,0.5877120717,0.4614024885,0.3594444444,0.1779887111,,,
underwater_60,risk,61,late,BRL,All,Base,30,30,2019-02,2021-07,0.1971037701,0.5083260735,0.3990779271,0.3594444444,0.4058784673,,,
underwater_60,risk,61,late,EUR,Base,Base,31,31,2019-01,2021-07,0.4295279637,1,1.776233291,0.1956989247,0.6011789804,,,
underwater_60,risk,61,late,EUR,fixed,Base,31,31,2019-01,2021-07,0.4266021155,0.9931882243,1.764133989,0.1956989247,0.6009275166,,,
underwater_60,risk,61,late,EUR,dynamic,Base,31,31,2019-01,2021-07,0.4467329755,1.040055627,1.847381429,0.1956989247,0.6228076444,,,
underwater_60,risk,61,late,EUR,annual,Base,31,31,2019-01,2021-07,0.4131870736,0.961956167,1.708658569,0.1956989247,0.5868589903,,,
underwater_60,risk,61,late,EUR,structure,Base,30,30,2019-02,2021-07,0.4548423987,1.157233461,1.867726376,0.1961111111,0.6361715257,,,
underwater_60,risk,61,late,EUR,All,Base,30,30,2019-02,2021-07,0.4468689338,1.136946961,1.834984814,0.1961111111,0.6179871936,,,
underwater_60,risk,61,late,JPY,Base,Base,31,31,2019-01,2021-07,0.5386623018,1,3.393446618,0.1204301075,0.6427935411,,,
underwater_60,risk,61,late,JPY,fixed,Base,31,31,2019-01,2021-07,0.7314354291,1.357873804,4.607872269,0.1204301075,0.8341442424,,,
underwater_60,risk,61,late,JPY,dynamic,Base,31,31,2019-01,2021-07,0.6931129324,1.286729979,4.366449496,0.1204301075,0.7874260279,,,
underwater_60,risk,61,late,JPY,annual,Base,31,31,2019-01,2021-07,0.4949662707,0.9188804731,3.118171834,0.1204301075,0.5996143384,,,
underwater_60,risk,61,late,JPY,structure,Base,30,30,2019-02,2021-07,0.6595394089,1.640650473,4.345376791,0.1144444444,0.7366812347,,,
underwater_60,risk,61,late,JPY,All,Base,30,30,2019-02,2021-07,0.7510379374,1.868259471,4.948215039,0.1144444444,0.8170837105,,,
underwater_60,risk,61,late,GBP,Base,Base,31,31,2019-01,2021-07,0.65495385,1,1.467978307,0.3607526882,0.9540108191,,,
underwater_60,risk,61,late,GBP,fixed,Base,31,31,2019-01,2021-07,0.6040661648,0.9223034032,1.353921388,0.3607526882,0.8854550732,,,
underwater_60,risk,61,late,GBP,dynamic,Base,31,31,2019-01,2021-07,0.654159805,0.9987876321,1.466198577,0.3607526882,0.9549153627,,,
underwater_60,risk,61,late,GBP,annual,Base,31,31,2019-01,2021-07,0.6505848272,0.9933292663,1.458185815,0.3607526882,0.9508763754,,,
underwater_60,risk,61,late,GBP,structure,Base,30,30,2019-02,2021-07,0.6773551525,1.013036337,1.49687262,0.3672222222,0.9916710164,,,
underwater_60,risk,61,late,GBP,All,Base,30,30,2019-02,2021-07,0.6158332562,0.9210256445,1.360916701,0.3672222222,0.9407423443,,,
underwater_60,risk,61,late,CAD,Base,Base,31,31,2019-01,2021-07,0.3420386087,1,0.5270466527,0.5967741935,0.4925912764,,,
underwater_60,risk,61,late,CAD,fixed,Base,31,31,2019-01,2021-07,0.3900933661,1.140495126,0.6010941385,0.5967741935,0.6418632439,,,
underwater_60,risk,61,late,CAD,dynamic,Base,31,31,2019-01,2021-07,0.3829353647,1.11956766,0.5900643875,0.5967741935,0.5505173213,,,
underwater_60,risk,61,late,CAD,annual,Base,31,31,2019-01,2021-07,0.3676001909,1.074733032,0.5664344468,0.5967741935,0.4732619897,,,
underwater_60,risk,61,late,CAD,structure,Base,30,30,2019-02,2021-07,0.4137598761,1.22778769,0.6314063205,0.6027777778,0.4407869499,,,
underwater_60,risk,61,late,CAD,All,Base,30,30,2019-02,2021-07,0.491235384,1.457687882,0.7496355838,0.6027777778,0.7565996508,,,
underwater_60,risk,61,late,SEK,Base,Base,31,31,2019-01,2021-07,0.7086762669,1,2.504006878,0.2327956989,0.9261836292,,,
underwater_60,risk,61,late,SEK,fixed,Base,31,31,2019-01,2021-07,0.7103555569,1.002369615,2.50994041,0.2327956989,0.9279012097,,,
underwater_60,risk,61,late,SEK,dynamic,Base,31,31,2019-01,2021-07,0.7173478121,1.012236257,2.53464655,0.2327956989,0.9356366616,,,
underwater_60,risk,61,late,SEK,annual,Base,31,31,2019-01,2021-07,0.735966495,1.038508737,2.600433021,0.2327956989,0.9552441205,,,
underwater_60,risk,61,late,SEK,structure,Base,30,30,2019-02,2021-07,0.7322519274,0.9994736984,2.577885498,0.2322222222,0.9536852505,,,
underwater_60,risk,61,late,SEK,All,Base,30,30,2019-02,2021-07,0.6686055808,0.9126007972,2.353819179,0.2322222222,0.8906300973,,,
tail_1,risk,2,all,POOL,Base,Base,160,160,2013-03,2026-06,0.1804000271,1,,0.03125,0.0618339081,0.5832258065,,
tail_1,risk,2,all,POOL,fixed,Base,160,160,2013-03,2026-06,0.1831373381,1.015173562,,0.03125,0.06408016339,0.5825806452,0.1731455344,1
tail_1,risk,2,all,POOL,dynamic,Base,160,160,2013-03,2026-06,0.1848624422,1.024736222,,0.03125,0.07029290352,0.5535483871,0.02672345178,1
tail_1,risk,2,all,POOL,annual,Base,160,160,2013-03,2026-06,0.1828486663,1.013573386,,0.03125,0.06131924616,0.5922580645,0.686362187,1
tail_1,risk,2,all,POOL,structure,Base,148,148,2014-03,2026-06,0.1879825263,0.9995317422,,0.03378378378,0.06935831541,0.5573426573,0.9805690231,1
tail_1,risk,2,all,POOL,All,Base,148,148,2014-03,2026-06,0.197439573,1.049816301,,0.03378378378,0.08087645539,0.5608391608,0.2500748491,1
tail_1,risk,2,late,POOL,Base,Base,90,90,2019-01,2026-06,0.1580220452,1,,0.02222222222,0.04739684151,0.3465909091,,
tail_1,risk,2,late,POOL,fixed,Base,90,90,2019-01,2026-06,0.1609899479,1.018781574,,0.02222222222,0.04991938575,0.3494318182,0.1815844394,1
tail_1,risk,2,late,POOL,dynamic,Base,90,90,2019-01,2026-06,0.1621693467,1.026245082,,0.02222222222,0.05531063402,0.3181818182,0.1679442497,1
tail_1,risk,2,late,POOL,annual,Base,90,90,2019-01,2026-06,0.1647171266,1.042368022,,0.02222222222,0.0510195821,0.4772727273,0.4739493153,1
tail_1,risk,2,late,POOL,structure,Base,90,90,2019-01,2026-06,0.160806085,1.014177972,,0.02222222222,0.05898333129,0.4375,0.6003121837,1
tail_1,risk,2,late,POOL,All,Base,90,90,2019-01,2026-06,0.1715563076,1.081977887,,0.02222222222,0.06650502791,0.4090909091,0.2043589089,1
tail_3,risk,4,all,POOL,Base,Base,156,156,2013-05,2026-04,0.1900313281,1,,0.03205128205,0.06148886548,0.3973509934,,
tail_3,risk,4,all,POOL,fixed,Base,156,156,2013-05,2026-04,0.198000542,1.041936316,,0.03205128205,0.07165309329,0.3655629139,0.1080342275,1
tail_3,risk,4,all,POOL,dynamic,Base,156,156,2013-05,2026-04,0.1931768937,1.016552879,,0.03205128205,0.06708492101,0.3490066225,0.14875768,1
tail_3,risk,4,all,POOL,annual,Base,156,156,2013-05,2026-04,0.1968432487,1.035846303,,0.03205128205,0.07978136497,0.3145695364,0.156645974,1
tail_3,risk,4,all,POOL,structure,Base,144,144,2014-05,2026-04,0.2022793189,1.013559378,,0.03472222222,0.06257041342,0.4417266187,0.6166979905,1
tail_3,risk,4,all,POOL,All,Base,144,144,2014-05,2026-04,0.2251746906,1.128281035,,0.03472222222,0.09693062006,0.3669064748,0.02653371057,1
tail_3,risk,4,late,POOL,Base,Base,88,88,2019-01,2026-04,0.1899192331,1,,0.03409090909,0.04579063079,0.07647058824,,
tail_3,risk,4,late,POOL,fixed,Base,88,88,2019-01,2026-04,0.2023226583,1.065308947,,0.03409090909,0.05785183005,0.1470588235,0.1318309776,1
tail_3,risk,4,late,POOL,dynamic,Base,88,88,2019-01,2026-04,0.1900914548,1.000906815,,0.03409090909,0.04356511058,0.08235294118,0.8750439126,1
tail_3,risk,4,late,POOL,annual,Base,88,88,2019-01,2026-04,0.2043784905,1.076133718,,0.03409090909,0.0714402278,0.1647058824,0.006128780852,1
tail_3,risk,4,late,POOL,structure,Base,88,88,2019-01,2026-04,0.1917631682,0.9970141135,,0.03409090909,0.03801460878,0.1588235294,0.8872733192,1
tail_3,risk,4,late,POOL,All,Base,88,88,2019-01,2026-04,0.229129951,1.191291306,,0.03409090909,0.09167367266,0.2058823529,0.03026534827,1
