name,base,hazard,quantile,reduce,cost,mode,control,period,first,last,exposure,turnover,cost_ann,n,cagr,vol,sharpe,maxdd,mean_excess,worst_month,es95,win_rate,max_underwater_months,final_nav
Carry__price_observed,Carry,price_observed,0.8,1,1,monthly,rule,all,2013-03,2026-08,0.6419753086,1.489650123,0.0005383587713,162,0.03637957901,0.0328914497,0.5625159128,-0.07099756879,0.01833057243,-0.04651420384,-0.0170284519,0.7037037037,29,1.619960534
Carry__price_observed,Carry,price_observed,0.8,1,1,monthly,rule,late,2019-01,2026-08,0.7119565217,1.743103875,0.0005986987776,92,0.05472415961,0.03605716757,0.7403991235,-0.07099756879,0.02678999367,-0.04651420384,-0.02110235462,0.7608695652,29,1.504520772
Carry__price_observed,Carry,price_observed,0.8,1,1,monthly,base,all,2013-03,2026-08,1,0.9708909816,0.0003175769546,162,0.0434589643,0.04224513392,0.6113110515,-0.09092810581,0.02550968162,-0.04651420384,-0.02317942217,0.6172839506,31,1.775896104
Carry__price_observed,Carry,price_observed,0.8,1,1,monthly,base,late,2019-01,2026-08,1,1.242475197,0.0003730485307,92,0.06183214131,0.03996052488,0.8520787464,-0.09092810581,0.03368439226,-0.04651420384,-0.02110235462,0.6956521739,31,1.584023602
Carry__price_observed,Carry,price_observed,0.8,1,1,monthly,past_exposure,all,2013-03,2026-08,0.5538313311,0.5942864475,0.000193425258,162,0.03255176495,0.02401155942,0.6223775969,-0.05393601488,0.01436910736,-0.02856904665,-0.01196948207,0.6419753086,27,1.541025235
Carry__price_observed,Carry,price_observed,0.8,1,1,monthly,past_exposure,late,2019-01,2026-08,0.6332221959,0.7941368332,0.0002386029673,92,0.04977869941,0.0258122996,0.8648078418,-0.05393601488,0.02175527448,-0.02856904665,-0.01282676332,0.7173913043,27,1.451274171
Carry__price_observed,Carry,price_observed,0.8,1,1,monthly,vol_control,all,2013-03,2026-08,0.9604923575,1.050807736,0.0003474595546,162,0.04230914417,0.0394818911,0.6234896516,-0.09005149705,0.0242909172,-0.04651420384,-0.02031706964,0.6172839506,31,1.749658923
Carry__price_observed,Carry,price_observed,0.8,1,1,monthly,vol_control,late,2019-01,2026-08,0.9765103821,1.317710705,0.0004006563926,92,0.06032757948,0.03921151693,0.8303612852,-0.09005149705,0.03223037857,-0.04651420384,-0.02090161586,0.6956521739,31,1.566896976
Carry__price_observed,Carry,price_observed,0.8,1,1,monthly,expost_exposure,all,2013-03,2026-08,0.6419753086,0.6202700323,0.0002058357883,162,0.03452701925,0.02749154816,0.6112379621,-0.05592408069,0.01637462651,-0.02938023408,-0.01450848004,0.6296296296,27,1.581301965
Carry__price_observed,Carry,price_observed,0.8,1,1,monthly,expost_exposure,late,2019-01,2026-08,0.6419753086,0.7941662504,0.0002406116158,92,0.04963498056,0.02602582728,0.8520334465,-0.05592408069,0.02162342445,-0.02938023408,-0.01286474913,0.7173913043,27,1.449751613
EJR_gate__price_observed,EJR_gate,price_observed,0.8,1,1,monthly,rule,all,2013-03,2026-08,0.2067901235,0.9676482563,0.0003936395529,162,0.038661145,0.01873552513,1.114439605,-0.007188978079,0.02017149258,-0.007188978079,-0.0002223047881,0.962962963,3,1.66877373
EJR_gate__price_observed,EJR_gate,price_observed,0.8,1,1,monthly,rule,late,2019-01,2026-08,0.2989130435,1.431112037,0.0005754440333,92,0.05725781118,0.02160192093,1.321753983,-0.007188978079,0.02878323127,-0.007188978079,-0.003186932971,0.9456521739,3,1.532452136
EJR_gate__price_observed,EJR_gate,price_observed,0.8,1,1,monthly,base,all,2013-03,2026-08,0.3580246914,1.055095091,0.0003929097562,162,0.04375908533,0.02927240042,0.8888726633,-0.06775993636,0.02533546416,-0.0289610415,-0.01445915609,0.9135802469,11,1.782804119
EJR_gate__price_observed,EJR_gate,price_observed,0.8,1,1,monthly,base,late,2019-01,2026-08,0.4130434783,1.53521852,0.0005512076279,92,0.06258813991,0.02504982207,1.385111479,-0.02152536494,0.03391540081,-0.01189629931,-0.006193817688,0.9239130435,3,1.59269051
EJR_gate__price_observed,EJR_gate,price_observed,0.8,1,1,monthly,past_exposure,all,2013-03,2026-08,0.1156594721,0.468789023,0.0001679211109,162,0.02851596506,0.0111444766,1.141078263,-0.005951138899,0.01021825916,-0.003323805077,-8.236687554e-05,0.962962963,3,1.461668894
EJR_gate__price_observed,EJR_gate,price_observed,0.8,1,1,monthly,past_exposure,late,2019-01,2026-08,0.1943838817,0.7578858331,0.0002670899759,92,0.04501583295,0.01285035888,1.482554941,-0.005951138899,0.01694214303,-0.003323805077,-0.001762990333,0.9347826087,3,1.401550251
EJR_gate__price_observed,EJR_gate,price_observed,0.8,1,1,monthly,vol_control,all,2013-03,2026-08,0.3245250183,1.067962727,0.0003947653031,162,0.04249417496,0.02548625285,0.9747017001,-0.05069512825,0.02401538723,-0.02166123329,-0.01128285604,0.9135802469,11,1.753856673
EJR_gate__price_observed,EJR_gate,price_observed,0.8,1,1,monthly,vol_control,late,2019-01,2026-08,0.395967666,1.546559398,0.0005521666041,92,0.06127429327,0.02433283144,1.370911361,-0.02064279764,0.03265467581,-0.01116592941,-0.005927272993,0.9239130435,3,1.577654652
EJR_gate__price_observed,EJR_gate,price_observed,0.8,1,1,monthly,expost_exposure,all,2013-03,2026-08,0.2067901235,0.6089899975,0.0002282278432,162,0.03295980279,0.01757482308,0.8887960968,-0.03938291759,0.01463212606,-0.01668498624,-0.008297822139,0.9197530864,11,1.549266712
EJR_gate__price_observed,EJR_gate,price_observed,0.8,1,1,monthly,expost_exposure,late,2019-01,2026-08,0.2385682159,0.8867936478,0.0003193918639,92,0.04774110208,0.01515255402,1.38503883,-0.0123370061,0.01958804577,-0.006827373029,-0.003438170703,0.9347826087,3,1.42981722
EJR_size__price_observed,EJR_size,price_observed,0.8,1,1,monthly,rule,all,2013-03,2026-08,0.6110074389,1.595055375,0.0005772591689,162,0.03919091116,0.03185288779,0.6639844188,-0.06835824265,0.02101445316,-0.04658703782,-0.01624034923,0.7283950617,22,1.680301001
EJR_size__price_observed,EJR_size,price_observed,0.8,1,1,monthly,rule,late,2019-01,2026-08,0.6903957204,1.932647754,0.000677191677,92,0.05510383927,0.03551807422,0.7609107582,-0.06835824265,0.0271323345,-0.04658703782,-0.02016955756,0.7608695652,22,1.508678005
EJR_size__price_observed,EJR_size,price_observed,0.8,1,1,monthly,base,all,2013-03,2026-08,0.9399931493,1.151436112,0.0004000638413,162,0.04614443826,0.04115521884,0.6900087742,-0.08834540297,0.0280441638,-0.04658703782,-0.02264308229,0.6419753086,30,1.83860011
EJR_size__price_observed,EJR_size,price_observed,0.8,1,1,monthly,base,late,2019-01,2026-08,0.9596596109,1.537871788,0.0005118105395,92,0.06327776772,0.03906814533,0.9076637797,-0.08834540297,0.0350168508,-0.04658703782,-0.02072190302,0.7065217391,30,1.600632465
EJR_size__price_observed,EJR_size,price_observed,0.8,1,1,monthly,past_exposure,all,2013-03,2026-08,0.5226775676,0.7137989853,0.000245933568,162,0.03422903171,0.02335851454,0.7128244273,-0.05185488016,0.01598123825,-0.02869042283,-0.0115763825,0.6728395062,27,1.575164018
EJR_size__price_observed,EJR_size,price_observed,0.8,1,1,monthly,past_exposure,late,2019-01,2026-08,0.6126110201,0.9816589165,0.0003252381402,92,0.05086125862,0.02545007745,0.9210685982,-0.05185488016,0.02278099391,-0.02869042283,-0.01264749096,0.7282608696,27,1.462787559
EJR_size__price_observed,EJR_size,price_observed,0.8,1,1,monthly,vol_control,all,2013-03,2026-08,0.9005153356,1.232855792,0.0004311866953,162,0.04498603395,0.03832321025,0.7094568441,-0.08746630373,0.02682011212,-0.04658703782,-0.01962674601,0.6419753086,31,1.811304908
EJR_size__price_observed,EJR_size,price_observed,0.8,1,1,monthly,vol_control,late,2019-01,2026-08,0.9361705406,1.612640706,0.0005392330597,92,0.06177130054,0.03830616555,0.8867730505,-0.08746630373,0.03356298031,-0.04658703782,-0.02037504559,0.7065217391,31,1.583327898
EJR_size__price_observed,EJR_size,price_observed,0.8,1,1,monthly,expost_exposure,all,2013-03,2026-08,0.6110074389,0.7454182311,0.0002614791393,162,0.03645077336,0.02711541581,0.6899579571,-0.05432268444,0.01822762867,-0.0298120911,-0.01435445559,0.6543209877,27,1.621463508
EJR_size__price_observed,EJR_size,price_observed,0.8,1,1,monthly,expost_exposure,late,2019-01,2026-08,0.6237908877,0.9967111266,0.0003336077678,92,0.05083083458,0.02578123663,0.9076311119,-0.05432268444,0.02276047158,-0.0298120911,-0.01282929845,0.7282608696,27,1.462462908
Carry__price_observed__q0.7,Carry,price_observed,0.7,1,1,monthly,rule,all,2013-03,2026-08,0.4938271605,2.141515032,0.0008229803478,162,0.03828657839,0.0270771411,0.7446828071,-0.03368528823,0.01999868582,-0.0199762113,-0.01176463755,0.7407407407,19,1.660667708
Carry__price_observed__q0.7,Carry,price_observed,0.7,1,1,monthly,rule,late,2019-01,2026-08,0.5380434783,2.533209891,0.001020189798,92,0.06151330156,0.02814676565,1.142294965,-0.03368528823,0.0329803991,-0.0199762113,-0.01157919538,0.8152173913,7,1.580380677
Carry__price_observed__q0.7,Carry,price_observed,0.7,1,1,monthly,base,all,2013-03,2026-08,1,0.9708909816,0.0003175769546,162,0.0434589643,0.04224513392,0.6113110515,-0.09092810581,0.02550968162,-0.04651420384,-0.02317942217,0.6172839506,31,1.775896104
Carry__price_observed__q0.7,Carry,price_observed,0.7,1,1,monthly,base,late,2019-01,2026-08,1,1.242475197,0.0003730485307,92,0.06183214131,0.03996052488,0.8520787464,-0.09092810581,0.03368439226,-0.04651420384,-0.02110235462,0.6956521739,31,1.584023602
Carry__price_observed__q0.7,Carry,price_observed,0.7,1,1,monthly,past_exposure,all,2013-03,2026-08,0.4020434198,0.4858159847,0.0001598574522,162,0.02826889334,0.01813720861,0.5965233824,-0.0388444437,0.01007930205,-0.02116028859,-0.008255562457,0.6666666667,27,1.456935825
Carry__price_observed__q0.7,Carry,price_observed,0.7,1,1,monthly,past_exposure,late,2019-01,2026-08,0.4866744681,0.6185590227,0.0001851298668,92,0.04475231084,0.02016933141,0.870829815,-0.0388444437,0.01680890238,-0.02116028859,-0.009423799028,0.75,27,1.398842901
Carry__price_observed__q0.7,Carry,price_observed,0.7,1,1,monthly,vol_control,all,2013-03,2026-08,0.9604923575,1.050807736,0.0003474595546,162,0.04230914417,0.0394818911,0.6234896516,-0.09005149705,0.0242909172,-0.04651420384,-0.02031706964,0.6172839506,31,1.749658923
Carry__price_observed__q0.7,Carry,price_observed,0.7,1,1,monthly,vol_control,late,2019-01,2026-08,0.9765103821,1.317710705,0.0004006563926,92,0.06032757948,0.03921151693,0.8303612852,-0.09005149705,0.03223037857,-0.04651420384,-0.02090161586,0.6956521739,31,1.566896976
Carry__price_observed__q0.7,Carry,price_observed,0.7,1,1,monthly,expost_exposure,all,2013-03,2026-08,0.4938271605,0.4767022089,0.000159136393,162,0.03078538152,0.02146223729,0.6111984628,-0.04155427535,0.01259506537,-0.02229020956,-0.01097856328,0.6481481481,27,1.505814192
Carry__price_observed__q0.7,Carry,price_observed,0.7,1,1,monthly,expost_exposure,late,2019-01,2026-08,0.4938271605,0.6101842948,0.0001855465604,92,0.04456531377,0.02034818468,0.8520086459,-0.04155427535,0.01663294272,-0.02229020956,-0.009502091668,0.75,27,1.396924507
Carry__price_observed__q0.9,Carry,price_observed,0.9,1,1,monthly,rule,all,2013-03,2026-08,0.7592592593,1.73546269,0.000632382527,162,0.03898447913,0.03496309145,0.6053994522,-0.09002202671,0.02091789384,-0.04651420384,-0.01720264716,0.6728395062,31,1.675800473
Carry__price_observed__q0.9,Carry,price_observed,0.9,1,1,monthly,rule,late,2019-01,2026-08,0.8206521739,1.893034567,0.0006445352995,92,0.05508253487,0.03693009836,0.7396555097,-0.09002202671,0.02716284532,-0.04651420384,-0.02110235462,0.7282608696,31,1.508444472
Carry__price_observed__q0.9,Carry,price_observed,0.9,1,1,monthly,base,all,2013-03,2026-08,1,0.9708909816,0.0003175769546,162,0.0434589643,0.04224513392,0.6113110515,-0.09092810581,0.02550968162,-0.04651420384,-0.02317942217,0.6172839506,31,1.775896104
Carry__price_observed__q0.9,Carry,price_observed,0.9,1,1,monthly,base,late,2019-01,2026-08,1,1.242475197,0.0003730485307,92,0.06183214131,0.03996052488,0.8520787464,-0.09092810581,0.03368439226,-0.04651420384,-0.02110235462,0.6956521739,31,1.584023602
Carry__price_observed__q0.9,Carry,price_observed,0.9,1,1,monthly,past_exposure,all,2013-03,2026-08,0.6827410108,0.7616807951,0.0002520609179,162,0.03497353754,0.02900987934,0.5976371003,-0.06463228383,0.01684982752,-0.03369623787,-0.01506677133,0.6296296296,27,1.590540815
Carry__price_observed__q0.9,Carry,price_observed,0.9,1,1,monthly,past_exposure,late,2019-01,2026-08,0.7504328964,0.9357281336,0.0002817680832,92,0.05399378334,0.03027062363,0.8715395165,-0.06463228383,0.02590296936,-0.03369623787,-0.01534612144,0.7173913043,27,1.496551655
Carry__price_observed__q0.9,Carry,price_observed,0.9,1,1,monthly,vol_control,all,2013-03,2026-08,0.9604923575,1.050807736,0.0003474595546,162,0.04230914417,0.0394818911,0.6234896516,-0.09005149705,0.0242909172,-0.04651420384,-0.02031706964,0.6172839506,31,1.749658923
Carry__price_observed__q0.9,Carry,price_observed,0.9,1,1,monthly,vol_control,late,2019-01,2026-08,0.9765103821,1.317710705,0.0004006563926,92,0.06032757948,0.03921151693,0.8303612852,-0.09005149705,0.03223037857,-0.04651420384,-0.02090161586,0.6956521739,31,1.566896976
Carry__price_observed__q0.9,Carry,price_observed,0.9,1,1,monthly,expost_exposure,all,2013-03,2026-08,0.7592592593,0.7344595765,0.0002426032942,162,0.03747034241,0.03230574079,0.611264518,-0.06719091211,0.01936698192,-0.034993094,-0.01734897257,0.6296296296,27,1.643129616
Carry__price_observed__q0.9,Carry,price_observed,0.9,1,1,monthly,expost_exposure,late,2019-01,2026-08,0.7592592593,0.9403227671,0.0002840514219,92,0.0536393076,0.03056851981,0.852051556,-0.06719091211,0.02557437585,-0.034993094,-0.0155268747,0.7173913043,27,1.492697227
Carry__price_observed__half,Carry,price_observed,0.8,0.5,1,monthly,rule,all,2013-03,2026-08,0.8209876543,1.219298968,0.0004255635821,162,0.0400129827,0.03528602678,0.629326547,-0.08099736716,0.0219225313,-0.04651420384,-0.01793765182,0.6419753086,30,1.698334648
Carry__price_observed__half,Carry,price_observed,0.8,0.5,1,monthly,rule,late,2019-01,2026-08,0.8559782609,1.479637718,0.0004821816089,92,0.05831415551,0.03708908099,0.8190838368,-0.08099736716,0.03024088501,-0.04651420384,-0.02110235462,0.7173913043,30,1.544229954
Carry__price_observed__half,Carry,price_observed,0.8,0.5,1,monthly,base,all,2013-03,2026-08,1,0.9708909816,0.0003175769546,162,0.0434589643,0.04224513392,0.6113110515,-0.09092810581,0.02550968162,-0.04651420384,-0.02317942217,0.6172839506,31,1.775896104
Carry__price_observed__half,Carry,price_observed,0.8,0.5,1,monthly,base,late,2019-01,2026-08,1,1.242475197,0.0003730485307,92,0.06183214131,0.03996052488,0.8520787464,-0.09092810581,0.03368439226,-0.04651420384,-0.02110235462,0.6956521739,31,1.584023602
Carry__price_observed__half,Carry,price_observed,0.8,0.5,1,monthly,past_exposure,all,2013-03,2026-08,0.7738292458,0.77559212,0.0002536522474,162,0.03784078159,0.03291927179,0.6123477787,-0.07210148824,0.01974491892,-0.03754158309,-0.01750461648,0.6296296296,27,1.65106771
Carry__price_observed__half,Carry,price_observed,0.8,0.5,1,monthly,past_exposure,late,2019-01,2026-08,0.816611098,1.016110105,0.0003054058503,92,0.05581752088,0.03284926998,0.8573780592,-0.07210148824,0.02772025327,-0.03754158309,-0.01690896902,0.7173913043,27,1.516519372
Carry__price_observed__half,Carry,price_observed,0.8,0.5,1,monthly,vol_control,all,2013-03,2026-08,0.9604923575,1.050807736,0.0003474595546,162,0.04230914417,0.0394818911,0.6234896516,-0.09005149705,0.0242909172,-0.04651420384,-0.02031706964,0.6172839506,31,1.749658923
Carry__price_observed__half,Carry,price_observed,0.8,0.5,1,monthly,vol_control,late,2019-01,2026-08,0.9765103821,1.317710705,0.0004006563926,92,0.06032757948,0.03921151693,0.8303612852,-0.09005149705,0.03223037857,-0.04651420384,-0.02090161586,0.6956521739,31,1.566896976
Carry__price_observed__half,Carry,price_observed,0.8,0.5,1,monthly,expost_exposure,all,2013-03,2026-08,0.8209876543,0.7947635309,0.0002618713314,162,0.03901272986,0.03484847758,0.6112778198,-0.07308230824,0.0209419891,-0.03794724634,-0.01884396691,0.6296296296,27,1.676415721
Carry__price_observed__half,Carry,price_observed,0.8,0.5,1,monthly,expost_exposure,late,2019-01,2026-08,0.8209876543,1.017483391,0.0003068718767,92,0.05574350651,0.03296989427,0.8520602205,-0.07308230824,0.02765386655,-0.03794724634,-0.01695269163,0.7173913043,27,1.515704518
Carry__price_observed__2cost,Carry,price_observed,0.8,1,2,monthly,rule,all,2013-03,2026-08,0.6419753086,1.489590903,0.001076695193,162,0.03582291702,0.03290659209,0.5456982472,-0.07189814133,0.017792236,-0.0466486436,-0.01705243642,0.7037037037,29,1.608253321
Carry__price_observed__2cost,Carry,price_observed,0.8,1,2,monthly,rule,late,2019-01,2026-08,0.7119565217,1.743100036,0.00119741241,92,0.05409451646,0.03608624929,0.7232154244,-0.07189814133,0.02619128004,-0.0466486436,-0.02113785494,0.7608695652,29,1.497648565
Carry__price_observed__2cost,Carry,price_observed,0.8,1,2,monthly,base,all,2013-03,2026-08,1,0.9708292922,0.000635093548,162,0.04312836992,0.0422558945,0.603486292,-0.0912148787,0.02519216503,-0.0466486436,-0.02320689411,0.6172839506,31,1.768315364
Carry__price_observed__2cost,Carry,price_observed,0.8,1,2,monthly,base,late,2019-01,2026-08,1,1.242445004,0.0007460490239,92,0.06143670606,0.03999319842,0.8418170166,-0.0912148787,0.03331139177,-0.0466486436,-0.02113785495,0.6956521739,31,1.579506616
Carry__price_observed__2cost,Carry,price_observed,0.8,1,2,monthly,past_exposure,all,2013-03,2026-08,0.5538313311,0.594277015,0.0003868425354,162,0.03235244486,0.02401765799,0.6136986825,-0.05410853504,0.01417569008,-0.02865480921,-0.01198433047,0.6419753086,27,1.537014178
Carry__price_observed__2cost,Carry,price_observed,0.8,1,2,monthly,past_exposure,late,2019-01,2026-08,0.6332221959,0.7941259681,0.0004771911837,92,0.04952878374,0.02583022286,0.8545133516,-0.05410853504,0.02151668627,-0.02865480921,-0.01284906247,0.7173913043,27,1.448627456
Carry__price_observed__2cost,Carry,price_observed,0.8,1,2,monthly,vol_control,all,2013-03,2026-08,0.9604923575,1.050750072,0.0006948643993,162,0.04194796737,0.03949041881,0.6143655799,-0.09034571122,0.02394351235,-0.0466486436,-0.02034262515,0.6172839506,31,1.74149178
Carry__price_observed__2cost,Carry,price_observed,0.8,1,2,monthly,vol_control,late,2019-01,2026-08,0.9765103821,1.317670266,0.0008012604236,92,0.05990361521,0.03924296773,0.8192353492,-0.09034571122,0.03182977454,-0.0466486436,-0.02093678015,0.6956521739,31,1.562100111
Carry__price_observed__2cost,Carry,price_observed,0.8,1,2,monthly,expost_exposure,all,2013-03,2026-08,0.6419753086,0.6202480299,0.0004116485291,162,0.03431455831,0.02749707667,0.6033395549,-0.05610162176,0.01616881377,-0.02946705579,-0.01452629844,0.6296296296,27,1.576923434
Carry__price_observed__2cost,Carry,price_observed,0.8,1,2,monthly,expost_exposure,late,2019-01,2026-08,0.6419753086,0.7941568323,0.0004812049884,92,0.04938297043,0.026044682,0.8417258969,-0.05610162176,0.02138283108,-0.02946705579,-0.01288817601,0.7173913043,27,1.44708517
Cohort__price_observed,Carry,price_observed,0.8,1,1,cohort,rule,all,2013-03,2026-08,0.4341563786,0.8530061585,0.0003315278493,162,0.02932975181,0.02699823881,0.4256717124,-0.06864122977,0.01131008512,-0.03750296609,-0.01396241075,0.7345679012,31,1.477359192
Cohort__price_observed,Carry,price_observed,0.8,1,1,cohort,rule,late,2019-01,2026-08,0.5185688406,0.9985560745,0.0003971178023,92,0.04627389211,0.03027872378,0.610830686,-0.06864122977,0.01852092383,-0.03750296609,-0.01650098612,0.7826086957,31,1.414538084
Cohort__price_observed,Carry,price_observed,0.8,1,1,cohort,base,all,2013-03,2026-08,0.9657921811,0.5804691591,0.0002234385566,162,0.0398498476,0.04131534457,0.5397566677,-0.09920645941,0.02199293225,-0.03750296609,-0.02249004606,0.5925925926,31,1.69474179
Cohort__price_observed,Carry,price_observed,0.8,1,1,cohort,base,late,2019-01,2026-08,1,0.6024922468,0.0002243969308,92,0.05935458759,0.03898248073,0.8117200816,-0.09920645941,0.03129634604,-0.03750296609,-0.01957810312,0.6847826087,31,1.55590722
Cohort__price_observed,Carry,price_observed,0.8,1,1,cohort,past_exposure,all,2013-03,2026-08,0.3566156308,0.2443631463,9.460371729e-05,162,0.02673150604,0.01649940393,0.5625388972,-0.04315872733,0.008551426854,-0.01679244224,-0.006726895581,0.6728395062,26,1.427802046
Cohort__price_observed,Carry,price_observed,0.8,1,1,cohort,past_exposure,late,2019-01,2026-08,0.4639306877,0.288508053,0.000108219686,92,0.04225189702,0.01903905933,0.7923074257,-0.04315872733,0.01438213817,-0.01679244224,-0.008084611115,0.75,26,1.373379802
Cohort__price_observed,Carry,price_observed,0.8,1,1,cohort,vol_control,all,2013-03,2026-08,0.9262845385,0.6545960465,0.0002516122071,162,0.03867692023,0.03845988232,0.5476984206,-0.09846422473,0.02074735138,-0.03750296609,-0.01947486558,0.5925925926,31,1.669115926
Cohort__price_observed,Carry,price_observed,0.8,1,1,cohort,vol_control,late,2019-01,2026-08,0.9765103821,0.6799338481,0.0002527362914,92,0.05776775263,0.03823446026,0.7864812114,-0.09846422473,0.02976192336,-0.03750296609,-0.01938681071,0.6847826087,31,1.53812799
Cohort__price_observed,Carry,price_observed,0.8,1,1,cohort,expost_exposure,all,2013-03,2026-08,0.4341563786,0.2597049948,0.0001029315496,162,0.02804652602,0.01929675275,0.5396226558,-0.04125900585,0.009884081477,-0.01611955634,-0.009528677397,0.6358024691,28,1.452688147
Cohort__price_observed,Carry,price_observed,0.8,1,1,cohort,expost_exposure,late,2019-01,2026-08,0.4495339547,0.2684070066,0.0001023822466,92,0.0419400638,0.01824287483,0.811634904,-0.04125900585,0.014067262,-0.01611955634,-0.007409017398,0.75,28,1.370232678
Carry__price_forecast,Carry,price_forecast,0.8,1,1,monthly,rule,all,2013-03,2026-08,0.7685185185,1.706691086,0.0006317444647,162,0.03089976617,0.03727427397,0.3583764759,-0.08672074316,0.01316882318,-0.04651420384,-0.02216612496,0.6851851852,46,1.508071578
Carry__price_forecast,Carry,price_forecast,0.8,1,1,monthly,rule,late,2019-01,2026-08,0.6902173913,2.0413461,0.0008207791589,92,0.03652309388,0.03150070505,0.3014574566,-0.08672074316,0.00916745018,-0.04651420384,-0.01836275916,0.7717391304,46,1.316554577
Carry__price_forecast,Carry,price_forecast,0.8,1,1,monthly,base,all,2013-03,2026-08,1,0.9708909816,0.0003175769546,162,0.0434589643,0.04224513392,0.6113110515,-0.09092810581,0.02550968162,-0.04651420384,-0.02317942217,0.6172839506,31,1.775896104
Carry__price_forecast,Carry,price_forecast,0.8,1,1,monthly,base,late,2019-01,2026-08,1,1.242475197,0.0003730485307,92,0.06183214131,0.03996052488,0.8520787464,-0.09092810581,0.03368439226,-0.04651420384,-0.02110235462,0.6956521739,31,1.584023602
Carry__price_forecast,Carry,price_forecast,0.8,1,1,monthly,past_exposure,all,2013-03,2026-08,0.85564769,0.8058734442,0.0002710769177,162,0.03854494932,0.03742897745,0.5570412835,-0.07865530312,0.02058327715,-0.04053237851,-0.02102335664,0.6296296296,31,1.66625522
Carry__price_forecast,Carry,price_forecast,0.8,1,1,monthly,past_exposure,late,2019-01,2026-08,0.8005457678,0.9506551228,0.0002911544036,92,0.05408449471,0.03292647794,0.8027139924,-0.07865530312,0.0260734703,-0.04053237851,-0.01739632362,0.7173913043,31,1.497539404
Carry__price_forecast,Carry,price_forecast,0.8,1,1,monthly,vol_control,all,2013-03,2026-08,0.9604923575,1.050807736,0.0003474595546,162,0.04230914417,0.0394818911,0.6234896516,-0.09005149705,0.0242909172,-0.04651420384,-0.02031706964,0.6172839506,31,1.749658923
Carry__price_forecast,Carry,price_forecast,0.8,1,1,monthly,vol_control,late,2019-01,2026-08,0.9765103821,1.317710705,0.0004006563926,92,0.06032757948,0.03921151693,0.8303612852,-0.09005149705,0.03223037857,-0.04651420384,-0.02090161586,0.6956521739,31,1.566896976
Carry__price_forecast,Carry,price_forecast,0.8,1,1,monthly,expost_exposure,all,2013-03,2026-08,0.7685185185,0.7434957067,0.0002454970334,162,0.03770199767,0.03268682038,0.6112665422,-0.06807631209,0.01960322946,-0.0354362178,-0.01757322166,0.6296296296,27,1.648089577
Carry__price_forecast,Carry,price_forecast,0.8,1,1,monthly,expost_exposure,late,2019-01,2026-08,0.7685185185,0.9518873972,0.0002874765571,92,0.05395508547,0.03092833843,0.8520528764,-0.06807631209,0.02588629739,-0.0354362178,-0.01573704443,0.7173913043,27,1.496130449
EJR_gate__price_forecast,EJR_gate,price_forecast,0.8,1,1,monthly,rule,all,2013-03,2026-08,0.2777777778,0.8776129995,0.000346031305,162,0.030420616,0.02503022976,0.5068200263,-0.06775993636,0.012322411,-0.0289610415,-0.01445915609,0.9197530864,11,1.498636408
EJR_gate__price_forecast,EJR_gate,price_forecast,0.8,1,1,monthly,rule,late,2019-01,2026-08,0.277173913,1.220994032,0.0004682783794,92,0.03897456819,0.01652884086,0.7432129285,-0.02152536494,0.01117767579,-0.01189629931,-0.006193817688,0.9347826087,3,1.340615896
EJR_gate__price_forecast,EJR_gate,price_forecast,0.8,1,1,monthly,base,all,2013-03,2026-08,0.3580246914,1.055095091,0.0003929097562,162,0.04375908533,0.02927240042,0.8888726633,-0.06775993636,0.02533546416,-0.0289610415,-0.01445915609,0.9135802469,11,1.782804119
EJR_gate__price_forecast,EJR_gate,price_forecast,0.8,1,1,monthly,base,late,2019-01,2026-08,0.4130434783,1.53521852,0.0005512076279,92,0.06258813991,0.02504982207,1.385111479,-0.02152536494,0.03391540081,-0.01189629931,-0.006193817688,0.9239130435,3,1.59269051
EJR_gate__price_forecast,EJR_gate,price_forecast,0.8,1,1,monthly,past_exposure,all,2013-03,2026-08,0.3118368356,0.8979889338,0.000339044967,162,0.04134161156,0.02722079711,0.8613416395,-0.05439820681,0.02295185677,-0.02936739655,-0.01298597807,0.9197530864,8,1.727859837
EJR_gate__price_forecast,EJR_gate,price_forecast,0.8,1,1,monthly,past_exposure,late,2019-01,2026-08,0.3425822539,1.262821356,0.0004587939882,92,0.05628140753,0.02183379098,1.301819016,-0.02100973275,0.02786069508,-0.01161081947,-0.005900541711,0.9239130435,3,1.521635174
EJR_gate__price_forecast,EJR_gate,price_forecast,0.8,1,1,monthly,vol_control,all,2013-03,2026-08,0.3245250183,1.067962727,0.0003947653031,162,0.04249417496,0.02548625285,0.9747017001,-0.05069512825,0.02401538723,-0.02166123329,-0.01128285604,0.9135802469,11,1.753856673
EJR_gate__price_forecast,EJR_gate,price_forecast,0.8,1,1,monthly,vol_control,late,2019-01,2026-08,0.395967666,1.546559398,0.0005521666041,92,0.06127429327,0.02433283144,1.370911361,-0.02064279764,0.03265467581,-0.01116592941,-0.005927272993,0.9239130435,3,1.577654652
EJR_gate__price_forecast,EJR_gate,price_forecast,0.8,1,1,monthly,expost_exposure,all,2013-03,2026-08,0.2777777778,0.8181844083,0.0003057209961,162,0.03803413154,0.0230215963,0.8888337558,-0.05277114657,0.01965594842,-0.02244748606,-0.01118987878,0.9135802469,11,1.655225071
EJR_gate__price_forecast,EJR_gate,price_forecast,0.8,1,1,monthly,expost_exposure,late,2019-01,2026-08,0.3204647676,1.191095046,0.0004283720715,92,0.05469946311,0.0197413872,1.385073895,-0.01665649115,0.02631296206,-0.009206703508,-0.004696711294,0.9239130435,3,1.504250708
EJR_size__price_forecast,EJR_size,price_forecast,0.8,1,1,monthly,rule,all,2013-03,2026-08,0.7146141581,1.753418682,0.0006783637379,162,0.03369758105,0.03610155863,0.4452454116,-0.08382902487,0.01584346605,-0.04658703782,-0.02153434184,0.7098765432,44,1.564271921
EJR_size__price_forecast,EJR_size,price_forecast,0.8,1,1,monthly,rule,late,2019-01,2026-08,0.6550322716,2.230668956,0.0009282429062,92,0.03776835774,0.03059027092,0.3519161881,-0.08382902487,0.01034379975,-0.04658703782,-0.01751645172,0.7826086957,44,1.328729536
EJR_size__price_forecast,EJR_size,price_forecast,0.8,1,1,monthly,base,all,2013-03,2026-08,0.9399931493,1.151436112,0.0004000638413,162,0.04614443826,0.04115521884,0.6900087742,-0.08834540297,0.0280441638,-0.04658703782,-0.02264308229,0.6419753086,30,1.83860011
EJR_size__price_forecast,EJR_size,price_forecast,0.8,1,1,monthly,base,late,2019-01,2026-08,0.9596596109,1.537871788,0.0005118105395,92,0.06327776772,0.03906814533,0.9076637797,-0.08834540297,0.0350168508,-0.04658703782,-0.02072190302,0.7065217391,30,1.600632465
EJR_size__price_forecast,EJR_size,price_forecast,0.8,1,1,monthly,past_exposure,all,2013-03,2026-08,0.806469022,0.9477876516,0.0003358053244,162,0.04166822731,0.03651982574,0.6527341193,-0.07928726054,0.02356256044,-0.04055513914,-0.0205042381,0.6604938272,30,1.735190407
EJR_size__price_forecast,EJR_size,price_forecast,0.8,1,1,monthly,past_exposure,late,2019-01,2026-08,0.7624900482,1.182615425,0.0004005761212,92,0.05490070515,0.03205304764,0.8499723921,-0.07629319228,0.0268228616,-0.04055513914,-0.01684323499,0.7282608696,30,1.506452585
EJR_size__price_forecast,EJR_size,price_forecast,0.8,1,1,monthly,vol_control,all,2013-03,2026-08,0.9005153356,1.232855792,0.0004311866953,162,0.04498603395,0.03832321025,0.7094568441,-0.08746630373,0.02682011212,-0.04658703782,-0.01962674601,0.6419753086,31,1.811304908
EJR_size__price_forecast,EJR_size,price_forecast,0.8,1,1,monthly,vol_control,late,2019-01,2026-08,0.9361705406,1.612640706,0.0005392330597,92,0.06177130054,0.03830616555,0.8867730505,-0.08746630373,0.03356298031,-0.04658703782,-0.02037504559,0.7065217391,31,1.583327898
EJR_size__price_forecast,EJR_size,price_forecast,0.8,1,1,monthly,expost_exposure,all,2013-03,2026-08,0.7146141581,0.8727881762,0.0003052579864,162,0.03951697861,0.03151905082,0.6899749287,-0.06480068372,0.021318993,-0.03509503061,-0.01696478806,0.6543209877,30,1.687432566
EJR_size__price_forecast,EJR_size,price_forecast,0.8,1,1,monthly,expost_exposure,late,2019-01,2026-08,0.7295652584,1.166713931,0.0003898176913,92,0.05475664293,0.02994486859,0.9076421026,-0.06480068372,0.02662025619,-0.03509503061,-0.01531490502,0.7282608696,30,1.504876052
Carry__price_forecast__q0.7,Carry,price_forecast,0.7,1,1,monthly,rule,all,2013-03,2026-08,0.6265432099,1.491779788,0.0005021108343,162,0.02540691227,0.03580671898,0.2201921037,-0.08928298175,0.007761290238,-0.04651420384,-0.02208915697,0.6975308642,53,1.403134326
Carry__price_forecast__q0.7,Carry,price_forecast,0.7,1,1,monthly,rule,late,2019-01,2026-08,0.5326086957,1.876937809,0.0006348508701,92,0.03030652637,0.02998987273,0.1072647564,-0.08928298175,0.003090295035,-0.04651420384,-0.01960394641,0.7934782609,53,1.257214717
Carry__price_forecast__q0.7,Carry,price_forecast,0.7,1,1,monthly,base,all,2013-03,2026-08,1,0.9708909816,0.0003175769546,162,0.0434589643,0.04224513392,0.6113110515,-0.09092810581,0.02550968162,-0.04651420384,-0.02317942217,0.6172839506,31,1.775896104
Carry__price_forecast__q0.7,Carry,price_forecast,0.7,1,1,monthly,base,late,2019-01,2026-08,1,1.242475197,0.0003730485307,92,0.06183214131,0.03996052488,0.8520787464,-0.09092810581,0.03368439226,-0.04651420384,-0.02110235462,0.6956521739,31,1.584023602
Carry__price_forecast__q0.7,Carry,price_forecast,0.7,1,1,monthly,past_exposure,all,2013-03,2026-08,0.7079731553,0.7034783086,0.0002413699893,162,0.03537478598,0.03134377301,0.5618629633,-0.06437225318,0.01730871136,-0.03341139584,-0.01715715623,0.6296296296,27,1.598885603
Carry__price_forecast__q0.7,Carry,price_forecast,0.7,1,1,monthly,past_exposure,late,2019-01,2026-08,0.66360327,0.7795941587,0.0002396083667,92,0.04965209602,0.02756373142,0.8018931536,-0.06437225318,0.02168094995,-0.03341139584,-0.01419079264,0.7173913043,27,1.449932862
Carry__price_forecast__q0.7,Carry,price_forecast,0.7,1,1,monthly,vol_control,all,2013-03,2026-08,0.9604923575,1.050807736,0.0003474595546,162,0.04230914417,0.0394818911,0.6234896516,-0.09005149705,0.0242909172,-0.04651420384,-0.02031706964,0.6172839506,31,1.749658923
Carry__price_forecast__q0.7,Carry,price_forecast,0.7,1,1,monthly,vol_control,late,2019-01,2026-08,0.9765103821,1.317710705,0.0004006563926,92,0.06032757948,0.03921151693,0.8303612852,-0.09005149705,0.03223037857,-0.04651420384,-0.02090161586,0.6956521739,31,1.566896976
Carry__price_forecast__q0.7,Carry,price_forecast,0.7,1,1,monthly,expost_exposure,all,2013-03,2026-08,0.6265432099,0.6052741431,0.0002009808639,162,0.03413850152,0.02686025341,0.6112343787,-0.0544344325,0.01598091263,-0.02864169623,-0.01413472942,0.6296296296,27,1.573303651
Carry__price_forecast__q0.7,Carry,price_forecast,0.7,1,1,monthly,expost_exposure,late,2019-01,2026-08,0.6265432099,0.7749658522,0.0002348852777,92,0.04910748752,0.02543062211,0.8520310003,-0.0544344325,0.021103573,-0.02864169623,-0.01251447093,0.7173913043,27,1.444175248
Carry__price_forecast__q0.9,Carry,price_forecast,0.9,1,1,monthly,rule,all,2013-03,2026-08,0.8858024691,1.443567966,0.0005232853084,162,0.03968967515,0.04061133663,0.5434534023,-0.09092810581,0.02181089798,-0.04651420384,-0.02218699081,0.6358024691,31,1.69122103
Carry__price_forecast__q0.9,Carry,price_forecast,0.9,1,1,monthly,rule,late,2019-01,2026-08,0.8532608696,1.957734523,0.0007121063541,92,0.05244167132,0.03814824135,0.6570640975,-0.09092810581,0.02468944727,-0.04651420384,-0.01882536997,0.7065217391,31,1.479738385
Carry__price_forecast__q0.9,Carry,price_forecast,0.9,1,1,monthly,base,all,2013-03,2026-08,1,0.9708909816,0.0003175769546,162,0.0434589643,0.04224513392,0.6113110515,-0.09092810581,0.02550968162,-0.04651420384,-0.02317942217,0.6172839506,31,1.775896104
Carry__price_forecast__q0.9,Carry,price_forecast,0.9,1,1,monthly,base,late,2019-01,2026-08,1,1.242475197,0.0003730485307,92,0.06183214131,0.03996052488,0.8520787464,-0.09092810581,0.03368439226,-0.04651420384,-0.02110235462,0.6956521739,31,1.584023602
Carry__price_forecast__q0.9,Carry,price_forecast,0.9,1,1,monthly,past_exposure,all,2013-03,2026-08,0.9285181245,0.8861304154,0.0002938109685,162,0.04105813697,0.04004260262,0.5842473416,-0.08499658275,0.02310849944,-0.04366571881,-0.02215421712,0.6234567901,31,1.721520784
Carry__price_forecast__q0.9,Carry,price_forecast,0.9,1,1,monthly,past_exposure,late,2019-01,2026-08,0.9008474463,1.096187503,0.0003320679677,92,0.05803685895,0.03647245511,0.8309174597,-0.08499658275,0.02995461926,-0.04366571881,-0.01909977033,0.7065217391,31,1.541130614
Carry__price_forecast__q0.9,Carry,price_forecast,0.9,1,1,monthly,vol_control,all,2013-03,2026-08,0.9604923575,1.050807736,0.0003474595546,162,0.04230914417,0.0394818911,0.6234896516,-0.09005149705,0.0242909172,-0.04651420384,-0.02031706964,0.6172839506,31,1.749658923
Carry__price_forecast__q0.9,Carry,price_forecast,0.9,1,1,monthly,vol_control,late,2019-01,2026-08,0.9765103821,1.317710705,0.0004006563926,92,0.06032757948,0.03921151693,0.8303612852,-0.09005149705,0.03223037857,-0.04651420384,-0.02090161586,0.6956521739,31,1.566896976
Carry__price_forecast__q0.9,Carry,price_forecast,0.9,1,1,monthly,expost_exposure,all,2013-03,2026-08,0.8858024691,0.8583179857,0.0002820617518,162,0.04062718342,0.03752321222,0.6112909637,-0.07949122855,0.02259578767,-0.04104909027,-0.02041370595,0.6234567901,31,1.711925049
Carry__price_forecast__q0.9,Carry,price_forecast,0.9,1,1,monthly,expost_exposure,late,2019-01,2026-08,0.8858024691,1.098731672,0.0003308197032,92,0.05795037281,0.03549703703,0.8520684389,-0.07949122855,0.02983734545,-0.04104909027,-0.01845510262,0.7065217391,31,1.540165067
Carry__price_forecast__half,Carry,price_forecast,0.8,0.5,1,monthly,rule,all,2013-03,2026-08,0.8842592593,1.326511992,0.0004697017198,162,0.03721810301,0.03855066723,0.50889408,-0.08813881357,0.01934421139,-0.04651420384,-0.02211088341,0.6358024691,33,1.637744649
Carry__price_forecast__half,Carry,price_forecast,0.8,0.5,1,monthly,rule,late,2019-01,2026-08,0.8451086957,1.623407105,0.0005889773755,92,0.04919478376,0.03375593315,0.6496085501,-0.08813881357,0.02143385769,-0.04651420384,-0.01836823121,0.7065217391,33,1.445096806
Carry__price_forecast__half,Carry,price_forecast,0.8,0.5,1,monthly,base,all,2013-03,2026-08,1,0.9708909816,0.0003175769546,162,0.0434589643,0.04224513392,0.6113110515,-0.09092810581,0.02550968162,-0.04651420384,-0.02317942217,0.6172839506,31,1.775896104
Carry__price_forecast__half,Carry,price_forecast,0.8,0.5,1,monthly,base,late,2019-01,2026-08,1,1.242475197,0.0003730485307,92,0.06183214131,0.03996052488,0.8520787464,-0.09092810581,0.03368439226,-0.04651420384,-0.02110235462,0.6956521739,31,1.584023602
Carry__price_forecast__half,Carry,price_forecast,0.8,0.5,1,monthly,past_exposure,all,2013-03,2026-08,0.9247374253,0.8857728407,0.0002932084209,162,0.04080129294,0.03979940546,0.5815460007,-0.08480557833,0.02285127348,-0.04352329418,-0.02199471308,0.6234567901,31,1.715795843
Carry__price_forecast__half,Carry,price_forecast,0.8,0.5,1,monthly,past_exposure,late,2019-01,2026-08,0.9002728839,1.095475989,0.0003318197655,92,0.05795945934,0.03641863767,0.8303825194,-0.08480557833,0.02987921298,-0.04352329418,-0.01915849835,0.7065217391,31,1.540266486
Carry__price_forecast__half,Carry,price_forecast,0.8,0.5,1,monthly,vol_control,all,2013-03,2026-08,0.9604923575,1.050807736,0.0003474595546,162,0.04230914417,0.0394818911,0.6234896516,-0.09005149705,0.0242909172,-0.04651420384,-0.02031706964,0.6172839506,31,1.749658923
Carry__price_forecast__half,Carry,price_forecast,0.8,0.5,1,monthly,vol_control,late,2019-01,2026-08,0.9765103821,1.317710705,0.0004006563926,92,0.06032757948,0.03921151693,0.8303612852,-0.09005149705,0.03223037857,-0.04651420384,-0.02090161586,0.6956521739,31,1.566896976
Carry__price_forecast__half,Carry,price_forecast,0.8,0.5,1,monthly,expost_exposure,all,2013-03,2026-08,0.8842592593,0.856802425,0.000281581575,162,0.04058880438,0.03745947814,0.6112906581,-0.07933597722,0.02255641096,-0.04097523703,-0.02037633128,0.6234567901,31,1.711072896
Carry__price_forecast__half,Carry,price_forecast,0.8,0.5,1,monthly,expost_exposure,late,2019-01,2026-08,0.8842592593,1.096793959,0.0003302495282,92,0.05789785907,0.03543680846,0.8520682563,-0.07933597722,0.02978535784,-0.04097523703,-0.01841933086,0.7065217391,31,1.539579051
Carry__price_forecast__2cost,Carry,price_forecast,0.8,1,2,monthly,rule,all,2013-03,2026-08,0.7685185185,1.706743676,0.001263509974,162,0.0302507517,0.03726215251,0.3411385263,-0.0869599852,0.01253705767,-0.0466486436,-0.02220429685,0.6790123457,46,1.495304674
Carry__price_forecast__2cost,Carry,price_forecast,0.8,1,2,monthly,rule,late,2019-01,2026-08,0.6902173913,2.041507865,0.001641650684,92,0.03567545665,0.03148815623,0.2743465775,-0.0869599852,0.008346578656,-0.0466486436,-0.01842535377,0.7608695652,46,1.308322814
Carry__price_forecast__2cost,Carry,price_forecast,0.8,1,2,monthly,base,all,2013-03,2026-08,1,0.9708292922,0.000635093548,162,0.04312836992,0.0422558945,0.603486292,-0.0912148787,0.02519216503,-0.0466486436,-0.02320689411,0.6172839506,31,1.768315364
Carry__price_forecast__2cost,Carry,price_forecast,0.8,1,2,monthly,base,late,2019-01,2026-08,1,1.242445004,0.0007460490239,92,0.06143670606,0.03999319842,0.8418170166,-0.0912148787,0.03331139177,-0.0466486436,-0.02113785495,0.6956521739,31,1.579506616
Carry__price_forecast__2cost,Carry,price_forecast,0.8,1,2,monthly,past_exposure,all,2013-03,2026-08,0.85564769,0.8058503948,0.0005421421583,162,0.03826397045,0.03743851206,0.5495272718,-0.07891389615,0.02031221191,-0.04065048416,-0.0210472968,0.6296296296,31,1.660179617
Carry__price_forecast__2cost,Carry,price_forecast,0.8,1,2,monthly,past_exposure,late,2019-01,2026-08,0.8005457678,0.9506393031,0.0005822811361,92,0.05377804451,0.0329537443,0.7929633138,-0.07891389615,0.02578234357,-0.04065048416,-0.01742739693,0.7173913043,31,1.494204768
Carry__price_forecast__2cost,Carry,price_forecast,0.8,1,2,monthly,vol_control,all,2013-03,2026-08,0.9604923575,1.050750072,0.0006948643993,162,0.04194796737,0.03949041881,0.6143655799,-0.09034571122,0.02394351235,-0.0466486436,-0.02034262515,0.6172839506,31,1.74149178
Carry__price_forecast__2cost,Carry,price_forecast,0.8,1,2,monthly,vol_control,late,2019-01,2026-08,0.9765103821,1.317670266,0.0008012604236,92,0.05990361521,0.03924296773,0.8192353492,-0.09034571122,0.03182977454,-0.0466486436,-0.02093678015,0.6956521739,31,1.562100111
Carry__price_forecast__2cost,Carry,price_forecast,0.8,1,2,monthly,expost_exposure,all,2013-03,2026-08,0.7685185185,0.743465065,0.0004909612993,162,0.0374478309,0.03269418945,0.6033968603,-0.06828441698,0.0193577652,-0.03553988276,-0.01759446427,0.6296296296,27,1.64264836
Carry__price_forecast__2cost,Carry,price_forecast,0.8,1,2,monthly,expost_exposure,late,2019-01,2026-08,0.7685185185,0.951874506,0.0005749273031,92,0.053652705,0.0309520726,0.8417648595,-0.06828441698,0.02559884664,-0.03553988276,-0.0157651371,0.7173913043,27,1.492842748
Cohort__price_forecast,Carry,price_forecast,0.8,1,1,cohort,rule,all,2013-03,2026-08,0.5997942387,0.8645609451,0.0003244228763,162,0.02383052303,0.03360108992,0.1854130454,-0.0876612424,0.006141713857,-0.03432832331,-0.02090833015,0.6851851852,52,1.374291889
Cohort__price_forecast,Carry,price_forecast,0.8,1,1,cohort,rule,late,2019-01,2026-08,0.5267210145,0.974264633,0.0003774062962,92,0.02885495555,0.02582882329,0.06303019995,-0.0876612424,0.001559062307,-0.03432832331,-0.01466062594,0.7934782609,52,1.243698695
Cohort__price_forecast,Carry,price_forecast,0.8,1,1,cohort,base,all,2013-03,2026-08,0.9657921811,0.5804691591,0.0002234385566,162,0.0398498476,0.04131534457,0.5397566677,-0.09920645941,0.02199293225,-0.03750296609,-0.02249004606,0.5925925926,31,1.69474179
Cohort__price_forecast,Carry,price_forecast,0.8,1,1,cohort,base,late,2019-01,2026-08,1,0.6024922468,0.0002243969308,92,0.05935458759,0.03898248073,0.8117200816,-0.09920645941,0.03129634604,-0.03750296609,-0.01957810312,0.6847826087,31,1.55590722
Cohort__price_forecast,Carry,price_forecast,0.8,1,1,cohort,past_exposure,all,2013-03,2026-08,0.7000290241,0.4121362473,0.0001625610224,162,0.03310245975,0.03110706462,0.4947323336,-0.07349703292,0.01509750661,-0.02803366127,-0.01675645233,0.6172839506,28,1.552157688
Cohort__price_forecast,Carry,price_forecast,0.8,1,1,cohort,past_exposure,late,2019-01,2026-08,0.6791038587,0.3965937543,0.0001523107113,92,0.04829325018,0.02756952967,0.7535933118,-0.07349703292,0.02037966681,-0.02803366127,-0.0130871522,0.7282608696,28,1.435604196
Cohort__price_forecast,Carry,price_forecast,0.8,1,1,cohort,vol_control,all,2013-03,2026-08,0.9262845385,0.6545960465,0.0002516122071,162,0.03867692023,0.03845988232,0.5476984206,-0.09846422473,0.02074735138,-0.03750296609,-0.01947486558,0.5925925926,31,1.669115926
Cohort__price_forecast,Carry,price_forecast,0.8,1,1,cohort,vol_control,late,2019-01,2026-08,0.9765103821,0.6799338481,0.0002527362914,92,0.05776775263,0.03823446026,0.7864812114,-0.09846422473,0.02976192336,-0.03750296609,-0.01938681071,0.6847826087,31,1.53812799
Cohort__price_forecast,Carry,price_forecast,0.8,1,1,cohort,expost_exposure,all,2013-03,2026-08,0.5997942387,0.3588246048,0.0001409374141,162,0.03176521061,0.02608194892,0.5396725275,-0.05933779191,0.01365628674,-0.02278193448,-0.01352318801,0.6172839506,28,1.525252977
Cohort__price_forecast,Carry,price_forecast,0.8,1,1,cohort,expost_exposure,late,2019-01,2026-08,0.6210386152,0.3714216413,0.000140651588,92,0.04738682734,0.02461624755,0.8116680318,-0.05933779191,0.01943494697,-0.02278193448,-0.01118841783,0.7282608696,28,1.426114816
Carry__structure_observed,Carry,structure_observed,0.8,1,1,monthly,rule,all,2013-03,2026-08,0.6975308642,0.8892001722,0.0003294604875,162,0.04658233372,0.035348329,0.8053390692,-0.0810465626,0.0282423549,-0.0289612116,-0.01973237992,0.7222222222,16,1.849016959
Carry__structure_observed,Carry,structure_observed,0.8,1,1,monthly,rule,late,2019-01,2026-08,0.597826087,0.8831980541,0.0002759996459,92,0.06338946238,0.03085652492,1.126962019,-0.03368528823,0.03483457241,-0.01997621131,-0.01514242825,0.8043478261,7,1.601922009
Carry__structure_observed,Carry,structure_observed,0.8,1,1,monthly,base,all,2013-03,2026-08,1,0.9708909816,0.0003175769546,162,0.0434589643,0.04224513392,0.6113110515,-0.09092810581,0.02550968162,-0.04651420384,-0.02317942217,0.6172839506,31,1.775896104
Carry__structure_observed,Carry,structure_observed,0.8,1,1,monthly,base,late,2019-01,2026-08,1,1.242475197,0.0003730485307,92,0.06183214131,0.03996052488,0.8520787464,-0.09092810581,0.03368439226,-0.04651420384,-0.02110235462,0.6956521739,31,1.584023602
Carry__structure_observed,Carry,structure_observed,0.8,1,1,monthly,past_exposure,all,2013-03,2026-08,0.8288869838,0.7773956804,0.0002585301436,162,0.03811766306,0.03618531456,0.5642532349,-0.0810465626,0.02012443473,-0.03170023894,-0.02035914832,0.6296296296,27,1.657024141
Carry__structure_observed,Carry,structure_observed,0.8,1,1,monthly,past_exposure,late,2019-01,2026-08,0.7241080991,0.9047489056,0.0002715564768,92,0.05286517655,0.02904919187,0.872011175,-0.0607254454,0.02479104098,-0.03170023894,-0.01448035328,0.7173913043,27,1.484309633
Carry__structure_observed,Carry,structure_observed,0.8,1,1,monthly,vol_control,all,2013-03,2026-08,0.9604923575,1.050807736,0.0003474595546,162,0.04230914417,0.0394818911,0.6234896516,-0.09005149705,0.0242909172,-0.04651420384,-0.02031706964,0.6172839506,31,1.749658923
Carry__structure_observed,Carry,structure_observed,0.8,1,1,monthly,vol_control,late,2019-01,2026-08,0.9765103821,1.317710705,0.0004006563926,92,0.06032757948,0.03921151693,0.8303612852,-0.09005149705,0.03223037857,-0.04651420384,-0.02090161586,0.6956521739,31,1.566896976
Carry__structure_observed,Carry,structure_observed,0.8,1,1,monthly,expost_exposure,all,2013-03,2026-08,0.6975308642,0.6743015044,0.0002232789718,162,0.03592330461,0.02976870497,0.6112507278,-0.06127298696,0.01779203102,-0.03203895804,-0.01585397858,0.6296296296,27,1.610358775
Carry__structure_observed,Carry,structure_observed,0.8,1,1,monthly,expost_exposure,late,2019-01,2026-08,0.6975308642,0.8633325504,0.00026120313,92,0.05153279328,0.02817382394,0.8520422467,-0.06127298696,0.02349491298,-0.03203895804,-0.01412575243,0.7173913043,27,1.469969406
EJR_gate__structure_observed,EJR_gate,structure_observed,0.8,1,1,monthly,rule,all,2013-03,2026-08,0.2901234568,0.9276460704,0.0003591314601,162,0.04434643628,0.02827221529,0.9387636985,-0.06775993636,0.02587161515,-0.0289610415,-0.01245658616,0.9320987654,11,1.796395476
EJR_gate__structure_observed,EJR_gate,structure_observed,0.8,1,1,monthly,rule,late,2019-01,2026-08,0.2934782609,1.310797419,0.0004917284544,92,0.06364127119,0.02286470699,1.551917087,-0.007343000773,0.03485949276,-0.006480363894,-0.0005496657584,0.9565217391,4,1.60483252
EJR_gate__structure_observed,EJR_gate,structure_observed,0.8,1,1,monthly,base,all,2013-03,2026-08,0.3580246914,1.055095091,0.0003929097562,162,0.04375908533,0.02927240042,0.8888726633,-0.06775993636,0.02533546416,-0.0289610415,-0.01445915609,0.9135802469,11,1.782804119
EJR_gate__structure_observed,EJR_gate,structure_observed,0.8,1,1,monthly,base,late,2019-01,2026-08,0.4130434783,1.53521852,0.0005512076279,92,0.06258813991,0.02504982207,1.385111479,-0.02152536494,0.03391540081,-0.01189629931,-0.006193817688,0.9239130435,3,1.59269051
EJR_gate__structure_observed,EJR_gate,structure_observed,0.8,1,1,monthly,past_exposure,all,2013-03,2026-08,0.3284737543,0.9739134599,0.0003623261884,162,0.04263965158,0.02768630834,0.8979143096,-0.05439820681,0.02421440752,-0.02936739655,-0.01292036501,0.9197530864,8,1.757163612
EJR_gate__structure_observed,EJR_gate,structure_observed,0.8,1,1,monthly,past_exposure,late,2019-01,2026-08,0.3718776977,1.396514544,0.0004997891825,92,0.05860097795,0.02272550425,1.364036446,-0.02099563719,0.03008388227,-0.01160799725,-0.005816434361,0.9239130435,4,1.547441465
EJR_gate__structure_observed,EJR_gate,structure_observed,0.8,1,1,monthly,vol_control,all,2013-03,2026-08,0.3245250183,1.067962727,0.0003947653031,162,0.04249417496,0.02548625285,0.9747017001,-0.05069512825,0.02401538723,-0.02166123329,-0.01128285604,0.9135802469,11,1.753856673
EJR_gate__structure_observed,EJR_gate,structure_observed,0.8,1,1,monthly,vol_control,late,2019-01,2026-08,0.395967666,1.546559398,0.0005521666041,92,0.06127429327,0.02433283144,1.370911361,-0.02064279764,0.03265467581,-0.01116592941,-0.005927272993,0.9239130435,3,1.577654652
EJR_gate__structure_observed,EJR_gate,structure_observed,0.8,1,1,monthly,expost_exposure,all,2013-03,2026-08,0.2901234568,0.8545872698,0.0003191612689,162,0.03891567963,0.02397853368,0.8888399416,-0.05508716329,0.02052969346,-0.02344961136,-0.01169284742,0.9135802469,11,1.674303022
EJR_gate__structure_observed,EJR_gate,structure_observed,0.8,1,1,monthly,expost_exposure,late,2019-01,2026-08,0.3347076462,1.244024615,0.0004472938744,92,0.05591153808,0.02055192648,1.385079862,-0.01740651675,0.02748254399,-0.009620493157,-0.004915578466,0.9239130435,3,1.517554996
EJR_size__structure_observed,EJR_size,structure_observed,0.8,1,1,monthly,rule,all,2013-03,2026-08,0.655336131,0.9677411704,0.0003731024668,162,0.04962608611,0.03415531438,0.919502555,-0.0810465626,0.0311164213,-0.0289612116,-0.01874882618,0.7407407407,16,1.922946982
EJR_size__structure_observed,EJR_size,structure_observed,0.8,1,1,monthly,rule,late,2019-01,2026-08,0.5880795681,1.006418678,0.000349010004,92,0.06555644163,0.02988841804,1.236534543,-0.03368528823,0.03685165181,-0.01997621131,-0.01375893118,0.8043478261,6,1.627119755
EJR_size__structure_observed,EJR_size,structure_observed,0.8,1,1,monthly,base,all,2013-03,2026-08,0.9399931493,1.151436112,0.0004000638413,162,0.04614443826,0.04115521884,0.6900087742,-0.08834540297,0.0280441638,-0.04658703782,-0.02264308229,0.6419753086,30,1.83860011
EJR_size__structure_observed,EJR_size,structure_observed,0.8,1,1,monthly,base,late,2019-01,2026-08,0.9596596109,1.537871788,0.0005118105395,92,0.06327776772,0.03906814533,0.9076637797,-0.08834540297,0.0350168508,-0.04658703782,-0.02072190302,0.7065217391,30,1.600632465
EJR_size__structure_observed,EJR_size,structure_observed,0.8,1,1,monthly,past_exposure,all,2013-03,2026-08,0.7747136362,0.9121436736,0.0003196024622,162,0.04108709186,0.03498403012,0.6651064527,-0.0810465626,0.02294750049,-0.03132190859,-0.01966503493,0.6604938272,30,1.722167283
EJR_size__structure_observed,EJR_size,structure_observed,0.8,1,1,monthly,past_exposure,late,2019-01,2026-08,0.6890903105,1.117672506,0.0003720336744,92,0.05377348506,0.02813772702,0.9341317105,-0.05738928127,0.02563130303,-0.03132190859,-0.01395987282,0.7282608696,30,1.494155203
EJR_size__structure_observed,EJR_size,structure_observed,0.8,1,1,monthly,vol_control,all,2013-03,2026-08,0.9005153356,1.232855792,0.0004311866953,162,0.04498603395,0.03832321025,0.7094568441,-0.08746630373,0.02682011212,-0.04658703782,-0.01962674601,0.6419753086,31,1.811304908
EJR_size__structure_observed,EJR_size,structure_observed,0.8,1,1,monthly,vol_control,late,2019-01,2026-08,0.9361705406,1.612640706,0.0005392330597,92,0.06177130054,0.03830616555,0.8867730505,-0.08746630373,0.03356298031,-0.04658703782,-0.02037504559,0.7065217391,31,1.583327898
EJR_size__structure_observed,EJR_size,structure_observed,0.8,1,1,monthly,expost_exposure,all,2013-03,2026-08,0.655336131,0.7998648596,0.0002802268179,162,0.03776415555,0.0289966804,0.6899653234,-0.05869902825,0.01955026887,-0.03207243011,-0.015471302,0.6543209877,27,1.649422793
EJR_size__structure_observed,EJR_size,structure_observed,0.8,1,1,monthly,expost_exposure,late,2019-01,2026-08,0.6690470212,1.069403679,0.0003576682887,92,0.05251115987,0.02755935767,0.9076358794,-0.05869902825,0.02441189039,-0.03207243011,-0.0138927794,0.7282608696,27,1.480487592
Carry__structure_observed__q0.7,Carry,structure_observed,0.7,1,1,monthly,rule,all,2013-03,2026-08,0.5771604938,0.7908297956,0.0002943201367,162,0.04618097625,0.0339259047,0.8241765038,-0.0810465626,0.02780816627,-0.0289612116,-0.01906350985,0.7654320988,22,1.839467209
Carry__structure_observed__q0.7,Carry,structure_observed,0.7,1,1,monthly,rule,late,2019-01,2026-08,0.4945652174,0.8612356316,0.000314317268,92,0.05954197263,0.02980609553,1.045942931,-0.03368528823,0.03116004195,-0.01997621131,-0.01432536179,0.847826087,7,1.558018471
Carry__structure_observed__q0.7,Carry,structure_observed,0.7,1,1,monthly,base,all,2013-03,2026-08,1,0.9708909816,0.0003175769546,162,0.0434589643,0.04224513392,0.6113110515,-0.09092810581,0.02550968162,-0.04651420384,-0.02317942217,0.6172839506,31,1.775896104
Carry__structure_observed__q0.7,Carry,structure_observed,0.7,1,1,monthly,base,late,2019-01,2026-08,1,1.242475197,0.0003730485307,92,0.06183214131,0.03996052488,0.8520787464,-0.09092810581,0.03368439226,-0.04651420384,-0.02110235462,0.6956521739,31,1.584023602
Carry__structure_observed__q0.7,Carry,structure_observed,0.7,1,1,monthly,past_exposure,all,2013-03,2026-08,0.6469793158,0.6138304926,0.0002028610091,162,0.03403460785,0.02911828072,0.5601318988,-0.06435686266,0.01594271088,-0.026002978,-0.01591629073,0.6296296296,28,1.571171175
Carry__structure_observed__q0.7,Carry,structure_observed,0.7,1,1,monthly,past_exposure,late,2019-01,2026-08,0.5903063,0.7520455135,0.0002253143134,92,0.04789642045,0.02394671642,0.8598851634,-0.04854159662,0.0199075853,-0.026002978,-0.01152687884,0.7173913043,28,1.431443033
Carry__structure_observed__q0.7,Carry,structure_observed,0.7,1,1,monthly,vol_control,all,2013-03,2026-08,0.9604923575,1.050807736,0.0003474595546,162,0.04230914417,0.0394818911,0.6234896516,-0.09005149705,0.0242909172,-0.04651420384,-0.02031706964,0.6172839506,31,1.749658923
Carry__structure_observed__q0.7,Carry,structure_observed,0.7,1,1,monthly,vol_control,late,2019-01,2026-08,0.9765103821,1.317710705,0.0004006563926,92,0.06032757948,0.03921151693,0.8303612852,-0.09005149705,0.03223037857,-0.04651420384,-0.02090161586,0.6956521739,31,1.566896976
Carry__structure_observed__q0.7,Carry,structure_observed,0.7,1,1,monthly,expost_exposure,all,2013-03,2026-08,0.5771604938,0.5573676633,0.0001854435375,162,0.0328932941,0.02484448597,0.6112216024,-0.04965631245,0.01472102978,-0.02627836514,-0.01294902967,0.6358024691,27,1.547920603
Carry__structure_observed__q0.7,Carry,structure_observed,0.7,1,1,monthly,expost_exposure,late,2019-01,2026-08,0.5771604938,0.7135844162,0.0002165467457,92,0.04741856993,0.0235310748,0.852022964,-0.04965631245,0.0194400626,-0.02627836514,-0.01139358212,0.7282608696,27,1.426446206
Carry__structure_observed__q0.9,Carry,structure_observed,0.9,1,1,monthly,rule,all,2013-03,2026-08,0.799382716,1.020095773,0.000365443197,162,0.04907411385,0.03581220657,0.8683666725,-0.0810465626,0.03064606075,-0.0289612116,-0.01927984048,0.6975308642,26,1.909340156
Carry__structure_observed__q0.9,Carry,structure_observed,0.9,1,1,monthly,rule,late,2019-01,2026-08,0.7554347826,1.236457386,0.0004213748859,92,0.07099089063,0.03069166912,1.376441742,-0.03368528823,0.04199104363,-0.01997621131,-0.01352776665,0.7717391304,6,1.691833512
Carry__structure_observed__q0.9,Carry,structure_observed,0.9,1,1,monthly,base,all,2013-03,2026-08,1,0.9708909816,0.0003175769546,162,0.0434589643,0.04224513392,0.6113110515,-0.09092810581,0.02550968162,-0.04651420384,-0.02317942217,0.6172839506,31,1.775896104
Carry__structure_observed__q0.9,Carry,structure_observed,0.9,1,1,monthly,base,late,2019-01,2026-08,1,1.242475197,0.0003730485307,92,0.06183214131,0.03996052488,0.8520787464,-0.09092810581,0.03368439226,-0.04651420384,-0.02110235462,0.6956521739,31,1.584023602
Carry__structure_observed__q0.9,Carry,structure_observed,0.9,1,1,monthly,past_exposure,all,2013-03,2026-08,0.8782459985,0.8349359189,0.0002761628849,162,0.0393655724,0.03782727469,0.5734700635,-0.0810465626,0.02139007707,-0.03654344028,-0.02114215993,0.6296296296,28,1.684117616
Carry__structure_observed__q0.9,Carry,structure_observed,0.9,1,1,monthly,past_exposure,late,2019-01,2026-08,0.8038588471,1.00773666,0.0003031703251,92,0.05518675553,0.0321757707,0.8572225436,-0.07000761637,0.02709828904,-0.03654344028,-0.0164417101,0.7173913043,28,1.509587209
Carry__structure_observed__q0.9,Carry,structure_observed,0.9,1,1,monthly,vol_control,all,2013-03,2026-08,0.9604923575,1.050807736,0.0003474595546,162,0.04230914417,0.0394818911,0.6234896516,-0.09005149705,0.0242909172,-0.04651420384,-0.02031706964,0.6172839506,31,1.749658923
Carry__structure_observed__q0.9,Carry,structure_observed,0.9,1,1,monthly,vol_control,late,2019-01,2026-08,0.9765103821,1.317710705,0.0004006563926,92,0.06032757948,0.03921151693,0.8303612852,-0.09005149705,0.03223037857,-0.04651420384,-0.02090161586,0.6956521739,31,1.566896976
Carry__structure_observed__q0.9,Carry,structure_observed,0.9,1,1,monthly,expost_exposure,all,2013-03,2026-08,0.799382716,0.7736372728,0.0002551332747,162,0.03847342551,0.0339579515,0.6112732276,-0.0710233323,0.02039073083,-0.03691329471,-0.01832071924,0.6296296296,27,1.664706711
Carry__structure_observed__q0.9,Carry,structure_observed,0.9,1,1,monthly,expost_exposure,late,2019-01,2026-08,0.799382716,0.9904537617,0.0002988870987,92,0.055007303,0.03212874736,0.8520572706,-0.0710233323,0.02692604243,-0.03691329471,-0.01645188914,0.7173913043,27,1.507620053
Carry__structure_observed__half,Carry,structure_observed,0.8,0.5,1,monthly,rule,all,2013-03,2026-08,0.8487654321,0.9255776887,0.0003229460815,162,0.04508149526,0.0374012104,0.7268299033,-0.0810465626,0.0268765909,-0.02986771004,-0.02122779157,0.6296296296,19,1.813539973
Carry__structure_observed__half,Carry,structure_observed,0.8,0.5,1,monthly,rule,late,2019-01,2026-08,0.7989130435,1.062091682,0.000325299375,92,0.06268414786,0.03367264529,1.024376068,-0.04549813859,0.03425870705,-0.02986771004,-0.01766213078,0.7065217391,18,1.593794108
Carry__structure_observed__half,Carry,structure_observed,0.8,0.5,1,monthly,base,all,2013-03,2026-08,1,0.9708909816,0.0003175769546,162,0.0434589643,0.04224513392,0.6113110515,-0.09092810581,0.02550968162,-0.04651420384,-0.02317942217,0.6172839506,31,1.775896104
Carry__structure_observed__half,Carry,structure_observed,0.8,0.5,1,monthly,base,late,2019-01,2026-08,1,1.242475197,0.0003730485307,92,0.06183214131,0.03996052488,0.8520787464,-0.09092810581,0.03368439226,-0.04651420384,-0.02110235462,0.6956521739,31,1.584023602
Carry__structure_observed__half,Carry,structure_observed,0.8,0.5,1,monthly,past_exposure,all,2013-03,2026-08,0.9113570721,0.8711123105,0.0002870235513,162,0.04059219962,0.03909597325,0.5865164348,-0.0810465626,0.02262176375,-0.03910710815,-0.02165834582,0.6234567901,31,1.711148267
Carry__structure_observed__half,Carry,structure_observed,0.8,0.5,1,monthly,past_exposure,late,2019-01,2026-08,0.8620540496,1.070956963,0.0003215777485,92,0.05735729139,0.034478056,0.8607357582,-0.07570099113,0.02923844138,-0.03910710815,-0.01779124342,0.7065217391,31,1.533557959
Carry__structure_observed__half,Carry,structure_observed,0.8,0.5,1,monthly,vol_control,all,2013-03,2026-08,0.9604923575,1.050807736,0.0003474595546,162,0.04230914417,0.0394818911,0.6234896516,-0.09005149705,0.0242909172,-0.04651420384,-0.02031706964,0.6172839506,31,1.749658923
Carry__structure_observed__half,Carry,structure_observed,0.8,0.5,1,monthly,vol_control,late,2019-01,2026-08,0.9765103821,1.317710705,0.0004006563926,92,0.06032757948,0.03921151693,0.8303612852,-0.09005149705,0.03223037857,-0.04651420384,-0.02090161586,0.6956521739,31,1.566896976
Carry__structure_observed__half,Carry,structure_observed,0.8,0.5,1,monthly,expost_exposure,all,2013-03,2026-08,0.8487654321,0.8219771968,0.000270529433,162,0.03970527417,0.03599424511,0.6112835535,-0.07576000577,0.02165075485,-0.03927661003,-0.01951671295,0.6234567901,30,1.691563615
Carry__structure_observed__half,Carry,structure_observed,0.8,0.5,1,monthly,expost_exposure,late,2019-01,2026-08,0.8487654321,1.052272443,0.0003171342672,92,0.0566896301,0.03405231394,0.8520639211,-0.07576000577,0.02858964419,-0.03927661003,-0.01759658141,0.7065217391,30,1.526149511
Carry__structure_observed__2cost,Carry,structure_observed,0.8,1,2,monthly,rule,all,2013-03,2026-08,0.6975308642,0.8891424993,0.000658888203,162,0.04623906019,0.03534425996,0.7960515499,-0.08118023059,0.02791292718,-0.02898001651,-0.01975484228,0.7222222222,16,1.840846405
Carry__structure_observed__2cost,Carry,structure_observed,0.8,1,2,monthly,rule,late,2019-01,2026-08,0.597826087,0.8831246564,0.0005519547946,92,0.06309776202,0.03084968467,1.11821733,-0.03370843166,0.03455861726,-0.01998178149,-0.01517331443,0.8043478261,7,1.598556153
Carry__structure_observed__2cost,Carry,structure_observed,0.8,1,2,monthly,base,all,2013-03,2026-08,1,0.9708292922,0.000635093548,162,0.04312836992,0.0422558945,0.603486292,-0.0912148787,0.02519216503,-0.0466486436,-0.02320689411,0.6172839506,31,1.768315364
Carry__structure_observed__2cost,Carry,structure_observed,0.8,1,2,monthly,base,late,2019-01,2026-08,1,1.242445004,0.0007460490239,92,0.06143670606,0.03999319842,0.8418170166,-0.0912148787,0.03331139177,-0.0466486436,-0.02113785495,0.6956521739,31,1.579506616
Carry__structure_observed__2cost,Carry,structure_observed,0.8,1,2,monthly,past_exposure,all,2013-03,2026-08,0.8288869838,0.7773778364,0.0005170562483,162,0.03784995242,0.03619029588,0.5568856585,-0.08118023059,0.01986590863,-0.03179241524,-0.02037989483,0.6296296296,27,1.65126468
Carry__structure_observed__2cost,Carry,structure_observed,0.8,1,2,monthly,past_exposure,late,2019-01,2026-08,0.7241080991,0.9047328133,0.0005430909814,92,0.05257991942,0.02906949136,0.861649135,-0.06091651169,0.02451950648,-0.03179241524,-0.01450544382,0.7173913043,27,1.481229265
Carry__structure_observed__2cost,Carry,structure_observed,0.8,1,2,monthly,vol_control,all,2013-03,2026-08,0.9604923575,1.050750072,0.0006948643993,162,0.04194796737,0.03949041881,0.6143655799,-0.09034571122,0.02394351235,-0.0466486436,-0.02034262515,0.6172839506,31,1.74149178
Carry__structure_observed__2cost,Carry,structure_observed,0.8,1,2,monthly,vol_control,late,2019-01,2026-08,0.9765103821,1.317670266,0.0008012604236,92,0.05990361521,0.03924296773,0.8192353492,-0.09034571122,0.03182977454,-0.0466486436,-0.02093678015,0.6956521739,31,1.562100111
Carry__structure_observed__2cost,Carry,structure_observed,0.8,1,2,monthly,expost_exposure,all,2013-03,2026-08,0.6975308642,0.6742759632,0.0004465308978,162,0.03569253199,0.02977504098,0.6033651498,-0.06146410715,0.0175687791,-0.03213317289,-0.01587330242,0.6296296296,27,1.605522527
Carry__structure_observed__2cost,Carry,structure_observed,0.8,1,2,monthly,expost_exposure,late,2019-01,2026-08,0.6975308642,0.8633216683,0.0005223848936,92,0.05125870343,0.02819482181,0.841743545,-0.06146410715,0.02323373122,-0.03213317289,-0.01415122314,0.7173913043,27,1.467034409
Cohort__structure_observed,Carry,structure_observed,0.8,1,1,cohort,rule,all,2013-03,2026-08,0.612654321,0.5958025516,0.0002443374043,162,0.04294350618,0.03404803564,0.7343057098,-0.08430241475,0.02470150887,-0.02939459606,-0.01984860141,0.7160493827,19,1.764089393
Cohort__structure_observed,Carry,structure_observed,0.8,1,1,cohort,rule,late,2019-01,2026-08,0.5357789855,0.4689724672,0.0001789649294,92,0.06175490112,0.02941704415,1.131303372,-0.03233304857,0.03324525894,-0.01875755054,-0.01343708252,0.8152173913,7,1.583140419
Cohort__structure_observed,Carry,structure_observed,0.8,1,1,cohort,base,all,2013-03,2026-08,0.9657921811,0.5804691591,0.0002234385566,162,0.0398498476,0.04131534457,0.5397566677,-0.09920645941,0.02199293225,-0.03750296609,-0.02249004606,0.5925925926,31,1.69474179
Cohort__structure_observed,Carry,structure_observed,0.8,1,1,cohort,base,late,2019-01,2026-08,1,0.6024922468,0.0002243969308,92,0.05935458759,0.03898248073,0.8117200816,-0.09920645941,0.03129634604,-0.03750296609,-0.01957810312,0.6847826087,31,1.55590722
Cohort__structure_observed,Carry,structure_observed,0.8,1,1,cohort,past_exposure,all,2013-03,2026-08,0.7541790687,0.4605015199,0.0001781018126,162,0.03381422912,0.03396549531,0.4755758858,-0.08430241475,0.0158804913,-0.02939459606,-0.01934710718,0.6172839506,28,1.566656636
Cohort__structure_observed,Carry,structure_observed,0.8,1,1,cohort,past_exposure,late,2019-01,2026-08,0.6511001531,0.3912107094,0.000146226725,92,0.04839102024,0.02568939372,0.817527236,-0.06028383654,0.02042354889,-0.02339112076,-0.01190839885,0.7282608696,28,1.436631028
Cohort__structure_observed,Carry,structure_observed,0.8,1,1,cohort,vol_control,all,2013-03,2026-08,0.9262845385,0.6545960465,0.0002516122071,162,0.03867692023,0.03845988232,0.5476984206,-0.09846422473,0.02074735138,-0.03750296609,-0.01947486558,0.5925925926,31,1.669115926
Cohort__structure_observed,Carry,structure_observed,0.8,1,1,cohort,vol_control,late,2019-01,2026-08,0.9765103821,0.6799338481,0.0002527362914,92,0.05776775263,0.03823446026,0.7864812114,-0.09846422473,0.02976192336,-0.03750296609,-0.01938681071,0.6847826087,31,1.53812799
Cohort__structure_observed,Carry,structure_observed,0.8,1,1,cohort,expost_exposure,all,2013-03,2026-08,0.612654321,0.3665451232,0.0001438713218,162,0.03205237954,0.02661314418,0.5396758911,-0.06072974837,0.01394917668,-0.02329919221,-0.01383826746,0.6172839506,28,1.530993981
Cohort__structure_observed,Carry,structure_observed,0.8,1,1,cohort,expost_exposure,late,2019-01,2026-08,0.6343541944,0.3794532927,0.0001436093069,92,0.04780893489,0.02511624469,0.8116704118,-0.06072974837,0.01985170621,-0.02329919221,-0.01148320343,0.7282608696,28,1.43052707
Carry__structure_forecast,Carry,structure_forecast,0.8,1,1,monthly,rule,all,2014-03,2026-08,0.7233333333,1.072811964,0.0003422506546,150,0.03601433719,0.03667643748,0.4676515296,-0.09044912042,0.01677016533,-0.04677975845,-0.02376597012,0.7066666667,85,1.55622386
Carry__structure_forecast,Carry,structure_forecast,0.8,1,1,monthly,rule,late,2019-01,2026-08,0.847826087,1.272076282,0.0003891524347,92,0.05885675361,0.0371425557,0.8381687153,-0.07461518455,0.03075762821,-0.04677975845,-0.02066485734,0.75,22,1.550310247
Carry__structure_forecast,Carry,structure_forecast,0.8,1,1,monthly,base,all,2014-03,2026-08,1,0.9926498458,0.0003229904504,150,0.04783672633,0.04281131032,0.6698939129,-0.09092810581,0.02839597083,-0.04651420384,-0.02397731699,0.6266666667,31,1.79337125
Carry__structure_forecast,Carry,structure_forecast,0.8,1,1,monthly,base,late,2019-01,2026-08,1,1.242475197,0.0003730485307,92,0.06183214131,0.03996052488,0.8520787464,-0.09092810581,0.03368439226,-0.04651420384,-0.02110235462,0.6956521739,31,1.584023602
Carry__structure_forecast,Carry,structure_forecast,0.8,1,1,monthly,past_exposure,all,2014-03,2026-08,0.599717989,0.6290940694,0.0002074840617,150,0.03759680537,0.02638683987,0.7007365439,-0.05453742524,0.0179767461,-0.02109083236,-0.01409629312,0.64,26,1.586199557
Carry__structure_forecast,Carry,structure_forecast,0.8,1,1,monthly,past_exposure,late,2019-01,2026-08,0.5873489158,0.7897379912,0.0002381461345,92,0.05025014934,0.02258336883,1.017158029,-0.03610233985,0.02212830334,-0.01892879108,-0.009711003746,0.7173913043,26,1.45627848
Carry__structure_forecast,Carry,structure_forecast,0.8,1,1,monthly,vol_control,all,2014-03,2026-08,0.9573317461,1.078959941,0.0003552636585,150,0.04658976566,0.03987118497,0.6865115981,-0.09005149705,0.02707970526,-0.04651420384,-0.0207571704,0.6266666667,31,1.76687589
Carry__structure_forecast,Carry,structure_forecast,0.8,1,1,monthly,vol_control,late,2019-01,2026-08,0.9765103821,1.317710705,0.0004006563926,92,0.06032757948,0.03921151693,0.8303612852,-0.09005149705,0.03223037857,-0.04651420384,-0.02090161586,0.6956521739,31,1.566896976
Carry__structure_forecast,Carry,structure_forecast,0.8,1,1,monthly,expost_exposure,all,2014-03,2026-08,0.7233333333,0.7148528805,0.0002351481159,150,0.04010614258,0.03121226543,0.6698444076,-0.06374990913,0.02053823388,-0.03327378107,-0.01702362954,0.64,27,1.634823098
Carry__structure_forecast,Carry,structure_forecast,0.8,1,1,monthly,expost_exposure,late,2019-01,2026-08,0.7233333333,0.8954883581,0.000270755957,92,0.05241359715,0.02917388842,0.8520462809,-0.06374990913,0.02436412622,-0.03327378107,-0.01471141937,0.7173913043,27,1.47943579
EJR_gate__structure_forecast,EJR_gate,structure_forecast,0.8,1,1,monthly,rule,all,2014-03,2026-08,0.3466666667,1.125137086,0.0004144865319,150,0.0379342717,0.02774333228,0.6897985167,-0.06775993636,0.018338644,-0.0289610415,-0.01584417632,0.9,42,1.592660293
EJR_gate__structure_forecast,EJR_gate,structure_forecast,0.8,1,1,monthly,rule,late,2019-01,2026-08,0.4130434783,1.53521852,0.0005512076279,92,0.06258813991,0.02504982207,1.385111479,-0.02152536494,0.03391540081,-0.01189629931,-0.006193817688,0.9239130435,3,1.59269051
EJR_gate__structure_forecast,EJR_gate,structure_forecast,0.8,1,1,monthly,base,all,2014-03,2026-08,0.3866666667,1.139502698,0.0004243425367,150,0.04723678315,0.03021670255,0.9259711283,-0.06775993636,0.02736230129,-0.0289610415,-0.01584417632,0.9066666667,11,1.780578396
EJR_gate__structure_forecast,EJR_gate,structure_forecast,0.8,1,1,monthly,base,late,2019-01,2026-08,0.4130434783,1.53521852,0.0005512076279,92,0.06258813991,0.02504982207,1.385111479,-0.02152536494,0.03391540081,-0.01189629931,-0.006193817688,0.9239130435,3,1.59269051
EJR_gate__structure_forecast,EJR_gate,structure_forecast,0.8,1,1,monthly,past_exposure,all,2014-03,2026-08,0.3222125914,0.9631030416,0.000360276391,150,0.04339691475,0.02671504138,0.9073639018,-0.05439820681,0.02357799778,-0.02936739655,-0.01349689405,0.9133333333,8,1.700667266
EJR_gate__structure_forecast,EJR_gate,structure_forecast,0.8,1,1,monthly,past_exposure,late,2019-01,2026-08,0.3425256376,1.2803431,0.0004584834844,92,0.05704365185,0.02069693479,1.434205691,-0.01532795744,0.02856191889,-0.008471163526,-0.004467599905,0.9239130435,3,1.530073892
EJR_gate__structure_forecast,EJR_gate,structure_forecast,0.8,1,1,monthly,vol_control,all,2014-03,2026-08,0.3504870197,1.153399745,0.0004263465273,150,0.0458661947,0.02626442713,1.015930444,-0.05069512825,0.02593661821,-0.02166123329,-0.01240987685,0.9066666667,11,1.751667089
EJR_gate__structure_forecast,EJR_gate,structure_forecast,0.8,1,1,monthly,vol_control,late,2019-01,2026-08,0.395967666,1.546559398,0.0005521666041,92,0.06127429327,0.02433283144,1.370911361,-0.02064279764,0.03265467581,-0.01116592941,-0.005927272993,0.9239130435,3,1.577654652
EJR_gate__structure_forecast,EJR_gate,structure_forecast,0.8,1,1,monthly,expost_exposure,all,2014-03,2026-08,0.3466666667,1.021343858,0.0003809417445,150,0.04437552253,0.02721434442,0.9259525915,-0.0608612059,0.02453122169,-0.0259548613,-0.01419451578,0.9066666667,11,1.720713463
EJR_gate__structure_forecast,EJR_gate,structure_forecast,0.8,1,1,monthly,expost_exposure,late,2019-01,2026-08,0.3703148426,1.376370349,0.0004945604684,92,0.05894421894,0.02258910623,1.385094428,-0.01928004026,0.03040653675,-0.01065495825,-0.00547893595,0.9239130435,3,1.551292319
EJR_size__structure_forecast,EJR_size,structure_forecast,0.8,1,1,monthly,rule,all,2014-03,2026-08,0.7089233695,1.143010054,0.0003812819935,150,0.0366685506,0.03641009103,0.4894529499,-0.09016051944,0.01739367769,-0.04677975845,-0.02376597012,0.7133333333,85,1.568552446
EJR_size__structure_forecast,EJR_size,structure_forecast,0.8,1,1,monthly,rule,late,2019-01,2026-08,0.8249053825,1.381194173,0.0004517233838,92,0.05993252536,0.03667491675,0.8783570174,-0.07461518455,0.03176093779,-0.04677975845,-0.02067786922,0.7608695652,22,1.562426804
EJR_size__structure_forecast,EJR_size,structure_forecast,0.8,1,1,monthly,base,all,2014-03,2026-08,0.9741766422,1.183519391,0.0004107664617,150,0.04875710933,0.04229947951,0.6994062752,-0.08834540297,0.02925574362,-0.04658703782,-0.02398642124,0.6333333333,30,1.813161434
EJR_size__structure_forecast,EJR_size,structure_forecast,0.8,1,1,monthly,base,late,2019-01,2026-08,0.9596596109,1.537871788,0.0005118105395,92,0.06327776772,0.03906814533,0.9076637797,-0.08834540297,0.0350168508,-0.04658703782,-0.02072190302,0.7065217391,30,1.600632465
EJR_size__structure_forecast,EJR_size,structure_forecast,0.8,1,1,monthly,past_exposure,all,2014-03,2026-08,0.5893808924,0.7347340374,0.0002565557189,150,0.03829002267,0.02630527013,0.7305631335,-0.05459988106,0.01864456543,-0.0211159755,-0.01418780974,0.6466666667,19,1.599497292
EJR_size__structure_forecast,EJR_size,structure_forecast,0.8,1,1,monthly,past_exposure,late,2019-01,2026-08,0.5712148215,0.9530381758,0.0003154484685,92,0.05134358865,0.02238510608,1.078300412,-0.0355078175,0.0231687783,-0.01943370187,-0.009934911114,0.7282608696,17,1.467942828
EJR_size__structure_forecast,EJR_size,structure_forecast,0.8,1,1,monthly,vol_control,all,2014-03,2026-08,0.9315406033,1.271452645,0.000444379144,150,0.04750296377,0.03932670623,0.7190286238,-0.08746630373,0.02793376781,-0.04658703782,-0.02064267212,0.6333333333,31,1.786243886
EJR_size__structure_forecast,EJR_size,structure_forecast,0.8,1,1,monthly,vol_control,late,2019-01,2026-08,0.9361705406,1.612640706,0.0005392330597,92,0.06177130054,0.03830616555,0.8867730505,-0.08746630373,0.03356298031,-0.04658703782,-0.02037504559,0.7065217391,31,1.583327898
EJR_size__structure_forecast,EJR_size,structure_forecast,0.8,1,1,monthly,expost_exposure,all,2014-03,2026-08,0.7089233695,0.8582501059,0.0003001859702,150,0.04088993795,0.03103686317,0.6993670628,-0.06157382552,0.02128859103,-0.03353643192,-0.01714038573,0.6466666667,30,1.650289472
EJR_size__structure_forecast,EJR_size,structure_forecast,0.8,1,1,monthly,expost_exposure,late,2019-01,2026-08,0.6983591019,1.116523411,0.0003732439141,92,0.05359897955,0.02871378979,0.9076389,-0.06157382552,0.02548151099,-0.03353643192,-0.01458158791,0.7282608696,30,1.492259263
Carry__structure_forecast__q0.7,Carry,structure_forecast,0.7,1,1,monthly,rule,all,2014-03,2026-08,0.6933333333,1.100117616,0.0003762110841,150,0.03627080932,0.03592141153,0.4841194203,-0.07734524535,0.01699131692,-0.04677975845,-0.02383619812,0.7133333333,80,1.561046388
Carry__structure_forecast__q0.7,Carry,structure_forecast,0.7,1,1,monthly,rule,late,2019-01,2026-08,0.847826087,1.272076282,0.0003891524347,92,0.05885675361,0.0371425557,0.8381687153,-0.07461518455,0.03075762821,-0.04677975845,-0.02066485734,0.75,22,1.550310247
Carry__structure_forecast__q0.7,Carry,structure_forecast,0.7,1,1,monthly,base,all,2014-03,2026-08,1,0.9926498458,0.0003229904504,150,0.04783672633,0.04281131032,0.6698939129,-0.09092810581,0.02839597083,-0.04651420384,-0.02397731699,0.6266666667,31,1.79337125
Carry__structure_forecast__q0.7,Carry,structure_forecast,0.7,1,1,monthly,base,late,2019-01,2026-08,1,1.242475197,0.0003730485307,92,0.06183214131,0.03996052488,0.8520787464,-0.09092810581,0.03368439226,-0.04651420384,-0.02110235462,0.6956521739,31,1.584023602
Carry__structure_forecast__q0.7,Carry,structure_forecast,0.7,1,1,monthly,past_exposure,all,2014-03,2026-08,0.5259544245,0.5804948865,0.0001897796871,150,0.036735986,0.02202173214,0.8051860886,-0.03420722719,0.0170393113,-0.01593771403,-0.01033094374,0.6466666667,19,1.569828355
Carry__structure_forecast__q0.7,Carry,structure_forecast,0.7,1,1,monthly,past_exposure,late,2019-01,2026-08,0.5406124682,0.7415498909,0.000223342797,92,0.04886464985,0.02073116652,1.047765795,-0.03029701666,0.02076327687,-0.01593771403,-0.008529069004,0.7282608696,17,1.441614379
Carry__structure_forecast__q0.7,Carry,structure_forecast,0.7,1,1,monthly,vol_control,all,2014-03,2026-08,0.9573317461,1.078959941,0.0003552636585,150,0.04658976566,0.03987118497,0.6865115981,-0.09005149705,0.02707970526,-0.04651420384,-0.0207571704,0.6266666667,31,1.76687589
Carry__structure_forecast__q0.7,Carry,structure_forecast,0.7,1,1,monthly,vol_control,late,2019-01,2026-08,0.9765103821,1.317710705,0.0004006563926,92,0.06032757948,0.03921151693,0.8303612852,-0.09005149705,0.03223037857,-0.04651420384,-0.02090161586,0.6956521739,31,1.566896976
Carry__structure_forecast__q0.7,Carry,structure_forecast,0.7,1,1,monthly,expost_exposure,all,2014-03,2026-08,0.6933333333,0.6849691982,0.0002255776879,150,0.03926258004,0.02996054923,0.6698381469,-0.06086960233,0.01968623547,-0.03183807735,-0.01626961311,0.64,27,1.618326434
Carry__structure_forecast__q0.7,Carry,structure_forecast,0.7,1,1,monthly,expost_exposure,late,2019-01,2026-08,0.6933333333,0.8581041993,0.0002596485996,92,0.05138946683,0.02801126993,0.8520415822,-0.06086960233,0.02335351035,-0.03183807735,-0.01403047653,0.7173913043,27,1.468434007
Carry__structure_forecast__q0.9,Carry,structure_forecast,0.9,1,1,monthly,rule,all,2014-03,2026-08,0.7733333333,1.36348973,0.0005134336341,150,0.03779418047,0.03688507086,0.5121671862,-0.0810465626,0.01849950076,-0.04677975845,-0.02376597012,0.6933333333,58,1.589975337
Carry__structure_forecast__q0.9,Carry,structure_forecast,0.9,1,1,monthly,rule,late,2019-01,2026-08,0.8586956522,1.531236927,0.0004991136594,92,0.05895514622,0.03713783663,0.8407993956,-0.07461518455,0.03085082407,-0.04677975845,-0.02066485734,0.75,22,1.55141505
Carry__structure_forecast__q0.9,Carry,structure_forecast,0.9,1,1,monthly,base,all,2014-03,2026-08,1,0.9926498458,0.0003229904504,150,0.04783672633,0.04281131032,0.6698939129,-0.09092810581,0.02839597083,-0.04651420384,-0.02397731699,0.6266666667,31,1.79337125
Carry__structure_forecast__q0.9,Carry,structure_forecast,0.9,1,1,monthly,base,late,2019-01,2026-08,1,1.242475197,0.0003730485307,92,0.06183214131,0.03996052488,0.8520787464,-0.09092810581,0.03368439226,-0.04651420384,-0.02110235462,0.6956521739,31,1.584023602
Carry__structure_forecast__q0.9,Carry,structure_forecast,0.9,1,1,monthly,past_exposure,all,2014-03,2026-08,0.6966427663,0.7132357411,0.0002363253719,150,0.03913679185,0.03106205017,0.6440499392,-0.06905447575,0.01959785966,-0.02518989805,-0.01740902155,0.64,26,1.615879691
Carry__structure_forecast__q0.9,Carry,structure_forecast,0.9,1,1,monthly,past_exposure,late,2019-01,2026-08,0.664871359,0.872366579,0.0002636310415,92,0.05248522801,0.02572301436,0.9731388524,-0.04614167437,0.02433802238,-0.0239139058,-0.01168090346,0.7173913043,26,1.480207963
Carry__structure_forecast__q0.9,Carry,structure_forecast,0.9,1,1,monthly,vol_control,all,2014-03,2026-08,0.9573317461,1.078959941,0.0003552636585,150,0.04658976566,0.03987118497,0.6865115981,-0.09005149705,0.02707970526,-0.04651420384,-0.0207571704,0.6266666667,31,1.76687589
Carry__structure_forecast__q0.9,Carry,structure_forecast,0.9,1,1,monthly,vol_control,late,2019-01,2026-08,0.9765103821,1.317710705,0.0004006563926,92,0.06032757948,0.03921151693,0.8303612852,-0.09005149705,0.03223037857,-0.04651420384,-0.02090161586,0.6956521739,31,1.566896976
Carry__structure_forecast__q0.9,Carry,structure_forecast,0.9,1,1,monthly,expost_exposure,all,2014-03,2026-08,0.7733333333,0.7647577298,0.0002510750414,150,0.04150979607,0.03330181759,0.6698544498,-0.06853648396,0.02195825502,-0.03566664204,-0.01828032507,0.64,27,1.662616128
Carry__structure_forecast__q0.9,Carry,structure_forecast,0.9,1,1,monthly,expost_exposure,late,2019-01,2026-08,0.7733333333,0.9579019334,0.0002892572605,92,0.05411926948,0.03111550138,0.8520535628,-0.06853648396,0.02604849695,-0.03566664204,-0.01584806518,0.7173913043,27,1.497918214
Carry__structure_forecast__half,Carry,structure_forecast,0.8,0.5,1,monthly,rule,all,2014-03,2026-08,0.8616666667,1.031223223,0.0003336282688,150,0.04197615368,0.03817091177,0.601510727,-0.08104648614,0.02258206036,-0.04664760141,-0.02374945049,0.6466666667,27,1.671946011
Carry__structure_forecast__half,Carry,structure_forecast,0.8,0.5,1,monthly,rule,late,2019-01,2026-08,0.9239130435,1.257996419,0.0003817642766,92,0.06037315738,0.03780929594,0.8623478704,-0.07983582214,0.03222034644,-0.04664760141,-0.02063842593,0.6956521739,27,1.56741342
Carry__structure_forecast__half,Carry,structure_forecast,0.8,0.5,1,monthly,base,all,2014-03,2026-08,1,0.9926498458,0.0003229904504,150,0.04783672633,0.04281131032,0.6698939129,-0.09092810581,0.02839597083,-0.04651420384,-0.02397731699,0.6266666667,31,1.79337125
Carry__structure_forecast__half,Carry,structure_forecast,0.8,0.5,1,monthly,base,late,2019-01,2026-08,1,1.242475197,0.0003730485307,92,0.06183214131,0.03996052488,0.8520787464,-0.09092810581,0.03368439226,-0.04651420384,-0.02110235462,0.6956521739,31,1.584023602
Carry__structure_forecast__half,Carry,structure_forecast,0.8,0.5,1,monthly,past_exposure,all,2014-03,2026-08,0.7965256612,0.8012856716,0.0002622858886,150,0.04215953564,0.03440986553,0.6684337615,-0.06785064222,0.02262085654,-0.03272158312,-0.01896495314,0.64,27,1.6756279
Carry__structure_forecast__half,Carry,structure_forecast,0.8,0.5,1,monthly,past_exposure,late,2019-01,2026-08,0.7936744579,1.011800685,0.0003047724893,92,0.05607192716,0.03112648414,0.9134131306,-0.06333023441,0.02790717265,-0.03272158312,-0.01524851365,0.7173913043,27,1.519323142
Carry__structure_forecast__half,Carry,structure_forecast,0.8,0.5,1,monthly,vol_control,all,2014-03,2026-08,0.9573317461,1.078959941,0.0003552636585,150,0.04658976566,0.03987118497,0.6865115981,-0.09005149705,0.02707970526,-0.04651420384,-0.0207571704,0.6266666667,31,1.76687589
Carry__structure_forecast__half,Carry,structure_forecast,0.8,0.5,1,monthly,vol_control,late,2019-01,2026-08,0.9765103821,1.317710705,0.0004006563926,92,0.06032757948,0.03921151693,0.8303612852,-0.09005149705,0.03223037857,-0.04651420384,-0.02090161586,0.6956521739,31,1.566896976
Carry__structure_forecast__half,Carry,structure_forecast,0.8,0.5,1,monthly,expost_exposure,all,2014-03,2026-08,0.8616666667,0.8532086698,0.0002791384735,150,0.04398256539,0.0370016624,0.6698713902,-0.07706094774,0.02446703317,-0.03989402459,-0.02050048287,0.6333333333,31,1.712637995
Carry__structure_forecast__half,Carry,structure_forecast,0.8,0.5,1,monthly,expost_exposure,late,2019-01,2026-08,0.8616666667,1.068445766,0.0003219018319,92,0.05712888628,0.03455537382,0.8520655242,-0.07706094774,0.02902425965,-0.03989402459,-0.01789563277,0.7065217391,31,1.531020038
Carry__structure_forecast__2cost,Carry,structure_forecast,0.8,1,2,monthly,rule,all,2014-03,2026-08,0.7233333333,1.07278176,0.0006844460562,150,0.03565954805,0.03671042224,0.4576144754,-0.09151326539,0.01642796993,-0.04717975845,-0.02382723244,0.7,85,1.549575238
Carry__structure_forecast__2cost,Carry,structure_forecast,0.8,1,2,monthly,rule,late,2019-01,2026-08,0.847826087,1.27205526,0.0007782518092,92,0.05844353206,0.03722280919,0.8256111821,-0.07508577609,0.03036852884,-0.04717975845,-0.02078058104,0.75,22,1.545677847
Carry__structure_forecast__2cost,Carry,structure_forecast,0.8,1,2,monthly,base,all,2014-03,2026-08,1,0.9926007806,0.0006459470133,150,0.04749929853,0.04281922537,0.6620862024,-0.0912148787,0.02807301427,-0.0466486436,-0.0240066627,0.6266666667,31,1.786165761
Carry__structure_forecast__2cost,Carry,structure_forecast,0.8,1,2,monthly,base,late,2019-01,2026-08,1,1.242445004,0.0007460490239,92,0.06143670606,0.03999319842,0.8418170166,-0.0912148787,0.03331139177,-0.0466486436,-0.02113785495,0.6956521739,31,1.579506616
Carry__structure_forecast__2cost,Carry,structure_forecast,0.8,1,2,monthly,past_exposure,all,2014-03,2026-08,0.599717989,0.6290909942,0.0004149647672,150,0.03738205075,0.02639237321,0.6923654899,-0.0546003023,0.01776926539,-0.02109970317,-0.01411083293,0.64,26,1.58210068
Carry__structure_forecast__2cost,Carry,structure_forecast,0.8,1,2,monthly,past_exposure,late,2019-01,2026-08,0.5873489158,0.7897208606,0.0004762741174,92,0.05000079931,0.02259610272,1.005241161,-0.03623370038,0.02189017536,-0.01898537382,-0.009745144094,0.7173913043,26,1.453629833
Carry__structure_forecast__2cost,Carry,structure_forecast,0.8,1,2,monthly,vol_control,all,2014-03,2026-08,0.9573317461,1.078915223,0.0007104995327,150,0.04621917991,0.03987675342,0.6773321317,-0.09034571122,0.02672446938,-0.0466486436,-0.02078436011,0.6266666667,31,1.759071405
Carry__structure_forecast__2cost,Carry,structure_forecast,0.8,1,2,monthly,vol_control,late,2019-01,2026-08,0.9765103821,1.317670266,0.0008012604236,92,0.05990361521,0.03924296773,0.8192353492,-0.09034571122,0.03182977454,-0.0466486436,-0.02093678015,0.6956521739,31,1.562100111
Carry__structure_forecast__2cost,Carry,structure_forecast,0.8,1,2,monthly,expost_exposure,all,2014-03,2026-08,0.7233333333,0.7148300879,0.0004702803698,150,0.03986224328,0.03121692765,0.6619869119,-0.06394724312,0.02030310163,-0.03337142304,-0.01704496932,0.64,27,1.630037588
Carry__structure_forecast__2cost,Carry,structure_forecast,0.8,1,2,monthly,expost_exposure,late,2019-01,2026-08,0.7233333333,0.8954764335,0.0005414888862,92,0.0521292365,0.02919587994,0.8417516391,-0.06394724312,0.02409339329,-0.03337142304,-0.01473784028,0.7173913043,27,1.476373864
Cohort__structure_forecast,Carry,structure_forecast,0.8,1,1,cohort,rule,all,2014-03,2026-08,0.65,0.5880435264,0.0002186008461,150,0.03897336061,0.03169299781,0.6301989201,-0.06366059562,0.01945859582,-0.02864037264,-0.01845886786,0.7066666667,75,1.612705824
Cohort__structure_forecast,Carry,structure_forecast,0.8,1,1,cohort,rule,late,2019-01,2026-08,0.7880434783,0.5973418103,0.0002218353917,92,0.06576253844,0.03117482604,1.192820844,-0.03233304857,0.03708463877,-0.01875755054,-0.01358034564,0.7608695652,9,1.629534109
Cohort__structure_forecast,Carry,structure_forecast,0.8,1,1,cohort,base,all,2014-03,2026-08,0.9633333333,0.5747393004,0.0002232567059,150,0.04163212516,0.04231268244,0.5368098245,-0.09920645941,0.02241260197,-0.03750296609,-0.023569714,0.6066666667,31,1.665058781
Cohort__structure_forecast,Carry,structure_forecast,0.8,1,1,cohort,base,late,2019-01,2026-08,1,0.6024922468,0.0002243969308,92,0.05935458759,0.03898248073,0.8117200816,-0.09920645941,0.03129634604,-0.03750296609,-0.01957810312,0.6847826087,31,1.55590722
Cohort__structure_forecast,Carry,structure_forecast,0.8,1,1,cohort,past_exposure,all,2014-03,2026-08,0.5224831786,0.3293103736,0.0001294549782,150,0.03352603581,0.02350663268,0.6167551951,-0.04673390832,0.01396296339,-0.01842480548,-0.01214481247,0.6466666667,25,1.51014194
Cohort__structure_forecast,Carry,structure_forecast,0.8,1,1,cohort,past_exposure,late,2019-01,2026-08,0.5178131967,0.3411645351,0.0001268224181,92,0.04642523455,0.01974475613,0.979041036,-0.03351886309,0.01840604616,-0.01325966438,-0.008063216475,0.75,25,1.416107528
Cohort__structure_forecast,Carry,structure_forecast,0.8,1,1,cohort,vol_control,all,2014-03,2026-08,0.9206650794,0.6547963387,0.0002536842485,150,0.04036324967,0.03930149924,0.5439831117,-0.09846422473,0.02106737464,-0.03750296609,-0.02022646478,0.6066666667,31,1.639881747
Cohort__structure_forecast,Carry,structure_forecast,0.8,1,1,cohort,vol_control,late,2019-01,2026-08,0.9765103821,0.6799338481,0.0002527362914,92,0.05776775263,0.03823446026,0.7864812114,-0.09846422473,0.02976192336,-0.03750296609,-0.01938681071,0.6847826087,31,1.53812799
Cohort__structure_forecast,Carry,structure_forecast,0.8,1,1,cohort,expost_exposure,all,2014-03,2026-08,0.65,0.3856858531,0.0001525189314,150,0.03457557929,0.02889510466,0.5367438882,-0.06494133358,0.01512081132,-0.02486803353,-0.01554598518,0.6333333333,28,1.529423594
Cohort__structure_forecast,Carry,structure_forecast,0.8,1,1,cohort,expost_exposure,late,2019-01,2026-08,0.6747404844,0.4038309356,0.0001525653596,92,0.04908850082,0.02663585637,0.8116776257,-0.06494133358,0.02111575602,-0.02486803353,-0.01237729157,0.7282608696,28,1.44397488
Carry__real_shift36,Carry,real_shift36,0.8,1,1,monthly,rule,all,2013-03,2026-08,0.6635802469,1.585486125,0.0005617897033,162,0.02880641184,0.02960878847,0.3768021753,-0.09092810581,0.01087609639,-0.04651420384,-0.01539124078,0.7037037037,34,1.467251088
Carry__real_shift36,Carry,real_shift36,0.8,1,1,monthly,rule,late,2019-01,2026-08,0.7336956522,1.660281018,0.0005305063352,92,0.04388143997,0.03226608845,0.5154795749,-0.09092810581,0.01628894161,-0.04651420384,-0.01874234025,0.7282608696,34,1.389928145
Carry__real_shift36,Carry,real_shift36,0.8,1,1,monthly,base,all,2013-03,2026-08,1,0.9708909816,0.0003175769546,162,0.0434589643,0.04224513392,0.6113110515,-0.09092810581,0.02550968162,-0.04651420384,-0.02317942217,0.6172839506,31,1.775896104
Carry__real_shift36,Carry,real_shift36,0.8,1,1,monthly,base,late,2019-01,2026-08,1,1.242475197,0.0003730485307,92,0.06183214131,0.03996052488,0.8520787464,-0.09092810581,0.03368439226,-0.04651420384,-0.02110235462,0.6956521739,31,1.584023602
Carry__real_shift36,Carry,real_shift36,0.8,1,1,monthly,past_exposure,all,2013-03,2026-08,0.6221528936,0.7023561149,0.0002353511014,162,0.03358101398,0.02619597488,0.607521958,-0.05635791412,0.01542265515,-0.02942358361,-0.01387373982,0.6358024691,27,1.561892221
Carry__real_shift36,Carry,real_shift36,0.8,1,1,monthly,past_exposure,late,2019-01,2026-08,0.6637598941,0.8291287181,0.0002513045736,92,0.05098966361,0.02691237692,0.8708746281,-0.05635791412,0.02294146308,-0.02942358361,-0.01332668059,0.7173913043,27,1.464158445
Carry__real_shift36,Carry,real_shift36,0.8,1,1,monthly,vol_control,all,2013-03,2026-08,0.9604923575,1.050807736,0.0003474595546,162,0.04230914417,0.0394818911,0.6234896516,-0.09005149705,0.0242909172,-0.04651420384,-0.02031706964,0.6172839506,31,1.749658923
Carry__real_shift36,Carry,real_shift36,0.8,1,1,monthly,vol_control,late,2019-01,2026-08,0.9765103821,1.317710705,0.0004006563926,92,0.06032757948,0.03921151693,0.8303612852,-0.09005149705,0.03223037857,-0.04651420384,-0.02090161586,0.6956521739,31,1.566896976
Carry__real_shift36,Carry,real_shift36,0.8,1,1,monthly,expost_exposure,all,2013-03,2026-08,0.6635802469,0.6412746209,0.0002126260089,162,0.03507046162,0.02837631785,0.6112429346,-0.05800678096,0.01692583261,-0.03041418457,-0.01503173015,0.6296296296,27,1.592552849
Carry__real_shift36,Carry,real_shift36,0.8,1,1,monthly,expost_exposure,late,2019-01,2026-08,0.6635802469,0.8210559106,0.0002486237592,92,0.05037323559,0.02686023348,0.8520368699,-0.05800678096,0.02235122121,-0.03041418457,-0.01335513897,0.7173913043,27,1.457587473
EJR_gate__real_shift36,EJR_gate,real_shift36,0.8,1,1,monthly,rule,all,2013-03,2026-08,0.1975308642,1.000664193,0.0003693948428,162,0.03144782885,0.0155829187,0.9125387844,-0.02152536494,0.01313034361,-0.01189629931,-0.004040692766,0.9444444444,3,1.51893116
EJR_gate__real_shift36,EJR_gate,real_shift36,0.8,1,1,monthly,rule,late,2019-01,2026-08,0.2880434783,1.363131546,0.0004494086152,92,0.046958933,0.01836964934,1.066628658,-0.02152536494,0.01889153447,-0.01189629931,-0.006303340206,0.9130434783,3,1.421654155
EJR_gate__real_shift36,EJR_gate,real_shift36,0.8,1,1,monthly,base,all,2013-03,2026-08,0.3580246914,1.055095091,0.0003929097562,162,0.04375908533,0.02927240042,0.8888726633,-0.06775993636,0.02533546416,-0.0289610415,-0.01445915609,0.9135802469,11,1.782804119
EJR_gate__real_shift36,EJR_gate,real_shift36,0.8,1,1,monthly,base,late,2019-01,2026-08,0.4130434783,1.53521852,0.0005512076279,92,0.06258813991,0.02504982207,1.385111479,-0.02152536494,0.03391540081,-0.01189629931,-0.006193817688,0.9239130435,3,1.59269051
EJR_gate__real_shift36,EJR_gate,real_shift36,0.8,1,1,monthly,past_exposure,all,2013-03,2026-08,0.1185641232,0.4756203321,0.0001721078871,162,0.02879416043,0.01139817251,1.117925772,-0.00651282835,0.0104921472,-0.003622834578,-0.0001067856431,0.962962963,3,1.467015226
EJR_gate__real_shift36,EJR_gate,real_shift36,0.8,1,1,monthly,past_exposure,late,2019-01,2026-08,0.200745934,0.7766845334,0.0002773310621,92,0.0456273034,0.01318189151,1.459979711,-0.00651282835,0.01753348007,-0.003622834578,-0.002006497852,0.9347826087,3,1.407849881
EJR_gate__real_shift36,EJR_gate,real_shift36,0.8,1,1,monthly,vol_control,all,2013-03,2026-08,0.3245250183,1.067962727,0.0003947653031,162,0.04249417496,0.02548625285,0.9747017001,-0.05069512825,0.02401538723,-0.02166123329,-0.01128285604,0.9135802469,11,1.753856673
EJR_gate__real_shift36,EJR_gate,real_shift36,0.8,1,1,monthly,vol_control,late,2019-01,2026-08,0.395967666,1.546559398,0.0005521666041,92,0.06127429327,0.02433283144,1.370911361,-0.02064279764,0.03265467581,-0.01116592941,-0.005927272993,0.9239130435,3,1.577654652
EJR_gate__real_shift36,EJR_gate,real_shift36,0.8,1,1,monthly,expost_exposure,all,2013-03,2026-08,0.1975308642,0.5817350957,0.0002181034487,162,0.03229724908,0.01687430344,0.8887900606,-0.0376276755,0.01397686147,-0.01593332087,-0.007920611932,0.9197530864,11,1.535905145
EJR_gate__real_shift36,EJR_gate,real_shift36,0.8,1,1,monthly,expost_exposure,late,2019-01,2026-08,0.227886057,0.8471211608,0.0003051570622,92,0.04683487723,0.01456673026,1.385033913,-0.01177273567,0.01871090276,-0.006517020557,-0.003274006421,0.9347826087,3,1.420363185
EJR_size__real_shift36,EJR_size,real_shift36,0.8,1,1,monthly,rule,all,2013-03,2026-08,0.6124260146,1.626641099,0.0005860658875,162,0.02969813984,0.02861809333,0.4189704548,-0.08834540297,0.01171587294,-0.04658703782,-0.0146506842,0.7222222222,34,1.484513087
EJR_size__real_shift36,EJR_size,real_shift36,0.8,1,1,monthly,rule,late,2019-01,2026-08,0.7025168204,1.846174693,0.0006003940199,92,0.04316572063,0.03153973029,0.5036388491,-0.08834540297,0.01557762585,-0.04658703782,-0.01749173735,0.7282608696,34,1.382638639
EJR_size__real_shift36,EJR_size,real_shift36,0.8,1,1,monthly,base,all,2013-03,2026-08,0.9399931493,1.151436112,0.0004000638413,162,0.04614443826,0.04115521884,0.6900087742,-0.08834540297,0.0280441638,-0.04658703782,-0.02264308229,0.6419753086,30,1.83860011
EJR_size__real_shift36,EJR_size,real_shift36,0.8,1,1,monthly,base,late,2019-01,2026-08,0.9596596109,1.537871788,0.0005118105395,92,0.06327776772,0.03906814533,0.9076637797,-0.08834540297,0.0350168508,-0.04658703782,-0.02072190302,0.7065217391,30,1.600632465
EJR_size__real_shift36,EJR_size,real_shift36,0.8,1,1,monthly,past_exposure,all,2013-03,2026-08,0.5388816732,0.7970195554,0.0002796940219,162,0.03541274669,0.02343507152,0.7584840569,-0.05157531507,0.01713008425,-0.02813492609,-0.01155374861,0.6728395062,26,1.59967717
EJR_size__real_shift36,EJR_size,real_shift36,0.8,1,1,monthly,past_exposure,late,2019-01,2026-08,0.6204539655,0.988679935,0.0003294647513,92,0.0514176183,0.02562275117,0.9335806723,-0.05157531507,0.02331670792,-0.02813492609,-0.01265422074,0.7282608696,26,1.468735473
EJR_size__real_shift36,EJR_size,real_shift36,0.8,1,1,monthly,vol_control,all,2013-03,2026-08,0.9005153356,1.232855792,0.0004311866953,162,0.04498603395,0.03832321025,0.7094568441,-0.08746630373,0.02682011212,-0.04658703782,-0.01962674601,0.6419753086,31,1.811304908
EJR_size__real_shift36,EJR_size,real_shift36,0.8,1,1,monthly,vol_control,late,2019-01,2026-08,0.9361705406,1.612640706,0.0005392330597,92,0.06177130054,0.03830616555,0.8867730505,-0.08746630373,0.03356298031,-0.04658703782,-0.02037504559,0.7065217391,31,1.583327898
EJR_size__real_shift36,EJR_size,real_shift36,0.8,1,1,monthly,expost_exposure,all,2013-03,2026-08,0.6124260146,0.7471597497,0.0002620795357,162,0.0364928376,0.02717554204,0.6899581936,-0.05446295468,0.01826995443,-0.029884425,-0.01439019616,0.6543209877,27,1.622352127
EJR_size__real_shift36,EJR_size,real_shift36,0.8,1,1,monthly,expost_exposure,late,2019-01,2026-08,0.6252391428,0.9990365799,0.0003343780302,92,0.05088462196,0.02583804992,0.9076312646,-0.05446295468,0.02281331883,-0.029884425,-0.01286333124,0.7282608696,27,1.46303691
Carry__real_shift36__q0.7,Carry,real_shift36,0.7,1,1,monthly,rule,all,2013-03,2026-08,0.524691358,1.589679158,0.0004912380054,162,0.02529224401,0.02797050973,0.2721368796,-0.09092810581,0.007400064872,-0.04651420384,-0.01552589569,0.7530864198,42,1.401017543
Carry__real_shift36__q0.7,Carry,real_shift36,0.7,1,1,monthly,rule,late,2019-01,2026-08,0.652173913,2.088103722,0.0006184441692,92,0.04105571677,0.03139342492,0.4394469325,-0.09092810581,0.01354152586,-0.04651420384,-0.01874234025,0.75,34,1.361341641
Carry__real_shift36__q0.7,Carry,real_shift36,0.7,1,1,monthly,base,all,2013-03,2026-08,1,0.9708909816,0.0003175769546,162,0.0434589643,0.04224513392,0.6113110515,-0.09092810581,0.02550968162,-0.04651420384,-0.02317942217,0.6172839506,31,1.775896104
Carry__real_shift36__q0.7,Carry,real_shift36,0.7,1,1,monthly,base,late,2019-01,2026-08,1,1.242475197,0.0003730485307,92,0.06183214131,0.03996052488,0.8520787464,-0.09092810581,0.03368439226,-0.04651420384,-0.02110235462,0.6956521739,31,1.584023602
Carry__real_shift36__q0.7,Carry,real_shift36,0.7,1,1,monthly,past_exposure,all,2013-03,2026-08,0.3873357009,0.5586258781,0.0001894495332,162,0.02790421191,0.01825027678,0.5733512845,-0.03921806965,0.009725771701,-0.02087812267,-0.008685342576,0.6790123457,43,1.449975673
Carry__real_shift36__q0.7,Carry,real_shift36,0.7,1,1,monthly,past_exposure,late,2019-01,2026-08,0.5119616065,0.65870999,0.0002002006142,92,0.04614082158,0.02090070718,0.9001939108,-0.03921806965,0.01815668457,-0.02087812267,-0.009650087817,0.7282608696,24,1.413159372
Carry__real_shift36__q0.7,Carry,real_shift36,0.7,1,1,monthly,vol_control,all,2013-03,2026-08,0.9604923575,1.050807736,0.0003474595546,162,0.04230914417,0.0394818911,0.6234896516,-0.09005149705,0.0242909172,-0.04651420384,-0.02031706964,0.6172839506,31,1.749658923
Carry__real_shift36__q0.7,Carry,real_shift36,0.7,1,1,monthly,vol_control,late,2019-01,2026-08,0.9765103821,1.317710705,0.0004006563926,92,0.06032757948,0.03921151693,0.8303612852,-0.09005149705,0.03223037857,-0.04651420384,-0.02090161586,0.6956521739,31,1.566896976
Carry__real_shift36__q0.7,Carry,real_shift36,0.7,1,1,monthly,expost_exposure,all,2013-03,2026-08,0.524691358,0.5065444201,0.0001688926423,162,0.03156705699,0.02271157003,0.611207322,-0.04456074469,0.01338244673,-0.02376730925,-0.01170836549,0.6419753086,27,1.521303173
Carry__real_shift36__q0.7,Carry,real_shift36,0.7,1,1,monthly,expost_exposure,late,2019-01,2026-08,0.524691358,0.6484513716,0.0001970351873,92,0.04562254234,0.02152312458,0.8520141226,-0.04456074469,0.01767260967,-0.02376730925,-0.01020264151,0.7391304348,27,1.407800735
Carry__real_shift36__q0.9,Carry,real_shift36,0.9,1,1,monthly,rule,all,2013-03,2026-08,0.8024691358,1.149939136,0.0003917062707,162,0.03261719625,0.03206420062,0.4655678307,-0.09092810581,0.01465795233,-0.04651420384,-0.01651650024,0.6543209877,34,1.542344066
Carry__real_shift36__q0.9,Carry,real_shift36,0.9,1,1,monthly,rule,late,2019-01,2026-08,0.8260869565,1.368092679,0.000429398037,92,0.04517268185,0.03339943997,0.5366880803,-0.09092810581,0.01756635872,-0.04651420384,-0.01882536997,0.6847826087,34,1.403163833
Carry__real_shift36__q0.9,Carry,real_shift36,0.9,1,1,monthly,base,all,2013-03,2026-08,1,0.9708909816,0.0003175769546,162,0.0434589643,0.04224513392,0.6113110515,-0.09092810581,0.02550968162,-0.04651420384,-0.02317942217,0.6172839506,31,1.775896104
Carry__real_shift36__q0.9,Carry,real_shift36,0.9,1,1,monthly,base,late,2019-01,2026-08,1,1.242475197,0.0003730485307,92,0.06183214131,0.03996052488,0.8520787464,-0.09092810581,0.03368439226,-0.04651420384,-0.02110235462,0.6956521739,31,1.584023602
Carry__real_shift36__q0.9,Carry,real_shift36,0.9,1,1,monthly,past_exposure,all,2013-03,2026-08,0.8061914566,0.8090010297,0.000268134245,162,0.03764665305,0.03424713858,0.5827709902,-0.07217286739,0.01960189206,-0.03739916364,-0.0191255862,0.6296296296,27,1.646903337
Carry__real_shift36__q0.9,Carry,real_shift36,0.9,1,1,monthly,past_exposure,late,2019-01,2026-08,0.8035849451,0.9847787776,0.0002981217374,92,0.05541745461,0.03253004935,0.8525046115,-0.07217286739,0.02732921803,-0.03739916364,-0.01673768934,0.7173913043,27,1.512119408
Carry__real_shift36__q0.9,Carry,real_shift36,0.9,1,1,monthly,vol_control,all,2013-03,2026-08,0.9604923575,1.050807736,0.0003474595546,162,0.04230914417,0.0394818911,0.6234896516,-0.09005149705,0.0242909172,-0.04651420384,-0.02031706964,0.6172839506,31,1.749658923
Carry__real_shift36__q0.9,Carry,real_shift36,0.9,1,1,monthly,vol_control,late,2019-01,2026-08,0.9765103821,1.317710705,0.0004006563926,92,0.06032757948,0.03921151693,0.8303612852,-0.09005149705,0.03223037857,-0.04651420384,-0.02090161586,0.6956521739,31,1.566896976
Carry__real_shift36__q0.9,Carry,real_shift36,0.9,1,1,monthly,expost_exposure,all,2013-03,2026-08,0.8024691358,0.7766538264,0.0002560962007,162,0.03855050409,0.03408513405,0.6112738876,-0.07131766965,0.02046948167,-0.0370610022,-0.01839546895,0.6296296296,27,1.666375538
Carry__real_shift36__q0.9,Carry,real_shift36,0.9,1,1,monthly,expost_exposure,late,2019-01,2026-08,0.8024691358,0.9943137429,0.000300027968,92,0.0551124925,0.03224886962,0.8520576952,-0.07131766965,0.02703001711,-0.0370610022,-0.01652343231,0.7173913043,27,1.508772869
Carry__real_shift36__half,Carry,real_shift36,0.8,0.5,1,monthly,rule,all,2013-03,2026-08,0.8317901235,1.265013085,0.0004359605447,162,0.03622451674,0.03334788839,0.5566362241,-0.09092810581,0.01819661179,-0.04651420384,-0.0169784769,0.6419753086,31,1.616691501
Carry__real_shift36__half,Carry,real_shift36,0.8,0.5,1,monthly,rule,late,2019-01,2026-08,0.8668478261,1.440232597,0.0004479436081,92,0.05289373872,0.03444068795,0.7376234887,-0.09092810581,0.02499050076,-0.04651420384,-0.01925258014,0.7282608696,31,1.48461837
Carry__real_shift36__half,Carry,real_shift36,0.8,0.5,1,monthly,base,all,2013-03,2026-08,1,0.9708909816,0.0003175769546,162,0.0434589643,0.04224513392,0.6113110515,-0.09092810581,0.02550968162,-0.04651420384,-0.02317942217,0.6172839506,31,1.775896104
Carry__real_shift36__half,Carry,real_shift36,0.8,0.5,1,monthly,base,late,2019-01,2026-08,1,1.242475197,0.0003730485307,92,0.06183214131,0.03996052488,0.8520787464,-0.09092810581,0.03368439226,-0.04651420384,-0.02110235462,0.6956521739,31,1.584023602
Carry__real_shift36__half,Carry,real_shift36,0.8,0.5,1,monthly,past_exposure,all,2013-03,2026-08,0.8079900271,0.8260473706,0.0002731652654,162,0.0383507652,0.03398421337,0.6079934528,-0.07329532099,0.02027314272,-0.03796884111,-0.01834076529,0.6296296296,27,1.662054186
Carry__real_shift36__half,Carry,real_shift36,0.8,0.5,1,monthly,past_exposure,late,2019-01,2026-08,0.831879947,1.034446985,0.0003119399204,92,0.05642166943,0.03340864821,0.8599731476,-0.07329532099,0.0283131643,-0.03796884111,-0.01715895208,0.7173913043,27,1.523184951
Carry__real_shift36__half,Carry,real_shift36,0.8,0.5,1,monthly,vol_control,all,2013-03,2026-08,0.9604923575,1.050807736,0.0003474595546,162,0.04230914417,0.0394818911,0.6234896516,-0.09005149705,0.0242909172,-0.04651420384,-0.02031706964,0.6172839506,31,1.749658923
Carry__real_shift36__half,Carry,real_shift36,0.8,0.5,1,monthly,vol_control,late,2019-01,2026-08,0.9765103821,1.317710705,0.0004006563926,92,0.06032757948,0.03921151693,0.8303612852,-0.09005149705,0.03223037857,-0.04651420384,-0.02090161586,0.6956521739,31,1.566896976
Carry__real_shift36__half,Carry,real_shift36,0.8,0.5,1,monthly,expost_exposure,all,2013-03,2026-08,0.8317901235,0.8053431997,0.0002652397299,162,0.03928216529,0.0352939501,0.6112800553,-0.07411058851,0.02121761887,-0.03846422147,-0.0191055905,0.6296296296,27,1.682294043
Carry__real_shift36__half,Carry,real_shift36,0.8,0.5,1,monthly,expost_exposure,late,2019-01,2026-08,0.8317901235,1.031009598,0.0003108636931,92,0.05611149984,0.03339071366,0.8520616611,-0.07411058851,0.02801777919,-0.03846422147,-0.0172030931,0.7173913043,27,1.519759671
Carry__real_shift36__2cost,Carry,real_shift36,0.8,1,2,monthly,rule,all,2013-03,2026-08,0.6635802469,1.585432709,0.001123529832,162,0.02822956822,0.02962256951,0.3571399718,-0.0912148787,0.01031435626,-0.0466486436,-0.01541684624,0.6975308642,34,1.456183797
Carry__real_shift36__2cost,Carry,real_shift36,0.8,1,2,monthly,rule,late,2019-01,2026-08,0.7336956522,1.660247987,0.001060982455,92,0.04332904031,0.03228780927,0.4982154742,-0.0912148787,0.01575846549,-0.0466486436,-0.01877903469,0.7282608696,34,1.384299094
Carry__real_shift36__2cost,Carry,real_shift36,0.8,1,2,monthly,base,all,2013-03,2026-08,1,0.9708292922,0.000635093548,162,0.04312836992,0.0422558945,0.603486292,-0.0912148787,0.02519216503,-0.0466486436,-0.02320689411,0.6172839506,31,1.768315364
Carry__real_shift36__2cost,Carry,real_shift36,0.8,1,2,monthly,base,late,2019-01,2026-08,1,1.242445004,0.0007460490239,92,0.06143670606,0.03999319842,0.8418170166,-0.0912148787,0.03331139177,-0.0466486436,-0.02113785495,0.6956521739,31,1.579506616
Carry__real_shift36__2cost,Carry,real_shift36,0.8,1,2,monthly,past_exposure,all,2013-03,2026-08,0.6221528936,0.7023658869,0.0004707166397,162,0.0333383145,0.02620033793,0.5980745913,-0.05653775075,0.01518728962,-0.02951166967,-0.01389034961,0.6358024691,27,1.556948295
Carry__real_shift36__2cost,Carry,real_shift36,0.8,1,2,monthly,past_exposure,late,2019-01,2026-08,0.6637598941,0.829118045,0.0005025934336,92,0.05072614592,0.02693122775,0.8605296197,-0.05653775075,0.02269017422,-0.02951166967,-0.0133506458,0.7173913043,27,1.461346266
Carry__real_shift36__2cost,Carry,real_shift36,0.8,1,2,monthly,vol_control,all,2013-03,2026-08,0.9604923575,1.050750072,0.0006948643993,162,0.04194796737,0.03949041881,0.6143655799,-0.09034571122,0.02394351235,-0.0466486436,-0.02034262515,0.6172839506,31,1.74149178
Carry__real_shift36__2cost,Carry,real_shift36,0.8,1,2,monthly,vol_control,late,2019-01,2026-08,0.9765103821,1.317670266,0.0008012604236,92,0.05990361521,0.03924296773,0.8192353492,-0.09034571122,0.03182977454,-0.0466486436,-0.02093678015,0.6956521739,31,1.562100111
Carry__real_shift36__2cost,Carry,real_shift36,0.8,1,2,monthly,expost_exposure,all,2013-03,2026-08,0.6635802469,0.6412511522,0.000425227405,162,0.03485087818,0.02838216039,0.6033495263,-0.05818963538,0.01671323122,-0.03050388368,-0.01505013469,0.6296296296,27,1.587997921
Carry__real_shift36__2cost,Carry,real_shift36,0.8,1,2,monthly,expost_exposure,late,2019-01,2026-08,0.6635802469,0.8210459312,0.0004972280867,92,0.05011264396,0.02687992217,0.8417327625,-0.05818963538,0.02210261689,-0.03050388368,-0.01337936034,0.7173913043,27,1.454817351
Cohort__real_shift36,Carry,real_shift36,0.8,1,1,cohort,rule,all,2013-03,2026-08,0.5018004115,0.7706741952,0.0002899373926,162,0.02215334164,0.02614085859,0.1679347771,-0.09920645941,0.004277614488,-0.03750296609,-0.0139794316,0.7160493827,38,1.344208733
Cohort__real_shift36,Carry,real_shift36,0.8,1,1,cohort,rule,late,2019-01,2026-08,0.6399456522,0.8040284648,0.0002959322232,92,0.03587880206,0.02949751242,0.2921900949,-0.09920645941,0.00848152178,-0.03750296609,-0.01643929478,0.7065217391,38,1.310293495
Cohort__real_shift36,Carry,real_shift36,0.8,1,1,cohort,base,all,2013-03,2026-08,0.9657921811,0.5804691591,0.0002234385566,162,0.0398498476,0.04131534457,0.5397566677,-0.09920645941,0.02199293225,-0.03750296609,-0.02249004606,0.5925925926,31,1.69474179
Cohort__real_shift36,Carry,real_shift36,0.8,1,1,cohort,base,late,2019-01,2026-08,1,0.6024922468,0.0002243969308,92,0.05935458759,0.03898248073,0.8117200816,-0.09920645941,0.03129634604,-0.03750296609,-0.01957810312,0.6847826087,31,1.55590722
Cohort__real_shift36,Carry,real_shift36,0.8,1,1,cohort,past_exposure,all,2013-03,2026-08,0.4099983293,0.3132447867,0.0001233573923,162,0.02864975959,0.01820418003,0.6136705663,-0.0436710157,0.0104514602,-0.01668929918,-0.007599144644,0.6666666667,25,1.464237889
Cohort__real_shift36,Carry,real_shift36,0.8,1,1,cohort,past_exposure,late,2019-01,2026-08,0.5242360692,0.3249342787,0.0001228470637,92,0.04540550648,0.02089094408,0.8648410721,-0.0436710157,0.01745044173,-0.01668929918,-0.008870721164,0.7391304348,25,1.405561994
Cohort__real_shift36,Carry,real_shift36,0.8,1,1,cohort,vol_control,all,2013-03,2026-08,0.9262845385,0.6545960465,0.0002516122071,162,0.03867692023,0.03845988232,0.5476984206,-0.09846422473,0.02074735138,-0.03750296609,-0.01947486558,0.5925925926,31,1.669115926
Cohort__real_shift36,Carry,real_shift36,0.8,1,1,cohort,vol_control,late,2019-01,2026-08,0.9765103821,0.6799338481,0.0002527362914,92,0.05776775263,0.03823446026,0.7864812114,-0.09846422473,0.02976192336,-0.03750296609,-0.01938681071,0.6847826087,31,1.53812799
Cohort__real_shift36,Carry,real_shift36,0.8,1,1,cohort,expost_exposure,all,2013-03,2026-08,0.5018004115,0.3001294665,0.0001185224961,162,0.02956962095,0.02205242202,0.5396437602,-0.04867592409,0.01142452396,-0.01884039432,-0.01113285232,0.6296296296,28,1.482013685
Cohort__real_shift36,Carry,real_shift36,0.8,1,1,cohort,expost_exposure,late,2019-01,2026-08,0.5195739015,0.3103943417,0.0001180508728,92,0.04416667236,0.02082767039,0.8116490503,-0.04867592409,0.01625930453,-0.01884039432,-0.00894215349,0.75,28,1.392842498
Carry__real_shift60,Carry,real_shift60,0.8,1,1,monthly,rule,all,2014-04,2026-08,0.9261744966,1.167620595,0.0003872258432,149,0.0453191808,0.04206368341,0.6191109302,-0.09092810581,0.02582887367,-0.04651420384,-0.02397731699,0.644295302,31,1.733833606
Carry__real_shift60,Carry,real_shift60,0.8,1,1,monthly,rule,late,2019-01,2026-08,0.8804347826,1.517266542,0.0004745155613,92,0.05912779267,0.03863158791,0.8100171026,-0.09092810581,0.03107086679,-0.04651420384,-0.02111680953,0.7282608696,31,1.553355269
Carry__real_shift60,Carry,real_shift60,0.8,1,1,monthly,base,all,2014-04,2026-08,1,0.9979507713,0.0003245750591,149,0.04696640564,0.04286302137,0.6471397408,-0.09092810581,0.0274425941,-0.04651420384,-0.02397731699,0.6241610738,31,1.768065173
Carry__real_shift60,Carry,real_shift60,0.8,1,1,monthly,base,late,2019-01,2026-08,1,1.242475197,0.0003730485307,92,0.06183214131,0.03996052488,0.8520787464,-0.09092810581,0.03368439226,-0.04651420384,-0.02110235462,0.6956521739,31,1.584023602
Carry__real_shift60,Carry,real_shift60,0.8,1,1,monthly,past_exposure,all,2014-04,2026-08,0.9773374883,0.9676535008,0.0003155350338,149,0.04610194888,0.04258380443,0.6312032898,-0.09092810581,0.02660161794,-0.04651420384,-0.0239293147,0.6241610738,31,1.750023869
Carry__real_shift60,Carry,real_shift60,0.8,1,1,monthly,past_exposure,late,2019-01,2026-08,0.9741661495,1.194220788,0.0003588718986,92,0.06073030949,0.03949443732,0.8345376107,-0.09092810581,0.03262275862,-0.04651420384,-0.02102555096,0.6956521739,31,1.571465447
Carry__real_shift60,Carry,real_shift60,0.8,1,1,monthly,vol_control,all,2014-04,2026-08,0.957045382,1.084840129,0.0003570648659,149,0.04571212379,0.03990379908,0.6621990092,-0.09005149705,0.02611749452,-0.04651420384,-0.0207571704,0.6241610738,31,1.741943687
Carry__real_shift60,Carry,real_shift60,0.8,1,1,monthly,vol_control,late,2019-01,2026-08,0.9765103821,1.317710705,0.0004006563926,92,0.06032757948,0.03921151693,0.8303612852,-0.09005149705,0.03223037857,-0.04651420384,-0.02090161586,0.6956521739,31,1.566896976
Carry__real_shift60,Carry,real_shift60,0.8,1,1,monthly,expost_exposure,all,2014-04,2026-08,0.9261744966,0.9230363486,0.0003010599159,149,0.04498737892,0.03975922883,0.6471285666,-0.08354615174,0.025416184,-0.04298116692,-0.02212180846,0.6241610738,31,1.727012487
Carry__real_shift60,Carry,real_shift60,0.8,1,1,monthly,expost_exposure,late,2019-01,2026-08,0.9261744966,1.149471066,0.0003457423605,92,0.05932364575,0.03707358873,0.8520727094,-0.08354615174,0.03119739073,-0.04298116692,-0.01939095089,0.6956521739,31,1.55555884
EJR_gate__real_shift60,EJR_gate,real_shift60,0.8,1,1,monthly,rule,all,2014-04,2026-08,0.3389261745,1.125104368,0.0004519567541,149,0.04507546894,0.02923166933,0.8736369282,-0.06775993636,0.02513861051,-0.0289610415,-0.01584417632,0.9127516779,11,1.728821015
EJR_gate__real_shift60,EJR_gate,real_shift60,0.8,1,1,monthly,rule,late,2019-01,2026-08,0.3315217391,1.499513586,0.0005913182352,92,0.05852191197,0.02308556301,1.315294157,-0.02152536494,0.03001657224,-0.01189629931,-0.00611901165,0.9347826087,3,1.546555595
EJR_gate__real_shift60,EJR_gate,real_shift60,0.8,1,1,monthly,base,all,2014-04,2026-08,0.389261745,1.147150367,0.0004271904732,149,0.04755244849,0.03029930151,0.9292766299,-0.06775993636,0.0275459409,-0.0289610415,-0.01584417632,0.9060402685,11,1.780393044
EJR_gate__real_shift60,EJR_gate,real_shift60,0.8,1,1,monthly,base,late,2019-01,2026-08,0.4130434783,1.53521852,0.0005512076279,92,0.06258813991,0.02504982207,1.385111479,-0.02152536494,0.03391540081,-0.01189629931,-0.006193817688,0.9239130435,3,1.59269051
EJR_gate__real_shift60,EJR_gate,real_shift60,0.8,1,1,monthly,past_exposure,all,2014-04,2026-08,0.3687883154,1.092959735,0.0004076914637,149,0.04769713348,0.02956165474,0.9535081579,-0.05439820681,0.02766271627,-0.02936739655,-0.01449947513,0.9127516779,8,1.783448747
EJR_gate__real_shift60,EJR_gate,real_shift60,0.8,1,1,monthly,past_exposure,late,2019-01,2026-08,0.3907549891,1.451699543,0.0005220629387,92,0.06084040432,0.0244724764,1.345139923,-0.02152536494,0.03224704211,-0.01189629931,-0.006105947906,0.9239130435,3,1.57271635
EJR_gate__real_shift60,EJR_gate,real_shift60,0.8,1,1,monthly,vol_control,all,2014-04,2026-08,0.3528392816,1.161140683,0.0004292079134,149,0.04617225162,0.02633216071,1.019607248,-0.05069512825,0.02611068947,-0.02166123329,-0.01240987685,0.9060402685,11,1.751484747
EJR_gate__real_shift60,EJR_gate,real_shift60,0.8,1,1,monthly,vol_control,late,2019-01,2026-08,0.395967666,1.546559398,0.0005521666041,92,0.06127429327,0.02433283144,1.370911361,-0.02064279764,0.03265467581,-0.01116592941,-0.005927272993,0.9239130435,3,1.577654652
EJR_gate__real_shift60,EJR_gate,real_shift60,0.8,1,1,monthly,expost_exposure,all,2014-04,2026-08,0.3389261745,0.9984731749,0.0003725583547,149,0.04395047675,0.02653621532,0.9292533335,-0.05913139134,0.02398335775,-0.02520329582,-0.01378209474,0.9060402685,11,1.705854769
EJR_gate__real_shift60,EJR_gate,real_shift60,0.8,1,1,monthly,expost_exposure,late,2019-01,2026-08,0.3596326837,1.33665942,0.0004803853796,92,0.05803404149,0.02197649279,1.38509016,-0.01871821423,0.02952933403,-0.01034462008,-0.005300210951,0.9239130435,3,1.541099151
EJR_size__real_shift60,EJR_size,real_shift60,0.8,1,1,monthly,rule,all,2014-04,2026-08,0.9001778277,1.348634643,0.0004733640812,149,0.04624586347,0.04154278931,0.6487514319,-0.08834540297,0.02669664361,-0.04658703782,-0.02398642124,0.6510067114,30,1.753015589
EJR_size__real_shift60,EJR_size,real_shift60,0.8,1,1,monthly,rule,late,2019-01,2026-08,0.8400943935,1.794626844,0.0006096710024,92,0.06057358886,0.03771440233,0.8669123776,-0.08834540297,0.0324069319,-0.04658703782,-0.02100254339,0.7391304348,30,1.569686271
EJR_size__real_shift60,EJR_size,real_shift60,0.8,1,1,monthly,base,all,2014-04,2026-08,0.9740033311,1.19010132,0.0004129401712,149,0.04789219885,0.04234976213,0.6765047948,-0.08834540297,0.02830813717,-0.04658703782,-0.02398642124,0.6308724832,30,1.7875761
EJR_size__real_shift60,EJR_size,real_shift60,0.8,1,1,monthly,base,late,2019-01,2026-08,0.9596596109,1.537871788,0.0005118105395,92,0.06327776772,0.03906814533,0.9076637797,-0.08834540297,0.0350168508,-0.04658703782,-0.02072190302,0.7065217391,30,1.600632465
EJR_size__real_shift60,EJR_size,real_shift60,0.8,1,1,monthly,past_exposure,all,2014-04,2026-08,0.951769302,1.155962253,0.0004017613587,149,0.04697735386,0.04208782781,0.6590904019,-0.08834540297,0.02742038892,-0.04658703782,-0.02393755147,0.6308724832,30,1.768294756
EJR_size__real_shift60,EJR_size,real_shift60,0.8,1,1,monthly,past_exposure,late,2019-01,2026-08,0.934519716,1.483395338,0.0004941700021,92,0.06209290528,0.03863082399,0.8875741595,-0.08834540297,0.03387946671,-0.04658703782,-0.02064371139,0.7065217391,30,1.587008403
EJR_size__real_shift60,EJR_size,real_shift60,0.8,1,1,monthly,vol_control,all,2014-04,2026-08,0.9310811443,1.278624731,0.000446778442,149,0.04663068251,0.03935760592,0.6945366029,-0.08746630373,0.02697728904,-0.04658703782,-0.02064267212,0.6308724832,31,1.761038383
EJR_size__real_shift60,EJR_size,real_shift60,0.8,1,1,monthly,vol_control,late,2019-01,2026-08,0.9361705406,1.612640706,0.0005392330597,92,0.06177130054,0.03830616555,0.8867730505,-0.08746630373,0.03356298031,-0.04658703782,-0.02037504559,0.7065217391,31,1.583327898
EJR_size__real_shift60,EJR_size,real_shift60,0.8,1,1,monthly,expost_exposure,all,2014-04,2026-08,0.9001778277,1.098770417,0.0003820619556,149,0.04578685648,0.03920598635,0.6764945372,-0.08094940638,0.02616207417,-0.04295416116,-0.02208069552,0.6375838926,30,1.743490062
EJR_size__real_shift60,EJR_size,real_shift60,0.8,1,1,monthly,expost_exposure,late,2019-01,2026-08,0.8869213034,1.420327619,0.0004732846358,92,0.06058689741,0.03617709778,0.9076572231,-0.08094940638,0.03236244823,-0.04295416116,-0.01901262501,0.7173913043,30,1.569837289
Carry__real_shift60__q0.7,Carry,real_shift60,0.7,1,1,monthly,rule,all,2014-04,2026-08,0.7852348993,1.447678869,0.0004977937214,149,0.03592827495,0.03852576589,0.4368038941,-0.09092810581,0.01663408739,-0.04651420384,-0.02286986603,0.6577181208,36,1.550042527
Carry__real_shift60__q0.7,Carry,real_shift60,0.7,1,1,monthly,rule,late,2019-01,2026-08,0.6902173913,1.588317375,0.0005780958104,92,0.0458339483,0.03278051855,0.565166875,-0.09092810581,0.01818111554,-0.04651420384,-0.01919343977,0.75,36,1.409984384
Carry__real_shift60__q0.7,Carry,real_shift60,0.7,1,1,monthly,base,all,2014-04,2026-08,1,0.9979507713,0.0003245750591,149,0.04696640564,0.04286302137,0.6471397408,-0.09092810581,0.0274425941,-0.04651420384,-0.02397731699,0.6241610738,31,1.768065173
Carry__real_shift60__q0.7,Carry,real_shift60,0.7,1,1,monthly,base,late,2019-01,2026-08,1,1.242475197,0.0003730485307,92,0.06183214131,0.03996052488,0.8520787464,-0.09092810581,0.03368439226,-0.04651420384,-0.02110235462,0.6956521739,31,1.584023602
Carry__real_shift60__q0.7,Carry,real_shift60,0.7,1,1,monthly,past_exposure,all,2014-04,2026-08,0.8739488176,0.8418807594,0.0002779438519,149,0.04259989371,0.03922842562,0.5955755207,-0.08601826304,0.02309989659,-0.04415519626,-0.02196122386,0.6375838926,31,1.678653837
Carry__real_shift60__q0.7,Carry,real_shift60,0.7,1,1,monthly,past_exposure,late,2019-01,2026-08,0.8771238688,1.039336451,0.0003153061938,92,0.05705920799,0.0364925138,0.8032286568,-0.08601826304,0.02902652363,-0.04415519626,-0.01948928962,0.7173913043,31,1.530246536
Carry__real_shift60__q0.7,Carry,real_shift60,0.7,1,1,monthly,vol_control,all,2014-04,2026-08,0.957045382,1.084840129,0.0003570648659,149,0.04571212379,0.03990379908,0.6621990092,-0.09005149705,0.02611749452,-0.04651420384,-0.0207571704,0.6241610738,31,1.741943687
Carry__real_shift60__q0.7,Carry,real_shift60,0.7,1,1,monthly,vol_control,late,2019-01,2026-08,0.9765103821,1.317710705,0.0004006563926,92,0.06032757948,0.03921151693,0.8303612852,-0.09005149705,0.03223037857,-0.04651420384,-0.02090161586,0.6956521739,31,1.566896976
Carry__real_shift60__q0.7,Carry,real_shift60,0.7,1,1,monthly,expost_exposure,all,2014-04,2026-08,0.7852348993,0.7808768273,0.0002560911714,149,0.04119078415,0.03384756401,0.6471031043,-0.06967327319,0.0215476591,-0.03623621898,-0.01857945787,0.6375838926,27,1.65069974
Carry__real_shift60__q0.7,Carry,real_shift60,0.7,1,1,monthly,expost_exposure,late,2019-01,2026-08,0.7852348993,0.9727717732,0.0002936578402,92,0.05452504966,0.03157830542,0.8520552593,-0.06967327319,0.02644943325,-0.03623621898,-0.01612394304,0.7173913043,27,1.502344639
Carry__real_shift60__q0.9,Carry,real_shift60,0.9,1,1,monthly,rule,all,2014-04,2026-08,0.9832214765,1.110218868,0.0003468217292,149,0.04691231833,0.04283978915,0.646682124,-0.09092810581,0.02738973271,-0.04651420384,-0.02397731699,0.6308724832,31,1.76693137
Carry__real_shift60__q0.9,Carry,real_shift60,0.9,1,1,monthly,rule,late,2019-01,2026-08,0.972826087,1.424300702,0.0004090784636,92,0.06174330101,0.03992252029,0.851834443,-0.09092810581,0.03359877981,-0.04651420384,-0.02110235462,0.7065217391,31,1.583007818
Carry__real_shift60__q0.9,Carry,real_shift60,0.9,1,1,monthly,base,all,2014-04,2026-08,1,0.9979507713,0.0003245750591,149,0.04696640564,0.04286302137,0.6471397408,-0.09092810581,0.0274425941,-0.04651420384,-0.02397731699,0.6241610738,31,1.768065173
Carry__real_shift60__q0.9,Carry,real_shift60,0.9,1,1,monthly,base,late,2019-01,2026-08,1,1.242475197,0.0003730485307,92,0.06183214131,0.03996052488,0.8520787464,-0.09092810581,0.03368439226,-0.04651420384,-0.02110235462,0.6956521739,31,1.584023602
Carry__real_shift60__q0.9,Carry,real_shift60,0.9,1,1,monthly,past_exposure,all,2014-04,2026-08,0.990035066,0.9911056298,0.0003221946839,149,0.04661585957,0.04280232156,0.6400831005,-0.09092810581,0.02710385437,-0.04651420384,-0.02395331583,0.6241610738,31,1.760728727
Carry__real_shift60__q0.9,Carry,real_shift60,0.9,1,1,monthly,past_exposure,late,2019-01,2026-08,0.9947307048,1.23220304,0.0003696576363,92,0.06157438858,0.0398527371,0.847987979,-0.09092810581,0.03343616328,-0.04651420384,-0.02106395276,0.6956521739,31,1.581078066
Carry__real_shift60__q0.9,Carry,real_shift60,0.9,1,1,monthly,vol_control,all,2014-04,2026-08,0.957045382,1.084840129,0.0003570648659,149,0.04571212379,0.03990379908,0.6621990092,-0.09005149705,0.02611749452,-0.04651420384,-0.0207571704,0.6241610738,31,1.741943687
Carry__real_shift60__q0.9,Carry,real_shift60,0.9,1,1,monthly,vol_control,late,2019-01,2026-08,0.9765103821,1.317710705,0.0004006563926,92,0.06032757948,0.03921151693,0.8303612852,-0.09005149705,0.03223037857,-0.04651420384,-0.02090161586,0.6956521739,31,1.566896976
Carry__real_shift60__q0.9,Carry,real_shift60,0.9,1,1,monthly,expost_exposure,all,2014-04,2026-08,0.9832214765,0.9809022217,0.0003192353287,149,0.04651721189,0.04215726551,0.6471372368,-0.08925416338,0.02698204173,-0.04571124278,-0.02355561101,0.6241610738,31,1.758669219
Carry__real_shift60__q0.9,Carry,real_shift60,0.9,1,1,monthly,expost_exposure,late,2019-01,2026-08,0.9832214765,1.221319947,0.0003668458079,92,0.06126233307,0.03930399407,0.8520773754,-0.08925416338,0.03311916142,-0.04571124278,-0.02071339717,0.6956521739,31,1.577518347
Carry__real_shift60__half,Carry,real_shift60,0.8,0.5,1,monthly,rule,all,2014-04,2026-08,0.9630872483,1.073814374,0.0003536825192,149,0.04615555502,0.04221443397,0.637107747,-0.09092810581,0.02663795181,-0.04651420384,-0.02397731699,0.6308724832,31,1.751137693
Carry__real_shift60__half,Carry,real_shift60,0.8,0.5,1,monthly,rule,late,2019-01,2026-08,0.9402173913,1.36534125,0.0004201899605,92,0.0605005891,0.03886036722,0.840980234,-0.09092810581,0.03238122161,-0.04651420384,-0.02110235462,0.7065217391,31,1.568858138
Carry__real_shift60__half,Carry,real_shift60,0.8,0.5,1,monthly,base,all,2014-04,2026-08,1,0.9979507713,0.0003245750591,149,0.04696640564,0.04286302137,0.6471397408,-0.09092810581,0.0274425941,-0.04651420384,-0.02397731699,0.6241610738,31,1.768065173
Carry__real_shift60__half,Carry,real_shift60,0.8,0.5,1,monthly,base,late,2019-01,2026-08,1,1.242475197,0.0003730485307,92,0.06183214131,0.03996052488,0.8520787464,-0.09092810581,0.03368439226,-0.04651420384,-0.02110235462,0.6956521739,31,1.584023602
Carry__real_shift60__half,Carry,real_shift60,0.8,0.5,1,monthly,past_exposure,all,2014-04,2026-08,0.9853130394,0.9824896321,0.0003198995864,149,0.04643740348,0.04272433044,0.6370397915,-0.09092810581,0.02692938273,-0.04651420384,-0.02395331583,0.6241610738,31,1.757004648
Carry__real_shift60__half,Carry,real_shift60,0.8,0.5,1,monthly,past_exposure,late,2019-01,2026-08,0.9870830748,1.21824887,0.0003659405761,92,0.06128125202,0.03972483389,0.8434168441,-0.09092810581,0.03315359508,-0.04651420384,-0.02106395276,0.6956521739,31,1.577733962
Carry__real_shift60__half,Carry,real_shift60,0.8,0.5,1,monthly,vol_control,all,2014-04,2026-08,0.957045382,1.084840129,0.0003570648659,149,0.04571212379,0.03990379908,0.6621990092,-0.09005149705,0.02611749452,-0.04651420384,-0.0207571704,0.6241610738,31,1.741943687
Carry__real_shift60__half,Carry,real_shift60,0.8,0.5,1,monthly,vol_control,late,2019-01,2026-08,0.9765103821,1.317710705,0.0004006563926,92,0.06032757948,0.03921151693,0.8303612852,-0.09005149705,0.03223037857,-0.04651420384,-0.02090161586,0.6956521739,31,1.566896976
Carry__real_shift60__half,Carry,real_shift60,0.8,0.5,1,monthly,expost_exposure,all,2014-04,2026-08,0.9630872483,0.9604634576,0.0003128246626,149,0.04597772394,0.0413106188,0.6471341922,-0.08724250374,0.02642938187,-0.04474768805,-0.02304956345,0.6241610738,31,1.747445237
Carry__real_shift60__half,Carry,real_shift60,0.8,0.5,1,monthly,expost_exposure,late,2019-01,2026-08,0.9630872483,1.195947606,0.0003594000424,92,0.06057832623,0.03851646274,0.8520757293,-0.08724250374,0.0324408869,-0.04474768805,-0.02024664983,0.6956521739,31,1.569740027
Carry__real_shift60__2cost,Carry,real_shift60,0.8,1,2,monthly,rule,all,2014-04,2026-08,0.9261744966,1.167608509,0.0007744148467,149,0.0449154233,0.04207645491,0.6095301722,-0.0912148787,0.02544168467,-0.0466486436,-0.0240066627,0.644295302,31,1.725536497
Carry__real_shift60__2cost,Carry,real_shift60,0.8,1,2,monthly,rule,late,2019-01,2026-08,0.8804347826,1.517220487,0.0009489484392,92,0.05862658514,0.03866098899,0.796816444,-0.0912148787,0.03059643392,-0.0466486436,-0.02117865111,0.7282608696,31,1.547728467
Carry__real_shift60__2cost,Carry,real_shift60,0.8,1,2,monthly,base,all,2014-04,2026-08,1,0.9979484792,0.0006491346708,149,0.04662719017,0.04287942847,0.6391749459,-0.0912148787,0.02711803448,-0.0466486436,-0.0240066627,0.6241610738,31,1.760965422
Carry__real_shift60__2cost,Carry,real_shift60,0.8,1,2,monthly,base,late,2019-01,2026-08,1,1.242445004,0.0007460490239,92,0.06143670606,0.03999319842,0.8418170166,-0.0912148787,0.03331139177,-0.0466486436,-0.02113785495,0.6956521739,31,1.579506616
Carry__real_shift60__2cost,Carry,real_shift60,0.8,1,2,monthly,past_exposure,all,2014-04,2026-08,0.9773374883,0.9676276229,0.0006310457916,149,0.04577271637,0.04259351294,0.6235170535,-0.0912148787,0.02628610718,-0.0466486436,-0.02395861574,0.6241610738,31,1.743197377
Carry__real_shift60__2cost,Carry,real_shift60,0.8,1,2,monthly,past_exposure,late,2019-01,2026-08,0.9741661495,1.194204264,0.0007177025931,92,0.06035025532,0.03952623239,0.8245672238,-0.0912148787,0.03226392793,-0.0466486436,-0.02106097983,0.6956521739,31,1.567153898
Carry__real_shift60__2cost,Carry,real_shift60,0.8,1,2,monthly,vol_control,all,2014-04,2026-08,0.957045382,1.084842213,0.0007141204286,149,0.04533955836,0.03991841353,0.6528276641,-0.09034571122,0.02576043896,-0.0466486436,-0.02078436011,0.6241610738,31,1.73425333
Carry__real_shift60__2cost,Carry,real_shift60,0.8,1,2,monthly,vol_control,late,2019-01,2026-08,0.9765103821,1.317670266,0.0008012604236,92,0.05990361521,0.03924296773,0.8192353492,-0.09034571122,0.03182977454,-0.0466486436,-0.02093678015,0.6956521739,31,1.562100111
Carry__real_shift60__2cost,Carry,real_shift60,0.8,1,2,monthly,expost_exposure,all,2014-04,2026-08,0.9261744966,0.9230346621,0.0006021068245,149,0.0446733463,0.03977411964,0.639152559,-0.08381459557,0.02511513709,-0.04310581463,-0.02214902559,0.6241610738,31,1.720579401
Carry__real_shift60__2cost,Carry,real_shift60,0.8,1,2,monthly,expost_exposure,late,2019-01,2026-08,0.9261744966,1.149444654,0.0006914431459,92,0.0589580576,0.0371033971,0.841804839,-0.08381459557,0.03085168994,-0.04310581463,-0.01942368524,0.6956521739,31,1.551447751
Cohort__real_shift60,Carry,real_shift60,0.8,1,1,cohort,rule,all,2014-04,2026-08,0.8201901566,0.6731370585,0.0002697534012,149,0.038740742,0.04116602889,0.4772321534,-0.09920645941,0.0194552657,-0.03750296609,-0.02326890866,0.6174496644,31,1.60311242
Cohort__real_shift60,Carry,real_shift60,0.8,1,1,cohort,rule,late,2019-01,2026-08,0.7685688406,0.7645963819,0.000299313788,92,0.0545447639,0.03688844732,0.7263798687,-0.09920645941,0.02664669987,-0.03750296609,-0.01854299919,0.7065217391,31,1.502559979
Cohort__real_shift60,Carry,real_shift60,0.8,1,1,cohort,base,all,2014-04,2026-08,0.9630872483,0.5730459147,0.0002234960129,149,0.04166351177,0.04242615367,0.5333318225,-0.09920645941,0.02232618816,-0.03750296609,-0.02357236637,0.6040268456,31,1.660029697
Cohort__real_shift60,Carry,real_shift60,0.8,1,1,cohort,base,late,2019-01,2026-08,1,0.6024922468,0.0002243969308,92,0.05935458759,0.03898248073,0.8117200816,-0.09920645941,0.03129634604,-0.03750296609,-0.01957810312,0.6847826087,31,1.55590722
Cohort__real_shift60,Carry,real_shift60,0.8,1,1,cohort,past_exposure,all,2014-04,2026-08,0.935892455,0.5469961697,0.0002143900201,149,0.04058206589,0.04197932943,0.5130577242,-0.09920645941,0.02126526537,-0.03750296609,-0.02338746212,0.610738255,31,1.638756827
Cohort__real_shift60,Carry,real_shift60,0.8,1,1,cohort,past_exposure,late,2019-01,2026-08,0.9568620557,0.5602167323,0.0002096022511,92,0.05760049373,0.03824707751,0.7820479579,-0.09920645941,0.02960322985,-0.03750296609,-0.01916053294,0.6956521739,31,1.53626432
Cohort__real_shift60,Carry,real_shift60,0.8,1,1,cohort,vol_control,all,2014-04,2026-08,0.9201326303,0.6536402485,0.0002541277671,149,0.04038608708,0.03940266069,0.5401602729,-0.09846422473,0.02097193246,-0.03750296609,-0.02022911716,0.6040268456,31,1.634928708
Cohort__real_shift60,Carry,real_shift60,0.8,1,1,cohort,vol_control,late,2019-01,2026-08,0.9765103821,0.6799338481,0.0002527362914,92,0.05776775263,0.03823446026,0.7864812114,-0.09846422473,0.02976192336,-0.03750296609,-0.01938681071,0.6847826087,31,1.53812799
Cohort__real_shift60,Carry,real_shift60,0.8,1,1,cohort,expost_exposure,all,2014-04,2026-08,0.8201901566,0.4865856412,0.000191315982,149,0.03847683348,0.03627390464,0.5333047461,-0.08325876849,0.01901258172,-0.0317393046,-0.01991187229,0.6174496644,31,1.598062488
Cohort__real_shift60,Carry,real_shift60,0.8,1,1,cohort,expost_exposure,late,2019-01,2026-08,0.8516260163,0.5111666591,0.0001915873306,92,0.05468034948,0.03333231945,0.8117070484,-0.08325876849,0.02665229743,-0.0317393046,-0.0162932855,0.7065217391,31,1.504041723
Carry__real_depreciation60,Carry,real_depreciation60,0.8,1,1,monthly,rule,all,2014-04,2026-08,0.5436241611,1.57207166,0.0006455229421,149,0.03000756995,0.03040795442,0.3523684402,-0.09135497158,0.01060805791,-0.04648911172,-0.01675515008,0.7651006711,37,1.443561104
Carry__real_depreciation60,Carry,real_depreciation60,0.8,1,1,monthly,rule,late,2019-01,2026-08,0.7717391304,1.874994804,0.0006743464627,92,0.04633446983,0.03663147877,0.5118722721,-0.09135497158,0.01879116154,-0.04648911172,-0.01954955236,0.6956521739,31,1.415166102
Carry__real_depreciation60,Carry,real_depreciation60,0.8,1,1,monthly,base,all,2014-04,2026-08,1,0.9979507713,0.0003245750591,149,0.04696640564,0.04286302137,0.6471397408,-0.09092810581,0.0274425941,-0.04651420384,-0.02397731699,0.6241610738,31,1.768065173
Carry__real_depreciation60,Carry,real_depreciation60,0.8,1,1,monthly,base,late,2019-01,2026-08,1,1.242475197,0.0003730485307,92,0.06183214131,0.03996052488,0.8520787464,-0.09092810581,0.03368439226,-0.04651420384,-0.02110235462,0.6956521739,31,1.584023602
Carry__real_depreciation60,Carry,real_depreciation60,0.8,1,1,monthly,past_exposure,all,2014-04,2026-08,0.3400836223,0.4608105481,0.0001486591974,149,0.03164768521,0.01518937025,0.854189843,-0.02452206703,0.0118581484,-0.0104533521,-0.006645141864,0.7315436242,20,1.472363299
Carry__real_depreciation60,Carry,real_depreciation60,0.8,1,1,monthly,past_exposure,late,2019-01,2026-08,0.4053293195,0.5768551004,0.0001736004678,92,0.04415454918,0.0161175608,1.075093332,-0.0200265577,0.01616158585,-0.0104533521,-0.00593154429,0.7717391304,16,1.392718522
Carry__real_depreciation60,Carry,real_depreciation60,0.8,1,1,monthly,vol_control,all,2014-04,2026-08,0.957045382,1.084840129,0.0003570648659,149,0.04571212379,0.03990379908,0.6621990092,-0.09005149705,0.02611749452,-0.04651420384,-0.0207571704,0.6241610738,31,1.741943687
Carry__real_depreciation60,Carry,real_depreciation60,0.8,1,1,monthly,vol_control,late,2019-01,2026-08,0.9765103821,1.317710705,0.0004006563926,92,0.06032757948,0.03921151693,0.8303612852,-0.09005149705,0.03223037857,-0.04651420384,-0.02090161586,0.6956521739,31,1.566896976
Carry__real_depreciation60,Carry,real_depreciation60,0.8,1,1,monthly,expost_exposure,all,2014-04,2026-08,0.5436241611,0.5393005098,0.0001784988216,149,0.03462712946,0.02378894161,0.6470502629,-0.04640165254,0.01491640522,-0.02467339298,-0.01254005618,0.6510067114,27,1.5260413
Carry__real_depreciation60,Carry,real_depreciation60,0.8,1,1,monthly,expost_exposure,late,2019-01,2026-08,0.5436241611,0.6719444096,0.0002040790133,92,0.04627079867,0.02224626568,0.8520173595,-0.04640165254,0.01831036867,-0.02467339298,-0.01063237572,0.7391304348,27,1.41450602
EJR_gate__real_depreciation60,EJR_gate,real_depreciation60,0.8,1,1,monthly,rule,all,2014-04,2026-08,0.2080536913,0.8100610345,0.0002765181977,149,0.03450060405,0.01933644917,0.7894204039,-0.02152536494,0.01469625506,-0.01189629931,-0.005556830129,0.9463087248,3,1.523725708
EJR_gate__real_depreciation60,EJR_gate,real_depreciation60,0.8,1,1,monthly,rule,late,2019-01,2026-08,0.3369565217,1.311946675,0.0004478392549,92,0.05198738252,0.02330351218,1.019170998,-0.02152536494,0.02380154352,-0.01189629931,-0.008087194776,0.9130434783,3,1.474848476
EJR_gate__real_depreciation60,EJR_gate,real_depreciation60,0.8,1,1,monthly,base,all,2014-04,2026-08,0.389261745,1.147150367,0.0004271904732,149,0.04755244849,0.03029930151,0.9292766299,-0.06775993636,0.0275459409,-0.0289610415,-0.01584417632,0.9060402685,11,1.780393044
EJR_gate__real_depreciation60,EJR_gate,real_depreciation60,0.8,1,1,monthly,base,late,2019-01,2026-08,0.4130434783,1.53521852,0.0005512076279,92,0.06258813991,0.02504982207,1.385111479,-0.02152536494,0.03391540081,-0.01189629931,-0.006193817688,0.9239130435,3,1.59269051
EJR_gate__real_depreciation60,EJR_gate,real_depreciation60,0.8,1,1,monthly,past_exposure,all,2014-04,2026-08,0.09331932143,0.3785472572,0.0001332559406,149,0.02834580546,0.009664882141,1.199598993,-0.001364951066,0.008576413457,-0.001364951066,2.390662645e-05,0.966442953,2,1.414907874
EJR_gate__real_depreciation60,EJR_gate,real_depreciation60,0.8,1,1,monthly,past_exposure,late,2019-01,2026-08,0.1511367271,0.6130819709,0.0002158166865,92,0.04186948462,0.01058009466,1.583822824,-0.001364951066,0.01389006093,-0.001364951066,-0.0005054160731,0.9456521739,2,1.369521241
EJR_gate__real_depreciation60,EJR_gate,real_depreciation60,0.8,1,1,monthly,vol_control,all,2014-04,2026-08,0.3528392816,1.161140683,0.0004292079134,149,0.04617225162,0.02633216071,1.019607248,-0.05069512825,0.02611068947,-0.02166123329,-0.01240987685,0.9060402685,11,1.751484747
EJR_gate__real_depreciation60,EJR_gate,real_depreciation60,0.8,1,1,monthly,vol_control,late,2019-01,2026-08,0.395967666,1.546559398,0.0005521666041,92,0.06127429327,0.02433283144,1.370911361,-0.02064279764,0.03265467581,-0.01116592941,-0.005927272993,0.9239130435,3,1.577654652
EJR_gate__real_depreciation60,EJR_gate,real_depreciation60,0.8,1,1,monthly,expost_exposure,all,2014-04,2026-08,0.2080536913,0.6127345386,0.0002297887851,149,0.03456970331,0.01689999907,0.9291855377,-0.03645636449,0.01472136764,-0.01543220616,-0.008420407802,0.9127516779,11,1.524989921
EJR_gate__real_depreciation60,EJR_gate,real_depreciation60,0.8,1,1,monthly,expost_exposure,late,2019-01,2026-08,0.2207646177,0.8206710429,0.0002956637722,92,0.04623090606,0.01417844637,1.385030634,-0.01139644515,0.01812614418,-0.006310118267,-0.003164562694,0.9347826087,3,1.414092588
EJR_size__real_depreciation60,EJR_size,real_depreciation60,0.8,1,1,monthly,rule,all,2014-04,2026-08,0.5264747404,1.669525924,0.0006986217439,149,0.03086982406,0.02984581329,0.3878962332,-0.08993724691,0.01143007938,-0.0465688829,-0.01642569501,0.7718120805,37,1.458637984
EJR_size__real_depreciation60,EJR_size,real_depreciation60,0.8,1,1,monthly,rule,late,2019-01,2026-08,0.7443826898,2.030117551,0.000759601407,92,0.04778555571,0.03581930194,0.5624271557,-0.08993724691,0.02015318526,-0.0465688829,-0.0191445887,0.7065217391,31,1.430282379
EJR_size__real_depreciation60,EJR_size,real_depreciation60,0.8,1,1,monthly,base,all,2014-04,2026-08,0.9740033311,1.19010132,0.0004129401712,149,0.04789219885,0.04234976213,0.6765047948,-0.08834540297,0.02830813717,-0.04658703782,-0.02398642124,0.6308724832,30,1.7875761
EJR_size__real_depreciation60,EJR_size,real_depreciation60,0.8,1,1,monthly,base,late,2019-01,2026-08,0.9596596109,1.537871788,0.0005118105395,92,0.06327776772,0.03906814533,0.9076637797,-0.08834540297,0.0350168508,-0.04658703782,-0.02072190302,0.7065217391,30,1.600632465
EJR_size__real_depreciation60,EJR_size,real_depreciation60,0.8,1,1,monthly,past_exposure,all,2014-04,2026-08,0.3288077303,0.5145385086,0.0001750450119,149,0.0319700371,0.01495953974,0.896572028,-0.02444304436,0.01216794585,-0.01019044236,-0.006596605084,0.744966443,20,1.478085901
EJR_size__real_depreciation60,EJR_size,real_depreciation60,0.8,1,1,monthly,past_exposure,late,2019-01,2026-08,0.3880182322,0.6616168233,0.0002162537554,92,0.04469556303,0.01574965281,1.144148954,-0.01885418774,0.01667567921,-0.01019044236,-0.005860856751,0.7826086957,15,1.398260486
EJR_size__real_depreciation60,EJR_size,real_depreciation60,0.8,1,1,monthly,vol_control,all,2014-04,2026-08,0.9310811443,1.278624731,0.000446778442,149,0.04663068251,0.03935760592,0.6945366029,-0.08746630373,0.02697728904,-0.04658703782,-0.02064267212,0.6308724832,31,1.761038383
EJR_size__real_depreciation60,EJR_size,real_depreciation60,0.8,1,1,monthly,vol_control,late,2019-01,2026-08,0.9361705406,1.612640706,0.0005392330597,92,0.06177130054,0.03830616555,0.8867730505,-0.08746630373,0.03356298031,-0.04658703782,-0.02037504559,0.7065217391,31,1.583327898
EJR_size__real_depreciation60,EJR_size,real_depreciation60,0.8,1,1,monthly,expost_exposure,all,2014-04,2026-08,0.5264747404,0.6400416087,0.0002249027529,149,0.03503174824,0.02340812354,0.6764334556,-0.04420032145,0.01529960446,-0.02456432638,-0.01246909804,0.6577181208,27,1.533468126
EJR_size__real_depreciation60,EJR_size,real_depreciation60,0.8,1,1,monthly,expost_exposure,late,2019-01,2026-08,0.5187215777,0.8281984764,0.0002776849515,92,0.04692603836,0.02167943302,0.9076194692,-0.04410704302,0.01892650272,-0.02456432638,-0.01036025345,0.75,27,1.421311742
Carry__real_depreciation60__q0.7,Carry,real_depreciation60,0.7,1,1,monthly,rule,all,2014-04,2026-08,0.4362416107,1.380095015,0.0005815846289,149,0.02928373085,0.02412821796,0.407879225,-0.05958093468,0.009730994313,-0.01681709352,-0.01184303059,0.7986577181,26,1.431015246
Carry__real_depreciation60__q0.7,Carry,real_depreciation60,0.7,1,1,monthly,rule,late,2019-01,2026-08,0.6413043478,1.830624339,0.0006862432096,92,0.04328164601,0.02908935401,0.5337397032,-0.05958093468,0.01560950038,-0.01681709352,-0.01295388556,0.7173913043,22,1.383817062
Carry__real_depreciation60__q0.7,Carry,real_depreciation60,0.7,1,1,monthly,base,all,2014-04,2026-08,1,0.9979507713,0.0003245750591,149,0.04696640564,0.04286302137,0.6471397408,-0.09092810581,0.0274425941,-0.04651420384,-0.02397731699,0.6241610738,31,1.768065173
Carry__real_depreciation60__q0.7,Carry,real_depreciation60,0.7,1,1,monthly,base,late,2019-01,2026-08,1,1.242475197,0.0003730485307,92,0.06183214131,0.03996052488,0.8520787464,-0.09092810581,0.03368439226,-0.04651420384,-0.02110235462,0.6956521739,31,1.584023602
Carry__real_depreciation60__q0.7,Carry,real_depreciation60,0.7,1,1,monthly,past_exposure,all,2014-04,2026-08,0.2691501932,0.3843599918,0.0001244000712,149,0.02980648573,0.01246009314,0.9142197369,-0.01892148167,0.01002995529,-0.006251136298,-0.004875389902,0.7785234899,20,1.440065729
Carry__real_depreciation60__q0.7,Carry,real_depreciation60,0.7,1,1,monthly,past_exposure,late,2019-01,2026-08,0.3156239155,0.4646680021,0.0001397326562,92,0.04122124708,0.01312774477,1.123482832,-0.01186777917,0.01329545452,-0.006072151843,-0.004112667646,0.7934782609,14,1.363002021
Carry__real_depreciation60__q0.7,Carry,real_depreciation60,0.7,1,1,monthly,vol_control,all,2014-04,2026-08,0.957045382,1.084840129,0.0003570648659,149,0.04571212379,0.03990379908,0.6621990092,-0.09005149705,0.02611749452,-0.04651420384,-0.0207571704,0.6241610738,31,1.741943687
Carry__real_depreciation60__q0.7,Carry,real_depreciation60,0.7,1,1,monthly,vol_control,late,2019-01,2026-08,0.9765103821,1.317710705,0.0004006563926,92,0.06032757948,0.03921151693,0.8303612852,-0.09005149705,0.03223037857,-0.04651420384,-0.02090161586,0.6956521739,31,1.566896976
Carry__real_depreciation60__q0.7,Carry,real_depreciation60,0.7,1,1,monthly,expost_exposure,all,2014-04,2026-08,0.4362416107,0.4325686976,0.0001437607772,149,0.03168798583,0.01938144284,0.6470213575,-0.03592687067,0.01196943382,-0.01953426282,-0.00991037703,0.6711409396,27,1.473077626
Carry__real_depreciation60__q0.7,Carry,real_depreciation60,0.7,1,1,monthly,expost_exposure,late,2019-01,2026-08,0.4362416107,0.5388423154,0.0001640865453,92,0.04259131556,0.01817193506,0.8519979073,-0.03592687067,0.01469318628,-0.01953426282,-0.008198416766,0.75,27,1.376812468
Carry__real_depreciation60__q0.9,Carry,real_depreciation60,0.9,1,1,monthly,rule,all,2014-04,2026-08,0.6711409396,1.80229317,0.0006966643787,149,0.03479874585,0.03107764079,0.4964115532,-0.09146574797,0.01528162973,-0.04648911172,-0.01672212606,0.7046979866,31,1.529187291
Carry__real_depreciation60__q0.9,Carry,real_depreciation60,0.9,1,1,monthly,rule,late,2019-01,2026-08,0.8423913043,1.573109227,0.0005367166857,92,0.05119552852,0.03677448385,0.6367198708,-0.09146574797,0.02344972833,-0.04648911172,-0.01915027175,0.6956521739,31,1.466358645
Carry__real_depreciation60__q0.9,Carry,real_depreciation60,0.9,1,1,monthly,base,all,2014-04,2026-08,1,0.9979507713,0.0003245750591,149,0.04696640564,0.04286302137,0.6471397408,-0.09092810581,0.0274425941,-0.04651420384,-0.02397731699,0.6241610738,31,1.768065173
Carry__real_depreciation60__q0.9,Carry,real_depreciation60,0.9,1,1,monthly,base,late,2019-01,2026-08,1,1.242475197,0.0003730485307,92,0.06183214131,0.03996052488,0.8520787464,-0.09092810581,0.03368439226,-0.04651420384,-0.02110235462,0.6956521739,31,1.584023602
Carry__real_depreciation60__q0.9,Carry,real_depreciation60,0.9,1,1,monthly,past_exposure,all,2014-04,2026-08,0.4869436876,0.6093709509,0.0001992512736,149,0.03490568527,0.02110934909,0.7514399835,-0.03903720071,0.01512638159,-0.02056361203,-0.01026853789,0.6711409396,26,1.531150669
Carry__real_depreciation60__q0.9,Carry,real_depreciation60,0.9,1,1,monthly,past_exposure,late,2019-01,2026-08,0.5676043806,0.7507579526,0.0002274217956,92,0.04889331766,0.02232534548,0.9655979992,-0.03903720071,0.02082476109,-0.02056361203,-0.009968231384,0.7173913043,26,1.441916492
Carry__real_depreciation60__q0.9,Carry,real_depreciation60,0.9,1,1,monthly,vol_control,all,2014-04,2026-08,0.957045382,1.084840129,0.0003570648659,149,0.04571212379,0.03990379908,0.6621990092,-0.09005149705,0.02611749452,-0.04651420384,-0.0207571704,0.6241610738,31,1.741943687
Carry__real_depreciation60__q0.9,Carry,real_depreciation60,0.9,1,1,monthly,vol_control,late,2019-01,2026-08,0.9765103821,1.317710705,0.0004006563926,92,0.06032757948,0.03921151693,0.8303612852,-0.09005149705,0.03223037857,-0.04651420384,-0.02090161586,0.6956521739,31,1.566896976
Carry__real_depreciation60__q0.9,Carry,real_depreciation60,0.9,1,1,monthly,expost_exposure,all,2014-04,2026-08,0.6711409396,0.6665290634,0.0002195354886,149,0.03809988939,0.02908138779,0.6470799925,-0.05873485322,0.01841614851,-0.03077601699,-0.01571183132,0.6375838926,27,1.590874965
Carry__real_depreciation60__q0.9,Carry,real_depreciation60,0.9,1,1,monthly,expost_exposure,late,2019-01,2026-08,0.6711409396,0.8304685113,0.0002514263225,92,0.05063152442,0.02715252444,0.8520380676,-0.05873485322,0.02260591649,-0.03077601699,-0.01352675201,0.7173913043,27,1.460337641
Carry__real_depreciation60__half,Carry,real_depreciation60,0.8,0.5,1,monthly,rule,all,2014-04,2026-08,0.7718120805,1.272809511,0.0004810507398,149,0.03858002801,0.03384625298,0.5693938275,-0.09113153275,0.01902932426,-0.04650164508,-0.01767658182,0.6375838926,31,1.600035388
Carry__real_depreciation60__half,Carry,real_depreciation60,0.8,0.5,1,monthly,rule,late,2019-01,2026-08,0.8858695652,1.548602933,0.0005212178072,92,0.05408915249,0.03758228334,0.7017257419,-0.09113153275,0.02624025659,-0.04650164508,-0.01933486956,0.6956521739,31,1.497590137
Carry__real_depreciation60__half,Carry,real_depreciation60,0.8,0.5,1,monthly,base,all,2014-04,2026-08,1,0.9979507713,0.0003245750591,149,0.04696640564,0.04286302137,0.6471397408,-0.09092810581,0.0274425941,-0.04651420384,-0.02397731699,0.6241610738,31,1.768065173
Carry__real_depreciation60__half,Carry,real_depreciation60,0.8,0.5,1,monthly,base,late,2019-01,2026-08,1,1.242475197,0.0003730485307,92,0.06183214131,0.03996052488,0.8520787464,-0.09092810581,0.03368439226,-0.04651420384,-0.02110235462,0.6956521739,31,1.584023602
Carry__real_depreciation60__half,Carry,real_depreciation60,0.8,0.5,1,monthly,past_exposure,all,2014-04,2026-08,0.6666861065,0.7157213667,0.0002336589886,149,0.03930403408,0.02843583061,0.7049854474,-0.0547285517,0.01956045064,-0.0284840692,-0.01513925093,0.6375838926,27,1.613940222
Carry__real_depreciation60__half,Carry,real_depreciation60,0.8,0.5,1,monthly,past_exposure,late,2019-01,2026-08,0.7026646598,0.903212101,0.0002724442354,92,0.05304527319,0.02766873275,0.9214439868,-0.0547285517,0.02492386932,-0.0284840692,-0.01330365274,0.7173913043,27,1.486257286
Carry__real_depreciation60__half,Carry,real_depreciation60,0.8,0.5,1,monthly,vol_control,all,2014-04,2026-08,0.957045382,1.084840129,0.0003570648659,149,0.04571212379,0.03990379908,0.6621990092,-0.09005149705,0.02611749452,-0.04651420384,-0.0207571704,0.6241610738,31,1.741943687
Carry__real_depreciation60__half,Carry,real_depreciation60,0.8,0.5,1,monthly,vol_control,late,2019-01,2026-08,0.9765103821,1.317710705,0.0004006563926,92,0.06032757948,0.03921151693,0.8303612852,-0.09005149705,0.03223037857,-0.04651420384,-0.02090161586,0.6956521739,31,1.566896976
Carry__real_depreciation60__half,Carry,real_depreciation60,0.8,0.5,1,monthly,expost_exposure,all,2014-04,2026-08,0.7718120805,0.7673978742,0.0002517997053,149,0.04082795393,0.03328575802,0.6471004674,-0.06839110896,0.02117923689,-0.03559383894,-0.01824209004,0.6375838926,27,1.643571497
Carry__real_depreciation60__half,Carry,real_depreciation60,0.8,0.5,1,monthly,expost_exposure,late,2019-01,2026-08,0.7718120805,0.956001557,0.0002886946699,92,0.05406739665,0.03105636261,0.8520533459,-0.06839110896,0.02599724957,-0.03559383894,-0.01581280261,0.7173913043,27,1.497353181
Carry__real_depreciation60__2cost,Carry,real_depreciation60,0.8,1,2,monthly,rule,all,2014-04,2026-08,0.5436241611,1.572118721,0.001291057482,149,0.02934386144,0.03042671939,0.3305821949,-0.09160257697,0.009962523366,-0.04659846034,-0.01689653235,0.7651006711,37,1.432053622
Carry__real_depreciation60__2cost,Carry,real_depreciation60,0.8,1,2,monthly,rule,late,2019-01,2026-08,0.7717391304,1.875034892,0.001348691439,92,0.04563122521,0.03664357312,0.4932160883,-0.09160257697,0.01811681656,-0.04659846034,-0.01966071906,0.6956521739,31,1.407890364
Carry__real_depreciation60__2cost,Carry,real_depreciation60,0.8,1,2,monthly,base,all,2014-04,2026-08,1,0.9979484792,0.0006491346708,149,0.04662719017,0.04287942847,0.6391749459,-0.0912148787,0.02711803448,-0.0466486436,-0.0240066627,0.6241610738,31,1.760965422
Carry__real_depreciation60__2cost,Carry,real_depreciation60,0.8,1,2,monthly,base,late,2019-01,2026-08,1,1.242445004,0.0007460490239,92,0.06143670606,0.03999319842,0.8418170166,-0.0912148787,0.03331139177,-0.0466486436,-0.02113785495,0.6956521739,31,1.579506616
Carry__real_depreciation60__2cost,Carry,real_depreciation60,0.8,1,2,monthly,past_exposure,all,2014-04,2026-08,0.3400836223,0.4608083102,0.0002973168987,149,0.03149477295,0.01518656808,0.843292068,-0.02459749826,0.0117094907,-0.01048794419,-0.006654912603,0.7315436242,20,1.46965583
Carry__real_depreciation60__2cost,Carry,real_depreciation60,0.8,1,2,monthly,past_exposure,late,2019-01,2026-08,0.4053293195,0.5768447872,0.0003471905055,92,0.04397385979,0.01612352046,1.06254735,-0.02010733622,0.01598799582,-0.01048794419,-0.005942570791,0.7717391304,16,1.39087186
Carry__real_depreciation60__2cost,Carry,real_depreciation60,0.8,1,2,monthly,vol_control,all,2014-04,2026-08,0.957045382,1.084842213,0.0007141204286,149,0.04533955836,0.03991841353,0.6528276641,-0.09034571122,0.02576043896,-0.0466486436,-0.02078436011,0.6241610738,31,1.73425333
Carry__real_depreciation60__2cost,Carry,real_depreciation60,0.8,1,2,monthly,vol_control,late,2019-01,2026-08,0.9765103821,1.317670266,0.0008012604236,92,0.05990361521,0.03924296773,0.8192353492,-0.09034571122,0.03182977454,-0.0466486436,-0.02093678015,0.6956521739,31,1.562100111
Carry__real_depreciation60__2cost,Carry,real_depreciation60,0.8,1,2,monthly,expost_exposure,all,2014-04,2026-08,0.5436241611,0.5393007745,0.0003569936482,149,0.03444281367,0.02379605458,0.6389958243,-0.04655447734,0.01473791039,-0.0247470792,-0.01255612581,0.6510067114,27,1.522669139
Carry__real_depreciation60__2cost,Carry,real_depreciation60,0.8,1,2,monthly,expost_exposure,late,2019-01,2026-08,0.5436241611,0.6719375575,0.0004081448258,92,0.04605776096,0.02226131482,0.8416936335,-0.04655447734,0.01810630286,-0.0247470792,-0.01065219115,0.7391304348,27,1.412299393
Cohort__real_depreciation60,Carry,real_depreciation60,0.8,1,1,cohort,rule,all,2014-04,2026-08,0.4194630872,0.6217486647,0.0002833814646,149,0.03167109904,0.0245950968,0.5016977218,-0.08228457747,0.01206561484,-0.03313862694,-0.01185473514,0.7919463087,31,1.472778269
Cohort__real_depreciation60,Carry,real_depreciation60,0.8,1,1,cohort,rule,late,2019-01,2026-08,0.6467391304,0.7888902028,0.0003267678633,92,0.04767461466,0.03031349652,0.6556730486,-0.08228457747,0.01986440975,-0.03313862694,-0.01433272015,0.7282608696,25,1.429121746
Cohort__real_depreciation60,Carry,real_depreciation60,0.8,1,1,cohort,base,all,2014-04,2026-08,0.9630872483,0.5730459147,0.0002234960129,149,0.04166351177,0.04242615367,0.5333318225,-0.09920645941,0.02232618816,-0.03750296609,-0.02357236637,0.6040268456,31,1.660029697
Cohort__real_depreciation60,Carry,real_depreciation60,0.8,1,1,cohort,base,late,2019-01,2026-08,1,0.6024922468,0.0002243969308,92,0.05935458759,0.03898248073,0.8117200816,-0.09920645941,0.03129634604,-0.03750296609,-0.01957810312,0.6847826087,31,1.55590722
Cohort__real_depreciation60,Carry,real_depreciation60,0.8,1,1,cohort,past_exposure,all,2014-04,2026-08,0.2200312131,0.1978268934,7.492710707e-05,149,0.02698119441,0.01129395355,0.7716686436,-0.01747114714,0.007262527388,-0.005582363153,-0.004057698802,0.7785234899,25,1.391770406
Cohort__real_depreciation60,Carry,real_depreciation60,0.8,1,1,cohort,past_exposure,late,2019-01,2026-08,0.2782278897,0.2095579156,7.665219847e-05,92,0.03966376054,0.01181138203,1.135703087,-0.007881479616,0.01177737001,-0.004568343888,-0.002884994984,0.8043478261,13,1.347448825
Cohort__real_depreciation60,Carry,real_depreciation60,0.8,1,1,cohort,vol_control,all,2014-04,2026-08,0.9201326303,0.6536402485,0.0002541277671,149,0.04038608708,0.03940266069,0.5401602729,-0.09846422473,0.02097193246,-0.03750296609,-0.02022911716,0.6040268456,31,1.634928708
Cohort__real_depreciation60,Carry,real_depreciation60,0.8,1,1,cohort,vol_control,late,2019-01,2026-08,0.9765103821,0.6799338481,0.0002527362914,92,0.05776775263,0.03823446026,0.7864812114,-0.09846422473,0.02976192336,-0.03750296609,-0.01938681071,0.6847826087,31,1.53812799
Cohort__real_depreciation60,Carry,real_depreciation60,0.8,1,1,cohort,expost_exposure,all,2014-04,2026-08,0.4194630872,0.2481793187,9.978791378e-05,149,0.02938043991,0.01922441477,0.5331976154,-0.03977149541,0.009721503102,-0.01557593301,-0.009756879594,0.6577181208,28,1.432685622
Cohort__real_depreciation60,Carry,real_depreciation60,0.8,1,1,cohort,expost_exposure,late,2019-01,2026-08,0.4355400697,0.2600277843,9.924396939e-05,92,0.04149482595,0.01773056746,0.8116319759,-0.03977149541,0.01362930262,-0.01557593301,-0.007113707392,0.75,28,1.365750061
Carry__risk_increment,Carry,risk_increment,0.8,1,1,monthly,rule,all,2018-04,2026-08,0.8267326733,1.758112764,0.0005881557628,101,0.05450280323,0.03602875635,0.7694587577,-0.07461518455,0.02735022981,-0.04677975845,-0.01884495873,0.7326732673,22,1.563094133
Carry__risk_increment,Carry,risk_increment,0.8,1,1,monthly,rule,late,2019-01,2026-08,0.8641304348,1.597988332,0.0005190994572,92,0.05849285195,0.03718753854,0.8279234971,-0.07461518455,0.03041389192,-0.04677975845,-0.02066485734,0.7391304348,22,1.546230112
Carry__risk_increment,Carry,risk_increment,0.8,1,1,monthly,base,all,2018-04,2026-08,1,1.275191768,0.0004042623559,101,0.05779677398,0.04114523588,0.7536926591,-0.09092810581,0.0306772053,-0.04651420384,-0.0198940789,0.6732673267,31,1.604669155
Carry__risk_increment,Carry,risk_increment,0.8,1,1,monthly,base,late,2019-01,2026-08,1,1.242475197,0.0003730485307,92,0.06183214131,0.03996052488,0.8520787464,-0.09092810581,0.03368439226,-0.04651420384,-0.02110235462,0.6956521739,31,1.584023602
Carry__risk_increment,Carry,risk_increment,0.8,1,1,monthly,past_exposure,all,2018-04,2026-08,0.5865256762,0.9160344713,0.000283292505,101,0.05110556232,0.0229753619,1.070338911,-0.02205707309,0.02372621589,-0.01280250962,-0.008400065988,0.7128712871,15,1.521212833
Carry__risk_increment,Carry,risk_increment,0.8,1,1,monthly,past_exposure,late,2019-01,2026-08,0.6120256,0.9215751026,0.0002760241058,92,0.05440080664,0.02295757726,1.17744396,-0.02205707309,0.02609719728,-0.01280250962,-0.009082448896,0.7282608696,15,1.500988136
Carry__risk_increment,Carry,risk_increment,0.8,1,1,monthly,vol_control,all,2018-04,2026-08,0.9775873736,1.347108756,0.0004309981064,101,0.05658984282,0.0404177729,0.737412179,-0.09005149705,0.0295011466,-0.04651420384,-0.01966169148,0.6732673267,31,1.589324084
Carry__risk_increment,Carry,risk_increment,0.8,1,1,monthly,vol_control,late,2019-01,2026-08,0.9765103821,1.317710705,0.0004006563926,92,0.06032757948,0.03921151693,0.8303612852,-0.09005149705,0.03223037857,-0.04651420384,-0.02090161586,0.6956521739,31,1.566896976
Carry__risk_increment,Carry,risk_increment,0.8,1,1,monthly,expost_exposure,all,2018-04,2026-08,0.8267326733,1.051685387,0.0003349670192,101,0.05248560832,0.03416728891,0.7536701438,-0.07362927388,0.02536109782,-0.03822218649,-0.01609639521,0.6930693069,27,1.538105283
Carry__risk_increment,Carry,risk_increment,0.8,1,1,monthly,expost_exposure,late,2019-01,2026-08,0.8267326733,1.024676512,0.0003089949699,92,0.05593922333,0.03319367662,0.8520609867,-0.07362927388,0.0278474041,-0.03822218649,-0.01708586127,0.7173913043,27,1.517860073
EJR_gate__risk_increment,EJR_gate,risk_increment,0.8,1,1,monthly,rule,all,2018-04,2026-08,0.3762376238,1.398416869,0.0005020901165,101,0.05860619282,0.02415439093,1.313182853,-0.02152536494,0.03089323638,-0.01189629931,-0.005451932803,0.9306930693,3,1.615033201
EJR_gate__risk_increment,EJR_gate,risk_increment,0.8,1,1,monthly,rule,late,2019-01,2026-08,0.4130434783,1.53521852,0.0005512076279,92,0.06258813991,0.02504982207,1.385111479,-0.02152536494,0.03391540081,-0.01189629931,-0.006193817688,0.9239130435,3,1.59269051
EJR_gate__risk_increment,EJR_gate,risk_increment,0.8,1,1,monthly,base,all,2018-04,2026-08,0.3762376238,1.398416869,0.0005020901165,101,0.05860619282,0.02415439093,1.313182853,-0.02152536494,0.03089323638,-0.01189629931,-0.005451932803,0.9306930693,3,1.615033201
EJR_gate__risk_increment,EJR_gate,risk_increment,0.8,1,1,monthly,base,late,2019-01,2026-08,0.4130434783,1.53521852,0.0005512076279,92,0.06258813991,0.02504982207,1.385111479,-0.02152536494,0.03391540081,-0.01189629931,-0.006193817688,0.9239130435,3,1.59269051
EJR_gate__risk_increment,EJR_gate,risk_increment,0.8,1,1,monthly,past_exposure,all,2018-04,2026-08,0.3663366337,1.395731857,0.00050057108,101,0.05913714271,0.02402652875,1.339359554,-0.01748940164,0.03139402446,-0.01228362816,-0.004816627576,0.9405940594,3,1.621863639
EJR_gate__risk_increment,EJR_gate,risk_increment,0.8,1,1,monthly,past_exposure,late,2019-01,2026-08,0.402173913,1.532270842,0.00054953999,92,0.06317323744,0.02490722876,1.413131814,-0.01748940164,0.03446517902,-0.01228362816,-0.0057201475,0.9347826087,3,1.599426454
EJR_gate__risk_increment,EJR_gate,risk_increment,0.8,1,1,monthly,vol_control,all,2018-04,2026-08,0.3606834185,1.408747174,0.0005029636394,101,0.05741384069,0.02346256034,1.299908408,-0.02064279764,0.02974485321,-0.01116592941,-0.005229812224,0.9306930693,3,1.599786416
EJR_gate__risk_increment,EJR_gate,risk_increment,0.8,1,1,monthly,vol_control,late,2019-01,2026-08,0.395967666,1.546559398,0.0005521666041,92,0.06127429327,0.02433283144,1.370911361,-0.02064279764,0.03265467581,-0.01116592941,-0.005927272993,0.9239130435,3,1.577654652
EJR_gate__risk_increment,EJR_gate,risk_increment,0.8,1,1,monthly,expost_exposure,all,2018-04,2026-08,0.3762376238,1.398416869,0.0005020901165,101,0.05860619282,0.02415439093,1.313182853,-0.02152536494,0.03089323638,-0.01189629931,-0.005451932803,0.9306930693,3,1.615033201
EJR_gate__risk_increment,EJR_gate,risk_increment,0.8,1,1,monthly,expost_exposure,late,2019-01,2026-08,0.4130434783,1.53521852,0.0005512076279,92,0.06258813991,0.02504982207,1.385111479,-0.02152536494,0.03391540081,-0.01189629931,-0.006193817688,0.9239130435,3,1.59269051
EJR_size__risk_increment,EJR_size,risk_increment,0.8,1,1,monthly,rule,all,2018-04,2026-08,0.8033060691,1.844184057,0.000641851253,101,0.0555293612,0.03558186136,0.808184871,-0.07461518455,0.02831179162,-0.04677975845,-0.01875399825,0.7425742574,22,1.575947866
EJR_size__risk_increment,EJR_size,risk_increment,0.8,1,1,monthly,rule,late,2019-01,2026-08,0.8387197516,1.689440476,0.0005774399336,92,0.05956528392,0.03671820815,0.8678731023,-0.07461518455,0.03141427329,-0.04677975845,-0.02067786922,0.75,22,1.558281292
EJR_size__risk_increment,EJR_size,risk_increment,0.8,1,1,monthly,base,all,2018-04,2026-08,0.9626938205,1.549728615,0.000532254856,101,0.05918754161,0.04034155201,0.8022469459,-0.08834540297,0.03196487437,-0.04658703782,-0.01957703589,0.6831683168,30,1.62251332
EJR_size__risk_increment,EJR_size,risk_increment,0.8,1,1,monthly,base,late,2019-01,2026-08,0.9596596109,1.537871788,0.0005118105395,92,0.06327776772,0.03906814533,0.9076637797,-0.08834540297,0.0350168508,-0.04658703782,-0.02072190302,0.7065217391,30,1.600632465
EJR_size__risk_increment,EJR_size,risk_increment,0.8,1,1,monthly,past_exposure,all,2018-04,2026-08,0.5757465512,1.047730488,0.0003487182536,101,0.05242046411,0.02290010654,1.13419279,-0.02207014877,0.02497991,-0.01316280399,-0.00836417564,0.7227722772,14,1.537304184
EJR_size__risk_increment,EJR_size,risk_increment,0.8,1,1,monthly,past_exposure,late,2019-01,2026-08,0.6004611927,1.065613713,0.0003481655856,92,0.05581019663,0.02287082683,1.246762099,-0.02207014877,0.02743693827,-0.01316280399,-0.009050146261,0.7391304348,14,1.51643872
EJR_size__risk_increment,EJR_size,risk_increment,0.8,1,1,monthly,vol_control,all,2018-04,2026-08,0.9403250977,1.621962752,0.0005598634341,101,0.05797173485,0.03960660465,0.7864606965,-0.08746630373,0.03078205448,-0.04658703782,-0.01922288292,0.6831683168,31,1.606904429
EJR_size__risk_increment,EJR_size,risk_increment,0.8,1,1,monthly,vol_control,late,2019-01,2026-08,0.9361705406,1.612640706,0.0005392330597,92,0.06177130054,0.03830616555,0.8867730505,-0.08746630373,0.03356298031,-0.04658703782,-0.02037504559,0.7065217391,31,1.583327898
EJR_size__risk_increment,EJR_size,risk_increment,0.8,1,1,monthly,expost_exposure,all,2018-04,2026-08,0.8033060691,1.290992993,0.0004446944737,101,0.05387276789,0.03381642301,0.8022324037,-0.07213382627,0.02667206953,-0.03865156533,-0.01604402094,0.702970297,30,1.555251167
EJR_size__risk_increment,EJR_size,risk_increment,0.8,1,1,monthly,expost_exposure,late,2019-01,2026-08,0.8007742164,1.281363308,0.0004276091489,92,0.05739654218,0.03276071459,0.9076492038,-0.07213382627,0.02921877341,-0.03865156533,-0.01698825061,0.7282608696,30,1.533994462
Carry__risk_increment__q0.7,Carry,risk_increment,0.7,1,1,monthly,rule,all,2018-04,2026-08,0.7277227723,1.500558225,0.0005132924394,101,0.05354476999,0.03519067938,0.7592757774,-0.07060925013,0.02640780817,-0.04677975845,-0.01884494684,0.7821782178,22,1.551181842
Carry__risk_increment__q0.7,Carry,risk_increment,0.7,1,1,monthly,rule,late,2019-01,2026-08,0.7989130435,1.647351964,0.0005635058303,92,0.05701198312,0.03674485164,0.7970525942,-0.07060925013,0.02899118071,-0.04677975845,-0.02066484306,0.7608695652,22,1.529722483
Carry__risk_increment__q0.7,Carry,risk_increment,0.7,1,1,monthly,base,all,2018-04,2026-08,1,1.275191768,0.0004042623559,101,0.05779677398,0.04114523588,0.7536926591,-0.09092810581,0.0306772053,-0.04651420384,-0.0198940789,0.6732673267,31,1.604669155
Carry__risk_increment__q0.7,Carry,risk_increment,0.7,1,1,monthly,base,late,2019-01,2026-08,1,1.242475197,0.0003730485307,92,0.06183214131,0.03996052488,0.8520787464,-0.09092810581,0.03368439226,-0.04651420384,-0.02110235462,0.6956521739,31,1.584023602
Carry__risk_increment__q0.7,Carry,risk_increment,0.7,1,1,monthly,past_exposure,all,2018-04,2026-08,0.4048442582,0.697092725,0.0002057690258,101,0.04675021622,0.01729839288,1.203415564,-0.01598797075,0.01944486996,-0.009728181327,-0.005422600484,0.8118811881,6,1.468968272
Carry__risk_increment__q0.7,Carry,risk_increment,0.7,1,1,monthly,past_exposure,late,2019-01,2026-08,0.4444485878,0.7652865786,0.0002258986044,92,0.04953056178,0.01794532559,1.267869971,-0.01598797075,0.0213470855,-0.009728181327,-0.006069349406,0.7934782609,6,1.448646272
Carry__risk_increment__q0.7,Carry,risk_increment,0.7,1,1,monthly,vol_control,all,2018-04,2026-08,0.9775873736,1.347108756,0.0004309981064,101,0.05658984282,0.0404177729,0.737412179,-0.09005149705,0.0295011466,-0.04651420384,-0.01966169148,0.6732673267,31,1.589324084
Carry__risk_increment__q0.7,Carry,risk_increment,0.7,1,1,monthly,vol_control,late,2019-01,2026-08,0.9765103821,1.317710705,0.0004006563926,92,0.06032757948,0.03921151693,0.8303612852,-0.09005149705,0.03223037857,-0.04651420384,-0.02090161586,0.6956521739,31,1.566896976
Carry__risk_increment__q0.7,Carry,risk_increment,0.7,1,1,monthly,expost_exposure,all,2018-04,2026-08,0.7277227723,0.9247415393,0.0002953273984,101,0.04943857685,0.0301954284,0.7536534858,-0.06417081257,0.02232336441,-0.03348384506,-0.01394321697,0.6930693069,27,1.501026261
Carry__risk_increment__q0.7,Carry,risk_increment,0.7,1,1,monthly,expost_exposure,late,2019-01,2026-08,0.7277227723,0.9009604017,0.0002723803375,92,0.05256339723,0.02934415297,0.8520469653,-0.06417081257,0.02451199489,-0.03348384506,-0.01481105134,0.7173913043,27,1.48105102
Carry__risk_increment__q0.9,Carry,risk_increment,0.9,1,1,monthly,rule,all,2018-04,2026-08,0.8861386139,1.881931651,0.0007146221299,101,0.05347227866,0.03693435561,0.725238285,-0.07507084732,0.0264009696,-0.04677975845,-0.01907825743,0.6930693069,27,1.550283741
Carry__risk_increment__q0.9,Carry,risk_increment,0.9,1,1,monthly,rule,late,2019-01,2026-08,0.902173913,1.799259226,0.0006425897661,92,0.06116397769,0.03745661843,0.8902509954,-0.07507084732,0.03295651687,-0.04677975845,-0.02066485734,0.7173913043,27,1.57639782
Carry__risk_increment__q0.9,Carry,risk_increment,0.9,1,1,monthly,base,all,2018-04,2026-08,1,1.275191768,0.0004042623559,101,0.05779677398,0.04114523588,0.7536926591,-0.09092810581,0.0306772053,-0.04651420384,-0.0198940789,0.6732673267,31,1.604669155
Carry__risk_increment__q0.9,Carry,risk_increment,0.9,1,1,monthly,base,late,2019-01,2026-08,1,1.242475197,0.0003730485307,92,0.06183214131,0.03996052488,0.8520787464,-0.09092810581,0.03368439226,-0.04651420384,-0.02110235462,0.6956521739,31,1.584023602
Carry__risk_increment__q0.9,Carry,risk_increment,0.9,1,1,monthly,past_exposure,all,2018-04,2026-08,0.73630092,1.049129574,0.0003329352098,101,0.05407682592,0.02953933838,0.9242056738,-0.04568195004,0.02673103612,-0.0225842553,-0.01237492061,0.702970297,19,1.557787568
Carry__risk_increment__q0.9,Carry,risk_increment,0.9,1,1,monthly,past_exposure,late,2019-01,2026-08,0.7554123971,1.030567363,0.0003113785831,92,0.0573522718,0.02862021342,1.037415245,-0.04568195004,0.02904931662,-0.0225842553,-0.01288775231,0.7173913043,19,1.533502145
Carry__risk_increment__q0.9,Carry,risk_increment,0.9,1,1,monthly,vol_control,all,2018-04,2026-08,0.9775873736,1.347108756,0.0004309981064,101,0.05658984282,0.0404177729,0.737412179,-0.09005149705,0.0295011466,-0.04651420384,-0.01966169148,0.6732673267,31,1.589324084
Carry__risk_increment__q0.9,Carry,risk_increment,0.9,1,1,monthly,vol_control,late,2019-01,2026-08,0.9765103821,1.317710705,0.0004006563926,92,0.06032757948,0.03921151693,0.8303612852,-0.09005149705,0.03223037857,-0.04651420384,-0.02090161586,0.6956521739,31,1.566896976
Carry__risk_increment__q0.9,Carry,risk_increment,0.9,1,1,monthly,expost_exposure,all,2018-04,2026-08,0.8861386139,1.128087436,0.000358717017,101,0.05430965273,0.0365565002,0.7536793305,-0.07952504316,0.02718377165,-0.04106517711,-0.01739841988,0.6732673267,31,1.560686012
Carry__risk_increment__q0.9,Carry,risk_increment,0.9,1,1,monthly,expost_exposure,late,2019-01,2026-08,0.8861386139,1.099153759,0.000330943897,92,0.05796181125,0.03551015648,0.8520684787,-0.07952504316,0.02984866948,-0.04106517711,-0.01846289448,0.6956521739,31,1.540292738
Carry__risk_increment__half,Carry,risk_increment,0.8,0.5,1,monthly,rule,all,2018-04,2026-08,0.9133663366,1.513587837,0.0004948218235,101,0.05620035071,0.03738478121,0.7861513333,-0.07989468455,0.02901510479,-0.04664760141,-0.01882293256,0.6831683168,27,1.584399708
Carry__risk_increment__half,Carry,risk_increment,0.8,0.5,1,monthly,rule,late,2019-01,2026-08,0.9320652174,1.417790582,0.0004443159286,92,0.06019372542,0.03782589036,0.8575014685,-0.07989468455,0.03205090016,-0.04664760141,-0.02063842593,0.6956521739,27,1.565381127
Carry__risk_increment__half,Carry,risk_increment,0.8,0.5,1,monthly,base,all,2018-04,2026-08,1,1.275191768,0.0004042623559,101,0.05779677398,0.04114523588,0.7536926591,-0.09092810581,0.0306772053,-0.04651420384,-0.0198940789,0.6732673267,31,1.604669155
Carry__risk_increment__half,Carry,risk_increment,0.8,0.5,1,monthly,base,late,2019-01,2026-08,1,1.242475197,0.0003730485307,92,0.06183214131,0.03996052488,0.8520787464,-0.09092810581,0.03368439226,-0.04651420384,-0.02110235462,0.6956521739,31,1.584023602
Carry__risk_increment__half,Carry,risk_increment,0.8,0.5,1,monthly,past_exposure,all,2018-04,2026-08,0.788312343,1.071544823,0.0003358523779,101,0.05412277198,0.03158374855,0.8659153889,-0.05598890482,0.02683690498,-0.02830678999,-0.01378877503,0.6831683168,26,1.558359171
Carry__risk_increment__half,Carry,risk_increment,0.8,0.5,1,monthly,past_exposure,late,2019-01,2026-08,0.8060128,1.061107693,0.000318922191,92,0.05817127457,0.0309616559,0.983675138,-0.05598890482,0.0298964089,-0.02830678999,-0.01466777321,0.7065217391,26,1.542632299
Carry__risk_increment__half,Carry,risk_increment,0.8,0.5,1,monthly,vol_control,all,2018-04,2026-08,0.9775873736,1.347108756,0.0004309981064,101,0.05658984282,0.0404177729,0.737412179,-0.09005149705,0.0295011466,-0.04651420384,-0.01966169148,0.6732673267,31,1.589324084
Carry__risk_increment__half,Carry,risk_increment,0.8,0.5,1,monthly,vol_control,late,2019-01,2026-08,0.9765103821,1.317710705,0.0004006563926,92,0.06032757948,0.03921151693,0.8303612852,-0.09005149705,0.03223037857,-0.04651420384,-0.02090161586,0.6956521739,31,1.566896976
Carry__risk_increment__half,Carry,risk_increment,0.8,0.5,1,monthly,expost_exposure,all,2018-04,2026-08,0.9133663366,1.163185031,0.0003695993665,101,0.05514461203,0.03765278138,0.7536832113,-0.08226105798,0.02801916688,-0.04236820987,-0.01799518254,0.6732673267,31,1.571119476
Carry__risk_increment__half,Carry,risk_increment,0.8,0.5,1,monthly,expost_exposure,late,2019-01,2026-08,0.9133663366,1.133356852,0.0003410013041,92,0.05888808971,0.03657323686,0.8520716587,-0.08226105798,0.03076591863,-0.04236820987,-0.01909403781,0.6956521739,31,1.550662031
Carry__risk_increment__2cost,Carry,risk_increment,0.8,1,2,monthly,rule,all,2018-04,2026-08,0.8267326733,1.75810749,0.001176273522,101,0.05388182231,0.03612456209,0.7508128603,-0.07508577609,0.02676211205,-0.04717975845,-0.01896431065,0.7326732673,22,1.555363634
Carry__risk_increment__2cost,Carry,risk_increment,0.8,1,2,monthly,rule,late,2019-01,2026-08,0.8641304348,1.597988175,0.001038172098,92,0.05794248369,0.03727843683,0.8116688061,-0.07508577609,0.02989481928,-0.04717975845,-0.02078058104,0.7391304348,22,1.540077018
Carry__risk_increment__2cost,Carry,risk_increment,0.8,1,2,monthly,base,all,2018-04,2026-08,1,1.275115168,0.0008084388993,101,0.05737019234,0.04117038009,0.7432191485,-0.0912148787,0.03027302876,-0.0466486436,-0.01992748954,0.6732673267,31,1.599230693
Carry__risk_increment__2cost,Carry,risk_increment,0.8,1,2,monthly,base,late,2019-01,2026-08,1,1.242445004,0.0007460490239,92,0.06143670606,0.03999319842,0.8418170166,-0.0912148787,0.03331139177,-0.0466486436,-0.02113785495,0.6956521739,31,1.579506616
Carry__risk_increment__2cost,Carry,risk_increment,0.8,1,2,monthly,past_exposure,all,2018-04,2026-08,0.5865256762,0.9160111779,0.0005665628078,101,0.05080879989,0.02298729476,1.056611041,-0.02216907792,0.02344294559,-0.01280563311,-0.008444682779,0.7128712871,15,1.517601746
Carry__risk_increment__2cost,Carry,risk_increment,0.8,1,2,monthly,past_exposure,late,2019-01,2026-08,0.6120256,0.9215475569,0.0005520220364,92,0.05411081179,0.02297000387,1.163862398,-0.02216907792,0.02582119935,-0.01280563311,-0.009134486496,0.7282608696,15,1.497826075
Carry__risk_increment__2cost,Carry,risk_increment,0.8,1,2,monthly,vol_control,all,2018-04,2026-08,0.9775873736,1.347024328,0.0008619092958,101,0.05613565098,0.04044210009,0.726106535,-0.09034571122,0.02907023541,-0.0466486436,-0.01969513694,0.6732673267,31,1.583583008
Carry__risk_increment__2cost,Carry,risk_increment,0.8,1,2,monthly,vol_control,late,2019-01,2026-08,0.9765103821,1.317670266,0.0008012604236,92,0.05990361521,0.03924296773,0.8192353492,-0.09034571122,0.03182977454,-0.0466486436,-0.02093678015,0.6956521739,31,1.562100111
Carry__risk_increment__2cost,Carry,risk_increment,0.8,1,2,monthly,expost_exposure,all,2018-04,2026-08,0.8267326733,1.051633123,0.0006698761379,101,0.05213394046,0.03418732905,0.7431736966,-0.0738510235,0.02502618871,-0.03833361063,-0.01612393262,0.6930693069,27,1.533785075
Carry__risk_increment__2cost,Carry,risk_increment,0.8,1,2,monthly,expost_exposure,late,2019-01,2026-08,0.8267326733,1.024656728,0.0006179582313,92,0.05561357532,0.03321965465,0.8417812136,-0.0738510235,0.02753844084,-0.03833361063,-0.01711501668,0.7173913043,27,1.514274972
Cohort__risk_increment,Carry,risk_increment,0.8,1,1,cohort,rule,all,2018-04,2026-08,0.7293729373,0.6546763027,0.00023931544,101,0.06113065853,0.03004199362,1.119536572,-0.03233304857,0.03344497461,-0.01875755054,-0.01247140608,0.7722772277,9,1.647737122
Cohort__risk_increment,Carry,risk_increment,0.8,1,1,cohort,rule,late,2019-01,2026-08,0.7934782609,0.6528521049,0.0002395449031,92,0.06577271938,0.03118043315,1.192908281,-0.03233304857,0.03709441599,-0.01875755054,-0.01358034564,0.7608695652,9,1.629653456
Cohort__risk_increment,Carry,risk_increment,0.8,1,1,cohort,base,all,2018-04,2026-08,0.9455445545,0.6644450998,0.0002523713142,101,0.05487517269,0.03801958114,0.7395713366,-0.09920645941,0.02777529802,-0.03750296609,-0.01839033698,0.6732673267,31,1.567745926
Cohort__risk_increment,Carry,risk_increment,0.8,1,1,cohort,base,late,2019-01,2026-08,0.9972826087,0.6287642564,0.0002345858348,92,0.05871716414,0.03864429115,0.8029335558,-0.09920645941,0.03067889306,-0.03750296609,-0.01957810312,0.6847826087,31,1.548744037
Cohort__risk_increment,Carry,risk_increment,0.8,1,1,cohort,past_exposure,all,2018-04,2026-08,0.4330377188,0.3665928909,0.0001331599714,101,0.04636708553,0.01769348542,1.143924395,-0.01576584496,0.01908424433,-0.009350636623,-0.006014067014,0.801980198,12,1.464449015
Cohort__risk_increment,Carry,risk_increment,0.8,1,1,cohort,past_exposure,late,2019-01,2026-08,0.467713769,0.3794118645,0.0001366948689,92,0.04916877448,0.01829103813,1.213195062,-0.01576584496,0.02100713192,-0.009350636623,-0.006905462432,0.7934782609,12,1.444822181
Cohort__risk_increment,Carry,risk_increment,0.8,1,1,cohort,vol_control,all,2018-04,2026-08,0.9235858443,0.7276768085,0.0002755827153,101,0.05359696944,0.03732621871,0.7190620896,-0.09846422473,0.02653187833,-0.03750296609,-0.01823092663,0.6732673267,31,1.551828829
Cohort__risk_increment,Carry,risk_increment,0.8,1,1,cohort,vol_control,late,2019-01,2026-08,0.9739896095,0.7057334107,0.0002632882372,92,0.05717853086,0.03794338531,0.7775466766,-0.09846422473,0.02919139384,-0.03750296609,-0.01938681071,0.6847826087,31,1.531571352
Cohort__risk_increment,Carry,risk_increment,0.8,1,1,cohort,expost_exposure,all,2018-04,2026-08,0.7293729373,0.5101046826,0.0001952478639,101,0.04852016487,0.02954692113,0.7395559355,-0.07495679504,0.02142469951,-0.02862202197,-0.01362341412,0.7128712871,28,1.490005798
Cohort__risk_increment,Carry,risk_increment,0.8,1,1,cohort,expost_exposure,late,2019-01,2026-08,0.7692825708,0.4824321863,0.0001816282916,92,0.0516552081,0.03002958571,0.8029153262,-0.07495679504,0.02366437114,-0.02862202197,-0.01451671669,0.7282608696,28,1.471281892
