origin,country,tot_source_year,tot_level,tot_change,commodity_source_month,commodity_level,commodity_change,merchandise_source_year
1999-10,BRL,1997.0,-0.09797844399419953,-0.005665747090787265,1999-08,0.4801687865060054,-0.057991265139605085,
1999-10,EUR,1997.0,-0.039556344541769,-0.01411517731737813,1999-08,0.15049477149794316,-0.019826407152900585,
1999-10,JPY,1997.0,0.3142227885238768,-0.041654313444015656,1999-08,0.4395153189217009,-0.05260717451554121,
1999-10,GBP,1997.0,-0.15121733042852545,-0.018420264706991846,1999-08,-0.015342688381024936,0.016244780260170337,
1999-10,CAD,1997.0,-0.07960350260884189,-0.008523278989223865,1999-08,-0.3806070262338724,0.009786858058367327,
1999-10,SEK,1997.0,0.07983951133132627,-0.0055102659255179265,1999-08,-0.11964768933938429,-0.02793181521471886,
1999-11,BRL,1997.0,-0.09797844399419953,-0.005665747090787265,1999-09,0.48527505845714275,-0.04050639489116001,
1999-11,EUR,1997.0,-0.039556344541769,-0.01411517731737813,1999-09,0.14945801369463946,-0.015976659833914098,
1999-11,JPY,1997.0,0.3142227885238768,-0.041654313444015656,1999-09,0.4359763036119219,-0.04239730961433756,
1999-11,GBP,1997.0,-0.15121733042852545,-0.018420264706991846,1999-09,-0.015380812359933356,0.013670490502791333,
1999-11,CAD,1997.0,-0.07960350260884189,-0.008523278989223865,1999-09,-0.38129686138801966,0.0031199312439507748,
1999-11,SEK,1997.0,0.07983951133132627,-0.0055102659255179265,1999-09,-0.12249248837859941,-0.027426868496919117,
1999-12,BRL,1997.0,-0.09797844399419953,-0.005665747090787265,1999-10,0.4793193460859272,-0.06780962019998421,
1999-12,EUR,1997.0,-0.039556344541769,-0.01411517731737813,1999-10,0.14864446815143312,-0.015765730029793635,
1999-12,JPY,1997.0,0.3142227885238768,-0.041654313444015656,1999-10,0.43334048038650924,-0.040169158987785364,
1999-12,GBP,1997.0,-0.15121733042852545,-0.018420264706991846,1999-10,-0.01541975937083071,0.01734327612879899,
1999-12,CAD,1997.0,-0.07960350260884189,-0.008523278989223865,1999-10,-0.3756151704529539,0.01124123599367,
1999-12,SEK,1997.0,0.07983951133132627,-0.0055102659255179265,1999-10,-0.1190312560174293,-0.021850119046627533,
2000-01,BRL,1998.0,-0.12035614780708792,-0.022377703812888394,1999-11,0.48265407892590734,-0.07144537108369572,
2000-01,EUR,1998.0,-0.018548566927395968,0.02100777761437303,1999-11,0.1494465308268727,-0.014122162968894878,
2000-01,JPY,1998.0,0.35320788342184645,0.03898509489796964,1999-11,0.4348070363549041,-0.035947301090936086,
2000-01,GBP,1998.0,-0.14971788475756204,0.0014994456709634119,1999-11,-0.01679642777300487,0.01619780719979845,
2000-01,CAD,1998.0,-0.12006664176041645,-0.04046313915157457,1999-11,-0.3730126187296612,0.016722598857960205,
2000-01,SEK,1998.0,0.07835894700746096,-0.0014805643238653132,1999-11,-0.11561267613830783,-0.014594397990698022,
2000-02,BRL,1998.0,-0.12035614780708792,-0.022377703812888394,1999-12,0.47875857890418744,-0.08737107946003622,
2000-02,EUR,1998.0,-0.018548566927395968,0.02100777761437303,1999-12,0.14999942001307165,-0.025126836247394146,
2000-02,JPY,1998.0,0.35320788342184645,0.03898509489796964,1999-12,0.4375990644013121,-0.06763580631458944,
2000-02,GBP,1998.0,-0.14971788475756204,0.0014994456709634119,1999-12,-0.014636280276048078,0.021083433123593284,
2000-02,CAD,1998.0,-0.12006664176041645,-0.04046313915157457,1999-12,-0.37786145279740446,0.0260092288846636,
2000-02,SEK,1998.0,0.07835894700746096,-0.0014805643238653132,1999-12,-0.11971919377357824,-0.026068095441467345,
2000-03,BRL,1998.0,-0.12035614780708792,-0.022377703812888394,2000-01,0.48891096487883573,-0.06441914744227194,
2000-03,EUR,1998.0,-0.018548566927395968,0.02100777761437303,2000-01,0.14605945581479846,-0.025060714111112933,
2000-03,JPY,1998.0,0.35320788342184645,0.03898509489796964,2000-01,0.42412430373120247,-0.07008844346235284,
2000-03,GBP,1998.0,-0.14971788475756204,0.0014994456709634119,2000-01,-0.016315669726794768,0.01730170165708854,
2000-03,CAD,1998.0,-0.12006664176041645,-0.04046313915157457,2000-01,-0.37266739799047954,0.025650117885349946,
2000-03,SEK,1998.0,0.07835894700746096,-0.0014805643238653132,2000-01,-0.12176101010495924,-0.026378875568236138,
2000-04,BRL,1998.0,-0.12035614780708792,-0.022377703812888394,2000-02,0.4858330832408249,-0.06339301390498349,
2000-04,EUR,1998.0,-0.018548566927395968,0.02100777761437303,2000-02,0.13871749338932007,-0.03839754203811712,
2000-04,JPY,1998.0,0.35320788342184645,0.03898509489796964,2000-02,0.4007903276494719,-0.11199034180174829,
2000-04,GBP,1998.0,-0.14971788475756204,0.0014994456709634119,2000-02,-0.01699225439469257,0.016264666581776614,
2000-04,CAD,1998.0,-0.12006664176041645,-0.04046313915157457,2000-02,-0.35814756162806766,0.045054773760994954,
2000-04,SEK,1998.0,0.07835894700746096,-0.0014805643238653132,2000-02,-0.12118878107793854,-0.030725835619257943,
2000-05,BRL,1998.0,-0.12035614780708792,-0.022377703812888394,2000-03,0.4809137567320789,-0.05696000784012044,
2000-05,EUR,1998.0,-0.018548566927395968,0.02100777761437303,2000-03,0.13805202682281884,-0.03325467299381881,
2000-05,JPY,1998.0,0.35320788342184645,0.03898509489796964,2000-03,0.39952985571998106,-0.09706678648788811,
2000-05,GBP,1998.0,-0.14971788475756204,0.0014994456709634119,2000-03,-0.015848724493592176,0.014248701659604908,
2000-05,CAD,1998.0,-0.12006664176041645,-0.04046313915157457,2000-03,-0.3586217329109378,0.04065188396905705,
2000-05,SEK,1998.0,0.07835894700746096,-0.0014805643238653132,2000-03,-0.12264519949305876,-0.025551606588469614,
2000-06,BRL,1998.0,-0.12035614780708792,-0.022377703812888394,2000-04,0.48465068809921935,-0.029541186651908847,
2000-06,EUR,1998.0,-0.018548566927395968,0.02100777761437303,2000-04,0.13995688964358707,-0.022201841924273238,
2000-06,JPY,1998.0,0.35320788342184645,0.03898509489796964,2000-04,0.4049707111810868,-0.06639353183999824,
2000-06,GBP,1998.0,-0.14971788475756204,0.0014994456709634119,2000-04,-0.017262033165574744,0.007068525451485478,
2000-06,CAD,1998.0,-0.12006664176041645,-0.04046313915157457,2000-04,-0.3602126050614961,0.03074141653428747,
2000-06,SEK,1998.0,0.07835894700746096,-0.0014805643238653132,2000-04,-0.11998155418586345,-0.013748817036019738,
2000-07,BRL,1998.0,-0.12035614780708792,-0.022377703812888394,2000-05,0.4721162514271596,-0.036995373425319715,
2000-07,EUR,1998.0,-0.018548566927395968,0.02100777761437303,2000-05,0.12932522253221887,-0.031378121168261615,
2000-07,JPY,1998.0,0.35320788342184645,0.03898509489796964,2000-05,0.3737657233663823,-0.09319175011019293,
2000-07,GBP,1998.0,-0.14971788475756204,0.0014994456709634119,2000-05,-0.014071953012159005,0.00956144128835242,
2000-07,CAD,1998.0,-0.12006664176041645,-0.04046313915157457,2000-05,-0.3491594619879185,0.03756036041809097,
2000-07,SEK,1998.0,0.07835894700746096,-0.0014805643238653132,2000-05,-0.1283712948588645,-0.02275439887876111,
2000-08,BRL,1998.0,-0.12035614780708792,-0.022377703812888394,2000-06,0.4396557977065252,-0.06343212395205823,
2000-08,EUR,1998.0,-0.018548566927395968,0.02100777761437303,2000-06,0.12644271560843223,-0.03400075484174056,
2000-08,JPY,1998.0,0.35320788342184645,0.03898509489796964,2000-06,0.36874588042817,-0.09829335283837153,
2000-08,GBP,1998.0,-0.14971788475756204,0.0014994456709634119,2000-06,-0.007896978978865866,0.014581002770865943,
2000-08,CAD,1998.0,-0.12006664176041645,-0.04046313915157457,2000-06,-0.3466097491603895,0.04073197544845162,
2000-08,SEK,1998.0,0.07835894700746096,-0.0014805643238653132,2000-06,-0.13144425413359165,-0.02504378421225661,
2000-09,BRL,1998.0,-0.12035614780708792,-0.022377703812888394,2000-07,0.43376956730716193,-0.04912441629408418,
2000-09,EUR,1998.0,-0.018548566927395968,0.02100777761437303,2000-07,0.13415186919853764,-0.026128017729773013,
2000-09,JPY,1998.0,0.35320788342184645,0.03898509489796964,2000-07,0.39282276003546596,-0.07579313447861734,
2000-09,GBP,1998.0,-0.14971788475756204,0.0014994456709634119,2000-07,-0.0071805709336261675,0.01044161171968467,
2000-09,CAD,1998.0,-0.12006664176041645,-0.04046313915157457,2000-07,-0.3536113383447848,0.03341764650601062,
2000-09,SEK,1998.0,0.07835894700746096,-0.0014805643238653132,2000-07,-0.12569603725675121,-0.01689476693983227,
2000-10,BRL,1998.0,-0.12035614780708792,-0.022377703812888394,2000-08,0.4252147943497472,-0.054953992156258256,
2000-10,EUR,1998.0,-0.018548566927395968,0.02100777761437303,2000-08,0.12949155425974465,-0.021003217238198518,
2000-10,JPY,1998.0,0.35320788342184645,0.03898509489796964,2000-08,0.379294140691665,-0.06022117823003595,
2000-10,GBP,1998.0,-0.14971788475756204,0.0014994456709634119,2000-08,-0.005684808431825179,0.009657879949199765,
2000-10,CAD,1998.0,-0.12006664176041645,-0.04046313915157457,2000-08,-0.34743348429968773,0.033173541934184626,
2000-10,SEK,1998.0,0.07835894700746096,-0.0014805643238653132,2000-08,-0.12805612252964857,-0.008408433190264297,
2000-11,BRL,1998.0,-0.12035614780708792,-0.022377703812888394,2000-09,0.42566721907913946,-0.0596078393780033,
2000-11,EUR,1998.0,-0.018548566927395968,0.02100777761437303,2000-09,0.11976889919383911,-0.02968911450080032,
2000-11,JPY,1998.0,0.35320788342184645,0.03898509489796964,2000-09,0.34956557125535836,-0.08641073235656357,
2000-11,GBP,1998.0,-0.14971788475756204,0.0014994456709634119,2000-09,-0.00471692511757955,0.010663887242353804,
2000-11,CAD,1998.0,-0.12006664176041645,-0.04046313915157457,2000-09,-0.33835116217641603,0.042945699211603655,
2000-11,SEK,1998.0,0.07835894700746096,-0.0014805643238653132,2000-09,-0.13633324730029986,-0.013840758921700485,
2000-12,BRL,1998.0,-0.12035614780708792,-0.022377703812888394,2000-10,0.43043337732233705,-0.04888596876359005,
2000-12,EUR,1998.0,-0.018548566927395968,0.02100777761437303,2000-10,0.11985521413731735,-0.028789254014115754,
2000-12,JPY,1998.0,0.35320788342184645,0.03898509489796964,2000-10,0.34984752863887614,-0.08349295174763308,
2000-12,GBP,1998.0,-0.14971788475756204,0.0014994456709634119,2000-10,-0.005625072837485043,0.009794686533345672,
2000-12,CAD,1998.0,-0.12006664176041645,-0.04046313915157457,2000-10,-0.3410316767971145,0.03458349365583931,
2000-12,SEK,1998.0,0.07835894700746096,-0.0014805643238653132,2000-10,-0.1373006200863419,-0.018269364068912608,
2001-01,BRL,1999.0,-0.22519298565932722,-0.1048368378522393,2000-11,0.4241273785000599,-0.05852670042584749,
2001-01,EUR,1999.0,-0.009742118149795975,0.008806448777599993,2000-11,0.11559234989143917,-0.033854180935433534,
2001-01,JPY,1999.0,0.34976000516747063,-0.0034478782543758135,2000-11,0.33774830539534106,-0.09705873095956301,
2001-01,GBP,1999.0,-0.13414207642411136,0.01557580833345068,2000-11,-0.004264143419492798,0.012532284353512082,
2001-01,CAD,1999.0,-0.10542534414066462,0.01464129761975183,2000-11,-0.3376975857187052,0.03531503301095602,
2001-01,SEK,1999.0,0.052137416216068905,-0.026221530791392056,2000-11,-0.14093678717439628,-0.02532411103608845,
2001-02,BRL,1999.0,-0.22519298565932722,-0.1048368378522393,2000-12,0.42066721553283554,-0.05809136337135193,
2001-02,EUR,1999.0,-0.009742118149795975,0.008806448777599993,2000-12,0.10618398060441527,-0.04381543940865642,
2001-02,JPY,1999.0,0.34976000516747063,-0.0034478782543758135,2000-12,0.3094115303874386,-0.12818753401387337,
2001-02,GBP,1999.0,-0.13414207642411136,0.01557580833345068,2000-12,-0.0027802919535817204,0.01185598832246635,
2001-02,CAD,1999.0,-0.10542534414066462,0.01464129761975183,2000-12,-0.3286852578482713,0.04917619494913319,
2001-02,SEK,1999.0,0.052137416216068905,-0.026221530791392056,2000-12,-0.14864818758583068,-0.0289289938122524,
2001-03,BRL,1999.0,-0.22519298565932722,-0.1048368378522393,2001-01,0.4217454145150039,-0.06716555036383182,
2001-03,EUR,1999.0,-0.009742118149795975,0.008806448777599993,2001-01,0.10945077843637226,-0.03660867737842622,
2001-03,JPY,1999.0,0.34976000516747063,-0.0034478782543758135,2001-01,0.31952712123055627,-0.10459718250064622,
2001-03,GBP,1999.0,-0.13414207642411136,0.01557580833345068,2001-01,-0.002854606589913095,0.013461063136881666,
2001-03,CAD,1999.0,-0.10542534414066462,0.01464129761975183,2001-01,-0.33338761849004367,0.03927977950043589,
2001-03,SEK,1999.0,0.052137416216068905,-0.026221530791392056,2001-01,-0.1473902200493878,-0.025629209944428563,
2001-04,BRL,1999.0,-0.22519298565932722,-0.1048368378522393,2001-02,0.4318607513265284,-0.05397233191429653,
2001-04,EUR,1999.0,-0.009742118149795975,0.008806448777599993,2001-02,0.1222133111784673,-0.016504182210852755,
2001-04,JPY,1999.0,0.34976000516747063,-0.0034478782543758135,2001-02,0.357754245686091,-0.04303608196338091,
2001-04,GBP,1999.0,-0.13414207642411136,0.01557580833345068,2001-02,-0.00527307768341896,0.011719176711273607,
2001-04,CAD,1999.0,-0.10542534414066462,0.01464129761975183,2001-02,-0.3480216567827562,0.010125904845311444,
2001-04,SEK,1999.0,0.052137416216068905,-0.026221530791392056,2001-02,-0.13889549187429054,-0.017706710796351992,
2001-05,BRL,1999.0,-0.22519298565932722,-0.1048368378522393,2001-03,0.4370571739916743,-0.04385658274040465,
2001-05,EUR,1999.0,-0.009742118149795975,0.008806448777599993,2001-03,0.12950711404397158,-0.00854491277884726,
2001-05,JPY,1999.0,0.34976000516747063,-0.0034478782543758135,2001-03,0.38036746209317135,-0.019162393626809653,
2001-05,GBP,1999.0,-0.13414207642411136,0.01557580833345068,2001-03,-0.005744402725229275,0.010104321768362897,
2001-05,CAD,1999.0,-0.10542534414066462,0.01464129761975183,2001-03,-0.3603113078335818,-0.0016895749226439585,
2001-05,SEK,1999.0,0.052137416216068905,-0.026221530791392056,2001-03,-0.13718772243336338,-0.014542522940304618,
2001-06,BRL,1999.0,-0.22519298565932722,-0.1048368378522393,2001-04,0.42941707436078025,-0.055233613738439144,
2001-06,EUR,1999.0,-0.009742118149795975,0.008806448777599993,2001-04,0.13076123945289372,-0.009195650190693395,
2001-06,JPY,1999.0,0.34976000516747063,-0.0034478782543758135,2001-04,0.3852011208452821,-0.01976959033580463,
2001-06,GBP,1999.0,-0.13414207642411136,0.01557580833345068,2001-04,-0.004162807821702979,0.01309922534387177,
2001-06,CAD,1999.0,-0.10542534414066462,0.01464129761975183,2001-04,-0.3623445074712115,-0.002131902409715449,
2001-06,SEK,1999.0,0.052137416216068905,-0.026221530791392056,2001-04,-0.1372052263620152,-0.017223672176151776,
2001-07,BRL,1999.0,-0.22519298565932722,-0.1048368378522393,2001-05,0.43878070018687726,-0.0333355512402823,
2001-07,EUR,1999.0,-0.009742118149795975,0.008806448777599993,2001-05,0.13500445477721953,0.0056792322450006545,
2001-07,JPY,1999.0,0.34976000516747063,-0.0034478782543758135,2001-05,0.39684703182383374,0.02308130845745137,
2001-07,GBP,1999.0,-0.13414207642411136,0.01557580833345068,2001-05,-0.006188507597079655,0.007883445415079335,
2001-07,CAD,1999.0,-0.10542534414066462,0.01464129761975183,2001-05,-0.3653751621281956,-0.016215700140277154,
2001-07,SEK,1999.0,0.052137416216068905,-0.026221530791392056,2001-05,-0.13321224993471967,-0.004840955075855169,
2001-08,BRL,1999.0,-0.22519298565932722,-0.1048368378522393,2001-06,0.4416672314384392,0.0020114337319140905,
2001-08,EUR,1999.0,-0.009742118149795975,0.008806448777599993,2001-06,0.14088514102492558,0.014442425416493347,
2001-08,JPY,1999.0,0.34976000516747063,-0.0034478782543758135,2001-06,0.4148003291840069,0.046054448755836905,
2001-08,GBP,1999.0,-0.13414207642411136,0.01557580833345068,2001-06,-0.00714124167145415,0.0007557373074117148,
2001-08,CAD,1999.0,-0.10542534414066462,0.01464129761975183,2001-06,-0.37260312348078145,-0.025993374320392018,
2001-08,SEK,1999.0,0.052137416216068905,-0.026221530791392056,2001-06,-0.1292834744878287,0.002160779645762945,
2001-09,BRL,1999.0,-0.22519298565932722,-0.1048368378522393,2001-07,0.4646639197010114,0.0308943523938495,
2001-09,EUR,1999.0,-0.009742118149795975,0.008806448777599993,2001-07,0.14675906076453876,0.012607191566001128,
2001-09,JPY,1999.0,0.34976000516747063,-0.0034478782543758135,2001-07,0.4310878041356543,0.03826504410018827,
2001-09,GBP,1999.0,-0.13414207642411136,0.01557580833345068,2001-07,-0.011281458582980844,-0.004100887649354676,
2001-09,CAD,1999.0,-0.10542534414066462,0.01464129761975183,2001-07,-0.38333776302824824,-0.029726424683463495,
2001-09,SEK,1999.0,0.052137416216068905,-0.026221530791392056,2001-07,-0.12736399955600933,-0.001667962299258102,
2001-10,BRL,1999.0,-0.22519298565932722,-0.1048368378522393,2001-08,0.46368166497113544,0.03846687062138822,
2001-10,EUR,1999.0,-0.009742118149795975,0.008806448777599993,2001-08,0.14761912850176473,0.01812757424202008,
2001-10,JPY,1999.0,0.34976000516747063,-0.0034478782543758135,2001-08,0.4343147909564821,0.055020650264817186,
2001-10,GBP,1999.0,-0.13414207642411136,0.01557580833345068,2001-08,-0.010868052292512663,-0.00518324386068748,
2001-10,CAD,1999.0,-0.10542534414066462,0.01464129761975183,2001-08,-0.386684148490965,-0.03925066419127718,
2001-10,SEK,1999.0,0.052137416216068905,-0.026221530791392056,2001-08,-0.12835718986628666,-0.00030106733663808673,
2001-11,BRL,1999.0,-0.22519298565932722,-0.1048368378522393,2001-09,0.47596009361614755,0.05029287453700817,
2001-11,EUR,1999.0,-0.009742118149795975,0.008806448777599993,2001-09,0.16034169346591762,0.0405727942720785,
2001-11,JPY,1999.0,0.34976000516747063,-0.0034478782543758135,2001-09,0.4722955062514187,0.12272993499606029,
2001-11,GBP,1999.0,-0.13414207642411136,0.01557580833345068,2001-09,-0.013741031212095673,-0.009024106094516118,
2001-11,CAD,1999.0,-0.10542534414066462,0.01464129761975183,2001-09,-0.40180237718015993,-0.06345121500374393,
2001-11,SEK,1999.0,0.052137416216068905,-0.026221530791392056,2001-09,-0.11998363409224592,0.016349613208053945,
2001-12,BRL,1999.0,-0.22519298565932722,-0.1048368378522393,2001-10,0.4708900793175652,0.04045670199522811,
2001-12,EUR,1999.0,-0.009742118149795975,0.008806448777599993,2001-10,0.1651640573009258,0.04530884316360839,
2001-12,JPY,1999.0,0.34976000516747063,-0.0034478782543758135,2001-10,0.48839612605390104,0.13854859741502495,
2001-12,GBP,1999.0,-0.13414207642411136,0.01557580833345068,2001-10,-0.01207010755687734,-0.006445034719392287,
2001-12,CAD,1999.0,-0.10542534414066462,0.01464129761975183,2001-10,-0.4110871214325425,-0.07005544463542797,
2001-12,SEK,1999.0,0.052137416216068905,-0.026221530791392056,2001-10,-0.12027377752323559,0.01702684256310632,
2002-01,BRL,2000.0,-0.2672479111492866,-0.04205492548995937,2001-11,0.48511203229620015,0.06098465379614028,
2002-01,EUR,2000.0,-0.05140603070546626,-0.041663912555670285,2001-11,0.16791634411730522,0.052323994225866054,
2002-01,JPY,2000.0,0.29382797044973297,-0.055932034717737666,2001-11,0.4953001235008974,0.15755181810555638,
2002-01,GBP,2000.0,-0.1446140140942298,-0.010471937670118447,2001-11,-0.014446083944011805,-0.010181940524519009,
2002-01,CAD,2000.0,-0.06277856117041225,0.04264678297025237,2001-11,-0.4147508941968126,-0.07705330847810743,
2002-01,SEK,2000.0,0.03521478486506008,-0.016922631351008827,2001-11,-0.11900520066355802,0.021931586510838267,
2002-02,BRL,2000.0,-0.2672479111492866,-0.04205492548995937,2001-12,0.4870603510319574,0.0663931354991218,
2002-02,EUR,2000.0,-0.05140603070546626,-0.041663912555670285,2001-12,0.1661890180863461,0.06000503748193086,
2002-02,JPY,2000.0,0.29382797044973297,-0.055932034717737666,2001-12,0.48926996450589555,0.17985843411845684,
2002-02,GBP,2000.0,-0.1446140140942298,-0.010471937670118447,2001-12,-0.015257350563503106,-0.012477058609921371,
2002-02,CAD,2000.0,-0.06277856117041225,0.04264678297025237,2001-12,-0.410116100909259,-0.08143084306098775,
2002-02,SEK,2000.0,0.03521478486506008,-0.016922631351008827,2001-12,-0.1179862884314404,0.03066189915439025,
2002-03,BRL,2000.0,-0.2672479111492866,-0.04205492548995937,2002-01,0.4933552808116762,0.0716098662966723,
2002-03,EUR,2000.0,-0.05140603070546626,-0.041663912555670285,2002-01,0.1654411865949473,0.05599040815857511,
2002-03,JPY,2000.0,0.29382797044973297,-0.055932034717737666,2002-01,0.4853711633625389,0.16584404213198262,
2002-03,GBP,2000.0,-0.1446140140942298,-0.010471937670118447,2002-01,-0.017403133507933037,-0.014548526918019946,
2002-03,CAD,2000.0,-0.06277856117041225,0.04264678297025237,2002-01,-0.40436517382543413,-0.07097755533539046,
2002-03,SEK,2000.0,0.03521478486506008,-0.016922631351008827,2002-01,-0.11439083827972982,0.032999381769657984,
2002-04,BRL,2000.0,-0.2672479111492866,-0.04205492548995937,2002-02,0.4875651571456624,0.05570440581913392,
2002-04,EUR,2000.0,-0.05140603070546626,-0.041663912555670285,2002-02,0.16397997091913052,0.04176665974066324,
2002-04,JPY,2000.0,0.29382797044973297,-0.055932034717737666,2002-02,0.48118969278831236,0.12343544710222136,
2002-04,GBP,2000.0,-0.1446140140942298,-0.010471937670118447,2002-02,-0.01667881718406995,-0.011405739500650994,
2002-04,CAD,2000.0,-0.06277856117041225,0.04264678297025237,2002-02,-0.4007839741275193,-0.052762317344763096,
2002-04,SEK,2000.0,0.03521478486506008,-0.016922631351008827,2002-02,-0.11392203670502929,0.024973455169261246,
2002-05,BRL,2000.0,-0.2672479111492866,-0.04205492548995937,2002-03,0.4629689680262617,0.025911794034587342,
2002-05,EUR,2000.0,-0.05140603070546626,-0.041663912555670285,2002-03,0.15107275149833158,0.021565637454360014,
2002-05,JPY,2000.0,0.29382797044973297,-0.055932034717737666,2002-03,0.44402388247423685,0.06365642038106555,
2002-05,GBP,2000.0,-0.1446140140942298,-0.010471937670118447,2002-03,-0.011499782894049708,-0.005755380168820416,
2002-05,CAD,2000.0,-0.06277856117041225,0.04264678297025237,2002-03,-0.3853440909732412,-0.025032783139659343,
2002-05,SEK,2000.0,0.03521478486506008,-0.016922631351008827,2002-03,-0.12269627381219018,0.01449144862117321,
2002-06,BRL,2000.0,-0.2672479111492866,-0.04205492548995937,2002-04,0.45083954894633405,0.021422474585553842,
2002-06,EUR,2000.0,-0.05140603070546626,-0.041663912555670285,2002-04,0.1461850001066152,0.0154237606537215,
2002-06,JPY,2000.0,0.29382797044973297,-0.055932034717737666,2002-04,0.4305523622744901,0.045351241429208,
2002-06,GBP,2000.0,-0.1446140140942298,-0.010471937670118447,2002-04,-0.008651036391286228,-0.004488228569583251,
2002-06,CAD,2000.0,-0.06277856117041225,0.04264678297025237,2002-04,-0.3811073067837681,-0.01876279931255655,
2002-06,SEK,2000.0,0.03521478486506008,-0.016922631351008827,2002-04,-0.1274347587052017,0.009770467656813508,
2002-07,BRL,2000.0,-0.2672479111492866,-0.04205492548995937,2002-05,0.4499142214476528,0.011133521260775586,
2002-07,EUR,2000.0,-0.05140603070546626,-0.041663912555670285,2002-05,0.14487020222515795,0.009865747447938392,
2002-07,JPY,2000.0,0.29382797044973297,-0.055932034717737666,2002-05,0.4266900540051458,0.029843022181312153,
2002-07,GBP,2000.0,-0.1446140140942298,-0.010471937670118447,2002-05,-0.008490690239924211,-0.002302182642844553,
2002-07,CAD,2000.0,-0.06277856117041225,0.04264678297025237,2002-05,-0.3799550326267328,-0.014579870498537182,
2002-07,SEK,2000.0,0.03521478486506008,-0.016922631351008827,2002-05,-0.12835660669276133,0.00485564324195833,
2002-08,BRL,2000.0,-0.2672479111492866,-0.04205492548995937,2002-06,0.46920296263982497,0.027535731201385732,
2002-08,EUR,2000.0,-0.05140603070546626,-0.041663912555670285,2002-06,0.1442249703623772,0.0033398293374516286,
2002-08,JPY,2000.0,0.29382797044973297,-0.055932034717737666,2002-06,0.42140419586342953,0.006603866679422614,
2002-08,GBP,2000.0,-0.1446140140942298,-0.010471937670118447,2002-06,-0.013854454767488616,-0.006713213096034468,
2002-08,CAD,2000.0,-0.06277856117041225,0.04264678297025237,2002-06,-0.37263552820118057,-3.240472039902991e-05,
2002-08,SEK,2000.0,0.03521478486506008,-0.016922631351008827,2002-06,-0.12225601590584854,0.007027458581980161,
2002-09,BRL,2000.0,-0.2672479111492866,-0.04205492548995937,2002-07,0.48585803325756,0.02119411355654853,
2002-09,EUR,2000.0,-0.05140603070546626,-0.041663912555670285,2002-07,0.1407843131755163,-0.005974747589022477,
2002-09,JPY,2000.0,0.29382797044973297,-0.055932034717737666,2002-07,0.40922563564978925,-0.021862168485864968,
2002-09,GBP,2000.0,-0.1446140140942298,-0.010471937670118447,2002-07,-0.016925510979518412,-0.005644052396537557,
2002-09,CAD,2000.0,-0.06277856117041225,0.04264678297025237,2002-07,-0.3701880216273322,0.013149741400916036,
2002-09,SEK,2000.0,0.03521478486506008,-0.016922631351008827,2002-07,-0.1245284883825153,0.0028355111734940314,
2002-10,BRL,2000.0,-0.2672479111492866,-0.04205492548995937,2002-08,0.49171329642898876,0.028031631457853343,
2002-10,EUR,2000.0,-0.05140603070546626,-0.041663912555670285,2002-08,0.13550113819123716,-0.012117990310527578,
2002-10,JPY,2000.0,0.29382797044973297,-0.055932034717737666,2002-08,0.39257713036128566,-0.0417376605951965,
2002-10,GBP,2000.0,-0.1446140140942298,-0.010471937670118447,2002-08,-0.018303572192797338,-0.007435519900284685,
2002-10,CAD,2000.0,-0.06277856117041225,0.04264678297025237,2002-08,-0.36519716688458914,0.021486981606375813,
2002-10,SEK,2000.0,0.03521478486506008,-0.016922631351008827,2002-08,-0.12741542630833164,0.0009417635579550205,
2002-11,BRL,2000.0,-0.2672479111492866,-0.04205492548995937,2002-09,0.4939491074698248,0.01798901385367723,
2002-11,EUR,2000.0,-0.05140603070546626,-0.041663912555670285,2002-09,0.1260186452675706,-0.034323048198347035,
2002-11,JPY,2000.0,0.29382797044973297,-0.055932034717737666,2002-09,0.363606987818924,-0.1086885184324947,
2002-11,GBP,2000.0,-0.1446140140942298,-0.010471937670118447,2002-09,-0.01797289424854809,-0.004231863036452417,
2002-11,CAD,2000.0,-0.06277856117041225,0.04264678297025237,2002-09,-0.35716132257604544,0.04464105460411449,
2002-11,SEK,2000.0,0.03521478486506008,-0.016922631351008827,2002-09,-0.13534871090102218,-0.01536507680877624,
2002-12,BRL,2000.0,-0.2672479111492866,-0.04205492548995937,2002-10,0.4835869420022297,0.012696862684664514,
2002-12,EUR,2000.0,-0.05140603070546626,-0.041663912555670285,2002-10,0.12412078374434722,-0.04104327355657855,
2002-12,JPY,2000.0,0.29382797044973297,-0.055932034717737666,2002-10,0.3591237086607776,-0.12927241739312348,
2002-12,GBP,2000.0,-0.1446140140942298,-0.010471937670118447,2002-10,-0.015445731988010511,-0.0033756244311331732,
2002-12,CAD,2000.0,-0.06277856117041225,0.04264678297025237,2002-10,-0.3562993984146621,0.054787723017880395,
2002-12,SEK,2000.0,0.03521478486506008,-0.016922631351008827,2002-10,-0.13831077826559623,-0.01803700074236065,
2003-01,BRL,2001.0,-0.2853038933349992,-0.018055982185712638,2002-11,0.4941620072663294,0.009049974970129255,
2003-01,EUR,2001.0,-0.05078477337988123,0.0006212573255850312,2002-11,0.1272970415649658,-0.04061930255233942,
2003-01,JPY,2001.0,0.29504320770576264,0.0012152372560296776,2002-11,0.36708199168541705,-0.12821813181548042,
2003-01,GBP,2001.0,-0.1274771387510933,0.017136875343136515,2002-11,-0.017939629210413265,-0.003493545266401468,
2003-01,CAD,2001.0,-0.07562997497837312,-0.01285141380796087,2002-11,-0.35667293292416363,0.05807796127264893,
2003-01,SEK,2001.0,0.022840921381428597,-0.012373863483631481,2002-11,-0.13383957082523218,-0.01483437016167416,
2003-02,BRL,2001.0,-0.2853038933349992,-0.018055982185712638,2002-12,0.47022227537303724,-0.016838075658920183,
2003-02,EUR,2001.0,-0.05078477337988123,0.0006212573255850312,2002-12,0.11985150427715924,-0.04633751380918686,
2003-02,JPY,2001.0,0.29504320770576264,0.0012152372560296776,2002-12,0.3464536445690909,-0.1428163199368047,
2003-02,GBP,2001.0,-0.1274771387510933,0.017136875343136515,2002-12,-0.013661380092094257,0.001595970471408837,
2003-02,CAD,2001.0,-0.07562997497837312,-0.01285141380796087,2002-12,-0.3459040907875611,0.0642120101216979,
2003-02,SEK,2001.0,0.022840921381428597,-0.012373863483631481,2002-12,-0.13743004041872292,-0.01944375198728251,
2003-03,BRL,2001.0,-0.2853038933349992,-0.018055982185712638,2003-01,0.45522235593232135,-0.038132924879354824,
2003-03,EUR,2001.0,-0.05078477337988123,0.0006212573255850312,2003-01,0.11354795632623406,-0.051893230268713286,
2003-03,JPY,2001.0,0.29504320770576264,0.0012152372560296776,2003-01,0.32802641214858475,-0.15734475121395416,
2003-03,GBP,2001.0,-0.1274771387510933,0.017136875343136515,2003-01,-0.01090935557603244,0.0064937779319006,
2003-03,CAD,2001.0,-0.07562997497837312,-0.01285141380796087,2003-01,-0.33521550657104415,0.06914966725438995,
2003-03,SEK,2001.0,0.022840921381428597,-0.012373863483631481,2003-01,-0.13980040620729206,-0.02540956792756224,
2003-04,BRL,2001.0,-0.2853038933349992,-0.018055982185712638,2003-02,0.4310226837243553,-0.05654247342130702,
2003-04,EUR,2001.0,-0.05078477337988123,0.0006212573255850312,2003-02,0.10083233773614095,-0.06314763318298958,
2003-04,JPY,2001.0,0.29504320770576264,0.0012152372560296776,2003-02,0.2912066867135616,-0.18998300607475077,
2003-04,GBP,2001.0,-0.1274771387510933,0.017136875343136515,2003-02,-0.006194488867942075,0.010484328316127878,
2003-04,CAD,2001.0,-0.07562997497837312,-0.01285141380796087,2003-02,-0.31874216935007227,0.08204180477744703,
2003-04,SEK,2001.0,0.022840921381428597,-0.012373863483631481,2003-02,-0.1472298211972896,-0.033307784492260316,
2003-05,BRL,2001.0,-0.2853038933349992,-0.018055982185712638,2003-03,0.44625180769647704,-0.016717160329784576,
2003-05,EUR,2001.0,-0.05078477337988123,0.0006212573255850312,2003-03,0.11221750785906916,-0.038855243639262446,
2003-05,JPY,2001.0,0.29504320770576264,0.0012152372560296776,2003-03,0.3238280556668818,-0.12019582680735516,
2003-05,GBP,2001.0,-0.1274771387510933,0.017136875343136515,2003-03,-0.010841441742386276,0.0006583411516634233,
2003-05,CAD,2001.0,-0.07562997497837312,-0.01285141380796087,2003-03,-0.3270865064569742,0.05825758451626699,
2003-05,SEK,2001.0,0.022840921381428597,-0.012373863483631481,2003-03,-0.135109619412573,-0.012413345600382823,
2003-06,BRL,2001.0,-0.2853038933349992,-0.018055982185712638,2003-04,0.46235691570572746,0.011517366759393433,
2003-06,EUR,2001.0,-0.05078477337988123,0.0006212573255850312,2003-04,0.12102148078887758,-0.025163519317737606,
2003-06,JPY,2001.0,0.29504320770576264,0.0012152372560296776,2003-04,0.3494617353244661,-0.081090626950024,
2003-06,GBP,2001.0,-0.1274771387510933,0.017136875343136515,2003-04,-0.014126777023086057,-0.005475740631799835,
2003-06,CAD,2001.0,-0.07562997497837312,-0.01285141380796087,2003-04,-0.33867694919783753,0.042430357585930556,
2003-06,SEK,2001.0,0.022840921381428597,-0.012373863483631481,2003-04,-0.12982952871590964,-0.0023947700107079355,
2003-07,BRL,2001.0,-0.2853038933349992,-0.018055982185712638,2003-05,0.4598865860950915,0.009972364647438583,
2003-07,EUR,2001.0,-0.05078477337988123,0.0006212573255850312,2003-05,0.1166547142837934,-0.028215487941364515,
2003-07,JPY,2001.0,0.29504320770576264,0.0012152372560296776,2003-05,0.3364601247014442,-0.09022992930370165,
2003-07,GBP,2001.0,-0.1274771387510933,0.017136875343136515,2003-05,-0.012796171406658037,-0.004305481166733818,
2003-07,CAD,2001.0,-0.07562997497837312,-0.01285141380796087,2003-05,-0.33514596377212574,0.04480906885460708,
2003-07,SEK,2001.0,0.022840921381428597,-0.012373863483631481,2003-05,-0.13453322268825219,-0.006176615995490847,
2003-08,BRL,2001.0,-0.2853038933349992,-0.018055982185712638,2003-06,0.4506498507235829,-0.018553111916242086,
2003-08,EUR,2001.0,-0.05078477337988123,0.0006212573255850312,2003-06,0.11659854425224875,-0.027626426110128458,
2003-08,JPY,2001.0,0.29504320770576264,0.0012152372560296776,2003-06,0.3368318772283547,-0.08457231863507482,
2003-08,GBP,2001.0,-0.1274771387510933,0.017136875343136515,2003-06,-0.01137597534133521,0.002478479426153411,
2003-08,CAD,2001.0,-0.07562997497837312,-0.01285141380796087,2003-06,-0.3324535541210199,0.04018197408016065,
2003-08,SEK,2001.0,0.022840921381428597,-0.012373863483631481,2003-06,-0.13310889440564014,-0.010852878499791588,
2003-09,BRL,2001.0,-0.2853038933349992,-0.018055982185712638,2003-07,0.4494359088395542,-0.036422124418005755,
2003-09,EUR,2001.0,-0.05078477337988123,0.0006212573255850312,2003-07,0.12225878730807445,-0.018525525867441824,
2003-09,JPY,2001.0,0.29504320770576264,0.0012152372560296776,2003-07,0.35403387190561403,-0.05519176374417522,
2003-09,GBP,2001.0,-0.1274771387510933,0.017136875343136515,2003-07,-0.01167777115424311,0.005247739825275298,
2003-09,CAD,2001.0,-0.07562997497837312,-0.01285141380796087,2003-07,-0.3368238978989631,0.033364123728369145,
2003-09,SEK,2001.0,0.022840921381428597,-0.012373863483631481,2003-07,-0.1280387621312848,-0.003510273748769487,
2003-10,BRL,2001.0,-0.2853038933349992,-0.018055982185712638,2003-08,0.4608378013094756,-0.030875495119513107,
2003-10,EUR,2001.0,-0.05078477337988123,0.0006212573255850312,2003-08,0.11819802633818224,-0.0173031118530549,
2003-10,JPY,2001.0,0.29504320770576264,0.0012152372560296776,2003-08,0.3403167141115285,-0.05226041624975716,
2003-10,GBP,2001.0,-0.1274771387510933,0.017136875343136515,2003-08,-0.013519310968958273,0.004784261223839065,
2003-10,CAD,2001.0,-0.07562997497837312,-0.01285141380796087,2003-08,-0.33281267051665,0.032384496367939185,
2003-10,SEK,2001.0,0.022840921381428597,-0.012373863483631481,2003-08,-0.1308374731752513,-0.003422046866919631,
2003-11,BRL,2001.0,-0.2853038933349992,-0.018055982185712638,2003-09,0.47982982543279956,-0.01411928203702532,
2003-11,EUR,2001.0,-0.05078477337988123,0.0006212573255850312,2003-09,0.12081091748436992,-0.005207727783200661,
2003-11,JPY,2001.0,0.29504320770576264,0.0012152372560296776,2003-09,0.3458066518174527,-0.017800336001471313,
2003-11,GBP,2001.0,-0.1274771387510933,0.017136875343136515,2003-09,-0.01790077343631574,7.212081223235167e-05,
2003-11,CAD,2001.0,-0.07562997497837312,-0.01285141380796087,2003-09,-0.3333243056390631,0.02383701693698232,
2003-11,SEK,2001.0,0.022840921381428597,-0.012373863483631481,2003-09,-0.1262902967078289,0.009058414193193285,
2003-12,BRL,2001.0,-0.2853038933349992,-0.018055982185712638,2003-10,0.49160916323753895,0.008022221235309154,
2003-12,EUR,2001.0,-0.05078477337988123,0.0006212573255850312,2003-10,0.11260699986508238,-0.011513783879264817,
2003-12,JPY,2001.0,0.29504320770576264,0.0012152372560296776,2003-10,0.31806636020707413,-0.041057348453703485,
2003-12,GBP,2001.0,-0.1274771387510933,0.017136875343136515,2003-10,-0.021256226192223546,-0.005810494204213038,
2003-12,CAD,2001.0,-0.07562997497837312,-0.01285141380796087,2003-10,-0.31764532810100166,0.03865407031366047,
2003-12,SEK,2001.0,0.022840921381428597,-0.012373863483631481,2003-10,-0.12589143536923694,0.012419342896359282,
2004-01,BRL,2002.0,-0.26662898146294217,0.018674911872057054,2003-11,0.506758303295549,0.012596296029219642,
2004-01,EUR,2002.0,-0.03509988295154997,0.01568489042833126,2003-11,0.10932813737818874,-0.01796890418677708,
2004-01,JPY,2002.0,0.28911539485109183,-0.005927812854670811,2003-11,0.30613503241173606,-0.06094695927368096,
2004-01,GBP,2002.0,-0.11821749632480333,0.00925964242628996,2003-11,-0.02379977285207632,-0.005860143641663046,
2004-01,CAD,2002.0,-0.09896178111069405,-0.02333180613232093,2003-11,-0.313637250140122,0.043035682784041684,
2004-01,SEK,2002.0,0.0031323372268161898,-0.019708584154612407,2003-11,-0.12772790978612272,0.006111661039109448,
2004-02,BRL,2002.0,-0.26662898146294217,0.018674911872057054,2003-12,0.495065773910354,0.024843498537316776,
2004-02,EUR,2002.0,-0.03509988295154997,0.01568489042833126,2003-12,0.09803895097608396,-0.02181255330107529,
2004-02,JPY,2002.0,0.28911539485109183,-0.005927812854670811,2003-12,0.27297311149774384,-0.07348053307134697,
2004-02,GBP,2002.0,-0.11821749632480333,0.00925964242628996,2003-12,-0.019931938425615907,-0.006270558333521648,
2004-02,CAD,2002.0,-0.09896178111069405,-0.02333180613232093,2003-12,-0.3033028974125463,0.042601193375014834,
2004-02,SEK,2002.0,0.0031323372268161898,-0.019708584154612407,2003-12,-0.13854084659130952,-0.001110806172586596,
2004-03,BRL,2002.0,-0.26662898146294217,0.018674911872057054,2004-01,0.5043283641728908,0.049106008240569474,
2004-03,EUR,2002.0,-0.03509988295154997,0.01568489042833126,2004-01,0.09477626882555609,-0.018771687500677967,
2004-03,JPY,2002.0,0.28911539485109183,-0.005927812854670811,2004-01,0.26159409439808196,-0.06643231775050276,
2004-03,GBP,2002.0,-0.11821749632480333,0.00925964242628996,2004-01,-0.02092064027124764,-0.010011284695215202,
2004-03,CAD,2002.0,-0.09896178111069405,-0.02333180613232093,2004-01,-0.2989158030645996,0.03629970350644458,
2004-03,SEK,2002.0,0.0031323372268161898,-0.019708584154612407,2004-01,-0.14110901543532342,-0.0013086092280313664,
2004-04,BRL,2002.0,-0.26662898146294217,0.018674911872057054,2004-02,0.5195107417560129,0.08848805803165755,
2004-04,EUR,2002.0,-0.03509988295154997,0.01568489042833126,2004-02,0.09724813327091812,-0.0035842044652228066,
2004-04,JPY,2002.0,0.28911539485109183,-0.005927812854670811,2004-02,0.26739679791934173,-0.02380988879421987,
2004-04,GBP,2002.0,-0.11821749632480333,0.00925964242628996,2004-02,-0.02363262347601848,-0.017438134608076396,
2004-04,CAD,2002.0,-0.09896178111069405,-0.02333180613232093,2004-02,-0.3015296104163637,0.017212558933708523,
2004-04,SEK,2002.0,0.0031323372268161898,-0.019708584154612407,2004-02,-0.1393813138174846,0.007848507379805015,
2004-05,BRL,2002.0,-0.26662898146294217,0.018674911872057054,2004-03,0.5243953818534213,0.07814357415694424,
2004-05,EUR,2002.0,-0.03509988295154997,0.01568489042833126,2004-03,0.09300932514446517,-0.019208182714603977,
2004-05,JPY,2002.0,0.28911539485109183,-0.005927812854670811,2004-03,0.2542124106993687,-0.06961564496751307,
2004-05,GBP,2002.0,-0.11821749632480333,0.00925964242628996,2004-03,-0.024138270237825943,-0.013296828495439669,
2004-05,CAD,2002.0,-0.09896178111069405,-0.02333180613232093,2004-03,-0.298970498367119,0.02811600808985519,
2004-05,SEK,2002.0,0.0031323372268161898,-0.019708584154612407,2004-03,-0.14341344861393332,-0.008303829201360323,
2004-06,BRL,2002.0,-0.26662898146294217,0.018674911872057054,2004-04,0.5137311928331454,0.05137427712741792,
2004-06,EUR,2002.0,-0.03509988295154997,0.01568489042833126,2004-04,0.09348629214397564,-0.02753518864490196,
2004-06,JPY,2002.0,0.28911539485109183,-0.005927812854670811,2004-04,0.2568351436840363,-0.0926265916404298,
2004-06,GBP,2002.0,-0.11821749632480333,0.00925964242628996,2004-04,-0.02225790873251041,-0.008131131709424342,
2004-06,CAD,2002.0,-0.09896178111069405,-0.02333180613232093,2004-04,-0.29912323664359614,0.039553712554241366,
2004-06,SEK,2002.0,0.0031323372268161898,-0.019708584154612407,2004-04,-0.14306381689934553,-0.013234288183435881,
2004-07,BRL,2002.0,-0.26662898146294217,0.018674911872057054,2004-05,0.483926902216717,0.024040316121625643,
2004-07,EUR,2002.0,-0.03509988295154997,0.01568489042833126,2004-05,0.09189554899994246,-0.024759165283850953,
2004-07,JPY,2002.0,0.28911539485109183,-0.005927812854670811,2004-05,0.2554773804417327,-0.08098274425971153,
2004-07,GBP,2002.0,-0.11821749632480333,0.00925964242628996,2004-05,-0.01705730683513292,-0.004261135428474885,
2004-07,CAD,2002.0,-0.09896178111069405,-0.02333180613232093,2004-05,-0.29759511354161555,0.037550850230510184,
2004-07,SEK,2002.0,0.0031323372268161898,-0.019708584154612407,2004-05,-0.14431246654791702,-0.009779243859664846,
2004-08,BRL,2002.0,-0.26662898146294217,0.018674911872057054,2004-06,0.48088640602470983,0.030236555301126983,
2004-08,EUR,2002.0,-0.03509988295154997,0.01568489042833126,2004-06,0.09672879394624517,-0.01986975030600359,
2004-08,JPY,2002.0,0.28911539485109183,-0.005927812854670811,2004-06,0.2704019317308774,-0.0664299454974774,
2004-08,GBP,2002.0,-0.11821749632480333,0.00925964242628996,2004-06,-0.01620984090682865,-0.004833865565493449,
2004-08,CAD,2002.0,-0.09896178111069405,-0.02333180613232093,2004-06,-0.30198611124332553,0.03046744287769436,
2004-08,SEK,2002.0,0.0031323372268161898,-0.019708584154612407,2004-06,-0.14156096341316704,-0.008452069007526897,
2004-09,BRL,2002.0,-0.26662898146294217,0.018674911872057054,2004-07,0.4673645294451137,0.017928620605559543,
2004-09,EUR,2002.0,-0.03509988295154997,0.01568489042833126,2004-07,0.10095958008692041,-0.021299207221154047,
2004-09,JPY,2002.0,0.28911539485109183,-0.005927812854670811,2004-07,0.2851072705906968,-0.06892660131491726,
2004-09,GBP,2002.0,-0.11821749632480333,0.00925964242628996,2004-07,-0.012609748744368115,-0.0009319775901250018,
2004-09,CAD,2002.0,-0.09896178111069405,-0.02333180613232093,2004-07,-0.30839218762849385,0.02843171027046922,
2004-09,SEK,2002.0,0.0031323372268161898,-0.019708584154612407,2004-07,-0.1420047504545933,-0.013965988323308502,
2004-10,BRL,2002.0,-0.26662898146294217,0.018674911872057054,2004-08,0.4570683140366104,-0.003769487272865207,
2004-10,EUR,2002.0,-0.03509988295154997,0.01568489042833126,2004-08,0.10360840313183109,-0.014589623206351146,
2004-10,JPY,2002.0,0.28911539485109183,-0.005927812854670811,2004-08,0.29474442011057966,-0.04557229400094878,
2004-10,GBP,2002.0,-0.11821749632480333,0.00925964242628996,2004-08,-0.010372698537315954,0.0031466124316423274,
2004-10,CAD,2002.0,-0.09896178111069405,-0.02333180613232093,2004-08,-0.31311839742781766,0.01969427308883229,
2004-10,SEK,2002.0,0.0031323372268161898,-0.019708584154612407,2004-08,-0.14205842335753188,-0.011220950182280594,
2004-11,BRL,2002.0,-0.26662898146294217,0.018674911872057054,2004-09,0.46000464830965676,-0.019825177123142808,
2004-11,EUR,2002.0,-0.03509988295154997,0.01568489042833126,2004-09,0.10551583930236647,-0.01529507818200347,
2004-11,JPY,2002.0,0.28911539485109183,-0.005927812854670811,2004-09,0.30001092115796024,-0.045795730659492453,
2004-11,GBP,2002.0,-0.11821749632480333,0.00925964242628996,2004-09,-0.011431008075354368,0.006469765360961371,
2004-11,CAD,2002.0,-0.09896178111069405,-0.02333180613232093,2004-09,-0.313621446108707,0.01970285953035614,
2004-11,SEK,2002.0,0.0031323372268161898,-0.019708584154612407,2004-09,-0.13926159112466285,-0.01297129441683395,
2004-12,BRL,2002.0,-0.26662898146294217,0.018674911872057054,2004-10,0.4357048443995681,-0.055904318837970784,
2004-12,EUR,2002.0,-0.03509988295154997,0.01568489042833126,2004-10,0.09750709400152634,-0.015099905863556026,
2004-12,JPY,2002.0,0.28911539485109183,-0.005927812854670811,2004-10,0.27810287610212425,-0.0399634841049498,
2004-12,GBP,2002.0,-0.11821749632480333,0.00925964242628996,2004-10,-0.005854729142160003,0.015401497050063542,
2004-12,CAD,2002.0,-0.09896178111069405,-0.02333180613232093,2004-10,-0.3051743490961357,0.012470979004865915,
2004-12,SEK,2002.0,0.0031323372268161898,-0.019708584154612407,2004-10,-0.14659738169128392,-0.020705946322046972,
2005-01,BRL,2003.0,-0.27883829193392484,-0.01220931047098267,2004-11,0.4500260594461297,-0.056732243849419314,
2005-01,EUR,2003.0,-0.019201723790311043,0.015898159161238927,2004-11,0.10161696217316483,-0.007711175205023905,
2005-01,JPY,2003.0,0.2578959870267773,-0.031219407824314538,2004-11,0.28968975615153847,-0.016445276260197553,
2005-01,GBP,2003.0,-0.1103566567047039,0.007860839620099425,2004-11,-0.007896451955513414,0.015903320896562902,
2005-01,CAD,2003.0,-0.045429821181346586,0.053531959929347464,2004-11,-0.3130830755757589,0.0005541745643631121,
2005-01,SEK,2003.0,-0.00034059461541724456,-0.0034729318422334343,2004-11,-0.14636172762019603,-0.018633817834073297,
2005-02,BRL,2003.0,-0.27883829193392484,-0.01220931047098267,2004-12,0.45151392486535413,-0.04355184904499987,
2005-02,EUR,2003.0,-0.019201723790311043,0.015898159161238927,2004-12,0.10114824112394694,0.0031092901478629894,
2005-02,JPY,2003.0,0.2578959870267773,-0.031219407824314538,2004-12,0.2883150376635074,0.015341926165763593,
2005-02,GBP,2003.0,-0.1103566567047039,0.007860839620099425,2004-12,-0.00774114066495071,0.012190797760665196,
2005-02,CAD,2003.0,-0.045429821181346586,0.053531959929347464,2004-12,-0.3140199720869651,-0.010717074674418858,
2005-02,SEK,2003.0,-0.00034059461541724456,-0.0034729318422334343,2004-12,-0.14798738958863034,-0.009446542997320825,
2005-03,BRL,2003.0,-0.27883829193392484,-0.01220931047098267,2005-01,0.45956483782122315,-0.044763526351667665,
2005-03,EUR,2003.0,-0.019201723790311043,0.015898159161238927,2005-01,0.09837838135696729,0.0036021125314112013,
2005-03,JPY,2003.0,0.2578959870267773,-0.031219407824314538,2005-01,0.2779230991256965,0.016329004727614522,
2005-03,GBP,2003.0,-0.1103566567047039,0.007860839620099425,2005-01,-0.00871258475520317,0.012208055516044475,
2005-03,CAD,2003.0,-0.045429821181346586,0.053531959929347464,2005-01,-0.30692470991102466,-0.008008906846425037,
2005-03,SEK,2003.0,-0.00034059461541724456,-0.0034729318422334343,2005-01,-0.14846343706064222,-0.007354421625318816,
2005-04,BRL,2003.0,-0.27883829193392484,-0.01220931047098267,2005-02,0.45612947568131496,-0.06338126607469784,
2005-04,EUR,2003.0,-0.019201723790311043,0.015898159161238927,2005-02,0.0976535231204857,0.0004053898495675769,
2005-04,JPY,2003.0,0.2578959870267773,-0.031219407824314538,2005-02,0.27550386079916106,0.008107062879819289,
2005-04,GBP,2003.0,-0.1103566567047039,0.007860839620099425,2005-02,-0.008605801578900826,0.015026821897117645,
2005-04,CAD,2003.0,-0.045429821181346586,0.053531959929347464,2005-02,-0.3029465015773087,-0.001416891160944937,
2005-04,SEK,2003.0,-0.00034059461541724456,-0.0034729318422334343,2005-02,-0.14664411010783665,-0.007262796290352056,
2005-05,BRL,2003.0,-0.27883829193392484,-0.01220931047098267,2005-03,0.4526109687223713,-0.07178441313105005,
2005-05,EUR,2003.0,-0.019201723790311043,0.015898159161238927,2005-03,0.0874253112841269,-0.005584013860338289,
2005-05,JPY,2003.0,0.2578959870267773,-0.031219407824314538,2005-03,0.24423181274125316,-0.009980597958115508,
2005-05,GBP,2003.0,-0.1103566567047039,0.007860839620099425,2005-03,-0.00769195107881303,0.01644631915901292,
2005-05,CAD,2003.0,-0.045429821181346586,0.053531959929347464,2005-03,-0.29055904365845325,0.008411454708665713,
2005-05,SEK,2003.0,-0.00034059461541724456,-0.0034729318422334343,2005-03,-0.15274630261619523,-0.009332854002261904,
2005-06,BRL,2003.0,-0.27883829193392484,-0.01220931047098267,2005-04,0.44182679723206897,-0.07190439560107638,
2005-06,EUR,2003.0,-0.019201723790311043,0.015898159161238927,2005-04,0.0898688914366847,-0.0036174007072909487,
2005-06,JPY,2003.0,0.2578959870267773,-0.031219407824314538,2005-04,0.25278639436858347,-0.004048749315452873,
2005-06,GBP,2003.0,-0.1103566567047039,0.007860839620099425,2005-04,-0.0060757217146302014,0.016182187017880205,
2005-06,CAD,2003.0,-0.045429821181346586,0.053531959929347464,2005-04,-0.2920938573365313,0.007029379307064842,
2005-06,SEK,2003.0,-0.00034059461541724456,-0.0034729318422334343,2005-04,-0.15039253602644287,-0.007328719127097351,
2005-07,BRL,2003.0,-0.27883829193392484,-0.01220931047098267,2005-05,0.450698076572208,-0.033228825644509026,
2005-07,EUR,2003.0,-0.019201723790311043,0.015898159161238927,2005-05,0.09432791945089829,0.0024323704509558422,
2005-07,JPY,2003.0,0.2578959870267773,-0.031219407824314538,2005-05,0.2654769675431222,0.009999587101389555,
2005-07,GBP,2003.0,-0.1103566567047039,0.007860839620099425,2005-05,-0.008243200174220857,0.008814106660912056,
2005-07,CAD,2003.0,-0.045429821181346586,0.053531959929347464,2005-05,-0.2966711903907155,0.0009239231509000214,
2005-07,SEK,2003.0,-0.00034059461541724456,-0.0034729318422334343,2005-05,-0.1464902174095963,-0.0021777508616792596,
2005-08,BRL,2003.0,-0.27883829193392484,-0.01220931047098267,2005-06,0.4428342284969311,-0.03805217752777876,
2005-08,EUR,2003.0,-0.019201723790311043,0.015898159161238927,2005-06,0.08610835996125622,-0.010620433984988957,
2005-08,JPY,2003.0,0.2578959870267773,-0.031219407824314538,2005-06,0.24114219687061822,-0.029259734860259106,
2005-08,GBP,2003.0,-0.1103566567047039,0.007860839620099425,2005-06,-0.006359783881987891,0.00985005702484076,
2005-08,CAD,2003.0,-0.045429821181346586,0.053531959929347464,2005-06,-0.28791480839662664,0.014071302846698873,
2005-08,SEK,2003.0,-0.00034059461541724456,-0.0034729318422334343,2005-06,-0.1524261864175912,-0.01086522300442417,
2005-09,BRL,2003.0,-0.27883829193392484,-0.01220931047098267,2005-07,0.4413099938295186,-0.0260545356155952,
2005-09,EUR,2003.0,-0.019201723790311043,0.015898159161238927,2005-07,0.08122314919301113,-0.019736430893909262,
2005-09,JPY,2003.0,0.2578959870267773,-0.031219407824314538,2005-07,0.22585894319997907,-0.05924832739071771,
2005-09,GBP,2003.0,-0.1103566567047039,0.007860839620099425,2005-07,-0.0069294212545182275,0.005680327489849879,
2005-09,CAD,2003.0,-0.045429821181346586,0.053531959929347464,2005-07,-0.279635672332018,0.028756515296475816,
2005-09,SEK,2003.0,-0.00034059461541724456,-0.0034729318422334343,2005-07,-0.15262505049382868,-0.010620300039235388,
2005-10,BRL,2003.0,-0.27883829193392484,-0.01220931047098267,2005-08,0.41621111681710266,-0.040857197219507764,
2005-10,EUR,2003.0,-0.019201723790311043,0.015898159161238927,2005-08,0.07416870535813465,-0.029439697773696455,
2005-10,JPY,2003.0,0.2578959870267773,-0.031219407824314538,2005-08,0.20714996853054574,-0.08759445158003394,
2005-10,GBP,2003.0,-0.1103566567047039,0.007860839620099425,2005-08,-0.0011320991977171527,0.009240599339598797,
2005-10,CAD,2003.0,-0.045429821181346586,0.053531959929347464,2005-08,-0.27313235280702364,0.039986044620794046,
2005-10,SEK,2003.0,-0.00034059461541724456,-0.0034729318422334343,2005-08,-0.15994163589357463,-0.01788321253604275,
2005-11,BRL,2003.0,-0.27883829193392484,-0.01220931047098267,2005-09,0.3949767238465724,-0.06502792446308432,
2005-11,EUR,2003.0,-0.019201723790311043,0.015898159161238927,2005-09,0.06741493474300402,-0.03810090455936244,
2005-11,JPY,2003.0,0.2578959870267773,-0.031219407824314538,2005-09,0.18863583191968525,-0.11137508923827498,
2005-11,GBP,2003.0,-0.1103566567047039,0.007860839620099425,2005-09,0.002693658925554596,0.014124667000908963,
2005-11,CAD,2003.0,-0.045429821181346586,0.053531959929347464,2005-09,-0.2645632125388445,0.04905823356986244,
2005-11,SEK,2003.0,-0.00034059461541724456,-0.0034729318422334343,2005-09,-0.16379039538299625,-0.02452880425833341,
2005-12,BRL,2003.0,-0.27883829193392484,-0.01220931047098267,2005-10,0.3999391304158487,-0.035765713983719326,
2005-12,EUR,2003.0,-0.019201723790311043,0.015898159161238927,2005-10,0.06638801293459787,-0.031119081066928483,
2005-12,JPY,2003.0,0.2578959870267773,-0.031219407824314538,2005-10,0.1848781934097008,-0.09322468269242347,
2005-12,GBP,2003.0,-0.1103566567047039,0.007860839620099425,2005-10,0.0014622388568121204,0.007316967998972119,
2005-12,CAD,2003.0,-0.045429821181346586,0.053531959929347464,2005-10,-0.26298833691113543,0.04218601218500025,
2005-12,SEK,2003.0,-0.00034059461541724456,-0.0034729318422334343,2005-10,-0.16355460808204592,-0.016957226390761998,
2006-01,BRL,2004.0,-0.2425525995522324,0.036285692381692436,2005-11,0.4145765862563942,-0.035449473189735514,
2006-01,EUR,2004.0,-0.02318093645674567,-0.003979212666434626,2005-11,0.07661056976600561,-0.025006392407159208,
2006-01,JPY,2004.0,0.21664259371393219,-0.04125339331284511,2005-11,0.21453562310578297,-0.07515413304575554,
2006-01,GBP,2004.0,-0.09644861324926168,0.01390804345544222,2005-11,-0.0013980637437748316,0.00649838821173858,
2006-01,CAD,2004.0,-0.0019844334805163844,0.0434453877008302,2005-11,-0.27397144113390504,0.039111634441853886,
2006-01,SEK,2004.0,-0.011495630233568116,-0.011155035618150871,2005-11,-0.15673340030984084,-0.010371672689644834,
2006-02,BRL,2004.0,-0.2425525995522324,0.036285692381692436,2005-12,0.4130755347987372,-0.03843839006661691,
2006-02,EUR,2004.0,-0.02318093645674567,-0.003979212666434626,2005-12,0.06625889354988697,-0.03488934757405997,
2006-02,JPY,2004.0,0.21664259371393219,-0.04125339331284511,2005-12,0.18261294538751707,-0.1057020922759904,
2006-02,GBP,2004.0,-0.09644861324926168,0.01390804345544222,2005-12,-0.0003303247985588451,0.007410815866391863,
2006-02,CAD,2004.0,-0.0019844334805163844,0.0434453877008302,2005-12,-0.2617131802070179,0.05230679187994727,
2006-02,SEK,2004.0,-0.011495630233568116,-0.011155035618150871,2005-12,-0.1638628371205104,-0.015875447531880058,
2006-03,BRL,2004.0,-0.2425525995522324,0.036285692381692436,2006-01,0.4336935877701914,-0.025871250051031795,
2006-03,EUR,2004.0,-0.02318093645674567,-0.003979212666434626,2006-01,0.07409652323062461,-0.024281858126342645,
2006-03,JPY,2004.0,0.21664259371393219,-0.04125339331284511,2006-01,0.20340724047880127,-0.0745158586468952,
2006-03,GBP,2004.0,-0.09644861324926168,0.01390804345544222,2006-01,-0.0055341787047059835,0.003178406050497185,
2006-03,CAD,2004.0,-0.0019844334805163844,0.0434453877008302,2006-01,-0.26502840817742845,0.04189630173359615,
2006-03,SEK,2004.0,-0.011495630233568116,-0.011155035618150871,2006-01,-0.15394826437407277,-0.005484827313430557,
2006-04,BRL,2004.0,-0.2425525995522324,0.036285692381692436,2006-02,0.4540421455540295,-0.002087330127285537,
2006-04,EUR,2004.0,-0.02318093645674567,-0.003979212666434626,2006-02,0.07702751219491209,-0.020626010925573618,
2006-04,JPY,2004.0,0.21664259371393219,-0.04125339331284511,2006-02,0.20965786743514542,-0.06584599336401561,
2006-04,GBP,2004.0,-0.09644861324926168,0.01390804345544222,2006-02,-0.010172603119533528,-0.0015668015406327,
2006-04,CAD,2004.0,-0.0019844334805163844,0.0434453877008302,2006-02,-0.2656082444821008,0.03733825709520788,
2006-04,SEK,2004.0,-0.011495630233568116,-0.011155035618150871,2006-02,-0.14904013166661706,-0.0023960215587804003,
2006-05,BRL,2004.0,-0.2425525995522324,0.036285692381692436,2006-03,0.4544804792355479,0.0018695105131766546,
2006-05,EUR,2004.0,-0.02318093645674567,-0.003979212666434626,2006-03,0.08046996652527025,-0.0069553447588566394,
2006-05,JPY,2004.0,0.21664259371393219,-0.04125339331284511,2006-03,0.22023566541389963,-0.023996147327353546,
2006-05,GBP,2004.0,-0.09644861324926168,0.01390804345544222,2006-03,-0.010209679827025522,-0.0025177287482124927,
2006-05,CAD,2004.0,-0.0019844334805163844,0.0434453877008302,2006-03,-0.2697395267479389,0.020819516910514358,
2006-05,SEK,2004.0,-0.011495630233568116,-0.011155035618150871,2006-03,-0.14720885919897495,0.005537443417220284,
2006-06,BRL,2004.0,-0.2425525995522324,0.036285692381692436,2006-04,0.4571031657291018,0.015276368497032781,
2006-06,EUR,2004.0,-0.02318093645674567,-0.003979212666434626,2006-04,0.07504425092642195,-0.014824640510262737,
2006-06,JPY,2004.0,0.21664259371393219,-0.04125339331284511,2006-04,0.20282888811595604,-0.04995750625262742,
2006-06,GBP,2004.0,-0.09644861324926168,0.01390804345544222,2006-04,-0.009635073418187999,-0.003559351703557803,
2006-06,CAD,2004.0,-0.0019844334805163844,0.0434453877008302,2006-04,-0.26255454218438923,0.029539315152142018,
2006-06,SEK,2004.0,-0.011495630233568116,-0.011155035618150871,2006-04,-0.15159669175451831,-0.001204155728075449,
2006-07,BRL,2004.0,-0.2425525995522324,0.036285692381692436,2006-05,0.4804086091851184,0.029710532612910415,
2006-07,EUR,2004.0,-0.02318093645674567,-0.003979212666434626,2006-05,0.0750808596547648,-0.019247059796133486,
2006-07,JPY,2004.0,0.21664259371393219,-0.04125339331284511,2006-05,0.199475340042083,-0.0660016275010392,
2006-07,GBP,2004.0,-0.09644861324926168,0.01390804345544222,2006-05,-0.013990884695619219,-0.005747684521398358,
2006-07,CAD,2004.0,-0.0019844334805163844,0.0434453877008302,2006-05,-0.2588812271619278,0.037789963228787735,
2006-07,SEK,2004.0,-0.011495630233568116,-0.011155035618150871,2006-05,-0.1492419818958343,-0.0027517644862380002,
2006-08,BRL,2004.0,-0.2425525995522324,0.036285692381692436,2006-06,0.47727352424622016,0.03443929574928912,
2006-08,EUR,2004.0,-0.02318093645674567,-0.003979212666434626,2006-06,0.07542448565766705,-0.01068387430358917,
2006-08,JPY,2004.0,0.21664259371393219,-0.04125339331284511,2006-06,0.2006857105106744,-0.04045648635994386,
2006-08,GBP,2004.0,-0.09644861324926168,0.01390804345544222,2006-06,-0.014603416649767635,-0.008243632767779738,
2006-08,CAD,2004.0,-0.0019844334805163844,0.0434453877008302,2006-06,-0.2572940798746573,0.030620728521969336,
2006-08,SEK,2004.0,-0.011495630233568116,-0.011155035618150871,2006-06,-0.14622243623004835,0.0062037501875428485,
2006-09,BRL,2004.0,-0.2425525995522324,0.036285692381692436,2006-07,0.4839850004343153,0.042675006604796804,
2006-09,EUR,2004.0,-0.02318093645674567,-0.003979212666434626,2006-07,0.07182973510038548,-0.009393414092625656,
2006-09,JPY,2004.0,0.21664259371393219,-0.04125339331284511,2006-07,0.18906296522638505,-0.036795977973594005,
2006-09,GBP,2004.0,-0.09644861324926168,0.01390804345544222,2006-07,-0.014369305821389887,-0.007439884566871655,
2006-09,CAD,2004.0,-0.0019844334805163844,0.0434453877008302,2006-07,-0.2554203363675173,0.02421533596450076,
2006-09,SEK,2004.0,-0.011495630233568116,-0.011155035618150871,2006-07,-0.15161887326119544,0.001006177232633225,
2006-10,BRL,2004.0,-0.2425525995522324,0.036285692381692436,2006-08,0.47424326814430223,0.05803215132719965,
2006-10,EUR,2004.0,-0.02318093645674567,-0.003979212666434626,2006-08,0.07033217324924261,-0.0038365321088920414,
2006-10,JPY,2004.0,0.21664259371393219,-0.04125339331284511,2006-08,0.18555239008697272,-0.02159757844357302,
2006-10,GBP,2004.0,-0.09644861324926168,0.01390804345544222,2006-08,-0.011993607442674333,-0.010861508244957182,
2006-10,CAD,2004.0,-0.0019844334805163844,0.0434453877008302,2006-08,-0.2541141031032585,0.019018249703765127,
2006-10,SEK,2004.0,-0.011495630233568116,-0.011155035618150871,2006-08,-0.15386268122330596,0.0060789546702686575,
2006-11,BRL,2004.0,-0.2425525995522324,0.036285692381692436,2006-09,0.5080108347192085,0.1130341108726361,
2006-11,EUR,2004.0,-0.02318093645674567,-0.003979212666434626,2006-09,0.0851576678750852,0.017742733132081186,
2006-11,JPY,2004.0,0.21664259371393219,-0.04125339331284511,2006-09,0.22815047605025118,0.03951464413056597,
2006-11,GBP,2004.0,-0.09644861324926168,0.01390804345544222,2006-09,-0.017757561645129576,-0.020451220570684183,
2006-11,CAD,2004.0,-0.0019844334805163844,0.0434453877008302,2006-09,-0.27538777905382206,-0.010824566514977499,
2006-11,SEK,2004.0,-0.011495630233568116,-0.011155035618150871,2006-09,-0.1472801883950181,0.016510206987978126,
2006-12,BRL,2004.0,-0.2425525995522324,0.036285692381692436,2006-10,0.5210584165306673,0.12111928611481855,
2006-12,EUR,2004.0,-0.02318093645674567,-0.003979212666434626,2006-10,0.0756304994542546,0.009242486519656732,
2006-12,JPY,2004.0,0.21664259371393219,-0.04125339331284511,2006-10,0.19786756099115627,0.012989367581455491,
2006-12,GBP,2004.0,-0.09644861324926168,0.01390804345544222,2006-10,-0.01881831603084844,-0.020280554887660562,
2006-12,CAD,2004.0,-0.0019844334805163844,0.0434453877008302,2006-10,-0.26812068350235196,-0.00513234659121647,
2006-12,SEK,2004.0,-0.011495630233568116,-0.011155035618150871,2006-10,-0.15636885711613058,0.0071857509659153385,
2007-01,BRL,2005.0,-0.24126176975299995,0.0012908297992324513,2006-11,0.5201603546637437,0.10558376840734943,2005.0
2007-01,EUR,2005.0,-0.038653314914240545,-0.015472378457494877,2006-11,0.0661551936977641,-0.010455376068241505,2005.0
2007-01,JPY,2005.0,0.15083545183619915,-0.06580714187773304,2006-11,0.16989704029445152,-0.04463858281133142,2005.0
2007-01,GBP,2005.0,-0.08681387465569773,0.009634738593563952,2006-11,-0.016942206416381268,-0.015544142672606436,2005.0
2007-01,CAD,2005.0,0.03245009753651015,0.03443453101702654,2006-11,-0.2637838064044132,0.010187634729491786,2005.0
2007-01,SEK,2005.0,-0.02956950440424186,-0.018073874170673743,2006-11,-0.16767213308440967,-0.010938732774568827,2005.0
2007-02,BRL,2005.0,-0.24126176975299995,0.0012908297992324513,2006-12,0.5223919057087516,0.10931637091001434,2005.0
2007-02,EUR,2005.0,-0.038653314914240545,-0.015472378457494877,2006-12,0.0686137609951451,0.002354867445258136,2005.0
2007-02,JPY,2005.0,0.15083545183619915,-0.06580714187773304,2006-12,0.17654900565533274,-0.006063939732184323,2005.0
2007-02,GBP,2005.0,-0.08681387465569773,0.009634738593563952,2006-12,-0.018263576969744223,-0.017933252171185382,2005.0
2007-02,CAD,2005.0,0.03245009753651015,0.03443453101702654,2006-12,-0.26276747337456224,-0.001054293167544389,2005.0
2007-02,SEK,2005.0,-0.02956950440424186,-0.018073874170673743,2006-12,-0.1629367507656938,0.0009260863548165912,2005.0
2007-03,BRL,2005.0,-0.24126176975299995,0.0012908297992324513,2007-01,0.5312026302090972,0.09750904243890583,2005.0
2007-03,EUR,2005.0,-0.038653314914240545,-0.015472378457494877,2007-01,0.07141498257745996,-0.002681540653164672,2005.0
2007-03,JPY,2005.0,0.15083545183619915,-0.06580714187773304,2007-01,0.18341285199969565,-0.019994388479105635,2005.0
2007-03,GBP,2005.0,-0.08681387465569773,0.009634738593563952,2007-01,-0.021486194171383952,-0.015952015466677977,2005.0
2007-03,CAD,2005.0,0.03245009753651015,0.03443453101702654,2007-01,-0.2611463388055732,0.00388206937185528,2005.0
2007-03,SEK,2005.0,-0.02956950440424186,-0.018073874170673743,2007-01,-0.15624543457639842,-0.002297170202325619,2005.0
2007-04,BRL,2005.0,-0.24126176975299995,0.0012908297992324513,2007-02,0.5271128627678191,0.07307071721378959,2005.0
2007-04,EUR,2005.0,-0.038653314914240545,-0.015472378457494877,2007-02,0.060868830631298956,-0.01615868156361314,2005.0
2007-04,JPY,2005.0,0.15083545183619915,-0.06580714187773304,2007-02,0.15131625954379588,-0.058341607891349526,2005.0
2007-04,GBP,2005.0,-0.08681387465569773,0.009634738593563952,2007-02,-0.020140476909126886,-0.009967873789593356,2005.0
2007-04,CAD,2005.0,0.03245009753651015,0.03443453101702654,2007-02,-0.24908469964073235,0.01652354484136847,2005.0
2007-04,SEK,2005.0,-0.02956950440424186,-0.018073874170673743,2007-02,-0.1634046161324582,-0.014364484465841171,2005.0
2007-05,BRL,2005.0,-0.24126176975299995,0.0012908297992324513,2007-03,0.5312479336660005,0.07676745443045253,2005.0
2007-05,EUR,2005.0,-0.038653314914240545,-0.015472378457494877,2007-03,0.06391686933633409,-0.016553097188936154,2005.0
2007-05,JPY,2005.0,0.15083545183619915,-0.06580714187773304,2007-03,0.15986889944190016,-0.06036676597199946,2005.0
2007-05,GBP,2005.0,-0.08681387465569773,0.009634738593563952,2007-03,-0.020642753851916218,-0.010433074024890701,2005.0
2007-05,CAD,2005.0,0.03245009753651015,0.03443453101702654,2007-03,-0.251159024755864,0.018580501992074918,2005.0
2007-05,SEK,2005.0,-0.02956950440424186,-0.018073874170673743,2007-03,-0.16134455387041494,-0.01413569467143999,2005.0
2007-06,BRL,2005.0,-0.24126176975299995,0.0012908297992324513,2007-04,0.5202313332598192,0.06312816753071741,2005.0
2007-06,EUR,2005.0,-0.038653314914240545,-0.015472378457494877,2007-04,0.061627642466992996,-0.01341660845942895,2005.0
2007-06,JPY,2005.0,0.15083545183619915,-0.06580714187773304,2007-04,0.15347759442131417,-0.049351293694641835,2005.0
2007-06,GBP,2005.0,-0.08681387465569773,0.009634738593563952,2007-04,-0.018246529024248927,-0.008611455606060922,2005.0
2007-06,CAD,2005.0,0.03245009753651015,0.03443453101702654,2007-04,-0.2460293415508184,0.01652520063357083,2005.0
2007-06,SEK,2005.0,-0.02956950440424186,-0.018073874170673743,2007-04,-0.16238480379494372,-0.010788112040425386,2005.0
2007-07,BRL,2005.0,-0.24126176975299995,0.0012908297992324513,2007-05,0.5260050508188641,0.04559644163374562,2005.0
2007-07,EUR,2005.0,-0.038653314914240545,-0.015472378457494877,2007-05,0.060771515133576544,-0.01430934452118826,2005.0
2007-07,JPY,2005.0,0.15083545183619915,-0.06580714187773304,2007-05,0.15027879577891776,-0.049196544263165304,2005.0
2007-07,GBP,2005.0,-0.08681387465569773,0.009634738593563952,2007-05,-0.018881698946212486,-0.004890814250593273,2005.0
2007-07,CAD,2005.0,0.03245009753651015,0.03443453101702654,2007-05,-0.24587496391087335,0.013006263251054428,2005.0
2007-07,SEK,2005.0,-0.02956950440424186,-0.018073874170673743,2007-05,-0.16383806467212322,-0.014596082776288946,2005.0
2007-08,BRL,2005.0,-0.24126176975299995,0.0012908297992324513,2007-06,0.5354841236778728,0.05821059943165265,2005.0
2007-08,EUR,2005.0,-0.038653314914240545,-0.015472378457494877,2007-06,0.05779601407776372,-0.017628471579903323,2005.0
2007-08,JPY,2005.0,0.15083545183619915,-0.06580714187773304,2007-06,0.1407352519035039,-0.05995045860717051,2005.0
2007-08,GBP,2005.0,-0.08681387465569773,0.009634738593563952,2007-06,-0.02076451456918471,-0.00616109791941708,2005.0
2007-08,CAD,2005.0,0.03245009753651015,0.03443453101702654,2007-06,-0.24560242463163445,0.01169165524302285,2005.0
2007-08,SEK,2005.0,-0.02956950440424186,-0.018073874170673743,2007-06,-0.1665327641023362,-0.02031032787228787,2005.0
2007-09,BRL,2005.0,-0.24126176975299995,0.0012908297992324513,2007-07,0.5383493913893197,0.05436439095500441,2005.0
2007-09,EUR,2005.0,-0.038653314914240545,-0.015472378457494877,2007-07,0.060393724634061244,-0.011436010466324231,2005.0
2007-09,JPY,2005.0,0.15083545183619915,-0.06580714187773304,2007-07,0.1482825202145355,-0.04078044501184958,2005.0
2007-09,GBP,2005.0,-0.08681387465569773,0.009634738593563952,2007-07,-0.02196810770621767,-0.007598801884827787,2005.0
2007-09,CAD,2005.0,0.03245009753651015,0.03443453101702654,2007-07,-0.247445172683125,0.007975163684392304,2005.0
2007-09,SEK,2005.0,-0.02956950440424186,-0.018073874170673743,2007-07,-0.1633258674670068,-0.011706994205811347,2005.0
2007-10,BRL,2005.0,-0.24126176975299995,0.0012908297992324513,2007-08,0.5469130518936551,0.0726697837493528,2005.0
2007-10,EUR,2005.0,-0.038653314914240545,-0.015472378457494877,2007-08,0.060117698609038366,-0.010214474640204238,2005.0
2007-10,JPY,2005.0,0.15083545183619915,-0.06580714187773304,2007-08,0.1469657794614647,-0.03858661062550806,2005.0
2007-10,GBP,2005.0,-0.08681387465569773,0.009634738593563952,2007-08,-0.02359626933775596,-0.011602661895081622,2005.0
2007-10,CAD,2005.0,0.03245009753651015,0.03443453101702654,2007-08,-0.2494730188523169,0.004641084250941568,2005.0
2007-10,SEK,2005.0,-0.02956950440424186,-0.018073874170673743,2007-08,-0.1642718869752078,-0.010409205751901867,2005.0
2007-11,BRL,2005.0,-0.24126176975299995,0.0012908297992324513,2007-09,0.5695441821952277,0.06153334747601924,2005.0
2007-11,EUR,2005.0,-0.038653314914240545,-0.015472378457494877,2007-09,0.051227474152137006,-0.033930193722948206,2005.0
2007-11,JPY,2005.0,0.15083545183619915,-0.06580714187773304,2007-09,0.11737249255552329,-0.11077798349472792,2005.0
2007-11,GBP,2005.0,-0.08681387465569773,0.009634738593563952,2007-09,-0.026777707305989322,-0.009020145660859735,2005.0
2007-11,CAD,2005.0,0.03245009753651015,0.03443453101702654,2007-09,-0.2418400219476764,0.033547757106145666,2005.0
2007-11,SEK,2005.0,-0.02956950440424186,-0.018073874170673743,2007-09,-0.17168037985827003,-0.024400191463251897,2005.0
2007-12,BRL,2005.0,-0.24126176975299995,0.0012908297992324513,2007-10,0.5699945861545207,0.04893616962385338,2005.0
2007-12,EUR,2005.0,-0.038653314914240545,-0.015472378457494877,2007-10,0.04330138204868283,-0.032329117405571775,2005.0
2007-12,JPY,2005.0,0.15083545183619915,-0.06580714187773304,2007-10,0.09254189402353993,-0.10532566696761636,2005.0
2007-12,GBP,2005.0,-0.08681387465569773,0.009634738593563952,2007-10,-0.0265530020011728,-0.00773468597032435,2005.0
2007-12,CAD,2005.0,0.03245009753651015,0.03443453101702654,2007-10,-0.23125221987931277,0.03686846362303914,2005.0
2007-12,SEK,2005.0,-0.02956950440424186,-0.018073874170673743,2007-10,-0.17605582630708216,-0.01968696919095159,2005.0
2008-01,BRL,2006.0,-0.16879689233000353,0.07246487742299643,2007-11,0.5656360553268466,0.045475700663102955,2006.0
2008-01,EUR,2006.0,-0.055866793100775955,-0.01721347818653541,2007-11,0.03757766798638911,-0.02857752571137499,2006.0
2008-01,JPY,2006.0,0.0778585498220745,-0.07297690201412464,2007-11,0.07533255123002261,-0.09456448906442896,2006.0
2008-01,GBP,2006.0,-0.0871296543268211,-0.00031577967112336736,2007-11,-0.02576005823743664,-0.008817851821055376,2006.0
2008-01,CAD,2006.0,0.04287173443477568,0.01042163689826553,2007-11,-0.2242590537138469,0.03952475269056626,2006.0
2008-01,SEK,2006.0,-0.029792688972059223,-0.00022318456781736384,2007-11,-0.1792322232175677,-0.011560090133158018,2006.0
2008-02,BRL,2006.0,-0.16879689233000353,0.07246487742299643,2007-12,0.5750080790032503,0.05261617329449876,2006.0
2008-02,EUR,2006.0,-0.055866793100775955,-0.01721347818653541,2007-12,0.035574539712740764,-0.03303922128240435,2006.0
2008-02,JPY,2006.0,0.0778585498220745,-0.07297690201412464,2007-12,0.06891928043760727,-0.10762972521772551,2006.0
2008-02,GBP,2006.0,-0.0871296543268211,-0.00031577967112336736,2007-12,-0.02744651456542973,-0.009182937595685493,2006.0
2008-02,CAD,2006.0,0.04287173443477568,0.01042163689826553,2007-12,-0.2258310650084184,0.03693640836614384,2006.0
2008-02,SEK,2006.0,-0.029792688972059223,-0.00022318456781736384,2007-12,-0.18199873341794567,-0.019061982652251872,2006.0
2008-03,BRL,2006.0,-0.16879689233000353,0.07246487742299643,2008-01,0.5819191185180111,0.050716488308913905,2006.0
2008-03,EUR,2006.0,-0.055866793100775955,-0.01721347818653541,2008-01,0.02824335051706949,-0.04317163206039047,2006.0
2008-03,JPY,2006.0,0.0778585498220745,-0.07297690201412464,2008-01,0.04534668975893908,-0.13806616224075657,2006.0
2008-03,GBP,2006.0,-0.0871296543268211,-0.00031577967112336736,2008-01,-0.028566911588608586,-0.0070807174172246206,2006.0
2008-03,CAD,2006.0,0.04287173443477568,0.01042163689826553,2008-01,-0.21657169143180466,0.04457464737376854,2006.0
2008-03,SEK,2006.0,-0.029792688972059223,-0.00022318456781736384,2008-01,-0.18591934892786355,-0.02967391435146514,2006.0
2008-04,BRL,2006.0,-0.16879689233000353,0.07246487742299643,2008-02,0.5969044739832483,0.06979161121542926,2006.0
2008-04,EUR,2006.0,-0.055866793100775955,-0.01721347818653541,2008-02,0.020118971424962592,-0.040749859206336364,2006.0
2008-04,JPY,2006.0,0.0778585498220745,-0.07297690201412464,2008-02,0.018613844275339114,-0.13270241526845677,2006.0
2008-04,GBP,2006.0,-0.0871296543268211,-0.00031577967112336736,2008-02,-0.030862430520199716,-0.010721953611072827,2006.0
2008-04,CAD,2006.0,0.04287173443477568,0.01042163689826553,2008-02,-0.20763434122611155,0.04145035841462077,2006.0
2008-04,SEK,2006.0,-0.029792688972059223,-0.00022318456781736384,2008-02,-0.1911941974093547,-0.027789581276896503,2006.0
2008-05,BRL,2006.0,-0.16879689233000353,0.07246487742299643,2008-03,0.5947609961909619,0.06351306252496149,2006.0
2008-05,EUR,2006.0,-0.055866793100775955,-0.01721347818653541,2008-03,0.013393660243257473,-0.05052320909307661,2006.0
2008-05,JPY,2006.0,0.0778585498220745,-0.07297690201412464,2008-03,-0.0022640188413123275,-0.1621329182832125,2006.0
2008-05,GBP,2006.0,-0.0871296543268211,-0.00031577967112336736,2008-03,-0.029997726892694563,-0.009354973040778333,2006.0
2008-05,CAD,2006.0,0.04287173443477568,0.01042163689826553,2008-03,-0.19837192175870239,0.05278710299716159,2006.0
2008-05,SEK,2006.0,-0.029792688972059223,-0.00022318456781736384,2008-03,-0.19518702951112585,-0.033842475640710905,2006.0
2008-06,BRL,2006.0,-0.16879689233000353,0.07246487742299643,2008-04,0.5738977329579364,0.05366639969811723,2006.0
2008-06,EUR,2006.0,-0.055866793100775955,-0.01721347818653541,2008-04,0.01320417779901349,-0.0484234646679795,2006.0
2008-06,JPY,2006.0,0.0778585498220745,-0.07297690201412464,2008-04,-0.00039595800470034034,-0.15387355242601453,2006.0
2008-06,GBP,2006.0,-0.0871296543268211,-0.00031577967112336736,2008-04,-0.025973300300131594,-0.007726771275882676,2006.0
2008-06,CAD,2006.0,0.04287173443477568,0.01042163689826553,2008-04,-0.19857173259736907,0.047457608953449346,2006.0
2008-06,SEK,2006.0,-0.029792688972059223,-0.00022318456781736384,2008-04,-0.1962681623668148,-0.03388335857187107,2006.0
2008-07,BRL,2006.0,-0.16879689233000353,0.07246487742299643,2008-05,0.5516183333791697,0.02561328256030565,2006.0
2008-07,EUR,2006.0,-0.055866793100775955,-0.01721347818653541,2008-05,0.009237930167978864,-0.05153358496559768,2006.0
2008-07,JPY,2006.0,0.0778585498220745,-0.07297690201412464,2008-05,-0.010091499343122595,-0.16037029512204032,2006.0
2008-07,GBP,2006.0,-0.0871296543268211,-0.00031577967112336736,2008-05,-0.022216492980983795,-0.0033347940347713025,2006.0
2008-07,CAD,2006.0,0.04287173443477568,0.01042163689826553,2008-05,-0.1935213153726231,0.05235364853825027,2006.0
2008-07,SEK,2006.0,-0.029792688972059223,-0.00022318456781736384,2008-05,-0.19824869757442012,-0.03441063290229688,2006.0
2008-08,BRL,2006.0,-0.16879689233000353,0.07246487742299643,2008-06,0.5567291546741465,0.021245030996273694,2006.0
2008-08,EUR,2006.0,-0.055866793100775955,-0.01721347818653541,2008-06,-0.0004979594390375457,-0.05829397351680127,2006.0
2008-08,JPY,2006.0,0.0778585498220745,-0.07297690201412464,2008-06,-0.04002385210184357,-0.18075910400534745,2006.0
2008-08,GBP,2006.0,-0.0871296543268211,-0.00031577967112336736,2008-06,-0.02299994176185829,-0.0022354271926735805,2006.0
2008-08,CAD,2006.0,0.04287173443477568,0.01042163689826553,2008-06,-0.1853770234926704,0.06022540113896409,2006.0
2008-08,SEK,2006.0,-0.029792688972059223,-0.00022318456781736384,2008-06,-0.20536673376419035,-0.03883396966185412,2006.0
2008-09,BRL,2006.0,-0.16879689233000353,0.07246487742299643,2008-07,0.5535836622602058,0.015234270870886026,2006.0
2008-09,EUR,2006.0,-0.055866793100775955,-0.01721347818653541,2008-07,0.006077026891987018,-0.054316697742074226,2006.0
2008-09,JPY,2006.0,0.0778585498220745,-0.07297690201412464,2008-07,-0.019598604229956237,-0.1678811244444917,2006.0
2008-09,GBP,2006.0,-0.0871296543268211,-0.00031577967112336736,2008-07,-0.02304018189865473,-0.0010720741924370584,2006.0
2008-09,CAD,2006.0,0.04287173443477568,0.01042163689826553,2008-07,-0.19157527438636682,0.05586989829675815,2006.0
2008-09,SEK,2006.0,-0.029792688972059223,-0.00022318456781736384,2008-07,-0.20001275690439838,-0.03668688943739159,2006.0
2008-10,BRL,2006.0,-0.16879689233000353,0.07246487742299643,2008-08,0.5608875780657484,0.013974526172093271,2006.0
2008-10,EUR,2006.0,-0.055866793100775955,-0.01721347818653541,2008-08,0.024000357909625042,-0.03611734069941333,2006.0
2008-10,JPY,2006.0,0.0778585498220745,-0.07297690201412464,2008-08,0.03468929649410362,-0.11227648296736106,2006.0
2008-10,GBP,2006.0,-0.0871296543268211,-0.00031577967112336736,2008-08,-0.025729304267850403,-0.0021330349300944457,2006.0
2008-10,CAD,2006.0,0.04287173443477568,0.01042163689826553,2008-08,-0.2107658718921877,0.038707146960129245,2006.0
2008-10,SEK,2006.0,-0.029792688972059223,-0.00022318456781736384,2008-08,-0.18667733620068114,-0.022405449225473308,2006.0
2008-11,BRL,2006.0,-0.16879689233000353,0.07246487742299643,2008-09,0.5544552456809698,-0.01508893651425789,2006.0
2008-11,EUR,2006.0,-0.055866793100775955,-0.01721347818653541,2008-09,0.034839002005550054,-0.016388472146586952,2006.0
2008-11,JPY,2006.0,0.0778585498220745,-0.07297690201412464,2008-09,0.0693577127616573,-0.048014779793866,2006.0
2008-11,GBP,2006.0,-0.0871296543268211,-0.00031577967112336736,2008-09,-0.02537824820581802,0.0013994591001712951,2006.0
2008-11,CAD,2006.0,0.04287173443477568,0.01042163689826553,2008-09,-0.2251016211555448,0.016738400792131573,2006.0
2008-11,SEK,2006.0,-0.029792688972059223,-0.00022318456781736384,2008-09,-0.18007143926860902,-0.00839105941033901,2006.0
2008-12,BRL,2006.0,-0.16879689233000353,0.07246487742299643,2008-10,0.5119251834148111,-0.05806940273970958,2006.0
2008-12,EUR,2006.0,-0.055866793100775955,-0.01721347818653541,2008-10,0.06646424386025683,0.02316286181157399,2006.0
2008-12,JPY,2006.0,0.0778585498220745,-0.07297690201412464,2008-10,0.1739693884795505,0.08142749445601058,2006.0
2008-12,GBP,2006.0,-0.0871296543268211,-0.00031577967112336736,2008-10,-0.017987407250345817,0.008565594750826978,2006.0
2008-12,CAD,2006.0,0.04287173443477568,0.01042163689826553,2008-10,-0.27200807565208474,-0.04075585577277197,2006.0
2008-12,SEK,2006.0,-0.029792688972059223,-0.00022318456781736384,2008-10,-0.166984878687933,0.009070947619149153,2006.0
2009-01,BRL,2007.0,-0.15088118128022282,0.017915711049780708,2008-11,0.5031153391760266,-0.06252071615082003,2007.0
2009-01,EUR,2007.0,-0.05162960482293745,0.004237188277838505,2008-11,0.08111348942154553,0.04353582143515642,2007.0
2009-01,JPY,2007.0,0.037766377888632685,-0.04009217193344182,2008-11,0.22162419031031436,0.14629163908029177,2007.0
2009-01,GBP,2007.0,-0.08938938541949587,-0.0022597310926747716,2008-11,-0.01670935874930238,0.009050699488134268,2007.0
2009-01,CAD,2007.0,0.07304549771894575,0.03017376328417007,2008-11,-0.2956866402988189,-0.07142758658497199,2007.0
2009-01,SEK,2007.0,-0.011815689418975525,0.017976999553083697,2008-11,-0.16132925776773746,0.017902965449830253,2007.0
2009-02,BRL,2007.0,-0.15088118128022282,0.017915711049780708,2008-12,0.5142544825259548,-0.06075359647729545,2007.0
2009-02,EUR,2007.0,-0.05162960482293745,0.004237188277838505,2008-12,0.09685938185551611,0.061284842142775346,2007.0
2009-02,JPY,2007.0,0.037766377888632685,-0.04009217193344182,2008-12,0.27030854950131034,0.2013892690637031,2007.0
2009-02,GBP,2007.0,-0.08938938541949587,-0.0022597310926747716,2008-12,-0.01821290295792689,0.009233611607502837,2007.0
2009-02,CAD,2007.0,0.07304549771894575,0.03017376328417007,2008-12,-0.3211295077275043,-0.09529844271908589,2007.0
2009-02,SEK,2007.0,-0.011815689418975525,0.017976999553083697,2008-12,-0.156310844938221,0.02568788847972467,2007.0
2009-03,BRL,2007.0,-0.15088118128022282,0.017915711049780708,2009-01,0.5377306071986353,-0.04418851131937583,2007.0
2009-03,EUR,2007.0,-0.05162960482293745,0.004237188277838505,2009-01,0.09168031388029746,0.06343696336322797,2007.0
2009-03,JPY,2007.0,0.037766377888632685,-0.04009217193344182,2009-01,0.25088873371320397,0.20554204395426484,2007.0
2009-03,GBP,2007.0,-0.08938938541949587,-0.0022597310926747716,2009-01,-0.023634151176340885,0.004932760412267693,2007.0
2009-03,CAD,2007.0,0.07304549771894575,0.03017376328417007,2009-01,-0.31062500264293424,-0.0940533112111296,2007.0
2009-03,SEK,2007.0,-0.011815689418975525,0.017976999553083697,2009-01,-0.15483169870730754,0.03108765022055602,2007.0
2009-04,BRL,2007.0,-0.15088118128022282,0.017915711049780708,2009-02,0.5359540732917617,-0.06095040069148669,2007.0
2009-04,EUR,2007.0,-0.05162960482293745,0.004237188277838505,2009-02,0.10169779990408236,0.08157882847911978,2007.0
2009-04,JPY,2007.0,0.037766377888632685,-0.04009217193344182,2009-02,0.2818577472527616,0.2632439029774225,2007.0
2009-04,GBP,2007.0,-0.08938938541949587,-0.0022597310926747716,2009-02,-0.023807112977998895,0.0070553175422008105,2007.0
2009-04,CAD,2007.0,0.07304549771894575,0.03017376328417007,2009-02,-0.3213559329614898,-0.1137215917353782,2007.0
2009-04,SEK,2007.0,-0.011815689418975525,0.017976999553083697,2009-02,-0.14793480868160674,0.04325938872774796,2007.0
2009-05,BRL,2007.0,-0.15088118128022282,0.017915711049780708,2009-03,0.5368275823521065,-0.05793341383885547,2007.0
2009-05,EUR,2007.0,-0.05162960482293745,0.004237188277838505,2009-03,0.10325744602216262,0.08986378577890515,2007.0
2009-05,JPY,2007.0,0.037766377888632685,-0.04009217193344182,2009-03,0.2871643998668125,0.28942841870812486,2007.0
2009-05,GBP,2007.0,-0.08938938541949587,-0.0022597310926747716,2009-03,-0.023473058411912145,0.006524668480782414,2007.0
2009-05,CAD,2007.0,0.07304549771894575,0.03017376328417007,2009-03,-0.3263744789647559,-0.1280025572060535,2007.0
2009-05,SEK,2007.0,-0.011815689418975525,0.017976999553083697,2009-03,-0.14931915240554147,0.04586787710558437,2007.0
2009-06,BRL,2007.0,-0.15088118128022282,0.017915711049780708,2009-04,0.549922895605984,-0.023974837351952424,2007.0
2009-06,EUR,2007.0,-0.05162960482293745,0.004237188277838505,2009-04,0.1012182877666454,0.08801410996763193,2007.0
2009-06,JPY,2007.0,0.037766377888632685,-0.04009217193344182,2009-04,0.278200230622761,0.2785961886274614,2007.0
2009-06,GBP,2007.0,-0.08938938541949587,-0.0022597310926747716,2009-04,-0.02698167219387873,-0.0010083718937471296,2007.0
2009-06,CAD,2007.0,0.07304549771894575,0.03017376328417007,2009-04,-0.3176141628422954,-0.1190424302449263,2007.0
2009-06,SEK,2007.0,-0.011815689418975525,0.017976999553083697,2009-04,-0.1454284782415083,0.050839684125306484,2007.0
2009-07,BRL,2007.0,-0.15088118128022282,0.017915711049780708,2009-05,0.5568524594507654,0.0052341260715957965,2007.0
2009-07,EUR,2007.0,-0.05162960482293745,0.004237188277838505,2009-05,0.08888327080865746,0.07964534064067862,2007.0
2009-07,JPY,2007.0,0.037766377888632685,-0.04009217193344182,2009-05,0.23922136696113747,0.24931286630426003,2007.0
2009-07,GBP,2007.0,-0.08938938541949587,-0.0022597310926747716,2009-05,-0.02782128000121363,-0.005604787020229841,2007.0
2009-07,CAD,2007.0,0.07304549771894575,0.03017376328417007,2009-05,-0.30285423125129424,-0.1093329158786712,2007.0
2009-07,SEK,2007.0,-0.011815689418975525,0.017976999553083697,2009-05,-0.15280756196161555,0.04544113561280456,2007.0
2009-08,BRL,2007.0,-0.15088118128022282,0.017915711049780708,2009-06,0.5542413034667235,-0.0024878512074230155,2007.0
2009-08,EUR,2007.0,-0.05162960482293745,0.004237188277838505,2009-06,0.08358032839323701,0.08407828783227456,2007.0
2009-08,JPY,2007.0,0.037766377888632685,-0.04009217193344182,2009-06,0.222906442264368,0.26293029436621157,2007.0
2009-08,GBP,2007.0,-0.08938938541949587,-0.0022597310926747716,2009-06,-0.026081102669625603,-0.003081160907767309,2007.0
2009-08,CAD,2007.0,0.07304549771894575,0.03017376328417007,2009-06,-0.29650677058415803,-0.11112974709148764,2007.0
2009-08,SEK,2007.0,-0.011815689418975525,0.017976999553083697,2009-06,-0.15789963926302594,0.04746709450116442,2007.0
2009-09,BRL,2007.0,-0.15088118128022282,0.017915711049780708,2009-07,0.5515894160123862,-0.001994246247819552,2007.0
2009-09,EUR,2007.0,-0.05162960482293745,0.004237188277838505,2009-07,0.09198023175052669,0.08590320485853967,2007.0
2009-09,JPY,2007.0,0.037766377888632685,-0.04009217193344182,2009-07,0.24744687458789563,0.2670454788178519,2007.0
2009-09,GBP,2007.0,-0.08938938541949587,-0.0022597310926747716,2009-07,-0.026964688736006187,-0.003924506837351447,2007.0
2009-09,CAD,2007.0,0.07304549771894575,0.03017376328417007,2009-07,-0.29746073005827983,-0.10588545567191301,2007.0
2009-09,SEK,2007.0,-0.011815689418975525,0.017976999553083697,2009-07,-0.1468822100451181,0.05313054685928031,2007.0
2009-10,BRL,2007.0,-0.15088118128022282,0.017915711049780708,2009-08,0.566852992454038,0.005965414388289607,2007.0
2009-10,EUR,2007.0,-0.05162960482293745,0.004237188277838505,2009-08,0.08696492959111933,0.0629645716814943,2007.0
2009-10,JPY,2007.0,0.037766377888632685,-0.04009217193344182,2009-08,0.22893393512394314,0.19424463862983948,2007.0
2009-10,GBP,2007.0,-0.08938938541949587,-0.0022597310926747716,2009-08,-0.02971195235624323,-0.0039826480883928235,2007.0
2009-10,CAD,2007.0,0.07304549771894575,0.03017376328417007,2009-08,-0.2856422304300906,-0.07487635853790292,2007.0
2009-10,SEK,2007.0,-0.011815689418975525,0.017976999553083697,2009-08,-0.14675541883632953,0.0399219173643516,2007.0
2009-11,BRL,2007.0,-0.15088118128022282,0.017915711049780708,2009-09,0.5513736366573714,-0.0030816090235984478,2007.0
2009-11,EUR,2007.0,-0.05162960482293745,0.004237188277838505,2009-09,0.09518791911209602,0.060348917106545955,2007.0
2009-11,JPY,2007.0,0.037766377888632685,-0.04009217193344182,2009-09,0.25565675460180604,0.18629904184014878,2007.0
2009-11,GBP,2007.0,-0.08938938541949587,-0.0022597310926747716,2009-09,-0.02850451096895409,-0.0031262627631360638,2007.0
2009-11,CAD,2007.0,0.07304549771894575,0.03017376328417007,2009-09,-0.291966312902384,-0.06686469174683916,2007.0
2009-11,SEK,2007.0,-0.011815689418975525,0.017976999553083697,2009-09,-0.13821982748796646,0.041851611780642575,2007.0
2009-12,BRL,2007.0,-0.15088118128022282,0.017915711049780708,2009-10,0.5408905703271074,0.0289653869122963,2007.0
2009-12,EUR,2007.0,-0.05162960482293745,0.004237188277838505,2009-10,0.0801234325686433,0.013659188708386477,2007.0
2009-12,JPY,2007.0,0.037766377888632685,-0.04009217193344182,2009-10,0.21021586164431216,0.0362464731647616,2007.0
2009-12,GBP,2007.0,-0.08938938541949587,-0.0022597310926747716,2009-10,-0.026035648578856003,-0.008048241328510177,2007.0
2009-12,CAD,2007.0,0.07304549771894575,0.03017376328417007,2009-10,-0.2738902149967104,-0.0018821393446255973,2007.0
2009-12,SEK,2007.0,-0.011815689418975525,0.017976999553083697,2009-10,-0.14765089698418263,0.01933398170375042,2007.0
2010-01,BRL,2008.0,-0.11951381922616634,0.03136736205405648,2009-11,0.5540483275742935,0.05093298839826682,2008.0
2010-01,EUR,2008.0,-0.06919147854528579,-0.01756187372234834,2009-11,0.0778694727502229,-0.0032440166713226188,2008.0
2010-01,JPY,2008.0,-0.05839963421472125,-0.09616601210335393,2009-11,0.20116204690633535,-0.020462143403978998,2008.0
2010-01,GBP,2008.0,-0.11429213247426362,-0.02490274705476775,2009-11,-0.02916551090487959,-0.012456152155577207,2008.0
2010-01,CAD,2008.0,0.11578908341761968,0.042743585698673925,2009-11,-0.267897289956336,0.0277893503424829,2008.0
2010-01,SEK,2008.0,-0.013275160194638265,-0.0014594707756627398,2009-11,-0.14590897581752835,0.015420281950209109,2008.0
2010-02,BRL,2008.0,-0.11951381922616634,0.03136736205405648,2009-12,0.5346066680390895,0.02035218551313466,2008.0
2010-02,EUR,2008.0,-0.06919147854528579,-0.01756187372234834,2009-12,0.06683725251637022,-0.030022129339145876,2008.0
2010-02,JPY,2008.0,-0.05839963421472125,-0.09616601210335393,2009-12,0.16844360937241784,-0.10186494012889254,2008.0
2010-02,GBP,2008.0,-0.11429213247426362,-0.02490274705476775,2009-12,-0.025809493099194548,-0.007596590141267663,2008.0
2010-02,CAD,2008.0,0.11578908341761968,0.042743585698673925,2009-12,-0.2504668050622647,0.07066270266523964,2008.0
2010-02,SEK,2008.0,-0.013275160194638265,-0.0014594707756627398,2009-12,-0.15013852350696902,0.00617232143125197,2008.0
2010-03,BRL,2008.0,-0.11951381922616634,0.03136736205405648,2010-01,0.531667411944102,-0.006063195254533245,2008.0
2010-03,EUR,2008.0,-0.06919147854528579,-0.01756187372234834,2010-01,0.06285263214630449,-0.028827681733992975,2008.0
2010-03,JPY,2008.0,-0.05839963421472125,-0.09616601210335393,2010-01,0.1555666944277258,-0.09532203928547811,2008.0
2010-03,GBP,2008.0,-0.11429213247426362,-0.02490274705476775,2010-01,-0.025478923434391915,-0.0018447722580510297,2008.0
2010-03,CAD,2008.0,0.11578908341761968,0.042743585698673925,2010-01,-0.24132456299860272,0.06930043964433154,2008.0
2010-03,SEK,2008.0,-0.013275160194638265,-0.0014594707756627398,2010-01,-0.15005805434356803,0.004773644363739481,2008.0
2010-04,BRL,2008.0,-0.11951381922616634,0.03136736205405648,2010-02,0.5290641982361872,-0.006889875055574388,2008.0
2010-04,EUR,2008.0,-0.06919147854528579,-0.01756187372234834,2010-02,0.06828166218833226,-0.033416137715750104,2008.0
2010-04,JPY,2008.0,-0.05839963421472125,-0.09616601210335393,2010-02,0.17222639085392094,-0.10963135639884061,2008.0
2010-04,GBP,2008.0,-0.11429213247426362,-0.02490274705476775,2010-02,-0.02599333319751727,-0.002186220219518373,2008.0
2010-04,CAD,2008.0,0.11578908341761968,0.042743585698673925,2010-02,-0.2450734471524076,0.07628248580908217,2008.0
2010-04,SEK,2008.0,-0.013275160194638265,-0.0014594707756627398,2010-02,-0.1442064000547825,0.0037284086268242625,2008.0
2010-05,BRL,2008.0,-0.11951381922616634,0.03136736205405648,2010-03,0.5437470667113973,0.006919484359290808,2008.0
2010-05,EUR,2008.0,-0.06919147854528579,-0.01756187372234834,2010-03,0.07182443780673321,-0.03143300821542941,2008.0
2010-05,JPY,2008.0,-0.05839963421472125,-0.09616601210335393,2010-03,0.18020778984937255,-0.10695661001743996,2008.0
2010-05,GBP,2008.0,-0.11429213247426362,-0.02490274705476775,2010-03,-0.02952223911305666,-0.006049180701144514,2008.0
2010-05,CAD,2008.0,0.11578908341761968,0.042743585698673925,2010-03,-0.24269583070935682,0.08367864825539906,2008.0
2010-05,SEK,2008.0,-0.013275160194638265,-0.0014594707756627398,2010-03,-0.13751889419997884,0.011800258205562644,2008.0
2010-06,BRL,2008.0,-0.11951381922616634,0.03136736205405648,2010-04,0.5515754059405779,0.0016525103345939004,2008.0
2010-06,EUR,2008.0,-0.06919147854528579,-0.01756187372234834,2010-04,0.06974530380890337,-0.031472983957742034,2008.0
2010-06,JPY,2008.0,-0.05839963421472125,-0.09616601210335393,2010-04,0.17146787399484817,-0.10673235662791286,2008.0
2010-06,GBP,2008.0,-0.11429213247426362,-0.02490274705476775,2010-04,-0.03178776729611639,-0.004806095102237669,2008.0
2010-06,CAD,2008.0,0.11578908341761968,0.042743585698673925,2010-04,-0.2329332298554185,0.0846809329868769,2008.0
2010-06,SEK,2008.0,-0.013275160194638265,-0.0014594707756627398,2010-04,-0.13379255897818418,0.01163591926332412,2008.0
2010-07,BRL,2008.0,-0.11951381922616634,0.03136736205405648,2010-05,0.5459230446717565,-0.010929414779009073,2008.0
2010-07,EUR,2008.0,-0.06919147854528579,-0.01756187372234834,2010-05,0.07410801450773734,-0.01477525630092014,2008.0
2010-07,JPY,2008.0,-0.05839963421472125,-0.09616601210335393,2010-05,0.18628325041086854,-0.052938116550268845,2008.0
2010-07,GBP,2008.0,-0.11429213247426362,-0.02490274705476775,2010-05,-0.03130016004439894,-0.0034788800431853036,2008.0
2010-07,CAD,2008.0,0.11578908341761968,0.042743585698673925,2010-05,-0.24087324669392884,0.06198098455736539,2008.0
2010-07,SEK,2008.0,-0.013275160194638265,-0.0014594707756627398,2010-05,-0.13182835075275331,0.020979211208862224,2008.0
2010-08,BRL,2008.0,-0.11951381922616634,0.03136736205405648,2010-06,0.5191925049144849,-0.03504879855223867,2008.0
2010-08,EUR,2008.0,-0.06919147854528579,-0.01756187372234834,2010-06,0.07465813682800772,-0.008922191565229292,2008.0
2010-08,JPY,2008.0,-0.05839963421472125,-0.09616601210335393,2010-06,0.19105223923621945,-0.03185420302814857,2008.0
2010-08,GBP,2008.0,-0.11429213247426362,-0.02490274705476775,2010-06,-0.02706889655687083,-0.0009877938872452354,2008.0
2010-08,CAD,2008.0,0.11578908341761968,0.042743585698673925,2010-06,-0.24094290633627374,0.0555638642478843,2008.0
2010-08,SEK,2008.0,-0.013275160194638265,-0.0014594707756627398,2010-06,-0.13071111484694595,0.02718852441608,2008.0
2010-09,BRL,2008.0,-0.11951381922616634,0.03136736205405648,2010-07,0.5407958937782151,-0.010793522234171097,2008.0
2010-09,EUR,2008.0,-0.06919147854528579,-0.01756187372234834,2010-07,0.07170786213939086,-0.020272369611135807,2008.0
2010-09,JPY,2008.0,-0.05839963421472125,-0.09616601210335393,2010-07,0.18111997166567634,-0.06632690292221932,2008.0
2010-09,GBP,2008.0,-0.11429213247426362,-0.02490274705476775,2010-07,-0.02911481843214553,-0.002150129696139352,2008.0
2010-09,CAD,2008.0,0.11578908341761968,0.042743585698673925,2010-07,-0.24676009450117564,0.050700635557104204,2008.0
2010-09,SEK,2008.0,-0.013275160194638265,-0.0014594707756627398,2010-07,-0.1393395012706069,0.0075427087745111926,2008.0
2010-10,BRL,2008.0,-0.11951381922616634,0.03136736205405648,2010-08,0.5721259670787996,0.005272974624761581,2008.0
2010-10,EUR,2008.0,-0.06919147854528579,-0.01756187372234834,2010-08,0.06625165482231718,-0.02071327476880216,2008.0
2010-10,JPY,2008.0,-0.05839963421472125,-0.09616601210335393,2010-08,0.1606201233068783,-0.0683138118170648,2008.0
2010-10,GBP,2008.0,-0.11429213247426362,-0.02490274705476775,2010-08,-0.03433100746296376,-0.004619055106720544,2008.0
2010-10,CAD,2008.0,0.11578908341761968,0.042743585698673925,2010-08,-0.2404786148968535,0.045163615533237084,2008.0
2010-10,SEK,2008.0,-0.013275160194638265,-0.0014594707756627398,2010-08,-0.14267279932137122,0.004082619514958321,2008.0
2010-11,BRL,2008.0,-0.11951381922616634,0.03136736205405648,2010-09,0.5988912046822842,0.04751756802491269,2008.0
2010-11,EUR,2008.0,-0.06919147854528579,-0.01756187372234834,2010-09,0.06259063240311319,-0.03259728670898281,2008.0
2010-11,JPY,2008.0,-0.05839963421472125,-0.09616601210335393,2010-09,0.145791616209145,-0.10986513839266109,2008.0
2010-11,GBP,2008.0,-0.11429213247426362,-0.02490274705476775,2010-09,-0.04022698092906841,-0.011722469960114319,2008.0
2010-11,CAD,2008.0,0.11578908341761968,0.042743585698673925,2010-09,-0.23319766905909858,0.05876864384328537,2008.0
2010-11,SEK,2008.0,-0.013275160194638265,-0.0014594707756627398,2010-09,-0.14114127374547045,-0.0029214462575040093,2008.0
2010-12,BRL,2008.0,-0.11951381922616634,0.03136736205405648,2010-10,0.619764640747852,0.07887407042074457,2008.0
2010-12,EUR,2008.0,-0.06919147854528579,-0.01756187372234834,2010-10,0.05850117664532464,-0.021622255923318668,2008.0
2010-12,JPY,2008.0,-0.05839963421472125,-0.09616601210335393,2010-10,0.12954358165615423,-0.0806722799881579,2008.0
2010-12,GBP,2008.0,-0.11429213247426362,-0.02490274705476775,2010-10,-0.04555973382238866,-0.019524085243532684,2008.0
2010-12,CAD,2008.0,0.11578908341761968,0.042743585698673925,2010-10,-0.2213806262039442,0.052509588792766175,2008.0
2010-12,SEK,2008.0,-0.013275160194638265,-0.0014594707756627398,2010-10,-0.13727378466065523,0.010377112323527362,2008.0
2011-01,BRL,2009.0,-0.12412518185310811,-0.00461136262694177,2010-11,0.6183256328509047,0.06427730527661128,2009.0
2011-01,EUR,2009.0,-0.026394002071258804,0.042797476474026985,2010-11,0.05193309676632241,-0.025936375983900507,2009.0
2011-01,JPY,2009.0,0.055662257960371636,0.11406189217509288,2010-11,0.10829196102701202,-0.09287008587932336,2009.0
2011-01,GBP,2009.0,-0.09275118097310282,0.021540951501160796,2010-11,-0.04702380180827056,-0.01785829090339097,2009.0
2011-01,CAD,2009.0,0.019873481639163332,-0.09591560177845634,2010-11,-0.20681431111520532,0.061082978841130724,2009.0
2011-01,SEK,2009.0,-0.0016378344572856099,0.011637325737352655,2010-11,-0.13498114876818681,0.010927827049341534,2009.0
2011-02,BRL,2009.0,-0.12412518185310811,-0.00461136262694177,2010-12,0.6240813311143237,0.08947466307523427,2009.0
2011-02,EUR,2009.0,-0.026394002071258804,0.042797476474026985,2010-12,0.04122317776103541,-0.025614074755334823,2009.0
2011-02,JPY,2009.0,0.055662257960371636,0.11406189217509288,2010-12,0.07418498902583076,-0.09425862034658704,2009.0
2011-02,GBP,2009.0,-0.09275118097310282,0.021540951501160796,2010-12,-0.0482421983085366,-0.02243270520934205,2009.0
2011-02,CAD,2009.0,0.019873481639163332,-0.09591560177845634,2010-12,-0.19217942601063792,0.05828737905162677,2009.0
2011-02,SEK,2009.0,-0.0016378344572856099,0.011637325737352655,2010-12,-0.13966541148214845,0.010473112024820605,2009.0
2011-03,BRL,2009.0,-0.12412518185310811,-0.00461136262694177,2011-01,0.633089107973569,0.10142169602946695,2009.0
2011-03,EUR,2009.0,-0.026394002071258804,0.042797476474026985,2011-01,0.03451474521829819,-0.028337886928006286,2009.0
2011-03,JPY,2009.0,0.055662257960371636,0.11406189217509288,2011-01,0.05164829652524924,-0.10391839790247655,2009.0
2011-03,GBP,2009.0,-0.09275118097310282,0.021540951501160796,2011-01,-0.0505916953670556,-0.02511277193266369,2009.0
2011-03,CAD,2009.0,0.019873481639163332,-0.09591560177845634,2011-01,-0.17994637751232462,0.06137818548627809,2009.0
2011-03,SEK,2009.0,-0.0016378344572856099,0.011637325737352655,2011-01,-0.14008880139443342,0.009969252949134637,2009.0
2011-04,BRL,2009.0,-0.12412518185310811,-0.00461136262694177,2011-02,0.6499561098300084,0.12089191159382112,2009.0
2011-04,EUR,2009.0,-0.026394002071258804,0.042797476474026985,2011-02,0.031065983357012175,-0.037215678831320084,2009.0
2011-04,JPY,2009.0,0.055662257960371636,0.11406189217509288,2011-02,0.0378383550260109,-0.13438803582791006,2009.0
2011-04,GBP,2009.0,-0.09275118097310282,0.021540951501160796,2011-02,-0.055370874137288265,-0.029377540939770998,2009.0
2011-04,CAD,2009.0,0.019873481639163332,-0.09591560177845634,2011-02,-0.16873354583152395,0.0763399013208836,2009.0
2011-04,SEK,2009.0,-0.0016378344572856099,0.011637325737352655,2011-02,-0.13557708356181472,0.008629316492967764,2009.0
2011-05,BRL,2009.0,-0.12412518185310811,-0.00461136262694177,2011-03,0.6327229631600253,0.088975896448628,2009.0
2011-05,EUR,2009.0,-0.026394002071258804,0.042797476474026985,2011-03,0.03309949828134138,-0.03872493952539184,2009.0
2011-05,JPY,2009.0,0.055662257960371636,0.11406189217509288,2011-03,0.04643832585392312,-0.13376946399544942,2009.0
2011-05,GBP,2009.0,-0.09275118097310282,0.021540951501160796,2011-03,-0.05205295979167469,-0.02253072067861802,2009.0
2011-05,CAD,2009.0,0.019873481639163332,-0.09591560177845634,2011-03,-0.17286541412934245,0.06983041658001435,2009.0
2011-05,SEK,2009.0,-0.0016378344572856099,0.011637325737352655,2011-03,-0.13586472853398265,0.00165416566599618,2009.0
2011-06,BRL,2009.0,-0.12412518185310811,-0.00461136262694177,2011-04,0.6352111423820758,0.08363573644149791,2009.0
2011-06,EUR,2009.0,-0.026394002071258804,0.042797476474026985,2011-04,0.027100449415973962,-0.042644854392929414,2009.0
2011-06,JPY,2009.0,0.055662257960371636,0.11406189217509288,2011-04,0.027919958613785895,-0.14354791538106226,2009.0
2011-06,GBP,2009.0,-0.09275118097310282,0.021540951501160796,2011-04,-0.051901775349105866,-0.020114008052989473,2009.0
2011-06,CAD,2009.0,0.019873481639163332,-0.09591560177845634,2011-04,-0.16759005993968176,0.06534316991573673,2009.0
2011-06,SEK,2009.0,-0.0016378344572856099,0.011637325737352655,2011-04,-0.14100554823084424,-0.007212989252660053,2009.0
2011-07,BRL,2009.0,-0.12412518185310811,-0.00461136262694177,2011-05,0.6336843526959604,0.08776130802420395,2009.0
2011-07,EUR,2009.0,-0.026394002071258804,0.042797476474026985,2011-05,0.03258843353308473,-0.041519580974652595,2009.0
2011-07,JPY,2009.0,0.055662257960371636,0.11406189217509288,2011-05,0.047091482817144245,-0.13919176759372434,2009.0
2011-07,GBP,2009.0,-0.09275118097310282,0.021540951501160796,2011-05,-0.04904935371481332,-0.01774919367041437,2009.0
2011-07,CAD,2009.0,0.019873481639163332,-0.09591560177845634,2011-05,-0.18582596064159315,0.05504728605233572,2009.0
2011-07,SEK,2009.0,-0.0016378344572856099,0.011637325737352655,2011-05,-0.1476330811338587,-0.015804730381105348,2009.0
2011-08,BRL,2009.0,-0.12412518185310811,-0.00461136262694177,2011-06,0.6241278180931661,0.10493531317868124,2009.0
2011-08,EUR,2009.0,-0.026394002071258804,0.042797476474026985,2011-06,0.03437305925246882,-0.04028507757553888,2009.0
2011-08,JPY,2009.0,0.055662257960371636,0.11406189217509288,2011-06,0.05446062349891664,-0.13659161573730277,2009.0
2011-08,GBP,2009.0,-0.09275118097310282,0.021540951501160796,2011-06,-0.04627175400376345,-0.019202857446892617,2009.0
2011-08,CAD,2009.0,0.019873481639163332,-0.09591560177845634,2011-06,-0.19235042705003685,0.04859247928623687,2009.0
2011-08,SEK,2009.0,-0.0016378344572856099,0.011637325737352655,2011-06,-0.15057016326080935,-0.019859048413863434,2009.0
2011-09,BRL,2009.0,-0.12412518185310811,-0.00461136262694177,2011-07,0.6194497415951357,0.07865384781692059,2009.0
2011-09,EUR,2009.0,-0.026394002071258804,0.042797476474026985,2011-07,0.03758114772879942,-0.03412671441059145,2009.0
2011-09,JPY,2009.0,0.055662257960371636,0.11406189217509288,2011-07,0.06546001938479394,-0.1156599522808824,2009.0
2011-09,GBP,2009.0,-0.09275118097310282,0.021540951501160796,2011-07,-0.04395567999324314,-0.014840861561097617,2009.0
2011-09,CAD,2009.0,0.019873481639163332,-0.09591560177845634,2011-07,-0.1999965241155674,0.04676357038560825,2009.0
2011-09,SEK,2009.0,-0.0016378344572856099,0.011637325737352655,2011-07,-0.1530758242209056,-0.01373632295029869,2009.0
2011-10,BRL,2009.0,-0.12412518185310811,-0.00461136262694177,2011-08,0.6307946520798461,0.05866868500104652,2009.0
2011-10,EUR,2009.0,-0.026394002071258804,0.042797476474026985,2011-08,0.04211654783356589,-0.024135106988751296,2009.0
2011-10,JPY,2009.0,0.055662257960371636,0.11406189217509288,2011-08,0.07885562734204475,-0.08176449596483353,2009.0
2011-10,GBP,2009.0,-0.09275118097310282,0.021540951501160796,2011-08,-0.045908580949047206,-0.011577573486083435,2009.0
2011-10,CAD,2009.0,0.019873481639163332,-0.09591560177845634,2011-08,-0.208726337099975,0.03175227779687845,2009.0
2011-10,SEK,2009.0,-0.0016378344572856099,0.011637325737352655,2011-08,-0.15204722390773978,-0.00937442458636855,2009.0
2011-11,BRL,2009.0,-0.12412518185310811,-0.00461136262694177,2011-09,0.6219375509182056,0.023046346235921476,2009.0
2011-11,EUR,2009.0,-0.026394002071258804,0.042797476474026985,2011-09,0.045884815253342655,-0.016705817149770544,2009.0
2011-11,JPY,2009.0,0.055662257960371636,0.11406189217509288,2011-09,0.09146134980519666,-0.05433026640394837,2009.0
2011-11,GBP,2009.0,-0.09275118097310282,0.021540951501160796,2011-09,-0.044855761692775595,-0.00462878076370719,2009.0
2011-11,CAD,2009.0,0.019873481639163332,-0.09591560177845634,2011-09,-0.21250240069418752,0.02069526836491109,2009.0
2011-11,SEK,2009.0,-0.0016378344572856099,0.011637325737352655,2011-09,-0.14886860546870503,-0.007727331723234567,2009.0
2011-12,BRL,2009.0,-0.12412518185310811,-0.00461136262694177,2011-10,0.6057450395994181,-0.014019601148433933,2009.0
2011-12,EUR,2009.0,-0.026394002071258804,0.042797476474026985,2011-10,0.054755044692743254,-0.0037461319525813833,2009.0
2011-12,JPY,2009.0,0.055662257960371636,0.11406189217509288,2011-10,0.12131753677774945,-0.00822604487840475,2009.0
2011-12,GBP,2009.0,-0.09275118097310282,0.021540951501160796,2011-10,-0.04193468659069406,0.003625047231694611,2009.0
2011-12,CAD,2009.0,0.019873481639163332,-0.09591560177845634,2011-10,-0.22582984357976574,-0.004449217375821547,2009.0
2011-12,SEK,2009.0,-0.0016378344572856099,0.011637325737352655,2011-10,-0.14547886006955676,-0.008205075408901516,2009.0
2012-01,BRL,2010.0,0.0,0.12412518185310811,2011-11,0.6004146910559824,-0.01791094179492223,2010.0
2012-01,EUR,2010.0,-0.04683129378900022,-0.020437291717741418,2011-11,0.059125543402656494,0.007192446636334087,2010.0
2012-01,JPY,2010.0,-0.0024342187608008808,-0.05809647672117252,2011-11,0.13656441085405618,0.028272449827044174,2010.0
2012-01,GBP,2010.0,-0.07691772610386348,0.015833454869239344,2011-11,-0.0396843847597204,0.007339417048550164,2010.0
2012-01,CAD,2010.0,0.07148770667223688,0.051614225033073544,2011-11,-0.23740078043835314,-0.03058646932314781,2010.0
2012-01,SEK,2010.0,-0.003035233730035336,-0.0013973992727497261,2011-11,-0.14820211056065988,-0.013220961792473068,2010.0
2012-02,BRL,2010.0,0.0,0.12412518185310811,2011-12,0.5967831967475671,-0.027298134366756755,2010.0
2012-02,EUR,2010.0,-0.04683129378900022,-0.020437291717741418,2011-12,0.06200183995863709,0.020778662197601692,2010.0
2012-02,JPY,2010.0,-0.0024342187608008808,-0.05809647672117252,2011-12,0.14603208898259193,0.07184709995676113,2010.0
2012-02,GBP,2010.0,-0.07691772610386348,0.015833454869239344,2011-12,-0.03861712705156218,0.009625071256974427,2010.0
2012-02,CAD,2010.0,0.07148770667223688,0.051614225033073544,2011-12,-0.24195319059317674,-0.049773764582538835,2010.0
2012-02,SEK,2010.0,-0.003035233730035336,-0.0013973992727497261,2011-12,-0.14787081651914014,-0.008205405036991723,2010.0
2012-03,BRL,2010.0,0.0,0.12412518185310811,2012-01,0.616255230121797,-0.016833877851772032,2010.0
2012-03,EUR,2010.0,-0.04683129378900022,-0.020437291717741418,2012-01,0.06307792038600506,0.02856317516770685,2010.0
2012-03,JPY,2010.0,-0.0024342187608008808,-0.05809647672117252,2012-01,0.14645532893303304,0.09480703240778375,2010.0
2012-03,GBP,2010.0,-0.07691772610386348,0.015833454869239344,2012-01,-0.0428869292375951,0.007704766129460498,2010.0
2012-03,CAD,2010.0,0.07148770667223688,0.051614225033073544,2012-01,-0.23957373205074511,-0.05962735453842052,2010.0
2012-03,SEK,2010.0,-0.003035233730035336,-0.0013973992727497261,2012-01,-0.14401580346417578,-0.003927002069742368,2010.0
2012-04,BRL,2010.0,0.0,0.12412518185310811,2012-02,0.623100795919095,-0.026855313910913454,2010.0
2012-04,EUR,2010.0,-0.04683129378900022,-0.020437291717741418,2012-02,0.0617997704046778,0.030733787047665634,2010.0
2012-04,JPY,2010.0,-0.0024342187608008808,-0.05809647672117252,2012-02,0.1413685607991565,0.1035302057731456,2010.0
2012-04,GBP,2010.0,-0.07691772610386348,0.015833454869239344,2012-02,-0.04454364384121331,0.01082723029607496,2010.0
2012-04,CAD,2010.0,0.07148770667223688,0.051614225033073544,2012-02,-0.23607144298299867,-0.06733789715147467,2010.0
2012-04,SEK,2010.0,-0.003035233730035336,-0.0013973992727497261,2012-02,-0.14300265058739633,-0.007425567025581611,2010.0
2012-05,BRL,2010.0,0.0,0.12412518185310811,2012-03,0.6314567783058787,-0.0012661848541466727,2010.0
2012-05,EUR,2010.0,-0.04683129378900022,-0.020437291717741418,2012-03,0.06518711313544816,0.03208761485410678,2010.0
2012-05,JPY,2010.0,-0.0024342187608008808,-0.05809647672117252,2012-03,0.15121760648234955,0.10477928062842642,2010.0
2012-05,GBP,2010.0,-0.07691772610386348,0.015833454869239344,2012-03,-0.04604401038671386,0.006008949404960818,2010.0
2012-05,CAD,2010.0,0.07148770667223688,0.051614225033073544,2012-03,-0.24175413618368663,-0.06888872205434417,2010.0
2012-05,SEK,2010.0,-0.003035233730035336,-0.0013973992727497261,2012-03,-0.141749346216356,-0.005884617682373337,2010.0
2012-06,BRL,2010.0,0.0,0.12412518185310811,2012-04,0.6364040376789125,0.001192895296836647,2010.0
2012-06,EUR,2010.0,-0.04683129378900022,-0.020437291717741418,2012-04,0.07055096656205473,0.04345051714608077,2010.0
2012-06,JPY,2010.0,-0.0024342187608008808,-0.05809647672117252,2012-04,0.16729049014878786,0.13937053153500192,2010.0
2012-06,GBP,2010.0,-0.07691772610386348,0.015833454869239344,2012-04,-0.047334363975957874,0.004567411373148006,2010.0
2012-06,CAD,2010.0,0.07148770667223688,0.051614225033073544,2012-04,-0.2481803647710953,-0.08059030483141356,2010.0
2012-06,SEK,2010.0,-0.003035233730035336,-0.0013973992727497261,2012-04,-0.13804516586803722,0.002960382362807004,2010.0
2012-07,BRL,2010.0,0.0,0.12412518185310811,2012-05,0.6220135889559221,-0.011670763740038339,2010.0
2012-07,EUR,2010.0,-0.04683129378900022,-0.020437291717741418,2012-05,0.06869678243162844,0.03610834889854371,2010.0
2012-07,JPY,2010.0,-0.0024342187608008808,-0.05809647672117252,2012-05,0.16410794727929667,0.11701646446215243,2010.0
2012-07,GBP,2010.0,-0.07691772610386348,0.015833454869239344,2012-05,-0.043648065368492854,0.005401288346320459,2010.0
2012-07,CAD,2010.0,0.07148770667223688,0.051614225033073544,2012-05,-0.2509846334066909,-0.06515867276509776,2010.0
2012-07,SEK,2010.0,-0.003035233730035336,-0.0013973992727497261,2012-05,-0.14342088586835192,0.004212195265506751,2010.0
2012-08,BRL,2010.0,0.0,0.12412518185310811,2012-06,0.628164014217215,0.004036196124048938,2010.0
2012-08,EUR,2010.0,-0.04683129378900022,-0.020437291717741418,2012-06,0.07389532557295271,0.03952226632048388,2010.0
2012-08,JPY,2010.0,-0.0024342187608008808,-0.05809647672117252,2012-06,0.18066714805033743,0.12620652455142076,2010.0
2012-08,GBP,2010.0,-0.07691772610386348,0.015833454869239344,2012-06,-0.04357532262624696,0.002696431377516493,2010.0
2012-08,CAD,2010.0,0.07148770667223688,0.051614225033073544,2012-06,-0.2638275349342871,-0.07147710788425027,2010.0
2012-08,SEK,2010.0,-0.003035233730035336,-0.0013973992727497261,2012-06,-0.14544689274160372,0.005123270519205629,2010.0
2012-09,BRL,2010.0,0.0,0.12412518185310811,2012-07,0.64837490856885,0.028925166973714285,2010.0
2012-09,EUR,2010.0,-0.04683129378900022,-0.020437291717741418,2012-07,0.05748213130679892,0.019900983577999496,2010.0
2012-09,JPY,2010.0,-0.0024342187608008808,-0.05809647672117252,2012-07,0.12929360826253053,0.06383358887773659,2010.0
2012-09,GBP,2010.0,-0.07691772610386348,0.015833454869239344,2012-07,-0.045476370521412804,-0.0015206905281696622,2010.0
2012-09,CAD,2010.0,0.07148770667223688,0.051614225033073544,2012-07,-0.25337130268895747,-0.0533747785733901,2010.0
2012-09,SEK,2010.0,-0.003035233730035336,-0.0013973992727497261,2012-07,-0.1612755136303002,-0.008199689409394641,2010.0
2012-10,BRL,2010.0,0.0,0.12412518185310811,2012-08,0.6421451502326805,0.011350498152834393,2010.0
2012-10,EUR,2010.0,-0.04683129378900022,-0.020437291717741418,2012-08,0.05781421708725502,0.015697669253689133,2010.0
2012-10,JPY,2010.0,-0.0024342187608008808,-0.05809647672117252,2012-08,0.13183858853070457,0.05298296118865985,2010.0
2012-10,GBP,2010.0,-0.07691772610386348,0.015833454869239344,2012-08,-0.04382410324081783,0.0020844777082293727,2010.0
2012-10,CAD,2010.0,0.07148770667223688,0.051614225033073544,2012-08,-0.25792373173843797,-0.0491973946384629,2010.0
2012-10,SEK,2010.0,-0.003035233730035336,-0.0013973992727497261,2012-08,-0.1639737790838614,-0.011926555176121628,2010.0
2012-11,BRL,2010.0,0.0,0.12412518185310811,2012-09,0.6428501791451052,0.02091262822689965,2010.0
2012-11,EUR,2010.0,-0.04683129378900022,-0.020437291717741418,2012-09,0.05739459951648448,0.011509784263141814,2010.0
2012-11,JPY,2010.0,-0.0024342187608008808,-0.05809647672117252,2012-09,0.12979817587909542,0.0383368260738988,2010.0
2012-11,GBP,2010.0,-0.07691772610386348,0.015833454869239344,2012-09,-0.04434405397416405,0.0005117077186115445,2010.0
2012-11,CAD,2010.0,0.07148770667223688,0.051614225033073544,2012-09,-0.254016589328577,-0.041514188634389486,2010.0
2012-11,SEK,2010.0,-0.003035233730035336,-0.0013973992727497261,2012-09,-0.1619843039222553,-0.013115698453550267,2010.0
2012-12,BRL,2010.0,0.0,0.12412518185310811,2012-10,0.6327365355693055,0.026991495969887463,2010.0
2012-12,EUR,2010.0,-0.04683129378900022,-0.020437291717741418,2012-10,0.054173169307519885,-0.00058187538522336,2010.0
2012-12,JPY,2010.0,-0.0024342187608008808,-0.05809647672117252,2012-10,0.12074912322282559,-0.0005684135549239072,2010.0
2012-12,GBP,2010.0,-0.07691772610386348,0.015833454869239344,2012-10,-0.042393324404795485,-0.0004586378141014148,2010.0
2012-12,CAD,2010.0,0.07148770667223688,0.051614225033073544,2012-10,-0.2490379712110845,-0.02320812763131878,2010.0
2012-12,SEK,2010.0,-0.003035233730035336,-0.0013973992727497261,2012-10,-0.16362863504694264,-0.018149774977385895,2010.0
2013-01,BRL,2011.0,0.0699605708164081,0.0699605708164081,2012-11,0.6257926365620647,0.02537794550608222,2011.0
2013-01,EUR,2011.0,-0.07279439869895689,-0.025963104909956666,2012-11,0.05406789306626856,-0.005057650336387926,2011.0
2013-01,JPY,2011.0,-0.08260712892737423,-0.08017291016657335,2012-11,0.12155893222729365,-0.015005478626762558,2011.0
2013-01,GBP,2011.0,-0.0878999924121038,-0.010982266308240327,2012-11,-0.040549744732791576,-0.0008653599730711816,2011.0
2013-01,CAD,2011.0,0.10474775332286343,0.033260046650626554,2012-11,-0.2509608368976439,-0.013560056459290789,2011.0
2013-01,SEK,2011.0,-0.010536621146243756,-0.00750138741620842,2012-11,-0.16572445581252557,-0.01752234525186569,2011.0
2013-02,BRL,2011.0,0.0699605708164081,0.0699605708164081,2012-12,0.6300142819093468,0.03323108516177981,2011.0
2013-02,EUR,2011.0,-0.07279439869895689,-0.025963104909956666,2012-12,0.05516051808377467,-0.006841321874862417,2011.0
2013-02,JPY,2011.0,-0.08260712892737423,-0.08017291016657335,2012-12,0.1236184665797771,-0.022413622402814817,2011.0
2013-02,GBP,2011.0,-0.0878999924121038,-0.010982266308240327,2012-12,-0.04183135445683314,-0.0032142274052709735,2011.0
2013-02,CAD,2011.0,0.10474775332286343,0.033260046650626554,2012-12,-0.24798949272078136,-0.006036302127604587,2011.0
2013-02,SEK,2011.0,-0.010536621146243756,-0.00750138741620842,2012-12,-0.16223088961550644,-0.014360073096366263,2011.0
2013-03,BRL,2011.0,0.0699605708164081,0.0699605708164081,2013-01,0.6275325982233632,0.011277368101566248,2011.0
2013-03,EUR,2011.0,-0.07279439869895689,-0.025963104909956666,2013-01,0.05420657294138273,-0.008871347444622323,2011.0
2013-03,JPY,2011.0,-0.08260712892737423,-0.08017291016657335,2013-01,0.12033462789774273,-0.026120701035290315,2011.0
2013-03,GBP,2011.0,-0.0878999924121038,-0.010982266308240327,2013-01,-0.0418212258134355,0.0010657034241596003,2011.0
2013-03,CAD,2011.0,0.10474775332286343,0.033260046650626554,2013-01,-0.24358522059165508,-0.004011488540909897,2011.0
2013-03,SEK,2011.0,-0.010536621146243756,-0.00750138741620842,2013-01,-0.16057902823901757,-0.01656322477484176,2011.0
2013-04,BRL,2011.0,0.0699605708164081,0.0699605708164081,2013-02,0.6242984582501068,0.001197662331011764,2011.0
2013-04,EUR,2011.0,-0.07279439869895689,-0.025963104909956666,2013-02,0.05476162045464308,-0.007038149950034734,2011.0
2013-04,JPY,2011.0,-0.08260712892737423,-0.08017291016657335,2013-02,0.1223100248658189,-0.019058535933337624,2011.0
2013-04,GBP,2011.0,-0.0878999924121038,-0.010982266308240327,2013-02,-0.0412656353894505,0.003278008451762808,2011.0
2013-04,CAD,2011.0,0.10474775332286343,0.033260046650626554,2013-02,-0.24370409555462455,-0.0076326525716259065,2011.0
2013-04,SEK,2011.0,-0.010536621146243756,-0.00750138741620842,2013-02,-0.1600311751107278,-0.017028524523331475,2011.0
2013-05,BRL,2011.0,0.0699605708164081,0.0699605708164081,2013-03,0.6105924489161189,-0.020864329389759732,2011.0
2013-05,EUR,2011.0,-0.07279439869895689,-0.025963104909956666,2013-03,0.054433637475929504,-0.010753475659518646,2011.0
2013-05,JPY,2011.0,-0.08260712892737423,-0.08017291016657335,2013-03,0.12323953673569871,-0.027978069746650847,2011.0
2013-05,GBP,2011.0,-0.0878999924121038,-0.010982266308240327,2013-03,-0.03894012313591857,0.00710388725079529,2011.0
2013-05,CAD,2011.0,0.10474775332286343,0.033260046650626554,2013-03,-0.24485009372599414,-0.003095957542307541,2011.0
2013-05,SEK,2011.0,-0.010536621146243756,-0.00750138741620842,2013-03,-0.1608948096850524,-0.01914546346869642,2011.0
2013-06,BRL,2011.0,0.0699605708164081,0.0699605708164081,2013-04,0.5957317049107075,-0.04067233276820503,2011.0
2013-06,EUR,2011.0,-0.07279439869895689,-0.025963104909956666,2013-04,0.055875939299259644,-0.014675027262795072,2011.0
2013-06,JPY,2011.0,-0.08260712892737423,-0.08017291016657335,2013-04,0.12958422098055844,-0.0377062691682294,2011.0
2013-06,GBP,2011.0,-0.0878999924121038,-0.010982266308240327,2013-04,-0.0361656344346128,0.01116872954134506,2011.0
2013-06,CAD,2011.0,0.10474775332286343,0.033260046650626554,2013-04,-0.24745772300791313,0.0007226417631821753,2011.0
2013-06,SEK,2011.0,-0.010536621146243756,-0.00750138741620842,2013-04,-0.16090388812944362,-0.022858722261406374,2011.0
2013-07,BRL,2011.0,0.0699605708164081,0.0699605708164081,2013-05,0.5925682386517725,-0.029445350304149506,2011.0
2013-07,EUR,2011.0,-0.07279439869895689,-0.025963104909956666,2013-05,0.0574718670716328,-0.011224915359995648,2011.0
2013-07,JPY,2011.0,-0.08260712892737423,-0.08017291016657335,2013-05,0.13470573011186288,-0.02940221716743377,2011.0
2013-07,GBP,2011.0,-0.0878999924121038,-0.010982266308240327,2013-05,-0.03640798815630694,0.007240077212185899,2011.0
2013-07,CAD,2011.0,0.10474775332286343,0.033260046650626554,2013-05,-0.24786562643443869,0.0031190069722522445,2011.0
2013-07,SEK,2011.0,-0.010536621146243756,-0.00750138741620842,2013-05,-0.15803080689030594,-0.014609921021954006,2011.0
2013-08,BRL,2011.0,0.0699605708164081,0.0699605708164081,2013-06,0.5946293894553462,-0.03353462476186883,2011.0
2013-08,EUR,2011.0,-0.07279439869895689,-0.025963104909956666,2013-06,0.05964492874987058,-0.01425039682308213,2011.0
2013-08,JPY,2011.0,-0.08260712892737423,-0.08017291016657335,2013-06,0.1417803568540603,-0.038886791196277096,2011.0
2013-08,GBP,2011.0,-0.0878999924121038,-0.010982266308240327,2013-06,-0.03651628626810956,0.007059036358137394,2011.0
2013-08,CAD,2011.0,0.10474775332286343,0.033260046650626554,2013-06,-0.25347006705807307,0.010357467876214057,2011.0
2013-08,SEK,2011.0,-0.010536621146243756,-0.00750138741620842,2013-06,-0.15860780784240466,-0.01316091510080092,2011.0
2013-09,BRL,2011.0,0.0699605708164081,0.0699605708164081,2013-07,0.5872014115347051,-0.06117349703414493,2011.0
2013-09,EUR,2011.0,-0.07279439869895689,-0.025963104909956666,2013-07,0.06229184041817037,0.004809709111371455,2011.0
2013-09,JPY,2011.0,-0.08260712892737423,-0.08017291016657335,2013-07,0.15094312940370064,0.021649521141170094,2011.0
2013-09,GBP,2011.0,-0.0878999924121038,-0.010982266308240327,2013-07,-0.034657653150490665,0.010818717370922146,2011.0
2013-09,CAD,2011.0,0.10474775332286343,0.033260046650626554,2013-07,-0.25767831082758497,-0.004307008138627505,2011.0
2013-09,SEK,2011.0,-0.010536621146243756,-0.00750138741620842,2013-07,-0.15861244543167657,0.002663068198623643,2011.0
2013-10,BRL,2011.0,0.0699605708164081,0.0699605708164081,2013-08,0.5824271098145725,-0.059718040418108055,2011.0
2013-10,EUR,2011.0,-0.07279439869895689,-0.025963104909956666,2013-08,0.06505379336912359,0.00723957628186857,2011.0
2013-10,JPY,2011.0,-0.08260712892737423,-0.08017291016657335,2013-08,0.15943305587922485,0.027594467348520235,2011.0
2013-10,GBP,2011.0,-0.0878999924121038,-0.010982266308240327,2013-08,-0.033928423021663615,0.00989568021915421,2011.0
2013-10,CAD,2011.0,0.10474775332286343,0.033260046650626554,2013-08,-0.25812499298279107,-0.00020126124435308927,2011.0
2013-10,SEK,2011.0,-0.010536621146243756,-0.00750138741620842,2013-08,-0.15564346254956365,0.008330316534297758,2011.0
2013-11,BRL,2011.0,0.0699605708164081,0.0699605708164081,2013-09,0.5743723791220006,-0.06847780002310466,2011.0
2013-11,EUR,2011.0,-0.07279439869895689,-0.025963104909956666,2013-09,0.06444422572967734,0.007049626213192883,2011.0
2013-11,JPY,2011.0,-0.08260712892737423,-0.08017291016657335,2013-09,0.15852480427623497,0.02872662839713953,2011.0
2013-11,GBP,2011.0,-0.0878999924121038,-0.010982266308240327,2013-09,-0.03256246879168649,0.011781585182477558,2011.0
2013-11,CAD,2011.0,0.10474775332286343,0.033260046650626554,2013-09,-0.2575263096929995,-0.0035097203644225126,2011.0
2013-11,SEK,2011.0,-0.010536621146243756,-0.00750138741620842,2013-09,-0.15602728233076413,0.0059570215914911675,2011.0
2013-12,BRL,2011.0,0.0699605708164081,0.0699605708164081,2013-10,0.5760466128699538,-0.05668992269935164,2011.0
2013-12,EUR,2011.0,-0.07279439869895689,-0.025963104909956666,2013-10,0.06494524331814236,0.010772074010622471,2011.0
2013-12,JPY,2011.0,-0.08260712892737423,-0.08017291016657335,2013-10,0.16002222984587564,0.03927310662305002,2011.0
2013-12,GBP,2011.0,-0.0878999924121038,-0.010982266308240327,2013-10,-0.03246421430846656,0.009929110096328912,2011.0
2013-12,CAD,2011.0,0.10474775332286343,0.033260046650626554,2013-10,-0.25913221159907274,-0.010094240387988215,2011.0
2013-12,SEK,2011.0,-0.010536621146243756,-0.00750138741620842,2013-10,-0.15685147460794355,0.006777160438999122,2011.0
2014-01,BRL,2012.0,0.03012024519437595,-0.039840325622032144,2013-11,0.574081682564351,-0.05171095399771371,2012.0
2014-01,EUR,2012.0,-0.07394870886780495,-0.0011543101688480661,2013-11,0.06740060611658469,0.013332713050316112,2012.0
2014-01,JPY,2012.0,-0.09592132162438985,-0.013314192697015614,2013-11,0.16804319820530889,0.04648426597801529,2012.0
2014-01,GBP,2012.0,-0.07711515216140524,0.010784840250698563,2013-11,-0.0318936543200285,0.00865609041276308,2012.0
2014-01,CAD,2012.0,0.0897541709167425,-0.014993582406120934,2013-11,-0.26322555327594527,-0.012264716378301342,2012.0
2014-01,SEK,2012.0,-0.012385872214979401,-0.0018492510687356453,2013-11,-0.1564172002385863,0.009307255573939277,2012.0
2014-02,BRL,2012.0,0.03012024519437595,-0.039840325622032144,2013-12,0.5614189605632598,-0.06859532134608698,2012.0
2014-02,EUR,2012.0,-0.07394870886780495,-0.0011543101688480661,2013-12,0.06201465413059049,0.006854136046815808,2012.0
2014-02,JPY,2012.0,-0.09592132162438985,-0.013314192697015614,2013-12,0.15260790239197355,0.028989435812196443,2012.0
2014-02,GBP,2012.0,-0.07711515216140524,0.010784840250698563,2013-12,-0.029622556290714377,0.012208798166118764,2012.0
2014-02,CAD,2012.0,0.0897541709167425,-0.014993582406120934,2013-12,-0.25556245186196275,-0.007572959141181442,2012.0
2014-02,SEK,2012.0,-0.012385872214979401,-0.0018492510687356453,2013-12,-0.15902192320986028,0.003208966405646143,2012.0
2014-03,BRL,2012.0,0.03012024519437595,-0.039840325622032144,2014-01,0.5526067244892457,-0.07492587373411747,2012.0
2014-03,EUR,2012.0,-0.07394870886780495,-0.0011543101688480661,2014-01,0.06173333000857511,0.007526757067192387,2012.0
2014-03,JPY,2012.0,-0.09592132162438985,-0.013314192697015614,2014-01,0.1529772194169759,0.03264259151923317,2012.0
2014-03,GBP,2012.0,-0.07711515216140524,0.010784840250698563,2014-01,-0.027662433062907086,0.014158792750528426,2012.0
2014-03,CAD,2012.0,0.0897541709167425,-0.014993582406120934,2014-01,-0.2565647442410812,-0.012979523649426146,2012.0
2014-03,SEK,2012.0,-0.012385872214979401,-0.0018492510687356453,2014-01,-0.16055335315303565,2.567508598191086e-05,2012.0
2014-04,BRL,2012.0,0.03012024519437595,-0.039840325622032144,2014-02,0.5324838583952063,-0.09181459985490042,2012.0
2014-04,EUR,2012.0,-0.07394870886780495,-0.0011543101688480661,2014-02,0.05555459177526549,0.0007929713206224192,2012.0
2014-04,JPY,2012.0,-0.09592132162438985,-0.013314192697015614,2014-02,0.13664340657367202,0.01433338170785313,2012.0
2014-04,GBP,2012.0,-0.07711515216140524,0.010784840250698563,2014-02,-0.023236369584828335,0.018029265804622163,2012.0
2014-04,CAD,2012.0,0.0897541709167425,-0.014993582406120934,2014-02,-0.25183579872836037,-0.008131703173735834,2012.0
2014-04,SEK,2012.0,-0.012385872214979401,-0.0018492510687356453,2014-02,-0.16684306318368827,-0.006811888072960454,2012.0
2014-05,BRL,2012.0,0.03012024519437595,-0.039840325622032144,2014-03,0.5586558095368075,-0.051936639379311436,2012.0
2014-05,EUR,2012.0,-0.07394870886780495,-0.0011543101688480661,2014-03,0.05821545934684569,0.003781821870916182,2012.0
2014-05,JPY,2012.0,-0.09592132162438985,-0.013314192697015614,2014-03,0.14196427505703296,0.01872473832133422,2012.0
2014-05,GBP,2012.0,-0.07711515216140524,0.010784840250698563,2014-03,-0.028718557827361095,0.010221565308557473,2012.0
2014-05,CAD,2012.0,0.0897541709167425,-0.014993582406120934,2014-03,-0.2549415174639949,-0.01009142373800072,2012.0
2014-05,SEK,2012.0,-0.012385872214979401,-0.0018492510687356453,2014-03,-0.16363220310765683,-0.0027373934226043984,2012.0
2014-06,BRL,2012.0,0.03012024519437595,-0.039840325622032144,2014-04,0.5621147427533518,-0.03361696215735557,2012.0
2014-06,EUR,2012.0,-0.07394870886780495,-0.0011543101688480661,2014-04,0.0604020019277097,0.004526062628450036,2012.0
2014-06,JPY,2012.0,-0.09592132162438985,-0.013314192697015614,2014-04,0.1484364863930607,0.018852265412502203,2012.0
2014-06,GBP,2012.0,-0.07711515216140524,0.010784840250698563,2014-04,-0.028567521495886226,0.007598112938726581,2012.0
2014-06,CAD,2012.0,0.0897541709167425,-0.014993582406120934,2014-04,-0.2587675758512621,-0.011309852843348917,2012.0
2014-06,SEK,2012.0,-0.012385872214979401,-0.0018492510687356453,2014-04,-0.16421620959149139,-0.003312321462047759,2012.0
2014-07,BRL,2012.0,0.03012024519437595,-0.039840325622032144,2014-05,0.5620340184678868,-0.03053422018388574,2012.0
2014-07,EUR,2012.0,-0.07394870886780495,-0.0011543101688480661,2014-05,0.06155584689317436,0.004083979821541565,2012.0
2014-07,JPY,2012.0,-0.09592132162438985,-0.013314192697015614,2014-05,0.15244172241488382,0.01773599230302092,2012.0
2014-07,GBP,2012.0,-0.07711515216140524,0.010784840250698563,2014-05,-0.027985603832051807,0.008422384324255145,2012.0
2014-07,CAD,2012.0,0.0897541709167425,-0.014993582406120934,2014-05,-0.2626337219077563,-0.014768095473317595,2012.0
2014-07,SEK,2012.0,-0.012385872214979401,-0.0018492510687356453,2014-05,-0.16566301008678153,-0.007632203196475597,2012.0
2014-08,BRL,2012.0,0.03012024519437595,-0.039840325622032144,2014-06,0.5479422643027245,-0.046687125152621634,2012.0
2014-08,EUR,2012.0,-0.07394870886780495,-0.0011543101688480661,2014-06,0.06409156997490663,0.004446641225036047,2012.0
2014-08,JPY,2012.0,-0.09592132162438985,-0.013314192697015614,2014-06,0.16166831072809357,0.019887953874033262,2012.0
2014-08,GBP,2012.0,-0.07711515216140524,0.010784840250698563,2014-06,-0.025753384930228353,0.010762901337881213,2012.0
2014-08,CAD,2012.0,0.0897541709167425,-0.014993582406120934,2014-06,-0.2643202486763026,-0.010850181618229546,2012.0
2014-08,SEK,2012.0,-0.012385872214979401,-0.0018492510687356453,2014-06,-0.16336443346432997,-0.0047566256219253155,2012.0
2014-09,BRL,2012.0,0.03012024519437595,-0.039840325622032144,2014-07,0.5434710444650498,-0.04373036706965531,2012.0
2014-09,EUR,2012.0,-0.07394870886780495,-0.0011543101688480661,2014-07,0.07319725472209865,0.010905414303928282,2012.0
2014-09,JPY,2012.0,-0.09592132162438985,-0.013314192697015614,2014-07,0.189831261349615,0.03888813194591438,2012.0
2014-09,GBP,2012.0,-0.07711515216140524,0.010784840250698563,2014-07,-0.02490671432339981,0.009750938827090848,2012.0
2014-09,CAD,2012.0,0.0897541709167425,-0.014993582406120934,2014-07,-0.2730262359729873,-0.015347925145402333,2012.0
2014-09,SEK,2012.0,-0.012385872214979401,-0.0018492510687356453,2014-07,-0.15748221916162813,0.0011302262700484316,2012.0
2014-10,BRL,2012.0,0.03012024519437595,-0.039840325622032144,2014-08,0.5393153990843846,-0.04311171073018778,2012.0
2014-10,EUR,2012.0,-0.07394870886780495,-0.0011543101688480661,2014-08,0.07893878676596566,0.013884993396842073,2012.0
2014-10,JPY,2012.0,-0.09592132162438985,-0.013314192697015614,2014-08,0.20862764059772843,0.0491945847185036,2012.0
2014-10,GBP,2012.0,-0.07711515216140524,0.010784840250698563,2014-08,-0.023190565308670526,0.010737857712993095,2012.0
2014-10,CAD,2012.0,0.0897541709167425,-0.014993582406120934,2014-08,-0.2834158762114876,-0.02529088322869656,2012.0
2014-10,SEK,2012.0,-0.012385872214979401,-0.0018492510687356453,2014-08,-0.15760385162110593,-0.001960389071542279,2012.0
2014-11,BRL,2012.0,0.03012024519437595,-0.039840325622032144,2014-09,0.5238106405657594,-0.05056173855624112,2012.0
2014-11,EUR,2012.0,-0.07394870886780495,-0.0011543101688480661,2014-09,0.08490224621892255,0.020458020489245197,2012.0
2014-11,JPY,2012.0,-0.09592132162438985,-0.013314192697015614,2014-09,0.2290334676911665,0.07050866341493152,2012.0
2014-11,GBP,2012.0,-0.07711515216140524,0.010784840250698563,2014-09,-0.020318786428938262,0.012243682362748235,2012.0
2014-11,CAD,2012.0,0.0897541709167425,-0.014993582406120934,2014-09,-0.2915148430602979,-0.03398853336729839,2012.0
2014-11,SEK,2012.0,-0.012385872214979401,-0.0018492510687356453,2014-09,-0.15513403173596463,0.0008932505947994924,2012.0
2014-12,BRL,2012.0,0.03012024519437595,-0.039840325622032144,2014-10,0.5293456061979044,-0.046701006672049496,2012.0
2014-12,EUR,2012.0,-0.07394870886780495,-0.0011543101688480661,2014-10,0.08996664515131195,0.02502140183316957,2012.0
2014-12,JPY,2012.0,-0.09592132162438985,-0.013314192697015614,2014-10,0.24444888442149515,0.08442665457561953,2012.0
2014-12,GBP,2012.0,-0.07711515216140524,0.010784840250698563,2014-10,-0.02143323724528791,0.011030977063178652,2012.0
2014-12,CAD,2012.0,0.0897541709167425,-0.014993582406120934,2014-10,-0.299377289928499,-0.04024507832942624,2012.0
2014-12,SEK,2012.0,-0.012385872214979401,-0.0018492510687356453,2014-10,-0.1528751040844224,0.003976370523521131,2012.0
2015-01,BRL,2013.0,0.005912285912060944,-0.024207959282315006,2014-11,0.5429965344384807,-0.031085148125870207,2013.0
2015-01,EUR,2013.0,-0.06444030898967996,0.00950839987812499,2014-11,0.08730803063478726,0.019907424518202592,2013.0
2015-01,JPY,2013.0,-0.10690540321488826,-0.010984081590498407,2014-11,0.23527086429027172,0.0672276660849628,2013.0
2015-01,GBP,2013.0,-0.061051936982159244,0.016063215179246,2014-11,-0.023397584262997814,0.008496070057030687,2013.0
2015-01,CAD,2013.0,0.09612744812598052,0.006373277209238026,2014-11,-0.29945158926535376,-0.03622603598940849,2013.0
2015-01,SEK,2013.0,-0.010984816039311368,0.0014010561756680334,2014-11,-0.15643366599816963,-1.6465759583333978e-05,2013.0
2015-02,BRL,2013.0,0.005912285912060944,-0.024207959282315006,2014-12,0.5682725063549003,0.006853545791640505,2013.0
2015-02,EUR,2013.0,-0.06444030898967996,0.00950839987812499,2014-12,0.09868726694371195,0.03667261281312144,2013.0
2015-02,JPY,2013.0,-0.10690540321488826,-0.010984081590498407,2014-12,0.26751781707671857,0.11490991468474501,2013.0
2015-02,GBP,2013.0,-0.061051936982159244,0.016063215179246,2014-12,-0.029090244825695805,0.0005323114650185817,2013.0
2015-02,CAD,2013.0,0.09612744812598052,0.006373277209238026,2014-12,-0.31216975301337674,-0.05660730115141395,2013.0
2015-02,SEK,2013.0,-0.010984816039311368,0.0014010561756680334,2014-12,-0.14743002396818494,0.011591899241675323,2013.0
2015-03,BRL,2013.0,0.005912285912060944,-0.024207959282315006,2015-01,0.5808200503116677,0.02821332582242196,2013.0
2015-03,EUR,2013.0,-0.06444030898967996,0.00950839987812499,2015-01,0.11245619103321984,0.05072286102464471,2013.0
2015-03,JPY,2013.0,-0.10690540321488826,-0.010984081590498407,2015-01,0.3082124634356774,0.15523524401870145,2013.0
2015-03,GBP,2013.0,-0.061051936982159244,0.016063215179246,2015-01,-0.03295411665467207,-0.00529168359176499,2013.0
2015-03,CAD,2013.0,0.09612744812598052,0.006373277209238026,2015-01,-0.3254760402184861,-0.06891129597740495,2013.0
2015-03,SEK,2013.0,-0.010984816039311368,0.0014010561756680334,2015-01,-0.1355012455254099,0.025052107627625733,2013.0
2015-04,BRL,2013.0,0.005912285912060944,-0.024207959282315006,2015-02,0.5677372869869546,0.03525342859174836,2013.0
2015-04,EUR,2013.0,-0.06444030898967996,0.00950839987812499,2015-02,0.11037904228578382,0.05482445051051831,2013.0
2015-04,JPY,2013.0,-0.10690540321488826,-0.010984081590498407,2015-02,0.30278153437504357,0.16613812780137155,2013.0
2015-04,GBP,2013.0,-0.061051936982159244,0.016063215179246,2015-02,-0.03159776744870187,-0.008361397863873533,2013.0
2015-04,CAD,2013.0,0.09612744812598052,0.006373277209238026,2015-02,-0.31969546433292034,-0.06785966560455998,2013.0
2015-04,SEK,2013.0,-0.010984816039311368,0.0014010561756680334,2015-02,-0.13368307377184935,0.03315998941183891,2013.0
2015-05,BRL,2013.0,0.005912285912060944,-0.024207959282315006,2015-03,0.5643388798594619,0.0056830703226544085,2013.0
2015-05,EUR,2013.0,-0.06444030898967996,0.00950839987812499,2015-03,0.1144277494508425,0.05621229010399682,2013.0
2015-05,JPY,2013.0,-0.10690540321488826,-0.010984081590498407,2015-03,0.31591729016224673,0.17395301510521377,2013.0
2015-05,GBP,2013.0,-0.061051936982159244,0.016063215179246,2015-03,-0.03102868540929672,-0.002310127581935619,2013.0
2015-05,CAD,2013.0,0.09612744812598052,0.006373277209238026,2015-03,-0.3255990925788694,-0.07065757511487444,2013.0
2015-05,SEK,2013.0,-0.010984816039311368,0.0014010561756680334,2015-03,-0.13191426560841585,0.03171793749924097,2013.0
2015-06,BRL,2013.0,0.005912285912060944,-0.024207959282315006,2015-04,0.556617327280955,-0.005497415472396849,2013.0
2015-06,EUR,2013.0,-0.06444030898967996,0.00950839987812499,2015-04,0.11623447688929545,0.05583247496158576,2013.0
2015-06,JPY,2013.0,-0.10690540321488826,-0.010984081590498407,2015-04,0.32232852690032304,0.1738920405072623,2013.0
2015-06,GBP,2013.0,-0.061051936982159244,0.016063215179246,2015-04,-0.030033452523670352,-0.0014659310277841365,2013.0
2015-06,CAD,2013.0,0.09612744812598052,0.006373277209238026,2015-04,-0.32713495012152405,-0.06836737427026202,2013.0
2015-06,SEK,2013.0,-0.010984816039311368,0.0014010561756680334,2015-04,-0.13009444882306548,0.03412176076842589,2013.0
2015-07,BRL,2013.0,0.005912285912060944,-0.024207959282315006,2015-05,0.5439766553658785,-0.018057363102008287,2013.0
2015-07,EUR,2013.0,-0.06444030898967996,0.00950839987812499,2015-05,0.11166444299548167,0.05010859610230732,2013.0
2015-07,JPY,2013.0,-0.10690540321488826,-0.010984081590498407,2015-05,0.30891175855602615,0.15647003614114233,2013.0
2015-07,GBP,2013.0,-0.061051936982159244,0.016063215179246,2015-05,-0.02789866205062671,8.694178142510284e-05,2013.0
2015-07,CAD,2013.0,0.09612744812598052,0.006373277209238026,2015-05,-0.3180237194160405,-0.05538999750828428,2013.0
2015-07,SEK,2013.0,-0.010984816039311368,0.0014010561756680334,2015-05,-0.13092189393631293,0.034741116150468605,2013.0
2015-08,BRL,2013.0,0.005912285912060944,-0.024207959282315006,2015-06,0.5424293092721527,-0.005512955030571865,2013.0
2015-08,EUR,2013.0,-0.06444030898967996,0.00950839987812499,2015-06,0.11428226733683118,0.05019069736192453,2013.0
2015-08,JPY,2013.0,-0.10690540321488826,-0.010984081590498407,2015-06,0.3173890716323134,0.15572076090421985,2013.0
2015-08,GBP,2013.0,-0.061051936982159244,0.016063215179246,2015-06,-0.02785306427788238,-0.0020996793476540233,2013.0
2015-08,CAD,2013.0,0.09612744812598052,0.006373277209238026,2015-06,-0.32193798809233237,-0.05761773941602976,2013.0
2015-08,SEK,2013.0,-0.010984816039311368,0.0014010561756680334,2015-06,-0.12946857019223235,0.03389586327209763,2013.0
2015-09,BRL,2013.0,0.005912285912060944,-0.024207959282315006,2015-07,0.5443390608409953,0.0008680163759454951,2013.0
2015-09,EUR,2013.0,-0.06444030898967996,0.00950839987812499,2015-07,0.11837391251232912,0.04517665779023047,2013.0
2015-09,JPY,2013.0,-0.10690540321488826,-0.010984081590498407,2015-07,0.33077502315891744,0.14094376180930246,2013.0
2015-09,GBP,2013.0,-0.061051936982159244,0.016063215179246,2015-07,-0.02812091353336798,-0.003214199209968172,2013.0
2015-09,CAD,2013.0,0.09612744812598052,0.006373277209238026,2015-07,-0.3313782374165951,-0.058352001443607734,2013.0
2015-09,SEK,2013.0,-0.010984816039311368,0.0014010561756680334,2015-07,-0.1293787451651707,0.028103473996457448,2013.0
2015-10,BRL,2013.0,0.005912285912060944,-0.024207959282315006,2015-08,0.5373434443785388,-0.001971954705846001,2013.0
2015-10,EUR,2013.0,-0.06444030898967996,0.00950839987812499,2015-08,0.12950408041914682,0.05056529365318116,2013.0
2015-10,JPY,2013.0,-0.10690540321488826,-0.010984081590498407,2015-08,0.3659970623688963,0.1573694217711679,2013.0
2015-10,GBP,2013.0,-0.061051936982159244,0.016063215179246,2015-08,-0.027035032013461417,-0.0038444667047908914,2013.0
2015-10,CAD,2013.0,0.09612744812598052,0.006373277209238026,2015-08,-0.34469998786632144,-0.061284111654833856,2013.0
2015-10,SEK,2013.0,-0.010984816039311368,0.0014010561756680334,2015-08,-0.12305934910310197,0.03454450251800394,2013.0
2015-11,BRL,2013.0,0.005912285912060944,-0.024207959282315006,2015-09,0.5356007631525531,0.011790122586793638,2013.0
2015-11,EUR,2013.0,-0.06444030898967996,0.00950839987812499,2015-09,0.13171200590599924,0.0468097596870767,2013.0
2015-11,JPY,2013.0,-0.10690540321488826,-0.010984081590498407,2015-09,0.37334273694781994,0.14430926925665347,2013.0
2015-11,GBP,2013.0,-0.061051936982159244,0.016063215179246,2015-09,-0.02606269401409495,-0.005743907585156688,2013.0
2015-11,CAD,2013.0,0.09612744812598052,0.006373277209238026,2015-09,-0.34940759472742017,-0.05789275166712228,2013.0
2015-11,SEK,2013.0,-0.010984816039311368,0.0014010561756680334,2015-09,-0.12391217849753218,0.03122185323843245,2013.0
2015-12,BRL,2013.0,0.005912285912060944,-0.024207959282315006,2015-10,0.5449437021960174,0.015598095998113,2013.0
2015-12,EUR,2013.0,-0.06444030898967996,0.00950839987812499,2015-10,0.13452661612390718,0.04455997097259523,2013.0
2015-12,JPY,2013.0,-0.10690540321488826,-0.010984081590498407,2015-10,0.3811745331676951,0.1367256487462,2013.0
2015-12,GBP,2013.0,-0.061051936982159244,0.016063215179246,2015-10,-0.027923734072770223,-0.0064904968274823015,2013.0
2015-12,CAD,2013.0,0.09612744812598052,0.006373277209238026,2015-10,-0.35362739053563047,-0.05425010060713148,2013.0
2015-12,SEK,2013.0,-0.010984816039311368,0.0014010561756680334,2015-10,-0.12229857459485258,0.030576529489569834,2013.0
2016-01,BRL,2014.0,-0.038739974078819295,-0.04465225999088024,2015-11,0.5491614897960458,0.006164955357565149,2014.0
2016-01,EUR,2014.0,-0.05136159625457937,0.013078712735100598,2015-11,0.14192743659328833,0.054619405958501066,2014.0
2016-01,JPY,2014.0,-0.1149305301216387,-0.008025126906750446,2015-11,0.40403470734448227,0.16876384305421055,2014.0
2016-01,GBP,2014.0,-0.04253310487590889,0.018518832106250355,2015-11,-0.029222807409104167,-0.005825223146106358,2014.0
2016-01,CAD,2014.0,0.08195182352756578,-0.014175624598414746,2015-11,-0.36427248607331697,-0.06482089680796321,2014.0
2016-01,SEK,2014.0,-0.006506874832767046,0.0044779412065443225,2015-11,-0.11805974385274293,0.0383739221454267,2014.0
2016-02,BRL,2014.0,-0.038739974078819295,-0.04465225999088024,2015-12,0.5640556823877046,-0.0042168239671956905,2014.0
2016-02,EUR,2014.0,-0.05136159625457937,0.013078712735100598,2015-12,0.14815886314839385,0.04947159620468192,2014.0
2016-02,JPY,2014.0,-0.1149305301216387,-0.008025126906750446,2015-12,0.42159878787277516,0.15408097079605665,2014.0
2016-02,GBP,2014.0,-0.04253310487590889,0.018518832106250355,2015-12,-0.03296611438707343,-0.003875869561377624,2014.0
2016-02,CAD,2014.0,0.08195182352756578,-0.014175624598414746,2015-12,-0.37098666904358496,-0.05881691603020825,2014.0
2016-02,SEK,2014.0,-0.006506874832767046,0.0044779412065443225,2015-12,-0.11226815438386918,0.035161869584315775,2014.0
2016-03,BRL,2014.0,-0.038739974078819295,-0.04465225999088024,2016-01,0.5662656795088229,-0.014554370802844843,2014.0
2016-03,EUR,2014.0,-0.05136159625457937,0.013078712735100598,2016-01,0.1497107706982332,0.03725457966501337,2014.0
2016-03,JPY,2014.0,-0.1149305301216387,-0.008025126906750446,2016-01,0.42643273957262445,0.11822027613694715,2014.0
2016-03,GBP,2014.0,-0.04253310487590889,0.018518832106250355,2016-01,-0.03310114274773908,-0.00014702609306701094,2014.0
2016-03,CAD,2014.0,0.08195182352756578,-0.014175624598414746,2016-01,-0.3744373748634146,-0.04896133464492846,2014.0
2016-03,SEK,2014.0,-0.006506874832767046,0.0044779412065443225,2016-01,-0.11254268153749376,0.02295856398791615,2014.0
2016-04,BRL,2014.0,-0.038739974078819295,-0.04465225999088024,2016-02,0.5728277772987705,0.005090490311815951,2014.0
2016-04,EUR,2014.0,-0.05136159625457937,0.013078712735100598,2016-02,0.1531084066115106,0.04272936432572678,2014.0
2016-04,JPY,2014.0,-0.1149305301216387,-0.008025126906750446,2016-02,0.4358521379023787,0.13307060352733513,2014.0
2016-04,GBP,2014.0,-0.04253310487590889,0.018518832106250355,2016-02,-0.034403110613171715,-0.00280534316446984,2014.0
2016-04,CAD,2014.0,0.08195182352756578,-0.014175624598414746,2016-02,-0.3769301733575051,-0.05723470902458472,2014.0
2016-04,SEK,2014.0,-0.006506874832767046,0.0044779412065443225,2016-02,-0.1096441419414723,0.024038931830377055,2014.0
2016-05,BRL,2014.0,-0.038739974078819295,-0.04465225999088024,2016-03,0.5777543913086619,0.013415511449200068,2014.0
2016-05,EUR,2014.0,-0.05136159625457937,0.013078712735100598,2016-03,0.15003681484824444,0.03560906539740194,2014.0
2016-05,JPY,2014.0,-0.1149305301216387,-0.008025126906750446,2016-03,0.4250458707094806,0.10912858054723379,2014.0
2016-05,GBP,2014.0,-0.04253310487590889,0.018518832106250355,2016-03,-0.035569553917219006,-0.004540868507922284,2014.0
2016-05,CAD,2014.0,0.08195182352756578,-0.014175624598414746,2016-03,-0.3695484395858458,-0.04394934700697652,2014.0
2016-05,SEK,2014.0,-0.006506874832767046,0.0044779412065443225,2016-03,-0.10910337555607058,0.022810890052345243,2014.0
2016-06,BRL,2014.0,-0.038739974078819295,-0.04465225999088024,2016-04,0.5709450551364577,0.01432772785550269,2014.0
2016-06,EUR,2014.0,-0.05136159625457937,0.013078712735100598,2016-04,0.14209438732637256,0.0258599104370771,2014.0
2016-06,JPY,2014.0,-0.1149305301216387,-0.008025126906750446,2016-04,0.40046912387848854,0.07814059697816557,2014.0
2016-06,GBP,2014.0,-0.04253310487590889,0.018518832106250355,2016-04,-0.03521802657397166,-0.005184574050301299,2014.0
2016-06,CAD,2014.0,0.08195182352756578,-0.014175624598414746,2016-04,-0.3554530498967932,-0.02831809977526911,2014.0
2016-06,SEK,2014.0,-0.006506874832767046,0.0044779412065443225,2016-04,-0.11003927906013436,0.02005516976293114,2014.0
2016-07,BRL,2014.0,-0.038739974078819295,-0.04465225999088024,2016-05,0.5600221437330288,0.016045488367150335,2014.0
2016-07,EUR,2014.0,-0.05136159625457937,0.013078712735100598,2016-05,0.139531474772574,0.02786703177709232,2014.0
2016-07,JPY,2014.0,-0.1149305301216387,-0.008025126906750446,2016-05,0.39430064829499384,0.0853888897389677,2014.0
2016-07,GBP,2014.0,-0.04253310487590889,0.018518832106250355,2016-05,-0.032912705478565556,-0.00501404342793885,2014.0
2016-07,CAD,2014.0,0.08195182352756578,-0.014175624598414746,2016-05,-0.35492663842497774,-0.036902919008937204,2014.0
2016-07,SEK,2014.0,-0.006506874832767046,0.0044779412065443225,2016-05,-0.11335303923871645,0.017568854697596482,2014.0
2016-08,BRL,2014.0,-0.038739974078819295,-0.04465225999088024,2016-06,0.5480081000083555,0.0055787907362027595,2014.0
2016-08,EUR,2014.0,-0.05136159625457937,0.013078712735100598,2016-06,0.12837675139255877,0.014094484055727613,2014.0
2016-08,JPY,2014.0,-0.1149305301216387,-0.008025126906750446,2016-06,0.3619885446346112,0.04459947300229778,2014.0
2016-08,GBP,2014.0,-0.04253310487590889,0.018518832106250355,2016-06,-0.029408692976841472,-0.001555628698959105,2014.0
2016-08,CAD,2014.0,0.08195182352756578,-0.014175624598414746,2016-06,-0.3462299521547241,-0.024291964062391723,2014.0
2016-08,SEK,2014.0,-0.006506874832767046,0.0044779412065443225,2016-06,-0.12406464027432103,0.005403929917911314,2014.0
2016-09,BRL,2014.0,-0.038739974078819295,-0.04465225999088024,2016-07,0.5360441101164606,-0.008294950724534693,2014.0
2016-09,EUR,2014.0,-0.05136159625457937,0.013078712735100598,2016-07,0.1306051272736064,0.012231214761277273,2014.0
2016-09,JPY,2014.0,-0.1149305301216387,-0.008025126906750446,2016-07,0.36850738831021684,0.037732365151299394,2014.0
2016-09,GBP,2014.0,-0.04253310487590889,0.018518832106250355,2016-07,-0.028533527311894836,-0.0004126137785268487,2014.0
2016-09,CAD,2014.0,0.08195182352756578,-0.014175624598414746,2016-07,-0.3397119126480539,-0.008333675231458886,2014.0
2016-09,SEK,2014.0,-0.006506874832767046,0.0044779412065443225,2016-07,-0.11669963981121953,0.01267910535395117,2014.0
2016-10,BRL,2014.0,-0.038739974078819295,-0.04465225999088024,2016-08,0.5271351648773986,-0.010208279501140024,2014.0
2016-10,EUR,2014.0,-0.05136159625457937,0.013078712735100598,2016-08,0.1324699510725471,0.0029658706534002608,2014.0
2016-10,JPY,2014.0,-0.1149305301216387,-0.008025126906750446,2016-08,0.37510330918728785,0.009106246818391464,2014.0
2016-10,GBP,2014.0,-0.04253310487590889,0.018518832106250355,2016-08,-0.02680484750865051,0.00023018450481089846,2014.0
2016-10,CAD,2014.0,0.08195182352756578,-0.014175624598414746,2016-08,-0.341152670610494,0.0035473172558274763,2014.0
2016-10,SEK,2014.0,-0.006506874832767046,0.0044779412065443225,2016-08,-0.11566107280517078,0.007398276297931202,2014.0
2016-11,BRL,2014.0,-0.038739974078819295,-0.04465225999088024,2016-09,0.5196706639669091,-0.01593009918564398,2014.0
2016-11,EUR,2014.0,-0.05136159625457937,0.013078712735100598,2016-09,0.1316861895387605,-2.5816367238751048e-05,2014.0
2016-11,JPY,2014.0,-0.1149305301216387,-0.008025126906750446,2016-09,0.37373611285900943,0.0003933759111895235,2014.0
2016-11,GBP,2014.0,-0.04253310487590889,0.018518832106250355,2016-09,-0.025373255982841212,0.0006894380312537344,2014.0
2016-11,CAD,2014.0,0.08195182352756578,-0.014175624598414746,2016-09,-0.3411751297914563,0.008232464935963829,2014.0
2016-11,SEK,2014.0,-0.006506874832767046,0.0044779412065443225,2016-09,-0.11679736403309263,0.007114814464439546,2014.0
2016-12,BRL,2014.0,-0.038739974078819295,-0.04465225999088024,2016-10,0.5177685543358329,-0.027175147860184507,2014.0
2016-12,EUR,2014.0,-0.05136159625457937,0.013078712735100598,2016-10,0.12824629054300946,-0.006280325580897688,2014.0
2016-12,JPY,2014.0,-0.1149305301216387,-0.008025126906750446,2016-10,0.3630959014700829,-0.018078631697612153,2014.0
2016-12,GBP,2014.0,-0.04253310487590889,0.018518832106250355,2016-10,-0.025117826418117172,0.0028059076546530443,2014.0
2016-12,CAD,2014.0,0.08195182352756578,-0.014175624598414746,2016-10,-0.33589977268032617,0.017727617855304276,2014.0
2016-12,SEK,2014.0,-0.006506874832767046,0.0044779412065443225,2016-10,-0.1180520729993293,0.004246501595523266,2014.0
2017-01,BRL,2015.0,-0.1269010525463331,-0.08816107846751381,2016-11,0.5407522637651316,-0.008409226030914244,2015.0
2017-01,EUR,2015.0,-0.02634944530734052,0.025012150947238847,2016-11,0.13326095899456677,-0.00866647759872155,2015.0
2017-01,JPY,2015.0,-0.03442113810907878,0.08050939201255992,2016-11,0.3746035183475232,-0.029431188996959175,2015.0
2017-01,GBP,2015.0,-0.018381098492639483,0.024152006383269406,2016-11,-0.030154443371442283,-0.0009316359623381209,2015.0
2017-01,CAD,2015.0,0.009685567955007808,-0.07226625557255797,2016-11,-0.33498901591730057,0.029283470156016355,2015.0
2017-01,SEK,2015.0,0.003534668219631429,0.010041543052398474,2016-11,-0.11026328761832316,0.007796456234419749,2015.0
2017-02,BRL,2015.0,-0.1269010525463331,-0.08816107846751381,2016-12,0.5119258954203885,-0.05212978696731622,2015.0
2017-02,EUR,2015.0,-0.02634944530734052,0.025012150947238847,2016-12,0.11701303964095884,-0.031145823507435003,2015.0
2017-02,JPY,2015.0,-0.03442113810907878,0.08050939201255992,2016-12,0.3271128421927219,-0.09448594568005331,2015.0
2017-02,GBP,2015.0,-0.018381098492639483,0.024152006383269406,2016-12,-0.024932010052253692,0.00803410433481974,2015.0
2017-02,CAD,2015.0,0.009685567955007808,-0.07226625557255797,2016-12,-0.3126465363737218,0.05834013266986316,2015.0
2017-02,SEK,2015.0,0.003534668219631429,0.010041543052398474,2016-12,-0.11842283053311811,-0.006154676149248929,2015.0
2017-03,BRL,2015.0,-0.1269010525463331,-0.08816107846751381,2017-01,0.52308425643443,-0.04318142307439286,2015.0
2017-03,EUR,2015.0,-0.02634944530734052,0.025012150947238847,2017-01,0.11694647145865845,-0.03276429923957475,2015.0
2017-03,JPY,2015.0,-0.03442113810907878,0.08050939201255992,2017-01,0.32512422916127254,-0.1013085104113519,2015.0
2017-03,GBP,2015.0,-0.018381098492639483,0.024152006383269406,2017-01,-0.028258996510363708,0.004842146237375376,2015.0
2017-03,CAD,2015.0,0.009685567955007808,-0.07226625557255797,2017-01,-0.309150759597099,0.06528661526631564,2015.0
2017-03,SEK,2015.0,0.003534668219631429,0.010041543052398474,2017-01,-0.11451889804994805,-0.001976216512454291,2015.0
2017-04,BRL,2015.0,-0.1269010525463331,-0.08816107846751381,2017-02,0.5344559581397583,-0.03837181915901231,2015.0
2017-04,EUR,2015.0,-0.02634944530734052,0.025012150947238847,2017-02,0.11993520325788752,-0.03317320335362305,2015.0
2017-04,JPY,2015.0,-0.03442113810907878,0.08050939201255992,2017-02,0.3322705409867524,-0.10358159691562635,2015.0
2017-04,GBP,2015.0,-0.018381098492639483,0.024152006383269406,2017-02,-0.030968348350521684,0.0034347622626500264,2015.0
2017-04,CAD,2015.0,0.009685567955007808,-0.07226625557255797,2017-02,-0.3085870547388934,0.06834311861861173,2015.0
2017-04,SEK,2015.0,0.003534668219631429,0.010041543052398474,2017-02,-0.10969297687178066,-4.8834930308354116e-05,2015.0
2017-05,BRL,2015.0,-0.1269010525463331,-0.08816107846751381,2017-03,0.5316504623689587,-0.04610392893970314,2015.0
2017-05,EUR,2015.0,-0.02634944530734052,0.025012150947238847,2017-03,0.12328950040000974,-0.026747314448234687,2015.0
2017-05,JPY,2015.0,-0.03442113810907878,0.08050939201255992,2017-03,0.3434332884293848,-0.08161258228009571,2015.0
2017-05,GBP,2015.0,-0.018381098492639483,0.024152006383269406,2017-03,-0.02983123464096534,0.005738319276253663,2015.0
2017-05,CAD,2015.0,0.009685567955007808,-0.07226625557255797,2017-03,-0.3153524487570464,0.05419599082879952,2015.0
2017-05,SEK,2015.0,0.003534668219631429,0.010041543052398474,2017-03,-0.1101984483705781,-0.0010950728145074993,2015.0
2017-06,BRL,2015.0,-0.1269010525463331,-0.08816107846751381,2017-04,0.5244092652029895,-0.046535789933468234,2015.0
2017-06,EUR,2015.0,-0.02634944530734052,0.025012150947238847,2017-04,0.12140318234600388,-0.020691204980368673,2015.0
2017-06,JPY,2015.0,-0.03442113810907878,0.08050939201255992,2017-04,0.3392597164056357,-0.06120940747285285,2015.0
2017-06,GBP,2015.0,-0.018381098492639483,0.024152006383269406,2017-04,-0.028192944945132387,0.00702508162883928,2015.0
2017-06,CAD,2015.0,0.009685567955007808,-0.07226625557255797,2017-04,-0.31716124410530994,0.038291805791483224,2015.0
2017-06,SEK,2015.0,0.003534668219631429,0.010041543052398474,2017-04,-0.11376848485848691,-0.003729205798352552,2015.0
2017-07,BRL,2015.0,-0.1269010525463331,-0.08816107846751381,2017-05,0.5292444150762243,-0.03077772865680451,2015.0
2017-07,EUR,2015.0,-0.02634944530734052,0.025012150947238847,2017-05,0.12164636643008751,-0.017885108342486487,2015.0
2017-07,JPY,2015.0,-0.03442113810907878,0.08050939201255992,2017-05,0.34004889994465376,-0.05425174835034008,2015.0
2017-07,GBP,2015.0,-0.018381098492639483,0.024152006383269406,2017-05,-0.028943419459079796,0.003969286019485751,2015.0
2017-07,CAD,2015.0,0.009685567955007808,-0.07226625557255797,2017-05,-0.32031733853221145,0.034609299892766295,2015.0
2017-07,SEK,2015.0,0.003534668219631429,0.010041543052398474,2017-05,-0.11506397885664801,-0.0017109396179315686,2015.0
2017-08,BRL,2015.0,-0.1269010525463331,-0.08816107846751381,2017-06,0.5353821223292095,-0.012625977679145979,2015.0
2017-08,EUR,2015.0,-0.02634944530734052,0.025012150947238847,2017-06,0.12756208462107144,-0.0008146667714873495,2015.0
2017-08,JPY,2015.0,-0.03442113810907878,0.08050939201255992,2017-06,0.3587587761955366,-0.0032297684390745797,2015.0
2017-08,GBP,2015.0,-0.018381098492639483,0.024152006383269406,2017-06,-0.028724581967251712,0.0006841110095897672,2015.0
2017-08,CAD,2015.0,0.009685567955007808,-0.07226625557255797,2017-06,-0.33383587188858466,0.012394080266139433,2015.0
2017-08,SEK,2015.0,0.003534668219631429,0.010041543052398474,2017-06,-0.11685177119232561,0.007212869081995416,2015.0
2017-09,BRL,2015.0,-0.1269010525463331,-0.08816107846751381,2017-07,0.5465933295476489,0.010549219431188445,2015.0
2017-09,EUR,2015.0,-0.02634944530734052,0.025012150947238847,2017-07,0.1231943561331172,-0.007410771140489182,2015.0
2017-09,JPY,2015.0,-0.03442113810907878,0.08050939201255992,2017-07,0.34396811350001993,-0.02453927481019694,2015.0
2017-09,GBP,2015.0,-0.018381098492639483,0.024152006383269406,2017-07,-0.030047481242731676,-0.0015139539308368331,2015.0
2017-09,CAD,2015.0,0.009685567955007808,-0.07226625557255797,2017-07,-0.32919134306216385,0.010520569585890042,2015.0
2017-09,SEK,2015.0,0.003534668219631429,0.010041543052398474,2017-07,-0.12051190286639489,-0.0038122630551753658,2015.0
2017-10,BRL,2015.0,-0.1269010525463331,-0.08816107846751381,2017-08,0.5354691347191942,0.008333969841795621,2015.0
2017-10,EUR,2015.0,-0.02634944530734052,0.025012150947238847,2017-08,0.12611484562378747,-0.006355105448759623,2015.0
2017-10,JPY,2015.0,-0.03442113810907878,0.08050939201255992,2017-08,0.353243815148446,-0.021859494038841857,2015.0
2017-10,GBP,2015.0,-0.018381098492639483,0.024152006383269406,2017-08,-0.02791891991318588,-0.0011140724045353694,2015.0
2017-10,CAD,2015.0,0.009685567955007808,-0.07226625557255797,2017-08,-0.3280216375944576,0.013131033016036327,2015.0
2017-10,SEK,2015.0,0.003534668219631429,0.010041543052398474,2017-08,-0.11716198648018132,-0.0015009136750105503,2015.0
2017-11,BRL,2015.0,-0.1269010525463331,-0.08816107846751381,2017-09,0.5320161156277279,0.012345451660818805,2015.0
2017-11,EUR,2015.0,-0.02634944530734052,0.025012150947238847,2017-09,0.12343820706195271,-0.008247982476807808,2015.0
2017-11,JPY,2015.0,-0.03442113810907878,0.08050939201255992,2017-09,0.3454052630858526,-0.02833084977315686,2015.0
2017-11,GBP,2015.0,-0.018381098492639483,0.024152006383269406,2017-09,-0.027208201793490646,-0.0018349458106494262,2015.0
2017-11,CAD,2015.0,0.009685567955007808,-0.07226625557255797,2017-09,-0.3250361809497519,0.01613894884170442,2015.0
2017-11,SEK,2015.0,0.003534668219631429,0.010041543052398474,2017-09,-0.11894236675262727,-0.0021450027195346515,2015.0
2017-12,BRL,2015.0,-0.1269010525463331,-0.08816107846751381,2017-10,0.5296970738603913,0.011928519524558376,2015.0
2017-12,EUR,2015.0,-0.02634944530734052,0.025012150947238847,2017-10,0.12473827730162614,-0.0035080132413833286,2015.0
2017-12,JPY,2015.0,-0.03442113810907878,0.08050939201255992,2017-10,0.3504710856805717,-0.012624815789511254,2015.0
2017-12,GBP,2015.0,-0.018381098492639483,0.024152006383269406,2017-10,-0.025780188474781078,-0.0006623620566639007,2015.0
2017-12,CAD,2015.0,0.009685567955007808,-0.07226625557255797,2017-10,-0.33107889558638964,0.004820877093936574,2015.0
2017-12,SEK,2015.0,0.003534668219631429,0.010041543052398474,2017-10,-0.12199802652520708,-0.00394595352587778,2015.0
2018-01,BRL,2016.0,-0.12646406117252884,0.000436991373804263,2017-11,0.5239507847720435,-0.016801478993088124,2016.0
2018-01,EUR,2016.0,-0.008816065469247403,0.017533379838093117,2017-11,0.12055487818309697,-0.01270608081146981,2016.0
2018-01,JPY,2016.0,0.021518174947496006,0.055939313056574784,2017-11,0.33833363846330494,-0.03626987988421822,2016.0
2018-01,GBP,2016.0,-0.02087497022179724,-0.0024938717291577567,2017-11,-0.024133392412114638,0.006021050959327644,2016.0
2018-01,CAD,2016.0,-0.002583737306147277,-0.012269305261155085,2017-11,-0.327158267789222,0.007830748128078558,2016.0
2018-01,SEK,2016.0,0.008986148086680273,0.005451479867048845,2017-11,-0.12591748168459735,-0.015654194066274156,2016.0
2018-02,BRL,2016.0,-0.12646406117252884,0.000436991373804263,2017-12,0.5299246423600358,0.01799874693964727,2016.0
2018-02,EUR,2016.0,-0.008816065469247403,0.017533379838093117,2017-12,0.12102395736238301,0.004010917721424196,2016.0
2018-02,JPY,2016.0,0.021518174947496006,0.055939313056574784,2017-12,0.3384988041844221,0.011385961991700267,2016.0
2018-02,GBP,2016.0,-0.02087497022179724,-0.0024938717291577567,2017-12,-0.02603960167759549,-0.001107591625341802,2016.0
2018-02,CAD,2016.0,-0.002583737306147277,-0.012269305261155085,2017-12,-0.324259416828442,-0.011612880454720226,2016.0
2018-02,SEK,2016.0,0.008986148086680273,0.005451479867048845,2017-12,-0.12259605691084302,-0.004173226377724924,2016.0
2018-03,BRL,2016.0,-0.12646406117252884,0.000436991373804263,2018-01,0.5148753280793701,-0.008208928355059878,2016.0
2018-03,EUR,2016.0,-0.008816065469247403,0.017533379838093117,2018-01,0.10658071476710602,-0.0103657566915524,2016.0
2018-03,JPY,2016.0,0.021518174947496006,0.055939313056574784,2018-01,0.29535512719895735,-0.029769101962315254,2016.0
2018-03,GBP,2016.0,-0.02087497022179724,-0.0024938717291577567,2018-01,-0.022588476765742962,0.005670519744620738,2016.0
2018-03,CAD,2016.0,-0.002583737306147277,-0.012269305261155085,2018-01,-0.3063724659386594,0.002778293658439569,2016.0
2018-03,SEK,2016.0,0.008986148086680273,0.005451479867048845,2018-01,-0.1317725289958611,-0.017253630945913034,2016.0
2018-04,BRL,2016.0,-0.12646406117252884,0.000436991373804263,2018-02,0.5467033394820612,0.012247381342302863,2016.0
2018-04,EUR,2016.0,-0.008816065469247403,0.017533379838093117,2018-02,0.11742976639432663,-0.002505436863560889,2016.0
2018-04,JPY,2016.0,0.021518174947496006,0.055939313056574784,2018-02,0.3252848912567454,-0.006985649730006942,2016.0
2018-04,GBP,2016.0,-0.02087497022179724,-0.0024938717291577567,2018-02,-0.0288206751072489,0.002147673243272785,2016.0
2018-04,CAD,2016.0,-0.002583737306147277,-0.012269305261155085,2018-02,-0.31936549181101576,-0.010778437072122418,2016.0
2018-04,SEK,2016.0,0.008986148086680273,0.005451479867048845,2018-02,-0.12444212971480337,-0.01474915284302272,2016.0
2018-05,BRL,2016.0,-0.12646406117252884,0.000436991373804263,2018-03,0.5472165184331592,0.015566056064200483,2016.0
2018-05,EUR,2016.0,-0.008816065469247403,0.017533379838093117,2018-03,0.11589421399637453,-0.007395286403635237,2016.0
2018-05,JPY,2016.0,0.021518174947496006,0.055939313056574784,2018-03,0.32064695058570714,-0.022786337843677718,2016.0
2018-05,GBP,2016.0,-0.02087497022179724,-0.0024938717291577567,2018-03,-0.0294336422542903,0.0003975923866750331,2016.0
2018-05,CAD,2016.0,-0.002583737306147277,-0.012269305261155085,2018-03,-0.31784295141852115,-0.0024905026614747954,2016.0
2018-05,SEK,2016.0,0.008986148086680273,0.005451479867048845,2018-03,-0.12455400036484833,-0.014355551994270228,2016.0
2018-06,BRL,2016.0,-0.12646406117252884,0.000436991373804263,2018-04,0.5507433157801859,0.026334050577196347,2016.0
2018-06,EUR,2016.0,-0.008816065469247403,0.017533379838093117,2018-04,0.111145352544284,-0.010257829801719898,2016.0
2018-06,JPY,2016.0,0.021518174947496006,0.055939313056574784,2018-04,0.3059958097476588,-0.033263906657976974,2016.0
2018-06,GBP,2016.0,-0.02087497022179724,-0.0024938717291577567,2018-04,-0.02934281753199099,-0.0011498725868586185,2016.0
2018-06,CAD,2016.0,-0.002583737306147277,-0.012269305261155085,2018-04,-0.314753036283021,0.002408207822288987,2016.0
2018-06,SEK,2016.0,0.008986148086680273,0.005451479867048845,2018-04,-0.12951445597564967,-0.01574597111716276,2016.0
2018-07,BRL,2016.0,-0.12646406117252884,0.000436991373804263,2018-05,0.5466316620453148,0.017387246969090494,2016.0
2018-07,EUR,2016.0,-0.008816065469247403,0.017533379838093117,2018-05,0.10941018692287405,-0.012236179507213453,2016.0
2018-07,JPY,2016.0,0.021518174947496006,0.055939313056574784,2018-05,0.30108827792193066,-0.038960622022723074,2016.0
2018-07,GBP,2016.0,-0.02087497022179724,-0.0024938717291577567,2018-05,-0.028415988802616105,0.0005274306564636961,2016.0
2018-07,CAD,2016.0,-0.002583737306147277,-0.012269305261155085,2018-05,-0.31273136146477254,0.007585977067438921,2016.0
2018-07,SEK,2016.0,0.008986148086680273,0.005451479867048845,2018-05,-0.13087475319885467,-0.015810774342206645,2016.0
2018-08,BRL,2016.0,-0.12646406117252884,0.000436991373804263,2018-06,0.5358381046248073,0.0004559822955977475,2016.0
2018-08,EUR,2016.0,-0.008816065469247403,0.017533379838093117,2018-06,0.111220138514674,-0.01634194610639746,2016.0
2018-08,JPY,2016.0,0.021518174947496006,0.055939313056574784,2018-06,0.3078310026276321,-0.05092777356790451,2016.0
2018-08,GBP,2016.0,-0.02087497022179724,-0.0024938717291577567,2018-06,-0.026239703885855045,0.002484878081396668,2016.0
2018-08,CAD,2016.0,-0.002583737306147277,-0.012269305261155085,2018-06,-0.3146554342939856,0.01918043759459904,2016.0
2018-08,SEK,2016.0,0.008986148086680273,0.005451479867048845,2018-06,-0.13032803204548266,-0.01347626085315704,2016.0
2018-09,BRL,2016.0,-0.12646406117252884,0.000436991373804263,2018-07,0.5263443019981875,-0.020249027549461607,2016.0
2018-09,EUR,2016.0,-0.008816065469247403,0.017533379838093117,2018-07,0.11517419558990227,-0.008020160543214933,2016.0
2018-09,JPY,2016.0,0.021518174947496006,0.055939313056574784,2018-07,0.3215334968963331,-0.022434616603686817,2016.0
2018-09,GBP,2016.0,-0.02087497022179724,-0.0024938717291577567,2018-07,-0.024645040134079615,0.0054024411086520535,2016.0
2018-09,CAD,2016.0,-0.002583737306147277,-0.012269305261155085,2018-07,-0.32110023049263614,0.008091112569527773,2016.0
2018-09,SEK,2016.0,0.008986148086680273,0.005451479867048845,2018-07,-0.12888703413818375,-0.00837513127178886,2016.0
2018-10,BRL,2016.0,-0.12646406117252884,0.000436991373804263,2018-08,0.5313459031404217,-0.004123231578772553,2016.0
2018-10,EUR,2016.0,-0.008816065469247403,0.017533379838093117,2018-08,0.11298779835759609,-0.013127047266191365,2016.0
2018-10,JPY,2016.0,0.021518174947496006,0.055939313056574784,2018-08,0.314616339135202,-0.03862747601324398,2016.0
2018-10,GBP,2016.0,-0.02087497022179724,-0.0024938717291577567,2018-08,-0.025182191771059334,0.002736728142126547,2016.0
2018-10,CAD,2016.0,-0.002583737306147277,-0.012269305261155085,2018-08,-0.3207146346641813,0.007307002930276319,2016.0
2018-10,SEK,2016.0,0.008986148086680273,0.005451479867048845,2018-08,-0.13163843806367592,-0.014476451583494587,2016.0
2018-11,BRL,2016.0,-0.12646406117252884,0.000436991373804263,2018-09,0.512897481448924,-0.01911863417880387,2016.0
2018-11,EUR,2016.0,-0.008816065469247403,0.017533379838093117,2018-09,0.11522543502126771,-0.008212772040684985,2016.0
2018-11,JPY,2016.0,0.021518174947496006,0.055939313056574784,2018-09,0.32358710178750727,-0.021818161298345344,2016.0
2018-11,GBP,2016.0,-0.02087497022179724,-0.0024938717291577567,2018-09,-0.0217117948838765,0.0054964069096141354,2016.0
2018-11,CAD,2016.0,-0.002583737306147277,-0.012269305261155085,2018-09,-0.3231816479032231,0.0018545330465288116,2016.0
2018-11,SEK,2016.0,0.008986148086680273,0.005451479867048845,2018-09,-0.13085159395475007,-0.011909227202122789,2016.0
2018-12,BRL,2016.0,-0.12646406117252884,0.000436991373804263,2018-10,0.511255000458671,-0.018442073401720178,2016.0
2018-12,EUR,2016.0,-0.008816065469247403,0.017533379838093117,2018-10,0.11114964256812128,-0.013588634733504842,2016.0
2018-12,JPY,2016.0,0.021518174947496006,0.055939313056574784,2018-10,0.3115474806527982,-0.03892360502777349,2016.0
2018-12,GBP,2016.0,-0.02087497022179724,-0.0024938717291577567,2018-10,-0.020546671139997183,0.005233517334783889,2016.0
2018-12,CAD,2016.0,-0.002583737306147277,-0.012269305261155085,2018-10,-0.3207199423670844,0.010358953219305245,2016.0
2018-12,SEK,2016.0,0.008986148086680273,0.005451479867048845,2018-10,-0.1356827184457759,-0.013684691920568808,2016.0
2019-01,BRL,2017.0,-0.08287975074491705,0.043584310427611794,2018-11,0.5058466463988127,-0.01810413837323083,2017.0
2019-01,EUR,2017.0,-0.017912169234169203,-0.0090961037649218,2018-11,0.11136828771365931,-0.009186590469437667,2017.0
2019-01,JPY,2017.0,-0.017900852008746117,-0.03941902695624212,2018-11,0.3131990794815012,-0.02513455898180366,2017.0
2019-01,GBP,2017.0,-0.0350330729076039,-0.01415810268580666,2018-11,-0.019343490740870935,0.0047899016712437,2017.0
2019-01,CAD,2017.0,0.03414517938307545,0.03672891668922273,2018-11,-0.3228042198443695,0.004354047944852506,2017.0
2019-01,SEK,2017.0,0.0024932265468243647,-0.006492921539855909,2018-11,-0.13686327009307483,-0.010945788408477514,2017.0
2019-02,BRL,2017.0,-0.08287975074491705,0.043584310427611794,2018-12,0.5213409740035525,-0.008583668356483293,2017.0
2019-02,EUR,2017.0,-0.017912169234169203,-0.0090961037649218,2018-12,0.1146140387472665,-0.006409918615116547,2017.0
2019-02,JPY,2017.0,-0.017900852008746117,-0.03941902695624212,2018-12,0.3214034468571235,-0.017095357327298614,2017.0
2019-02,GBP,2017.0,-0.0350330729076039,-0.01415810268580666,2018-12,-0.022988024097423725,0.003051577580171764,2017.0
2019-02,CAD,2017.0,0.03414517938307545,0.03672891668922273,2018-12,-0.32580992188179814,-0.00155050505335607,2017.0
2019-02,SEK,2017.0,0.0024932265468243647,-0.006492921539855909,2018-12,-0.13299385112658443,-0.01039779421574142,2017.0
2019-03,BRL,2017.0,-0.08287975074491705,0.043584310427611794,2019-01,0.5352919192920548,0.020416591212684687,2017.0
2019-03,EUR,2017.0,-0.017912169234169203,-0.0090961037649218,2019-01,0.12037694465039556,0.013796229883289534,2017.0
2019-03,JPY,2017.0,-0.017900852008746117,-0.03941902695624212,2019-01,0.3370822554231384,0.04172712822418112,2017.0
2019-03,GBP,2017.0,-0.0350330729076039,-0.01415810268580666,2019-01,-0.026297299572449,-0.0037088228067060375,2017.0
2019-03,CAD,2017.0,0.03414517938307545,0.03672891668922273,2019-01,-0.32965848296101774,-0.023286017022358347,2017.0
2019-03,SEK,2017.0,0.0024932265468243647,-0.006492921539855909,2019-01,-0.12686710753227248,0.004905421463588612,2017.0
2019-04,BRL,2017.0,-0.08287975074491705,0.043584310427611794,2019-02,0.546268237079244,-0.00043510240281707905,2017.0
2019-04,EUR,2017.0,-0.017912169234169203,-0.0090961037649218,2019-02,0.12037272997771992,0.0029429635833932697,2017.0
2019-04,JPY,2017.0,-0.017900852008746117,-0.03941902695624212,2019-02,0.3354724969117563,0.010187605655010857,2017.0
2019-04,GBP,2017.0,-0.0350330729076039,-0.01415810268580666,2019-02,-0.02802146186040548,0.000799213246843409,2017.0
2019-04,CAD,2017.0,0.03414517938307545,0.03672891668922273,2019-02,-0.32835031168793577,-0.008984819876919995,2017.0
2019-04,SEK,2017.0,0.0024932265468243647,-0.006492921539855909,2019-02,-0.1265215584850946,-0.0020794287702912122,2017.0
2019-05,BRL,2017.0,-0.08287975074491705,0.043584310427611794,2019-03,0.5324751356929067,-0.01474138274025258,2017.0
2019-05,EUR,2017.0,-0.017912169234169203,-0.0090961037649218,2019-03,0.11865277952533797,0.0027585655289634396,2017.0
2019-05,JPY,2017.0,-0.017900852008746117,-0.03941902695624212,2019-03,0.33124146036525404,0.010594509779546893,2017.0
2019-05,GBP,2017.0,-0.0350330729076039,-0.01415810268580666,2019-03,-0.025953004744265262,0.003480637510025035,2017.0
2019-05,CAD,2017.0,0.03414517938307545,0.03672891668922273,2019-03,-0.32356567951449483,-0.005722728095973683,2017.0
2019-05,SEK,2017.0,0.0024932265468243647,-0.006492921539855909,2019-03,-0.1257541608404457,-0.001200160475597362,2017.0
2019-06,BRL,2017.0,-0.08287975074491705,0.043584310427611794,2019-04,0.52930697219615,-0.021436343584035837,2017.0
2019-06,EUR,2017.0,-0.017912169234169203,-0.0090961037649218,2019-04,0.12122199184783579,0.01007663930355182,2017.0
2019-06,JPY,2017.0,-0.017900852008746117,-0.03941902695624212,2019-04,0.3391320512638618,0.03313624151620314,2017.0
2019-06,GBP,2017.0,-0.0350330729076039,-0.01415810268580666,2019-04,-0.025835865397746408,0.0035069521342445953,2017.0
2019-06,CAD,2017.0,0.03414517938307545,0.03672891668922273,2019-04,-0.324345111083765,-0.009592074800744015,2017.0
2019-06,SEK,2017.0,0.0024932265468243647,-0.006492921539855909,2019-04,-0.12258247786675906,0.006931978108890581,2017.0
2019-07,BRL,2017.0,-0.08287975074491705,0.043584310427611794,2019-05,0.5291717743124781,-0.017459887732836757,2017.0
2019-07,EUR,2017.0,-0.017912169234169203,-0.0090961037649218,2019-05,0.12317712678028077,0.013766939857406693,2017.0
2019-07,JPY,2017.0,-0.017900852008746117,-0.03941902695624212,2019-05,0.34552413395829007,0.04443585603635939,2017.0
2019-07,GBP,2017.0,-0.0350330729076039,-0.01415810268580666,2019-05,-0.02564482448442391,0.002771164318192194,2017.0
2019-07,CAD,2017.0,0.03414517938307545,0.03672891668922273,2019-05,-0.32838811573089616,-0.015656754266123646,2017.0
2019-07,SEK,2017.0,0.0024932265468243647,-0.006492921539855909,2019-05,-0.12256114227813905,0.008313610920715598,2017.0
2019-08,BRL,2017.0,-0.08287975074491705,0.043584310427611794,2019-06,0.5557331526168814,0.019895047992074102,2017.0
2019-08,EUR,2017.0,-0.017912169234169203,-0.0090961037649218,2019-06,0.12514873357730086,0.013928595062626906,2017.0
2019-08,JPY,2017.0,-0.017900852008746117,-0.03941902695624212,2019-06,0.34864033679477474,0.040809334167142615,2017.0
2019-08,GBP,2017.0,-0.0350330729076039,-0.01415810268580666,2019-06,-0.03083476132720509,-0.004595057441350047,2017.0
2019-08,CAD,2017.0,0.03414517938307545,0.03672891668922273,2019-06,-0.3308388027166482,-0.016183368422662527,2017.0
2019-08,SEK,2017.0,0.0024932265468243647,-0.006492921539855909,2019-06,-0.120408031518129,0.009920000527353666,2017.0
2019-09,BRL,2017.0,-0.08287975074491705,0.043584310427611794,2019-07,0.5553150163100644,0.02897071431187692,2017.0
2019-09,EUR,2017.0,-0.017912169234169203,-0.0090961037649218,2019-07,0.1262477598583589,0.01107356426845659,2017.0
2019-09,JPY,2017.0,-0.017900852008746117,-0.03941902695624212,2019-07,0.35243841391371455,0.03090491701738148,2017.0
2019-09,GBP,2017.0,-0.0350330729076039,-0.01415810268580666,2019-07,-0.029242281035956327,-0.0045972409018767086,2017.0
2019-09,CAD,2017.0,0.03414517938307545,0.03672891668922273,2019-07,-0.3350994951403066,-0.013999264647670451,2017.0
2019-09,SEK,2017.0,0.0024932265468243647,-0.006492921539855909,2019-07,-0.12368924007144365,0.005197794066740109,2017.0
2019-10,BRL,2017.0,-0.08287975074491705,0.043584310427611794,2019-08,0.5435950761158681,0.012249172975446424,2017.0
2019-10,EUR,2017.0,-0.017912169234169203,-0.0090961037649218,2019-08,0.13567164567748788,0.022683847319891794,2017.0
2019-10,JPY,2017.0,-0.017900852008746117,-0.03941902695624212,2019-08,0.38322804076588685,0.0686117016306849,2017.0
2019-10,GBP,2017.0,-0.0350330729076039,-0.01415810268580666,2019-08,-0.02686568079088604,-0.001683489019826695,2017.0
2019-10,CAD,2017.0,0.03414517938307545,0.03672891668922273,2019-08,-0.3481103160901223,-0.027395681425940933,2017.0
2019-10,SEK,2017.0,0.0024932265468243647,-0.006492921539855909,2019-08,-0.11991236404285713,0.011726074020818779,2017.0
2019-11,BRL,2017.0,-0.08287975074491705,0.043584310427611794,2019-09,0.5354838815145193,0.022586400065595306,2017.0
2019-11,EUR,2017.0,-0.017912169234169203,-0.0090961037649218,2019-09,0.1294878519060043,0.014262416884736586,2017.0
2019-11,JPY,2017.0,-0.017900852008746117,-0.03941902695624212,2019-09,0.36505754277116514,0.04147044098365784,2017.0
2019-11,GBP,2017.0,-0.0350330729076039,-0.01415810268580666,2019-09,-0.02477632017965666,-0.003064525295780152,2017.0
2019-11,CAD,2017.0,0.03414517938307545,0.03672891668922273,2019-09,-0.3412217174944579,-0.01804006959123477,2017.0
2019-11,SEK,2017.0,0.0024932265468243647,-0.006492921539855909,2019-09,-0.12473982523495551,0.006111768719794553,2017.0
2019-12,BRL,2017.0,-0.08287975074491705,0.043584310427611794,2019-10,0.5517580983488313,0.04050309789016021,2017.0
2019-12,EUR,2017.0,-0.017912169234169203,-0.0090961037649218,2019-10,0.1320653678910012,0.020915725322879903,2017.0
2019-12,JPY,2017.0,-0.017900852008746117,-0.03941902695624212,2019-10,0.37157496657383526,0.060027485921037016,2017.0
2019-12,GBP,2017.0,-0.0350330729076039,-0.01415810268580666,2019-10,-0.027846272792710743,-0.007299601652713556,2017.0
2019-12,CAD,2017.0,0.03414517938307545,0.03672891668922273,2019-10,-0.346204850914571,-0.025484908547486616,2017.0
2019-12,SEK,2017.0,0.0024932265468243647,-0.006492921539855909,2019-10,-0.12368885607096072,0.011993862374815164,2017.0
2020-01,BRL,2018.0,-0.07983822507730631,0.003041525667610734,2019-11,0.5392496780067775,0.03340303160796475,2018.0
2020-01,EUR,2018.0,-0.025545910565400953,-0.00763374133123175,2019-11,0.1264578806899213,0.015089592976262006,2018.0
2020-01,JPY,2018.0,-0.060680659275508975,-0.04277980726676286,2019-11,0.35555251368245505,0.042353434200953805,2018.0
2020-01,GBP,2018.0,-0.03675907773210024,-0.0017260048244963425,2019-11,-0.025940587942800578,-0.0065970972019296385,2018.0
2020-01,CAD,2018.0,0.0422349183197729,0.008089738936697448,2019-11,-0.3385189201048535,-0.015714700260483952,2018.0
2020-01,SEK,2018.0,-0.007690054803599235,-0.010183281350423599,2019-11,-0.12595896746117835,0.010904302631896486,2018.0
2020-02,BRL,2018.0,-0.07983822507730631,0.003041525667610734,2019-12,0.5512660708517374,0.029925096848184906,2018.0
2020-02,EUR,2018.0,-0.025545910565400953,-0.00763374133123175,2019-12,0.1281511337118855,0.013537094964619021,2018.0
2020-02,JPY,2018.0,-0.060680659275508975,-0.04277980726676286,2019-12,0.35903021019228626,0.03762676333516273,2018.0
2020-02,GBP,2018.0,-0.03675907773210024,-0.0017260048244963425,2019-12,-0.028877886230577673,-0.00588986213315395,2018.0
2020-02,CAD,2018.0,0.0422349183197729,0.008089738936697448,2019-12,-0.3381953787738804,-0.012385456892082302,2018.0
2020-02,SEK,2018.0,-0.007690054803599235,-0.010183281350423599,2019-12,-0.12246667809646895,0.010527173030115479,2018.0
2020-03,BRL,2018.0,-0.07983822507730631,0.003041525667610734,2020-01,0.5649768789374846,0.029684959645429797,2018.0
2020-03,EUR,2018.0,-0.025545910565400953,-0.00763374133123175,2020-01,0.13037758543496256,0.010000640784567014,2018.0
2020-03,JPY,2018.0,-0.060680659275508975,-0.04277980726676286,2020-01,0.36425579775485295,0.02717354233171449,2018.0
2020-03,GBP,2018.0,-0.03675907773210024,-0.0017260048244963425,2020-01,-0.031854342231201344,-0.005557042658752348,2018.0
2020-03,CAD,2018.0,0.0422349183197729,0.008089738936697448,2020-01,-0.3401113196055925,-0.01045283664457479,2018.0
2020-03,SEK,2018.0,-0.007690054803599235,-0.010183281350423599,2020-01,-0.1198279744145232,0.007039133117749274,2018.0
2020-04,BRL,2018.0,-0.07983822507730631,0.003041525667610734,2020-02,0.566565195338411,0.020296958259166865,2018.0
2020-04,EUR,2018.0,-0.025545910565400953,-0.00763374133123175,2020-02,0.13930029117423004,0.01892756119651012,2018.0
2020-04,JPY,2018.0,-0.060680659275508975,-0.04277980726676286,2020-02,0.39193044839035945,0.05645795147860319,2018.0
2020-04,GBP,2018.0,-0.03675907773210024,-0.0017260048244963425,2020-02,-0.03262528741428511,-0.00460382555387962,2018.0
2020-04,CAD,2018.0,0.0422349183197729,0.008089738936697448,2020-02,-0.3517430859833414,-0.023392774295405608,2018.0
2020-04,SEK,2018.0,-0.007690054803599235,-0.010183281350423599,2020-02,-0.11450244516291379,0.012019113322180803,2018.0
2020-05,BRL,2018.0,-0.07983822507730631,0.003041525667610734,2020-03,0.5927315068491759,0.06025637115626915,2018.0
2020-05,EUR,2018.0,-0.025545910565400953,-0.00763374133123175,2020-03,0.15896942020488355,0.0403166406795456,2018.0
2020-05,JPY,2018.0,-0.060680659275508975,-0.04277980726676286,2020-03,0.4502106587597934,0.11896919839453944,2018.0
2020-05,GBP,2018.0,-0.03675907773210024,-0.0017260048244963425,2020-03,-0.03769963463880823,-0.011746629894542965,2018.0
2020-05,CAD,2018.0,0.0422349183197729,0.008089738936697448,2020-03,-0.3774979072022782,-0.053932227687783406,2018.0
2020-05,SEK,2018.0,-0.007690054803599235,-0.010183281350423599,2020-03,-0.10363324780677312,0.022120913033672557,2018.0
2020-06,BRL,2018.0,-0.07983822507730631,0.003041525667610734,2020-04,0.6120650742545796,0.0827581020584297,2018.0
2020-06,EUR,2018.0,-0.025545910565400953,-0.00763374133123175,2020-04,0.17460720011104697,0.053385208263211144,2018.0
2020-06,JPY,2018.0,-0.060680659275508975,-0.04277980726676286,2020-04,0.49676756277526746,0.1576355115114056,2018.0
2020-06,GBP,2018.0,-0.03675907773210024,-0.0017260048244963425,2020-04,-0.04134793078700309,-0.01551206538925668,2018.0
2020-06,CAD,2018.0,0.0422349183197729,0.008089738936697448,2020-04,-0.3983183408214548,-0.07397322973768979,2018.0
2020-06,SEK,2018.0,-0.007690054803599235,-0.010183281350423599,2020-04,-0.09537532868823863,0.02720714917852045,2018.0
2020-07,BRL,2018.0,-0.07983822507730631,0.003041525667610734,2020-05,0.5870494977905143,0.057877723478036214,2018.0
2020-07,EUR,2018.0,-0.025545910565400953,-0.00763374133123175,2020-05,0.16416066911231242,0.04098354233203168,2018.0
2020-07,JPY,2018.0,-0.060680659275508975,-0.04277980726676286,2020-05,0.46700663910944634,0.12148250515115627,2018.0
2020-07,GBP,2018.0,-0.03675907773210024,-0.0017260048244963425,2020-05,-0.03622686630827878,-0.010582041823854861,2018.0
2020-07,CAD,2018.0,0.0422349183197729,0.008089738936697448,2020-05,-0.38457639512335606,-0.05618827939245989,2018.0
2020-07,SEK,2018.0,-0.007690054803599235,-0.010183281350423599,2020-05,-0.10200674906326229,0.02055439321487679,2018.0
2020-08,BRL,2018.0,-0.07983822507730631,0.003041525667610734,2020-06,0.582289622575005,0.026556469958123767,2018.0
2020-08,EUR,2018.0,-0.025545910565400953,-0.00763374133123175,2020-06,0.1579378346941348,0.03278910111683394,2018.0
2020-08,JPY,2018.0,-0.060680659275508975,-0.04277980726676286,2020-06,0.4478949012312802,0.09925456443650547,2018.0
2020-08,GBP,2018.0,-0.03675907773210024,-0.0017260048244963425,2020-06,-0.03495106767036573,-0.004116306343160646,2018.0
2020-08,CAD,2018.0,0.0422349183197729,0.008089738936697448,2020-06,-0.3754547817326157,-0.04461597901596759,2018.0
2020-08,SEK,2018.0,-0.007690054803599235,-0.010183281350423599,2020-06,-0.10545387214335232,0.014954159374776678,2018.0
2020-09,BRL,2018.0,-0.07983822507730631,0.003041525667610734,2020-07,0.5881756609533719,0.03286064464330766,2018.0
2020-09,EUR,2018.0,-0.025545910565400953,-0.00763374133123175,2020-07,0.15048813549515389,0.024240375636795,2018.0
2020-09,JPY,2018.0,-0.060680659275508975,-0.04277980726676286,2020-07,0.4241239155403267,0.07168550162661204,2018.0
2020-09,GBP,2018.0,-0.03675907773210024,-0.0017260048244963425,2020-07,-0.03551216422432558,-0.006269883188369249,2018.0
2020-09,CAD,2018.0,0.0422349183197729,0.008089738936697448,2020-07,-0.3666032852519718,-0.031503790111665195,2018.0
2020-09,SEK,2018.0,-0.007690054803599235,-0.010183281350423599,2020-07,-0.11033381359926184,0.013355426472181804,2018.0
2020-10,BRL,2018.0,-0.07983822507730631,0.003041525667610734,2020-08,0.5738989823668484,0.030303906250980395,2018.0
2020-10,EUR,2018.0,-0.025545910565400953,-0.00763374133123175,2020-08,0.1400220029506496,0.0043503572731617,2018.0
2020-10,JPY,2018.0,-0.060680659275508975,-0.04277980726676286,2020-08,0.392631427135504,0.009403386369617087,2018.0
2020-10,GBP,2018.0,-0.03675907773210024,-0.0017260048244963425,2020-08,-0.032998470261394804,-0.006132789470508762,2018.0
2020-10,CAD,2018.0,0.0422349183197729,0.008089738936697448,2020-08,-0.35026879145651957,-0.0021584753663972975,2018.0
2020-10,SEK,2018.0,-0.007690054803599235,-0.010183281350423599,2020-08,-0.11450576918585284,0.0054065948570043,2018.0
2020-11,BRL,2018.0,-0.07983822507730631,0.003041525667610734,2020-09,0.6093246001346878,0.07384071862016847,2018.0
2020-11,EUR,2018.0,-0.025545910565400953,-0.00763374133123175,2020-09,0.1415907474020256,0.012102895496021308,2018.0
2020-11,JPY,2018.0,-0.060680659275508975,-0.04277980726676286,2020-09,0.39338726338333063,0.028329720612165554,2018.0
2020-11,GBP,2018.0,-0.03675907773210024,-0.0017260048244963425,2020-09,-0.04004908590766654,-0.01527276572800988,2018.0
2020-11,CAD,2018.0,0.0422349183197729,0.008089738936697448,2020-09,-0.3515861572163133,-0.010364439721855448,2018.0
2020-11,SEK,2018.0,-0.007690054803599235,-0.010183281350423599,2020-09,-0.11169349537404345,0.013046329860912052,2018.0
2020-12,BRL,2018.0,-0.07983822507730631,0.003041525667610734,2020-10,0.6196508801767974,0.06789278182796611,2018.0
2020-12,EUR,2018.0,-0.025545910565400953,-0.00763374133123175,2020-10,0.131379063595908,-0.0006863042950932013,2018.0
2020-12,JPY,2018.0,-0.060680659275508975,-0.04277980726676286,2020-10,0.3603855867148855,-0.011189379858949692,2018.0
2020-12,GBP,2018.0,-0.03675907773210024,-0.0017260048244963425,2020-10,-0.042600315128402885,-0.014754042335692148,2018.0
2020-12,CAD,2018.0,0.0422349183197729,0.008089738936697448,2020-10,-0.3375466559286904,0.008658194985880587,2018.0
2020-12,SEK,2018.0,-0.007690054803599235,-0.010183281350423599,2020-10,-0.1151762783588043,0.00851257771215643,2018.0
2021-01,BRL,2019.0,-0.11254798880755912,-0.032709763730252805,2020-11,0.6186593451551627,0.0794096671483853,2019.0
2021-01,EUR,2019.0,-0.018471396236519878,0.007074514328881076,2020-11,0.12240751344722171,-0.004050367242699612,2019.0
2021-01,JPY,2019.0,-0.0528565322134987,0.007824127062010272,2020-11,0.33258275378704033,-0.0229697598954147,2019.0
2021-01,GBP,2019.0,-0.025113564117011166,0.011645513615089077,2020-11,-0.04206746171504789,-0.016126873772247318,2019.0
2021-01,CAD,2019.0,0.032773214945508666,-0.009461703374264233,2020-11,-0.3261684884738647,0.012350431630988779,2019.0
2021-01,SEK,2019.0,-0.005314678992057606,0.002375375811541629,2020-11,-0.120442914297609,0.0055160531635693455,2019.0
2021-02,BRL,2019.0,-0.11254798880755912,-0.032709763730252805,2020-12,0.6216291082581393,0.07036303740640197,2019.0
2021-02,EUR,2019.0,-0.018471396236519878,0.007074514328881076,2020-12,0.11649563781771924,-0.011655495894166293,2019.0
2021-02,JPY,2019.0,-0.0528565322134987,0.007824127062010272,2020-12,0.31342626283306213,-0.04560394735922408,2019.0
2021-02,GBP,2019.0,-0.025113564117011166,0.011645513615089077,2020-12,-0.04206849271024288,-0.013190606479665194,2019.0
2021-02,CAD,2019.0,0.032773214945508666,-0.009461703374264233,2020-12,-0.3169989479650484,0.02119643080883201,2019.0
2021-02,SEK,2019.0,-0.005314678992057606,0.002375375811541629,2020-12,-0.12359550384689645,-0.0011288257504274847,2019.0
2021-03,BRL,2019.0,-0.11254798880755912,-0.032709763730252805,2021-01,0.6372737281640561,0.07229684922657148,2019.0
2021-03,EUR,2019.0,-0.018471396236519878,0.007074514328881076,2021-01,0.10621674670572062,-0.02416083872924196,2019.0
2021-03,JPY,2019.0,-0.0528565322134987,0.007824127062010272,2021-01,0.28036365405768326,-0.08389214369716971,2019.0
2021-03,GBP,2019.0,-0.025113564117011166,0.011645513615089077,2021-01,-0.044053949301953256,-0.012199607070751904,2019.0
2021-03,CAD,2019.0,0.032773214945508666,-0.009461703374264233,2021-01,-0.30771062666555904,0.03240069294003348,2019.0
2021-03,SEK,2019.0,-0.005314678992057606,0.002375375811541629,2021-01,-0.13178139062542724,-0.01195341621090404,2019.0
2021-04,BRL,2019.0,-0.11254798880755912,-0.032709763730252805,2021-02,0.5953511986868764,0.028786003348465504,2019.0
2021-04,EUR,2019.0,-0.018471396236519878,0.007074514328881076,2021-02,0.08301850918301593,-0.05628178199121409,2019.0
2021-04,JPY,2019.0,-0.0528565322134987,0.007824127062010272,2021-02,0.21367632379367119,-0.17825412459668824,2019.0
2021-04,GBP,2019.0,-0.025113564117011166,0.011645513615089077,2021-02,-0.03506916055002126,-0.002443873135736143,2019.0
2021-04,CAD,2019.0,0.032773214945508666,-0.009461703374264233,2021-02,-0.2817715687626833,0.06997151722065809,2019.0
2021-04,SEK,2019.0,-0.005314678992057606,0.002375375811541629,2021-02,-0.14848735502292917,-0.03398490986001537,2019.0
2021-05,BRL,2019.0,-0.11254798880755912,-0.032709763730252805,2021-03,0.63015408073386,0.03742257388468412,2019.0
2021-05,EUR,2019.0,-0.018471396236519878,0.007074514328881076,2021-03,0.10301096464124415,-0.0559584555636394,2019.0
2021-05,JPY,2019.0,-0.0528565322134987,0.007824127062010272,2021-03,0.27095249383230213,-0.17925816492749125,2019.0
2021-05,GBP,2019.0,-0.025113564117011166,0.011645513615089077,2021-03,-0.04289140836673305,-0.005191773727924824,2019.0
2021-05,CAD,2019.0,0.032773214945508666,-0.009461703374264233,2021-03,-0.30223843774601483,0.07525946945626337,2019.0
2021-05,SEK,2019.0,-0.005314678992057606,0.002375375811541629,2021-03,-0.13271887904330068,-0.029085631236527538,2019.0
2021-06,BRL,2019.0,-0.11254798880755912,-0.032709763730252805,2021-04,0.6392126218731646,0.027147547618584927,2019.0
2021-06,EUR,2019.0,-0.018471396236519878,0.007074514328881076,2021-04,0.10201476141044587,-0.07259243870060109,2019.0
2021-06,JPY,2019.0,-0.0528565322134987,0.007824127062010272,2021-04,0.26747539252818864,-0.22929217024707882,2019.0
2021-06,GBP,2019.0,-0.025113564117011166,0.011645513615089077,2021-04,-0.04324762310980385,-0.0018996923228007685,2019.0
2021-06,CAD,2019.0,0.032773214945508666,-0.009461703374264233,2021-04,-0.30513538739668083,0.09318295342477396,2019.0
2021-06,SEK,2019.0,-0.005314678992057606,0.002375375811541629,2021-04,-0.13712045539049839,-0.041745126702259765,2019.0
2021-07,BRL,2019.0,-0.11254798880755912,-0.032709763730252805,2021-05,0.6511338645920364,0.06408436680152212,2019.0
2021-07,EUR,2019.0,-0.018471396236519878,0.007074514328881076,2021-05,0.0928590766863733,-0.07130159242593913,2019.0
2021-07,JPY,2019.0,-0.0528565322134987,0.007824127062010272,2021-05,0.23789746252948865,-0.22910917657995772,2019.0
2021-07,GBP,2019.0,-0.025113564117011166,0.011645513615089077,2021-05,-0.04452485113376688,-0.008297984825488106,2019.0
2021-07,CAD,2019.0,0.032773214945508666,-0.009461703374264233,2021-05,-0.29530217804932013,0.08927421707403592,2019.0
2021-07,SEK,2019.0,-0.005314678992057606,0.002375375811541629,2021-05,-0.1439482335420478,-0.04194148447878554,2019.0
2021-08,BRL,2019.0,-0.11254798880755912,-0.032709763730252805,2021-06,0.6300690621892515,0.0477794396142464,2019.0
2021-08,EUR,2019.0,-0.018471396236519878,0.007074514328881076,2021-06,0.09092887001530647,-0.06700896467882833,2019.0
2021-08,JPY,2019.0,-0.0528565322134987,0.007824127062010272,2021-06,0.23439487462987507,-0.21350002660140507,2019.0
2021-08,GBP,2019.0,-0.025113564117011166,0.011645513615089077,2021-06,-0.04024934498077271,-0.005298277310406974,2019.0
2021-08,CAD,2019.0,0.032773214945508666,-0.009461703374264233,2021-06,-0.29352525192125445,0.08192952981136131,2019.0
2021-08,SEK,2019.0,-0.005314678992057606,0.002375375811541629,2021-06,-0.14640098543010918,-0.04094711328675686,2019.0
2021-09,BRL,2019.0,-0.11254798880755912,-0.032709763730252805,2021-07,0.6158158192836426,0.02764015833027065,2019.0
2021-09,EUR,2019.0,-0.018471396236519878,0.007074514328881076,2021-07,0.08746603053282959,-0.06302210496232427,2019.0
2021-09,JPY,2019.0,-0.0528565322134987,0.007824127062010272,2021-07,0.22574460631951748,-0.19837930922080918,2019.0
2021-09,GBP,2019.0,-0.025113564117011166,0.011645513615089077,2021-07,-0.036591219733558354,-0.0010790555092327783,2019.0
2021-09,CAD,2019.0,0.032773214945508666,-0.009461703374264233,2021-07,-0.29216705516097174,0.07443623009100005,2019.0
2021-09,SEK,2019.0,-0.005314678992057606,0.002375375811541629,2021-07,-0.15163640914675014,-0.041302595547488274,2019.0
2021-10,BRL,2019.0,-0.11254798880755912,-0.032709763730252805,2021-08,0.6113489200117105,0.03744993764486196,2019.0
2021-10,EUR,2019.0,-0.018471396236519878,0.007074514328881076,2021-08,0.0881268068805368,-0.051895196070112774,2019.0
2021-10,JPY,2019.0,-0.0528565322134987,0.007824127062010272,2021-08,0.22832742386288474,-0.1643040032726192,2019.0
2021-10,GBP,2019.0,-0.025113564117011166,0.011645513615089077,2021-08,-0.036495892714322194,-0.0034974224529274065,2019.0
2021-10,CAD,2019.0,0.032773214945508666,-0.009461703374264233,2021-08,-0.2924670073099262,0.0578017841465934,2019.0
2021-10,SEK,2019.0,-0.005314678992057606,0.002375375811541629,2021-08,-0.14993347970900534,-0.0354277105231525,2019.0
2021-11,BRL,2019.0,-0.11254798880755912,-0.032709763730252805,2021-09,0.5845820626527393,-0.024742537481948504,2019.0
2021-11,EUR,2019.0,-0.018471396236519878,0.007074514328881076,2021-09,0.08238053018415942,-0.05921021721786618,2019.0
2021-11,JPY,2019.0,-0.0528565322134987,0.007824127062010272,2021-09,0.21399786533339138,-0.17938939804993928,2019.0
2021-11,GBP,2019.0,-0.025113564117011166,0.011645513615089077,2021-09,-0.031154933010468237,0.008894152897198304,2019.0
2021-11,CAD,2019.0,0.032773214945508666,-0.009461703374264233,2021-09,-0.2875539749934281,0.06403218222288523,2019.0
2021-11,SEK,2019.0,-0.005314678992057606,0.002375375811541629,2021-09,-0.15530029776503784,-0.04360680239099437,2019.0
2021-12,BRL,2019.0,-0.11254798880755912,-0.032709763730252805,2021-10,0.5774202425805623,-0.0422306375962351,2019.0
2021-12,EUR,2019.0,-0.018471396236519878,0.007074514328881076,2021-10,0.07561442870311617,-0.05576463489279182,2019.0
2021-12,JPY,2019.0,-0.0528565322134987,0.007824127062010272,2021-10,0.19339251128969423,-0.1669930754251913,2019.0
2021-12,GBP,2019.0,-0.025113564117011166,0.011645513615089077,2021-10,-0.03042892804056881,0.012171387087834074,2019.0
2021-12,CAD,2019.0,0.032773214945508666,-0.009461703374264233,2021-10,-0.2765080609223689,0.06103859500632146,2019.0
2021-12,SEK,2019.0,-0.005314678992057606,0.002375375811541629,2021-10,-0.15686148161997987,-0.041685203261175564,2019.0
2022-01,BRL,2020.0,-0.10685088398273734,0.005697104824821775,2021-11,0.5848891749522587,-0.033770170202904105,2020.0
2022-01,EUR,2020.0,0.0,0.018471396236519878,2021-11,0.078241091148262,-0.044166422298959715,2020.0
2022-01,JPY,2020.0,0.0,0.0528565322134987,2021-11,0.20074673617173264,-0.1318360176153077,2020.0
2022-01,GBP,2020.0,0.0,0.025113564117011166,2021-11,-0.033098133166813114,0.00896932854823478,2020.0
2022-01,CAD,2020.0,0.0,-0.032773214945508666,2021-11,-0.2789935239062058,0.0471749645676589,2020.0
2022-01,SEK,2020.0,0.0,0.005314678992057606,2021-11,-0.15277696001096622,-0.03233404571335718,2020.0
2022-02,BRL,2020.0,-0.10685088398273734,0.005697104824821775,2021-12,0.6149137099895421,-0.006715398268597237,2020.0
2022-02,EUR,2020.0,0.0,0.018471396236519878,2021-12,0.08880908467878944,-0.027686553138929787,2020.0
2022-02,JPY,2020.0,0.0,0.0528565322134987,2021-12,0.2298412285154595,-0.08358503431760268,2020.0
2022-02,GBP,2020.0,0.0,0.025113564117011166,2021-12,-0.03864444409406289,0.0034240486161799815,2020.0
2022-02,CAD,2020.0,0.0,-0.032773214945508666,2021-12,-0.2911481115245181,0.025850836440530277,2020.0
2022-02,SEK,2020.0,0.0,0.005314678992057606,2021-12,-0.14600583215142288,-0.022410328304526425,2020.0
2022-03,BRL,2020.0,-0.10685088398273734,0.005697104824821775,2022-01,0.6108573909255048,-0.026416337238551246,2020.0
2022-03,EUR,2020.0,0.0,0.018471396236519878,2022-01,0.07745743299421698,-0.028759313711503656,2020.0
2022-03,JPY,2020.0,0.0,0.0528565322134987,2022-01,0.19481409119810117,-0.08554956285958207,2020.0
2022-03,GBP,2020.0,0.0,0.025113564117011166,2022-01,-0.03734983901682962,0.006704110285123633,2020.0
2022-03,CAD,2020.0,0.0,-0.032773214945508666,2022-01,-0.27605423198240747,0.03165639468315159,2020.0
2022-03,SEK,2020.0,0.0,0.005314678992057606,2022-01,-0.15259063914964704,-0.02080924852421981,2020.0
2022-04,BRL,2020.0,-0.10685088398273734,0.005697104824821775,2022-02,0.6146975073913631,0.019346308704486587,2020.0
2022-04,EUR,2020.0,0.0,0.018471396236519878,2022-02,0.06882624644777696,-0.014192262735238981,2020.0
2022-04,JPY,2020.0,0.0,0.0528565322134987,2022-02,0.16751418534016713,-0.04616213845350413,2020.0
2022-04,GBP,2020.0,0.0,0.025113564117011166,2022-02,-0.03777744449411037,-0.0027082839440891117,2020.0
2022-04,CAD,2020.0,0.0,-0.032773214945508666,2022-02,-0.26505140989751785,0.016720158865165462,2020.0
2022-04,SEK,2020.0,0.0,0.005314678992057606,2022-02,-0.15742615222384418,-0.008938797200915003,2020.0
2022-05,BRL,2020.0,-0.10685088398273734,0.005697104824821775,2022-03,0.6346788481525759,0.0045247674187158995,2020.0
2022-05,EUR,2020.0,0.0,0.018471396236519878,2022-03,0.05515837889005666,-0.047852585751187504,2020.0
2022-05,JPY,2020.0,0.0,0.0528565322134987,2022-03,0.12352246217470038,-0.14743003165760174,2020.0
2022-05,GBP,2020.0,0.0,0.025113564117011166,2022-03,-0.039482966013404376,0.0034084423533286847,2020.0
2022-05,CAD,2020.0,0.0,-0.032773214945508666,2022-03,-0.2528060442701971,0.049432393475817765,2020.0
2022-05,SEK,2020.0,0.0,0.005314678992057606,2022-03,-0.1696881540661563,-0.036969275022855616,2020.0
2022-06,BRL,2020.0,-0.10685088398273734,0.005697104824821775,2022-04,0.6231975616034553,-0.016015060269709346,2020.0
2022-06,EUR,2020.0,0.0,0.018471396236519878,2022-04,0.04872184307558429,-0.053292918334861585,2020.0
2022-06,JPY,2020.0,0.0,0.0528565322134987,2022-04,0.10502772199024538,-0.16244767053794332,2020.0
2022-06,GBP,2020.0,0.0,0.025113564117011166,2022-04,-0.03755827460452635,0.005689348505277501,2020.0
2022-06,CAD,2020.0,0.0,-0.032773214945508666,2022-04,-0.24526272141553535,0.05987266598114548,2020.0
2022-06,SEK,2020.0,0.0,0.005314678992057606,2022-04,-0.1732577993217633,-0.03613734393126491,2020.0
2022-07,BRL,2020.0,-0.10685088398273734,0.005697104824821775,2022-05,0.5985665127574907,-0.05256735183454568,2020.0
2022-07,EUR,2020.0,0.0,0.018471396236519878,2022-05,0.04252083079745928,-0.050338245888914016,2020.0
2022-07,JPY,2020.0,0.0,0.0528565322134987,2022-05,0.08950141509945002,-0.1483960474300386,2020.0
2022-07,GBP,2020.0,0.0,0.025113564117011166,2022-05,-0.033375483303827475,0.011149367829939404,2020.0
2022-07,CAD,2020.0,0.0,-0.032773214945508666,2022-05,-0.2412458372591836,0.05405634079013654,2020.0
2022-07,SEK,2020.0,0.0,0.005314678992057606,2022-05,-0.17820377233458656,-0.03425553879253876,2020.0
2022-08,BRL,2020.0,-0.10685088398273734,0.005697104824821775,2022-06,0.5839501337040471,-0.04611892848520439,2020.0
2022-08,EUR,2020.0,0.0,0.018471396236519878,2022-06,0.04776105624429793,-0.04316781377100854,2020.0
2022-08,JPY,2020.0,0.0,0.0528565322134987,2022-06,0.10773343377022074,-0.12666144085965433,2020.0
2022-08,GBP,2020.0,0.0,0.025113564117011166,2022-06,-0.030792019481091,0.009457325499681708,2020.0
2022-08,CAD,2020.0,0.0,-0.032773214945508666,2022-06,-0.24912309111243372,0.044402160808820694,2020.0
2022-08,SEK,2020.0,0.0,0.005314678992057606,2022-06,-0.17619757366167002,-0.02979658823156084,2020.0
2022-09,BRL,2020.0,-0.10685088398273734,0.005697104824821775,2022-07,0.5630973513300663,-0.05271846795357622,2020.0
2022-09,EUR,2020.0,0.0,0.018471396236519878,2022-07,0.06126758256298557,-0.026198447969844014,2020.0
2022-09,JPY,2020.0,0.0,0.0528565322134987,2022-07,0.1530630743621255,-0.07268153195739194,2020.0
2022-09,GBP,2020.0,0.0,0.025113564117011166,2022-07,-0.0266834796782087,0.009907740055349654,2020.0
2022-09,CAD,2020.0,0.0,-0.032773214945508666,2022-07,-0.2711373668929549,0.021029688268016822,2020.0
2022-09,SEK,2020.0,0.0,0.005314678992057606,2022-07,-0.1723376423666412,-0.020701233219891074,2020.0
2022-10,BRL,2020.0,-0.10685088398273734,0.005697104824821775,2022-08,0.5506087118599499,-0.06074020815176063,2020.0
2022-10,EUR,2020.0,0.0,0.018471396236519878,2022-08,0.060978290339484875,-0.027148516541051937,2020.0
2022-10,JPY,2020.0,0.0,0.0528565322134987,2022-08,0.15397805430376157,-0.07434936955912314,2020.0
2022-10,GBP,2020.0,0.0,0.025113564117011166,2022-08,-0.023158156434566132,0.013337736279756074,2020.0
2022-10,CAD,2020.0,0.0,-0.032773214945508666,2022-08,-0.2735789692495404,0.01888803806038575,2020.0
2022-10,SEK,2020.0,0.0,0.005314678992057606,2022-08,-0.1761038977042413,-0.02617041799523598,2020.0
2022-11,BRL,2020.0,-0.10685088398273734,0.005697104824821775,2022-09,0.5687983637632797,-0.01578369888945961,2020.0
2022-11,EUR,2020.0,0.0,0.018471396236519878,2022-09,0.06647662141448936,-0.015903908769670048,2020.0
2022-11,JPY,2020.0,0.0,0.0528565322134987,2022-09,0.16992235251211613,-0.044075512821275226,2020.0
2022-11,GBP,2020.0,0.0,0.025113564117011166,2022-09,-0.025866560894411358,0.005288372116056865,2020.0
2022-11,CAD,2020.0,0.0,-0.032773214945508666,2022-09,-0.28556087986537976,0.001993095128048314,2020.0
2022-11,SEK,2020.0,0.0,0.005314678992057606,2022-09,-0.17618948884459856,-0.02088919107956073,2020.0
2022-12,BRL,2020.0,-0.10685088398273734,0.005697104824821775,2022-10,0.588606070839681,0.011185828259118649,2020.0
2022-12,EUR,2020.0,0.0,0.018471396236519878,2022-10,0.07590470811697247,0.0002902794138562942,2020.0
2022-12,JPY,2020.0,0.0,0.0528565322134987,2022-10,0.1975578455926481,0.004165334302953864,2020.0
2022-12,GBP,2020.0,0.0,0.025113564117011166,2022-10,-0.02906877001599228,0.0013601580245765326,2020.0
2022-12,CAD,2020.0,0.0,-0.032773214945508666,2022-10,-0.3008646532310863,-0.02435659230871734,2020.0
2022-12,SEK,2020.0,0.0,0.005314678992057606,2022-10,-0.17311245612219467,-0.016250974502214802,2020.0
2023-01,BRL,2021.0,-0.028475059995417773,0.07837582398731957,2022-11,0.594440733789076,0.009551558836817388,2021.0
2023-01,EUR,2021.0,-0.025198517527105425,-0.025198517527105425,2022-11,0.07908871227784363,0.0008476211295816248,2021.0
2023-01,JPY,2021.0,-0.07639366320060885,-0.07639366320060885,2022-11,0.20636102073977622,0.005614284568043529,2021.0
2023-01,GBP,2021.0,-0.0003436410149624744,-0.0003436410149624744,2022-11,-0.029883483163741266,0.003214650003071849,2021.0
2023-01,CAD,2021.0,0.12330081712610416,0.12330081712610416,2022-11,-0.3032208733112838,-0.024227349405077973,2021.0
2023-01,SEK,2021.0,0.0038301359085595454,0.0038301359085595454,2022-11,-0.1709937620547868,-0.018216802043820614,2021.0
2023-02,BRL,2021.0,-0.028475059995417773,0.07837582398731957,2022-12,0.5964357322118367,-0.018477977777705417,2021.0
2023-02,EUR,2021.0,-0.025198517527105425,-0.025198517527105425,2022-12,0.08155820194150043,-0.00725088273728901,2021.0
2023-02,JPY,2021.0,-0.07639366320060885,-0.07639366320060885,2022-12,0.21260581619598706,-0.017235412319472395,2021.0
2023-02,GBP,2021.0,-0.0003436410149624744,-0.0003436410149624744,2022-12,-0.03070515239322463,0.007939291700838251,2021.0
2023-02,CAD,2021.0,0.12330081712610416,0.12330081712610416,2022-12,-0.30044293842133346,-0.009294826896815316,2021.0
2023-02,SEK,2021.0,0.0038301359085595454,0.0038301359085595454,2022-12,-0.16621182462787384,-0.02020599247645096,2021.0
2023-03,BRL,2021.0,-0.028475059995417773,0.07837582398731957,2023-01,0.6258741902433781,0.015016799317873239,2021.0
2023-03,EUR,2021.0,-0.025198517527105425,-0.025198517527105425,2023-01,0.09665238590581908,0.01919495291160212,2021.0
2023-03,JPY,2021.0,-0.07639366320060885,-0.07639366320060885,2023-01,0.2550150141890015,0.06020092299090042,2021.0
2023-03,GBP,2021.0,-0.0003436410149624744,-0.0003436410149624744,2023-01,-0.03742157044469451,-7.173142786488966e-05,2021.0
2023-03,CAD,2021.0,0.12330081712610416,0.12330081712610416,2023-01,-0.3135196350198344,-0.03746540303742688,2021.0
2023-03,SEK,2021.0,0.0038301359085595454,0.0038301359085595454,2023-01,-0.15276949249856012,-0.0001788533489130862,2021.0
2023-04,BRL,2021.0,-0.028475059995417773,0.07837582398731957,2023-02,0.6470531783802906,0.03235567098892764,2021.0
2023-04,EUR,2021.0,-0.025198517527105425,-0.025198517527105425,2023-02,0.10603036655845371,0.03720412011067677,2021.0
2023-04,JPY,2021.0,-0.07639366320060885,-0.07639366320060885,2023-02,0.28162990920139147,0.11411572386122444,2021.0
2023-04,GBP,2021.0,-0.0003436410149624744,-0.0003436410149624744,2023-02,-0.04187097305499131,-0.004093528560880937,2021.0
2023-04,CAD,2021.0,0.12330081712610416,0.12330081712610416,2023-02,-0.3246304629556455,-0.059579053058127676,2021.0
2023-04,SEK,2021.0,0.0038301359085595454,0.0038301359085595454,2023-02,-0.1461405887280943,0.01128556349574986,2021.0
2023-05,BRL,2021.0,-0.028475059995417773,0.07837582398731957,2023-03,0.6384895829406803,0.0038107347881043536,2021.0
2023-05,EUR,2021.0,-0.025198517527105425,-0.025198517527105425,2023-03,0.11240710968293745,0.057248730792880786,2021.0
2023-05,JPY,2021.0,-0.07639366320060885,-0.07639366320060885,2023-03,0.3024432405899526,0.1789207784152522,2021.0
2023-05,GBP,2021.0,-0.0003436410149624744,-0.0003436410149624744,2023-03,-0.04059861873367853,-0.0011156527202741443,2021.0
2023-05,CAD,2021.0,0.12330081712610416,0.12330081712610416,2023-03,-0.3326135647010787,-0.07980752043088167,2021.0
2023-05,SEK,2021.0,0.0038301359085595454,0.0038301359085595454,2023-03,-0.14246840380114076,0.027219750265015528,2021.0
2023-06,BRL,2021.0,-0.028475059995417773,0.07837582398731957,2023-04,0.6379346740639064,0.014737112460451035,2021.0
2023-06,EUR,2021.0,-0.025198517527105425,-0.025198517527105425,2023-04,0.11255396003463708,0.0638321169590528,2021.0
2023-06,JPY,2021.0,-0.07639366320060885,-0.07639366320060885,2023-04,0.3032388276787776,0.19821110568853226,2021.0
2023-06,GBP,2021.0,-0.0003436410149624744,-0.0003436410149624744,2023-04,-0.040296608041031544,-0.0027383334365051865,2021.0
2023-06,CAD,2021.0,0.12330081712610416,0.12330081712610416,2023-04,-0.3342488383491363,-0.08898611693360096,2021.0
2023-06,SEK,2021.0,0.0038301359085595454,0.0038301359085595454,2023-04,-0.1433997214316292,0.029858077890134078,2021.0
2023-07,BRL,2021.0,-0.028475059995417773,0.07837582398731957,2023-05,0.6305668477157867,0.032000334958296114,2021.0
2023-07,EUR,2021.0,-0.025198517527105425,-0.025198517527105425,2023-05,0.11933802679982665,0.07681719600236736,2021.0
2023-07,JPY,2021.0,-0.07639366320060885,-0.07639366320060885,2023-05,0.32500477845167375,0.23550336335222374,2021.0
2023-07,GBP,2021.0,-0.0003436410149624744,-0.0003436410149624744,2023-05,-0.039908559953755404,-0.006533076649927944,2021.0
2023-07,CAD,2021.0,0.12330081712610416,0.12330081712610416,2023-05,-0.34136998220067416,-0.10012414494149056,2021.0
2023-07,SEK,2021.0,0.0038301359085595454,0.0038301359085595454,2023-05,-0.13774925792744278,0.04045451440714378,2021.0
2023-08,BRL,2021.0,-0.028475059995417773,0.07837582398731957,2023-06,0.6257970634660304,0.04184692976198323,2021.0
2023-08,EUR,2021.0,-0.025198517527105425,-0.025198517527105425,2023-06,0.12097922229197355,0.0732181660476756,2021.0
2023-08,JPY,2021.0,-0.07639366320060885,-0.07639366320060885,2023-06,0.3306006842255309,0.22286725045531017,2021.0
2023-08,GBP,2021.0,-0.0003436410149624744,-0.0003436410149624744,2023-06,-0.03889725153367384,-0.008105232052582834,2021.0
2023-08,CAD,2021.0,0.12330081712610416,0.12330081712610416,2023-06,-0.3433496695082721,-0.09422657839583841,2021.0
2023-08,SEK,2021.0,0.0038301359085595454,0.0038301359085595454,2023-06,-0.13718221090232272,0.039015362759347305,2021.0
2023-09,BRL,2021.0,-0.028475059995417773,0.07837582398731957,2023-07,0.6096191037677965,0.04652175243773012,2021.0
2023-09,EUR,2021.0,-0.025198517527105425,-0.025198517527105425,2023-07,0.11508342596773788,0.053815843404752275,2021.0
2023-09,JPY,2021.0,-0.07639366320060885,-0.07639366320060885,2023-07,0.31445093367095533,0.1613878593088298,2021.0
2023-09,GBP,2021.0,-0.0003436410149624744,-0.0003436410149624744,2023-07,-0.03532076387732276,-0.00863728419911406,2021.0
2023-09,CAD,2021.0,0.12330081712610416,0.12330081712610416,2023-07,-0.3377563110450313,-0.06661894415207636,2021.0
2023-09,SEK,2021.0,0.0038301359085595454,0.0038301359085595454,2023-07,-0.14247121849912792,0.029866423867513266,2021.0
2023-10,BRL,2021.0,-0.028475059995417773,0.07837582398731957,2023-08,0.582559200749902,0.03195048888995207,2021.0
2023-10,EUR,2021.0,-0.025198517527105425,-0.025198517527105425,2023-08,0.11862369180834631,0.05764540146886144,2021.0
2023-10,JPY,2021.0,-0.07639366320060885,-0.07639366320060885,2023-08,0.3278770114890758,0.17389895718531417,2021.0
2023-10,GBP,2021.0,-0.0003436410149624744,-0.0003436410149624744,2023-08,-0.031110075924774952,-0.007951919490208834,2021.0
2023-10,CAD,2021.0,0.12330081712610416,0.12330081712610416,2023-08,-0.338477727875746,-0.06489875862620556,2021.0
2023-10,SEK,2021.0,0.0038301359085595454,0.0038301359085595454,2023-08,-0.13824146448428742,0.037862433219953896,2021.0
2023-11,BRL,2021.0,-0.028475059995417773,0.07837582398731957,2023-09,0.5851590400857892,0.0163606763225095,2021.0
2023-11,EUR,2021.0,-0.025198517527105425,-0.025198517527105425,2023-09,0.11299636720548079,0.046519745790991406,2021.0
2023-11,JPY,2021.0,-0.07639366320060885,-0.07639366320060885,2023-09,0.3101579712538623,0.14023561874174614,2021.0
2023-11,GBP,2021.0,-0.0003436410149624744,-0.0003436410149624744,2023-09,-0.03154255728994639,-0.005675996395535035,2021.0
2023-11,CAD,2021.0,0.12330081712610416,0.12330081712610416,2023-09,-0.3316079968765556,-0.04604711701117581,2021.0
2023-11,SEK,2021.0,0.0038301359085595454,0.0038301359085595454,2023-09,-0.14130292749677023,0.034886561347828346,2021.0
2023-12,BRL,2021.0,-0.028475059995417773,0.07837582398731957,2023-10,0.566695397062353,-0.021910673777327964,2021.0
2023-12,EUR,2021.0,-0.025198517527105425,-0.025198517527105425,2023-10,0.11342436293269852,0.037519654815726035,2021.0
2023-12,JPY,2021.0,-0.07639366320060885,-0.07639366320060885,2023-10,0.3133397574305673,0.11578191183791911,2021.0
2023-12,GBP,2021.0,-0.0003436410149624744,-0.0003436410149624744,2023-10,-0.028614581736771186,0.00045418827922109406,2021.0
2023-12,CAD,2021.0,0.12330081712610416,0.12330081712610416,2023-10,-0.33051193102656323,-0.029647277795476986,2021.0
2023-12,SEK,2021.0,0.0038301359085595454,0.0038301359085595454,2023-10,-0.13996580219540924,0.03314665392678544,2021.0
2024-01,BRL,2022.0,-0.08177072828779397,-0.0532956682923762,2023-11,0.5735707207435033,-0.02087001304557276,2022.0
2024-01,EUR,2022.0,-0.06310815565179267,-0.03790963812468725,2023-11,0.12012266073188474,0.041033948454041125,2022.0
2024-01,JPY,2022.0,-0.1824556292547229,-0.10606196605411404,2023-11,0.3329104930562898,0.12654947231651356,2022.0
2024-01,GBP,2022.0,-0.04414240133078057,-0.04379876031581809,2023-11,-0.030239772758090276,-0.00035628959434900407,2022.0
2024-01,CAD,2022.0,0.162864407552602,0.03956359042649785,2023-11,-0.33668771572743167,-0.033466842416147884,2022.0
2024-01,SEK,2022.0,-0.01794472365739666,-0.021774859565956206,2023-11,-0.13467282755274998,0.03632093450203682,2022.0
2024-02,BRL,2022.0,-0.08177072828779397,-0.0532956682923762,2023-12,0.5822847775810105,-0.014150954630826138,2022.0
2024-02,EUR,2022.0,-0.06310815565179267,-0.03790963812468725,2023-12,0.12415262814119928,0.042594426199698845,2022.0
2024-02,JPY,2022.0,-0.1824556292547229,-0.10606196605411404,2023-12,0.3442105942015968,0.13160477800560968,2022.0
2024-02,GBP,2022.0,-0.04414240133078057,-0.04379876031581809,2023-12,-0.03211991485563736,-0.0014147624624127149,2022.0
2024-02,CAD,2022.0,0.162864407552602,0.03956359042649785,2023-12,-0.3405885920846368,-0.04014565366330341,2022.0
2024-02,SEK,2022.0,-0.01794472365739666,-0.021774859565956206,2023-12,-0.13136882011890066,0.03484300450897317,2022.0
2024-03,BRL,2022.0,-0.08177072828779397,-0.0532956682923762,2024-01,0.5620784497616961,-0.06379574048168207,2022.0
2024-03,EUR,2022.0,-0.06310815565179267,-0.03790963812468725,2024-01,0.11786333736645804,0.02121095146063897,2022.0
2024-03,JPY,2022.0,-0.1824556292547229,-0.10606196605411404,2024-01,0.3267762131955267,0.07176119900652515,2022.0
2024-03,GBP,2022.0,-0.04414240133078057,-0.04379876031581809,2024-01,-0.028737130670699457,0.008684439773995049,2022.0
2024-03,CAD,2022.0,0.162864407552602,0.03956359042649785,2024-01,-0.33126054478871547,-0.017740909768881093,2022.0
2024-03,SEK,2022.0,-0.01794472365739666,-0.021774859565956206,2024-01,-0.13391405406432408,0.018855438434236056,2022.0
2024-04,BRL,2022.0,-0.08177072828779397,-0.0532956682923762,2024-02,0.5888097426893945,-0.058243435690896246,2022.0
2024-04,EUR,2022.0,-0.06310815565179267,-0.03790963812468725,2024-02,0.13624284714963322,0.030212480591179487,2022.0
2024-04,JPY,2022.0,-0.1824556292547229,-0.10606196605411404,2024-02,0.3790723108690844,0.0974424016676929,2022.0
2024-04,GBP,2022.0,-0.04414240133078057,-0.04379876031581809,2024-02,-0.036727827895052065,0.005143145159939245,2022.0
2024-04,CAD,2022.0,0.162864407552602,0.03956359042649785,2024-02,-0.3440979631300377,-0.01946750017439219,2022.0
2024-04,SEK,2022.0,-0.01794472365739666,-0.021774859565956206,2024-02,-0.1138535019293299,0.0322870867987644,2022.0
2024-05,BRL,2022.0,-0.08177072828779397,-0.0532956682923762,2024-03,0.590709634770696,-0.04777994816998416,2022.0
2024-05,EUR,2022.0,-0.06310815565179267,-0.03790963812468725,2024-03,0.13987949331701782,0.027472383634080368,2022.0
2024-05,JPY,2022.0,-0.1824556292547229,-0.10606196605411404,2024-03,0.38913571582192535,0.08669247523197264,2022.0
2024-05,GBP,2022.0,-0.04414240133078057,-0.04379876031581809,2024-03,-0.038672218477752124,0.00192640025592639,2022.0
2024-05,CAD,2022.0,0.162864407552602,0.03956359042649785,2024-03,-0.3426741691320581,-0.010060604430979348,2022.0
2024-05,SEK,2022.0,-0.01794472365739666,-0.021774859565956206,2024-03,-0.10650270737806915,0.035965696423071604,2022.0
2024-06,BRL,2022.0,-0.08177072828779397,-0.0532956682923762,2024-04,0.5854019940570573,-0.052532680006848936,2022.0
2024-06,EUR,2022.0,-0.06310815565179267,-0.03790963812468725,2024-04,0.1376069844632849,0.025053024428647812,2022.0
2024-06,JPY,2022.0,-0.1824556292547229,-0.10606196605411404,2024-04,0.38311163648577884,0.07987280880700123,2022.0
2024-06,GBP,2022.0,-0.04414240133078057,-0.04379876031581809,2024-04,-0.036033551631753404,0.004263056409278131,2022.0
2024-06,CAD,2022.0,0.162864407552602,0.03956359042649785,2024-04,-0.34316955535372046,-0.0089207170045842,2022.0
2024-06,SEK,2022.0,-0.01794472365739666,-0.021774859565956206,2024-04,-0.11212284686536597,0.031276874566263234,2022.0
2024-07,BRL,2022.0,-0.08177072828779397,-0.0532956682923762,2024-05,0.5830011304759287,-0.04756571723985809,2022.0
2024-07,EUR,2022.0,-0.06310815565179267,-0.03790963812468725,2024-05,0.12993782687141625,0.010599800071589584,2022.0
2024-07,JPY,2022.0,-0.1824556292547229,-0.10606196605411404,2024-05,0.3603058527135238,0.03530107426185003,2022.0
2024-07,GBP,2022.0,-0.04414240133078057,-0.04379876031581809,2024-05,-0.03384564260179337,0.0060629173519620525,2022.0
2024-07,CAD,2022.0,0.162864407552602,0.03956359042649785,2024-05,-0.3383075748419669,0.0030624073587073317,2022.0
2024-07,SEK,2022.0,-0.01794472365739666,-0.021774859565956206,2024-05,-0.12129773656268392,0.016451521364758855,2022.0
2024-08,BRL,2022.0,-0.08177072828779397,-0.0532956682923762,2024-06,0.5600532949185564,-0.0657437685474739,2022.0
2024-08,EUR,2022.0,-0.06310815565179267,-0.03790963812468725,2024-06,0.12822398975034915,0.007244767458375612,2022.0
2024-08,JPY,2022.0,-0.1824556292547229,-0.10606196605411404,2024-06,0.3577654075967507,0.027164723371219713,2022.0
2024-08,GBP,2022.0,-0.04414240133078057,-0.04379876031581809,2024-06,-0.030022284534058363,0.00887496699961548,2022.0
2024-08,CAD,2022.0,0.162864407552602,0.03956359042649785,2024-06,-0.3364627092719603,0.006886960236311842,2022.0
2024-08,SEK,2022.0,-0.01794472365739666,-0.021774859565956206,2024-06,-0.12218858488691374,0.01499362601540897,2022.0
2024-09,BRL,2022.0,-0.08177072828779397,-0.0532956682923762,2024-07,0.5588237428371656,-0.05079536093063094,2022.0
2024-09,EUR,2022.0,-0.06310815565179267,-0.03790963812468725,2024-07,0.13639327750469543,0.021309851536957573,2022.0
2024-09,JPY,2022.0,-0.1824556292547229,-0.10606196605411404,2024-07,0.3834602275995585,0.06900929392860324,2022.0
2024-09,GBP,2022.0,-0.04414240133078057,-0.04379876031581809,2024-07,-0.029813105287801022,0.00550765858952173,2022.0
2024-09,CAD,2022.0,0.162864407552602,0.03956359042649785,2024-07,-0.34769993384703557,-0.009943622802004332,2022.0
2024-09,SEK,2022.0,-0.01794472365739666,-0.021774859565956206,2024-07,-0.11834596341482055,0.02412525508430738,2022.0
2024-10,BRL,2022.0,-0.08177072828779397,-0.0532956682923762,2024-08,0.5494517785949964,-0.0331074221549055,2022.0
2024-10,EUR,2022.0,-0.06310815565179267,-0.03790963812468725,2024-08,0.14282680212873058,0.024203110320384247,2022.0
2024-10,JPY,2022.0,-0.1824556292547229,-0.10606196605411404,2024-08,0.4033497865969086,0.07547277510783293,2022.0
2024-10,GBP,2022.0,-0.04414240133078057,-0.04379876031581809,2024-08,-0.02995890786828871,0.001151168056486251,2022.0
2024-10,CAD,2022.0,0.162864407552602,0.03956359042649785,2024-08,-0.3488883274386155,-0.010410599562869544,2022.0
2024-10,SEK,2022.0,-0.01794472365739666,-0.021774859565956206,2024-08,-0.10891083797873753,0.02933062650554989,2022.0
2024-11,BRL,2022.0,-0.08177072828779397,-0.0532956682923762,2024-09,0.5549695431531504,-0.030189496932638865,2022.0
2024-11,EUR,2022.0,-0.06310815565179267,-0.03790963812468725,2024-09,0.13862394970341205,0.025627582497931282,2022.0
2024-11,JPY,2022.0,-0.1824556292547229,-0.10606196605411404,2024-09,0.38948060942120283,0.07932263816734053,2022.0
2024-11,GBP,2022.0,-0.04414240133078057,-0.04379876031581809,2024-09,-0.03161062741541187,-6.807012546547073e-05,2022.0
2024-11,CAD,2022.0,0.162864407552602,0.03956359042649785,2024-09,-0.3421409838122182,-0.010532986935662597,2022.0
2024-11,SEK,2022.0,-0.01794472365739666,-0.021774859565956206,2024-09,-0.10925744470780789,0.03204548278896231,2022.0
2024-12,BRL,2022.0,-0.08177072828779397,-0.0532956682923762,2024-10,0.5682817618789425,0.0015863648165895085,2022.0
2024-12,EUR,2022.0,-0.06310815565179267,-0.03790963812468725,2024-10,0.13539294136606037,0.021968578433361873,2022.0
2024-12,JPY,2022.0,-0.1824556292547229,-0.10606196605411404,2024-10,0.37807567442821377,0.0647359169976465,2022.0
2024-12,GBP,2022.0,-0.04414240133078057,-0.04379876031581809,2024-10,-0.03341747731067266,-0.0048028955739014625,2022.0
2024-12,CAD,2022.0,0.162864407552602,0.03956359042649785,2024-10,-0.33930850867790596,-0.008796577651342742,2022.0
2024-12,SEK,2022.0,-0.01794472365739666,-0.021774859565956206,2024-10,-0.11228587454010028,0.02767992765530897,2022.0
2025-01,BRL,2023.0,-0.06688418822197306,0.014886540065820908,2024-11,0.5679657785780913,-0.005604942165411984,2023.0
2025-01,EUR,2023.0,-0.021664820477293317,0.04144333517449936,2024-11,0.13953271273477158,0.019410052002886834,2023.0
2025-01,JPY,2023.0,-0.12520633207911774,0.057249297175605146,2024-11,0.3916414599045392,0.05873096684824952,2023.0
2025-01,GBP,2023.0,-0.04142754783189179,0.0027148534988887807,2024-11,-0.03260126483832882,-0.0023614920802385547,2023.0
2025-01,CAD,2023.0,0.10309594600125624,-0.05976846155134577,2024-11,-0.3483470111311736,-0.011659295403741957,2023.0
2025-01,SEK,2023.0,-0.02597733770240429,-0.00803261404500763,2024-11,-0.11313885495123661,0.02153397260151337,2023.0
2025-02,BRL,2023.0,-0.06688418822197306,0.014886540065820908,2024-12,0.5414282912593413,-0.04085648632166929,2023.0
2025-02,EUR,2023.0,-0.021664820477293317,0.04144333517449936,2024-12,0.12999364054612067,0.005841012404921423,2023.0
2025-02,JPY,2023.0,-0.12520633207911774,0.057249297175605146,2024-12,0.3653000968143538,0.02108950261275709,2023.0
2025-02,GBP,2023.0,-0.04142754783189179,0.0027148534988887807,2024-12,-0.02722738311926667,0.004892531736370679,2023.0
2025-02,CAD,2023.0,0.10309594600125624,-0.05976846155134577,2024-12,-0.33771192764385033,0.002876664440786504,2023.0
2025-02,SEK,2023.0,-0.02597733770240429,-0.00803261404500763,2024-12,-0.12017968995994585,0.011189130158954813,2023.0
2025-03,BRL,2023.0,-0.06688418822197306,0.014886540065820908,2025-01,0.5210768419934642,-0.04100160776823184,2023.0
2025-03,EUR,2023.0,-0.021664820477293317,0.04144333517449936,2025-01,0.11880853959499661,0.000945202228538546,2023.0
2025-03,JPY,2023.0,-0.12520633207911774,0.057249297175605146,2025-01,0.3336734702535167,0.006897257057989959,2023.0
2025-03,GBP,2023.0,-0.04142754783189179,0.0027148534988887807,2025-01,-0.022324672042637137,0.006412458628062331,2023.0
2025-03,CAD,2023.0,0.10309594600125624,-0.05976846155134577,2025-01,-0.32803859471736374,0.0032219500713517335,2023.0
2025-03,SEK,2023.0,-0.02597733770240429,-0.00803261404500763,2025-01,-0.1304413785633387,0.0034726755009853636,2023.0
2025-04,BRL,2023.0,-0.06688418822197306,0.014886540065820908,2025-02,0.5287465846614139,-0.06006315802798057,2023.0
2025-04,EUR,2023.0,-0.021664820477293317,0.04144333517449936,2025-02,0.11861188739982303,-0.017630959749810174,2023.0
2025-04,JPY,2023.0,-0.12520633207911774,0.057249297175605146,2025-02,0.33214309379498996,-0.04692921707409446,2023.0
2025-04,GBP,2023.0,-0.04142754783189179,0.0027148534988887807,2025-02,-0.023608067881095377,0.013119760013956684,2023.0
2025-04,CAD,2023.0,0.10309594600125624,-0.05976846155134577,2025-02,-0.32771755868682395,0.016380404443213734,2023.0
2025-04,SEK,2023.0,-0.02597733770240429,-0.00803261404500763,2025-02,-0.13055130676364574,-0.01669780483431584,2023.0
2025-05,BRL,2023.0,-0.06688418822197306,0.014886540065820908,2025-03,0.525286498229065,-0.06542313654163104,2023.0
2025-05,EUR,2023.0,-0.021664820477293317,0.04144333517449936,2025-03,0.12282514105769628,-0.017054352259321528,2023.0
2025-05,JPY,2023.0,-0.12520633207911774,0.057249297175605146,2025-03,0.34530717227431523,-0.04382854354761006,2023.0
2025-05,GBP,2023.0,-0.04142754783189179,0.0027148534988887807,2025-03,-0.02312293054295,0.01554928793480212,2023.0
2025-05,CAD,2023.0,0.10309594600125624,-0.05976846155134577,2025-03,-0.33148203293060663,0.01119213620145147,2023.0
2025-05,SEK,2023.0,-0.02597733770240429,-0.00803261404500763,2025-03,-0.12746870912831532,-0.020966001750246172,2023.0
2025-06,BRL,2023.0,-0.06688418822197306,0.014886540065820908,2025-04,0.5377774368448814,-0.04762455721217588,2023.0
2025-06,EUR,2023.0,-0.021664820477293317,0.04144333517449936,2025-04,0.13195878834213967,-0.005648196121145267,2023.0
2025-06,JPY,2023.0,-0.12520633207911774,0.057249297175605146,2025-04,0.37270294020990946,-0.010408696275869416,2023.0
2025-06,GBP,2023.0,-0.04142754783189179,0.0027148534988887807,2025-04,-0.025661205781407927,0.01037234585034547,2023.0
2025-06,CAD,2023.0,0.10309594600125624,-0.05976846155134577,2025-04,-0.3450589586381503,-0.0018894032844297892,2023.0
2025-06,SEK,2023.0,-0.02597733770240429,-0.00803261404500763,2025-04,-0.12295141292331058,-0.010828566057944586,2023.0
2025-07,BRL,2023.0,-0.06688418822197306,0.014886540065820908,2025-05,0.5417710222168591,-0.04123010825906956,2023.0
2025-07,EUR,2023.0,-0.021664820477293317,0.04144333517449936,2025-05,0.1371893499737756,0.007251523102359344,2023.0
2025-07,JPY,2023.0,-0.12520633207911774,0.057249297175605146,2025-05,0.3879199901923655,0.027614137478841776,2023.0
2025-07,GBP,2023.0,-0.04142754783189179,0.0027148534988887807,2025-05,-0.026926358791700515,0.00691928381009284,2023.0
2025-07,CAD,2023.0,0.10309594600125624,-0.05976846155134577,2025-05,-0.3486343134352463,-0.010326738593279516,2023.0
2025-07,SEK,2023.0,-0.02597733770240429,-0.00803261404500763,2025-05,-0.11786400520207745,0.00343373136060648,2023.0
2025-08,BRL,2023.0,-0.06688418822197306,0.014886540065820908,2025-06,0.535851819591063,-0.024201475327493425,2023.0
2025-08,EUR,2023.0,-0.021664820477293317,0.04144333517449936,2025-06,0.1361826945042376,0.007958704753888431,2023.0
2025-08,JPY,2023.0,-0.12520633207911774,0.057249297175605146,2025-06,0.3855527234363008,0.027787315839550106,2023.0
2025-08,GBP,2023.0,-0.04142754783189179,0.0027148534988887807,2025-06,-0.025703738484178538,0.004318546049879812,2023.0
2025-08,CAD,2023.0,0.10309594600125624,-0.05976846155134577,2025-06,-0.3478340195712195,-0.011371310299259217,2023.0
2025-08,SEK,2023.0,-0.02597733770240429,-0.00803261404500763,2025-06,-0.11896096361984637,0.0032276212670673573,2023.0
2025-09,BRL,2023.0,-0.06688418822197306,0.014886540065820908,2025-07,0.5303024780543965,-0.02852126478276905,2023.0
2025-09,EUR,2023.0,-0.021664820477293317,0.04144333517449936,2025-07,0.13512235612633203,-0.001270921378363378,2023.0
2025-09,JPY,2023.0,-0.12520633207911774,0.057249297175605146,2025-07,0.38257171487263697,-0.0008885127269215821,2023.0
2025-09,GBP,2023.0,-0.04142754783189179,0.0027148534988887807,2025-07,-0.024842472487537334,0.004970632800263691,2023.0
2025-09,CAD,2023.0,0.10309594600125624,-0.05976846155134577,2025-07,-0.3448410264904829,0.0028589073565526545,2023.0
2025-09,SEK,2023.0,-0.02597733770240429,-0.00803261404500763,2025-07,-0.11861818955369216,-0.0002722261388716031,2023.0
2025-10,BRL,2023.0,-0.06688418822197306,0.014886540065820908,2025-08,0.5339942223567431,-0.015457556238253354,2023.0
2025-10,EUR,2023.0,-0.021664820477293317,0.04144333517449936,2025-08,0.14046738853339585,-0.002359413595334703,2023.0
2025-10,JPY,2023.0,-0.12520633207911774,0.057249297175605146,2025-08,0.3986357573300808,-0.00471402926682788,2023.0
2025-10,GBP,2023.0,-0.04142754783189179,0.0027148534988887807,2025-08,-0.02561687796247252,0.0043420299058161875,2023.0
2025-10,CAD,2023.0,0.10309594600125624,-0.05976846155134577,2025-08,-0.35105033514209344,-0.0021620077034779023,2023.0
2025-10,SEK,2023.0,-0.02597733770240429,-0.00803261404500763,2025-08,-0.11534083546921675,-0.0064299974904792195,2023.0
2025-11,BRL,2023.0,-0.06688418822197306,0.014886540065820908,2025-09,0.538191745279954,-0.016777797873196373,2023.0
2025-11,EUR,2023.0,-0.021664820477293317,0.04144333517449936,2025-09,0.13912424585804853,0.0005002961546364617,2023.0
2025-11,JPY,2023.0,-0.12520633207911774,0.057249297175605146,2025-09,0.39417411035534117,0.004693500934138318,2023.0
2025-11,GBP,2023.0,-0.04142754783189179,0.0027148534988887807,2025-09,-0.02589408035580304,0.0057165470596088315,2023.0
2025-11,CAD,2023.0,0.10309594600125624,-0.05976846155134577,2025-09,-0.3506517338161965,-0.008510750003978324,2023.0
2025-11,SEK,2023.0,-0.02597733770240429,-0.00803261404500763,2025-09,-0.11736649823509752,-0.008109053527289616,2023.0
2025-12,BRL,2023.0,-0.06688418822197306,0.014886540065820908,2025-10,0.5380896354124102,-0.03019212646653234,2023.0
2025-12,EUR,2023.0,-0.021664820477293317,0.04144333517449936,2025-10,0.1388512885713484,0.0034583472052880327,2023.0
2025-12,JPY,2023.0,-0.12520633207911774,0.057249297175605146,2025-10,0.39353217969587156,0.015456505267657782,2023.0
2025-12,GBP,2023.0,-0.04142754783189179,0.0027148534988887807,2025-10,-0.025108445159847337,0.008309032150825313,2023.0
2025-12,CAD,2023.0,0.10309594600125624,-0.05976846155134577,2025-10,-0.3518607516080412,-0.012552242930135233,2023.0
2025-12,SEK,2023.0,-0.02597733770240429,-0.00803261404500763,2025-10,-0.11950240349500654,-0.007216528954906278,2023.0
2026-01,BRL,2024.0,-0.06816506359104002,-0.0012808753690669583,2025-11,0.5395143838839298,-0.02845139469416143,2024.0
2026-01,EUR,2024.0,-0.007828069864901227,0.01383675061239209,2025-11,0.13115519630574968,-0.008377516429021912,2024.0
2026-01,JPY,2024.0,-0.09747176156547105,0.027734570513646695,2025-11,0.37011689022,-0.02152456968453922,2024.0
2026-01,GBP,2024.0,-0.015347541097331385,0.0260800067345604,2025-11,-0.024691266669000223,0.007909998169328603,2024.0
2026-01,CAD,2024.0,0.0919188930489945,-0.011177052952261735,2025-11,-0.3456475804458066,0.0026994306853669846,2024.0
2026-01,SEK,2024.0,-0.021936303933426216,0.004041033768978075,2025-11,-0.12621965482559594,-0.013080799874359316,2024.0
2026-02,BRL,2024.0,-0.06816506359104002,-0.0012808753690669583,2025-12,0.5358588073680537,-0.0055694838912876445,2024.0
2026-02,EUR,2024.0,-0.007828069864901227,0.01383675061239209,2025-12,0.12816947581946794,-0.0018241647266527348,2024.0
2026-02,JPY,2024.0,-0.09747176156547105,0.027734570513646695,2025-12,0.36120883477151555,-0.0040912620428383145,2024.0
2026-02,GBP,2024.0,-0.015347541097331385,0.0260800067345604,2025-12,-0.023605398282999845,0.0036219848362668288,2024.0
2026-02,CAD,2024.0,0.0919188930489945,-0.011177052952261735,2025-12,-0.34194362984274546,-0.004231702198895127,2024.0
2026-02,SEK,2024.0,-0.021936303933426216,0.004041033768978075,2025-12,-0.12858150012799469,-0.008401810168048843,2024.0
2026-03,BRL,2024.0,-0.06816506359104002,-0.0012808753690669583,2026-01,0.5033492978879635,-0.017727544105500665,2024.0
2026-03,EUR,2024.0,-0.007828069864901227,0.01383675061239209,2026-01,0.10920039832470134,-0.009608141270295257,2024.0
2026-03,JPY,2024.0,-0.09747176156547105,0.027734570513646695,2026-01,0.3061367662870346,-0.027536703966482074,2024.0
2026-03,GBP,2024.0,-0.015347541097331385,0.0260800067345604,2026-01,-0.016076507112153873,0.006248164930483262,2024.0
2026-03,CAD,2024.0,0.0919188930489945,-0.011177052952261735,2026-01,-0.31960089277986714,0.008437701937496538,2024.0
2026-03,SEK,2024.0,-0.021936303933426216,0.004041033768978075,2026-01,-0.14253512655869377,-0.012093747995355071,2024.0
2026-04,BRL,2024.0,-0.06816506359104002,-0.0012808753690669583,2026-02,0.5499195182798196,0.021172933618405717,2024.0
2026-04,EUR,2024.0,-0.007828069864901227,0.01383675061239209,2026-02,0.12749268519787552,0.008880797798052481,2024.0
2026-04,JPY,2024.0,-0.09747176156547105,0.027734570513646695,2026-02,0.35708640227797206,0.02494330848298211,2024.0
2026-04,GBP,2024.0,-0.015347541097331385,0.0260800067345604,2026-02,-0.026392707845506933,-0.0027846399644115586,2024.0
2026-04,CAD,2024.0,0.0919188930489945,-0.011177052952261735,2026-02,-0.33903038306771316,-0.0113128243808892,2024.0
2026-04,SEK,2024.0,-0.021936303933426216,0.004041033768978075,2026-02,-0.1273434203517508,0.003207886411894935,2024.0
2026-05,BRL,2024.0,-0.06816506359104002,-0.0012808753690669583,2026-03,0.547206835590725,0.021920337361660006,2024.0
2026-05,EUR,2024.0,-0.007828069864901227,0.01383675061239209,2026-03,0.12090720328622025,-0.0019179377714760389,2024.0
2026-05,JPY,2024.0,-0.09747176156547105,0.027734570513646695,2026-03,0.33692149668932825,-0.00838567558498695,2024.0
2026-05,GBP,2024.0,-0.015347541097331385,0.0260800067345604,2026-03,-0.025840452923413717,-0.002717522380463713,2024.0
2026-05,CAD,2024.0,0.0919188930489945,-0.011177052952261735,2026-03,-0.33057522739849354,0.0009068055321130656,2024.0
2026-05,SEK,2024.0,-0.021936303933426216,0.004041033768978075,2026-03,-0.13086576448794676,-0.003397055359631434,2024.0
2026-06,BRL,2024.0,-0.06816506359104002,-0.0012808753690669583,2026-04,0.5510785249127153,0.013301088067833837,2024.0
2026-06,EUR,2024.0,-0.007828069864901227,0.01383675061239209,2026-04,0.12072074763658497,-0.01123804070555468,2024.0
2026-06,JPY,2024.0,-0.09747176156547105,0.027734570513646695,2026-04,0.3350442906012767,-0.037658649608632654,2024.0
2026-06,GBP,2024.0,-0.015347541097331385,0.0260800067345604,2026-04,-0.027520386059271745,-0.0018591802778638075,2024.0
2026-06,CAD,2024.0,0.0919188930489945,-0.011177052952261735,2026-04,-0.32555612531953354,0.019502833318616734,2024.0
2026-06,SEK,2024.0,-0.021936303933426216,0.004041033768978075,2026-04,-0.12707609820983617,-0.004124685286525607,2024.0
2026-07,BRL,2024.0,-0.06816506359104002,-0.0012808753690669583,2026-05,0.5581838682906628,0.01641284607380363,2024.0
2026-07,EUR,2024.0,-0.007828069864901227,0.01383675061239209,2026-05,0.11788432389497444,-0.019305026078801156,2024.0
2026-07,JPY,2024.0,-0.09747176156547105,0.027734570513646695,2026-05,0.32499208283256364,-0.06292790735980186,2024.0
2026-07,GBP,2024.0,-0.015347541097331385,0.0260800067345604,2026-05,-0.02936873819085243,-0.0024423793991519035,2024.0
2026-07,CAD,2024.0,0.0919188930489945,-0.011177052952261735,2026-05,-0.3195002697090509,0.0291340437261955,2024.0
2026-07,SEK,2024.0,-0.021936303933426216,0.004041033768978075,2026-05,-0.1263623165262375,-0.008498311324160072,2024.0
2026-08,BRL,2024.0,-0.06816506359104002,-0.0012808753690669583,2026-06,0.5529314113631175,0.017079591772054557,2024.0
2026-08,EUR,2024.0,-0.007828069864901227,0.01383675061239209,2026-06,0.1246544892704663,-0.011528205233771297,2024.0
2026-08,JPY,2024.0,-0.09747176156547105,0.027734570513646695,2026-06,0.3462752061058746,-0.03927751733042619,2024.0
2026-08,GBP,2024.0,-0.015347541097331385,0.0260800067345604,2026-06,-0.029304713567569383,-0.0036009750833908482,2024.0
2026-08,CAD,2024.0,0.0919188930489945,-0.011177052952261735,2026-06,-0.3257490352932255,0.02208498427799395,2024.0
2026-08,SEK,2024.0,-0.021936303933426216,0.004041033768978075,2026-06,-0.12039067324696696,-0.001429709627120584,2024.0
