month,strategy,net,gross,cash,cost,borrow,turnover,nav,gross_exposure
2010-03,EJR + carry,-0.01125627242,-0.0108192938,0.0001041070355,0.000225,0.0002119786165,1,0.9887437276,1
2010-04,EJR + carry,0.002149469125,0.00236143849,0.0001041070355,3.802079612e-06,0.0002081672847,0.0182473643,0.9908690017,1
2010-05,EJR + carry,-0.01129442562,-0.01079509965,0.0001041070355,0.0003004882252,0.0001988377496,0.5018568588,0.9796777055,1
2010-06,EJR + carry,0.01318368798,0.0135243433,0.0001041070355,0.0001316715909,0.0002089837298,0.5094138873,0.9925934706,1
2010-07,EJR + carry,0.01566738015,0.01600850396,0.0001041070355,0.0001286365883,0.0002124872234,0.5148913873,1.00814481,1
2010-08,EJR + carry,-0.008234836715,-0.007717816606,0.0001041070355,0.0003092594553,0.0002077606535,0.5241832995,0.999842902,1
2010-09,EJR + carry,0.02300967563,0.02322671511,0.0001041070355,3.973778441e-06,0.0002130657069,0.01817014332,1.022848963,1
2010-10,EJR + carry,-0.01127961737,-0.0110595029,0.0001041070355,7.455214262e-06,0.0002126592602,0.02715164086,1.011311618,1
2010-11,EJR + carry,0.002437777469,0.002971372593,0.0001041070355,0.0003294059805,0.0002041891431,0.5215913806,1.013776971,1
2010-12,EJR + carry,-0.003172880298,-0.002954120046,0.0001041070355,4.376291657e-06,0.0002143839601,0.01896536728,1.010560378,1
2011-01,EJR + carry,0.01794002442,0.01848787293,0.0001041070355,0.0003407995047,0.000207049014,0.5297164793,1.028689855,1
2011-02,EJR + carry,0.004997973258,0.005212955246,0.0001041070355,4.083814157e-06,0.0002108981742,0.01805977313,1.03383122,1
2011-03,EJR + carry,0.005493216886,0.006029488125,0.0001041070355,0.0003282173498,0.0002080538897,0.5135260265,1.039510279,1
2011-04,EJR + carry,0.007794689161,0.008015292961,0.0001041070355,7.906981917e-06,0.0002126968173,0.01469955979,1.047612938,1
2011-05,EJR + carry,0.01289460731,0.01320727421,0.0001041070355,0.0001101492452,0.0002025176541,0.5213452492,1.061121496,1
2011-06,EJR + carry,-0.005279533533,-0.005063551098,0.0001041070355,6.409226903e-06,0.0002095732075,0.02675561375,1.055519269,1
2011-07,EJR + carry,0.004575771031,0.004793374324,0.0001041070355,9.057145217e-06,0.000208546148,0.01855863254,1.060349084,1
2011-08,EJR + carry,0.001758805559,0.001967890972,0.0001041070355,2.34308128e-06,0.0002067423316,0.01088690942,1.062214032,1
2011-09,EJR + carry,-0.02689476213,-0.02658900368,0.0001041070355,0.0001044901961,0.0002012682475,0.5128882966,1.033646038,1
2011-10,EJR + carry,0.02562520225,0.02586733452,0.0001041070355,3.012830453e-05,0.0002120039623,0.04566095233,1.060133427,1
2011-11,EJR + carry,-0.01655065177,-0.01632029675,0.0001041070355,2.384677558e-05,0.0002065082453,0.03738172058,1.042587528,1
2011-12,EJR + carry,-0.00788127859,-0.007660106339,0.0001041070355,1.294737511e-05,0.0002082248761,0.02006803343,1.034370605,1
2012-01,EJR + carry,0.01576911997,0.01598539386,0.0001041070355,3.923601096e-06,0.0002123502901,0.007825891405,1.050681719,1
2012-02,EJR + carry,0.01954275508,0.01976446411,0.0001041070355,1.75173938e-05,0.0002041916424,0.02039873631,1.071214935,1
2012-03,EJR + carry,-0.005853745263,-0.005641747494,0.0001041070355,6.787347698e-06,0.0002052104208,0.02394165735,1.064944315,1
2012-04,EJR + carry,-0.01279525593,-0.01256837746,0.0001041070355,1.456052472e-05,0.0002123179411,0.0204144163,1.05131808,1
2012-05,EJR + carry,-0.01864604665,-0.018432331,0.0001041070355,8.252833676e-06,0.0002054628149,0.02705960692,1.031715154,1
2012-06,EJR + carry,-0.0007030373777,-0.0004812576592,0.0001041070355,1.381729526e-05,0.0002079624232,0.03186036907,1.03098982,1
2012-07,EJR + carry,-0.006390143576,-0.006173909983,0.0001041070355,4.009977444e-06,0.0002122236158,0.008941305931,1.024401647,1
2012-08,EJR + carry,0.002088021987,0.002304125208,0.0001041070355,6.889033726e-06,0.0002092141868,0.01936449125,1.02654062,1
2012-09,EJR + carry,0.003793137222,0.004005840778,0.0001041070355,2.259462796e-06,0.0002104440937,0.007675962234,1.030434429,1
2012-10,EJR + carry,0.01163468738,0.01184231003,0.0001041070355,4.297366236e-06,0.0002033252861,0.01065763199,1.042423212,1
2012-11,EJR + carry,-0.002905191674,-0.002693666286,0.0001041070355,5.970442996e-06,0.0002055549448,0.02322679844,1.039394773,1
2012-12,EJR + carry,0.021417609,0.02163098655,0.0001041070355,9.397326238e-06,0.0002039802193,0.01834091256,1.061656124,1
2013-01,EJR + carry,-0.001360460969,-0.001047875733,0.0001041070355,0.0001020975607,0.0002104876756,0.4968184909,1.060211782,1
2013-02,EJR + carry,0.00704747208,0.007262825689,0.0001041070355,1.262355869e-05,0.0002027300498,0.02318205838,1.067683595,1
2013-03,EJR + carry,-0.00331742459,-0.002803769152,0.0001041070355,0.0003070301734,0.0002066252639,0.529179998,1.064141635,1
2013-04,EJR + carry,-0.009084886132,-0.008871027366,0.0001041070355,2.726657681e-06,0.0002111321087,0.0136332884,1.054474029,1
2013-05,EJR + carry,-0.003920984274,-0.003585866396,0.0001041070355,0.0001300341066,0.0002050837711,0.5251705328,1.050339453,1
2013-06,EJR + carry,0.005875167193,0.006209836525,0.0001041070355,0.0001272895119,0.0002073798209,0.5120795605,1.056510373,1
2013-07,EJR + carry,-0.01304670299,-0.01253370177,0.0001041070355,0.0003012140134,0.000211787206,0.5060700668,1.042726396,1
2013-08,EJR + carry,-0.0002268905397,-1.347997194e-05,0.0001041070355,7.694626249e-06,0.0002057159415,0.0245843535,1.042489811,1
2013-09,EJR + carry,0.003710121323,0.003929605413,0.0001041070355,6.717236384e-06,0.0002127668538,0.012051315,1.046357575,1
2013-10,EJR + carry,0.00712147853,0.007343368455,0.0001041070355,1.396149674e-05,0.0002079284282,0.0217395797,1.053809188,1
2013-11,EJR + carry,-0.01821344653,-0.01799849219,0.0001041070355,8.1118138e-06,0.0002068425253,0.01543335214,1.034615691,1
2013-12,EJR + carry,-0.01089936751,-0.01068085327,0.0001041070355,9.418611244e-06,0.0002090956305,0.01843842652,1.023339034,1
2014-01,EJR + carry,0.01890636498,0.01910998428,0.0001041070355,2.543816839e-06,0.0002010754805,0.01150889799,1.042686655,1
2014-02,EJR + carry,0.002939244806,0.003285586347,0.0001041070355,0.0001334495715,0.0002128919696,0.5043200062,1.045751367,1
2014-03,EJR + carry,0.008202389352,0.008424228092,0.0001041070355,1.499555702e-05,0.0002068431829,0.02237613651,1.054329027,1
2014-04,EJR + carry,0.006165809989,0.006383125012,0.0001041070355,9.475128831e-06,0.0002078398943,0.01941034522,1.060829819,1
2014-05,EJR + carry,0.01638406391,0.01659179958,0.0001041070355,3.170217589e-06,0.0002045654485,0.006240539993,1.078210523,1
2014-06,EJR + carry,0.007005476619,0.007219366307,0.0001041070355,5.845472101e-06,0.000208044216,0.01992666889,1.085763901,1
2014-07,EJR + carry,0.002218299471,0.00255060866,0.0001041070355,0.000128378245,0.0002039309439,0.5025324278,1.088172451,1
2014-08,EJR + carry,0.002428408194,0.002643807933,0.0001041070355,7.917289678e-06,0.0002074824501,0.0204929296,1.090814978,1
2014-09,EJR + carry,-0.01496852667,-0.01466311409,0.0001041070355,0.0001043350136,0.0002010775613,0.5111179689,1.074487085,1
2014-10,EJR + carry,8.659539914e-05,0.0004119654453,0.0001041070355,0.0001184687545,0.0002069012916,0.530720118,1.07458013,1
2014-11,EJR + carry,-0.01765343776,-0.0174430779,0.0001041070355,3.489371314e-06,0.0002068704866,0.01003161656,1.055610097,1
2014-12,EJR + carry,0.000333607044,0.000543432655,0.0001041070355,6.018602971e-06,0.0002038070081,0.01786251982,1.055962256,1
2015-01,EJR + carry,0.04373815014,0.04394073423,0.0001041070355,1.035679333e-05,0.0001922273001,0.02128655606,1.102148091,1
2015-02,EJR + carry,-0.02443761899,-0.02420591935,0.0001041070355,2.213689358e-05,0.0002095627423,0.07368605879,1.075214216,1
2015-03,EJR + carry,-0.005083204833,-0.004767782253,0.0001041070355,0.0001159359116,0.0001994866688,0.5308395878,1.069748682,1
2015-04,EJR + carry,0.007444002364,0.007688686001,0.0001041070355,2.743084329e-05,0.0002172527941,0.04245355173,1.077711894,1
2015-05,EJR + carry,-0.01156442451,-0.01123239531,0.0001041070355,0.0001284249406,0.0002036042552,0.5427655426,1.065248776,1
2015-06,EJR + carry,-0.0002395290321,-1.535671097e-05,0.0001041070355,1.199585098e-05,0.0002121764701,0.02252792172,1.064993618,1
2015-07,EJR + carry,-0.006221087646,-0.006010253348,0.0001041070355,8.936476974e-06,0.0002018978211,0.0190992786,1.058368199,1
2015-08,EJR + carry,-0.002703759258,-0.002479134159,0.0001041070355,1.897457153e-05,0.0002056505275,0.03047225166,1.055506627,1
2015-09,EJR + carry,-0.01452229433,-0.01420025826,0.0001041070355,0.0001154711859,0.0002065648859,0.5199402026,1.040178249,1
2015-10,EJR + carry,0.01108560235,0.01131271699,0.0001041070355,1.934492118e-05,0.000207769713,0.02705861272,1.051709251,1
2015-11,EJR + carry,0.01488026513,0.01509218857,0.0001041070355,9.971057987e-06,0.0002019523804,0.0184102511,1.067358964,1
2015-12,EJR + carry,-0.003263868121,-0.003046511894,0.0001041070355,7.215024922e-06,0.0002101412028,0.03199289008,1.063875245,1
2016-01,EJR + carry,0.007557156323,0.007867206424,0.0003119641739,0.0001068876873,0.0002031624134,0.5201427409,1.071915116,1
2016-02,EJR + carry,0.03331141486,0.03362313273,0.0003119641739,0.0001068631854,0.0002048546851,0.5141887412,1.107622125,1
2016-03,EJR + carry,0.0093851677,0.009609886507,0.0003119641739,7.667084073e-06,0.0002170517232,0.03427000581,1.118017345,1
2016-04,EJR + carry,0.01534845857,0.01568977003,0.0003119641739,0.0001293477201,0.0002119637423,0.542771886,1.135177188,1
2016-05,EJR + carry,0.003267860915,0.003481469873,0.0003119641739,1.153594694e-05,0.0002020730117,0.02418235225,1.138886789,1
2016-06,EJR + carry,0.04935075811,0.04956855702,0.0003119641739,9.384482117e-06,0.0002084144337,0.03001324288,1.195091715,1
2016-07,EJR + carry,0.001547727867,0.001776752378,0.0003119641739,2.232902864e-05,0.0002066954816,0.04694006505,1.196941392,1
2016-08,EJR + carry,0.003898130311,0.004209181903,0.0003119641739,0.000101932723,0.000209118869,0.5041962215,1.201607225,1
2016-09,EJR + carry,-0.006450184987,-0.006133490431,0.0003119641739,0.0001060453965,0.0002106491599,0.5083252629,1.193856637,1
2016-10,EJR + carry,0.001381287918,0.001691553288,0.0003119641739,0.0001057711858,0.0002044941844,0.5139435089,1.195505696,1
2016-11,EJR + carry,0.01888250863,0.01919092619,0.0003119641739,0.0001106319339,0.0001977856289,0.5237826763,1.218079843,1
2016-12,EJR + carry,0.02098639697,0.02121520185,0.0003119641739,2.475614364e-05,0.0002040487342,0.05361296366,1.24364295,1
2017-01,EJR + carry,0.005063126259,0.005385540711,0.0005193472934,0.0001088534837,0.000213560968,0.5109524889,1.249939671,1
2017-02,EJR + carry,0.009391808757,0.009612508739,0.0005193472934,1.48987902e-05,0.0002058011924,0.02481378395,1.261678866,1
2017-03,EJR + carry,-0.0004410340568,-0.0002280862651,0.0005193472934,4.836588411e-06,0.0002081112033,0.01625838279,1.261122422,1
2017-04,EJR + carry,0.01059093286,0.01080326761,0.0007262586484,3.978315645e-06,0.0002083564339,0.009124820569,1.274478885,1
2017-05,EJR + carry,-0.01490983592,-0.01469253109,0.0007262586484,4.798051034e-06,0.0002125067771,0.0184120456,1.255476614,1
2017-06,EJR + carry,-0.01199737737,-0.0117791039,0.0007262586484,4.079616844e-06,0.0002141938523,0.01985890174,1.240414187,1
2017-07,EJR + carry,0.001644962333,0.001867370154,0.0009327004774,7.152857451e-06,0.0002152549634,0.02800468756,1.242454622,1
2017-08,EJR + carry,-0.003018846338,-0.002793129678,0.0009327004774,1.806303848e-05,0.0002076536212,0.03250441281,1.238703843,1
2017-09,EJR + carry,0.006975855078,0.007188123353,0.0009327004774,2.265709052e-06,0.0002100025666,0.01002878569,1.247344861,1
2017-10,EJR + carry,0.005646541373,0.00585425155,0.0009327004774,4.510934959e-06,0.0002031992415,0.01539668936,1.254388045,1
2017-11,EJR + carry,0.0003067233751,0.0006252638969,0.0009327004774,0.0001082570261,0.0002102834957,0.5170243217,1.254772796,1
2017-12,EJR + carry,-0.01214543926,-0.01192960914,0.0009327004774,3.366519239e-06,0.0002124635966,0.008988876472,1.239533029,1
2018-01,EJR + carry,0.00777653375,0.007995724506,0.001138675003,4.573229185e-06,0.0002146175266,0.01960366056,1.249172299,1
2018-02,EJR + carry,0.01473836763,0.01495561067,0.001138675003,1.505474018e-05,0.0002021882918,0.0292673554,1.26758306,1
2018-03,EJR + carry,-0.001962800781,-0.001621823193,0.001138675003,0.0001327808103,0.000208196778,0.5045606437,1.265095047,1
2018-04,EJR + carry,-2.664968642e-05,0.0001811760618,0.00134418443,5.675563208e-06,0.000202150185,0.01072877155,1.265061332,1
2018-05,EJR + carry,0.001132303971,0.001468193764,0.00134418443,0.000133788401,0.0002021013915,0.5111345058,1.266493766,1
2018-06,EJR + carry,-0.002921869932,-0.002475295402,0.00134418443,0.000241687001,0.0002048875293,1.018206802,1.262793236,1
2018-07,EJR + carry,0.01091695833,0.01113623134,0.001549230951,8.558728537e-06,0.0002107142742,0.01715141439,1.276579097,1
2018-08,EJR + carry,-0.0324218487,-0.03220637592,0.001549230951,7.926682071e-06,0.0002075460971,0.01260037776,1.235190043,1
2018-09,EJR + carry,0.007059638671,0.007412277741,0.001549230951,0.0001447674567,0.0002078716128,0.5301327382,1.243910038,1
2018-10,EJR + carry,0.02573815546,0.02605155752,0.00175381674,0.0001082859803,0.000205116081,0.505821946,1.275925988,1
2018-11,EJR + carry,-0.005786459032,-0.00546181168,0.00175381674,0.000117357564,0.0002072897883,0.523688054,1.268542895,1
2018-12,EJR + carry,0.006060894108,0.006375827744,0.00175381674,0.0001082215748,0.0002067120618,0.5119063749,1.276231399,1
2019-01,EJR + carry,0.01445534694,0.01467095315,0.001957943956,3.150602596e-06,0.0002124556115,0.009432824028,1.294679767,1
2019-02,EJR + carry,0.007659814422,0.007980502754,0.001957943956,0.0001149951541,0.0002056931781,0.5240158569,1.304596773,1
2019-03,EJR + carry,-0.005572110746,-0.005232148494,0.001957943956,0.0001332927652,0.0002066694868,0.5178057938,1.297327416,1
2019-04,EJR + carry,-0.00274694832,-0.002430510744,0.001957943956,0.0001089368415,0.0002075007337,0.5125657937,1.293763724,1
2019-05,EJR + carry,0.0009787075498,0.001187848298,0.001957943956,2.32586903e-06,0.0002068148795,0.006691085332,1.295029941,1
2019-06,EJR + carry,0.006369897795,0.006588171851,0.001957943956,4.07764131e-06,0.0002141964149,0.008477900696,1.303279149,1
2019-07,EJR + carry,0.005263020803,0.005582706518,0.001957943956,0.0001142291686,0.0002054565461,0.5268111783,1.310138334,1
2019-08,EJR + carry,-0.02149421554,-0.02118205942,0.001957943956,0.0001059430908,0.0002062130244,0.5145815178,1.281977939,1
2019-09,EJR + carry,0.007297220657,0.007646568177,0.00175381674,0.0001421362958,0.0002072112241,0.5210933906,1.291332815,1
2019-10,EJR + carry,0.0121706238,0.0126079512,0.001549230951,0.0002266990668,0.0002106283333,1.005640284,1.30704914,1
2019-11,EJR + carry,-0.003747263568,-0.003432807116,0.00134418443,0.0001089217215,0.0002055347311,0.5095473913,1.302151283,1
2019-12,EJR + carry,0.01025498257,0.01048231513,0.00134418443,1.410189102e-05,0.0002132306747,0.01982185662,1.315504821,1
2020-01,EJR + carry,-0.01355348132,-0.01333455253,0.00134418443,1.417386038e-05,0.0002047549342,0.02268494235,1.297675151,1
2020-02,EJR + carry,-0.006460975884,-0.006242455765,0.00134418443,1.251192087e-05,0.000206008198,0.01804127074,1.289290904,1
2020-03,EJR + carry,-0.02736560782,-0.02715323715,0.00134418443,1.016120388e-05,0.0002022094658,0.0118581797,1.254008674,1
2020-04,EJR + carry,-0.003241801886,-0.002904058511,0.0001041070355,0.0001282272327,0.0002095161426,0.5292992123,1.249943427,1
2020-05,EJR + carry,0.007758431535,0.007979408387,0.0001041070355,1.07209683e-05,0.0002102558838,0.02178311323,1.259641027,1
2020-06,EJR + carry,-0.005036534144,-0.004724597382,0.0001041070355,0.000102744335,0.000209192427,0.5090363298,1.253296802,1
2020-07,EJR + carry,0.01497938821,0.01520026793,0.0001041070355,4.432616997e-06,0.0002164471056,0.009806405028,1.272070421,1
2020-08,EJR + carry,-0.01825631525,-0.01802656629,0.0001041070355,1.779946695e-05,0.0002119494913,0.03837325076,1.248847103,1
2020-09,EJR + carry,-0.01084383901,-0.01062760052,0.0001041070355,1.244193817e-05,0.0002037965491,0.03145607998,1.235304806,1
2020-10,EJR + carry,-0.001414447561,-0.001194100865,0.0001041070355,1.138839364e-05,0.0002089583029,0.02200628265,1.233557532,1
2020-11,EJR + carry,0.02091464351,0.02113450206,0.0001041070355,6.228057696e-06,0.000213630486,0.01153793055,1.259356948,1
2020-12,EJR + carry,0.005058244427,0.005290252011,0.0001041070355,1.941221844e-05,0.0002125953654,0.02491400138,1.265727083,1
2021-01,EJR + carry,-0.01386689253,-0.01365171166,0.0001041070355,8.389457154e-06,0.0002067914186,0.0203744881,1.248175382,1
2021-02,EJR + carry,-0.006591962014,-0.006247763437,0.0001041070355,0.0001348400915,0.0002093584851,0.5115981206,1.239947457,1
2021-03,EJR + carry,-0.01340152299,-0.01319320379,0.0001041070355,3.049873912e-06,0.0002052693235,0.009345802924,1.223330273,1
2021-04,EJR + carry,0.009303263183,0.00952806438,0.0001041070355,1.05009774e-05,0.0002143002203,0.02344805821,1.234711236,1
2021-05,EJR + carry,-0.002547003176,-0.002316614807,0.0001041070355,1.923871766e-05,0.0002111496513,0.02838930824,1.231566423,1
2021-06,EJR + carry,0.02485068996,0.02506202078,0.0001041070355,8.37586199e-06,0.0002029549543,0.01557770543,1.262171698,1
2021-07,EJR + carry,-0.00293253108,-0.002710255248,0.0001041070355,1.430597489e-05,0.0002079698572,0.04063338195,1.25847034,1
2021-08,EJR + carry,0.0006706649067,0.0008831995793,0.0001041070355,5.930769514e-06,0.0002066039031,0.009040717541,1.259314352,1
2021-09,EJR + carry,-0.005792807808,-0.005583716751,0.0001041070355,4.23798941e-06,0.000204853068,0.00829226849,1.252019386,1
2021-10,EJR + carry,-0.02260776995,-0.02238595854,0.0001041070355,9.617536618e-06,0.0002121938692,0.01679910309,1.22371402,1
2021-11,EJR + carry,0.019593916,0.01980428538,0.0001041070355,8.026297098e-06,0.0002023430887,0.02602686684,1.24769137,1
2021-12,EJR + carry,-0.002218917328,-0.00200316966,0.0001041070355,7.19096567e-06,0.000208556702,0.02819758269,1.244922846,1
2022-01,EJR + carry,0.01472467999,0.01493632469,0.0001041070355,5.285062435e-06,0.0002063596375,0.01070201464,1.263253936,1
2022-02,EJR + carry,0.01095339086,0.01117253798,0.0001041070355,1.023797645e-05,0.0002089091451,0.02328385982,1.27709085,1
2022-03,EJR + carry,0.007464550172,0.007684771097,0.0001041070355,1.097624015e-05,0.0002092446852,0.01646473983,1.286623759,1
2022-04,EJR + carry,-0.002706816199,-0.002480646474,0.0003119641739,2.490249158e-05,0.0002012672333,0.04198989608,1.283141105,1
2022-05,EJR + carry,0.007688487326,0.007908515242,0.0003119641739,9.421635017e-06,0.0002106062809,0.03408934634,1.293006519,1
2022-06,EJR + carry,-0.02172280379,-0.02151118843,0.0007262586484,8.508346375e-06,0.0002031070139,0.01165767007,1.264918792,1
2022-07,EJR + carry,0.01358924383,0.01381364001,0.00134418443,1.731635712e-05,0.0002070798265,0.02738886121,1.282108082,1
2022-08,EJR + carry,0.005987684853,0.00619562577,0.001957943956,3.738204903e-06,0.0002042027117,0.01230227694,1.289784941,1
2022-09,EJR + carry,3.511113631e-05,0.0002427728367,0.001957943956,6.775734868e-06,0.0002008859655,0.02492321895,1.289830227,1
2022-10,EJR + carry,-0.004464336584,-0.004239268653,0.002567595531,1.437508595e-05,0.0002106928446,0.03651412769,1.284071991,1
2022-11,EJR + carry,0.007225890932,0.007450799687,0.002567595531,1.050583551e-05,0.0002144029197,0.02206798491,1.293350555,1
2022-12,EJR + carry,0.01260220082,0.01281996702,0.003173196228,6.717232896e-06,0.0002110489654,0.02846577624,1.309649619,1
2023-01,EJR + carry,0.01066654217,0.01088114806,0.003574707178,3.954458529e-06,0.0002106514312,0.01773485254,1.323619051,1
2023-02,EJR + carry,0.008768255147,0.009107578844,0.003574707178,0.0001339793433,0.0002053443533,0.5105285988,1.335224881,1
2023-03,EJR + carry,0.007133635271,0.007350885921,0.003774801921,6.254666793e-06,0.0002109959839,0.01482206747,1.344749888,1
2023-04,EJR + carry,0.002617529715,0.002959832636,0.003974458863,0.0001336521749,0.0002086507459,0.5130249512,1.348269811,1
2023-05,EJR + carry,-0.004458401555,-0.004122534431,0.003974458863,0.0001304145449,0.000205452579,0.503785222,1.342258683,1
2023-06,EJR + carry,-0.00369121426,-0.003354555637,0.004173680002,0.000123529072,0.0002131295504,0.4964943796,1.337304118,1
2023-07,EJR + carry,0.01668570422,0.01703770347,0.004173680002,0.0001417512195,0.0002102480298,0.5225157244,1.359617979,1
2023-08,EJR + carry,-9.271714733e-05,0.0002443340191,0.004372467323,0.0001327286151,0.0002043225514,0.5129851693,1.35949192,1
2023-09,EJR + carry,-0.002871710811,-0.002656514829,0.004372467323,8.589425281e-06,0.000206606557,0.0198864768,1.355587852,1
2023-10,EJR + carry,0.006487972809,0.006699085466,0.004372467323,5.729686554e-06,0.00020538297,0.01675001453,1.364382869,1
2023-11,EJR + carry,0.005010253849,0.005227848072,0.004372467323,4.279096077e-06,0.0002133151267,0.01461299968,1.371218774,1
2023-12,EJR + carry,0.01038042452,0.01060333059,0.004372467323,1.0665052e-05,0.0002122410185,0.02340009126,1.385452607,1
2024-01,EJR + carry,-0.003299765685,-0.003087810349,0.004372467323,7.048480466e-06,0.0002049068558,0.01816476241,1.380880938,1
2024-02,EJR + carry,0.002370370552,0.002582623709,0.004372467323,5.269424436e-06,0.0002069837323,0.01704922405,1.384154137,1
2024-03,EJR + carry,0.002449477634,0.00265931513,0.004372467323,1.459640836e-06,0.000208377855,0.007081950443,1.387544592,1
2024-04,EJR + carry,-0.00670158118,-0.006492999779,0.004372467323,2.040225722e-06,0.0002065411752,0.004727974102,1.378245849,1
2024-05,EJR + carry,-0.003338731073,-0.003124584758,0.004372467323,4.148763664e-06,0.0002099975511,0.01093877418,1.373644257,1
2024-06,EJR + carry,-0.01041021181,-0.01020150542,0.004372467323,2.256531487e-06,0.0002064498627,0.008798637296,1.359344329,1
2024-07,EJR + carry,0.01578667221,0.01600567335,0.004372467323,1.04338125e-05,0.0002085673277,0.01472728691,1.380803852,1
2024-08,EJR + carry,0.001130961931,0.001355292934,0.004372467323,1.075737244e-05,0.0002135736297,0.02556389444,1.382365489,1
2024-09,EJR + carry,0.01693597495,0.0171519198,0.004372467323,6.897928311e-06,0.0002090469159,0.02443655576,1.405777196,1
2024-10,EJR + carry,-0.01344767603,-0.01323695227,0.003974458863,8.240059757e-06,0.0002024837036,0.01256662444,1.38687276,1
2024-11,EJR + carry,0.004077744744,0.004296128291,0.003974458863,1.386685437e-05,0.000204516693,0.02915035892,1.392528073,1
2024-12,EJR + carry,0.0006431235575,0.0008624363781,0.003774801921,1.543388115e-05,0.0002038789395,0.02593671063,1.393423641,1
2025-01,EJR + carry,0.02409342434,0.02430697233,0.003574707178,5.737360467e-06,0.0002078106303,0.02211406972,1.426995988,1
2025-02,EJR + carry,0.01084554864,0.01106832903,0.003574707178,1.397512927e-05,0.0002088052546,0.02544619703,1.442472542,1
2025-03,EJR + carry,-0.001438573533,-0.001224106677,0.003574707178,1.629815548e-06,0.0002128370405,0.007413221393,1.440397439,1
2025-04,EJR + carry,0.001224918456,0.001450974888,0.003574707178,8.332124568e-06,0.0002177243073,0.02070148602,1.442161809,1
2025-05,EJR + carry,0.001412117531,0.001637066944,0.003574707178,1.676134506e-05,0.0002081880676,0.04393254136,1.444198311,1
2025-06,EJR + carry,0.001969362742,0.002183271442,0.003574707178,1.067459774e-06,0.0002128412401,0.003209020557,1.447042461,1
2025-07,EJR + carry,0.0009663687675,0.001184464662,0.003574707178,1.341928508e-05,0.0002046766096,0.02329127572,1.448440838,1
2025-08,EJR + carry,0.007932252005,0.008248040055,0.003574707178,0.0001038285835,0.0002119594665,0.5137434569,1.459930235,1
2025-09,EJR + carry,0.01057632804,0.0108940043,0.003574707178,0.0001098813243,0.0002077949388,0.5166213069,1.475370937,1
2025-10,EJR + carry,0.002122274778,0.002431519332,0.003374172623,0.0001051828452,0.0002040617089,0.5044011034,1.478502079,1
2025-11,EJR + carry,0.003410783069,0.003721607845,0.003173196228,0.000102294361,0.0002085304151,0.5091353605,1.483544929,1
2025-12,EJR + carry,-0.01207433074,-0.01185699703,0.003173196228,4.883554887e-06,0.00021245016,0.00824620668,1.465632117,1
2026-01,EJR + carry,0.01497176462,0.01518720328,0.002971775953,4.31867386e-06,0.0002111199941,0.0197450995,1.487575216,1
2026-02,EJR + carry,0.01014426359,0.01036214713,0.002971775953,1.166433793e-05,0.0002062192059,0.01257033748,1.502665571,1
2026-03,EJR + carry,0.01534916458,0.01567911838,0.002971775953,0.0001296222247,0.0002003315736,0.5087900688,1.525730232,1
2026-04,EJR + carry,0.01107011375,0.01129570819,0.002971775953,1.271037487e-05,0.0002128840685,0.03896130312,1.542620239,1
2026-05,EJR + carry,0.001011211139,0.001357326598,0.002971775953,0.0001393304627,0.0002067849968,0.5204535171,1.544180154,1
2026-06,EJR + carry,0.006454495907,0.006659594032,0.002971775953,2.155339642e-06,0.0002029427862,0.008308801325,1.554147059,1
2026-07,EJR + carry,0.008783304255,0.009003461491,0.002971775953,9.547963663e-06,0.0002106092716,0.02676064612,1.567797605,1
2026-08,EJR + carry,-0.005355538089,-0.004639443531,0.002971775953,0.0005058398287,0.0002102547286,1.514059777,1.559401205,1
2010-03,EJR cambial,-0.008071128663,-0.007436283249,0.0001041070355,0.000425,0.0002098454141,1,0.9919288713,1
2010-04,EJR cambial,-0.01138411479,-0.01106135326,0.0001041070355,0.0001097358781,0.0002130256496,0.5115671728,0.9806366392,1
2010-05,EJR cambial,0.01593178201,0.01627194458,0.0001041070355,0.0001413248261,0.0001988377496,0.5267800003,0.9962599284,1
2010-06,EJR cambial,0.01329391515,0.0135243433,0.0001041070355,2.144441713e-05,0.0002089837298,0.0492038066,1.009504123,1
2010-07,EJR cambial,0.01566741318,0.01600850396,0.0001041070355,0.0001286035584,0.0002124872234,0.5148353769,1.025320442,1
2010-08,EJR cambial,-0.003714117047,-0.003499734485,0.0001041070355,9.259441203e-06,0.0002051231203,0.0241832662,1.021512281,1
2010-09,EJR cambial,0.01506933095,0.01529060592,0.0001041070355,5.816993805e-06,0.0002154579772,0.01612267437,1.036905788,1
2010-10,EJR cambial,-0.004589659454,-0.004364721374,0.0001041070355,1.594523195e-05,0.0002089928484,0.03848622342,1.032146744,1
2010-11,EJR cambial,-0.01675524131,-0.01654415717,0.0001041070355,3.943087613e-06,0.0002071410488,0.009617919467,1.014852876,1
2010-12,EJR cambial,-0.005179747567,-0.004957429173,0.0001041070355,7.332983163e-06,0.000214985411,0.01693196334,1.009596194,1
2011-01,EJR cambial,0.01617672421,0.01640291626,0.0001041070355,1.914842893e-05,0.0002070436178,0.03709721361,1.025928153,1
2011-02,EJR cambial,-0.003169092786,-0.002825064099,0.0001041070355,0.0001322773036,0.0002117513833,0.5160393452,1.022676892,1
2011-03,EJR cambial,-0.005365857768,-0.005145308054,0.0001041070355,9.1237319e-06,0.0002114259824,0.02165274471,1.017189353,1
2011-04,EJR cambial,-0.001276261392,-0.000951154674,0.0001041070355,0.0001115322378,0.00021357448,0.521637038,1.015891154,1
2011-05,EJR cambial,0.0004739973696,0.0006935176251,0.0001041070355,1.387444308e-05,0.0002056458125,0.03062166053,1.016372683,1
2011-06,EJR cambial,-0.01135260286,-0.01113865692,0.0001041070355,3.645752636e-06,0.0002103001871,0.01117023891,1.004834208,1
2011-07,EJR cambial,0.008765432678,0.008986119011,0.0001041070355,1.136132777e-05,0.0002093250056,0.02377255979,1.013642014,1
2011-08,EJR cambial,0.01259885095,0.01280587879,0.0001041070355,3.497432477e-06,0.0002035304105,0.01250884981,1.026412739,1
2011-09,EJR cambial,0.0180899657,0.01841003565,0.0001041070355,0.0001326439252,0.0001874260229,0.5180541397,1.04498051,1
2011-10,EJR cambial,-0.01602099548,-0.01574722134,0.0001041070355,4.991451899e-05,0.0002238596203,0.0938003271,1.028238882,1
2011-11,EJR cambial,-0.005828488296,-0.005482689645,0.0001041070355,0.0001439759217,0.0002018227294,0.5816542771,1.022245804,1
2011-12,EJR cambial,-0.006900806933,-0.006459130805,0.0001041070355,0.0002365039419,0.0002051721863,1.0086592,1.015191483,1
2012-01,EJR cambial,-0.01747587111,-0.01712990876,0.0001041070355,0.0001272927906,0.0002186695634,0.4986961965,0.9974501276,1
2012-02,EJR cambial,-0.002501189973,-0.002131878919,0.0001041070355,0.0001578427842,0.0002114682704,0.5559517668,0.9949553153,1
2012-03,EJR cambial,0.01622932042,0.01644037869,0.0001041070355,1.047256669e-05,0.0002005857023,0.02004764944,1.011102764,1
2012-04,EJR cambial,0.004034312361,0.004261594053,0.0001041070355,2.10448873e-05,0.0002062368051,0.0322442496,1.015181868,1
2012-05,EJR cambial,-0.001992720555,-0.00178600501,0.0001041070355,9.511066345e-06,0.0001972044786,0.01682692099,1.013158895,1
2012-06,EJR cambial,0.006544116541,0.006771775714,0.0001041070355,2.058594335e-05,0.0002070732292,0.04963820808,1.019789124,1
2012-07,EJR cambial,-0.0001408119141,0.0001998269996,0.0001041070355,0.0001300394246,0.0002105994891,0.5069684879,1.019645526,1
2012-08,EJR cambial,0.004835221035,0.00517512806,0.0001041070355,0.0001303737161,0.0002095333093,0.5149559994,1.024575737,1
2012-09,EJR cambial,0.005528482874,0.005740777026,0.0001041070355,2.092276257e-06,0.0002102018758,0.009583909897,1.030240087,1
2012-10,EJR cambial,0.003363226572,0.003573680473,0.0001041070355,4.311987044e-06,0.0002061419135,0.01247522969,1.033705018,1
2012-11,EJR cambial,0.004226983183,0.004434222845,0.0001041070355,2.012205266e-06,0.0002052274572,0.008497325799,1.038074471,1
2012-12,EJR cambial,-0.002204074118,-0.001983090297,0.0001041070355,9.800950041e-06,0.0002111828703,0.01346032372,1.035786478,1
2013-01,EJR cambial,-0.02734008191,-0.02701803659,0.0001041070355,0.0001109848298,0.000211060495,0.5172573688,1.007467991,1
2013-02,EJR cambial,-0.01051053063,-0.01028411012,0.0001041070355,1.970714931e-05,0.0002067133645,0.03082346214,0.996878968,1
2013-03,EJR cambial,-0.006048367603,-0.00583306232,0.0001041070355,8.016008575e-06,0.0002072892744,0.01625871695,0.9908494776,1
2013-04,EJR cambial,-0.00536116583,-0.005148847434,0.0001041070355,3.346612411e-06,0.0002089717841,0.01018117993,0.9855373692,1
2013-05,EJR cambial,0.006644403136,0.006850799059,0.0001041070355,6.16935721e-06,0.0002002265655,0.01946216116,0.9920856768,1
2013-06,EJR cambial,0.01518452491,0.0154058853,0.0001041070355,1.845747596e-05,0.0002029029136,0.03531767659,1.007150026,1
2013-07,EJR cambial,0.003445970895,0.003666309011,0.0001041070355,1.353882176e-05,0.0002067992938,0.02210740128,1.010620636,1
2013-08,EJR cambial,0.0149587602,0.01517082572,0.0001041070355,8.992538838e-06,0.0002030729779,0.01486615711,1.025738268,1
2013-09,EJR cambial,-0.006505474309,-0.0062782284,0.0001041070355,1.197612263e-05,0.0002152697872,0.02370610732,1.019065354,1
2013-10,EJR cambial,-0.008162916989,-0.007934089988,0.0001041070355,1.933934836e-05,0.000209487653,0.03785209205,1.010746808,1
2013-11,EJR cambial,0.009195863666,0.009408015188,0.0001041070355,1.065605851e-05,0.0002014954639,0.01235719606,1.020041498,1
2013-12,EJR cambial,0.0003752328396,0.0005988060395,0.0001041070355,1.768182513e-05,0.0002058913748,0.03337318829,1.020424251,1
2014-01,EJR cambial,0.01523755486,0.01554508143,0.0001041070355,0.0001041342381,0.0002033923313,0.5105973662,1.035973021,1
2014-02,EJR cambial,-0.01388104394,-0.01365387813,0.0001041070355,1.190475336e-05,0.0002152610608,0.02507259914,1.021592634,1
2014-03,EJR cambial,-0.01265804763,-0.01242601399,0.0001041070355,2.127137178e-05,0.0002107622741,0.03827100801,1.008661266,1
2014-04,EJR cambial,-0.001191962148,-0.0008697293338,0.0001041070355,0.000112869016,0.0002093637977,0.5172037154,1.00745898,1
2014-05,EJR cambial,-0.0002857744251,2.698722443e-05,0.0001041070355,0.0001049338504,0.0002078277991,0.5094712376,1.007171074,1
2014-06,EJR cambial,-0.001338889581,-0.001121662803,0.0001041070355,7.021823721e-06,0.0002102049546,0.01327992181,1.005822583,1
2014-07,EJR cambial,0.003225925922,0.003437081407,0.0001041070355,7.598934034e-06,0.0002035565516,0.01354443539,1.009067292,1
2014-08,EJR cambial,-0.004361191399,-0.00402242359,0.0001041070355,0.0001314799439,0.0002072878655,0.5123209915,1.004666557,1
2014-09,EJR cambial,0.006212216942,0.006412459257,0.0001041070355,5.403629303e-06,0.0001948386865,0.009165001764,1.010907763,1
2014-10,EJR cambial,-0.009225440645,-0.00889377992,0.0001041070355,0.0001243982318,0.0002072624935,0.5344188221,1.001581694,1
2014-11,EJR cambial,-0.004485191659,-0.004276566246,0.0001041070355,5.398402747e-06,0.0002032270109,0.009081669357,0.997089408,1
2014-12,EJR cambial,-0.001608177155,-0.001396377507,0.0001041070355,9.175400097e-06,0.0002026242478,0.02042319048,0.9954859116,1
2015-01,EJR cambial,0.00749291515,0.007703108253,0.0001041070355,1.122446564e-05,0.0001989686376,0.02263525245,1.002945003,1
2015-02,EJR cambial,0.008491966579,0.008704752872,0.0001041070355,1.105964401e-05,0.0002017266496,0.04386404972,1.011461979,1
2015-03,EJR cambial,0.02515156796,0.02546690701,0.0001041070355,0.0001226379657,0.0001927010871,0.5314205436,1.036901833,1
2015-04,EJR cambial,-0.02625719559,-0.02599484651,0.0001041070355,3.945673687e-05,0.000222892346,0.06858348678,1.009675699,1
2015-05,EJR cambial,-0.001084647122,-0.0008388839645,0.0001041070355,4.469734159e-05,0.0002010658164,0.07781171121,1.008580557,1
2015-06,EJR cambial,0.002854392218,0.003179872917,0.0001041070355,0.0001149812598,0.0002104994392,0.5247188059,1.011459442,1
2015-07,EJR cambial,0.004503253565,0.004810679127,0.0001041070355,0.0001084493851,0.0001989761766,0.5161742034,1.0160143,1
2015-08,EJR cambial,0.02799877041,0.02822270006,0.0001041070355,2.399869813e-05,0.0001999309523,0.03936353354,1.044461451,1
2015-09,EJR cambial,0.0290356299,0.02925672029,0.0001041070355,2.413265054e-05,0.000196957742,0.03386853691,1.074788047,1
2015-10,EJR cambial,-0.003546514356,-0.00306139836,0.0001041070355,0.000277346283,0.000207769713,0.4933085455,1.070976296,1
2015-11,EJR cambial,0.01456462802,0.01509218857,0.0001041070355,0.0003256081626,0.0002019523804,0.5044295782,1.086574667,1
2015-12,EJR cambial,0.01306602758,0.01337114693,0.0001041070355,0.0001018784164,0.0002032409328,0.5049974717,1.100771882,1
2016-01,EJR cambial,0.006949144363,0.007473889054,0.0003119641739,0.0003215822777,0.0002031624134,0.5130959281,1.108421305,1
2016-02,EJR cambial,0.03299305808,0.03362313273,0.0003119641739,0.0004252199588,0.0002048546851,1.003737036,1.144991513,1
2016-03,EJR cambial,0.009385257794,0.009609886507,0.0003119641739,7.576990376e-06,0.0002170517232,0.03412647309,1.155737554,1
2016-04,EJR cambial,0.0153484586,0.01568977003,0.0003119641739,0.0001293476907,0.0002119637423,0.5427718376,1.173476344,1
2016-05,EJR cambial,-0.004821450782,-0.00398451703,0.0003119641739,0.0006351471295,0.0002017866229,1.017238265,1.167818485,1
2016-06,EJR cambial,-0.01531718556,-0.01508973727,0.0003119641739,7.619550196e-06,0.0002198287351,0.02537720974,1.149930793,1
2016-07,EJR cambial,6.190525617e-05,0.0003068389163,0.0003119641739,3.98961177e-05,0.0002050375425,0.06436693574,1.15000198,1
2016-08,EJR cambial,-0.007027698446,-0.006714637425,0.0003119641739,0.0001026036726,0.0002104573479,0.5072218364,1.141920112,1
2016-09,EJR cambial,-0.006189606102,-0.005971839067,0.0003119641739,1.021121654e-05,0.0002075558187,0.01618213566,1.134852077,1
2016-10,EJR cambial,-0.02979862104,-0.02958583888,0.0003119641739,4.25854771e-06,0.0002085236135,0.006322939748,1.10103505,1
2016-11,EJR cambial,0.01506057163,0.01528148411,0.0003119641739,1.901883826e-05,0.0002018936442,0.03081607973,1.117617267,1
2016-12,EJR cambial,-0.01266762933,-0.01243503063,0.0003119641739,2.032277607e-05,0.0002122759218,0.03090720991,1.103459706,1
2017-01,EJR cambial,-0.009636086325,-0.009400720121,0.0005193472934,1.93649549e-05,0.000216001249,0.02521288079,1.092826673,1
2017-02,EJR cambial,-0.009855145143,-0.009624444979,0.0005193472934,2.263104665e-05,0.0002080691177,0.04278128548,1.082056707,1
2017-03,EJR cambial,0.0103392102,0.01055269798,0.0005193472934,8.454665627e-06,0.0002050331153,0.0125732636,1.093244319,1
2017-04,EJR cambial,0.01645782698,0.01667007778,0.0007262586484,6.710264291e-06,0.0002055405377,0.01200132499,1.111236745,1
2017-05,EJR cambial,0.002141746285,0.002355101382,0.0007262586484,6.027527277e-06,0.0002073275703,0.01819291145,1.113616732,1
2017-06,EJR cambial,0.00719713406,0.007511865734,0.0007262586484,0.0001059937964,0.0002087378777,0.5121105209,1.121631581,1
2017-07,EJR cambial,-0.008893388583,-0.008671755423,0.0009327004774,5.115155356e-06,0.0002165180046,0.01144534635,1.111656475,1
2017-08,EJR cambial,-0.005918843127,-0.005561980945,0.0009327004774,0.000148601651,0.0002082605307,0.5430773803,1.105076755,1
2017-09,EJR cambial,0.002314547526,0.002626649124,0.0009327004774,0.0001027207855,0.0002093808124,0.5093831125,1.107634508,1
2017-10,EJR cambial,0.004317450144,0.004626016519,0.0009327004774,0.0001043415729,0.0002042248017,0.5191671342,1.112416665,1
2017-11,EJR cambial,0.004885385141,0.005200153709,0.0009327004774,0.0001061553734,0.0002086131944,0.5078073298,1.117851248,1
2017-12,EJR cambial,0.0003474333664,0.0006569629427,0.0009327004774,0.0001014801035,0.0002080494729,0.5041489389,1.118239627,1
2018-01,EJR cambial,-0.002126972659,-0.001781371447,0.001138675003,0.0001282153664,0.0002173858454,0.50681004,1.115861162,1
2018-02,EJR cambial,0.008863376326,0.009213618387,0.001138675003,0.0001466096321,0.0002036324291,0.5455458024,1.12575146,1
2018-03,EJR cambial,0.009757589454,0.009975023882,0.001138675003,1.067175738e-05,0.00020676267,0.02463876097,1.13673608,1
2018-04,EJR cambial,-0.001289901858,-0.0009553011373,0.00134418443,0.0001327801353,0.0002018205858,0.5109044361,1.135269802,1
2018-05,EJR cambial,0.02382907681,0.02404122185,0.00134418443,1.42833509e-05,0.000197861686,0.02995506987,1.162322233,1
2018-06,EJR cambial,-0.0009588102743,-0.0007264870294,0.00134418443,2.76113576e-05,0.0002047118873,0.04796555228,1.161207787,1
2018-07,EJR cambial,-0.0002801745094,0.0002267110251,0.001549230951,0.0002961712603,0.0002107142742,0.5035132202,1.160882446,1
2018-08,EJR cambial,-0.005786973874,-0.0055759399,0.001549230951,3.487876563e-06,0.0002075460971,0.01421608436,1.15416445,1
2018-09,EJR cambial,0.002260210629,0.002471829496,0.001549230951,3.747254114e-06,0.0002078716128,0.01423088171,1.156773104,1
2018-10,EJR cambial,0.001483409802,0.001691848916,0.00175381674,3.323033006e-06,0.000205116081,0.01400893443,1.158489073,1
2018-11,EJR cambial,0.005825259417,0.006036672055,0.00175381674,4.122849704e-06,0.0002072897883,0.01651154054,1.165237572,1
2018-12,EJR cambial,0.01862598382,0.01913289193,0.00175381674,0.0003016066458,0.0002053014612,0.5073683905,1.186941269,1
2019-01,EJR cambial,-0.01486827382,-0.0145495878,0.001957943956,0.0001036975624,0.0002149884618,0.4993361346,1.169293501,1
2019-02,EJR cambial,0.006701885939,0.007030639151,0.001957943956,0.0001232944912,0.0002054587206,0.5334250054,1.177129972,1
2019-03,EJR cambial,0.01298677657,0.01329755655,0.001957943956,0.0001085004637,0.0002022795138,0.5168264456,1.192417096,1
2019-04,EJR cambial,-0.005027326753,-0.00480371982,0.001957943956,1.602555089e-05,0.0002075813819,0.02798670381,1.186422426,1
2019-05,EJR cambial,0.01029509477,0.01060370044,0.001957943956,0.0001027501639,0.0002058555095,0.5067958286,1.198636757,1
2019-06,EJR cambial,-0.003652101027,-0.003140135477,0.001957943956,0.0002977691349,0.0002141964149,0.5068510731,1.194259215,1
2019-07,EJR cambial,-0.009979061108,-0.009667051839,0.001957943956,0.0001062601811,0.0002057490881,0.5273756329,1.182341629,1
2019-08,EJR cambial,0.01878424452,0.01928499011,0.001957943956,0.0003028445069,0.0001979010899,0.5117421716,1.204551023,1
2019-09,EJR cambial,0.001715693248,0.001955299478,0.00175381674,3.105370823e-05,0.0002085525221,0.04752925733,1.206617663,1
2019-10,EJR cambial,0.01116861618,0.01168155,0.001549230951,0.0003013265265,0.0002116073006,0.5036835387,1.220093913,1
2019-11,EJR cambial,0.008479392729,0.008688384605,0.00134418443,3.457145274e-06,0.0002055347311,0.01632030278,1.230439569,1
2019-12,EJR cambial,-0.001451963163,-0.001137196856,0.00134418443,0.000101535633,0.0002132306747,0.5075990221,1.228653016,1
2020-01,EJR cambial,-0.0007438002526,-0.0005337029452,0.00134418443,5.342373218e-06,0.0002047549342,0.02303846077,1.227739143,1
2020-02,EJR cambial,0.005189732083,0.005400226005,0.00134418443,4.485723581e-06,0.000206008198,0.01781883385,1.23411078,1
2020-03,EJR cambial,-0.02765770817,-0.02715323715,0.00134418443,0.0003022615543,0.0002022094658,0.5098532372,1.199978105,1
2020-04,EJR cambial,-0.005612916522,-0.005371368062,0.0001041070355,3.103275193e-05,0.0002105157075,0.04363117156,1.193242728,1
2020-05,EJR cambial,0.003753655407,0.003976377631,0.0001041070355,1.082549248e-05,0.0002118967321,0.02431629155,1.19772175,1
2020-06,EJR cambial,-0.004939038371,-0.004724597382,0.0001041070355,5.248561471e-06,0.000209192427,0.01705024372,1.191806156,1
2020-07,EJR cambial,0.01497938129,0.01520026793,0.0001041070355,4.439531168e-06,0.0002164471056,0.00975645435,1.209658675,1
2020-08,EJR cambial,-0.01825631525,-0.01802656629,0.0001041070355,1.779946996e-05,0.0002119494913,0.03837325783,1.187574765,1
2020-09,EJR cambial,-0.01084383901,-0.01062760052,0.0001041070355,1.244193817e-05,0.0002037965491,0.03145607998,1.174696895,1
2020-10,EJR cambial,-0.001414447561,-0.001194100865,0.0001041070355,1.138839364e-05,0.0002089583029,0.02200628265,1.173035348,1
2020-11,EJR cambial,0.02091464351,0.02113450206,0.0001041070355,6.228057696e-06,0.000213630486,0.01153793055,1.197568964,1
2020-12,EJR cambial,0.005058244427,0.005290252011,0.0001041070355,1.941221844e-05,0.0002125953654,0.02491400138,1.203626561,1
2021-01,EJR cambial,-0.01386689253,-0.01365171166,0.0001041070355,8.389457154e-06,0.0002067914186,0.0203744881,1.186936,1
2021-02,EJR cambial,-0.006591962014,-0.006247763437,0.0001041070355,0.0001348400915,0.0002093584851,0.5115981206,1.179111763,1
2021-03,EJR cambial,-0.01340152299,-0.01319320379,0.0001041070355,3.049873912e-06,0.0002052693235,0.009345802924,1.16330987,1
2021-04,EJR cambial,0.009303263183,0.00952806438,0.0001041070355,1.05009774e-05,0.0002143002203,0.02344805821,1.174132448,1
2021-05,EJR cambial,-0.002547003176,-0.002316614807,0.0001041070355,1.923871766e-05,0.0002111496513,0.02838930824,1.171141929,1
2021-06,EJR cambial,0.02485068996,0.02506202078,0.0001041070355,8.37586199e-06,0.0002029549543,0.01557770543,1.200245614,1
2021-07,EJR cambial,-0.00293253108,-0.002710255248,0.0001041070355,1.430597489e-05,0.0002079698572,0.04063338195,1.196725856,1
2021-08,EJR cambial,0.0006706649067,0.0008831995793,0.0001041070355,5.930769514e-06,0.0002066039031,0.009040717541,1.197528458,1
2021-09,EJR cambial,-0.005792807808,-0.005583716751,0.0001041070355,4.23798941e-06,0.000204853068,0.00829226849,1.190591406,1
2021-10,EJR cambial,-0.02260776995,-0.02238595854,0.0001041070355,9.617536618e-06,0.0002121938692,0.01679910309,1.163674789,1
2021-11,EJR cambial,0.019593916,0.01980428538,0.0001041070355,8.026297098e-06,0.0002023430887,0.02602686684,1.186475736,1
2021-12,EJR cambial,-0.002218917328,-0.00200316966,0.0001041070355,7.19096567e-06,0.000208556702,0.02819758269,1.183843044,1
2022-01,EJR cambial,0.01472467999,0.01493632469,0.0001041070355,5.285062435e-06,0.0002063596375,0.01070201464,1.201274754,1
2022-02,EJR cambial,0.01095339086,0.01117253798,0.0001041070355,1.023797645e-05,0.0002089091451,0.02328385982,1.214432786,1
2022-03,EJR cambial,0.007464550172,0.007684771097,0.0001041070355,1.097624015e-05,0.0002092446852,0.01646473983,1.22349798,1
2022-04,EJR cambial,-0.01079334838,-0.01024217865,0.0003119641739,0.0003499024916,0.0002012672333,0.5419898961,1.21029234,1
2022-05,EJR cambial,-0.00297629707,-0.00275797451,0.0003119641739,7.716278677e-06,0.0002106062809,0.03403947264,1.206690151,1
2022-06,EJR cambial,-0.0144433468,-0.01423791867,0.0007262586484,2.321121614e-06,0.0002031070139,0.01149532219,1.189261507,1
2022-07,EJR cambial,0.01218116626,0.01239431671,0.00134418443,6.07062501e-06,0.0002070798265,0.02577532301,1.203748099,1
2022-08,EJR cambial,-0.009152545927,-0.00894610529,0.001957943956,2.237924678e-06,0.0002042027117,0.01091714868,1.192730739,1
2022-09,EJR cambial,-0.002212820923,-0.002006864224,0.001957943956,5.070733047e-06,0.0002008859655,0.02075941419,1.190091439,1
2022-10,EJR cambial,-0.006338126319,-0.00611905869,0.002567595531,8.374783842e-06,0.0002106928446,0.03659809979,1.182548489,1
2022-11,EJR cambial,0.01536169861,0.0155809546,0.002567595531,4.853069362e-06,0.0002144029197,0.02116068995,1.200714443,1
2022-12,EJR cambial,0.01211599758,0.01233347806,0.003173196228,6.431513568e-06,0.0002110489654,0.02852066195,1.215262296,1
2023-01,EJR cambial,-0.001317707572,-0.001103540658,0.003574707178,3.515483183e-06,0.0002106514312,0.0175028983,1.213660936,1
2023-02,EJR cambial,-0.0008467833424,-0.0006392128296,0.003574707178,2.22615948e-06,0.0002053443533,0.0109781214,1.212633228,1
2023-03,EJR cambial,0.00450481336,0.004719710883,0.003774801921,3.901539926e-06,0.0002109959839,0.01862547328,1.218095914,1
2023-04,EJR cambial,-0.002266256214,-0.002055101143,0.003974458863,2.504325591e-06,0.0002086507459,0.01206130726,1.215335397,1
2023-05,EJR cambial,-0.009256187319,-0.009048423714,0.003974458863,2.311025758e-06,0.000205452579,0.01053124475,1.204086025,1
2023-06,EJR cambial,-0.01672963547,-0.01651133886,0.004173680002,5.167063947e-06,0.0002131295504,0.02095811848,1.183942105,1
2023-07,EJR cambial,0.01103290055,0.01125007974,0.004173680002,6.931160827e-06,0.0002102480298,0.03193203521,1.19700442,1
2023-08,EJR cambial,-0.00222510717,-0.002018133509,0.004372467323,2.651109099e-06,0.0002043225514,0.01012886341,1.194340957,1
2023-09,EJR cambial,0.001843397221,0.002054766718,0.004372467323,4.762939939e-06,0.000206606557,0.02005934468,1.196542602,1
2023-10,EJR cambial,0.001714876156,0.001923406183,0.004372467323,3.147056974e-06,0.00020538297,0.01545258491,1.198594524,1
2023-11,EJR cambial,0.01338739999,0.0136045722,0.004372467323,3.857086027e-06,0.0002133151267,0.01664544417,1.214640589,1
2023-12,EJR cambial,0.01467556184,0.014893806,0.004372467323,6.003136831e-06,0.0002122410185,0.02320623845,1.232466122,1
2024-01,EJR cambial,-0.007930828467,-0.007721515528,0.004372467323,4.406083678e-06,0.0002049068558,0.01831966609,1.222691644,1
2024-02,EJR cambial,0.00347727732,0.003688271253,0.004372467323,4.01020019e-06,0.0002069837323,0.01713147479,1.226943282,1
2024-03,EJR cambial,-0.005801165319,-0.005590953961,0.004372467323,1.833503288e-06,0.000208377855,0.008727490313,1.219825581,1
2024-04,EJR cambial,-0.008754844589,-0.008545814695,0.004372467323,2.488718538e-06,0.0002065411752,0.010021558,1.209146198,1
2024-05,EJR cambial,0.009452538996,0.009665543966,0.004372467323,3.007419168e-06,0.0002099975511,0.01303237847,1.220575699,1
2024-06,EJR cambial,0.0001645145767,0.0003745476794,0.004372467323,3.583239981e-06,0.0002064498627,0.01347152361,1.220776502,1
2024-07,EJR cambial,0.01713874526,0.01734935743,0.004372467323,2.044841026e-06,0.0002085673277,0.009559000473,1.241699079,1
2024-08,EJR cambial,0.0008147734222,0.001355292934,0.004372467323,0.0003269458818,0.0002135736297,0.5127582301,1.242710783,1
2024-09,EJR cambial,0.01176753186,0.01208566632,0.004372467323,0.00010702648,0.0002111079865,0.5247602071,1.257334422,1
2024-10,EJR cambial,-0.01299865801,-0.01278709643,0.003974458863,9.325013391e-06,0.000202236565,0.01273679168,1.240990761,1
2024-11,EJR cambial,0.007791624087,0.008008630699,0.003974458863,1.413367458e-05,0.0002028729372,0.0300478094,1.250660095,1
2024-12,EJR cambial,-0.002919932984,-0.002697438212,0.003774801921,1.721931444e-05,0.0002052754573,0.03136751213,1.247008251,1
2025-01,EJR cambial,0.02441523949,0.02462640749,0.003574707178,3.614406589e-06,0.0002075535949,0.01504930363,1.277454256,1
2025-02,EJR cambial,0.007715487565,0.007939446625,0.003574707178,1.400168891e-05,0.0002099573709,0.02590709778,1.287310439,1
2025-03,EJR cambial,-0.007474846134,-0.007256995947,0.003574707178,2.634631101e-06,0.0002152155565,0.009328917491,1.277687991,1
2025-04,EJR cambial,0.002676736077,0.002905735465,0.003574707178,1.203115613e-05,0.0002169682319,0.03298744334,1.281108025,1
2025-05,EJR cambial,-0.0009433427813,-0.0007184558456,0.003574707178,1.586772347e-05,0.0002090192122,0.04097011077,1.279899501,1
2025-06,EJR cambial,-4.818542906e-06,0.0002096616542,0.003574707178,9.4641472e-07,0.0002135337824,0.004507685306,1.279893334,1
2025-07,EJR cambial,0.006254674676,0.006471464498,0.003574707178,1.44327584e-05,0.0002023570633,0.02629797183,1.28789865,1
2025-08,EJR cambial,0.008028080165,0.008248040055,0.003574707178,8.000424008e-06,0.0002119594665,0.02937560092,1.298238004,1
2025-09,EJR cambial,0.007466554813,0.007685421034,0.003574707178,9.842358985e-06,0.0002090238625,0.01652466187,1.307931369,1
2025-10,EJR cambial,0.00222040876,0.002431519332,0.003374172623,7.048862772e-06,0.0002040617089,0.01057806023,1.310835511,1
2025-11,EJR cambial,0.001270347517,0.001484388821,0.003173196228,4.729087885e-06,0.0002093122165,0.02121130705,1.312500728,1
2025-12,EJR cambial,-0.01126462673,-0.01104682323,0.003173196228,5.840490334e-06,0.0002119630073,0.01085859373,1.297715897,1
2026-01,EJR cambial,0.01227867167,0.01249501522,0.002971775953,4.233149251e-06,0.0002121103989,0.01850006112,1.313650124,1
2026-02,EJR cambial,0.01241304913,0.01263142068,0.002971775953,1.321996716e-05,0.0002051515859,0.01756633906,1.329956528,1
2026-03,EJR cambial,0.006620292071,0.006830855535,0.002971775953,6.716661571e-06,0.0002038468025,0.0215353144,1.338761229,1
2026-04,EJR cambial,0.01210473722,0.0123230063,0.002971775953,5.984950695e-06,0.0002122841253,0.0218376198,1.354966582,1
2026-05,EJR cambial,0.0009675845046,0.001513067996,0.002971775953,0.0003382998066,0.0002071836852,0.5183953474,1.356277626,1
2026-06,EJR cambial,-0.006050725591,-0.005844697904,0.002971775953,1.522711619e-06,0.0002045049753,0.007208959857,1.348071162,1
2026-07,EJR cambial,0.004215904056,0.004431497202,0.002971775953,4.853662302e-06,0.0002107394831,0.0189355863,1.353754501,1
2026-08,EJR cambial,-0.002375718045,-0.001936482821,0.002971775953,0.0002289804953,0.0002102547286,1.018041949,1.350538362,1
2010-03,Carry,0.0189952312,0.0195980511,0.0001041070355,0.0004,0.0002028198971,1,1.018995231,1
2010-04,Carry,0.01869895678,0.01891268644,0.0001041070355,7.832995959e-06,0.0002058966561,0.0299500019,1.038049379,1
2010-05,Carry,-0.01306843193,-0.01285556363,0.0001041070355,9.03027789e-06,0.0002038380185,0.02254359991,1.024483701,1
2010-06,Carry,0.005507710427,0.005734111873,0.0001041070355,1.502104035e-05,0.0002113804051,0.04476632047,1.030126261,1
2010-07,Carry,-0.004269276368,-0.004045882059,0.0001041070355,5.96991624e-06,0.0002174243926,0.01889896755,1.025728367,1
2010-08,Carry,-0.004968631987,-0.004644696084,0.0001041070355,0.0001159122289,0.0002080236742,0.5440961016,1.0206319,1
2010-09,Carry,-0.003246265405,-0.003021834096,0.0001041070355,6.712809336e-06,0.0002177184997,0.02158571457,1.017318658,1
2010-10,Carry,-0.008047540538,-0.007815414741,0.0001041070355,1.889098138e-05,0.0002132348162,0.04546882754,1.009131745,1
2010-11,Carry,0.0241143407,0.02431977516,0.0001041070355,7.443041374e-06,0.0001979914221,0.02400249095,1.033466292,1
2010-12,Carry,0.009462109146,0.009813556892,0.0001041070355,0.0001369352518,0.0002145124943,0.5356557351,1.043245063,1
2011-01,Carry,0.005025512204,0.005249596684,0.0001041070355,1.424957084e-05,0.0002098349087,0.02977123418,1.048487904,1
2011-02,Carry,0.007926485768,0.008142126381,0.0001041070355,5.862283959e-06,0.0002097783289,0.01844700598,1.056798728,1
2011-03,Carry,0.005085691804,0.005300520796,0.0001041070355,4.835020709e-06,0.0002099939717,0.009291237331,1.062173281,1
2011-04,Carry,0.005189534531,0.005412999123,0.0001041070355,8.31863057e-06,0.0002151459618,0.01615997592,1.067685466,1
2011-05,Carry,0.003440909333,0.003659623496,0.0001041070355,1.407237649e-05,0.0002046417864,0.03278499287,1.071359274,1
2011-06,Carry,-0.00551459126,-0.00529892128,0.0001041070355,5.478494204e-06,0.0002101914849,0.01935790888,1.065451166,1
2011-07,Carry,-0.005366516445,-0.005146047535,0.0001041070355,9.657463329e-06,0.000210811447,0.01891787501,1.059733405,1
2011-08,Carry,-0.007878976264,-0.007662650516,0.0001041070355,5.178505181e-06,0.0002111472428,0.01612003721,1.05138379,1
2011-09,Carry,-0.03851000266,-0.0382037159,0.0001041070355,0.0001031384632,0.0002031483025,0.5140784208,1.010894998,1
2011-10,Carry,0.04032406085,0.04056226619,0.0001041070355,2.8356208e-05,0.0002098491362,0.04306423725,1.051658389,1
2011-11,Carry,-0.02502085873,-0.02479243219,0.0001041070355,2.17395327e-05,0.0002066870066,0.03888995812,1.025344993,1
2011-12,Carry,-0.004526793705,-0.00430648774,0.0001041070355,1.313521634e-05,0.0002071707486,0.02553545832,1.020703468,1
2012-01,Carry,0.01803940712,0.01835511957,0.0001041070355,0.0001040164755,0.0002116959707,0.5044306514,1.039116353,1
2012-02,Carry,0.02232905122,0.02255110841,0.0001041070355,1.668122613e-05,0.0002053759597,0.01816750606,1.062318836,1
2012-03,Carry,-0.01004710039,-0.009835589689,0.0001041070355,6.074748922e-06,0.0002054359532,0.02195672846,1.051645612,1
2012-04,Carry,-0.01462195909,-0.01439932508,0.0001041070355,1.290348359e-05,0.0002097305247,0.01605715631,1.036268493,1
2012-05,Carry,-0.01949347094,-0.019284232,0.0001041070355,5.492467256e-06,0.0002037464703,0.01471864758,1.016068023,1
2012-06,Carry,0.005522847491,0.005748388189,0.0001041070355,1.667455855e-05,0.0002088661395,0.04103126934,1.021679612,1
2012-07,Carry,0.01002492186,0.01024064615,0.0001041070355,8.115216339e-06,0.0002076090785,0.01908529044,1.03192187,1
2012-08,Carry,0.003266093048,0.003480347133,0.0001041070355,3.541252192e-06,0.0002107128329,0.01440340736,1.035292223,1
2012-09,Carry,-0.002321217471,-0.002104941426,0.0001041070355,4.173101052e-06,0.0002121029438,0.01500383115,1.032889084,1
2012-10,Carry,0.004012533375,0.0042258829,0.0001041070355,7.440492557e-06,0.0002059090319,0.01828790476,1.037033586,1
2012-11,Carry,-0.001045154471,-0.000837373873,0.0001041070355,3.040539996e-06,0.0002047400583,0.01233607934,1.035949726,1
2012-12,Carry,0.02131012306,0.02152568923,0.0001041070355,9.708847669e-06,0.0002058573206,0.01737951917,1.058025942,1
2013-01,Carry,0.02168668703,0.02189929826,0.0001041070355,7.079846147e-06,0.0002055313899,0.02097461066,1.08097102,1
2013-02,Carry,0.01191681089,0.01212863039,0.0001041070355,8.083488989e-06,0.0002037360086,0.02392407817,1.093852747,1
2013-03,Carry,0.005399676503,0.005608226729,0.0001041070355,5.190032977e-06,0.0002033601932,0.02223260173,1.099759198,1
2013-04,Carry,0.003769245616,0.003985265866,0.0001041070355,8.753792644e-06,0.0002072664577,0.02360539498,1.10390446,1
2013-05,Carry,-0.00656109408,-0.006352830734,0.0001041070355,3.460292491e-06,0.0002048030533,0.01456830793,1.096661639,1
2013-06,Carry,-0.01679626357,-0.01657338639,0.0001041070355,1.248406807e-05,0.0002103931076,0.01768457993,1.078241821,1
2013-07,Carry,-0.007262619145,-0.007045245889,0.0001041070355,6.430150978e-06,0.0002109431051,0.01747917209,1.070410962,1
2013-08,Carry,-0.00565721508,-0.00544030576,0.0001041070355,9.211627991e-06,0.0002076976919,0.02257943916,1.064355417,1
2013-09,Carry,0.01413708559,0.01435261507,0.0001041070355,4.373684123e-06,0.0002111557952,0.005575957185,1.0794023,1
2013-10,Carry,0.00559550001,0.005815527012,0.0001041070355,1.133114087e-05,0.0002086958609,0.01713801693,1.085442096,1
2013-11,Carry,-0.004465890191,-0.004253547864,0.0001041070355,8.364580625e-06,0.000203977747,0.0136941237,1.080594631,1
2013-12,Carry,0.005377383292,0.005597477444,0.0001041070355,1.302417695e-05,0.0002070699746,0.02200120838,1.086405402,1
2014-01,Carry,-0.01138540354,-0.01116962708,0.0001041070355,6.726804668e-06,0.0002090496508,0.01686595262,1.074036238,1
2014-02,Carry,0.008561557125,0.008901522128,0.0001041070355,0.0001289462645,0.0002110187389,0.5121716102,1.083231661,1
2014-03,Carry,0.01430342274,0.01452208894,0.0001041070355,1.201667986e-05,0.0002066495222,0.01576468932,1.098725581,1
2014-04,Carry,0.002403238513,0.002620123681,0.0001041070355,7.357352633e-06,0.000209527815,0.01747974296,1.101366081,1
2014-05,Carry,0.01070334019,0.01091424397,0.0001041070355,3.481522292e-06,0.0002074222565,0.005850686983,1.113154377,1
2014-06,Carry,0.00774767406,0.007961010742,0.0001041070355,4.282954262e-06,0.0002090537281,0.01069565767,1.121778734,1
2014-07,Carry,-0.0007560764371,-0.0005468187173,0.0001041070355,4.601913609e-06,0.0002046558062,0.007796498974,1.120930584,1
2014-08,Carry,0.01103655365,0.0112490749,0.0001041070355,6.750205906e-06,0.0002057710417,0.01757730293,1.133301794,1
2014-09,Carry,-0.001267231133,-0.001066174495,0.0001041070355,3.000241056e-06,0.000198056397,0.01304816922,1.131865639,1
2014-10,Carry,0.005744412468,0.005974998738,0.0001041070355,2.476078457e-05,0.0002058254856,0.04930698306,1.138367542,1
2014-11,Carry,0.004331660752,0.004536939813,0.0001041070355,2.907191662e-06,0.0002023718699,0.01278793462,1.143298564,1
2014-12,Carry,0.005444716925,0.005777634272,0.0001041070355,0.0001316616121,0.0002012557347,0.4994550174,1.149523501,1
2015-01,Carry,0.01360161601,0.01381089056,0.0001041070355,1.495706625e-05,0.000194317482,0.03364161864,1.165158878,1
2015-02,Carry,-0.01046286943,-0.01023892525,0.0001041070355,1.689829971e-05,0.0002070458787,0.06634617026,1.152967973,1
2015-03,Carry,-0.01159251704,-0.0113747113,0.0001041070355,1.753761715e-05,0.0002002681197,0.0249285426,1.139602172,1
2015-04,Carry,0.0224077233,0.0226506345,0.0001041070355,2.616724892e-05,0.0002167439497,0.03917352925,1.165138062,1
2015-05,Carry,-0.009583336268,-0.009354641346,0.0001041070355,2.492478777e-05,0.0002037701342,0.03943097311,1.153972152,1
2015-06,Carry,-0.005112895111,-0.004886481194,0.0001041070355,1.26278941e-05,0.0002137860233,0.02217486096,1.148072014,1
2015-07,Carry,-0.01413023921,-0.01391640124,0.0001041070355,1.230548117e-05,0.0002015324946,0.02623662576,1.131849482,1
2015-08,Carry,-0.0289612116,-0.02872981173,0.0001041070355,1.881505555e-05,0.0002125848213,0.03318450164,1.099069749,1
2015-09,Carry,-0.02578816594,-0.02556403987,0.0001041070355,1.496605966e-05,0.0002091600174,0.03686972272,1.070726756,1
2015-10,Carry,0.02319129332,0.02341575406,0.0001041070355,1.934947704e-05,0.0002051112599,0.03341327143,1.095558294,1
2015-11,Carry,0.01643272137,0.01664446324,0.0001041070355,9.740029473e-06,0.0002020018395,0.02483950565,1.113561299,1
2015-12,Carry,-0.02860728933,-0.02838499078,0.0001041070355,7.695624948e-06,0.000214602924,0.03128774446,1.081705328,1
2016-01,Carry,-0.00337899427,-0.003160984092,0.0003119641739,1.082017446e-05,0.0002071900033,0.03503865117,1.078050252,1
2016-02,Carry,0.01770786532,0.01791982343,0.0003119641739,3.94108557e-06,0.0002080170208,0.008961433371,1.097140221,1
2016-03,Carry,0.01531911836,0.0155442478,0.0003119641739,6.145947502e-06,0.0002189835008,0.01730148685,1.113947442,1
2016-04,Carry,0.01869508596,0.01893488246,0.0003119641739,3.049196643e-05,0.0002093045321,0.04991775712,1.134772785,1
2016-05,Carry,0.001523919838,0.001736320701,0.0003119641739,9.955787799e-06,0.0002024450746,0.01828115061,1.136502088,1
2016-06,Carry,0.03690724595,0.03712283294,0.0003119641739,9.69040309e-06,0.0002058965808,0.02868438801,1.17844725,1
2016-07,Carry,-0.001546485252,-0.001312562884,0.0003119641739,2.694214302e-05,0.0002069802243,0.05047201911,1.176624799,1
2016-08,Carry,0.006115164529,0.006326828449,0.0003119641739,2.410765525e-06,0.0002092531552,0.008060205533,1.183820053,1
2016-09,Carry,0.002742408451,0.002955341896,0.0003119641739,5.198278167e-06,0.0002077351669,0.00626885477,1.187066571,1
2016-10,Carry,0.01938931977,0.01959374941,0.0003119641739,2.636400891e-06,0.0002017932409,0.006139688451,1.210082984,1
2016-11,Carry,-0.001061493106,-0.0008467631865,0.0003119641739,1.11618775e-05,0.0002035680415,0.03685366183,1.208798489,1
2016-12,Carry,0.01190373314,0.01212806727,0.0003119641739,1.566660022e-05,0.0002086675359,0.02464177774,1.223187704,1
2017-01,Carry,0.008908435644,0.009134704197,0.0005193472934,1.255854815e-05,0.0002137100047,0.02016857805,1.234084393,1
2017-02,Carry,0.01288837024,0.01310704975,0.0005193472934,1.46618778e-05,0.0002040176323,0.02490734438,1.24998973,1
2017-03,Carry,-0.01032569871,-0.01010858419,0.0005193472934,6.544014962e-06,0.000210570505,0.02333425263,1.237082712,1
2017-04,Carry,-0.0120254589,-0.01181067581,0.0007262586484,2.89366766e-06,0.0002118894258,0.01073881728,1.222206225,1
2017-05,Carry,-0.009481934242,-0.009261128073,0.0007262586484,8.285410623e-06,0.0002125207579,0.02128241716,1.210617346,1
2017-06,Carry,-0.002035410524,-0.001816322902,0.0007262586484,5.933357289e-06,0.0002131542654,0.021866839,1.208153243,1
2017-07,Carry,0.009186304028,0.009407403699,0.0009327004774,5.922043646e-06,0.0002151776277,0.02344401496,1.219251706,1
2017-08,Carry,-0.008889582368,-0.008661858329,0.0009327004774,1.697951946e-05,0.00021074452,0.03146362707,1.208413067,1
2017-09,Carry,0.0105443738,0.01075526227,0.0009327004774,4.692004412e-06,0.0002061964695,0.01329604097,1.221155026,1
2017-10,Carry,-0.002890380664,-0.002680104973,0.0009327004774,5.881951996e-06,0.0002043937388,0.0150520658,1.217625423,1
2017-11,Carry,-0.001167146276,-0.0009492301951,0.0009327004774,7.722381145e-06,0.0002101936995,0.02005893996,1.216204276,1
2017-12,Carry,-0.002290151889,-0.002075014787,0.0009327004774,3.447240688e-06,0.0002116898611,0.007845373631,1.213418984,1
2018-01,Carry,-0.001185294085,-0.0009624685413,0.001138675003,5.553156114e-06,0.0002172723872,0.01837004794,1.211980726,1
2018-02,Carry,0.004163344211,0.004384902436,0.001138675003,2.060633505e-05,0.0002009518892,0.04164888964,1.217026618,1
2018-03,Carry,-0.005302653288,-0.005080918164,0.001138675003,1.353834573e-05,0.000208196778,0.03655765106,1.210573148,1
2018-04,Carry,0.007613926286,0.007820634289,0.00134418443,4.557817286e-06,0.000202150185,0.008858146625,1.219790363,1
2018-05,Carry,-0.003942275202,-0.00372182999,0.00134418443,1.639632171e-05,0.0002040488903,0.03094518632,1.214981614,1
2018-06,Carry,-0.006222936847,-0.005999891037,0.00134418443,1.727670602e-05,0.0002057691035,0.02514686264,1.20742086,1
2018-07,Carry,0.006777004934,0.00699615148,0.001549230951,7.41549034e-06,0.0002117310557,0.01508700176,1.215603557,1
2018-08,Carry,-0.01114525787,-0.0109326771,0.001549230951,9.295705144e-06,0.0002032850667,0.01470823448,1.202055342,1
2018-09,Carry,0.008758502534,0.008994200861,0.001549230951,2.557882304e-05,0.0002101195041,0.03413606209,1.212583547,1
2018-10,Carry,0.03581431729,0.03602768093,0.00175381674,1.057922748e-05,0.0002027844093,0.01724805556,1.256011398,1
2018-11,Carry,-0.01385270026,-0.01361982133,0.00175381674,2.296020662e-05,0.0002099187296,0.0539331419,1.238612249,1
2018-12,Carry,-0.009485808927,-0.009266973269,0.00175381674,8.17079468e-06,0.0002106648634,0.01642076658,1.22686301,1
2019-01,Carry,0.02910772275,0.02932115604,0.001957943956,5.599569418e-06,0.000207833719,0.01576443244,1.262574198,1
2019-02,Carry,0.003502050157,0.003721409341,0.001957943956,1.343142027e-05,0.0002059277635,0.02658925929,1.266995796,1
2019-03,Carry,-0.004461587061,-0.004248569614,0.001957943956,7.135393948e-06,0.0002058820529,0.01350647769,1.261342984,1
2019-04,Carry,0.006816637478,0.007031773472,0.001957943956,9.435631762e-06,0.0002057003625,0.0138406348,1.269941102,1
2019-05,Carry,0.0006677675448,0.0008799404844,0.001957943956,5.122916041e-06,0.0002070500235,0.01455041131,1.270789128,1
2019-06,Carry,0.01117701949,0.01139433989,0.001957943956,3.94684705e-06,0.0002133735536,0.008169802547,1.284992763,1
2019-07,Carry,0.01747870852,0.01769402204,0.001957943956,1.214107917e-05,0.0002031724377,0.02192973207,1.307452777,1
2019-08,Carry,-0.01245150628,-0.01224029658,0.001957943956,6.689194614e-06,0.0002045205034,0.0263197257,1.29117302,1
2019-09,Carry,0.00711269247,0.007339430703,0.00175381674,1.979910237e-05,0.0002069391306,0.02343176414,1.300356737,1
2019-10,Carry,0.004451558613,0.004666829547,0.001549230951,2.403459294e-06,0.0002128674752,0.00842833173,1.306145351,1
2019-11,Carry,-0.01258133724,-0.01236097225,0.00134418443,1.279934706e-05,0.0002075656465,0.02002061628,1.289712296,1
2019-12,Carry,0.009085080015,0.009310759021,0.00134418443,1.202758898e-05,0.0002136514178,0.01682516804,1.301429435,1
2020-01,Carry,-0.003120168648,-0.002902735101,0.00134418443,1.46830252e-05,0.0002027505219,0.02387061217,1.297368756,1
2020-02,Carry,-0.01026828319,-0.01004450553,0.00134418443,1.682900802e-05,0.0002069486552,0.02831841963,1.284047006,1
2020-03,Carry,-0.04651420384,-0.04617142143,0.00134418443,0.0001344453891,0.0002083370197,0.5115068455,1.224320582,1
2020-04,Carry,-0.003448350233,-0.003210316748,0.0001041070355,2.851734278e-05,0.0002095161426,0.04983357493,1.220098696,1
2020-05,Carry,9.326295002e-05,0.0003133129154,0.0001041070355,9.794081517e-06,0.0002102558838,0.02148031008,1.220212486,1
2020-06,Carry,-0.003220190389,-0.003007864622,0.0001041070355,4.021836263e-06,0.0002083039314,0.01190047947,1.216283169,1
2020-07,Carry,-0.001669187492,-0.001447906043,0.0001041070355,4.09118182e-06,0.0002171902678,0.007535591923,1.214252965,1
2020-08,Carry,-0.0041185704,-0.003889915973,0.0001041070355,2.049631913e-05,0.0002081581082,0.04245127879,1.209251978,1
2020-09,Carry,-0.0118963707,-0.01167710621,0.0001041070355,1.274254226e-05,0.000206521944,0.0224004393,1.194866268,1
2020-10,Carry,-0.00527062858,-0.005052192503,0.0001041070355,9.089847853e-06,0.0002093462299,0.01594274021,1.188568572,1
2020-11,Carry,0.02262754465,0.02284374596,0.0001041070355,4.923108924e-06,0.0002112781977,0.01138320217,1.215462961,1
2020-12,Carry,0.001119515456,0.001349557099,0.0001041070355,1.808178448e-05,0.0002119598592,0.02275030839,1.21682369,1
2021-01,Carry,-0.007188978067,-0.006975661137,0.0001041070355,7.729642382e-06,0.0002055872869,0.01728654611,1.208075971,1
2021-02,Carry,0.006699831322,0.006918441437,0.0001041070355,1.197164699e-05,0.0002066384685,0.01519872298,1.216169877,1
2021-03,Carry,0.008699957652,0.008904214037,0.0001041070355,3.567110677e-06,0.000200689274,0.01045784003,1.226750503,1
2021-04,Carry,0.01431053518,0.01454118029,0.0001041070355,1.736314608e-05,0.0002132819648,0.03648470451,1.244305959,1
2021-05,Carry,0.009428721868,0.00965457013,0.0001041070355,1.716909281e-05,0.0002086791697,0.0233125346,1.256038174,1
2021-06,Carry,0.0163885985,0.01659805822,0.0001041070355,4.717391488e-06,0.0002047423272,0.009461255548,1.276622879,1
2021-07,Carry,-0.009134643424,-0.00891009832,0.0001041070355,1.525764595e-05,0.0002092874577,0.0368088582,1.264961385,1
2021-08,Carry,-0.004400962712,-0.004188029909,0.0001041070355,5.247158249e-06,0.0002076856446,0.0117529264,1.259394337,1
2021-09,Carry,-0.001886721377,-0.001680139762,0.0001041070355,2.517307373e-06,0.000204064307,0.00471720326,1.25701821,1
2021-10,Carry,0.001539551543,0.001757887271,0.0001041070355,1.11452867e-05,0.0002071904413,0.02064683036,1.258953455,1
2021-11,Carry,-0.001660988048,-0.001442129252,0.0001041070355,1.206605004e-05,0.0002067927462,0.02245549419,1.256862348,1
2021-12,Carry,0.0105698357,0.01078237479,0.0001041070355,6.620164397e-06,0.0002059189251,0.01973295455,1.270147177,1
2022-01,Carry,0.01429391711,0.01450356805,0.0001041070355,3.177998988e-06,0.0002064729445,0.01302066745,1.288302555,1
2022-02,Carry,0.01199426615,0.01221326681,0.0001041070355,1.028479367e-05,0.0002087158622,0.02308140212,1.303754799,1
2022-03,Carry,0.04219454286,0.0424074388,0.0001041070355,1.086209679e-05,0.0002020338399,0.01696207457,1.358766137,1
2022-04,Carry,0.01409266758,0.0144065522,0.0003119641739,0.0001174078622,0.0001964767607,0.5405906287,1.377914776,1
2022-05,Carry,0.002925050014,0.003153671396,0.0003119641739,1.713823014e-05,0.0002114831512,0.05632196787,1.381945246,1
2022-06,Carry,-0.001742508376,-0.001433387058,0.0007262586484,0.0001101103511,0.0001990109668,0.5147714639,1.379537195,1
2022-07,Carry,0.007976709453,0.008209786344,0.00134418443,2.469593944e-05,0.0002083809521,0.04545635735,1.390541362,1
2022-08,Carry,0.01471917603,0.01492664349,0.001957943956,4.872643495e-06,0.0002025948106,0.01237077748,1.411008985,1
2022-09,Carry,-0.001598109463,-0.001390818173,0.001957943956,5.856947277e-06,0.0002014343435,0.02901117631,1.408754038,1
2022-10,Carry,0.01325298679,0.01347401936,0.002567595531,1.374426728e-05,0.0002072883077,0.03493802393,1.427424237,1
2022-11,Carry,-0.01997621131,-0.01975024736,0.002567595531,5.564603601e-06,0.0002203993514,0.01538004432,1.398909709,1
2022-12,Carry,-0.01398851444,-0.01375359632,0.003173196228,1.800630963e-05,0.0002169118128,0.05701246207,1.37934104,1
2023-01,Carry,0.01007632877,0.01030115792,0.003574707178,1.369063728e-05,0.0002111385076,0.03939284377,1.393239734,1
2023-02,Carry,0.01632036789,0.01653096304,0.003574707178,9.161550916e-06,0.0002014336008,0.01083522923,1.415977919,1
2023-03,Carry,0.0009097891274,0.001135149646,0.003774801921,1.17101148e-05,0.0002136504041,0.0351059709,1.41726616,1
2023-04,Carry,0.01163447542,0.01185355809,0.003974458863,1.190201329e-05,0.0002071806649,0.02300161154,1.433755308,1
2023-05,Carry,0.01566520608,0.01587393728,0.003974458863,5.902097141e-06,0.0002028291036,0.01534379503,1.456215381,1
2023-06,Carry,0.03022460315,0.03044108314,0.004173680002,9.991389568e-06,0.0002064886032,0.02856847386,1.500228913,1
2023-07,Carry,0.007354492253,0.007576485734,0.004173680002,1.036005301e-05,0.0002116334273,0.02549677328,1.511262335,1
2023-08,Carry,0.004968362846,0.005281813688,0.004372467323,0.0001091874246,0.0002042634179,0.5132151164,1.518770834,1
2023-09,Carry,0.01483034951,0.01514225594,0.004372467323,0.0001085751423,0.000203331284,0.5148951377,1.541294737,1
2023-10,Carry,0.004466093314,0.004784348126,0.004372467323,0.0001108627522,0.0002073920598,0.5251795224,1.548178303,1
2023-11,Carry,0.01025087544,0.01046719681,0.004372467323,2.458964607e-06,0.000213862405,0.007511579687,1.564048486,1
2023-12,Carry,-0.0008315166716,-0.0006079620913,0.004372467323,9.67963717e-06,0.0002138749431,0.02381569802,1.562747953,1
2024-01,Carry,0.01623508004,0.0164474571,0.004372467323,1.05213092e-05,0.000201855753,0.02411600134,1.588119291,1
2024-02,Carry,0.008257320781,0.008476237886,0.004372467323,1.229337176e-05,0.0002066237332,0.03312492934,1.601232902,1
2024-03,Carry,0.008573004203,0.008783716296,0.004372467323,3.252962939e-06,0.0002074591294,0.01064106789,1.614960278,1
2024-04,Carry,0.009633476752,0.009838519767,0.004372467323,1.459957252e-06,0.0002035830577,0.006668234861,1.630517961,1
2024-05,Carry,0.003487112282,0.003706838702,0.004372467323,1.018006434e-05,0.0002095463563,0.02507471928,1.63620376,1
2024-06,Carry,7.962897687e-05,0.0002881684413,0.004372467323,3.876841165e-06,0.0002046626233,0.01011495871,1.636334049,1
2024-07,Carry,-0.009745465691,-0.009393596246,0.004372467323,0.0001374951914,0.0002143742536,0.5149379029,1.620387212,1
2024-08,Carry,-0.0005626606813,-0.0002169403477,0.004372467323,0.0001313648428,0.0002143554908,0.5283744226,1.619475483,1
2024-09,Carry,0.0130006473,0.01321958378,0.004372467323,7.653251344e-06,0.0002112832253,0.02650155912,1.640529713,1
2024-10,Carry,0.01341956797,0.0137490605,0.003974458863,0.0001338267462,0.0001956657847,0.5115039974,1.662544913,1
2024-11,Carry,-0.0106834318,-0.0103339724,0.003974458863,0.0001423704952,0.0002070889057,0.5294123189,1.644783228,1
2024-12,Carry,0.0139436599,0.01415774191,0.003774801921,1.193850834e-05,0.0002021435004,0.0226160046,1.667717526,1
2025-01,Carry,0.01592976333,0.01627185571,0.003574707178,0.0001324751691,0.0002096172073,0.5177717031,1.694283871,1
2025-02,Carry,-0.003639101622,-0.003409673418,0.003574707178,1.538747152e-05,0.0002140407327,0.02231992041,1.6881182,1
2025-03,Carry,-0.004676382289,-0.00445072222,0.003574707178,8.968111897e-06,0.000216691957,0.02540452371,1.680223914,1
2025-04,Carry,0.0006996806276,0.0009312550802,0.003574707178,1.444243956e-05,0.000217132013,0.03814492431,1.681399534,1
2025-05,Carry,0.005601795632,0.005827380937,0.003574707178,1.71172156e-05,0.0002084680891,0.04003420132,1.690818391,1
2025-06,Carry,0.01177137091,0.01211036703,0.003574707178,0.0001276148672,0.0002113812525,0.5065074688,1.710721641,1
2025-07,Carry,0.009129264273,0.009342106131,0.003574707178,1.077301882e-05,0.0002020688394,0.02017229483,1.726339271,1
2025-08,Carry,0.009066800751,0.009287986332,0.003574707178,9.117067775e-06,0.0002120685128,0.03214050617,1.741991645,1
2025-09,Carry,0.01101293596,0.01123094137,0.003574707178,9.420472451e-06,0.000208584938,0.01547826426,1.761176088,1
2025-10,Carry,0.01114918132,0.01135821925,0.003374172623,6.543143214e-06,0.0002024947832,0.01164373602,1.780811759,1
2025-11,Carry,0.01311943017,0.01333479607,0.003173196228,8.219457199e-06,0.0002071464443,0.02985432609,1.804174995,1
2025-12,Carry,-0.002115108378,-0.001776629335,0.003173196228,0.0001274075666,0.0002110714768,0.5056041606,1.800358969,1
2026-01,Carry,0.008687994571,0.008909371093,0.002971775953,6.735802453e-06,0.0002146407204,0.01768403767,1.816000478,1
2026-02,Carry,0.01275449603,0.01297616221,0.002971775953,1.701921475e-05,0.0002046469646,0.02834070422,1.839162649,1
2026-03,Carry,0.01660232056,0.01681125818,0.002971775953,8.196750349e-06,0.0002007408745,0.02504830056,1.869697017,1
2026-04,Carry,0.01207713985,0.01230283767,0.002971775953,1.270950943e-05,0.0002129883109,0.03760051174,1.892277609,1
2026-05,Carry,0.004672823461,0.004893761621,0.002971775953,1.408592325e-05,0.0002068522368,0.02040114864,1.901119888,1
2026-06,Carry,0.01288280923,0.01308691096,0.002971775953,2.991642068e-06,0.0002011100897,0.008796831456,1.925611653,1
2026-07,Carry,0.007614296348,0.007840075789,0.002971775953,1.41508832e-05,0.0002116285583,0.03599220522,1.940273831,1
2026-08,Carry,0.001600873352,0.002240972865,0.002971775953,0.0004316069858,0.0002084925266,1.015272466,1.943379964,1
2010-03,Momentum,0.03023822891,0.03084104881,0.0001041070355,0.0004,0.0002028198971,1,1.030238229,1
2010-04,Momentum,0.009864565671,0.010296762,0.0001041070355,0.0002240922942,0.0002081040347,0.9936628781,1.040401082,1
2010-05,Momentum,-0.01054971365,-0.01011280162,0.0001041070355,0.0002330740135,0.0002038380185,1.010351178,1.029425148,1
2010-06,Momentum,-0.004900073302,-0.004573195648,0.0001041070355,0.000115192074,0.0002116855798,0.5431531453,1.024380889,1
2010-07,Momentum,-0.0134207986,-0.01319427685,0.0001041070355,7.647706644e-06,0.0002188740428,0.01671435297,1.01063288,1
2010-08,Momentum,0.008601713912,0.009125085506,0.0001041070355,0.000319361752,0.0002040098414,0.5517387292,1.019326055,1
2010-09,Momentum,-0.0128982186,-0.01237677484,0.0001041070355,0.0003017888089,0.0002196549513,0.5089440444,1.006178564,1
2010-10,Momentum,0.003808608942,0.004042089457,0.0001041070355,2.301012664e-05,0.0002104703884,0.05580749147,1.010010705,1
2010-11,Momentum,0.01265755922,0.01285896951,0.0001041070355,2.381341157e-06,0.0001990289461,0.01066121281,1.022794975,1
2010-12,Momentum,0.007079642163,0.007595784294,0.0001041070355,0.0003048485313,0.0002112936,0.5372213593,1.030035998,1
2011-01,Momentum,-0.01543617281,-0.01521912589,0.0001041070355,3.586778188e-06,0.0002134601351,0.01793389094,1.014136184,1
2011-02,Momentum,-0.0006901884089,-0.0003486081722,0.0001041070355,0.0001300867519,0.0002114934848,0.5254337594,1.013436239,1
2011-03,Momentum,0.00418358661,0.004697600892,0.0001041070355,0.0003038042007,0.0002102100811,0.515734194,1.017676037,1
2011-04,Momentum,0.0008080128427,0.001033442202,0.0001041070355,8.497984713e-06,0.0002169313745,0.01602325858,1.018498333,1
2011-05,Momentum,0.005209827376,0.005829214862,0.0001041070355,0.0004168698326,0.0002025176541,1.04168253,1.023804533,1
2011-06,Momentum,0.002138454631,0.002446997311,0.0001041070355,0.0001025061666,0.0002060365133,0.5083641754,1.025993893,1
2011-07,Momentum,-0.01702807711,-0.01661297082,0.0001041070355,0.0002013001324,0.0002138061511,1.003164729,1.00852319,1
2011-08,Momentum,0.01098516898,0.01129655057,0.0001041070355,0.0001059204873,0.0002054610984,0.527498877,1.019601987,1
2011-09,Momentum,-0.02426298234,-0.02376290509,0.0001041070355,0.0003030204269,0.0001970568225,0.5142958735,0.9948634023,1
2011-10,Momentum,0.005707133766,0.00620364578,0.0001041070355,0.000279936199,0.0002165758153,0.5007684063,1.000541221,1
2011-11,Momentum,0.0194501189,0.02020504171,0.0001041070355,0.0005596061152,0.0001953167022,1.540375291,1.020001867,1
2011-12,Momentum,0.005487557073,0.005953507414,0.0001041070355,0.0002618322821,0.0002041180587,0.9898156849,1.025599185,1
2012-01,Momentum,-0.01869416167,-0.01836882239,0.0001041070355,0.0001066697245,0.0002186695634,0.5066481241,1.006426468,1
2012-02,Momentum,-0.02255679892,-0.02208598764,0.0001041070355,0.0002581586926,0.0002126525877,1.056000215,0.9837247085,1
2012-03,Momentum,-0.003911461157,-0.00326133029,0.0001041070355,0.0004435751258,0.000206555741,1.039378948,0.9798769076,1
2012-04,Momentum,0.0166713368,0.01687820795,0.0001041070355,1.596372288e-06,0.0002052747782,0.007297420989,0.9962127655,1
2012-05,Momentum,0.02151001246,0.02212959756,0.0001041070355,0.0004240969692,0.0001954881339,0.9996876848,1.017641315,1
2012-06,Momentum,-0.008012353581,-0.007658727594,0.0001041070355,0.0001432096266,0.0002104163602,0.5159749122,1.009487612,1
2012-07,Momentum,0.0008868017708,0.001203229038,0.0001041070355,0.0001054110196,0.0002110162475,0.517210035,1.010382828,1
2012-08,Momentum,-0.006233478917,-0.005791872397,0.0001041070355,0.0002305745639,0.0002110319555,1.01712751,1.004084628,1
2012-09,Momentum,-0.001830209288,-0.001612621659,0.0001041070355,5.726903064e-06,0.0002118607258,0.01660914129,1.002246943,1
2012-10,Momentum,-0.01446336533,-0.01414730886,0.0001041070355,0.0001073308047,0.0002087256593,0.5201301589,0.9877510791,1
2012-11,Momentum,0.008120279096,0.008455137916,0.0001041070355,0.0001304462489,0.0002044125707,0.5075510511,0.9957718936,1
2012-12,Momentum,-0.01092644097,-0.01057923842,0.0001041070355,0.0001341425719,0.0002130599717,0.5082841153,0.9848916508,1
2013-01,Momentum,0.007569612647,0.008015326048,0.0001041070355,0.0002396091916,0.0002061042093,1.026228281,0.9923468991,1
2013-02,Momentum,-0.01183980218,-0.01152094325,0.0001041070355,0.0001111396067,0.0002077193232,0.5232111846,0.9805977081,1
2013-03,Momentum,-0.0007596616201,-0.0004503596071,0.0001041070355,0.0001052778093,0.0002040242038,0.5008349467,0.9798527856,1
2013-04,Momentum,0.01121833155,0.01142962573,0.0001041070355,6.188042409e-06,0.0002051061331,0.01758687843,0.9908450991,1
2013-05,Momentum,0.01228129661,0.01258549425,0.0001041070355,0.0001047444737,0.0001994531742,0.5170597907,1.003013962,1
2013-06,Momentum,0.001495262162,0.001818711148,0.0001041070355,0.0001175327854,0.0002059162004,0.5228203559,1.00451373,1
2013-07,Momentum,0.01356957717,0.01378580232,0.0001041070355,1.026995731e-05,0.0002059551929,0.01665259343,1.018144557,1
2013-08,Momentum,0.003716035765,0.003931986252,0.0001041070355,1.089575935e-05,0.0002050547283,0.013498526,1.021928019,1
2013-09,Momentum,-0.001646668278,-0.001425233164,0.0001041070355,7.776385757e-06,0.0002136587285,0.01223574629,1.020245242,1
2013-10,Momentum,-0.005590388265,-0.005362643127,0.0001041070355,1.749005219e-05,0.0002102550857,0.02952179656,1.014541675,1
2013-11,Momentum,0.01761071396,0.01781977185,0.0001041070355,1.042720722e-05,0.0001986306857,0.01384816579,1.032408478,1
2013-12,Momentum,0.01683514953,0.01706075434,0.0001041070355,2.173909292e-05,0.0002038657189,0.042104884,1.049789229,1
2014-01,Momentum,-0.008204718484,-0.007862477601,0.0001041070355,0.0001339780365,0.000208262847,0.5184514972,1.041176004,1
2014-02,Momentum,-0.004818608212,-0.004599800008,0.0001041070355,5.439594394e-06,0.0002133686099,0.01556871129,1.036158985,1
2014-03,Momentum,-0.006409156998,-0.006182266521,0.0001041070355,1.743514176e-05,0.0002094553351,0.02881618464,1.02951808,1
2014-04,Momentum,-0.001425797289,-0.001205274295,0.0001041070355,1.090132049e-05,0.0002096216736,0.01395091828,1.028050195,1
2014-05,Momentum,-0.01338780469,-0.01317201971,0.0001041070355,5.213079656e-06,0.0002105719019,0.01062965571,1.01428686,1
2014-06,Momentum,-0.004206753152,-0.003884826123,0.0001041070355,0.0001106040375,0.0002113229916,0.5176212849,1.010020006,1
2014-07,Momentum,0.001933442715,0.002146232717,0.0001041070355,9.380203482e-06,0.0002034097992,0.01950038754,1.011972822,1
2014-08,Momentum,-0.007401535561,-0.006895520439,0.0001041070355,0.0002981207947,0.0002078943276,0.5094186134,1.004482669,1
2014-09,Momentum,-0.005052192185,-0.004551327562,0.0001041070355,0.0003009983351,0.0001998662875,0.5049916753,0.9994078293,1
2014-10,Momentum,0.007536733741,0.007886140582,0.0001041070355,0.0001449228614,0.0002044839796,0.528638148,1.0069401,1
2014-11,Momentum,0.008844652936,0.009351233257,0.0001041070355,0.0003042040381,0.0002023762828,0.5179650056,1.015846136,1
2014-12,Momentum,0.007213849487,0.007521487102,0.0001041070355,0.000104665764,0.0002029718508,0.5218326368,1.023174297,1
2015-01,Momentum,-0.01748274855,-0.01727332591,0.0001041070355,6.249746758e-06,0.0002031728918,0.0253213179,1.005286398,1
2015-02,Momentum,0.01593513358,0.01615110114,0.0001041070355,9.671034416e-06,0.0002062965258,0.04222146649,1.021305771,1
2015-03,Momentum,-0.01634033446,-0.0157391894,0.0001041070355,0.0004008769404,0.0002002681197,1.001610864,1.004617293,1
2015-04,Momentum,-0.01045174276,-0.009649105237,0.0001041070355,0.0005802540247,0.0002223835016,0.9832756058,0.9941172915,1
2015-05,Momentum,0.0064545059,0.006694408079,0.0001041070355,3.993946546e-05,0.0001999627134,0.07431804991,1.000533827,1
2015-06,Momentum,-0.005016601651,-0.004784707423,0.0001041070355,1.86501543e-05,0.0002132440732,0.0350120692,0.9955145478,1
2015-07,Momentum,0.01366825902,0.01387635012,0.0001041070355,1.284083063e-05,0.0001952502628,0.0290256648,1.009121498,1
2015-08,Momentum,0.004153282085,0.004385608609,0.0001041070355,2.942453698e-05,0.0002029019869,0.05705013447,1.013312665,1
2015-09,Momentum,0.01162239216,0.01184059033,0.0001041070355,1.864528821e-05,0.0001995528734,0.02766237379,1.025089782,1
2015-10,Momentum,-0.01372022942,-0.01325831201,0.0001041070355,0.0002483834803,0.0002135339254,1.023567272,1.011025315,1
2015-11,Momentum,-0.01164830176,-0.01142284691,0.0001041070355,1.782224735e-05,0.0002076326064,0.03172441863,0.9992485869,1
2015-12,Momentum,0.01624348533,0.01645378322,0.0001041070355,8.786248792e-06,0.0002015116333,0.01289821573,1.015479867,1
2016-01,Momentum,-0.008024176186,-0.007710624156,0.0003119641739,0.0001073635362,0.0002061884935,0.5036008485,1.007331477,1
2016-02,Momentum,-0.006511012576,-0.006193690054,0.0003119641739,0.0001032537376,0.0002140687848,0.5115327283,1.000772729,1
2016-03,Momentum,-0.02494658261,-0.02458375121,0.0003119641739,0.0001389012124,0.0002239301866,0.5336510212,0.9758068699,1
2016-04,Momentum,-0.002911624918,-0.002550361276,0.0003119641739,0.0001473197798,0.0002139438627,0.5833643787,0.9729656863,1
2016-05,Momentum,-0.0142246251,-0.01400130916,0.0003119641739,1.735739512e-05,0.000205958552,0.03307991684,0.9591256141,1
2016-06,Momentum,0.006694930315,0.006909137029,0.0003119641739,3.540367398e-06,0.0002106663464,0.01451981222,0.9655468933,1
2016-07,Momentum,-2.683879692e-05,0.0003068389163,0.0003119641739,0.0001286401708,0.0002050375425,0.5301740699,0.9655209792,1
2016-08,Momentum,-0.0008454201518,-0.0002127479678,0.0003119641739,0.0004240528878,0.0002086192962,1.00096164,0.9647047083,1
2016-09,Momentum,0.01093672667,0.01144387394,0.0003119641739,0.0003006050517,0.0002065422203,0.5030252583,0.97525542,1
2016-10,Momentum,0.02534467277,0.02566844779,0.0003119641739,0.0001264595615,0.000197315457,0.5047549387,0.9999729495,1
2016-11,Momentum,-0.03347456582,-0.03325168135,0.0003119641739,1.361797165e-05,0.0002092664942,0.05432635923,0.9664992892,1
2016-12,Momentum,0.006075760662,0.006295296184,0.0003119641739,1.131172891e-05,0.0002082237932,0.03472608619,0.9723715075,1
2017-01,Momentum,0.01075006435,0.01097859603,0.0005193472934,1.54227865e-05,0.0002131088915,0.02779515455,0.9828245638,1
2017-02,Momentum,0.01034445015,0.01066313957,0.0005193472934,0.0001137093181,0.0002049800948,0.5222825333,0.9929913435,1
2017-03,Momentum,-0.009730534811,-0.009514003393,0.0005193472934,6.265554899e-06,0.000210265863,0.01971518018,0.9833290067,1
2017-04,Momentum,-0.01543368846,-0.01521756048,0.0007262586484,2.877020995e-06,0.0002132509529,0.01013193988,0.9681526131,1
2017-05,Momentum,-0.003492851277,-0.003174378469,0.0007262586484,0.0001094920066,0.000208980802,0.5233513006,0.964771,1
2017-06,Momentum,-0.01287210538,-0.0126550531,0.0007262586484,4.582225159e-06,0.000212470051,0.009899240766,0.9523523661,1
2017-07,Momentum,0.01021707457,0.01053715638,0.0009327004774,0.0001066842933,0.0002133975123,0.5194881045,0.9620826212,1
2017-08,Momentum,0.01077846755,0.01144985038,0.0009327004774,0.0004651153706,0.0002062674566,1.023345293,0.9724523975,1
2017-09,Momentum,-0.005845508986,-0.005532438565,0.0009327004774,0.0001021697533,0.0002109006673,0.5104049999,0.9667679183,1
2017-10,Momentum,-0.004383874944,-0.004072325062,0.0009327004774,0.0001051635038,0.0002063863776,0.5241237031,0.9625297286,1
2017-11,Momentum,0.0006066356256,0.001240137058,0.0009327004774,0.0004239219556,0.0002095794766,0.9970723511,0.9631136335,1
2017-12,Momentum,0.009267733248,0.009702521198,0.0009327004774,0.000228245618,0.0002065423319,1.008686452,0.9720395137,1
2018-01,Momentum,0.007635139933,0.008245874494,0.001138675003,0.0003965879037,0.000214146657,0.9996776524,0.9794611714,1
2018-02,Momentum,-0.01650731076,-0.01599338393,0.001138675003,0.0003064814264,0.0002074454029,0.5275625893,0.9632929015,1
2018-03,Momentum,0.01115149332,0.01148301534,0.001138675003,0.0001251039794,0.0002064180412,0.5013347704,0.9740350558,1
2018-04,Momentum,-0.001533358801,-0.001221603722,0.00134418443,0.000107615015,0.0002041400642,0.5087388971,0.9725415106,1
2018-05,Momentum,0.001727911696,0.001940578798,0.00134418443,1.142406008e-05,0.0002012430417,0.02075325245,0.9742219765,1
2018-06,Momentum,0.008584397198,0.008931891065,0.00134418443,0.000144616127,0.0002028777398,0.5322966346,0.9825850849,1
2018-07,Momentum,-0.008362405477,-0.008037769433,0.001549230951,0.0001103730231,0.0002142630211,0.5136810471,0.97436831,1
2018-08,Momentum,0.03161824401,0.03192725458,0.001549230951,0.000115883527,0.0001931270417,0.5299868392,1.005176125,1
2018-09,Momentum,-0.01554372963,-0.015287763,0.001549230951,4.127445788e-05,0.0002146921698,0.06986633296,0.989551939,1
2018-10,Momentum,-0.01887183588,-0.01853859212,0.00175381674,0.0001193091623,0.0002139345928,0.5322460363,0.9708772773,1
2018-11,Momentum,0.00740920998,0.007744211564,0.00175381674,0.0001296134039,0.0002053881799,0.5350356935,0.9780707109,1
2018-12,Momentum,0.0007572615912,0.001077586157,0.00175381674,0.0001110703028,0.0002092542627,0.5129666402,0.9788113663,1
2019-01,Momentum,-0.0003187570042,-0.000100945847,0.001957943956,4.013504035e-06,0.0002137976532,0.01736592464,0.9784993633,1
2019-02,Momentum,0.003504889971,0.003828989777,0.001957943956,0.0001197409506,0.0002043588551,0.5311863814,0.9819288959,1
2019-03,Momentum,0.009965848491,0.01027604274,0.001957943956,0.0001070629261,0.0002031313221,0.5131410176,0.9917146505,1
2019-04,Momentum,0.005238159937,0.005458002272,0.001957943956,1.457888449e-05,0.0002052634501,0.02396242062,0.9969094104,1
2019-05,Momentum,0.01008506162,0.01029579263,0.001957943956,4.640356495e-06,0.0002060906535,0.01388677389,1.006963303,1
2019-06,Momentum,-0.00559072456,-0.005367279352,0.001957943956,7.748182262e-06,0.0002156970254,0.01679562004,1.001333649,1
2019-07,Momentum,-0.001992182038,-0.001666818605,0.001957943956,0.0001189701292,0.0002063933038,0.5364513794,0.9993388099,1
2019-08,Momentum,0.01068795575,0.01129964711,0.001957943956,0.0004059665807,0.0002057247826,1.008227974,1.010019699,1
2019-09,Momentum,-0.003759738296,-0.003545809891,0.00175381674,4.677763404e-06,0.0002092506413,0.01879019581,1.006222289,1
2019-10,Momentum,-0.006103376529,-0.005585556205,0.001549230951,0.0003019302116,0.0002158901128,0.5092134947,1.000080936,1
2019-11,Momentum,-0.003035974573,-0.002409994723,0.00134418443,0.0004184142035,0.0002075656465,1.035680663,0.9970447153,1
2019-12,Momentum,-0.01153341124,-0.01091636169,0.00134418443,0.0004003257986,0.000216723754,1.000265246,0.9855453886,1
2020-01,Momentum,0.02207103566,0.02229266255,0.00134418443,2.322263354e-05,0.0001984042598,0.04206875063,1.007297396,1
2020-02,Momentum,0.005543465374,0.005869237481,0.00134418443,0.000123184024,0.0002025880833,0.5337413536,1.012881314,1
2020-03,Momentum,0.03478318021,0.03508707045,0.00134418443,0.0001137679857,0.0001901222546,0.5169265134,1.048112548,1
2020-04,Momentum,0.01180604147,0.01215817992,0.0001041070355,0.0001442343125,0.0002079041291,0.548484322,1.060486608,1
2020-05,Momentum,-0.008097382871,-0.007771194316,0.0001041070355,0.000113022744,0.0002131658103,0.5207520246,1.051899442,1
2020-06,Momentum,0.005367524774,0.005707764978,0.0001041070355,0.0001345819365,0.0002056582675,0.525166031,1.057545538,1
2020-07,Momentum,-0.006166644775,-0.00581343704,0.0001041070355,0.0001315068834,0.0002217008511,0.5111825971,1.05102403,1
2020-08,Momentum,0.003739151729,0.00407368996,0.0001041070355,0.0001282964414,0.0002062417902,0.5658440845,1.054953969,1
2020-09,Momentum,-0.004593362714,-0.004279007537,0.0001041070355,0.0001129755471,0.0002013796298,0.5156237067,1.050108182,1
2020-10,Momentum,0.009170227861,0.009490473777,0.0001041070355,0.0001128994503,0.0002073464654,0.522716704,1.059737914,1
2020-11,Momentum,-0.01336303164,-0.01293482602,0.0001041070355,0.0002077094353,0.0002204961853,1.009972986,1.045576602,1
2020-12,Momentum,0.005721948788,0.005969034518,0.0001041070355,3.485195782e-05,0.0002122337717,0.06052149464,1.051559338,1
2021-01,Momentum,0.006194339486,0.006404849975,0.0001041070355,8.103451193e-06,0.0002024070384,0.01970111411,1.058073054,1
2021-02,Momentum,-0.004169270777,-0.003942487044,0.0001041070355,1.754398087e-05,0.0002092397518,0.02728519816,1.053661661,1
2021-03,Momentum,-0.009237298189,-0.009031391204,0.0001041070355,1.7811913e-06,0.0002041257942,0.005425133489,1.043928674,1
2021-04,Momentum,-0.006917571598,-0.006587002954,0.0001041070355,0.0001126139697,0.0002179546738,0.5257895479,1.036707222,1
2021-05,Momentum,0.003365076285,0.003702723227,0.0001041070355,0.0001277671384,0.0002098798035,0.5479387231,1.040195821,1
2021-06,Momentum,-0.02473122903,-0.02451114623,0.0001041070355,7.062084962e-06,0.0002130207117,0.01371373582,1.0144705,1
2021-07,Momentum,0.004644283625,0.004997383485,0.0001041070355,0.0001466724187,0.0002064274417,0.52509238,1.019181989,1
2021-08,Momentum,-0.004937708132,-0.004436213957,0.0001041070355,0.00029380853,0.0002076856446,0.4970421088,1.014149566,1
2021-09,Momentum,0.001466983571,0.00167198777,0.0001041070355,9.398917837e-07,0.000204064307,0.004699458918,1.015637306,1
2021-10,Momentum,0.001249073182,0.001757887271,0.0001041070355,0.0003016236475,0.0002071904413,0.5081182374,1.016905912,1
2021-11,Momentum,-0.01285347136,-0.0123534649,0.0001041070355,0.0002932137133,0.0002067927462,0.5036641948,1.003835141,1
2021-12,Momentum,0.009807602016,0.0100172372,0.0001041070355,3.716254886e-06,0.0002059189251,0.01858127443,1.013680356,1
2022-01,Momentum,0.007804479783,0.008134661998,0.0001041070355,0.0001260441579,0.000204138058,0.5052207896,1.021591604,1
2022-02,Momentum,0.002028140624,0.002240782669,0.0001041070355,5.074882888e-06,0.0002075671617,0.01976447429,1.023663536,1
2022-03,Momentum,0.03536169418,0.03586708071,0.0001041070355,0.0003006706591,0.0002047158672,0.5022055022,1.059862013,1
2022-04,Momentum,0.01946006478,0.01967666475,0.0003119641739,1.97274172e-05,0.0001968725506,0.04306514875,1.080486996,1
2022-05,Momentum,0.008858203369,0.009086906814,0.0003119641739,1.933179662e-05,0.0002093716488,0.05406286138,1.090058169,1
2022-06,Momentum,0.00328625118,0.003491889572,0.0007262586484,8.742379135e-06,0.0001968960127,0.01244777197,1.093640374,1
2022-07,Momentum,-0.0002790721804,-3.841910144e-05,0.00134418443,2.890006942e-05,0.0002117530095,0.05514994887,1.09333517,1
2022-08,Momentum,0.02125785791,0.02146518387,0.001957943956,7.517430235e-06,0.0001998085326,0.015403755,1.116577134,1
2022-09,Momentum,0.003180244485,0.003390785512,0.001957943956,1.116098605e-05,0.0001993800418,0.04149454081,1.120128122,1
2022-10,Momentum,0.01307903644,0.01330402958,0.002567595531,1.772126244e-05,0.0002072718759,0.04430125795,1.134778318,1
2022-11,Momentum,-0.01938891159,-0.0191630829,0.002567595531,5.763327241e-06,0.00022006536,0.01555048034,1.112776202,1
2022-12,Momentum,-0.009861480313,-0.009627096481,0.003173196228,1.927530646e-05,0.0002151085252,0.05578063061,1.101802581,1
2023-01,Momentum,0.01504866833,0.01526940083,0.003574707178,1.170294135e-05,0.0002090295581,0.03089291228,1.118383243,1
2023-02,Momentum,0.006923701888,0.007236342074,0.003574707178,0.0001087179162,0.0002039222701,0.5115213132,1.126126595,1
2023-03,Momentum,0.01069001635,0.01090928497,0.003774801921,7.533231679e-06,0.0002117353912,0.023245609,1.138164907,1
2023-04,Momentum,0.01545459521,0.01579462711,0.003974458863,0.0001330065136,0.0002070253812,0.513861649,1.155754785,1
2023-05,Momentum,0.0142860022,0.01491577457,0.003974458863,0.0004293512799,0.0002004210874,1.011404984,1.1722659,1
2023-06,Momentum,0.006402688872,0.006719731471,0.004173680002,0.0001055078819,0.0002115347176,0.5198740857,1.179771554,1
2023-07,Momentum,-0.0003424163205,-2.565262186e-05,0.004173680002,0.0001031608213,0.0002136028773,0.5155921247,1.179367581,1
2023-08,Momentum,0.009584684597,0.01009224564,0.004372467323,0.0003054960158,0.0002020650255,0.5228954163,1.190671447,1
2023-09,Momentum,-0.0004000698959,-0.0001800475259,0.004372467323,1.395711761e-05,0.0002060652524,0.03218682421,1.190195095,1
2023-10,Momentum,0.01374584,0.01437375722,0.004372467323,0.0004239673106,0.0002039499039,1.008614301,1.206555327,1
2023-11,Momentum,0.01220605796,0.01242328629,0.004372467323,4.505271496e-06,0.0002127230635,0.02252635748,1.221282611,1
2023-12,Momentum,-0.008340619629,-0.00812135448,0.004372467323,3.750534214e-06,0.0002155146148,0.01875267107,1.211096357,1
2024-01,Momentum,0.01432159694,0.01483057647,0.004372467323,0.000306534239,0.0002024452853,0.5326711949,1.228441191,1
2024-02,Momentum,0.01080259048,0.01101931911,0.004372467323,1.124316617e-05,0.0002054854647,0.02970690121,1.241711538,1
2024-03,Momentum,0.008473353871,0.008783716296,0.004372467323,0.0001029032954,0.0002074591294,0.5063888232,1.252232999,1
2024-04,Momentum,0.009335841692,0.009640191831,0.004372467323,0.0001007671013,0.0002035830382,0.5033027057,1.263923649,1
2024-05,Momentum,-0.004021621341,-0.003675360357,0.004372467323,0.000133648749,0.0002126122357,0.5177054093,1.258840626,1
2024-06,Momentum,0.01023438842,0.0107441512,0.004372467323,0.0003045438314,0.0002052189542,0.5183233552,1.27172409,1
2024-07,Momentum,-0.007369958418,-0.006706228077,0.004372467323,0.0004504512743,0.0002132790673,1.004160928,1.262351536,1
2024-08,Momentum,0.01377407542,0.01399278245,0.004372467323,6.549821515e-06,0.0002121572115,0.02717902903,1.279739262,1
2024-09,Momentum,-0.003685229863,-0.003340731677,0.004372467323,0.0001303445601,0.0002141536263,0.5194457023,1.275023128,1
2024-10,Momentum,0.01346948365,0.01380525803,0.003974458863,0.0001406736113,0.0001951007615,0.5284442576,1.292197032,1
2024-11,Momentum,0.007460390248,0.00778159745,0.003974458863,0.0001194019214,0.0002018052804,0.5231378916,1.301837326,1
2024-12,Momentum,0.01109801288,0.01141651245,0.003774801921,0.0001161837538,0.0002023158107,0.5234301903,1.316285133,1
2025-01,Momentum,-0.01227058204,-0.01180511563,0.003574707178,0.0002510476647,0.0002144187505,0.9908876593,1.300133548,1
2025-02,Momentum,-0.001249817772,-0.0007900322679,0.003574707178,0.0002484723599,0.0002113131438,1.032758625,1.298508618,1
2025-03,Momentum,0.0147084657,0.0150240924,0.003574707178,0.0001058970911,0.0002097296112,0.516630185,1.317607688,1
2025-04,Momentum,0.002770635625,0.003089744737,0.003574707178,0.0001036704739,0.0002154386378,0.5136397388,1.321258299,1
2025-05,Momentum,0.007728390943,0.008075854229,0.003574707178,0.0001401878547,0.0002072754314,0.5376679998,1.331469499,1
2025-06,Momentum,-0.009643387766,-0.009327938223,0.003574707178,0.0001025732274,0.0002128763153,0.5044666272,1.318629623,1
2025-07,Momentum,-0.007942938568,-0.007720600805,0.003574707178,1.688892346e-05,0.0002054488394,0.02590081853,1.308155829,1
2025-08,Momentum,0.002831181599,0.003046692001,0.003574707178,3.512094349e-06,0.000211998307,0.01216456864,1.311859455,1
2025-09,Momentum,0.0109035107,0.01152261819,0.003574707178,0.0004125442268,0.0002065632634,1.021337868,1.326163329,1
2025-10,Momentum,0.01028025005,0.01048568528,0.003374172623,2.061322558e-06,0.0002033739067,0.01002748292,1.339796619,1
2025-11,Momentum,0.005571211282,0.005783752989,0.003173196228,5.414561974e-06,0.0002071271455,0.02549928016,1.34726091,1
2025-12,Momentum,0.001411539134,0.001923374019,0.003173196228,0.0003014081522,0.0002104267332,0.5061518275,1.349162621,1
2026-01,Momentum,0.02133162487,0.02155052285,0.002971775953,7.490180891e-06,0.0002114078025,0.01843079203,1.377942452,1
2026-02,Momentum,0.0002870933421,0.0008050732578,0.002971775953,0.0003120632949,0.0002059166209,0.5181907095,1.37833805,1
2026-03,Momentum,-0.006054742489,-0.005847565248,0.002971775953,3.111513368e-06,0.000204065728,0.0128341731,1.369992568,1
2026-04,Momentum,0.004273615164,0.004491461302,0.002971775953,5.526743591e-06,0.0002123193945,0.02217770099,1.375847389,1
2026-05,Momentum,0.005996082214,0.006631101861,0.002971775953,0.0004290880023,0.0002059316449,1.017557786,1.384097083,1
2026-06,Momentum,-0.005345046258,-0.0050123867,0.002971775953,0.0001279507513,0.0002047088065,0.5073429289,1.37669902,1
2026-07,Momentum,0.008190940993,0.008408901296,0.002971775953,6.621741259e-06,0.0002113385616,0.01832598368,1.387975481,1
2026-08,Momentum,-0.004834396772,-0.004093151573,0.002971775953,0.0005314173283,0.000209827871,1.514984109,1.381265456,1
2010-03,Painel FE + carry,-0.02018026926,-0.01954038152,0.0001041070355,0.000425,0.0002148877391,1,0.9798197307,1
2010-04,Painel FE + carry,-0.01129195817,-0.01106135326,0.0001041070355,1.757925714e-05,0.0002130256496,0.03642205849,0.9687556473,1
2010-05,Painel FE + carry,-0.01101022109,-0.01079509965,0.0001041070355,1.628369056e-05,0.0001988377496,0.026684295,0.9580894335,1
2010-06,Painel FE + carry,0.007097315284,0.007322849593,0.0001041070355,1.655057932e-05,0.0002089837298,0.04222779713,0.9648892963,1
2010-07,Painel FE + carry,0.01579176799,0.01600850396,0.0001041070355,4.248753396e-06,0.0002124872234,0.0118453333,0.9801266042,1
2010-08,Painel FE + carry,-0.003714063884,-0.003499734485,0.0001041070355,9.206278488e-06,0.0002051231203,0.0240578841,0.9764863513,1
2010-09,Painel FE + carry,0.01506933096,0.01529060592,0.0001041070355,5.816989492e-06,0.0002154579772,0.01612270019,0.9912013473,1
2010-10,Painel FE + carry,-0.009995016681,-0.009667791847,0.0001041070355,0.0001159452319,0.0002112796019,0.5384862234,0.9812942733,1
2010-11,Painel FE + carry,-0.007866237052,-0.00765585271,0.0001041070355,6.868326791e-06,0.0002035160149,0.0188600327,0.97357518,1
2010-12,Painel FE + carry,-0.001839024766,-0.001317774769,0.0001041070355,0.0003068660366,0.0002143839601,0.5226135738,0.9717847511,1
2011-01,Painel FE + carry,0.01827346705,0.01848787293,0.0001041070355,7.356871088e-06,0.000207049014,0.02997981583,0.9895426277,1
2011-02,Painel FE + carry,0.004997982782,0.005212955246,0.0001041070355,4.074290406e-06,0.0002108981742,0.0180538593,0.9944883447,1
2011-03,Painel FE + carry,-0.0001601655311,5.110570718e-05,0.0001041070355,3.217348597e-06,0.0002080538897,0.01352602161,0.994329062,1
2011-04,Painel FE + carry,0.01081502802,0.01102965332,0.0001041070355,1.928484638e-06,0.0002126968173,0.008803335235,1.005082759,1
2011-05,Painel FE + carry,0.01257454511,0.01320727421,0.0001041070355,0.0004302114494,0.0002025176541,1.021275555,1.017721217,1
2011-06,Painel FE + carry,-0.005279409124,-0.005063551098,0.0001041070355,6.284817761e-06,0.0002095732075,0.02644798332,1.01234825,1
2011-07,Painel FE + carry,0.004575771069,0.004793374324,0.0001041070355,9.057106564e-06,0.000208546148,0.01855856768,1.016980524,1
2011-08,Painel FE + carry,0.004456541846,0.00508850743,0.0001041070355,0.0004251849448,0.0002067806388,1.001753221,1.021512741,1
2011-09,Painel FE + carry,-0.02711749085,-0.02658900368,0.0001041070355,0.0003272189148,0.0002012682475,0.5110936182,0.9938118782,1
2011-10,Painel FE + carry,0.02562526404,0.02586733452,0.0001041070355,3.006652094e-05,0.0002120039623,0.04555693735,1.01927857,1
2011-11,Painel FE + carry,-0.02481955653,-0.02446420152,0.0001041070355,0.0001488467561,0.0002065082453,0.5373816882,0.9939805279,1
2011-12,Painel FE + carry,-0.008001887265,-0.007660106339,0.0001041070355,0.0001335560503,0.0002082248761,0.5100083243,0.9860268077,1
2012-01,Painel FE + carry,0.01628435873,0.01662524384,0.0001041070355,0.0001285348201,0.0002123502901,0.5060021345,1.002083622,1
2012-02,Painel FE + carry,0.02501551534,0.0252373187,0.0001041070355,1.761171593e-05,0.0002041916424,0.02076450045,1.02715126,1
2012-03,Painel FE + carry,-0.009659421899,-0.009448218223,0.0001041070355,5.993255557e-06,0.0002052104208,0.02451983535,1.017229573,1
2012-04,Painel FE + carry,-0.01291858411,-0.01256837746,0.0001041070355,0.0001378887079,0.0002123179411,0.5156597208,1.004088407,1
2012-05,Painel FE + carry,-0.02389140593,-0.02355270174,0.0001041070355,0.0001332413706,0.0002054628149,0.5271254589,0.9800993233,1
2012-06,Painel FE + carry,0.00753902992,0.007761403128,0.0001041070355,1.441078461e-05,0.0002079624232,0.03459040362,0.9874883214,1
2012-07,Painel FE + carry,-0.001215318142,-0.0009950149669,0.0001041070355,8.079559312e-06,0.0002122236158,0.01719905135,0.986288209,1
2012-08,Painel FE + carry,0.006651481586,0.006867176558,0.0001041070355,6.480784597e-06,0.0002092141868,0.01926823598,0.9928484868,1
2012-09,Painel FE + carry,0.001453669204,0.001666970678,0.0001041070355,2.857381008e-06,0.0002104440937,0.01037159807,0.9942917601,1
2012-10,Painel FE + carry,0.01001523929,0.01022362173,0.0001041070355,5.057160859e-06,0.0002033252861,0.01068312604,1.00424983,1
2012-11,Painel FE + carry,-0.003213747052,-0.00300199653,0.0001041070355,6.195577165e-06,0.0002055549448,0.02326328779,1.001022425,1
2012-12,Painel FE + carry,0.02561032585,0.02582376329,0.0001041070355,9.457225497e-06,0.0002039802193,0.01850113923,1.026658936,1
2013-01,Painel FE + carry,0.009502046375,0.009813109619,0.0001041070355,0.0001005755688,0.0002104876756,0.4932306302,1.036414296,1
2013-02,Painel FE + carry,0.01302802417,0.01336546352,0.0001041070355,0.0001347093053,0.0002027300498,0.5182753902,1.049916727,1
2013-03,Painel FE + carry,-0.003315587891,-0.002803769152,0.0001041070355,0.0003051934748,0.0002066252639,0.5259353945,1.046435636,1
2013-04,Painel FE + carry,-0.007337955705,-0.00699987576,0.0001041070355,0.0001277268369,0.0002103531084,0.5136341847,1.038756937,1
2013-05,Painel FE + carry,0.006220931363,0.006850799059,0.0001041070355,0.0004296411298,0.0002002265655,1.022361331,1.045218973,1
2013-06,Painel FE + carry,0.005712446215,0.006209836525,0.0001041070355,0.0002900104897,0.0002073798209,0.5066252738,1.05118973,1
2013-07,Painel FE + carry,-0.01304670319,-0.01253370177,0.0001041070355,0.0003012142098,0.000211787206,0.5060710489,1.03747517,1
2013-08,Painel FE + carry,-0.0002268905397,-1.347997194e-05,0.0001041070355,7.694626231e-06,0.0002057159415,0.0245843536,1.037239776,1
2013-09,Painel FE + carry,0.003710121323,0.003929605413,0.0001041070355,6.717236384e-06,0.0002127668538,0.012051315,1.041088062,1
2013-10,Painel FE + carry,0.00712147853,0.007343368455,0.0001041070355,1.396149674e-05,0.0002079284282,0.0217395797,1.048502148,1
2013-11,Painel FE + carry,-0.02592113122,-0.02560497797,0.0001041070355,0.0001061001007,0.0002100531441,0.5053747867,1.021323786,1
2013-12,Painel FE + carry,-0.01529409441,-0.01507365402,0.0001041070355,9.472360387e-06,0.0002109680377,0.02639322732,1.005703564,1
2014-01,Painel FE + carry,0.007860191181,0.008070691672,0.0001041070355,4.78627074e-06,0.00020571422,0.01825278225,1.013608586,1
2014-02,Painel FE + carry,0.004585938206,0.004808014079,0.0001041070355,9.795945584e-06,0.0002122799271,0.02159621205,1.018256933,1
2014-03,Painel FE + carry,0.006169170083,0.006390480592,0.0001041070355,1.359898431e-05,0.0002077115248,0.01954335138,1.024538733,1
2014-04,Painel FE + carry,0.001194764201,0.001413488366,0.0001041070355,8.793079723e-06,0.0002099310855,0.01641791439,1.025762815,1
2014-05,Painel FE + carry,0.01317015711,0.01338023378,0.0001041070355,4.152461053e-06,0.000205924212,0.007984399016,1.039272272,1
2014-06,Painel FE + carry,0.0008535246839,0.00106885043,0.0001041070355,4.698451958e-06,0.0002106272942,0.01523399539,1.040159317,1
2014-07,Painel FE + carry,-0.0006012085747,-0.0003893049576,0.0001041070355,6.706070398e-06,0.0002051975467,0.01132422112,1.039533964,1
2014-08,Painel FE + carry,0.008409727157,0.008620986311,0.0001041070355,6.222807861e-06,0.0002050363459,0.01478785798,1.048276161,1
2014-09,Painel FE + carry,-0.01486864567,-0.01466311409,0.0001041070355,4.454014654e-06,0.0002010775613,0.01770702988,1.032689714,1
2014-10,Painel FE + carry,0.001402020539,0.001627818854,0.0001041070355,1.936071982e-05,0.0002064375949,0.03508480381,1.034137567,1
2014-11,Painel FE + carry,-0.01596215996,-0.01575235476,0.0001041070355,3.596259615e-06,0.000206208936,0.01188938207,1.017630497,1
2014-12,Painel FE + carry,-0.00185058911,-0.001639745795,0.0001041070355,6.084629959e-06,0.0002047586846,0.0164949633,1.015747281,1
2015-01,Painel FE + carry,0.0309816788,0.0311883235,0.0001041070355,9.066713043e-06,0.0001975779899,0.01695766447,1.047216837,1
2015-02,Painel FE + carry,-0.02651135806,-0.02628591936,0.0001041070355,1.49877054e-05,0.0002104509963,0.0498554627,1.019453697,1
2015-03,Painel FE + carry,-0.004983453088,-0.004767782253,0.0001041070355,1.618416621e-05,0.0001994866688,0.03410703508,1.014373297,1
2015-04,Painel FE + carry,0.007443975038,0.007688686001,0.0001041070355,2.745816871e-05,0.0002172527941,0.04249942138,1.021924267,1
2015-05,Painel FE + carry,-0.01156442452,-0.01123239531,0.0001041070355,0.0001284249522,0.0002036042552,0.5427655709,1.010106301,1
2015-06,Painel FE + carry,-0.0002395290321,-1.535671097e-05,0.0001041070355,1.199585097e-05,0.0002121764701,0.02252792172,1.009864351,1
2015-07,Painel FE + carry,-0.006221087646,-0.006010253348,0.0001041070355,8.936476974e-06,0.0002018978211,0.0190992786,1.003581896,1
2015-08,Painel FE + carry,-0.01217001479,-0.01184598384,0.0001041070355,0.0001144171646,0.0002096137868,0.5076852171,0.9913682898,1
2015-09,Painel FE + carry,-0.01442265135,-0.01420025826,0.0001041070355,1.582820273e-05,0.0002065648859,0.03075795803,0.9770701306,1
2015-10,Painel FE + carry,0.01108558409,0.01131271699,0.0001041070355,1.936318562e-05,0.000207769713,0.02705587706,0.9879015237,1
2015-11,Painel FE + carry,0.01488026513,0.01509218857,0.0001041070355,9.97106178e-06,0.0002019523804,0.01841025143,1.00260176,1
2015-12,Painel FE + carry,-0.003263868121,-0.003046511894,0.0001041070355,7.215024922e-06,0.0002101412028,0.03199289008,0.9993294003,1
2016-01,Painel FE + carry,0.00378921085,0.004000940788,0.0003119641739,6.887687273e-06,0.0002048422506,0.02014274093,1.00311607,1
2016-02,Painel FE + carry,0.03341164436,0.03362313273,0.0003119641739,6.633676885e-06,0.0002048546851,0.01671936863,1.036631828,1
2016-03,Painel FE + carry,0.009385139347,0.009609886507,0.0003119641739,7.695437135e-06,0.0002170517232,0.03431517647,1.046360762,1
2016-04,Painel FE + carry,0.01974806034,0.01998758181,0.0003119641739,2.934772933e-05,0.0002101737315,0.04277190129,1.067024357,1
2016-05,Painel FE + carry,-0.006751233804,-0.006535322254,0.0003119641739,9.666609508e-06,0.0002062449407,0.01929458696,1.059820626,1
2016-06,Painel FE + carry,0.07136385037,0.07156743132,0.0003119641739,4.328910192e-06,0.0001992520451,0.0146520129,1.135453507,1
2016-07,Painel FE + carry,0.002311428347,0.002539673662,0.0003119641739,2.186758451e-05,0.0002063777298,0.06650912024,1.138078026,1
2016-08,Painel FE + carry,0.006117764487,0.006552033517,0.0003119641739,0.0002251501613,0.000209118869,0.9945256395,1.14504052,1
2016-09,Painel FE + carry,0.0005032164148,0.0007165291863,0.0003119641739,5.197424885e-06,0.0002081153466,0.006267546496,1.145616723,1
2016-10,Painel FE + carry,0.006017814084,0.00622529503,0.0003119641739,2.986761918e-06,0.0002044941844,0.005917424839,1.152510831,1
2016-11,Painel FE + carry,0.007819873804,0.008127660273,0.0003119641739,0.0001100008402,0.0001977856289,0.5191664451,1.16152332,1
2016-12,Painel FE + carry,0.02025991897,0.02058144092,0.0003119641739,0.0001147026168,0.0002068193327,0.5103810004,1.185055689,1
2017-01,Painel FE + carry,0.009195258294,0.009420660684,0.0005193472934,1.184142158e-05,0.000213560968,0.02409851831,1.195952582,1
2017-02,Painel FE + carry,0.01334008418,0.0136854223,0.0005193472934,0.0001395369218,0.0002058011924,0.5246160562,1.21190669,1
2017-03,Painel FE + carry,-0.001290019062,-0.001078283604,0.0005193472934,3.624254609e-06,0.0002081112033,0.0141238887,1.210343307,1
2017-04,Painel FE + carry,0.004396157864,0.00473315572,0.0007262586484,0.0001286414221,0.0002083564339,0.5082812819,1.215664168,1
2017-05,Painel FE + carry,-0.009831661334,-0.009616318276,0.0007262586484,2.836280572e-06,0.0002125067771,0.0127595848,1.203712169,1
2017-06,Painel FE + carry,-0.01005996882,-0.009617864699,0.0007262586484,0.000230908963,0.0002111951586,1.022051162,1.191602862,1
2017-07,Painel FE + carry,0.001890860053,0.002209977275,0.0009327004774,0.0001038622588,0.0002152549634,0.5135239774,1.193856017,1
2017-08,Painel FE + carry,0.001775096697,0.002000779142,0.0009327004774,1.802882386e-05,0.0002076536212,0.03259296202,1.195975226,1
2017-09,Painel FE + carry,-0.007611127505,-0.00739903829,0.0009327004774,2.086648471e-06,0.0002100025666,0.006941333589,1.186872506,1
2017-10,Painel FE + carry,0.006202178076,0.006409287143,0.0009327004774,3.909825156e-06,0.0002031992415,0.01211346796,1.194233701,1
2017-11,Painel FE + carry,0.0004050247408,0.0006252638969,0.0009327004774,9.955660379e-06,0.0002102834957,0.0249786785,1.194717395,1
2017-12,Painel FE + carry,0.0006236632695,0.001261978278,0.0009327004774,0.0004283268838,0.0002099881245,1.008889732,1.195462497,1
2018-01,Painel FE + carry,-0.0006485521588,-0.0004288476244,0.001138675003,2.310265361e-06,0.000217394269,0.009175246929,1.194687177,1
2018-02,Painel FE + carry,0.006734048055,0.007045949641,0.001138675003,0.0001097132949,0.0002021882918,0.5426456413,1.202732258,1
2018-03,Painel FE + carry,-0.007116149034,-0.006684650387,0.001138675003,0.0002202291441,0.000211269503,0.9834073081,1.194173436,1
2018-04,Painel FE + carry,0.006441090638,0.006647623597,0.00134418443,2.837332158e-06,0.0002036956264,0.01418666079,1.201865215,1
2018-05,Painel FE + carry,0.01465805036,0.01498951783,0.00134418443,0.0001293660785,0.0002021013915,0.5218303924,1.219482216,1
2018-06,Painel FE + carry,-0.004106448907,-0.003893231736,0.00134418443,6.69754911e-06,0.0002065196218,0.03043961129,1.214474475,1
2018-07,Painel FE + carry,0.01052529899,0.01113623134,0.001549230951,0.0004002180759,0.0002107142742,0.9989045826,1.227257182,1
2018-08,Painel FE + carry,-0.0291430737,-0.02882879267,0.001549230951,0.0001080557178,0.0002062253107,0.5127990514,1.191491135,1
2018-09,Painel FE + carry,0.006497720588,0.006850148999,0.001549230951,0.0001442581936,0.0002081702165,0.5248634044,1.199233111,1
2018-10,Painel FE + carry,0.02357960039,0.02401790765,0.00175381674,0.0002331911771,0.000205116081,1.00476976,1.227510549,1
2018-11,Painel FE + carry,-0.005810177534,-0.00546181168,0.00175381674,0.0001410760659,0.0002072897883,0.5217512062,1.220378495,1
2018-12,Painel FE + carry,0.01661441492,0.01713975481,0.00175381674,0.0003186278302,0.0002067120618,0.4973174896,1.240654369,1
2019-01,Painel FE + carry,0.01366347907,0.01429888826,0.001957943956,0.0004241469344,0.0002112622493,0.9960625891,1.257606025,1
2019-02,Painel FE + carry,-0.00867879294,-0.008330710619,0.001957943956,0.0001389527004,0.0002091296206,0.5179825847,1.246691522,1
2019-03,Painel FE + carry,0.007283147565,0.007788200208,0.001957943956,0.0003000164908,0.0002050361522,0.5065955758,1.255771361,1
2019-04,Painel FE + carry,-0.003700343932,-0.003489050732,0.001957943956,3.77910097e-06,0.0002075140992,0.01701326541,1.251124575,1
2019-05,Painel FE + carry,0.00708293661,0.007588806691,0.001957943956,0.0003016355754,0.0002042345056,0.5056350168,1.259986211,1
2019-06,Painel FE + carry,0.013127069,0.01334644022,0.001957943956,7.900164792e-06,0.0002114710587,0.02084375057,1.276526137,1
2019-07,Painel FE + carry,0.005267284434,0.005582706518,0.001957943956,0.0001099655372,0.0002054565461,0.5132920377,1.283249963,1
2019-08,Painel FE + carry,-0.02149421477,-0.02118205942,0.001957943956,0.0001059423233,0.0002062130244,0.514581456,1.255667513,1
2019-09,Painel FE + carry,0.005980635661,0.006473136246,0.00175381674,0.0002852893615,0.0002072112241,0.4910348963,1.263177202,1
2019-10,Painel FE + carry,0.009367543647,0.009880866181,0.001549230951,0.0003017152341,0.0002116073006,0.5077991891,1.27501007,1
2019-11,Painel FE + carry,-0.003649089929,-0.003432807116,0.00134418443,1.074808258e-05,0.0002055347311,0.0154576304,1.270357444,1
2019-12,Painel FE + carry,0.01021078708,0.01053757121,0.00134418443,0.0001134886303,0.0002132954999,0.5166743311,1.283328793,1
2020-01,Painel FE + carry,-0.01648651442,-0.01626627235,0.00134418443,1.418213418e-05,0.0002060599367,0.02267498599,1.262171174,1
2020-02,Painel FE + carry,0.006236164547,0.00673424811,0.00134418443,0.0002925464244,0.0002055371389,0.4986627538,1.270042281,1
2020-03,Painel FE + carry,-0.03184109401,-0.03133440824,0.00134418443,0.0003026543467,0.0002040314276,0.5116887184,1.229602746,1
2020-04,Painel FE + carry,-0.001651281344,-0.001413502452,0.0001041070355,2.889879166e-05,0.0002088801004,0.03734053275,1.227572326,1
2020-05,Painel FE + carry,0.009431639161,0.00965186852,0.0001041070355,1.068408536e-05,0.000209545274,0.02025538797,1.239150345,1
2020-06,Painel FE + carry,-0.00503605294,-0.004724597382,0.0001041070355,0.0001022631309,0.000209192427,0.5062661244,1.232909918,1
2020-07,Painel FE + carry,0.01497938817,0.01520026793,0.0001041070355,4.432651127e-06,0.0002164471056,0.009806158466,1.251378154,1
2020-08,Painel FE + carry,-0.01825631525,-0.01802656629,0.0001041070355,1.779946696e-05,0.0002119494913,0.03837325079,1.2285326,1
2020-09,Painel FE + carry,-0.007705061868,-0.007390159516,0.0001041070355,0.0001124419382,0.0002024604131,0.53145608,1.219066681,1
2020-10,Painel FE + carry,-0.00151346933,-0.001194100865,0.0001041070355,0.000110410163,0.0002089583029,0.513667093,1.217221661,1
2020-11,Painel FE + carry,0.02091465033,0.02113450206,0.0001041070355,6.221237454e-06,0.000213630486,0.01158866072,1.242679426,1
2020-12,Painel FE + carry,0.00505824443,0.005290252011,0.0001041070355,1.941221547e-05,0.0002125953654,0.02491399454,1.248965202,1
2021-01,Painel FE + carry,-0.0132128673,-0.01287268642,0.0001041070355,0.0001333894572,0.0002067914186,0.5203744881,1.232462791,1
2021-02,Painel FE + carry,-0.00646751755,-0.006247763437,0.0001041070355,1.039562804e-05,0.0002093584851,0.01315054993,1.224491816,1
2021-03,Painel FE + carry,-0.009720256547,-0.009413536997,0.0001041070355,0.0001030119155,0.0002037076347,0.509282005,1.212589442,1
2021-04,Painel FE + carry,0.01333927402,0.01356291561,0.0001041070355,1.100906331e-05,0.0002126325201,0.02237910311,1.228764504,1
2021-05,Painel FE + carry,-0.00264453705,-0.002316614807,0.0001041070355,0.0001167725917,0.0002111496513,0.5203116171,1.225514991,1
2021-06,Painel FE + carry,0.02485065981,0.02506202078,0.0001041070355,8.406018834e-06,0.0002029549543,0.01562812506,1.255969847,1
2021-07,Painel FE + carry,-0.002932531083,-0.002710255248,0.0001041070355,1.430597825e-05,0.0002079698572,0.04063336844,1.252286677,1
2021-08,Painel FE + carry,0.0006706649067,0.0008831995793,0.0001041070355,5.930769513e-06,0.0002066039031,0.009040717541,1.253126541,1
2021-09,Painel FE + carry,-0.005792807808,-0.005583716751,0.0001041070355,4.23798941e-06,0.000204853068,0.00829226849,1.24586742,1
2021-10,Painel FE + carry,-0.02260776995,-0.02238595854,0.0001041070355,9.617536618e-06,0.0002121938692,0.01679910309,1.217701136,1
2021-11,Painel FE + carry,0.019593916,0.01980428538,0.0001041070355,8.026297098e-06,0.0002023430887,0.02602686684,1.24156067,1
2021-12,Painel FE + carry,-0.005836353212,-0.005523527595,0.0001041070355,0.0001028542269,0.0002099713907,0.5065138889,1.234314483,1
2022-01,Painel FE + carry,0.01462300716,0.01493632469,0.0001041070355,0.000106957889,0.0002063596375,0.5153702633,1.252363873,1
2022-02,Painel FE + carry,0.01189259934,0.01220829944,0.0001041070355,0.0001072878489,0.0002084122509,0.5084302182,1.267257735,1
2022-03,Painel FE + carry,0.01032144077,0.01054048801,0.0001041070355,1.107795298e-05,0.0002079692868,0.01793713113,1.28033766,1
2022-04,Painel FE + carry,-0.004899096193,-0.004672187386,0.0003119641739,2.483184236e-05,0.0002020769643,0.04469770397,1.274065163,1
2022-05,Painel FE + carry,0.00759353335,0.007908515242,0.0003119641739,0.0001043756111,0.0002106062809,0.5110336184,1.283739819,1
2022-06,Painel FE + carry,-0.02172283286,-0.02151118843,0.0007262586484,8.5374197e-06,0.0002031070139,0.01170588786,1.255853354,1
2022-07,Painel FE + carry,0.01358924384,0.01381364001,0.00134418443,1.731634872e-05,0.0002070798265,0.02738884716,1.272919451,1
2022-08,Painel FE + carry,0.005987684853,0.00619562577,0.001957943956,3.738204901e-06,0.0002042027117,0.01230227694,1.280541292,1
2022-09,Painel FE + carry,3.511113631e-05,0.0002427728367,0.001957943956,6.775734868e-06,0.0002008859655,0.02492321895,1.280586253,1
2022-10,Painel FE + carry,-0.004464336584,-0.004239268653,0.002567595531,1.437508595e-05,0.0002106928446,0.03651412769,1.274869285,1
2022-11,Painel FE + carry,0.007225890932,0.007450799687,0.002567595531,1.050583551e-05,0.0002144029197,0.02206798491,1.284081351,1
2022-12,Painel FE + carry,0.01260220082,0.01281996702,0.003173196228,6.717232896e-06,0.0002110489654,0.02846577624,1.300263602,1
2023-01,Painel FE + carry,0.01066654217,0.01088114806,0.003574707178,3.954458529e-06,0.0002106514312,0.01773485254,1.314132919,1
2023-02,Painel FE + carry,-0.002512588098,-0.002199014561,0.003574707178,0.000108922607,0.0002046509295,0.5102449173,1.310831044,1
2023-03,Painel FE + carry,0.006871876077,0.007089719779,0.003774801921,4.753624877e-06,0.0002130900771,0.01876127259,1.319838913,1
2023-04,Painel FE + carry,-0.0009629643769,-0.000742311152,0.003974458863,1.044460556e-05,0.0002102086193,0.02185214976,1.318567955,1
2023-05,Painel FE + carry,0.003283083449,0.003496723231,0.003974458863,9.030736026e-06,0.0002046090456,0.01819877103,1.322896923,1
2023-06,Painel FE + carry,-0.002331614944,-0.002113407637,0.004173680002,5.593008751e-06,0.0002126142989,0.01865420582,1.319812437,1
2023-07,Painel FE + carry,0.009141098883,0.009371718653,0.004173680002,1.9198598e-05,0.0002114211716,0.03619885064,1.331876973,1
2023-08,Painel FE + carry,-0.002711739247,-0.002497245815,0.004372467323,9.033190879e-06,0.0002054602412,0.01427230284,1.32826527,1
2023-09,Painel FE + carry,0.00767669794,0.007885921404,0.004372467323,7.011718038e-06,0.0002022117462,0.01456352353,1.338461961,1
2023-10,Painel FE + carry,0.0007521548386,0.0009702942279,0.004372467323,1.039958757e-05,0.0002077398018,0.02975602411,1.339468692,1
2023-11,Painel FE + carry,0.004913635053,0.005227848072,0.004372467323,0.0001008978927,0.0002133151267,0.5033996161,1.346050352,1
2023-12,Painel FE + carry,0.01575198848,0.01607264366,0.004372467323,0.000110704536,0.0002099506435,0.5234984875,1.367253322,1
2024-01,Painel FE + carry,-0.006163625238,-0.005952906472,0.004372467323,4.643559791e-06,0.000206075206,0.01151873338,1.358826085,1
2024-02,Painel FE + carry,0.0002220363775,0.0004342539566,0.004372467323,4.362896522e-06,0.0002078546826,0.01537141225,1.359127794,1
2024-03,Painel FE + carry,0.002777903522,0.002987621326,0.004372467323,1.496840474e-06,0.000208220964,0.005119626879,1.36290332,1
2024-04,Painel FE + carry,-0.006844187831,-0.006635699339,0.004372467323,1.908574955e-06,0.0002065799166,0.004399028895,1.353575353,1
2024-05,Painel FE + carry,-0.005992990391,-0.005777763388,0.004372467323,4.149378092e-06,0.0002110776253,0.01108402783,1.345463389,1
2024-06,Painel FE + carry,-0.01032499581,-0.01011598281,0.004372467323,2.61917032e-06,0.0002063938322,0.01291624255,1.331571485,1
2024-07,Painel FE + carry,0.00970354679,0.009925028846,0.004372467323,1.043285213e-05,0.0002110492034,0.01463960398,1.344492451,1
2024-08,Painel FE + carry,0.0008036063838,0.001026460384,0.004372467323,9.207636725e-06,0.0002136463631,0.02366984676,1.345572894,1
2024-09,Painel FE + carry,0.0118674616,0.01208566632,0.004372467323,7.096735353e-06,0.0002111079865,0.02510020999,1.361541429,1
2024-10,Painel FE + carry,-0.01299861759,-0.01278709643,0.003974458863,9.284589378e-06,0.000202236565,0.01263677608,1.343843272,1
2024-11,Painel FE + carry,0.007791624071,0.008008630699,0.003974458863,1.413369039e-05,0.0002028729372,0.03004784912,1.354313994,1
2024-12,Painel FE + carry,-0.002919932984,-0.002697438212,0.003774801921,1.721931443e-05,0.0002052754573,0.03136751213,1.350359488,1
2025-01,Painel FE + carry,0.02441523949,0.02462640749,0.003574707178,3.614406589e-06,0.0002075535949,0.01504930363,1.383328838,1
2025-02,Painel FE + carry,0.007715487565,0.007939446625,0.003574707178,1.400168891e-05,0.0002099573709,0.02590709778,1.394001895,1
2025-03,Painel FE + carry,-0.007474846134,-0.007256995947,0.003574707178,2.634631101e-06,0.0002152155565,0.009328917491,1.383581945,1
2025-04,Painel FE + carry,0.002676736077,0.002905735465,0.003574707178,1.203115613e-05,0.0002169682319,0.03298744334,1.387285429,1
2025-05,Painel FE + carry,-0.0009433427813,-0.0007184558456,0.003574707178,1.586772347e-05,0.0002090192122,0.04097011077,1.385976743,1
2025-06,Painel FE + carry,-4.818542906e-06,0.0002096616542,0.003574707178,9.4641472e-07,0.0002135337824,0.004507685306,1.385970065,1
2025-07,Painel FE + carry,0.006254674676,0.006471464498,0.003574707178,1.44327584e-05,0.0002023570633,0.02629797183,1.394638857,1
2025-08,Painel FE + carry,0.008028080165,0.008248040055,0.003574707178,8.000424008e-06,0.0002119594665,0.02937560092,1.405835129,1
2025-09,Painel FE + carry,0.007466554813,0.007685421034,0.003574707178,9.842358985e-06,0.0002090238625,0.01652466187,1.416331874,1
2025-10,Painel FE + carry,0.00222040876,0.002431519332,0.003374172623,7.048862772e-06,0.0002040617089,0.01057806023,1.41947671,1
2025-11,Painel FE + carry,0.001270347517,0.001484388821,0.003173196228,4.729087885e-06,0.0002093122165,0.02121130705,1.421279939,1
2025-12,Painel FE + carry,-0.01126462673,-0.01104682323,0.003173196228,5.840490334e-06,0.0002119630073,0.01085859373,1.405269751,1
2026-01,Painel FE + carry,0.01227867167,0.01249501522,0.002971775953,4.233149251e-06,0.0002121103989,0.01850006112,1.422524596,1
2026-02,Painel FE + carry,0.01241304913,0.01263142068,0.002971775953,1.321996716e-05,0.0002051515859,0.01756633906,1.440182464,1
2026-03,Painel FE + carry,0.006620292071,0.006830855535,0.002971775953,6.716661571e-06,0.0002038468025,0.0215353144,1.449716893,1
2026-04,Painel FE + carry,0.01210473722,0.0123230063,0.002971775953,5.984950695e-06,0.0002122841253,0.0218376198,1.467265335,1
2026-05,Painel FE + carry,-0.0001240863901,9.63971017e-05,0.002971775953,1.329980663e-05,0.0002071836852,0.0183953474,1.467083267,1
2026-06,Painel FE + carry,0.002397922272,0.002603878641,0.002971775953,1.451394333e-06,0.0002045049753,0.005921711056,1.470601219,1
2026-07,Painel FE + carry,0.008163728319,0.008381626455,0.002971775953,7.158652531e-06,0.0002107394831,0.01877606005,1.482606808,1
2026-08,Painel FE + carry,-0.005255911711,-0.004639443531,0.002971775953,0.0004062134515,0.0002102547286,1.015297258,1.474814357,1
2010-03,OLS + carry,-0.02018026926,-0.01954038152,0.0001041070355,0.000425,0.0002148877391,1,0.9798197307,1
2010-04,OLS + carry,-0.01377369907,-0.01341809417,0.0001041070355,0.0001425792571,0.0002130256496,0.5364220585,0.9663239886,1
2010-05,OLS + carry,-0.01097933621,-0.01076386715,0.0001041070355,1.663130753e-05,0.0001988377496,0.02687818915,0.9557143927,1
2010-06,OLS + carry,0.004557503347,0.004781409719,0.0001041070355,1.492264221e-05,0.0002089837298,0.04222612697,0.9600700642,1
2010-07,OLS + carry,0.01566651346,0.01600850396,0.0001041070355,0.0001295032769,0.0002124872234,0.5106095165,0.9751110148,1
2010-08,OLS + carry,-0.003714117431,-0.003499734485,0.0001041070355,9.259825888e-06,0.0002051231203,0.02418417347,0.971489338,1
2010-09,OLS + carry,0.00762120215,0.007964767236,0.0001041070355,0.0001281071092,0.0002154579772,0.5070897252,0.9788932546,1
2010-10,OLS + carry,-0.004160467898,-0.003833875386,0.0001041070355,0.0001153129102,0.0002112796019,0.5388920708,0.9748206006,1
2010-11,OLS + carry,-0.0128598728,-0.01265075544,0.0001041070355,5.601345709e-06,0.0002035160149,0.01874889823,0.9622845317,1
2010-12,OLS + carry,-0.01219306462,-0.01197004685,0.0001041070355,7.558850938e-06,0.0002154589231,0.02525859724,0.9505513342,1
2011-01,OLS + carry,0.01536614287,0.01559195518,0.0001041070355,1.962656176e-05,0.0002061857448,0.03927022765,0.9651576419,1
2011-02,OLS + carry,0.001556776266,0.001773139632,0.0001041070355,6.447241629e-06,0.0002099161248,0.01525346128,0.9666601764,1
2011-03,OLS + carry,-0.0003306092347,-0.0001149248628,0.0001041070355,6.275060714e-06,0.0002094093112,0.01224099588,0.9663405896,1
2011-04,OLS + carry,-0.001175439572,-0.0008252281309,0.0001041070355,0.0001339566674,0.0002162547733,0.5139775503,0.9652047146,1
2011-05,OLS + carry,-0.005254375467,-0.005031590202,0.0001041070355,1.774729182e-05,0.0002050379732,0.04375108951,0.9601331666,1
2011-06,OLS + carry,-0.005203294994,-0.004989952464,0.0001041070355,6.499679477e-06,0.0002068428509,0.0167450408,0.9551373105,1
2011-07,OLS + carry,-0.008254856205,-0.007733022744,0.0001041070355,0.0003098321246,0.0002120013366,0.5200741808,0.9472527894,1
2011-08,OLS + carry,0.007124728719,0.007460964169,0.0001041070355,0.0001294548109,0.0002067806388,0.5212948841,0.9540017085,1
2011-09,OLS + carry,-0.02709295591,-0.02658900368,0.0001041070355,0.0003026839802,0.0002012682475,0.5134199009,0.9281549823,1
2011-10,OLS + carry,0.02137202682,0.02173710606,0.0001041070355,0.0001514469377,0.0002136322985,0.5274364451,0.9479915355,1
2011-11,OLS + carry,-0.01667893324,-0.01632029675,0.0001041070355,0.0001521282395,0.0002065082453,0.5436632782,0.932180048,1
2011-12,OLS + carry,-0.007881241142,-0.007660106339,0.0001041070355,1.290992698e-05,0.0002082248761,0.02000542277,0.9248333122,1
2012-01,OLS + carry,0.01576911997,0.01598539386,0.0001041070355,3.923608497e-06,0.0002123502901,0.007825891109,0.9394171197,1
2012-02,OLS + carry,0.01954275508,0.01976446411,0.0001041070355,1.75173938e-05,0.0002041916424,0.02039873631,0.9577759183,1
2012-03,OLS + carry,-0.005853745263,-0.005641747494,0.0001041070355,6.787347698e-06,0.0002052104208,0.02394165735,0.9521693421,1
2012-04,OLS + carry,-0.004776516979,-0.004428266639,0.0001041070355,0.0001393633731,0.0002088869667,0.5194286581,0.9476212891,1
2012-05,OLS + carry,-0.01876983013,-0.018432331,0.0001041070355,0.0001320363126,0.0002054628149,0.5146337906,0.9298345984,1
2012-06,OLS + carry,0.007417400436,0.007761403128,0.0001041070355,0.0001360402689,0.0002079624232,0.5180966926,0.936731554,1
2012-07,OLS + carry,-0.001215285916,-0.0009950149669,0.0001041070355,8.047332953e-06,0.0002122236158,0.01714076088,0.9355931573,1
2012-08,OLS + carry,0.00196343025,0.002304125208,0.0001041070355,0.0001314807707,0.0002092141868,0.5192682031,0.9374301292,1
2012-09,OLS + carry,0.003793099637,0.004005840778,0.0001041070355,2.297048031e-06,0.0002104440937,0.007739090516,0.9409858951,1
2012-10,OLS + carry,0.01163468736,0.01184231003,0.0001041070355,4.297381374e-06,0.0002033252861,0.01065766984,0.9519339718,1
2012-11,OLS + carry,0.001823937422,0.002254194657,0.0001041070355,0.0002262683079,0.0002039889274,0.9997161232,0.9536702398,1
2012-12,OLS + carry,0.01689272293,0.01733291248,0.0001041070355,0.0002343322348,0.0002058573206,1.014496463,0.9697803269,1
2013-01,OLS + carry,0.01082506333,0.01103831291,0.0001041070355,7.718184756e-06,0.0002055313899,0.02041106839,0.9802782604,1
2013-02,OLS + carry,0.009713415182,0.01014533216,0.0001041070355,0.0002278463172,0.0002040706591,0.9868323051,0.9898001101,1
2013-03,OLS + carry,0.0004488954552,0.000658573678,0.0001041070355,5.365023595e-06,0.0002043131992,0.02119001814,0.9902444269,1
2013-04,OLS + carry,-0.007510421002,-0.00699987576,0.0001041070355,0.0003001921336,0.0002103531084,0.5122718082,0.9828072744,1
2013-05,OLS + carry,-0.007686444454,-0.007474991996,0.0001041070355,4.663657563e-06,0.0002067887997,0.02245210193,0.9752529808,1
2013-06,OLS + carry,-0.002118590741,-0.001610497077,0.0001041070355,0.0003008963772,0.0002071972868,0.5043218151,0.9731868189,1
2013-07,OLS + carry,-0.01379930236,-0.01357758825,0.0001041070355,9.492307002e-06,0.0002122217982,0.01671290122,0.9597575197,1
2013-08,OLS + carry,-0.00393980837,-0.003723772181,0.0001041070355,8.775572989e-06,0.0002072606152,0.02604317251,0.955976259,1
2013-09,OLS + carry,0.001414970353,0.001633447235,0.0001041070355,4.754087957e-06,0.0002137227934,0.005566343121,0.9573289371,1
2013-10,OLS + carry,0.005346053614,0.005570857198,0.0001041070355,1.613722177e-05,0.0002086663624,0.02637422658,0.9624468689,1
2013-11,OLS + carry,-0.0178266493,-0.01761155778,0.0001041070355,8.410077033e-06,0.0002066814362,0.01369752148,0.9452896661,1
2013-12,OLS + carry,-0.0170737471,-0.01685254027,0.0001041070355,9.541791149e-06,0.0002116650353,0.0180372078,0.9291500294,1
2014-01,OLS + carry,0.007733344485,0.008070691672,0.0001041070355,0.0001316329668,0.00020571422,0.5210008991,0.9363354667,1
2014-02,OLS + carry,0.004585974735,0.004808014079,0.0001041070355,9.75941665e-06,0.0002122799271,0.0215359938,0.9406294775,1
2014-03,OLS + carry,0.006169170094,0.006390480592,0.0001041070355,1.35989729e-05,0.0002077115248,0.01954333249,0.9464323807,1
2014-04,OLS + carry,0.001194764201,0.001413488366,0.0001041070355,8.793079721e-06,0.0002099310855,0.0164179144,0.9475631443,1
2014-05,OLS + carry,0.01317015711,0.01338023378,0.0001041070355,4.152461053e-06,0.000205924212,0.007984399016,0.9600426997,1
2014-06,OLS + carry,0.0008535246839,0.00106885043,0.0001041070355,4.698451958e-06,0.0002106272942,0.01523399539,0.9608621199,1
2014-07,OLS + carry,-0.0006012085747,-0.0003893049576,0.0001041070355,6.706070398e-06,0.0002051975467,0.01132422112,0.9602844413,1
2014-08,OLS + carry,0.008409727157,0.008620986311,0.0001041070355,6.222807861e-06,0.0002050363459,0.01478785798,0.9683601715,1
2014-09,OLS + carry,-0.01486864567,-0.01466311409,0.0001041070355,4.454014654e-06,0.0002010775613,0.01770702988,0.9539619672,1
2014-10,OLS + carry,0.001402020539,0.001627818854,0.0001041070355,1.936071982e-05,0.0002064375949,0.03508480381,0.9552994415,1
2014-11,OLS + carry,-0.01596215996,-0.01575235476,0.0001041070355,3.596259615e-06,0.000206208936,0.01188938207,0.940050799,1
2014-12,OLS + carry,-0.00185058911,-0.001639745795,0.0001041070355,6.084629959e-06,0.0002047586846,0.0164949633,0.9383111512,1
2015-01,OLS + carry,0.0309816788,0.0311883235,0.0001041070355,9.066713043e-06,0.0001975779899,0.01695766447,0.9673816059,1
2015-02,OLS + carry,-0.02651135806,-0.02628591936,0.0001041070355,1.49877054e-05,0.0002104509963,0.0498554627,0.9417350058,1
2015-03,OLS + carry,-0.004983453088,-0.004767782253,0.0001041070355,1.618416621e-05,0.0001994866688,0.03410703508,0.9370419136,1
2015-04,OLS + carry,0.007443975038,0.007688686001,0.0001041070355,2.745816871e-05,0.0002172527941,0.04249942138,0.9440172302,1
2015-05,OLS + carry,-0.01156442452,-0.01123239531,0.0001041070355,0.0001284249522,0.0002036042552,0.5427655709,0.9331002142,1
2015-06,OLS + carry,-0.0002395290321,-1.535671097e-05,0.0001041070355,1.199585097e-05,0.0002121764701,0.02252792172,0.9328767096,1
2015-07,OLS + carry,-0.006221087646,-0.006010253348,0.0001041070355,8.936476974e-06,0.0002018978211,0.0190992786,0.9270732018,1
2015-08,OLS + carry,-0.01217001479,-0.01184598384,0.0001041070355,0.0001144171646,0.0002096137868,0.5076852171,0.9157907072,1
2015-09,OLS + carry,-0.01442265135,-0.01420025826,0.0001041070355,1.582820273e-05,0.0002065648859,0.03075795803,0.9025825771,1
2015-10,OLS + carry,0.01108558409,0.01131271699,0.0001041070355,1.936318562e-05,0.000207769713,0.02705587706,0.9125882322,1
2015-11,OLS + carry,0.01488026513,0.01509218857,0.0001041070355,9.97106178e-06,0.0002019523804,0.01841025143,0.926167787,1
2015-12,OLS + carry,-0.003263868121,-0.003046511894,0.0001041070355,7.215024922e-06,0.0002101412028,0.03199289008,0.9231448975,1
2016-01,OLS + carry,0.007557156323,0.007867206424,0.0003119641739,0.0001068876873,0.0002031624134,0.5201427409,0.9301212478,1
2016-02,OLS + carry,0.03331141486,0.03362313273,0.0003119641739,0.0001068631854,0.0002048546851,0.5141887412,0.9611049026,1
2016-03,OLS + carry,0.0093851677,0.009609886507,0.0003119641739,7.667084073e-06,0.0002170517232,0.03427000581,0.9701250333,1
2016-04,OLS + carry,0.01534845857,0.01568977003,0.0003119641739,0.0001293477201,0.0002119637423,0.542771886,0.9850149571,1
2016-05,OLS + carry,0.003267860915,0.003481469873,0.0003119641739,1.153594694e-05,0.0002020730117,0.02418235225,0.988233849,1
2016-06,OLS + carry,0.04935075811,0.04956855702,0.0003119641739,9.384482117e-06,0.0002084144337,0.03001324288,1.037003939,1
2016-07,OLS + carry,0.002215111502,0.002539673662,0.0003119641739,0.0001181844298,0.0002063777298,0.5262170709,1.039301018,1
2016-08,OLS + carry,0.003799932079,0.004209181903,0.0003119641739,0.000200130955,0.000209118869,0.9945251134,1.043250291,1
2016-09,OLS + carry,-0.000380158447,-0.0001659775472,0.0003119641739,6.065553222e-06,0.0002081153466,0.00832607736,1.042853691,1
2016-10,OLS + carry,0.001483948098,0.001691553288,0.0003119641739,3.111005652e-06,0.0002044941844,0.006805496484,1.044401232,1
2016-11,OLS + carry,0.0003788402306,0.0005968006061,0.0003119641739,1.247432805e-05,0.0002054860474,0.03310016624,1.044796893,1
2016-12,OLS + carry,0.01422866065,0.01445153905,0.0003119641739,1.60590718e-05,0.0002068193327,0.02732639639,1.059662953,1
2017-01,OLS + carry,0.009492474585,0.009816863762,0.0005193472934,0.0001108282093,0.000213560968,0.5139412101,1.069721777,1
2017-02,OLS + carry,0.01346566483,0.0136854223,0.0005193472934,1.395627039e-05,0.0002058011924,0.02470686471,1.084126292,1
2017-03,OLS + carry,-0.001290006222,-0.001078283604,0.0005193472934,3.611414311e-06,0.0002081112033,0.01418409463,1.082727762,1
2017-04,OLS + carry,0.009995029709,0.01050206465,0.0007262586484,0.0002986785039,0.0002083564339,0.5033183611,1.093549658,1
2017-05,OLS + carry,-0.01222676856,-0.01171051756,0.0007262586484,0.0003037442262,0.0002125067771,0.518721131,1.08017908,1
2017-06,OLS + carry,-0.01708903806,-0.01687016912,0.0007262586484,4.675089427e-06,0.0002141938523,0.02119688637,1.061719858,1
2017-07,OLS + carry,0.001986496243,0.002209977275,0.0009327004774,8.226068756e-06,0.0002152549634,0.02815036285,1.063828961,1
2017-08,OLS + carry,0.001775136597,0.002000779142,0.0009327004774,1.798892443e-05,0.0002076536212,0.03249440454,1.065717403,1
2017-09,OLS + carry,0.002543341492,0.003053684745,0.0009327004774,0.0003003406861,0.0002100025666,0.505195379,1.068427886,1
2017-10,OLS + carry,0.008295345083,0.008502462067,0.0009327004774,3.917742452e-06,0.0002031992415,0.01958871226,1.077290864,1
2017-11,OLS + carry,0.002575558079,0.002790826938,0.0009327004774,4.98536325e-06,0.0002102834957,0.02492681625,1.080065489,1
2017-12,OLS + carry,-0.008875626697,-0.008661274878,0.0009327004774,1.888221862e-06,0.0002124635966,0.009441109312,1.070479231,1
2018-01,OLS + carry,0.006424675657,0.006643200683,0.001138675003,3.907498941e-06,0.0002146175266,0.01953749471,1.077356713,1
2018-02,OLS + carry,0.01360010665,0.01380815614,0.001138675003,5.861201332e-06,0.0002021882918,0.02930600666,1.092008879,1
2018-03,OLS + carry,0.007239469088,0.007454008931,0.001138675003,6.278619407e-06,0.0002082612236,0.03139309703,1.099914444,1
2018-04,OLS + carry,-0.001582119679,-0.0009553011373,0.00134418443,0.0004249979563,0.0002018205858,0.9999897814,1.098174247,1
2018-05,OLS + carry,0.01449141329,0.01498951783,0.00134418443,0.000296003149,0.0002021013915,0.5115111633,1.114088344,1
2018-06,OLS + carry,-0.0004323693629,-0.0001250049341,0.00134418443,0.0001024768995,0.0002048875293,0.5093563948,1.113606646,1
2018-07,OLS + carry,0.002421026193,0.00295755284,0.001549230951,0.0003258123722,0.0002107142742,0.5066990822,1.116302717,1
2018-08,OLS + carry,-0.02040021037,-0.02018276949,0.001549230951,9.894778942e-06,0.0002075460971,0.01555468454,1.093529907,1
2018-09,OLS + carry,0.007180964478,0.007412277741,0.001549230951,2.344165031e-05,0.0002078716128,0.03590095341,1.101382506,1
2018-10,OLS + carry,0.03193771041,0.03215408268,0.00175381674,1.125618962e-05,0.000205116081,0.02079774275,1.136558142,1
2018-11,OLS + carry,-0.005689318681,-0.00546181168,0.00175381674,2.021721344e-05,0.0002072897883,0.0443730679,1.130091901,1
2018-12,OLS + carry,0.01661445061,0.01713975481,0.00175381674,0.0003185921396,0.0002067120618,0.4972570404,1.148867757,1
2019-01,OLS + carry,-0.007666261645,-0.007450451215,0.001957943956,3.354818856e-06,0.0002124556115,0.0164461728,1.140060236,1
2019-02,OLS + carry,-0.005543906641,-0.00533255521,0.001957943956,3.862740208e-06,0.0002074886902,0.01920511809,1.133739848,1
2019-03,OLS + carry,0.006702611967,0.006909790381,0.001957943956,1.861131649e-06,0.0002053172821,0.007861747588,1.141338867,1
2019-04,OLS + carry,-0.003798216675,-0.003489050732,0.001957943956,0.0001016518442,0.0002075140992,0.5064479799,1.137003814,1
2019-05,OLS + carry,0.009371236279,0.009679650877,0.001957943956,0.0001015997183,0.0002068148795,0.5054677624,1.147658946,1
2019-06,OLS + carry,-0.003357833998,-0.003140135477,0.001957943956,3.502106255e-06,0.0002141964149,0.01553842838,1.143805297,1
2019-07,OLS + carry,-0.001625224149,-0.001413283161,0.001957943956,6.19189953e-06,0.0002057490881,0.02707229153,1.141946357,1
2019-08,OLS + carry,0.005277052535,0.005486689892,0.001957943956,3.424333463e-06,0.0002062130244,0.01361612937,1.147972468,1
2019-09,OLS + carry,0.006161272417,0.006473136246,0.00175381674,0.0001046526053,0.0002072112241,0.5193124657,1.155045439,1
2019-10,OLS + carry,0.01146820534,0.01168155,0.001549230951,1.737367519e-06,0.0002116073006,0.007887554184,1.168291738,1
2019-11,OLS + carry,0.008479430777,0.008688384605,0.00134418443,3.419097249e-06,0.0002055347311,0.01616737265,1.178198187,1
2019-12,OLS + carry,-0.001451963168,-0.001137196856,0.00134418443,0.0001015356377,0.0002132306747,0.5075990406,1.176487486,1
2020-01,OLS + carry,-0.01384464984,-0.01333455253,0.00134418443,0.0003053423732,0.0002047549342,0.5230384608,1.160199429,1
2020-02,OLS + carry,0.004902422119,0.005400226005,0.00134418443,0.0002917956876,0.000206008198,0.4971568977,1.165887216,1
2020-03,OLS + carry,-0.02765767308,-0.02715323715,0.00134418443,0.0003022264623,0.0002022094658,0.5097131002,1.133641489,1
2020-04,OLS + carry,-0.005612916532,-0.005371368062,0.0001041070355,3.103276254e-05,0.0002105157075,0.04363118803,1.127278454,1
2020-05,OLS + carry,0.007658327011,0.007979408387,0.0001041070355,0.0001108254925,0.0002102558838,0.5243162916,1.135911521,1
2020-06,OLS + carry,-0.005036576638,-0.004724597382,0.0001041070355,0.0001027868287,0.000209192427,0.5091365712,1.130190415,1
2020-07,OLS + carry,0.01497938821,0.01520026793,0.0001041070355,4.432613984e-06,0.0002164471056,0.009806426802,1.147119976,1
2020-08,OLS + carry,-0.01825631525,-0.01802656629,0.0001041070355,1.779946694e-05,0.0002119494913,0.03837325075,1.126177792,1
2020-09,OLS + carry,-0.01084383901,-0.01062760052,0.0001041070355,1.244193817e-05,0.0002037965491,0.03145607998,1.113965702,1
2020-10,OLS + carry,-0.001414447561,-0.001194100865,0.0001041070355,1.138839364e-05,0.0002089583029,0.02200628265,1.112390056,1
2020-11,OLS + carry,0.02091464351,0.02113450206,0.0001041070355,6.228057696e-06,0.000213630486,0.01153793055,1.135655297,1
2020-12,OLS + carry,0.005058244427,0.005290252011,0.0001041070355,1.941221844e-05,0.0002125953654,0.02491400138,1.141399719,1
2021-01,OLS + carry,-0.01386689253,-0.01365171166,0.0001041070355,8.389457154e-06,0.0002067914186,0.0203744881,1.125572052,1
2021-02,OLS + carry,-0.006591962014,-0.006247763437,0.0001041070355,0.0001348400915,0.0002093584851,0.5115981206,1.118152324,1
2021-03,OLS + carry,-0.01340152299,-0.01319320379,0.0001041070355,3.049873912e-06,0.0002052693235,0.009345802924,1.10316738,1
2021-04,OLS + carry,0.009303263183,0.00952806438,0.0001041070355,1.05009774e-05,0.0002143002203,0.02344805821,1.113430436,1
2021-05,OLS + carry,-0.002547003176,-0.002316614807,0.0001041070355,1.923871766e-05,0.0002111496513,0.02838930824,1.110594525,1
2021-06,OLS + carry,0.02485068996,0.02506202078,0.0001041070355,8.37586199e-06,0.0002029549543,0.01557770543,1.138193566,1
2021-07,OLS + carry,-0.00293253108,-0.002710255248,0.0001041070355,1.430597489e-05,0.0002079698572,0.04063338195,1.134855778,1
2021-08,OLS + carry,0.0006706649067,0.0008831995793,0.0001041070355,5.930769514e-06,0.0002066039031,0.009040717541,1.135616885,1
2021-09,OLS + carry,-0.005792807808,-0.005583716751,0.0001041070355,4.23798941e-06,0.000204853068,0.00829226849,1.129038475,1
2021-10,OLS + carry,-0.02260776995,-0.02238595854,0.0001041070355,9.617536618e-06,0.0002121938692,0.01679910309,1.103513433,1
2021-11,OLS + carry,0.019593916,0.01980428538,0.0001041070355,8.026297098e-06,0.0002023430887,0.02602686684,1.125135583,1
2021-12,OLS + carry,-0.002218917328,-0.00200316966,0.0001041070355,7.19096567e-06,0.000208556702,0.02819758269,1.122639,1
2022-01,OLS + carry,0.01472467999,0.01493632469,0.0001041070355,5.285062435e-06,0.0002063596375,0.01070201464,1.1391695,1
2022-02,OLS + carry,0.01095339086,0.01117253798,0.0001041070355,1.023797645e-05,0.0002089091451,0.02328385982,1.151647269,1
2022-03,OLS + carry,0.007464550172,0.007684771097,0.0001041070355,1.097624015e-05,0.0002092446852,0.01646473983,1.160243797,1
2022-04,OLS + carry,-0.002706816199,-0.002480646474,0.0003119641739,2.490249158e-05,0.0002012672333,0.04198989608,1.157103231,1
2022-05,OLS + carry,0.007688487326,0.007908515242,0.0003119641739,9.421635017e-06,0.0002106062809,0.03408934634,1.165999604,1
2022-06,OLS + carry,-0.02172280379,-0.02151118843,0.0007262586484,8.508346375e-06,0.0002031070139,0.01165767007,1.140670824,1
2022-07,OLS + carry,0.01358924383,0.01381364001,0.00134418443,1.731635712e-05,0.0002070798265,0.02738886121,1.156171677,1
2022-08,OLS + carry,0.005987684853,0.00619562577,0.001957943956,3.738204903e-06,0.0002042027117,0.01230227694,1.163094469,1
2022-09,OLS + carry,3.511113631e-05,0.0002427728367,0.001957943956,6.775734868e-06,0.0002008859655,0.02492321895,1.163135307,1
2022-10,OLS + carry,-0.004464336584,-0.004239268653,0.002567595531,1.437508595e-05,0.0002106928446,0.03651412769,1.157942679,1
2022-11,OLS + carry,0.001034679847,0.001382312903,0.002567595531,0.0001332301364,0.0002144029197,0.5106894896,1.159140779,1
2022-12,OLS + carry,0.01145494859,0.01190055843,0.003173196228,0.0002341158564,0.0002114939894,1.028764429,1.172418677,1
2023-01,OLS + carry,0.003179552436,0.003521009933,0.003574707178,0.0001291174225,0.0002123400745,0.5174131021,1.176146444,1
2023-02,OLS + carry,0.01075832434,0.01097575481,0.003574707178,1.277954159e-05,0.0002046509295,0.02109746492,1.188799809,1
2023-03,OLS + carry,0.002188483234,0.002409022098,0.003774801921,7.448787438e-06,0.0002130900771,0.01861006321,1.191401477,1
2023-04,OLS + carry,0.005721673438,0.005943460702,0.003974458863,1.157864465e-05,0.0002102086193,0.02195695775,1.198218287,1
2023-05,OLS + carry,0.002798356802,0.003106856029,0.003974458863,0.0001056701239,0.0002028291036,0.5081985359,1.20157133,1
2023-06,OLS + carry,0.01434843319,0.01478441175,0.004173680002,0.000223364262,0.0002126142989,0.9893105315,1.218811996,1
2023-07,OLS + carry,0.01381178862,0.01416063636,0.004173680002,0.0001374265608,0.0002114211716,0.5197660265,1.235645969,1
2023-08,OLS + carry,-0.004496694766,-0.004282585941,0.004372467323,8.648582907e-06,0.0002054602412,0.01432316678,1.230089647,1
2023-09,OLS + carry,0.01441679963,0.01462637288,0.004372467323,7.361502434e-06,0.0002022117462,0.01459002254,1.247823602,1
2023-10,OLS + carry,0.002929857443,0.003244466117,0.004372467323,0.0001083019386,0.0002063067357,0.5115011068,1.251479548,1
2023-11,OLS + carry,0.01272170391,0.01294034626,0.004372467323,3.540922206e-06,0.0002151014218,0.01165757222,1.2674005,1
2023-12,OLS + carry,0.009448921952,0.009673975047,0.004372467323,1.182885492e-05,0.0002132242399,0.03016546459,1.279376068,1
2024-01,OLS + carry,0.008762987785,0.00910038422,0.004372467323,0.0001337828003,0.0002036136355,0.5215206393,1.290587225,1
2024-02,OLS + carry,0.0065071222,0.006722579606,0.004372467323,9.100990735e-06,0.000206356415,0.02436027354,1.298985234,1
2024-03,OLS + carry,0.008226710606,0.008437414504,0.004372467323,3.068394095e-06,0.0002076355038,0.01144732808,1.30967161,1
2024-04,OLS + carry,0.009150046806,0.009354792711,0.004372467323,1.124125342e-06,0.0002036217796,0.00533232638,1.321655166,1
2024-05,OLS + carry,0.0002446126032,0.0004642525615,0.004372467323,9.954016472e-06,0.0002096859418,0.02441115491,1.32197846,1
2024-06,OLS + carry,-0.002208446828,-0.002000073186,0.004372467323,2.82841412e-06,0.0002055452275,0.008084482025,1.319058941,1
2024-07,OLS + carry,-0.02231002912,-0.02208056932,0.004372467323,1.246783469e-05,0.0002169919627,0.01698524799,1.289630697,1
2024-08,OLS + carry,-0.001872365217,-0.001647646596,0.004372467323,1.003347648e-05,0.0002146851437,0.04052405259,1.287216038,1
2024-09,OLS + carry,0.005929453762,0.006149806528,0.004372467323,8.343056453e-06,0.0002120097099,0.02862298611,1.294848526,1
2024-10,OLS + carry,0.007377526364,0.007587431093,0.003974458863,1.161321257e-05,0.0001982915167,0.01817744584,1.304401305,1
2024-11,OLS + carry,-0.008796532254,-0.008566864911,0.003974458863,2.191265138e-05,0.0002077546921,0.04953736441,1.292927096,1
2024-12,OLS + carry,0.00923246734,0.009446776157,0.003774801921,1.181062466e-05,0.0002024981928,0.02014352173,1.304864004,1
2025-01,OLS + carry,0.01624963045,0.01659129086,0.003574707178,0.0001320432095,0.0002096172073,0.5201884856,1.326067562,1
2025-02,OLS + carry,-0.006767892707,-0.006538555818,0.003574707178,1.529615635e-05,0.0002140407327,0.02215594396,1.317092879,1
2025-03,OLS + carry,-0.01071000857,-0.01048361149,0.003574707178,9.705118962e-06,0.000216691957,0.02548445884,1.302986803,1
2025-04,OLS + carry,0.002152980709,0.002386015657,0.003574707178,1.590293508e-05,0.000217132013,0.03837831313,1.305792108,1
2025-05,OLS + carry,0.003246623664,0.003471858147,0.003574707178,1.676639404e-05,0.0002084680891,0.03997760196,1.310031524,1
2025-06,OLS + carry,0.01626686774,0.01647735258,0.003574707178,1.740604456e-06,0.0002087442319,0.004174845339,1.331341633,1
2025-07,OLS + carry,0.01465910916,0.01487001516,0.003574707178,8.937374924e-06,0.0002019686261,0.01481516867,1.350857915,1
2025-08,OLS + carry,0.006124668027,0.006467383115,0.003574707178,0.0001306465749,0.0002120685128,0.5140175112,1.359131472,1
2025-09,OLS + carry,0.007712970519,0.008056598236,0.003574707178,0.0001350570225,0.0002085706948,0.5156443159,1.369614413,1
2025-10,OLS + carry,0.01229210424,0.01250348427,0.003374172623,7.651392843e-06,0.0002037286326,0.0137255205,1.386449856,1
2025-11,OLS + carry,0.01195117639,0.01216552706,0.003173196228,7.627244526e-06,0.0002067234343,0.02395808143,1.403019563,1
2025-12,OLS + carry,-0.00118207075,-0.000966455538,0.003173196228,4.543735638e-06,0.0002110714768,0.01345171555,1.401361094,1
2026-01,OLS + carry,0.005995487094,0.006217183026,0.002971775953,7.055211604e-06,0.0002146407204,0.01847865088,1.409762937,1
2026-02,OLS + carry,0.01502312176,0.01524543576,0.002971775953,1.766703319e-05,0.0002046469646,0.02841687451,1.430941977,1
2026-03,OLS + carry,0.01584624438,0.01605454891,0.002971775953,7.56366428e-06,0.0002007408745,0.02387415401,1.453617033,1
2026-04,OLS + carry,0.011601164,0.01182670394,0.002971775953,1.255163006e-05,0.0002129883109,0.03762912034,1.470480683,1
2026-05,OLS + carry,0.003411781502,0.003632832125,0.002971775953,1.41983861e-05,0.0002068522368,0.02041059167,1.475497641,1
2026-06,OLS + carry,0.008827253915,0.009031195567,0.002971775953,2.831561994e-06,0.0002011100897,0.009204282417,1.488522234,1
2026-07,OLS + carry,0.006993308908,0.007218240753,0.002971775953,1.330328691e-05,0.0002116285583,0.03613705505,1.49893193,1
2026-08,OLS + carry,0.001892344199,0.002532645922,0.002971775953,0.0004318091969,0.0002084925266,1.015571999,1.501768425,1
2010-03,Direcional USD,-0.003105911143,-0.002408371864,0.0001041070355,0.00035,0.0003475392797,1,0.9968940889,1
2010-04,Direcional USD,-0.00292902357,-0.002572057309,0.0001041070355,8.430712597e-06,0.0003485355483,0.02091726414,0.9939741626,1
2010-05,Direcional USD,0.02492466858,0.02526626298,0.0001041070355,8.965337082e-06,0.0003326290589,0.01493392845,1.018748639,1
2010-06,Direcional USD,-0.00279354431,-0.002419256523,0.0001041070355,2.409792991e-05,0.0003501898566,0.0681243961,1.01590272,1
2010-07,Direcional USD,-0.004247261784,-0.003854444632,0.0001041070355,0.000106209408,0.000286607744,0.3506136793,1.011587915,1
2010-08,Direcional USD,-0.002106591341,-0.001815981122,0.0001041070355,1.51790235e-05,0.0002754311964,0.04585793012,1.009456913,1
2010-09,Direcional USD,-0.04052777806,-0.04005872151,0.0001041070355,0.0001035076946,0.0003655488501,0.3464585196,0.9685458668,1
2010-10,Direcional USD,-0.008479770807,-0.008095805899,0.0001041070355,3.362067457e-05,0.0003503442328,0.09555783526,0.9603328199,1
2010-11,Direcional USD,0.01917302475,0.0195151867,0.0001041070355,5.588181402e-06,0.0003365737682,0.01878176574,0.9787453048,1
2010-12,Direcional USD,-0.03100735397,-0.03063510393,0.0001041070355,1.288860374e-05,0.0003593614382,0.04659718831,0.9483970027,1
2011-01,Direcional USD,-0.004168578886,-0.003793868083,0.0001041070355,2.484179309e-05,0.0003498690105,0.06407970122,0.944443535,1
2011-02,Direcional USD,-0.01052302577,-0.01016615112,0.0001041070355,4.707267603e-06,0.0003521673772,0.0185447204,0.9345051313,1
2011-03,Direcional USD,-0.01201384171,-0.01165267316,0.0001041070355,1.040918005e-05,0.0003507593716,0.02795401848,0.9232781346,1
2011-04,Direcional USD,-0.02333985767,-0.02297095771,0.0001041070355,1.029598564e-05,0.0003586039734,0.02125042408,0.9017289543,1
2011-05,Direcional USD,0.01132083051,0.01168332109,0.0001041070355,2.15836306e-05,0.0003409069486,0.06022673384,0.911937275,1
2011-06,Direcional USD,0.000687506577,0.00117447447,0.0001041070355,7.158732712e-05,0.0004153805661,0.3521770367,0.9125642379,1
2011-07,Direcional USD,-0.004487844553,-0.004067253382,0.0001041070355,7.118979565e-05,0.0003494013761,0.3401061066,0.9084687914,1
2011-08,Direcional USD,0.0006353384463,0.0009861450249,0.0001041070355,4.715364961e-06,0.0003460912137,0.01772955745,0.9090459766,1
2011-09,Direcional USD,0.04814374765,0.04847040029,0.0001041070355,3.454247715e-06,0.0003231983911,0.0113185897,0.9528108567,1
2011-10,Direcional USD,-0.03705613381,-0.03664674619,0.0001041070355,4.572078393e-05,0.000363666836,0.1062284103,0.9175033701,1
2011-11,Direcional USD,-0.01375475975,-0.01307769564,0.0001041070355,0.0004728391664,0.0002042249376,0.7536491635,0.9048833317,1
2011-12,Direcional USD,0.008096809973,0.008864360483,0.0001041070355,0.0004255749101,0.0003419756,0.6628966931,0.91221,1
2012-01,Direcional USD,0.003432387678,0.0040477289,0.0001041070355,0.0003322199222,0.0002831212993,0.3446774199,0.9153410584,1
2012-02,Direcional USD,0.004215440737,0.004510367529,0.0001041070355,1.638868631e-05,0.0002785381057,0.02690010322,0.9191996244,1
2012-03,Direcional USD,0.0175786631,0.0182596709,0.0001041070355,0.0003416179337,0.0003393898604,0.3555155952,0.9353579249,1
2012-04,Direcional USD,0.004958462574,0.005320879577,0.0001041070355,1.696170955e-05,0.0003454552933,0.03312901992,0.9399958622,1
2012-05,Direcional USD,0.008404207542,0.009002139716,0.0001041070355,0.0003310041161,0.000266928058,0.3409037842,0.9478957825,1
2012-06,Direcional USD,-0.009732088831,-0.009430511938,0.0001041070355,2.032597522e-05,0.000281250918,0.05343423662,0.9386707765,1
2012-07,Direcional USD,0.003832812098,0.004146875528,0.0001041070355,0.000104824431,0.0002092389991,0.3518937527,0.9422685252,1
2012-08,Direcional USD,0.002037295282,0.002251889822,0.0001041070355,3.825409908e-06,0.0002107691303,0.01418560487,0.9441882045,1
2012-09,Direcional USD,-0.003989411056,-0.003603905273,0.0001041070355,0.0001037647593,0.0002817410239,0.3473248305,0.9404214496,1
2012-10,Direcional USD,0.008814064172,0.009094753434,0.0001041070355,6.792228778e-06,0.0002738970333,0.02007416234,0.9487103846,1
2012-11,Direcional USD,-0.0007959508176,-0.0005162103087,0.0001041070355,4.390593894e-06,0.000275349915,0.01769679065,0.9479552578,1
2012-12,Direcional USD,0.007100783164,0.007385524285,0.0001041070355,6.97895954e-06,0.0002777621616,0.01393644832,0.9546864825,1
2013-01,Direcional USD,0.004419337993,0.004704124461,0.0001041070355,7.857646287e-06,0.0002769288213,0.0189542732,0.9589055648,1
2013-02,Direcional USD,0.008299280884,0.008582130988,0.0001041070355,1.039908675e-05,0.0002724510167,0.02791729588,0.9668637914,1
2013-03,Direcional USD,0.001797423538,0.002476578683,0.0001041070355,0.0004047534963,0.0002744016491,0.6858540244,0.9686016551,1
2013-04,Direcional USD,-0.00701768562,-0.006732854699,0.0001041070355,5.280992802e-06,0.0002795499283,0.01561109157,0.9618043132,1
2013-05,Direcional USD,0.006693899471,0.006970953477,0.0001041070355,5.710429196e-06,0.0002713435768,0.01930176414,0.9682425346,1
2013-06,Direcional USD,0.001087849998,0.001622206809,0.0001041070355,0.0003278116418,0.000206545169,0.3424400056,0.9692958373,1
2013-07,Direcional USD,-0.01302159731,-0.01280208431,0.0001041070355,7.32003464e-06,0.0002121929598,0.01376452439,0.9566740572,1
2013-08,Direcional USD,0.004262025708,0.004475395615,0.0001041070355,7.287460397e-06,0.0002060824467,0.02409722917,0.9607514266,1
2013-09,Direcional USD,0.004182099759,0.004402279277,0.0001041070355,6.714244536e-06,0.0002134652741,0.01540900429,0.9647693849,1
2013-10,Direcional USD,0.004664428743,0.00488386551,0.0001041070355,1.185064229e-05,0.0002075861252,0.02521176855,0.969269483,1
2013-11,Direcional USD,-0.006848381652,-0.006635345652,0.0001041070355,6.645057322e-06,0.0002063909422,0.01391478482,0.9626315556,1
2013-12,Direcional USD,-0.008491140034,-0.008271790674,0.0001041070355,9.205039514e-06,0.0002101443201,0.01900897636,0.9544577163,1
2014-01,Direcional USD,0.01633629286,0.01667795108,0.0001041070355,7.040205822e-05,0.0002712561606,0.3488344707,0.9700500171,1
2014-02,Direcional USD,-0.002052126797,-0.001757728069,0.0001041070355,1.199522594e-05,0.0002824035021,0.03346286588,0.9680593514,1
2014-03,Direcional USD,0.004740601151,0.005029978319,0.0001041070355,1.240641643e-05,0.0002769707517,0.02303769356,0.9726485347,1
2014-04,Direcional USD,0.0008987607694,0.00118432082,0.0001041070355,6.889867317e-06,0.0002786701828,0.01373171996,0.9735227131,1
2014-05,Direcional USD,0.009544277847,0.009823547084,0.0001041070355,3.545791156e-06,0.0002757234459,0.008218521495,0.9828142843,1
2014-06,Direcional USD,-0.001072413578,-0.0007876914375,0.0001041070355,4.862442655e-06,0.0002798596981,0.01411758857,0.9817603009,1
2014-07,Direcional USD,0.007222247122,0.007500413904,0.0001041070355,5.782413273e-06,0.0002723843688,0.01239099492,0.9888508164,1
2014-08,Direcional USD,0.005639644346,0.005923835082,0.0001041070355,8.727874502e-06,0.0002754628615,0.02498579007,0.9944275834,1
2014-09,Direcional USD,0.001915054366,0.002186831677,0.0001041070355,3.861844594e-06,0.0002679154657,0.01332659454,0.9963319662,1
2014-10,Direcional USD,-0.0007234627747,-0.0004011537522,0.0001041070355,0.0001158685853,0.0002064404372,0.3648428011,0.9956111572,1
2014-11,Direcional USD,-0.01850870751,-0.01830385636,0.0001041070355,0.000135634001,6.921714968e-05,0.6712944422,0.9771836814,1
2014-12,Direcional USD,-0.01266672278,-0.01259444191,0.0001041070355,4.739018974e-06,6.754184769e-05,0.01481808053,0.9648059667,1
2015-01,Direcional USD,-0.01575918287,-0.0156892946,0.0001041070355,5.225604802e-06,6.466266306e-05,0.01195357433,0.949601413,1
2015-02,Direcional USD,-0.008875358202,-0.008800377253,0.0001041070355,7.498094913e-05,0,0.356533497,0.9411733603,1
2015-03,Direcional USD,-0.04132293687,-0.04130985893,0.0001041070355,1.30779389e-05,0,0.02268267402,0.902281313,1
2015-04,Direcional USD,0.05052915778,0.05054151326,0.0001041070355,1.235548409e-05,0,0.02088376924,0.9478728278,1
2015-05,Direcional USD,-0.02972731954,-0.02971548004,0.0001041070355,1.183949723e-05,0,0.022034033,0.9196951093,1
2015-06,Direcional USD,0.02122511649,0.02123017441,0.0001041070355,5.057926733e-06,0,0.01168478513,0.9392157452,1
2015-07,Direcional USD,-0.03527997594,-0.03527762172,0.0001041070355,2.354224721e-06,0,0.008193669503,0.9060802363,1
2015-08,Direcional USD,-0.003318453362,-0.003309191925,0.0001041070355,9.26143677e-06,0,0.02126577622,0.9030734513,1
2015-09,Direcional USD,-0.01567906308,-0.01566611557,0.0001041070355,1.294750536e-05,0,0.02507350038,0.8889141057,1
2015-10,Direcional USD,0.006467834434,0.00648196458,0.0001041070355,1.413014566e-05,0,0.02287071028,0.8946634549,1
2015-11,Direcional USD,-0.01625383986,-0.01624508826,0.0001041070355,8.751601336e-06,0,0.0178939396,0.8801217384,1
2015-12,Direcional USD,0.002764508164,0.002771910675,0.0001041070355,7.402511663e-06,0,0.01267750094,0.8825548421,1
2016-01,Direcional USD,-0.01316711199,-0.01315903688,0.0003119641739,8.075108641e-06,0,0.02456694261,0.8709341437,1
2016-02,Direcional USD,0.0173491756,0.01735088496,0.0003119641739,1.709353752e-06,0,0.008150879606,0.8860441331,1
2016-03,Direcional USD,0.05152902958,0.05153647722,0.0003119641739,7.447640319e-06,0,0.02807721069,0.9317011274,1
2016-04,Direcional USD,0.0258601739,0.02587248329,0.0003119641739,1.230939327e-05,0,0.02136625344,0.9557950806,1
2016-05,Direcional USD,-0.02338410114,-0.02337733121,0.0003119641739,6.769930195e-06,0,0.01707206213,0.9334446718,1
2016-06,Direcional USD,0.01624244896,0.01624646141,0.0003119641739,4.012445525e-06,0,0.01245002088,0.9486060992,1
2016-07,Direcional USD,-0.009889534138,-0.00986485155,0.0003119641739,2.468258841e-05,0,0.05425004249,0.9392248268,1
2016-08,Direcional USD,0.006271380717,0.006273637063,0.0003119641739,2.25634619e-06,0,0.006888733922,0.9451150633,1
2016-09,Direcional USD,0.00081030502,0.0008142383731,0.0003119641739,3.933353096e-06,0,0.006636881243,0.9458808947,1
2016-10,Direcional USD,-0.02455315795,-0.02455014145,0.0003119641739,3.016495448e-06,0,0.009252388447,0.9226565317,1
2016-11,Direcional USD,-0.02400815047,-0.02399562833,0.0003119641739,1.252213853e-05,0,0.02312592883,0.9005052549,1
2016-12,Direcional USD,0.001147623276,0.001157255305,0.0003119641739,9.632028473e-06,0,0.0280883652,0.9015386957,1
2017-01,Direcional USD,0.0305485798,0.03056020825,0.0005193472934,1.16284466e-05,0,0.02140933414,0.9290794225,1
2017-02,Direcional USD,-0.004701233305,-0.004696340027,0.0005193472934,4.893278022e-06,0,0.008624944489,0.9247116033,1
2017-03,Direcional USD,0.001299426325,0.001305295357,0.0005193472934,5.869031437e-06,0,0.0126682932,0.9259131979,1
2017-04,Direcional USD,0.009328431077,0.009331902375,0.0007262586484,3.471297714e-06,0,0.008126485268,0.9345505154,1
2017-05,Direcional USD,0.006086498192,0.006089819064,0.0007262586484,3.320871409e-06,0,0.01354698837,0.9402386554,1
2017-06,Direcional USD,0.01363051058,0.01363566074,0.0007262586484,5.150167682e-06,0,0.01160469407,0.9530545884,1
2017-07,Direcional USD,0.0310902532,0.03109577784,0.0009327004774,5.524641528e-06,0,0.01456037178,0.9826852968,1
2017-08,Direcional USD,-0.002220959287,-0.002214378908,0.0009327004774,6.580378103e-06,0,0.01396860573,0.9805027928,1
2017-09,Direcional USD,0.004416869014,0.004555168165,0.0009327004774,6.896628985e-05,6.933286136e-05,0.343113349,0.9848335452,1
2017-10,Direcional USD,-0.01325951328,-0.01318649718,0.0009327004774,4.559837641e-06,6.84562649e-05,0.01774441833,0.9717751317,1
2017-11,Direcional USD,0.00319437932,0.003267577401,0.0009327004774,2.494598412e-06,7.070348309e-05,0.007855725056,0.9748793501,1
2017-12,Direcional USD,0.008710335971,0.008779236841,0.0009327004774,6.890086999e-05,0,0.3408867152,0.9833708768,1
2018-01,Direcional USD,0.02820556831,0.0283490898,0.001138675003,7.139022966e-05,7.21312653e-05,0.3443940965,1.011107411,1
2018-02,Direcional USD,-0.01605531276,-0.01598074925,0.001138675003,6.473796667e-06,6.808970894e-05,0.01405532464,0.9948737655,1
2018-03,Direcional USD,-0.003127271626,-0.003052415271,0.001138675003,4.803475275e-06,7.005287971e-05,0.01824624547,0.991762525,1
2018-04,Direcional USD,-0.0172409749,-0.01716833602,0.00134418443,4.558444293e-06,6.808043998e-05,0.01188854054,0.9746635722,1
2018-05,Direcional USD,-0.01020461176,-0.01013131958,0.00134418443,6.032443852e-06,6.725973766e-05,0.01424563792,0.9647175088,1
2018-06,Direcional USD,-0.01674560581,-0.01666506535,0.00134418443,1.133937292e-05,6.920108368e-05,0.02033907099,0.9485627297,1
2018-07,Direcional USD,0.0113998684,0.01147256602,0.001549230951,2.788540904e-06,6.990907598e-05,0.007151920614,0.95937622,1
2018-08,Direcional USD,-0.02277238648,-0.02269728276,0.001549230951,6.162214652e-06,6.894150936e-05,0.01315575671,0.9375289339,1
2018-09,Direcional USD,0.010198015,0.0102838282,0.001549230951,1.681580213e-05,6.89974017e-05,0.02975350541,0.9470898681,1
2018-10,Direcional USD,0.0092131278,0.009289103639,0.00175381674,8.079131253e-06,6.789670737e-05,0.01773286895,0.9558155281,1
2018-11,Direcional USD,-0.006180920675,-0.006092858128,0.00175381674,1.836654795e-05,6.969599902e-05,0.03480885874,0.9499077081,1
2018-12,Direcional USD,0.004044256558,0.004120836911,0.00175381674,6.579549534e-06,7.000080341e-05,0.01223164676,0.9537493786,1
2019-01,Direcional USD,0.02215766318,0.02223051582,0.001957943956,3.177790099e-06,6.967484254e-05,0.01218409259,0.9748822361,1
2019-02,Direcional USD,-0.004692011049,-0.004612743206,0.001957943956,1.025863342e-05,6.900920966e-05,0.02009773062,0.9703080778,1
2019-03,Direcional USD,-0.008743428556,-0.008671206329,0.001957943956,3.878812879e-06,6.834341487e-05,0.01066657132,0.9618242585,1
2019-04,Direcional USD,-0.005884601477,-0.005809576535,0.001957943956,5.685510327e-06,6.933943144e-05,0.009201811442,0.956164306,1
2019-05,Direcional USD,-0.003789465675,-0.003718434609,0.001957943956,2.001453201e-06,6.902961196e-05,0.004863569947,0.9525409542,1
2019-06,Direcional USD,0.01935293401,0.01942707839,0.001957943956,3.273796865e-06,7.087057911e-05,0.01198050923,0.9709754165,1
2019-07,Direcional USD,-0.01429524525,-0.0142221982,0.001957943956,7.304705377e-05,0,0.3456076827,0.9570950847,1
2019-08,Direcional USD,-0.01391540631,-0.01377280978,0.001957943956,7.386819875e-05,6.872833034e-05,0.3474770641,0.9437767178,1
2019-09,Direcional USD,0.003055498648,0.003138740369,0.00175381674,1.47223129e-05,6.85194088e-05,0.02427436554,0.9466604262,1
2019-10,Direcional USD,0.02491551448,0.02498289657,0.001549230951,6.738209224e-05,0,0.3357261972,0.9702469578,1
2019-11,Direcional USD,-0.01469078406,-0.01468453618,0.00134418443,6.247880856e-06,0,0.01651673161,0.9559932693,1
2019-12,Direcional USD,0.02803671038,0.02804490475,0.00134418443,8.19437137e-06,0,0.01328371078,0.9827961757,1
2020-01,Direcional USD,-0.02228307293,-0.02227749027,0.00134418443,5.582655121e-06,0,0.009295217653,0.9608964568,1
2020-02,Direcional USD,-0.0151742193,-0.01516633038,0.00134418443,7.888913598e-06,0,0.01619709986,0.9463156033,1
2020-03,Direcional USD,-0.04442856749,-0.04442204214,0.00134418443,6.525351843e-06,0,0.01160062267,0.9042721566,1
2020-04,Direcional USD,0.008452080858,0.008471933807,0.0001041070355,1.985294831e-05,0,0.03545075186,0.911915138,1
2020-05,Direcional USD,0.0109547779,0.01096399504,0.0001041070355,9.217130968e-06,0,0.01835291029,0.9219049658,1
2020-06,Direcional USD,-0.002708939757,-0.002705274691,0.0001041070355,3.665065782e-06,0,0.01408517775,0.9194075808,1
2020-07,Direcional USD,0.05245471246,0.05245803039,0.0001041070355,3.31792763e-06,0,0.007009626335,0.9676348411,1
2020-08,Direcional USD,-1.87900736e-05,-1.395149563e-05,0.0001041070355,4.838577968e-06,0,0.01835088899,0.9676166592,1
2020-09,Direcional USD,-0.02756338922,-0.02755358892,0.0001041070355,9.800297817e-06,0,0.01823424576,0.9409458646,1
2020-10,Direcional USD,0.004582324302,0.004587287064,0.0001041070355,4.96276116e-06,0,0.01401800042,0.9452575837,1
2020-11,Direcional USD,0.03630629368,0.03631150497,0.0001041070355,5.211293543e-06,0,0.009584078344,0.9795763831,1
2020-12,Direcional USD,0.02271460696,0.02272585285,0.0001041070355,1.12458916e-05,0,0.01998508031,1.001827076,1
2021-01,Direcional USD,-0.01572418091,-0.01572269378,0.0001041070355,1.487128959e-06,0,0.005977087167,0.9860741655,1
2021-02,Direcional USD,0.000658251407,0.0006657621019,0.0001041070355,7.510694825e-06,0,0.01306797719,0.9867232502,1
2021-03,Direcional USD,-0.027690872,-0.02768900761,0.0001041070355,1.864391155e-06,0,0.008013049404,0.9594000229,1
2021-04,Direcional USD,0.03344739074,0.03345284432,0.0001041070355,5.45357944e-06,0,0.01617700701,0.9914894504,1
2021-05,Direcional USD,0.01299510292,0.0130040389,0.0001041070355,8.935978994e-06,0,0.01574270201,1.004373958,1
2021-06,Direcional USD,-0.008735922803,-0.008732974189,0.0001041070355,2.94861348e-06,0,0.007612013818,0.9955998245,1
2021-07,Direcional USD,-0.002851153276,-0.002837700383,0.0001041070355,1.345289374e-05,0,0.02201169237,0.9927612168,1
2021-08,Direcional USD,-0.007696361694,-0.007691817419,0.0001041070355,4.544275481e-06,0,0.008591285292,0.9851205674,1
2021-09,Direcional USD,-0.02259768537,-0.0225960467,0.0001041070355,1.638664049e-06,0,0.004700023524,0.9628591227,1
2021-10,Direcional USD,0.006209080289,0.006212076603,0.0001041070355,2.996314857e-06,0,0.005184256626,0.9688375923,1
2021-11,Direcional USD,-0.0209985481,-0.02098811971,0.0001041070355,1.042839024e-05,0,0.02201718508,0.9484934096,1
2021-12,Direcional USD,0.001002265262,0.001011628986,0.0001041070355,9.363723765e-06,0,0.02146875678,0.9494440516,1
2022-01,Direcional USD,-0.003476289165,-0.003472853641,0.0001041070355,3.435524013e-06,0,0.008808947547,0.9461435095,1
2022-02,Direcional USD,0.00782794146,0.007837885538,0.0001041070355,9.944077376e-06,0,0.01576131833,0.9535498655,1
2022-03,Direcional USD,0.007295583087,0.007304156539,0.0001041070355,8.573451726e-06,0,0.0138690567,0.9605065678,1
2022-04,Direcional USD,-0.03930445815,-0.03928642709,0.0003119641739,1.803105956e-05,0,0.03421664083,0.9227543776,1
2022-05,Direcional USD,0.01221720021,0.01222379686,0.0003119641739,6.596652663e-06,0,0.01595180974,0.9340278525,1
2022-06,Direcional USD,-0.04606460922,-0.04605873838,0.0007262586484,5.870843338e-06,0,0.01051639847,0.8910022245,1
2022-07,Direcional USD,0.007676834328,0.007685173357,0.00134418443,8.339029006e-06,0,0.01784705325,0.897842301,1
2022-08,Direcional USD,-0.02427421701,-0.02427048109,0.001957943956,3.735912415e-06,0,0.009928865995,0.8760478821,1
2022-09,Direcional USD,-0.03985549076,-0.03984633257,0.001957943956,9.158196909e-06,0,0.01714019386,0.8411325638,1
2022-10,Direcional USD,0.01463487685,0.01463691336,0.002567595531,2.036516178e-06,0,0.006650564305,0.8534424353,1
2022-11,Direcional USD,0.03874766927,0.03875236504,0.002567595531,4.69577391e-06,0,0.01579837665,0.8865113406,1
2022-12,Direcional USD,0.01949291648,0.01949963087,0.003173196228,6.71438232e-06,0,0.01615740363,0.9037920321,1
2023-01,Direcional USD,0.01787776263,0.01788141822,0.003574707178,3.655592532e-06,0,0.01456742929,0.9199498115,1
2023-02,Direcional USD,-0.01400618231,-0.0139999256,0.003574707178,6.256718037e-06,0,0.01158548507,0.9070648267,1
2023-03,Direcional USD,0.02146873964,0.02147243726,0.003774801921,3.697620311e-06,0,0.0123854759,0.9265383653,1
2023-04,Direcional USD,0.005326140922,0.005330376154,0.003974458863,4.235231234e-06,0,0.00966278975,0.9314732392,1
2023-05,Direcional USD,-0.01775277553,-0.0177477373,0.003974458863,5.038227547e-06,0,0.01145605194,0.9149370039,1
2023-06,Direcional USD,0.01789341507,0.01789858002,0.004173680002,5.164949391e-06,0,0.01532879045,0.9313083515,1
2023-07,Direcional USD,0.02304360462,0.02305330844,0.004173680002,9.703823755e-06,0,0.02161428973,0.9527690529,1
2023-08,Direcional USD,-0.02027314305,-0.02026868642,0.004372467323,4.456632217e-06,0,0.009945213081,0.9334534296,1
2023-09,Direcional USD,-0.01206476684,-0.01206282487,0.004372467323,1.941967244e-06,0,0.006736844302,0.9221915316,1
2023-10,Direcional USD,-0.009360129704,-0.009356731124,0.004372467323,3.398579421e-06,0,0.0138260667,0.9135596993,1
2023-11,Direcional USD,0.03806797859,0.03807135133,0.004372467323,3.372732402e-06,0,0.0099443936,0.9483370703,1
2023-12,Direcional USD,0.02810748969,0.02811081432,0.004372467323,3.324638112e-06,0,0.01225728672,0.9749924448,1
2024-01,Direcional USD,-0.01840434796,-0.01840183945,0.004372467323,2.508514357e-06,0,0.01088362023,0.9570483445,1
2024-02,Direcional USD,-0.001802376127,-0.001798838434,0.004372467323,3.537693085e-06,0,0.01264596347,0.9553233835,1
2024-03,Direcional USD,-0.001965340833,-0.001963289736,0.004372467323,2.05109727e-06,0,0.006588192562,0.9534458474,1
2024-04,Direcional USD,-0.01532804706,-0.01532445809,0.004372467323,3.588968069e-06,0,0.009402156746,0.9388313846,1
2024-05,Direcional USD,0.01337945659,0.01338193576,0.004372467323,2.479167687e-06,0,0.01085327052,0.9513924383,1
2024-06,Direcional USD,-0.01431697949,-0.01431135002,0.004372467323,5.629472752e-06,0,0.01289165065,0.9377713723,1
2024-07,Direcional USD,0.01271429844,0.01272167439,0.004372467323,7.375955101e-06,0,0.01368766539,0.9496944774,1
2024-08,Direcional USD,0.03099506001,0.03100297313,0.004372467323,7.913121779e-06,0,0.02105178829,0.9791303147,1
2024-09,Direcional USD,0.01919748962,0.01920198238,0.004372467323,4.492762188e-06,0,0.007949874568,0.9979271588,1
2024-10,Direcional USD,-0.0413947389,-0.04138930131,0.003974458863,5.437594769e-06,0,0.009351862273,0.9566182246,1
2024-11,Direcional USD,-0.01617690703,-0.0161717652,0.003974458863,5.141828033e-06,0,0.01656774854,0.9411431005,1
2024-12,Direcional USD,-0.01736883244,-0.01736148308,0.003774801921,7.349362331e-06,0,0.01551975258,0.9247965437,1
2025-01,Direcional USD,0.01340416193,0.01340799374,0.003574707178,3.831810498e-06,0,0.01069780309,0.9371926663,1
2025-02,Direcional USD,0.0160163852,0.01602767439,0.003574707178,1.128918876e-05,0,0.01848979331,0.9522031051,1
2025-03,Direcional USD,0.03020151544,0.03020408976,0.003574707178,2.574318421e-06,0,0.00886451612,0.9809610819,1
2025-04,Direcional USD,0.04294729936,0.0429529307,0.003574707178,5.631338713e-06,0,0.01774285153,1.023090711,1
2025-05,Direcional USD,0.003139386678,0.003140458469,0.003574707178,1.07179098e-06,0,0.004115796761,1.026302588,1
2025-06,Direcional USD,0.009112673566,0.009252461076,0.003574707178,6.800964478e-05,7.177786477e-05,0.3370914757,1.035654949,1
2025-07,Direcional USD,-0.01253477109,-0.01245907655,0.003574707178,7.873673946e-06,6.782086178e-05,0.01500460925,1.022673251,1
2025-08,Direcional USD,0.01720598793,0.01728043178,0.003574707178,3.713147301e-06,7.073071054e-05,0.01223916961,1.040269355,1
2025-09,Direcional USD,0.004549812933,0.004624744516,0.003574707178,4.992711312e-06,6.993887112e-05,0.008363331422,1.045002386,1
2025-10,Direcional USD,-0.008187526834,-0.008113399982,0.003374172623,5.788462934e-06,6.833838949e-05,0.0101748987,1.036446401,1
2025-11,Direcional USD,0.003933981897,0.004006946089,0.003173196228,3.447620645e-06,6.951657132e-05,0.01139885114,1.040523762,1
2025-12,Direcional USD,0.008395115059,0.008469414641,0.003173196228,3.750392556e-06,7.054918902e-05,0.007866280905,1.049259079,1
2026-01,Direcional USD,0.02546193497,0.02553890759,0.002971775953,6.529378948e-06,7.044323957e-05,0.01601479711,1.075975245,1
2026-02,Direcional USD,-0.003703831864,-0.003627325827,0.002971775953,7.725787813e-06,6.878024948e-05,0.01367902749,1.071990014,1
2026-03,Direcional USD,-0.01227803643,-0.0122037021,0.002971775953,6.695785442e-06,6.763853884e-05,0.013043413,1.058828081,1
2026-04,Direcional USD,0.02306405449,0.02313936847,0.002971775953,4.637491938e-06,7.067648594e-05,0.0127913316,1.08324895,1
2026-05,Direcional USD,-0.002654995428,-0.002579234248,0.002971775953,6.660880235e-06,6.910029939e-05,0.008364685829,1.080372929,1
2026-06,Direcional USD,-0.01623128526,-0.01616211379,0.002971775953,1.218057206e-06,6.79534131e-05,0.004717557222,1.062837088,1
2026-07,Direcional USD,0.01645377405,0.01652644068,0.002971775953,2.667554797e-06,6.999907418e-05,0.009543462504,1.080324769,1
2026-08,Direcional USD,0.004452987745,0.004872296099,0.002971775953,0.0004193083542,0,1.341389422,1.085135442,1
2010-03,Coortes 60m,-8.523262215e-05,-7.794964521e-05,0.0001041070355,3.75e-06,3.532976942e-06,0.01666666667,0.9999147674,0.01666666667
2010-04,Coortes 60m,0.0001686832729,0.0001793514173,0.0001041070355,3.729234923e-06,6.93890949e-06,0.01655214145,1.000083436,0.03333333333
2010-05,Coortes 60m,-0.0001869418883,-0.0001700128926,0.0001041070355,7.075590512e-06,9.853405151e-06,0.0166166903,0.9998964788,0.05
2010-06,Coortes 60m,0.0008276441602,0.0008490193952,0.0001041070355,7.483907298e-06,1.389132766e-05,0.01956735628,1.000724037,0.06666666667
2010-07,Coortes 60m,0.0009530983711,0.0009777961665,0.0001041070355,6.85512426e-06,1.784267116e-05,0.01608956388,1.001677826,0.08333333333
2010-08,Coortes 60m,0.0001196287424,0.0001419801357,0.0001041070355,3.659704908e-06,1.869168838e-05,0.01530634481,1.001797655,0.09166666667
2010-09,Coortes 60m,0.001471061241,0.001498728274,0.0001041070355,4.232436724e-06,2.343459619e-05,0.01850996822,1.003271361,0.1083333333
2010-10,Coortes 60m,-0.0007780811534,-0.0007484867608,0.0001041070355,3.271401833e-06,2.632299074e-05,0.01337448376,1.002490734,0.125
2010-11,Coortes 60m,-0.001112605233,-0.001078651668,0.0001041070355,6.655288109e-06,2.729827693e-05,0.0162150568,1.001375358,0.1333333333
2010-12,Coortes 60m,-0.0004686500746,-0.000430874297,0.0001041070355,7.418029511e-06,3.035774812e-05,0.01980830988,1.000906063,0.1416666667
2011-01,Coortes 60m,0.002518747251,0.002554849218,0.0001041070355,3.176390631e-06,3.292557636e-05,0.01379736343,1.003427093,0.1583333333
2011-02,Coortes 60m,0.0006805792863,0.0007209124902,0.0001041070355,3.342074748e-06,3.699112921e-05,0.01512974014,1.004110004,0.175
2011-03,Coortes 60m,-0.0005616685647,-0.000516703802,0.0001041070355,6.622435413e-06,3.834232726e-05,0.015645071,1.003546027,0.1833333333
2011-04,Coortes 60m,0.001831449292,0.001880925688,0.0001041070355,6.834484975e-06,4.264191046e-05,0.01737231204,1.005383971,0.2
2011-05,Coortes 60m,0.0003957290646,0.0004464695291,0.0001041070355,6.437809631e-06,4.43026548e-05,0.01522270042,1.005781831,0.2166666667
2011-06,Coortes 60m,-0.003588887823,-0.003532407629,0.0001041070355,7.454848323e-06,4.902534585e-05,0.02030770781,1.002172192,0.2333333333
2011-07,Coortes 60m,-0.000735238368,-0.0006754437103,0.0001041070355,6.856963471e-06,5.293769421e-05,0.01847190938,1.001435357,0.25
2011-08,Coortes 60m,0.001432045069,0.001493424049,0.0001041070355,6.388136854e-06,5.499084258e-05,0.015568145,1.002869458,0.2666666667
2011-09,Coortes 60m,-0.002746314272,-0.002682813997,0.0001041070355,7.31130179e-06,5.618897322e-05,0.019063111,1.000115263,0.2833333333
2011-10,Coortes 60m,0.003656532156,0.00373346449,0.0001041070355,1.256995316e-05,6.436238069e-05,0.03218753728,1.003772217,0.3
2011-11,Coortes 60m,-0.003179806004,-0.003111610247,0.0001041070355,3.408261509e-06,6.478749587e-05,0.01149780933,1.000580416,0.3166666667
2011-12,Coortes 60m,-0.001167479243,-0.001088520712,0.0001041070355,9.940841494e-06,6.90176898e-05,0.02440899195,0.9994122587,0.3333333333
2012-01,Coortes 60m,0.002488057664,0.002570245934,0.0001041070355,7.78343399e-06,7.440483693e-05,0.0193430935,1.001898854,0.35
2012-02,Coortes 60m,0.004940103223,0.005018584059,0.0001041070355,2.692839969e-06,7.578799608e-05,0.009995533496,1.006848338,0.3666666667
2012-03,Coortes 60m,-0.0003182199506,-0.0002330169241,0.0001041070355,6.339981828e-06,7.886304469e-05,0.01905261218,1.006527939,0.3833333333
2012-04,Coortes 60m,-0.003420625587,-0.003326124273,0.0001041070355,9.969515622e-06,8.453179851e-05,0.02148413846,1.003084983,0.4
2012-05,Coortes 60m,-0.005565626245,-0.005474096794,0.0001041070355,6.956012396e-06,8.457343914e-05,0.01276143118,0.9975021873,0.4166666667
2012-06,Coortes 60m,0.001065755734,0.001168184329,0.0001041070355,1.199388134e-05,9.04347128e-05,0.03051948104,0.9985652809,0.4333333333
2012-07,Coortes 60m,-0.001222978895,-0.001120040457,0.0001041070355,7.862567414e-06,9.507586996e-05,0.0187069832,0.9973440567,0.45
2012-08,Coortes 60m,0.001122752454,0.001226213188,0.0001041070355,5.455243713e-06,9.80054902e-05,0.01273337518,0.9984638272,0.4666666667
2012-09,Coortes 60m,0.001521025877,0.001629185635,0.0001041070355,6.300348327e-06,0.0001018594094,0.01558123817,0.9999825165,0.4833333333
2012-10,Coortes 60m,0.004261294304,0.004368336316,0.0001041070355,5.006910037e-06,0.0001020351022,0.0120940707,1.004243736,0.5
2012-11,Coortes 60m,-0.001495595324,-0.001380643533,0.0001041070355,8.257107133e-06,0.0001066946844,0.02453324815,1.002741794,0.5166666667
2012-12,Coortes 60m,0.009209728757,0.009328929349,0.0001041070355,9.698646127e-06,0.0001095019464,0.02172275873,1.011976774,0.5333333333
2013-01,Coortes 60m,0.006575774838,0.006693859575,0.0001041070355,5.801368705e-06,0.000112283369,0.02109280284,1.018631305,0.55
2013-02,Coortes 60m,0.000906090692,0.001027926342,0.0001041070355,6.175966584e-06,0.0001156596833,0.02556589246,1.019554278,0.5666666667
2013-03,Coortes 60m,-0.0006392335644,-0.0005138404338,0.0001041070355,6.376130756e-06,0.0001190169998,0.0270395932,1.018902544,0.575
2013-04,Coortes 60m,0.005036457871,0.005161734138,0.0001041070355,4.177114159e-06,0.0001210991526,0.01607904043,1.024034204,0.5833333333
2013-05,Coortes 60m,-0.001622721054,-0.001501153235,0.0001041070355,2.6293421e-06,0.0001189384772,0.01081597136,1.022372482,0.5833333333
2013-06,Coortes 60m,-0.002311769161,-0.002180196909,0.0001041070355,8.74147405e-06,0.0001228307772,0.0247399256,1.020008993,0.5916666667
2013-07,Coortes 60m,-0.007350811795,-0.007213566275,0.0001041070355,1.030126439e-05,0.0001269442558,0.02355575779,1.012511099,0.6
2013-08,Coortes 60m,0.004980138225,0.005113451868,0.0001041070355,8.35460367e-06,0.0001249590387,0.01677337115,1.017553544,0.6083333333
2013-09,Coortes 60m,0.007986532198,0.008128292061,0.0001041070355,1.093980702e-05,0.0001308200562,0.02675739118,1.025680268,0.6166666667
2013-10,Coortes 60m,0.004578203862,0.004711176661,0.0001041070355,3.751424232e-06,0.0001292213748,0.016120905,1.030376042,0.625
2013-11,Coortes 60m,0.002059857549,0.002194209505,0.0001041070355,4.446493462e-06,0.000129905462,0.01786394502,1.03249847,0.6333333333
2013-12,Coortes 60m,0.003033593369,0.003179632647,0.0001041070355,1.305630034e-05,0.0001329829777,0.02582395963,1.03563065,0.6416666667
2014-01,Coortes 60m,0.00570980887,0.005849666507,0.0001041070355,8.517116727e-06,0.0001313405201,0.01950645898,1.041543903,0.65
2014-02,Coortes 60m,0.006756003767,0.006905883844,0.0001041070355,1.309349778e-05,0.000136786579,0.03446544849,1.048580578,0.65
2014-03,Coortes 60m,0.002862339751,0.003002919131,0.0001041070355,4.941173027e-06,0.0001356382065,0.01519654124,1.051581972,0.65
2014-04,Coortes 60m,0.001415869254,0.001555298137,0.0001041070355,3.176912434e-06,0.0001362519704,0.0138173786,1.053070874,0.65
2014-05,Coortes 60m,0.0005798342704,0.000721567588,0.0001041070355,5.856087369e-06,0.0001358772302,0.0175396446,1.053681481,0.65
2014-06,Coortes 60m,0.002902976574,0.003044863931,0.0001041070355,5.095438039e-06,0.000136791919,0.01875101169,1.056740293,0.65
2014-07,Coortes 60m,0.002258552939,0.002396645911,0.0001041070355,3.791777694e-06,0.0001343011943,0.01397238688,1.059126997,0.6583333333
2014-08,Coortes 60m,-0.0006275662619,-0.0004775785791,0.0001041070355,1.130636878e-05,0.000138681314,0.02821470542,1.058462325,0.6666666667
2014-09,Coortes 60m,-0.004628433073,-0.004489906486,0.0001041070355,4.591132222e-06,0.0001339354554,0.01466130437,1.053563303,0.6666666667
2014-10,Coortes 60m,0.00140247384,0.00156232885,0.0001041070355,2.037077151e-05,0.0001394842382,0.03974003296,1.055040898,0.675
2014-11,Coortes 60m,-0.004554965347,-0.004407307699,0.0001041070355,6.690288348e-06,0.0001409673598,0.02062710447,1.050235223,0.6833333333
2014-12,Coortes 60m,-4.483902964e-05,0.000107744914,0.0001041070355,1.135346945e-05,0.0001412304742,0.02327371945,1.050188132,0.6916666667
2015-01,Coortes 60m,0.02183791293,0.02198577807,0.0001041070355,1.348124093e-05,0.0001343839072,0.02989721672,1.073122049,0.7
2015-02,Coortes 60m,-0.01208141105,-0.01191404302,0.0001041070355,1.846250849e-05,0.0001489055285,0.06365907505,1.06015722,0.7083333333
2015-03,Coortes 60m,-0.01409943315,-0.01393573071,0.0001041070355,2.246208642e-05,0.000141240354,0.04999803945,1.045209604,0.7
2015-04,Coortes 60m,0.007592554044,0.007768529109,0.0001041070355,2.396954245e-05,0.0001520055229,0.03780903112,1.053145415,0.6916666667
2015-05,Coortes 60m,-0.001504468877,-0.001346252378,0.0001041070355,1.836695992e-05,0.0001398495391,0.04862382365,1.05156099,0.6916666667
2015-06,Coortes 60m,0.005303853192,0.005470557623,0.0001041070355,2.098805985e-05,0.0001457163713,0.03467348855,1.057138315,0.6916666667
2015-07,Coortes 60m,-0.002402094729,-0.00225301547,0.0001041070355,9.096284106e-06,0.0001399829745,0.02633920674,1.054598969,0.7
2015-08,Coortes 60m,-0.01335118549,-0.01317801396,0.0001041070355,2.571526775e-05,0.0001474562615,0.05195111044,1.040518822,0.7083333333
2015-09,Coortes 60m,-0.01712831069,-0.0169604621,0.0001041070355,1.965630086e-05,0.0001481922919,0.03871884957,1.022696493,0.7166666667
2015-10,Coortes 60m,0.009149217195,0.009325622668,0.0001041070355,2.480339389e-05,0.0001516020792,0.04607192008,1.032053365,0.725
2015-11,Coortes 60m,0.0102602668,0.0104214814,0.0001041070355,1.389922222e-05,0.000147315384,0.03921806769,1.042642508,0.725
2015-12,Coortes 60m,-0.0009673499101,-0.0008098274953,0.0001041070355,7.589924733e-06,0.0001499324901,0.02988261628,1.041633908,0.725
2016-01,Coortes 60m,-0.003292892692,-0.003126959651,0.0003119641739,1.41839091e-05,0.0001517491315,0.03752888559,1.038203919,0.7333333333
2016-02,Coortes 60m,0.003469109794,0.003638150735,0.0003119641739,1.166678554e-05,0.0001573741555,0.03079691256,1.041805562,0.7416666667
2016-03,Coortes 60m,0.01183335423,0.0120063017,0.0003119641739,1.110219502e-05,0.0001618452781,0.0316134952,1.054133617,0.7416666667
2016-04,Coortes 60m,0.009944942003,0.01013243206,0.0003119641739,2.839806813e-05,0.0001590919918,0.04690024006,1.064616914,0.75
2016-05,Coortes 60m,0.005473014017,0.005635763695,0.0003119641739,1.135734312e-05,0.000151392335,0.02032912229,1.070443578,0.75
2016-06,Coortes 60m,0.03229240886,0.03245824706,0.0003119641739,9.656365847e-06,0.0001561818346,0.02998328116,1.105010779,0.75
2016-07,Coortes 60m,0.001263269972,0.001440000877,0.0003119641739,2.189599617e-05,0.0001548349092,0.03204475444,1.106406706,0.75
2016-08,Coortes 60m,0.004520170521,0.004679394776,0.0003119641739,2.321588942e-06,0.0001569026667,0.006573297876,1.111407853,0.75
2016-09,Coortes 60m,0.004333771482,0.004496700012,0.0003119641739,6.956107377e-06,0.000155972423,0.01490242556,1.116224441,0.75
2016-10,Coortes 60m,0.008769268811,0.00892698701,0.0003119641739,2.897572381e-06,0.0001548206264,0.01057765951,1.126012913,0.7583333333
2016-11,Coortes 60m,-0.01395123939,-0.01378651054,0.0003119641739,8.863349755e-06,0.0001558655007,0.02328163824,1.110303637,0.7583333333
2016-12,Coortes 60m,0.01124871308,0.01141928784,0.0003119641739,1.353283982e-05,0.0001570419243,0.03102390348,1.122793124,0.7583333333
2017-01,Coortes 60m,0.007599730957,0.007777695844,0.0005193472934,1.417000738e-05,0.0001637948794,0.03046462381,1.13132605,0.7666666667
2017-02,Coortes 60m,0.010579133,0.01075115393,0.0005193472934,1.268134239e-05,0.000159339585,0.01921608039,1.143294499,0.775
2017-03,Coortes 60m,-0.00170646114,-0.00153800741,0.0005193472934,5.256360649e-06,0.0001631973689,0.01952417171,1.141343511,0.7833333333
2017-04,Coortes 60m,0.00290760928,0.003076671599,0.0007262586484,3.876031453e-06,0.0001651862872,0.01032760665,1.144662092,0.7916666667
2017-05,Coortes 60m,-0.01041198298,-0.01023941942,0.0007262586484,2.579625202e-06,0.0001699839324,0.01088867051,1.13274389,0.8
2017-06,Coortes 60m,-0.01251900816,-0.01234287942,0.0007262586484,3.073383444e-06,0.0001730553593,0.0113280537,1.11856306,0.8083333333
2017-07,Coortes 60m,0.003167544833,0.003348754181,0.0009327004774,5.425527776e-06,0.0001757838199,0.01886507584,1.122106159,0.8166666667
2017-08,Coortes 60m,0.0001055545612,0.0002926528214,0.0009327004774,1.545476032e-05,0.0001716434999,0.0243856556,1.122224602,0.825
2017-09,Coortes 60m,-0.002562285208,-0.002385154914,0.0009327004774,2.542164212e-06,0.0001745881294,0.01082609288,1.119349143,0.8333333333
2017-10,Coortes 60m,0.0046615599,0.004836566472,0.0009327004774,3.806855334e-06,0.0001711997169,0.01664384629,1.124567056,0.8416666667
2017-11,Coortes 60m,0.0005953981293,0.0007856636207,0.0009327004774,1.147260121e-05,0.0001787928902,0.03525585173,1.125236621,0.85
2017-12,Coortes 60m,-0.009837022397,-0.009650610035,0.0009327004774,4.191752652e-06,0.0001822206097,0.01389330486,1.114167643,0.8583333333
2018-01,Coortes 60m,0.006806029023,0.00699488409,0.001138675003,4.302192597e-06,0.0001845528743,0.02027682678,1.1217507,0.8583333333
2018-02,Coortes 60m,0.0113807935,0.01156867132,0.001138675003,1.436980954e-05,0.0001735080117,0.02747357268,1.134517113,0.8583333333
2018-03,Coortes 60m,-0.002290572122,-0.002095389252,0.001138675003,1.635377937e-05,0.0001788290906,0.03317685706,1.13191842,0.8583333333
2018-04,Coortes 60m,-0.007797848335,-0.00760960639,0.00134418443,1.162865371e-05,0.0001766132919,0.02382790912,1.123091892,0.8583333333
2018-05,Coortes 60m,-0.006639695233,-0.006448342939,0.00134418443,1.732093019e-05,0.0001740313639,0.03912404164,1.115634904,0.85
2018-06,Coortes 60m,-0.002077376638,-0.001881506771,0.00134418443,2.313102628e-05,0.0001727388404,0.040006349,1.11331731,0.8416666667
2018-07,Coortes 60m,0.004410890355,0.004594922476,0.001549230951,8.434414586e-06,0.0001755977065,0.01619524457,1.118228031,0.8333333333
2018-08,Coortes 60m,-0.02031727344,-0.02013608795,0.001549230951,1.031017274e-05,0.0001708753176,0.01737794104,1.095508686,0.825
2018-09,Coortes 60m,0.008973186295,0.009167412339,0.001549230951,2.266271613e-05,0.0001715633276,0.03174729171,1.10533889,0.825
2018-10,Coortes 60m,0.03120976333,0.0313891129,0.00175381674,1.041495841e-05,0.0001689346091,0.01831374908,1.139836255,0.825
2018-11,Coortes 60m,-0.006507226661,-0.006316598138,0.00175381674,1.927434899e-05,0.0001713541739,0.03840694373,1.132419082,0.825
2018-12,Coortes 60m,0.008341213736,0.008521945161,0.00175381674,9.628838197e-06,0.0001711025864,0.01949867843,1.141864831,0.825
2019-01,Coortes 60m,0.01354456062,0.01372485286,0.001957943956,5.639000763e-06,0.0001746532373,0.01958131883,1.157330889,0.825
2019-02,Coortes 60m,-0.002949943358,-0.002762813289,0.001957943956,1.780512477e-05,0.0001693249446,0.03521945076,1.153916828,0.8166666667
2019-03,Coortes 60m,-0.002107222721,-0.001935710233,0.001957943956,7.282737137e-06,0.0001642297508,0.01906665489,1.151485269,0.8
2019-04,Coortes 60m,0.002050854599,0.002230934002,0.001957943956,1.401843378e-05,0.000166060969,0.03074811765,1.153846797,0.8
2019-05,Coortes 60m,0.004352407777,0.004524696024,0.001957943956,5.083206857e-06,0.0001672050395,0.0186747088,1.158868809,0.8083333333
2019-06,Coortes 60m,0.004438090606,0.004622138882,0.001957943956,9.279671482e-06,0.0001747686044,0.02787188401,1.164011974,0.8166666667
2019-07,Coortes 60m,0.008791747695,0.008974445619,0.001957943956,1.655828444e-05,0.0001661396392,0.03725189778,1.174245674,0.8083333333
2019-08,Coortes 60m,-0.01402641576,-0.01385400127,0.001957943956,5.728670455e-06,0.0001666858244,0.01882384908,1.157775216,0.8083333333
2019-09,Coortes 60m,0.003645418607,0.003836685318,0.00175381674,2.220951084e-05,0.0001690571999,0.03855632257,1.161995791,0.8166666667
2019-10,Coortes 60m,0.007856903677,0.008032549338,0.001549230951,4.401835448e-06,0.0001712438257,0.01909581753,1.17112548,0.8083333333
2019-11,Coortes 60m,-0.007657277124,-0.007478757887,0.00134418443,1.24235233e-05,0.0001660957145,0.02157114235,1.162157847,0.8083333333
2019-12,Coortes 60m,0.008400862862,0.008586870197,0.00134418443,1.365852711e-05,0.000172348808,0.02101469771,1.171920976,0.8083333333
2020-01,Coortes 60m,-0.007837357324,-0.007656649092,0.00134418443,1.51759838e-05,0.0001655322481,0.02627398899,1.162736213,0.8083333333
2020-02,Coortes 60m,-0.006704906484,-0.006523229912,0.00134418443,1.505454465e-05,0.0001666220273,0.02550782058,1.154940175,0.8083333333
2020-03,Coortes 60m,-0.02507822499,-0.02489861372,0.00134418443,1.390100853e-05,0.0001657102647,0.02872064801,1.125976326,0.8166666667
2020-04,Coortes 60m,-0.007752014616,-0.007545656283,0.0001041070355,3.480753736e-05,0.0001715507957,0.05892542774,1.117247741,0.8166666667
2020-05,Coortes 60m,-0.003527790142,-0.003342478096,0.0001041070355,1.209773841e-05,0.0001732143078,0.03623396355,1.113306325,0.8166666667
2020-06,Coortes 60m,-0.00612102364,-0.005942392025,0.0001041070355,6.010258695e-06,0.0001726213563,0.01749754598,1.106491751,0.825
2020-07,Coortes 60m,0.007354280709,0.007541012569,0.0001041070355,5.828693828e-06,0.0001809031663,0.01738775657,1.114629202,0.8333333333
2020-08,Coortes 60m,-0.01721041396,-0.01701610389,0.0001041070355,1.620236845e-05,0.0001781076958,0.03001360527,1.095445972,0.8416666667
2020-09,Coortes 60m,-0.006707201555,-0.006522675819,0.0001041070355,1.12335033e-05,0.0001732922326,0.02647586546,1.088098595,0.85
2020-10,Coortes 60m,-0.003081394474,-0.002887141093,0.0001041070355,1.499786395e-05,0.0001792555171,0.03677814782,1.084745734,0.8583333333
2020-11,Coortes 60m,0.01765672878,0.01784854673,0.0001041070355,6.703617206e-06,0.0001851143333,0.01695972198,1.103898795,0.8666666667
2020-12,Coortes 60m,0.001886507355,0.002093659426,0.0001041070355,2.104462482e-05,0.0001861074461,0.03135320786,1.105981308,0.875
2021-01,Coortes 60m,-0.01115209535,-0.01096189574,0.0001041070355,7.621364958e-06,0.0001825782509,0.01713875807,1.093647299,0.8833333333
2021-02,Coortes 60m,-0.00177214608,-0.001574024305,0.0001041070355,1.1582727e-05,0.0001865390482,0.01672669961,1.091709196,0.8916666667
2021-03,Coortes 60m,-0.008995846727,-0.008810165314,0.0001041070355,1.313257093e-06,0.0001843681555,0.005413881026,1.081888348,0.9
2021-04,Coortes 60m,0.01134972404,0.01155385514,0.0001041070355,1.122328205e-05,0.0001929078142,0.02114382478,1.094167482,0.9
2021-05,Coortes 60m,0.002748582991,0.002957287911,0.0001041070355,1.874666013e-05,0.0001899582599,0.02682797641,1.097174892,0.9
2021-06,Coortes 60m,0.02125611664,0.02144555448,0.0001041070355,6.781835713e-06,0.0001826560057,0.01248321688,1.12049657,0.9
2021-07,Coortes 60m,-0.005009889047,-0.004807731401,0.0001041070355,1.493613935e-05,0.0001872215064,0.03798454296,1.114883006,0.9
2021-08,Coortes 60m,-0.0007907129085,-0.0005978813201,0.0001041070355,6.815006645e-06,0.0001860165818,0.01541776316,1.114001454,0.9
2021-09,Coortes 60m,-0.005956976194,-0.005764279111,0.0001041070355,6.714683609e-06,0.0001859823995,0.02204157383,1.107365374,0.9083333333
2021-10,Coortes 60m,-0.01324283468,-0.01303953014,0.0001041070355,1.08068219e-05,0.0001924977183,0.02212705705,1.092700717,0.9083333333
2021-11,Coortes 60m,0.00885428127,0.009051938817,0.0001041070355,1.209760622e-05,0.0001855599403,0.03496903855,1.102375797,0.9166666667
2021-12,Coortes 60m,0.002459291465,0.002660940334,0.0001041070355,8.801551386e-06,0.0001928473181,0.03805807159,1.10508686,0.925
2022-01,Coortes 60m,0.01131048712,0.01150655295,0.0001041070355,5.269673614e-06,0.0001907961545,0.01525792064,1.117585931,0.925
2022-02,Coortes 60m,0.01035085722,0.01055697167,0.0001041070355,1.285644477e-05,0.000193258003,0.03059684277,1.129153903,0.925
2022-03,Coortes 60m,0.01809714424,0.018303143,0.0001041070355,1.26525143e-05,0.0001933462494,0.02339576539,1.149588364,0.925
2022-04,Coortes 60m,0.001520688331,0.001728081225,0.0003119641739,2.148037238e-05,0.0001859125214,0.03613292752,1.15133653,0.925
2022-05,Coortes 60m,0.005296427902,0.005502680225,0.0003119641739,1.135550818e-05,0.0001948968148,0.03728376593,1.157434501,0.925
2022-06,Coortes 60m,-0.01865977534,-0.01846130644,0.0007262586484,1.067842202e-05,0.0001877904807,0.01961886287,1.135837033,0.925
2022-07,Coortes 60m,0.01235767941,0.01256836257,0.00134418443,1.932460796e-05,0.0001913585513,0.03293711683,1.149873343,0.925
2022-08,Coortes 60m,0.005557470225,0.005751573628,0.001957943956,5.209472809e-06,0.0001888939299,0.01833823769,1.15626373,0.925
2022-09,Coortes 60m,-0.0005484422848,-0.0003542192558,0.001957943956,8.238701457e-06,0.0001859843275,0.0293700576,1.155629586,0.925
2022-10,Coortes 60m,0.002433836055,0.002644112197,0.002567595531,1.529615728e-05,0.0001949799848,0.03958388663,1.158442199,0.925
2022-11,Coortes 60m,0.002458551466,0.00266518482,0.002567595531,8.037736979e-06,0.0001985956172,0.01605813158,1.161290288,0.925
2022-12,Coortes 60m,0.005810941683,0.006014313136,0.003173196228,7.918126489e-06,0.0001954533265,0.02766139449,1.168038479,0.925
2023-01,Coortes 60m,0.009557898662,0.009757547626,0.003574707178,4.725590238e-06,0.0001949233731,0.01449561475,1.179202472,0.925
2023-02,Coortes 60m,0.003107981218,0.003309638791,0.003574707178,1.179853712e-05,0.0001898590358,0.0208312614,1.182867411,0.925
2023-03,Coortes 60m,0.009038540152,0.009243095466,0.003774801921,7.468409714e-06,0.0001970869042,0.02274780316,1.193558806,0.9333333333
2023-04,Coortes 60m,0.00682337218,0.007030497723,0.003974458863,1.054615624e-05,0.0001965793866,0.02244423886,1.201702902,0.9416666667
2023-05,Coortes 60m,-0.0002209321924,-1.717499594e-05,0.003974458863,8.715896282e-06,0.0001950413001,0.0224320258,1.201437407,0.95
2023-06,Coortes 60m,0.003887163604,0.004094133721,0.004173680002,4.558414905e-06,0.0002024117021,0.01625409611,1.206107591,0.95
2023-07,Coortes 60m,0.01399924196,0.01421526016,0.004173680002,1.622779746e-05,0.0001997904033,0.02786463393,1.222992183,0.95
2023-08,Coortes 60m,-0.0002942709274,-9.039089816e-05,0.004372467323,9.719535301e-06,0.0001941604939,0.0193214392,1.222632292,0.95
2023-09,Coortes 60m,0.0008125437367,0.001017365112,0.004372467323,8.721439456e-06,0.0001960999362,0.01901471622,1.223625734,0.95
2023-10,Coortes 60m,0.005375144529,0.005578102567,0.004372467323,7.672108721e-06,0.0001952859293,0.02264624115,1.230202899,0.95
2023-11,Coortes 60m,0.01022676156,0.01043350655,0.004372467323,4.038651242e-06,0.0002027063375,0.01317311325,1.242783891,0.95
2023-12,Coortes 60m,0.009957654338,0.01017041386,0.004372467323,1.121253601e-05,0.000201546984,0.02832627588,1.255159103,0.95
2024-01,Coortes 60m,-0.0008008606855,-0.0005985956582,0.004372467323,7.632990987e-06,0.0001946320364,0.01879302646,1.254153895,0.95
2024-02,Coortes 60m,0.005026400349,0.005234148244,0.004372467323,9.34105739e-06,0.0001984068379,0.03328711755,1.260457775,0.9583333333
2024-03,Coortes 60m,0.0008349800076,0.00104202779,0.004372467323,5.626964534e-06,0.0002014208176,0.02351753236,1.261510232,0.9666666667
2024-04,Coortes 60m,-0.004790395555,-0.004587203274,0.004372467323,3.535811212e-06,0.00019965647,0.009848422365,1.255467099,0.9666666667
2024-05,Coortes 60m,0.001307199351,0.001515513914,0.004372467323,5.285581473e-06,0.0002030289823,0.01363584352,1.257108245,0.9666666667
2024-06,Coortes 60m,-0.008458116828,-0.008252367948,0.004372467323,6.211966575e-06,0.0001995369128,0.0197566993,1.246475476,0.9666666667
2024-07,Coortes 60m,0.007996261857,0.00821343467,0.004372467323,1.376567719e-05,0.0002034071362,0.02725569787,1.256442621,0.975
2024-08,Coortes 60m,0.002598175313,0.002814315991,0.004372467323,7.912812534e-06,0.000208227866,0.01744113935,1.259707079,0.975
2024-09,Coortes 60m,0.01648555134,0.01669627349,0.004372467323,6.868047494e-06,0.0002038541076,0.02370540556,1.280474045,0.975
2024-10,Coortes 60m,-0.01209561285,-0.01188464893,0.003974458863,1.185483889e-05,0.0001991090865,0.02812488891,1.264985926,0.9833333333
2024-11,Coortes 60m,0.00127831904,0.001493912764,0.003974458863,1.452413497e-05,0.0002010695891,0.03067791485,1.266602982,0.9833333333
2024-12,Coortes 60m,0.003202287187,0.003417718193,0.003774801921,1.493268495e-05,0.000200498321,0.02469525597,1.270659008,0.9833333333
2025-01,Coortes 60m,0.02315318742,0.02336533975,0.003574707178,7.795155668e-06,0.0002043571703,0.02821900051,1.300078815,0.9833333333
2025-02,Coortes 60m,0.01075899048,0.01097986597,0.003574707178,1.55521764e-05,0.0002053233132,0.03099901278,1.31406635,0.9833333333
2025-03,Coortes 60m,0.002269364607,0.002481330089,0.003574707178,2.616046366e-06,0.0002093494353,0.009597297227,1.317048446,0.9833333333
2025-04,Coortes 60m,0.001031455171,0.001258117554,0.003574707178,1.074112638e-05,0.0002159212562,0.03237457643,1.318406922,0.9916666667
2025-05,Coortes 60m,0.002021771287,0.002245666834,0.003574707178,1.570747897e-05,0.0002081880676,0.03527634197,1.32107244,1
2025-06,Coortes 60m,0.002613520977,0.002829719157,0.003574707178,3.356940682e-06,0.0002128412401,0.01182021867,1.32452509,1
2025-07,Coortes 60m,0.001533078263,0.001753099598,0.003574707178,1.534472522e-05,0.0002046766096,0.0313333414,1.326555691,1
2025-08,Coortes 60m,0.01125069321,0.01146875332,0.003574707178,7.12790442e-06,0.000210932214,0.02809865367,1.341480362,1
2025-09,Coortes 60m,0.01105462282,0.01127238443,0.003574707178,9.946188291e-06,0.0002078154208,0.01791001014,1.356309921,1
2025-10,Coortes 60m,-0.0006697269348,-0.0004547726531,0.003374172623,9.12107591e-06,0.0002058332058,0.0225318688,1.355401564,1
2025-11,Coortes 60m,0.003695151205,0.003908563445,0.003173196228,4.855764218e-06,0.0002085564751,0.02177038304,1.360409978,1
2025-12,Coortes 60m,-0.01133229838,-0.0111130335,0.003173196228,6.830955101e-06,0.0002124339216,0.01625347248,1.344993406,1
2026-01,Coortes 60m,0.01533295344,0.01555004836,0.002971775953,5.941912685e-06,0.0002111530076,0.02457971076,1.365616127,1
2026-02,Coortes 60m,0.01005934428,0.01027723319,0.002971775953,1.170529246e-05,0.0002061836185,0.01290432662,1.37935333,1
2026-03,Coortes 60m,0.007022632885,0.007231311361,0.002971775953,6.719013424e-06,0.0002019594627,0.01736582881,1.389040022,0.9916666667
2026-04,Coortes 60m,0.01265264225,0.01286769945,0.002971775953,6.379761201e-06,0.0002086774371,0.02168245689,1.406615048,0.9833333333
2026-05,Coortes 60m,0.001339784142,0.001556129883,0.002971775953,1.298527331e-05,0.0002033604682,0.01732896409,1.408499609,0.9833333333
2026-06,Coortes 60m,0.005996824178,0.006198661943,0.002971775953,2.209994614e-06,0.0001996277703,0.008242819773,1.416946133,0.9833333333
2026-07,Coortes 60m,0.008816265277,0.009032697619,0.002971775953,9.339085361e-06,0.0002070932567,0.02593612617,1.429438306,0.9833333333
2026-08,Coortes 60m,-0.005488002816,-0.004876040849,0.002971775953,0.0004049817795,0.000206980188,1.005593662,1.421593545,0.9833333333
