h,scenario,country,model,first,last,first_target,last_target,n_dates,n_obs,rmse,rmse_rw,rmse_ejr,r2_ejr
12,fixed,POOL,EJR,2010-01,2025-08,2011-01,2026-08,188,564,0.10954546628492744,0.9751720576235139,1.0,0.0
12,fixed,POOL,TOT_LOG_L,2010-01,2025-08,2011-01,2026-08,188,564,0.10661365471919684,0.9490731161147745,0.9732365777867525,0.052810563657930465
12,fixed,POOL,TOT_LOG_D,2010-01,2025-08,2011-01,2026-08,188,564,0.12140672023970875,1.0807607580722758,1.1082769954525569,-0.22827789864934678
12,fixed,POOL,TOT_LOG_LD,2010-01,2025-08,2011-01,2026-08,188,564,0.1173053621446605,1.0442505313304744,1.070837216024528,-0.14669234322316194
12,fixed,POOL,TOT_DEV_L,2010-01,2025-08,2011-01,2026-08,188,564,0.10692768267467545,0.9518685881491795,0.9761032227162817,0.04722249860288896
12,fixed,POOL,TOT_DEV_D,2010-01,2025-08,2011-01,2026-08,188,564,0.12137263458884348,1.0804573281320238,1.1079658401668,-0.22758830297652288
12,fixed,POOL,TOT_DEV_LD,2010-01,2025-08,2011-01,2026-08,188,564,0.11714272950797865,1.0428027780977,1.0693526029027138,-0.14351498933480933
12,fixed,POOL,TOT_SLOG_L,2010-01,2025-08,2011-01,2026-08,188,564,0.10681047662372337,0.9508252216845593,0.9750332920753619,0.0493100793446819
12,fixed,POOL,TOT_SLOG_D,2010-01,2025-08,2011-01,2026-08,188,564,0.1210582815571123,1.0776589622738133,1.105096227736528,-0.22123767255750382
12,fixed,POOL,TOT_SLOG_LD,2010-01,2025-08,2011-01,2026-08,188,564,0.11695267603258988,1.0411109249800976,1.0676176750975372,-0.13980750018067067
12,fixed,POOL,COM_LOG_L,2010-01,2025-08,2011-01,2026-08,188,564,0.11097623208478277,0.9879087127890802,1.0130609312131085,-0.026292450350370533
12,fixed,POOL,COM_LOG_D,2010-01,2025-08,2011-01,2026-08,188,564,0.10994307445214337,0.9787115594185346,1.0036296177349937,-0.007272409594889728
12,fixed,POOL,COM_LOG_LD,2010-01,2025-08,2011-01,2026-08,188,564,0.111562762876296,0.9931300008826633,1.0184151536323884,-0.037169425148081414
12,fixed,POOL,COM_DEV_L,2010-01,2025-08,2011-01,2026-08,188,564,0.11087269871853848,0.9869870603536383,1.012115813448262,-0.024378419832036924
12,fixed,POOL,COM_DEV_D,2010-01,2025-08,2011-01,2026-08,188,564,0.1099527760013173,0.9787979224602096,1.0037181795851822,-0.0074501840297918065
12,fixed,POOL,COM_DEV_LD,2010-01,2025-08,2011-01,2026-08,188,564,0.11139380238078672,0.9916259171478393,1.0168727758303733,-0.03403024222496853
12,fixed,POOL,COM_SLOG_L,2010-01,2025-08,2011-01,2026-08,188,564,0.11085468422198867,0.9868266955821575,1.0119513657795383,-0.024045566703072785
12,fixed,POOL,COM_SLOG_D,2010-01,2025-08,2011-01,2026-08,188,564,0.10996007050648268,0.9788628580331066,1.0037847684218795,-0.0075838613157661605
12,fixed,POOL,COM_SLOG_LD,2010-01,2025-08,2011-01,2026-08,188,564,0.11139348636147135,0.9916231039487496,1.0168698910070566,-0.0340243752367031
12,fixed,POOL,JOINT_LOG_LOG,2010-01,2025-08,2011-01,2026-08,188,564,0.11898393321987166,1.0591931452495518,1.0861602698407875,-0.1797441317806121
12,fixed,POOL,JOINT_LOG_DEV,2010-01,2025-08,2011-01,2026-08,188,564,0.11891441252482846,1.0585742730905126,1.085525641157366,-0.17836591761011023
12,fixed,POOL,JOINT_LOG_SLOG,2010-01,2025-08,2011-01,2026-08,188,564,0.11883479810671428,1.0578655467637932,1.0847988706134613,-0.17678858968424116
12,fixed,POOL,JOINT_DEV_LOG,2010-01,2025-08,2011-01,2026-08,188,564,0.1188931120947506,1.058384656989256,1.0853311974181568,-0.17794380808913002
12,fixed,POOL,JOINT_DEV_DEV,2010-01,2025-08,2011-01,2026-08,188,564,0.11879596445108322,1.0575198501580725,1.0844443725502546,-0.17601959715591553
12,fixed,POOL,JOINT_DEV_SLOG,2010-01,2025-08,2011-01,2026-08,188,564,0.11871902560662778,1.0568349417469507,1.0837420263275885,-0.17449677962862742
12,fixed,POOL,JOINT_SLOG_LOG,2010-01,2025-08,2011-01,2026-08,188,564,0.11877230894201746,1.057309269179853,1.084228430166987,-0.1755512887823687
12,fixed,POOL,JOINT_SLOG_DEV,2010-01,2025-08,2011-01,2026-08,188,564,0.11867942420422829,1.0564824106712947,1.0833805197884088,-0.17371335065700277
12,fixed,POOL,JOINT_SLOG_SLOG,2010-01,2025-08,2011-01,2026-08,188,564,0.11859906399168588,1.0557670452940346,1.0826469411633162,-0.172124399210285
12,fixed,BRL,EJR,2010-01,2025-08,2011-01,2026-08,188,188,0.1610925355064683,0.9754845565063359,1.0,0.0
12,fixed,BRL,TOT_LOG_L,2010-01,2025-08,2011-01,2026-08,188,188,0.15405083498064756,0.9328440325808506,0.9562878534149214,0.0855135414110818
12,fixed,BRL,TOT_LOG_D,2010-01,2025-08,2011-01,2026-08,188,188,0.16964598223760968,1.0272793536078626,1.0530964808782088,-0.10901219803806783
12,fixed,BRL,TOT_LOG_LD,2010-01,2025-08,2011-01,2026-08,188,188,0.15814245208942418,0.9576205331691626,0.9816870259831149,0.03629058301642718
12,fixed,BRL,TOT_DEV_L,2010-01,2025-08,2011-01,2026-08,188,188,0.15431983764129584,0.9344729593358767,0.9579577176317986,0.08231701122967527
12,fixed,BRL,TOT_DEV_D,2010-01,2025-08,2011-01,2026-08,188,188,0.1703009078799008,1.0312452099258254,1.0571620053311706,-0.11759150551582165
12,fixed,BRL,TOT_DEV_LD,2010-01,2025-08,2011-01,2026-08,188,188,0.15845166604135327,0.9594929565798116,0.9836065063051355,0.03251824075420551
12,fixed,BRL,TOT_SLOG_L,2010-01,2025-08,2011-01,2026-08,188,188,0.15425782197067628,0.93409742778961,0.9575727483939342,0.08305443153328718
12,fixed,BRL,TOT_SLOG_D,2010-01,2025-08,2011-01,2026-08,188,188,0.16988117975791436,1.0287035757052088,1.0545564958911036,-0.11208940302612302
12,fixed,BRL,TOT_SLOG_LD,2010-01,2025-08,2011-01,2026-08,188,188,0.1583685734022626,0.9589897949284198,0.9830906994191775,0.03353267671551241
12,fixed,BRL,COM_LOG_L,2010-01,2025-08,2011-01,2026-08,188,188,0.16418665680662908,0.994220791147965,1.0192071053474514,-0.038783123590730995
12,fixed,BRL,COM_LOG_D,2010-01,2025-08,2011-01,2026-08,188,188,0.16193673496369596,0.9805965471429446,1.0052404629089333,-0.01050838826936662
12,fixed,BRL,COM_LOG_LD,2010-01,2025-08,2011-01,2026-08,188,188,0.16498162963080729,0.9990346933588278,1.0241419884050609,-0.04886681241427171
12,fixed,BRL,COM_DEV_L,2010-01,2025-08,2011-01,2026-08,188,188,0.16397872427996202,0.992961670308372,1.0179163408436007,-0.03615367695642546
12,fixed,BRL,COM_DEV_D,2010-01,2025-08,2011-01,2026-08,188,188,0.16194130991973638,0.9806242504685524,1.0052688624621842,-0.010565485836013577
12,fixed,BRL,COM_DEV_LD,2010-01,2025-08,2011-01,2026-08,188,188,0.16468221948181905,0.9972216361896608,1.0222833662904673,-0.04506328099417001
12,fixed,BRL,COM_SLOG_L,2010-01,2025-08,2011-01,2026-08,188,188,0.16394781258466207,0.992774486704329,1.0177244530245733,-0.0357630622841667
12,fixed,BRL,COM_SLOG_D,2010-01,2025-08,2011-01,2026-08,188,188,0.16194653819879404,0.9806559099458945,1.005301317591413,-0.010630739151030744
12,fixed,BRL,COM_SLOG_LD,2010-01,2025-08,2011-01,2026-08,188,188,0.16465750833944068,0.9970719995991885,1.022129969099836,-0.04474967373203187
12,fixed,BRL,JOINT_LOG_LOG,2010-01,2025-08,2011-01,2026-08,188,188,0.1595414175088285,0.966091870201787,0.9903712608857813,0.019164765611507706
12,fixed,BRL,JOINT_LOG_DEV,2010-01,2025-08,2011-01,2026-08,188,188,0.15981263513523042,0.9677342095266701,0.9920548747512483,0.01582712548228493
12,fixed,BRL,JOINT_LOG_SLOG,2010-01,2025-08,2011-01,2026-08,188,188,0.15960471667168835,0.9664751738453448,0.9907641975458249,0.01838630486137771
12,fixed,BRL,JOINT_DEV_LOG,2010-01,2025-08,2011-01,2026-08,188,188,0.15974344645784327,0.9673152423407352,0.9916253782685613,0.01667910917373261
12,fixed,BRL,JOINT_DEV_DEV,2010-01,2025-08,2011-01,2026-08,188,188,0.15997460321059623,0.968714995853421,0.9930603097632219,0.013831221172973751
12,fixed,BRL,JOINT_DEV_SLOG,2010-01,2025-08,2011-01,2026-08,188,188,0.15977296157165144,0.9674939690434521,0.9918085966511845,0.01631570760880796
12,fixed,BRL,JOINT_SLOG_LOG,2010-01,2025-08,2011-01,2026-08,188,188,0.15980655720373851,0.9676974050385713,0.9920171453091435,0.01590198341269755
12,fixed,BRL,JOINT_SLOG_DEV,2010-01,2025-08,2011-01,2026-08,188,188,0.16005078230843103,0.9691762930403628,0.9935332000656516,0.012891780367305983
12,fixed,BRL,JOINT_SLOG_SLOG,2010-01,2025-08,2011-01,2026-08,188,188,0.15984426136156019,0.967925719923277,0.9922511981018638,0.01543755986541584
12,fixed,EUR,EJR,2010-01,2025-08,2011-01,2026-08,188,188,0.07862733507588276,0.9533010551753703,1.0,0.0
12,fixed,EUR,TOT_LOG_L,2010-01,2025-08,2011-01,2026-08,188,188,0.07809235063858912,0.9468147456993815,0.9931959484983517,0.013561807886459443
12,fixed,EUR,TOT_LOG_D,2010-01,2025-08,2011-01,2026-08,188,188,0.08797796711843459,1.06667088240045,1.1189234257211895,-0.2519896326276423
12,fixed,EUR,TOT_LOG_LD,2010-01,2025-08,2011-01,2026-08,188,188,0.08733382710652215,1.0588611384679592,1.110731109254012,-0.23372359706464785
12,fixed,EUR,TOT_DEV_L,2010-01,2025-08,2011-01,2026-08,188,188,0.07802092013354532,0.9459487011391247,0.9922874793892963,0.015365558247236955
12,fixed,EUR,TOT_DEV_D,2010-01,2025-08,2011-01,2026-08,188,188,0.08788618397405466,1.065558076424001,1.1177561072016013,-0.24937871518647792
12,fixed,EUR,TOT_DEV_LD,2010-01,2025-08,2011-01,2026-08,188,188,0.08727887465860487,1.0581948787437367,1.1100322117539982,-0.23217151113147305
12,fixed,EUR,TOT_SLOG_L,2010-01,2025-08,2011-01,2026-08,188,188,0.07803402687935157,0.9461076112000464,0.9924541739083665,0.01503471269186174
12,fixed,EUR,TOT_SLOG_D,2010-01,2025-08,2011-01,2026-08,188,188,0.0880482747229997,1.0675233125833385,1.1198176135312845,-0.2539914875749012
12,fixed,EUR,TOT_SLOG_LD,2010-01,2025-08,2011-01,2026-08,188,188,0.0874500653276454,1.0602704450245346,1.1122094528988915,-0.2370098671176517
12,fixed,EUR,COM_LOG_L,2010-01,2025-08,2011-01,2026-08,188,188,0.0784169566863073,0.9507503653856828,0.9973243606772068,0.005344119599800745
12,fixed,EUR,COM_LOG_D,2010-01,2025-08,2011-01,2026-08,188,188,0.07817144846574933,0.9477737511396798,0.9942019323217115,0.011562517767774949
12,fixed,EUR,COM_LOG_LD,2010-01,2025-08,2011-01,2026-08,188,188,0.07794082762898501,0.9449776359359698,0.9912688450367136,0.017386076859579713
12,fixed,EUR,COM_DEV_L,2010-01,2025-08,2011-01,2026-08,188,188,0.078460863295349,0.9512827020938801,0.9978827747325645,0.004229967892037889
12,fixed,EUR,COM_DEV_D,2010-01,2025-08,2011-01,2026-08,188,188,0.07818353990892404,0.9479203513713411,0.994355713995261,0.011256714044974636
12,fixed,EUR,COM_DEV_LD,2010-01,2025-08,2011-01,2026-08,188,188,0.07800238090143707,0.9457239260082638,0.9920516932967072,0.015833437827136088
12,fixed,EUR,COM_SLOG_L,2010-01,2025-08,2011-01,2026-08,188,188,0.0784668020568612,0.9513547053941389,0.9979583052272261,0.004079221028002622
12,fixed,EUR,COM_SLOG_D,2010-01,2025-08,2011-01,2026-08,188,188,0.07818718758951618,0.9479645769292094,0.994402106011328,0.01116445156023571
12,fixed,EUR,COM_SLOG_LD,2010-01,2025-08,2011-01,2026-08,188,188,0.07801808659096478,0.9459143464311939,0.9922514417622064,0.015437076320822696
12,fixed,EUR,JOINT_LOG_LOG,2010-01,2025-08,2011-01,2026-08,188,188,0.08721288473509445,1.0573947974023976,1.1091929371754214,-0.23030897187983856
12,fixed,EUR,JOINT_LOG_DEV,2010-01,2025-08,2011-01,2026-08,188,188,0.08725510892454358,1.0579067359580785,1.1097299538428231,-0.23150057045599448
12,fixed,EUR,JOINT_LOG_SLOG,2010-01,2025-08,2011-01,2026-08,188,188,0.08722072439541259,1.0574898477617451,1.1092926437254473,-0.23053016942339233
12,fixed,EUR,JOINT_DEV_LOG,2010-01,2025-08,2011-01,2026-08,188,188,0.08700147281908623,1.0548315768326963,1.1065041532327355,-0.22435144112129302
12,fixed,EUR,JOINT_DEV_DEV,2010-01,2025-08,2011-01,2026-08,188,188,0.08705224168642213,1.055447113589152,1.1071498430209867,-0.22578077490139536
12,fixed,EUR,JOINT_DEV_SLOG,2010-01,2025-08,2011-01,2026-08,188,188,0.08701845962367563,1.0550375298733725,1.1067201952055812,-0.22482959047587991
12,fixed,EUR,JOINT_SLOG_LOG,2010-01,2025-08,2011-01,2026-08,188,188,0.08718612787620812,1.05707038933509,1.108852637470993,-0.22955417162637737
12,fixed,EUR,JOINT_SLOG_DEV,2010-01,2025-08,2011-01,2026-08,188,188,0.08723456167349282,1.0576576150119246,1.1094686293170595,-0.2309206394386749
12,fixed,EUR,JOINT_SLOG_SLOG,2010-01,2025-08,2011-01,2026-08,188,188,0.08719930802421977,1.0572301893460496,1.1090202655356973,-0.2299259493688688
12,fixed,CAD,EJR,2010-01,2025-08,2011-01,2026-08,188,188,0.062189747818339226,1.011146143696215,1.0,0.0
12,fixed,CAD,TOT_LOG_L,2010-01,2025-08,2011-01,2026-08,188,188,0.06534018006753059,1.0623691753291984,1.050658385983394,-0.1038830440372307
12,fixed,CAD,TOT_LOG_D,2010-01,2025-08,2011-01,2026-08,188,188,0.08774333690049052,1.4266231952110542,1.4108971330257711,-0.9906307199803408
12,fixed,CAD,TOT_LOG_LD,2010-01,2025-08,2011-01,2026-08,188,188,0.09298070473889794,1.5117778143999516,1.4951130692875831,-1.2353630899545371
12,fixed,CAD,TOT_DEV_L,2010-01,2025-08,2011-01,2026-08,188,188,0.06632278415753744,1.0783453831648178,1.066458483659897,-0.13733369737016687
12,fixed,CAD,TOT_DEV_D,2010-01,2025-08,2011-01,2026-08,188,188,0.086415095457165,1.4050272527859582,1.389539248648986,-0.9308193235359881
12,fixed,CAD,TOT_DEV_LD,2010-01,2025-08,2011-01,2026-08,188,188,0.09188430114434863,1.4939513348682838,1.4774830959718528,-1.1829562988825715
12,fixed,CAD,TOT_SLOG_L,2010-01,2025-08,2011-01,2026-08,188,188,0.06588360008087486,1.0712046678368294,1.0593964824125939,-0.12232090694817743
12,fixed,CAD,TOT_SLOG_D,2010-01,2025-08,2011-01,2026-08,188,188,0.08575085237503816,1.3942272921086551,1.3788583389262588,-0.9012503188264815
12,fixed,CAD,TOT_SLOG_LD,2010-01,2025-08,2011-01,2026-08,188,188,0.09113542849119922,1.481775377867084,1.4654413579134047,-1.1475183734830834
12,fixed,CAD,COM_LOG_L,2010-01,2025-08,2011-01,2026-08,188,188,0.061973340186944226,1.0076275614599486,0.9965202040692117,0.006947482881856537
12,fixed,CAD,COM_LOG_D,2010-01,2025-08,2011-01,2026-08,188,188,0.06267501395319357,1.0190361094564497,1.0078029924847394,-0.015666871661195847
12,fixed,CAD,COM_LOG_LD,2010-01,2025-08,2011-01,2026-08,188,188,0.06360062464040682,1.0340856587756333,1.0226866464580122,-0.04588797684353518
12,fixed,CAD,COM_DEV_L,2010-01,2025-08,2011-01,2026-08,188,188,0.061912332195291866,1.006635629547407,0.9955392064965802,0.008901688328159296
12,fixed,CAD,COM_DEV_D,2010-01,2025-08,2011-01,2026-08,188,188,0.0626991633116196,1.0194287550532215,1.0081913098404645,-0.016449717237831285
12,fixed,CAD,COM_DEV_LD,2010-01,2025-08,2011-01,2026-08,188,188,0.06341240246827427,1.031025345296539,1.019660067661096,-0.039706653582630924
12,fixed,CAD,COM_SLOG_L,2010-01,2025-08,2011-01,2026-08,188,188,0.06188989227284496,1.0062707777536144,0.9951783765650543,0.00961999881734299
12,fixed,CAD,COM_SLOG_D,2010-01,2025-08,2011-01,2026-08,188,188,0.0627194848483331,1.0197591639100296,1.0085180765090296,-0.017108710645473035
12,fixed,CAD,COM_SLOG_LD,2010-01,2025-08,2011-01,2026-08,188,188,0.06345557125597132,1.031727228721688,1.0203542140310593,-0.04112272209094092
12,fixed,CAD,JOINT_LOG_LOG,2010-01,2025-08,2011-01,2026-08,188,188,0.09701534893443123,1.5773772912046597,1.5599894249100368,-1.4335670058311472
12,fixed,CAD,JOINT_LOG_DEV,2010-01,2025-08,2011-01,2026-08,188,188,0.09627242666555666,1.565298081791673,1.5480433679643697,-1.3964382690984687
12,fixed,CAD,JOINT_LOG_SLOG,2010-01,2025-08,2011-01,2026-08,188,188,0.09635355403554244,1.5666171356580587,1.549347881535043,-1.4004788580171255
12,fixed,CAD,JOINT_DEV_LOG,2010-01,2025-08,2011-01,2026-08,188,188,0.09653751266634522,1.5696081280106764,1.5523059033514384,-1.4096536175797252
12,fixed,CAD,JOINT_DEV_DEV,2010-01,2025-08,2011-01,2026-08,188,188,0.09574694279490144,1.5567542139030353,1.539593681495304,-1.3703487041002633
12,fixed,CAD,JOINT_DEV_SLOG,2010-01,2025-08,2011-01,2026-08,188,188,0.09582802073667053,1.5580724641136345,1.540897400269111,-1.3743647981561047
12,fixed,CAD,JOINT_SLOG_LOG,2010-01,2025-08,2011-01,2026-08,188,188,0.09581767840485314,1.5579043076360666,1.540731097426919,-1.3738523145783583
12,fixed,CAD,JOINT_SLOG_DEV,2010-01,2025-08,2011-01,2026-08,188,188,0.09501734326129258,1.5448916194926814,1.5278618517451645,-1.3343618380181632
12,fixed,CAD,JOINT_SLOG_SLOG,2010-01,2025-08,2011-01,2026-08,188,188,0.09509630239387062,1.5461754198812776,1.5291315004468877,-1.33824314565895
12,recent,POOL,EJR,2019-01,2025-08,2020-01,2026-08,80,240,0.10339829285020218,1.0729206600438048,1.0,0.0
12,recent,POOL,TOT_LOG_L,2019-01,2025-08,2020-01,2026-08,80,240,0.094383675286397,0.9793797595125692,0.9128165725437549,0.16676590488947174
12,recent,POOL,TOT_LOG_D,2019-01,2025-08,2020-01,2026-08,80,240,0.11793692184086947,1.2237819071960903,1.1406080176945481,-0.30098665002908653
12,recent,POOL,TOT_LOG_LD,2019-01,2025-08,2020-01,2026-08,80,240,0.10633828524452293,1.103427726391682,1.0284336647470578,-0.05767580278506368
12,recent,POOL,TOT_DEV_L,2019-01,2025-08,2020-01,2026-08,80,240,0.09472000465041581,0.9828697080725319,0.916069328026924,0.1608169862483
12,recent,POOL,TOT_DEV_D,2019-01,2025-08,2020-01,2026-08,80,240,0.11786720208700112,1.223058454590863,1.1399337342809006,-0.2994489185515987
12,recent,POOL,TOT_DEV_LD,2019-01,2025-08,2020-01,2026-08,80,240,0.10667437363746456,1.1069151744959793,1.0316840897171153,-0.0643720609754328
12,recent,POOL,TOT_SLOG_L,2019-01,2025-08,2020-01,2026-08,80,240,0.09459147662225847,0.9815360267031066,0.9148262898237348,0.16309285944733987
12,recent,POOL,TOT_SLOG_D,2019-01,2025-08,2020-01,2026-08,80,240,0.11791771023287438,1.223582556408351,1.1404222157101485,-0.30056283008524454
12,recent,POOL,TOT_SLOG_LD,2019-01,2025-08,2020-01,2026-08,80,240,0.10656602414953002,1.1057908773639313,1.0306362050282307,-0.06221098711499318
12,recent,POOL,COM_LOG_L,2019-01,2025-08,2020-01,2026-08,80,240,0.10562135876284005,1.0959884813836,1.0215000253036917,-0.04346230169544274
12,recent,POOL,COM_LOG_D,2019-01,2025-08,2020-01,2026-08,80,240,0.10411519847985495,1.0803596886791278,1.0069334377763024,-0.013914948112002667
12,recent,POOL,COM_LOG_LD,2019-01,2025-08,2020-01,2026-08,80,240,0.10518929529580033,1.0915051402426716,1.0173213928028082,-0.03494281625424556
12,recent,POOL,COM_DEV_L,2019-01,2025-08,2020-01,2026-08,80,240,0.10542704057556083,1.093972123163294,1.0196207081319786,-0.039626388451557304
12,recent,POOL,COM_DEV_D,2019-01,2025-08,2020-01,2026-08,80,240,0.10413002084989784,1.0805134941880143,1.00707678995006,-0.014203660856116906
12,recent,POOL,COM_DEV_LD,2019-01,2025-08,2020-01,2026-08,80,240,0.10500164423094044,1.0895579639516755,1.0155065556358953,-0.031253564539479806
12,recent,POOL,COM_SLOG_L,2019-01,2025-08,2020-01,2026-08,80,240,0.10540849253438492,1.0937796579297545,1.0194413237276074,-0.03926061252349644
12,recent,POOL,COM_SLOG_D,2019-01,2025-08,2020-01,2026-08,80,240,0.10413777760969181,1.0805939828267388,1.0071518082079067,-0.014354764776456364
12,recent,POOL,COM_SLOG_LD,2019-01,2025-08,2020-01,2026-08,80,240,0.10500053479695014,1.0895464518210944,1.0154958259230564,-0.031231772467150698
12,recent,POOL,JOINT_LOG_LOG,2019-01,2025-08,2020-01,2026-08,80,240,0.10850597118654719,1.1259208930347115,1.0493980915501646,-0.1012363545491275
12,recent,POOL,JOINT_LOG_DEV,2019-01,2025-08,2020-01,2026-08,80,240,0.10835615161104757,1.1243662782204669,1.0479491355628867,-0.09819739072700129
12,recent,POOL,JOINT_LOG_SLOG,2019-01,2025-08,2020-01,2026-08,80,240,0.1082876657720878,1.1236556294320306,1.0472867857593073,-0.09680961162606128
12,recent,POOL,JOINT_DEV_LOG,2019-01,2025-08,2020-01,2026-08,80,240,0.10906932473201052,1.1317665761806819,1.0548464749802418,-0.112701085778242
12,recent,POOL,JOINT_DEV_DEV,2019-01,2025-08,2020-01,2026-08,80,240,0.10889236442162743,1.1299303333590247,1.0531350317300185,-0.10909339505698723
12,recent,POOL,JOINT_DEV_SLOG,2019-01,2025-08,2020-01,2026-08,80,240,0.1088240616622874,1.1292215843109135,1.0524744525516083,-0.10770247327380744
12,recent,POOL,JOINT_SLOG_LOG,2019-01,2025-08,2020-01,2026-08,80,240,0.10886661407227516,1.1296631327983404,1.0528859913576638,-0.10856891079721054
12,recent,POOL,JOINT_SLOG_DEV,2019-01,2025-08,2020-01,2026-08,80,240,0.10870102089450613,1.1279448419378897,1.051284483506766,-0.10519906526208778
12,recent,POOL,JOINT_SLOG_SLOG,2019-01,2025-08,2020-01,2026-08,80,240,0.10863238011059076,1.1272325853507226,1.0506206351779082,-0.103803719061631
12,recent,BRL,EJR,2019-01,2025-08,2020-01,2026-08,80,80,0.15626038825504845,1.0966525191031335,1.0,0.0
12,recent,BRL,TOT_LOG_L,2019-01,2025-08,2020-01,2026-08,80,80,0.14112369202643119,0.9904215271327439,0.9031315844172157,0.18435334122804947
12,recent,BRL,TOT_LOG_D,2019-01,2025-08,2020-01,2026-08,80,80,0.17752148472491425,1.2458652227380214,1.1360619713497921,-0.29063680274717596
12,recent,BRL,TOT_LOG_LD,2019-01,2025-08,2020-01,2026-08,80,80,0.1601151668785503,1.1237057776752826,1.0246689430798679,-0.04994644291241368
12,recent,BRL,TOT_DEV_L,2019-01,2025-08,2020-01,2026-08,80,80,0.14171588813616037,0.9945776242907618,0.9069213875550565,0.17749359679521115
12,recent,BRL,TOT_DEV_D,2019-01,2025-08,2020-01,2026-08,80,80,0.1771695377520773,1.243395220335862,1.1338096604681471,-0.28552434617089495
12,recent,BRL,TOT_DEV_LD,2019-01,2025-08,2020-01,2026-08,80,80,0.16052338583472534,1.1265707030196654,1.027281370712575,-0.05530701461310694
12,recent,BRL,TOT_SLOG_L,2019-01,2025-08,2020-01,2026-08,80,80,0.14147018297994968,0.9928532385937591,0.9053489790966206,0.18034322604870678
12,recent,BRL,TOT_SLOG_D,2019-01,2025-08,2020-01,2026-08,80,80,0.17743022443791398,1.2452247480486232,1.135477944341928,-0.2893101620869709
12,recent,BRL,TOT_SLOG_LD,2019-01,2025-08,2020-01,2026-08,80,80,0.16049271451680652,1.1263554483512528,1.0270850873277626,-0.054903776611077815
12,recent,BRL,COM_LOG_L,2019-01,2025-08,2020-01,2026-08,80,80,0.16031226149699676,1.1250890092942145,1.0259302647791635,-0.052532908189844685
12,recent,BRL,COM_LOG_D,2019-01,2025-08,2020-01,2026-08,80,80,0.15810511381829626,1.1095990051485136,1.0118054587208427,-0.02375028629729492
12,recent,BRL,COM_LOG_LD,2019-01,2025-08,2020-01,2026-08,80,80,0.15991916811968604,1.1223302369189219,1.023414634415638,-0.04737751393609391
12,recent,BRL,COM_DEV_L,2019-01,2025-08,2020-01,2026-08,80,80,0.1599784639707319,1.1227463816959056,1.0237941026334505,-0.04815436458703237
12,recent,BRL,COM_DEV_D,2019-01,2025-08,2020-01,2026-08,80,80,0.1580941126708991,1.109521797891186,1.01173505605821,-0.02360782365710934
12,recent,BRL,COM_DEV_LD,2019-01,2025-08,2020-01,2026-08,80,80,0.1595599292000005,1.1198090588351326,1.0211156581767002,-0.042677187373635794
12,recent,BRL,COM_SLOG_L,2019-01,2025-08,2020-01,2026-08,80,80,0.15994624933614726,1.1225202958621012,1.023587942678619,-0.04773227639704758
12,recent,BRL,COM_SLOG_D,2019-01,2025-08,2020-01,2026-08,80,80,0.15811712725213828,1.1096833167429814,1.0118823395860201,-0.02390586916607762
12,recent,BRL,COM_SLOG_LD,2019-01,2025-08,2020-01,2026-08,80,80,0.15956555422678104,1.119848535889156,1.0211516559547893,-0.042750704459208366
12,recent,BRL,JOINT_LOG_LOG,2019-01,2025-08,2020-01,2026-08,80,80,0.1627301470471321,1.1420579949025893,1.0414037035510477,-0.08452167376983843
12,recent,BRL,JOINT_LOG_DEV,2019-01,2025-08,2020-01,2026-08,80,80,0.16284230353308873,1.1428451214049076,1.0421214573414297,-0.08601713185142534
12,recent,BRL,JOINT_LOG_SLOG,2019-01,2025-08,2020-01,2026-08,80,80,0.16274272823020589,1.1421462910233482,1.0414842177697456,-0.08468937586345904
12,recent,BRL,JOINT_DEV_LOG,2019-01,2025-08,2020-01,2026-08,80,80,0.16363169271099567,1.1483851411128547,1.0471732122149586,-0.09657173638059491
12,recent,BRL,JOINT_DEV_DEV,2019-01,2025-08,2020-01,2026-08,80,80,0.1636809249059339,1.1487306580490588,1.047488277315513,-0.09723169111342078
12,recent,BRL,JOINT_DEV_SLOG,2019-01,2025-08,2020-01,2026-08,80,80,0.1635800045501332,1.1480223879388056,1.0468424299774404,-0.09587907320107214
12,recent,BRL,JOINT_SLOG_LOG,2019-01,2025-08,2020-01,2026-08,80,80,0.1633619920617895,1.146492352417917,1.0454472428108255,-0.09295993750075704
12,recent,BRL,JOINT_SLOG_DEV,2019-01,2025-08,2020-01,2026-08,80,80,0.1634372009044215,1.1470201763127135,1.045928547404215,-0.09396652627509128
12,recent,BRL,JOINT_SLOG_SLOG,2019-01,2025-08,2020-01,2026-08,80,80,0.16333567895223922,1.146307684133165,1.0452788501052646,-0.09260787447738417
12,recent,EUR,EJR,2019-01,2025-08,2020-01,2026-08,80,80,0.06979298667577839,0.9606352162954378,1.0,0.0
12,recent,EUR,TOT_LOG_L,2019-01,2025-08,2020-01,2026-08,80,80,0.06763356170615302,0.9309127503060326,0.9690595707036164,0.06092354842772285
12,recent,EUR,TOT_LOG_D,2019-01,2025-08,2020-01,2026-08,80,80,0.07179858723798042,0.988240433117916,1.0287364197712157,-0.05829862136369868
12,recent,EUR,TOT_LOG_LD,2019-01,2025-08,2020-01,2026-08,80,80,0.06883243200993297,0.9474140792852882,0.9862370889741735,0.02733640433174811
12,recent,EUR,TOT_DEV_L,2019-01,2025-08,2020-01,2026-08,80,80,0.06766469142960965,0.9313412218480931,0.9695056000962434,0.060058891382022916
12,recent,EUR,TOT_DEV_D,2019-01,2025-08,2020-01,2026-08,80,80,0.07169771314508816,0.9868519955304214,1.0272910869706453,-0.05532697736933012
12,recent,EUR,TOT_DEV_LD,2019-01,2025-08,2020-01,2026-08,80,80,0.06877618099764465,0.9466398366868529,0.9854311195642439,0.028925508594360938
12,recent,EUR,TOT_SLOG_L,2019-01,2025-08,2020-01,2026-08,80,80,0.06758390742831581,0.9302293055904234,0.968348119880228,0.062301918724427696
12,recent,EUR,TOT_SLOG_D,2019-01,2025-08,2020-01,2026-08,80,80,0.07176746286839676,0.987812035266912,1.0282904670893473,-0.05738128470682824
12,recent,EUR,TOT_SLOG_LD,2019-01,2025-08,2020-01,2026-08,80,80,0.06872833210505042,0.9459812414113663,0.9847455364580713,0.030276228425905494
12,recent,EUR,COM_LOG_L,2019-01,2025-08,2020-01,2026-08,80,80,0.06977419439363838,0.9603765580995631,0.9997307425425521,0.0005384424153174194
12,recent,EUR,COM_LOG_D,2019-01,2025-08,2020-01,2026-08,80,80,0.06708374189787471,0.9233449946387965,0.9611817045387466,0.07612973085998953
12,recent,EUR,COM_LOG_LD,2019-01,2025-08,2020-01,2026-08,80,80,0.06751449565217907,0.9292739173808268,0.967353581898078,0.06422704758895847
12,recent,EUR,COM_DEV_L,2019-01,2025-08,2020-01,2026-08,80,80,0.06976115735075651,0.9601971153918475,0.9995439466551311,0.0009118987050843463
12,recent,EUR,COM_DEV_D,2019-01,2025-08,2020-01,2026-08,80,80,0.06709128111224993,0.9234487648767101,0.9612897270598382,0.0759220606492218
12,recent,EUR,COM_DEV_LD,2019-01,2025-08,2020-01,2026-08,80,80,0.06746187643204506,0.9285496630062497,0.9665996491228774,0.06568511831553014
12,recent,EUR,COM_SLOG_L,2019-01,2025-08,2020-01,2026-08,80,80,0.06975579297053243,0.9601232797129017,0.9994670853474326,0.0010655453071080068
12,recent,EUR,COM_SLOG_D,2019-01,2025-08,2020-01,2026-08,80,80,0.06709347464922677,0.9234789568625893,0.9613211562489488,0.07586163454818418
12,recent,EUR,COM_SLOG_LD,2019-01,2025-08,2020-01,2026-08,80,80,0.06745820561980295,0.9284991377073605,0.9665470534049273,0.06578679355425265
12,recent,EUR,JOINT_LOG_LOG,2019-01,2025-08,2020-01,2026-08,80,80,0.07009393626188626,0.9647775060084111,1.0043120319167014,-0.008642657452653246
12,recent,EUR,JOINT_LOG_DEV,2019-01,2025-08,2020-01,2026-08,80,80,0.06967358154043635,0.958991716232187,0.9982891528070471,0.003418767387788124
12,recent,EUR,JOINT_LOG_SLOG,2019-01,2025-08,2020-01,2026-08,80,80,0.06961625390538162,0.9582026549278425,0.997467757452224,0.005058072843231232
12,recent,EUR,JOINT_DEV_LOG,2019-01,2025-08,2020-01,2026-08,80,80,0.07003882526025496,0.9640189545909414,1.0035223966788898,-0.007057200636143124
12,recent,EUR,JOINT_DEV_DEV,2019-01,2025-08,2020-01,2026-08,80,80,0.06962496022679034,0.9583224893030133,0.9975925023846791,0.00480919918587408
12,recent,EUR,JOINT_DEV_SLOG,2019-01,2025-08,2020-01,2026-08,80,80,0.0695700816353896,0.957567136795101,0.9968061971409204,0.006377405341456477
12,recent,EUR,JOINT_SLOG_LOG,2019-01,2025-08,2020-01,2026-08,80,80,0.06998241530561294,0.9632425242995931,1.0027141499290544,-0.005435666467946021
12,recent,EUR,JOINT_SLOG_DEV,2019-01,2025-08,2020-01,2026-08,80,80,0.06956768862116217,0.9575341991913465,0.996771909824366,0.0064457597850858805
12,recent,EUR,JOINT_SLOG_SLOG,2019-01,2025-08,2020-01,2026-08,80,80,0.06951268502791497,0.9567771261498745,0.9959838135432496,0.008016243159845504
12,recent,CAD,EJR,2019-01,2025-08,2020-01,2026-08,80,80,0.05277547694019116,1.1051146745748652,1.0,0.0
12,recent,CAD,TOT_LOG_L,2019-01,2025-08,2020-01,2026-08,80,80,0.04727197226129954,0.9898716841775047,0.895718523110107,0.19768832735744868
12,recent,CAD,TOT_LOG_D,2019-01,2025-08,2020-01,2026-08,80,80,0.0711226963183359,1.4893041229319117,1.347646680653158,-0.8161515758754745
12,recent,CAD,TOT_LOG_LD,2019-01,2025-08,2020-01,2026-08,80,80,0.059571153801890625,1.247415657132423,1.1287658066908763,-0.27411224635450493
12,recent,CAD,TOT_DEV_L,2019-01,2025-08,2020-01,2026-08,80,80,0.047473512893395284,0.9940919304540947,0.8995373541994811,0.19083254839979735
12,recent,CAD,TOT_DEV_D,2019-01,2025-08,2020-01,2026-08,80,80,0.07175252473560625,1.5024926844901243,1.3595807919826326,-0.8484599299281224
12,recent,CAD,TOT_DEV_LD,2019-01,2025-08,2020-01,2026-08,80,80,0.060335275754497965,1.2634163156190938,1.143244538043192,-0.30700807376559114
12,recent,CAD,TOT_SLOG_L,2019-01,2025-08,2020-01,2026-08,80,80,0.047552551278330114,0.9957469885248189,0.9010349888873571,0.18813594880076023
12,recent,CAD,TOT_SLOG_D,2019-01,2025-08,2020-01,2026-08,80,80,0.07128608482051144,1.4927254663641203,1.350742597765583,-0.8245055654185156
12,recent,CAD,TOT_SLOG_LD,2019-01,2025-08,2020-01,2026-08,80,80,0.059895387653803325,1.2542050905685005,1.1349094527687726,-0.2880194659839148
12,recent,CAD,COM_LOG_L,2019-01,2025-08,2020-01,2026-08,80,80,0.05384380086103689,1.1274853003005965,1.0202428094028677,-0.04089539013825627
12,recent,CAD,COM_LOG_D,2019-01,2025-08,2020-01,2026-08,80,80,0.05497697900923337,1.1512139688619187,1.0417144893173984,-0.08516907725380829
12,recent,CAD,COM_LOG_LD,2019-01,2025-08,2020-01,2026-08,80,80,0.05533548661772768,1.1587210922848445,1.048507561200019,-0.09936810589361156
12,recent,CAD,COM_DEV_L,2019-01,2025-08,2020-01,2026-08,80,80,0.05371084289239073,1.1247011700421612,1.0177234959574046,-0.03576111422376127
12,recent,CAD,COM_DEV_D,2019-01,2025-08,2020-01,2026-08,80,80,0.055083529880705646,1.1534451364132075,1.0437334359503776,-0.089379485320781
12,recent,CAD,COM_DEV_LD,2019-01,2025-08,2020-01,2026-08,80,80,0.05536750035500308,1.1593914576306874,1.049114163719437,-0.10064052851673377
12,recent,CAD,COM_SLOG_L,2019-01,2025-08,2020-01,2026-08,80,80,0.05370453952382113,1.1245691779596754,1.0176040585039685,-0.035518019883748364
12,recent,CAD,COM_SLOG_D,2019-01,2025-08,2020-01,2026-08,80,80,0.05505878590635252,1.1529269993777822,1.043264582312519,-0.08840098870771507
12,recent,CAD,COM_SLOG_LD,2019-01,2025-08,2020-01,2026-08,80,80,0.05534944734857968,1.1590134289803486,1.0487720918430643,-0.09992290062887688
12,recent,CAD,JOINT_LOG_LOG,2019-01,2025-08,2020-01,2026-08,80,80,0.06266080665568252,1.3121127646912423,1.1873091497911823,-0.4097030171778604
12,recent,CAD,JOINT_LOG_DEV,2019-01,2025-08,2020-01,2026-08,80,80,0.0620575780322964,1.2994812008953702,1.175879056528932,-0.3826915555833714
12,recent,CAD,JOINT_LOG_SLOG,2019-01,2025-08,2020-01,2026-08,80,80,0.062024489320533546,1.2987883256614174,1.1752520851838821,-0.38121746372906284
12,recent,CAD,JOINT_DEV_LOG,2019-01,2025-08,2020-01,2026-08,80,80,0.06330548861819205,1.325612358413728,1.1995247089843304,-0.43885952746394263
12,recent,CAD,JOINT_DEV_DEV,2019-01,2025-08,2020-01,2026-08,80,80,0.06271810602492264,1.3133126093437673,1.1883948693822164,-0.41228236557397513
12,recent,CAD,JOINT_DEV_SLOG,2019-01,2025-08,2020-01,2026-08,80,80,0.06268664166036989,1.3126537478230496,1.1877986764839805,-0.41086569585709576
12,recent,CAD,JOINT_SLOG_LOG,2019-01,2025-08,2020-01,2026-08,80,80,0.06301698244347823,1.3195710599571926,1.1940580378817505,-0.4257745978300156
12,recent,CAD,JOINT_SLOG_DEV,2019-01,2025-08,2020-01,2026-08,80,80,0.062420780922384934,1.3070866431756878,1.182761095520264,-0.39892380907629543
12,recent,CAD,JOINT_SLOG_SLOG,2019-01,2025-08,2020-01,2026-08,80,80,0.06238929897744123,1.3064274135228533,1.1821645695053618,-0.39751306939379716
12,adaptive_TOT,POOL,EJR,2013-01,2025-08,2014-01,2026-08,152,456,0.11405868459823842,0.9807491022314608,1.0,0.0
12,adaptive_TOT,POOL,TOT_LOG_L,2013-01,2025-08,2014-01,2026-08,152,456,0.10837396264709227,0.9318682478742455,0.9501596746344211,0.09719659269861103
12,adaptive_TOT,POOL,TOT_LOG_D,2013-01,2025-08,2014-01,2026-08,152,456,0.11816465946957744,1.0160548852416296,1.035998792076219,-0.07329349718338474
12,adaptive_TOT,POOL,TOT_LOG_LD,2013-01,2025-08,2014-01,2026-08,152,456,0.11004688419914321,0.9462530912209568,0.9648268747511299,0.06910910175796747
12,adaptive_TOT,POOL,TOT_DEV_L,2013-01,2025-08,2014-01,2026-08,152,456,0.10849184922172024,0.9328819116091795,0.9511932353408523,0.09523142904180204
12,adaptive_TOT,POOL,TOT_DEV_D,2013-01,2025-08,2014-01,2026-08,152,456,0.11816397263300896,1.0160489793840415,1.0359927702939153,-0.07328102010126125
12,adaptive_TOT,POOL,TOT_DEV_LD,2013-01,2025-08,2014-01,2026-08,152,456,0.10992120630868941,0.9451724327979084,0.963725004333314,0.07123411602275387
12,adaptive_TOT,POOL,TOT_SLOG_L,2013-01,2025-08,2014-01,2026-08,152,456,0.10846740471679925,0.9326717222111499,0.9509789201836409,0.09563909336635634
12,adaptive_TOT,POOL,TOT_SLOG_D,2013-01,2025-08,2014-01,2026-08,152,456,0.11817802765761168,1.0161698334234293,1.036115996549349,-0.07353635830545047
12,adaptive_TOT,POOL,TOT_SLOG_LD,2013-01,2025-08,2014-01,2026-08,152,456,0.11004612290544721,0.9462465451336377,0.9648202001721736,0.0691219813397268
12,adaptive_TOT,POOL,COM_LOG_L,2013-01,2025-08,2014-01,2026-08,152,456,0.1151858903850962,0.9904415343981559,1.0098826826806593,-0.01986303277828516
12,adaptive_TOT,POOL,COM_LOG_D,2013-01,2025-08,2014-01,2026-08,152,456,0.11462584871847535,0.9856259400075548,1.0049725640992153,-0.009969854592151384
12,adaptive_TOT,POOL,COM_LOG_LD,2013-01,2025-08,2014-01,2026-08,152,456,0.1156426545892307,0.9943690834902246,1.0138873247273688,-0.027967507242820933
12,adaptive_TOT,POOL,COM_DEV_L,2013-01,2025-08,2014-01,2026-08,152,456,0.11506089697859749,0.9893667616034294,1.0087868134188052,-0.01765083492766739
12,adaptive_TOT,POOL,COM_DEV_D,2013-01,2025-08,2014-01,2026-08,152,456,0.11463114058060692,0.9856714428033563,1.0050189600588935,-0.010063110077859871
12,adaptive_TOT,POOL,COM_DEV_LD,2013-01,2025-08,2014-01,2026-08,152,456,0.11544663151143993,0.9926835524126295,1.0121687087492761,-0.024485494971176802
12,adaptive_TOT,POOL,COM_SLOG_L,2013-01,2025-08,2014-01,2026-08,152,456,0.11506018157589674,0.9893606101160705,1.0087805411853206,-0.01763818027414832
12,adaptive_TOT,POOL,COM_SLOG_D,2013-01,2025-08,2014-01,2026-08,152,456,0.11463792989769105,0.9857298216690996,1.0050784848299186,-0.010182760668004942
12,adaptive_TOT,POOL,COM_SLOG_LD,2013-01,2025-08,2014-01,2026-08,152,456,0.1154647222946478,0.9928391084709189,1.0123273181815309,-0.024806599136610652
12,adaptive_TOT,POOL,JOINT_LOG_LOG,2013-01,2025-08,2014-01,2026-08,152,456,0.11254259613169375,0.9677128094870316,0.9867078208740969,0.02640767622589113
12,adaptive_TOT,POOL,JOINT_LOG_DEV,2013-01,2025-08,2014-01,2026-08,152,456,0.11234278284218711,0.9659946877588369,0.9849559745310459,0.02986172823559774
12,adaptive_TOT,POOL,JOINT_LOG_SLOG,2013-01,2025-08,2014-01,2026-08,152,456,0.11231379796648162,0.9657454573654952,0.9847018520518362,0.03036226256568353
12,adaptive_TOT,POOL,JOINT_DEV_LOG,2013-01,2025-08,2014-01,2026-08,152,456,0.11238760413438922,0.9663800897318906,0.985348941470477,0.029087463543010506
12,adaptive_TOT,POOL,JOINT_DEV_DEV,2013-01,2025-08,2014-01,2026-08,152,456,0.11217117707024538,0.9645191122043543,0.9834514352445706,0.03282327451539413
12,adaptive_TOT,POOL,JOINT_DEV_SLOG,2013-01,2025-08,2014-01,2026-08,152,456,0.11214336478568208,0.9642799644953259,0.9832075933603576,0.03330282835853371
12,adaptive_TOT,POOL,JOINT_SLOG_LOG,2013-01,2025-08,2014-01,2026-08,152,456,0.11256169517186618,0.9678770351798719,0.9868752701151582,0.026077201235133463
12,adaptive_TOT,POOL,JOINT_SLOG_DEV,2013-01,2025-08,2014-01,2026-08,152,456,0.11235095869150953,0.9660649889104869,0.9850276556077759,0.02972051768784878
12,adaptive_TOT,POOL,JOINT_SLOG_SLOG,2013-01,2025-08,2014-01,2026-08,152,456,0.11232167183805213,0.965813161920401,0.9847708855638239,0.030226302945842054
12,adaptive_TOT,POOL,ADAPTIVE_TOT,2013-01,2025-08,2014-01,2026-08,152,456,0.11358868731795409,0.9767077667354945,0.9958793380623329,0.008224344020529739
12,adaptive_TOT,BRL,EJR,2013-01,2025-08,2014-01,2026-08,152,152,0.16940346906375767,0.9859882856791382,1.0,0.0
12,adaptive_TOT,BRL,TOT_LOG_L,2013-01,2025-08,2014-01,2026-08,152,152,0.1598454451768815,0.930357195957154,0.9435783461832247,0.10965990461413067
12,adaptive_TOT,BRL,TOT_LOG_D,2013-01,2025-08,2014-01,2026-08,152,152,0.1737976375357468,1.0115639050134226,1.02593907017533,-0.05255097571222045
12,adaptive_TOT,BRL,TOT_LOG_LD,2013-01,2025-08,2014-01,2026-08,152,152,0.16071344763673573,0.9354092781965962,0.9487022227168717,0.09996409261206718
12,adaptive_TOT,BRL,TOT_DEV_L,2013-01,2025-08,2014-01,2026-08,152,152,0.16005404735764311,0.9315713346506224,0.9448097387982312,0.10733455747201825
12,adaptive_TOT,BRL,TOT_DEV_D,2013-01,2025-08,2014-01,2026-08,152,152,0.1737957364541729,1.0115528400442555,1.02592784796374,-0.052527949227510806
12,adaptive_TOT,BRL,TOT_DEV_LD,2013-01,2025-08,2014-01,2026-08,152,152,0.16053839593602034,0.9343904151989997,0.9476688808279315,0.10192369231033571
12,adaptive_TOT,BRL,TOT_SLOG_L,2013-01,2025-08,2014-01,2026-08,152,152,0.16000280890013044,0.9312731086511018,0.9445072747590006,0.10790600792732574
12,adaptive_TOT,BRL,TOT_SLOG_D,2013-01,2025-08,2014-01,2026-08,152,152,0.17388908094910174,1.0120961381186169,1.0264788667560039,-0.053658863896689946
12,adaptive_TOT,BRL,TOT_SLOG_LD,2013-01,2025-08,2014-01,2026-08,152,152,0.16079948092176882,0.9359100224357193,0.9492100829484749,0.09900021842894946
12,adaptive_TOT,BRL,COM_LOG_L,2013-01,2025-08,2014-01,2026-08,152,152,0.171496389224079,0.9981698234737502,1.012354647587138,-0.024861932491277994
12,adaptive_TOT,BRL,COM_LOG_D,2013-01,2025-08,2014-01,2026-08,152,152,0.1705704130100567,0.9927803134189125,1.0068885481079484,-0.01382454831093205
12,adaptive_TOT,BRL,COM_LOG_LD,2013-01,2025-08,2014-01,2026-08,152,152,0.17233395974830362,1.0030447810521264,1.0172988823708384,-0.03489701607295714
12,adaptive_TOT,BRL,COM_DEV_L,2013-01,2025-08,2014-01,2026-08,152,152,0.17126981931838098,0.9968511062471176,1.0110171902909548,-0.022155759063816838
12,adaptive_TOT,BRL,COM_DEV_D,2013-01,2025-08,2014-01,2026-08,152,152,0.1705579492742178,0.9927077700548309,1.006814973842275,-0.013676391553020695
12,adaptive_TOT,BRL,COM_DEV_LD,2013-01,2025-08,2014-01,2026-08,152,152,0.17195896296900923,1.0008621667668633,1.0150852513196749,-0.03039806744672746
12,adaptive_TOT,BRL,COM_SLOG_L,2013-01,2025-08,2014-01,2026-08,152,152,0.17126908050553383,0.996846806094254,1.0110128290293394,-0.022146940461908127
12,adaptive_TOT,BRL,COM_SLOG_D,2013-01,2025-08,2014-01,2026-08,152,152,0.1705717570663891,0.9927881363035699,1.0068964821623088,-0.013840525790832725
12,adaptive_TOT,BRL,COM_SLOG_LD,2013-01,2025-08,2014-01,2026-08,152,152,0.17198940850419628,1.0010393705821783,1.0152649733487178,-0.030762966108772716
12,adaptive_TOT,BRL,JOINT_LOG_LOG,2013-01,2025-08,2014-01,2026-08,152,152,0.16176027348646077,0.9415021760025234,0.9548817056726254,0.08820092817173764
12,adaptive_TOT,BRL,JOINT_LOG_DEV,2013-01,2025-08,2014-01,2026-08,152,152,0.16179494217259,0.9417039600544805,0.9550863572439352,0.08781005020651023
12,adaptive_TOT,BRL,JOINT_LOG_SLOG,2013-01,2025-08,2014-01,2026-08,152,152,0.1617356584699025,0.9413589078739993,0.9547364015847323,0.0884784034890369
12,adaptive_TOT,BRL,JOINT_DEV_LOG,2013-01,2025-08,2014-01,2026-08,152,152,0.16186156650577324,0.9420917373085294,0.9554796451355673,0.08705864773161043
12,adaptive_TOT,BRL,JOINT_DEV_DEV,2013-01,2025-08,2014-01,2026-08,152,152,0.16183752987959535,0.9419518356172025,0.9553377553247463,0.08732977325107527
12,adaptive_TOT,BRL,JOINT_DEV_SLOG,2013-01,2025-08,2014-01,2026-08,152,152,0.16178071011231532,0.9416211244148714,0.955002344440931,0.08797052211232526
12,adaptive_TOT,BRL,JOINT_SLOG_LOG,2013-01,2025-08,2014-01,2026-08,152,152,0.16200410663043407,0.9429213714000362,0.9563210690181395,0.08545001295200283
12,adaptive_TOT,BRL,JOINT_SLOG_DEV,2013-01,2025-08,2014-01,2026-08,152,152,0.16200671929983412,0.9429365780627866,0.9563364917802264,0.08542051448948895
12,adaptive_TOT,BRL,JOINT_SLOG_SLOG,2013-01,2025-08,2014-01,2026-08,152,152,0.16194851716797454,0.94259782100821,0.9559929207059075,0.0860775355601886
12,adaptive_TOT,BRL,ADAPTIVE_TOT,2013-01,2025-08,2014-01,2026-08,152,152,0.1695408729648985,0.986788025127688,1.000811104411853,-0.00162286671407319
12,adaptive_TOT,EUR,EJR,2013-01,2025-08,2014-01,2026-08,152,152,0.07892441088344249,0.9494271365674133,1.0,0.0
12,adaptive_TOT,EUR,TOT_LOG_L,2013-01,2025-08,2014-01,2026-08,152,152,0.07945073982619216,0.9557586501690207,1.0066687725237122,-0.013382017574397498
12,adaptive_TOT,EUR,TOT_LOG_D,2013-01,2025-08,2014-01,2026-08,152,152,0.0814209129188563,0.979458995562447,1.0316315574290533,-0.064263670283494
12,adaptive_TOT,EUR,TOT_LOG_LD,2013-01,2025-08,2014-01,2026-08,152,152,0.08218223022095783,0.9886173193061737,1.0412777149813202,-0.0842592797167192
12,adaptive_TOT,EUR,TOT_DEV_L,2013-01,2025-08,2014-01,2026-08,152,152,0.07936767133550897,0.9547593715128291,1.0056162655774663,-0.011264073593969082
12,adaptive_TOT,EUR,TOT_DEV_D,2013-01,2025-08,2014-01,2026-08,152,152,0.0812894693685289,0.9778777854880139,1.0299661214903357,-0.06083021141784495
12,adaptive_TOT,EUR,TOT_DEV_LD,2013-01,2025-08,2014-01,2026-08,152,152,0.08203649407105626,0.9868641753302276,1.0394311867871877,-0.08041719206582143
12,adaptive_TOT,EUR,TOT_SLOG_L,2013-01,2025-08,2014-01,2026-08,152,152,0.07941156660657094,0.955287412977399,1.0061724340755345,-0.012382967093485853
12,adaptive_TOT,EUR,TOT_SLOG_D,2013-01,2025-08,2014-01,2026-08,152,152,0.08140200544643547,0.9792315467009439,1.0313919931141704,-0.06376944346002089
12,adaptive_TOT,EUR,TOT_SLOG_LD,2013-01,2025-08,2014-01,2026-08,152,152,0.08218891913282957,0.9886977840746028,1.0413624658435294,-0.084435785267716
12,adaptive_TOT,EUR,COM_LOG_L,2013-01,2025-08,2014-01,2026-08,152,152,0.07893441337108038,0.9495474622447327,1.0001267350307204,-0.00025348612320863495
12,adaptive_TOT,EUR,COM_LOG_D,2013-01,2025-08,2014-01,2026-08,152,152,0.07794370250182589,0.9376296313324233,0.9875740804316558,0.024697435659569278
12,adaptive_TOT,EUR,COM_LOG_LD,2013-01,2025-08,2014-01,2026-08,152,152,0.07779555693988877,0.9358475031531853,0.9856970241409739,0.02840137659962827
12,adaptive_TOT,EUR,COM_DEV_L,2013-01,2025-08,2014-01,2026-08,152,152,0.07897997815157289,0.9500955871985598,1.0007040567995173,-0.0014086092950116313
12,adaptive_TOT,EUR,COM_DEV_D,2013-01,2025-08,2014-01,2026-08,152,152,0.07795538283667855,0.9377701407990024,0.987722074375759,0.024405103790847704
12,adaptive_TOT,EUR,COM_DEV_LD,2013-01,2025-08,2014-01,2026-08,152,152,0.07789305734332241,0.9370203915892218,0.9869323884894978,0.025964460550414903
12,adaptive_TOT,EUR,COM_SLOG_L,2013-01,2025-08,2014-01,2026-08,152,152,0.07897127821013854,0.9499909305987594,1.0005938254865818,-0.0011880036018723228
12,adaptive_TOT,EUR,COM_SLOG_D,2013-01,2025-08,2014-01,2026-08,152,152,0.07795646559213455,0.9377831658871936,0.9877357932675933,0.024378002698038137
12,adaptive_TOT,EUR,COM_SLOG_LD,2013-01,2025-08,2014-01,2026-08,152,152,0.07787774607818929,0.9368362035737541,0.986738389383749,0.026347350916364864
12,adaptive_TOT,EUR,JOINT_LOG_LOG,2013-01,2025-08,2014-01,2026-08,152,152,0.0831099512484496,0.9997774091795802,1.0530322661665275,-0.10887695358781224
12,adaptive_TOT,EUR,JOINT_LOG_DEV,2013-01,2025-08,2014-01,2026-08,152,152,0.0829559416411852,0.9979247390260476,1.0510809103624044,-0.10477108012826086
12,adaptive_TOT,EUR,JOINT_LOG_SLOG,2013-01,2025-08,2014-01,2026-08,152,152,0.08289715876972441,0.9972176060527947,1.05033611073954,-0.10320594552346307
12,adaptive_TOT,EUR,JOINT_DEV_LOG,2013-01,2025-08,2014-01,2026-08,152,152,0.08286093338782376,0.9967818300967374,1.0498771224304078,-0.10224197220275322
12,adaptive_TOT,EUR,JOINT_DEV_DEV,2013-01,2025-08,2014-01,2026-08,152,152,0.0827117451581866,0.9949871590679839,1.0479868551738365,-0.09827644861714768
12,adaptive_TOT,EUR,JOINT_DEV_SLOG,2013-01,2025-08,2014-01,2026-08,152,152,0.08265576469725491,0.994313737902958,1.0472775630764348,-0.09679029412331608
12,adaptive_TOT,EUR,JOINT_SLOG_LOG,2013-01,2025-08,2014-01,2026-08,152,152,0.08310469250917861,0.9997141487800143,1.0529656360933712,-0.10873663079351781
12,adaptive_TOT,EUR,JOINT_SLOG_DEV,2013-01,2025-08,2014-01,2026-08,152,152,0.08295111739616055,0.9978667054076958,1.0510197854839207,-0.10464258947866689
12,adaptive_TOT,EUR,JOINT_SLOG_SLOG,2013-01,2025-08,2014-01,2026-08,152,152,0.0828924160942382,0.9971605536813404,1.0502760193757512,-0.10307971687577311
12,adaptive_TOT,EUR,ADAPTIVE_TOT,2013-01,2025-08,2014-01,2026-08,152,152,0.07787735955837083,0.9368315539045282,0.9867334920419238,0.026357015682750506
12,adaptive_TOT,CAD,EJR,2013-01,2025-08,2014-01,2026-08,152,152,0.06404336525126811,0.9946211659823151,1.0,0.0
12,adaptive_TOT,CAD,TOT_LOG_L,2013-01,2025-08,2014-01,2026-08,152,152,0.058066866083639666,0.9018035486182553,0.9066804321699804,0.1779305939200576
12,adaptive_TOT,CAD,TOT_LOG_D,2013-01,2025-08,2014-01,2026-08,152,152,0.071089214154728,1.1040462473189918,1.11001684367797,-0.23213739324880311
12,adaptive_TOT,CAD,TOT_LOG_LD,2013-01,2025-08,2014-01,2026-08,152,152,0.06122269963373557,0.9508150087894608,0.9559569425112825,0.08614632406448053
12,adaptive_TOT,CAD,TOT_DEV_L,2013-01,2025-08,2014-01,2026-08,152,152,0.05826593098768271,0.9048951126887664,0.9097887151788764,0.17228449373316934
12,adaptive_TOT,CAD,TOT_DEV_D,2013-01,2025-08,2014-01,2026-08,152,152,0.07124070076422705,1.1063988998940009,1.1123822192153845,-0.23739420162654357
12,adaptive_TOT,CAD,TOT_DEV_LD,2013-01,2025-08,2014-01,2026-08,152,152,0.061200096894461736,0.9504639784711331,0.9556040138482562,0.08682096871710177
12,adaptive_TOT,CAD,TOT_SLOG_L,2013-01,2025-08,2014-01,2026-08,152,152,0.05821029025140016,0.904030987985445,0.9089199173562722,0.17386458383306724
12,adaptive_TOT,CAD,TOT_SLOG_D,2013-01,2025-08,2014-01,2026-08,152,152,0.07095378565732008,1.1019429841711135,1.1079022062463395,-0.2274472986055065
12,adaptive_TOT,CAD,TOT_SLOG_LD,2013-01,2025-08,2014-01,2026-08,152,152,0.060983243654542406,0.9470961538496537,0.9522179762927885,0.09328092562486656
12,adaptive_TOT,CAD,COM_LOG_L,2013-01,2025-08,2014-01,2026-08,152,152,0.0645113548167205,1.001889246374899,1.0073073856068664,-0.01466816909814006
12,adaptive_TOT,CAD,COM_LOG_D,2013-01,2025-08,2014-01,2026-08,152,152,0.06517491104081338,1.0121945615736347,1.0176684311498274,-0.035649035758951175
12,adaptive_TOT,CAD,COM_LOG_LD,2013-01,2025-08,2014-01,2026-08,152,152,0.06609484336326821,1.026481508482108,1.032032640757576,-0.06509137158905598
12,adaptive_TOT,CAD,COM_DEV_L,2013-01,2025-08,2014-01,2026-08,152,152,0.06438821384682515,0.9999768138445817,1.0053846107899556,-0.010798215613270434
12,adaptive_TOT,CAD,COM_DEV_D,2013-01,2025-08,2014-01,2026-08,152,152,0.06522146424753766,1.012917553011868,1.0183953324696071,-0.037129053195881445
12,adaptive_TOT,CAD,COM_DEV_LD,2013-01,2025-08,2014-01,2026-08,152,152,0.06592845254021501,1.023897387023396,1.029434544570713,-0.05973548155551134
12,adaptive_TOT,CAD,COM_SLOG_L,2013-01,2025-08,2014-01,2026-08,152,152,0.0643970141658824,1.0001134866063484,1.005522022667403,-0.011074538069145712
12,adaptive_TOT,CAD,COM_SLOG_D,2013-01,2025-08,2014-01,2026-08,152,152,0.065219859531824,1.0128926310826734,1.018370275764555,-0.03707801856077553
12,adaptive_TOT,CAD,COM_SLOG_LD,2013-01,2025-08,2014-01,2026-08,152,152,0.06596215818102204,1.0244208502053844,1.0299608386009345,-0.060819329051540194
12,adaptive_TOT,CAD,JOINT_LOG_LOG,2013-01,2025-08,2014-01,2026-08,152,152,0.07017020562354319,1.0897736472885518,1.095667058535057,-0.20048630315886373
12,adaptive_TOT,CAD,JOINT_LOG_DEV,2013-01,2025-08,2014-01,2026-08,152,152,0.06930664473174977,1.0763621730831845,1.0821830561187984,-0.17112016695062238
12,adaptive_TOT,CAD,JOINT_LOG_SLOG,2013-01,2025-08,2014-01,2026-08,152,152,0.06937438639859175,1.0774142304726675,1.0832408029529348,-0.17341063718211913
12,adaptive_TOT,CAD,JOINT_DEV_LOG,2013-01,2025-08,2014-01,2026-08,152,152,0.06948251359587052,1.0790934926196496,1.0849291464191868,-0.17707125274986546
12,adaptive_TOT,CAD,JOINT_DEV_DEV,2013-01,2025-08,2014-01,2026-08,152,152,0.06866221691244254,1.0663539302852607,1.0721206895211208,-0.14944277289924335
12,adaptive_TOT,CAD,JOINT_DEV_SLOG,2013-01,2025-08,2014-01,2026-08,152,152,0.06872720854385622,1.0673632784349425,1.0731354961472044,-0.1516197930911063
12,adaptive_TOT,CAD,JOINT_SLOG_LOG,2013-01,2025-08,2014-01,2026-08,152,152,0.06970426943683,1.0825374567560304,1.0883917352461394,-0.18459656935210234
12,adaptive_TOT,CAD,JOINT_SLOG_DEV,2013-01,2025-08,2014-01,2026-08,152,152,0.06885600032776366,1.0693634705512747,1.0751465051471552,-0.1559400075301416
12,adaptive_TOT,CAD,JOINT_SLOG_SLOG,2013-01,2025-08,2014-01,2026-08,152,152,0.06892023675698711,1.0703610900842597,1.0761495197290938,-0.1580977888131594
12,adaptive_TOT,CAD,ADAPTIVE_TOT,2013-01,2025-08,2014-01,2026-08,152,152,0.062435397991557624,0.9696487388707814,0.9748925239421481,0.04958456676170819
12,adaptive_COM,POOL,EJR,2013-01,2025-08,2014-01,2026-08,152,456,0.11405868459823842,0.9807491022314608,1.0,0.0
12,adaptive_COM,POOL,TOT_LOG_L,2013-01,2025-08,2014-01,2026-08,152,456,0.10837396264709227,0.9318682478742455,0.9501596746344211,0.09719659269861103
12,adaptive_COM,POOL,TOT_LOG_D,2013-01,2025-08,2014-01,2026-08,152,456,0.11816465946957744,1.0160548852416296,1.035998792076219,-0.07329349718338474
12,adaptive_COM,POOL,TOT_LOG_LD,2013-01,2025-08,2014-01,2026-08,152,456,0.11004688419914321,0.9462530912209568,0.9648268747511299,0.06910910175796747
12,adaptive_COM,POOL,TOT_DEV_L,2013-01,2025-08,2014-01,2026-08,152,456,0.10849184922172024,0.9328819116091795,0.9511932353408523,0.09523142904180204
12,adaptive_COM,POOL,TOT_DEV_D,2013-01,2025-08,2014-01,2026-08,152,456,0.11816397263300896,1.0160489793840415,1.0359927702939153,-0.07328102010126125
12,adaptive_COM,POOL,TOT_DEV_LD,2013-01,2025-08,2014-01,2026-08,152,456,0.10992120630868941,0.9451724327979084,0.963725004333314,0.07123411602275387
12,adaptive_COM,POOL,TOT_SLOG_L,2013-01,2025-08,2014-01,2026-08,152,456,0.10846740471679925,0.9326717222111499,0.9509789201836409,0.09563909336635634
12,adaptive_COM,POOL,TOT_SLOG_D,2013-01,2025-08,2014-01,2026-08,152,456,0.11817802765761168,1.0161698334234293,1.036115996549349,-0.07353635830545047
12,adaptive_COM,POOL,TOT_SLOG_LD,2013-01,2025-08,2014-01,2026-08,152,456,0.11004612290544721,0.9462465451336377,0.9648202001721736,0.0691219813397268
12,adaptive_COM,POOL,COM_LOG_L,2013-01,2025-08,2014-01,2026-08,152,456,0.1151858903850962,0.9904415343981559,1.0098826826806593,-0.01986303277828516
12,adaptive_COM,POOL,COM_LOG_D,2013-01,2025-08,2014-01,2026-08,152,456,0.11462584871847535,0.9856259400075548,1.0049725640992153,-0.009969854592151384
12,adaptive_COM,POOL,COM_LOG_LD,2013-01,2025-08,2014-01,2026-08,152,456,0.1156426545892307,0.9943690834902246,1.0138873247273688,-0.027967507242820933
12,adaptive_COM,POOL,COM_DEV_L,2013-01,2025-08,2014-01,2026-08,152,456,0.11506089697859749,0.9893667616034294,1.0087868134188052,-0.01765083492766739
12,adaptive_COM,POOL,COM_DEV_D,2013-01,2025-08,2014-01,2026-08,152,456,0.11463114058060692,0.9856714428033563,1.0050189600588935,-0.010063110077859871
12,adaptive_COM,POOL,COM_DEV_LD,2013-01,2025-08,2014-01,2026-08,152,456,0.11544663151143993,0.9926835524126295,1.0121687087492761,-0.024485494971176802
12,adaptive_COM,POOL,COM_SLOG_L,2013-01,2025-08,2014-01,2026-08,152,456,0.11506018157589674,0.9893606101160705,1.0087805411853206,-0.01763818027414832
12,adaptive_COM,POOL,COM_SLOG_D,2013-01,2025-08,2014-01,2026-08,152,456,0.11463792989769105,0.9857298216690996,1.0050784848299186,-0.010182760668004942
12,adaptive_COM,POOL,COM_SLOG_LD,2013-01,2025-08,2014-01,2026-08,152,456,0.1154647222946478,0.9928391084709189,1.0123273181815309,-0.024806599136610652
12,adaptive_COM,POOL,JOINT_LOG_LOG,2013-01,2025-08,2014-01,2026-08,152,456,0.11254259613169375,0.9677128094870316,0.9867078208740969,0.02640767622589113
12,adaptive_COM,POOL,JOINT_LOG_DEV,2013-01,2025-08,2014-01,2026-08,152,456,0.11234278284218711,0.9659946877588369,0.9849559745310459,0.02986172823559774
12,adaptive_COM,POOL,JOINT_LOG_SLOG,2013-01,2025-08,2014-01,2026-08,152,456,0.11231379796648162,0.9657454573654952,0.9847018520518362,0.03036226256568353
12,adaptive_COM,POOL,JOINT_DEV_LOG,2013-01,2025-08,2014-01,2026-08,152,456,0.11238760413438922,0.9663800897318906,0.985348941470477,0.029087463543010506
12,adaptive_COM,POOL,JOINT_DEV_DEV,2013-01,2025-08,2014-01,2026-08,152,456,0.11217117707024538,0.9645191122043543,0.9834514352445706,0.03282327451539413
12,adaptive_COM,POOL,JOINT_DEV_SLOG,2013-01,2025-08,2014-01,2026-08,152,456,0.11214336478568208,0.9642799644953259,0.9832075933603576,0.03330282835853371
12,adaptive_COM,POOL,JOINT_SLOG_LOG,2013-01,2025-08,2014-01,2026-08,152,456,0.11256169517186618,0.9678770351798719,0.9868752701151582,0.026077201235133463
12,adaptive_COM,POOL,JOINT_SLOG_DEV,2013-01,2025-08,2014-01,2026-08,152,456,0.11235095869150953,0.9660649889104869,0.9850276556077759,0.02972051768784878
12,adaptive_COM,POOL,JOINT_SLOG_SLOG,2013-01,2025-08,2014-01,2026-08,152,456,0.11232167183805213,0.965813161920401,0.9847708855638239,0.030226302945842054
12,adaptive_COM,POOL,ADAPTIVE_COM,2013-01,2025-08,2014-01,2026-08,152,456,0.1143270039802929,0.9830562829076906,1.0023524677932207,-0.0047104696911597355
12,adaptive_COM,BRL,EJR,2013-01,2025-08,2014-01,2026-08,152,152,0.16940346906375767,0.9859882856791382,1.0,0.0
12,adaptive_COM,BRL,TOT_LOG_L,2013-01,2025-08,2014-01,2026-08,152,152,0.1598454451768815,0.930357195957154,0.9435783461832247,0.10965990461413067
12,adaptive_COM,BRL,TOT_LOG_D,2013-01,2025-08,2014-01,2026-08,152,152,0.1737976375357468,1.0115639050134226,1.02593907017533,-0.05255097571222045
12,adaptive_COM,BRL,TOT_LOG_LD,2013-01,2025-08,2014-01,2026-08,152,152,0.16071344763673573,0.9354092781965962,0.9487022227168717,0.09996409261206718
12,adaptive_COM,BRL,TOT_DEV_L,2013-01,2025-08,2014-01,2026-08,152,152,0.16005404735764311,0.9315713346506224,0.9448097387982312,0.10733455747201825
12,adaptive_COM,BRL,TOT_DEV_D,2013-01,2025-08,2014-01,2026-08,152,152,0.1737957364541729,1.0115528400442555,1.02592784796374,-0.052527949227510806
12,adaptive_COM,BRL,TOT_DEV_LD,2013-01,2025-08,2014-01,2026-08,152,152,0.16053839593602034,0.9343904151989997,0.9476688808279315,0.10192369231033571
12,adaptive_COM,BRL,TOT_SLOG_L,2013-01,2025-08,2014-01,2026-08,152,152,0.16000280890013044,0.9312731086511018,0.9445072747590006,0.10790600792732574
12,adaptive_COM,BRL,TOT_SLOG_D,2013-01,2025-08,2014-01,2026-08,152,152,0.17388908094910174,1.0120961381186169,1.0264788667560039,-0.053658863896689946
12,adaptive_COM,BRL,TOT_SLOG_LD,2013-01,2025-08,2014-01,2026-08,152,152,0.16079948092176882,0.9359100224357193,0.9492100829484749,0.09900021842894946
12,adaptive_COM,BRL,COM_LOG_L,2013-01,2025-08,2014-01,2026-08,152,152,0.171496389224079,0.9981698234737502,1.012354647587138,-0.024861932491277994
12,adaptive_COM,BRL,COM_LOG_D,2013-01,2025-08,2014-01,2026-08,152,152,0.1705704130100567,0.9927803134189125,1.0068885481079484,-0.01382454831093205
12,adaptive_COM,BRL,COM_LOG_LD,2013-01,2025-08,2014-01,2026-08,152,152,0.17233395974830362,1.0030447810521264,1.0172988823708384,-0.03489701607295714
12,adaptive_COM,BRL,COM_DEV_L,2013-01,2025-08,2014-01,2026-08,152,152,0.17126981931838098,0.9968511062471176,1.0110171902909548,-0.022155759063816838
12,adaptive_COM,BRL,COM_DEV_D,2013-01,2025-08,2014-01,2026-08,152,152,0.1705579492742178,0.9927077700548309,1.006814973842275,-0.013676391553020695
12,adaptive_COM,BRL,COM_DEV_LD,2013-01,2025-08,2014-01,2026-08,152,152,0.17195896296900923,1.0008621667668633,1.0150852513196749,-0.03039806744672746
12,adaptive_COM,BRL,COM_SLOG_L,2013-01,2025-08,2014-01,2026-08,152,152,0.17126908050553383,0.996846806094254,1.0110128290293394,-0.022146940461908127
12,adaptive_COM,BRL,COM_SLOG_D,2013-01,2025-08,2014-01,2026-08,152,152,0.1705717570663891,0.9927881363035699,1.0068964821623088,-0.013840525790832725
12,adaptive_COM,BRL,COM_SLOG_LD,2013-01,2025-08,2014-01,2026-08,152,152,0.17198940850419628,1.0010393705821783,1.0152649733487178,-0.030762966108772716
12,adaptive_COM,BRL,JOINT_LOG_LOG,2013-01,2025-08,2014-01,2026-08,152,152,0.16176027348646077,0.9415021760025234,0.9548817056726254,0.08820092817173764
12,adaptive_COM,BRL,JOINT_LOG_DEV,2013-01,2025-08,2014-01,2026-08,152,152,0.16179494217259,0.9417039600544805,0.9550863572439352,0.08781005020651023
12,adaptive_COM,BRL,JOINT_LOG_SLOG,2013-01,2025-08,2014-01,2026-08,152,152,0.1617356584699025,0.9413589078739993,0.9547364015847323,0.0884784034890369
12,adaptive_COM,BRL,JOINT_DEV_LOG,2013-01,2025-08,2014-01,2026-08,152,152,0.16186156650577324,0.9420917373085294,0.9554796451355673,0.08705864773161043
12,adaptive_COM,BRL,JOINT_DEV_DEV,2013-01,2025-08,2014-01,2026-08,152,152,0.16183752987959535,0.9419518356172025,0.9553377553247463,0.08732977325107527
12,adaptive_COM,BRL,JOINT_DEV_SLOG,2013-01,2025-08,2014-01,2026-08,152,152,0.16178071011231532,0.9416211244148714,0.955002344440931,0.08797052211232526
12,adaptive_COM,BRL,JOINT_SLOG_LOG,2013-01,2025-08,2014-01,2026-08,152,152,0.16200410663043407,0.9429213714000362,0.9563210690181395,0.08545001295200283
12,adaptive_COM,BRL,JOINT_SLOG_DEV,2013-01,2025-08,2014-01,2026-08,152,152,0.16200671929983412,0.9429365780627866,0.9563364917802264,0.08542051448948895
12,adaptive_COM,BRL,JOINT_SLOG_SLOG,2013-01,2025-08,2014-01,2026-08,152,152,0.16194851716797454,0.94259782100821,0.9559929207059075,0.0860775355601886
12,adaptive_COM,BRL,ADAPTIVE_COM,2013-01,2025-08,2014-01,2026-08,152,152,0.1698773253068004,0.9887462971137222,1.0027972050729632,-0.005602234502146697
12,adaptive_COM,EUR,EJR,2013-01,2025-08,2014-01,2026-08,152,152,0.07892441088344249,0.9494271365674133,1.0,0.0
12,adaptive_COM,EUR,TOT_LOG_L,2013-01,2025-08,2014-01,2026-08,152,152,0.07945073982619216,0.9557586501690207,1.0066687725237122,-0.013382017574397498
12,adaptive_COM,EUR,TOT_LOG_D,2013-01,2025-08,2014-01,2026-08,152,152,0.0814209129188563,0.979458995562447,1.0316315574290533,-0.064263670283494
12,adaptive_COM,EUR,TOT_LOG_LD,2013-01,2025-08,2014-01,2026-08,152,152,0.08218223022095783,0.9886173193061737,1.0412777149813202,-0.0842592797167192
12,adaptive_COM,EUR,TOT_DEV_L,2013-01,2025-08,2014-01,2026-08,152,152,0.07936767133550897,0.9547593715128291,1.0056162655774663,-0.011264073593969082
12,adaptive_COM,EUR,TOT_DEV_D,2013-01,2025-08,2014-01,2026-08,152,152,0.0812894693685289,0.9778777854880139,1.0299661214903357,-0.06083021141784495
12,adaptive_COM,EUR,TOT_DEV_LD,2013-01,2025-08,2014-01,2026-08,152,152,0.08203649407105626,0.9868641753302276,1.0394311867871877,-0.08041719206582143
12,adaptive_COM,EUR,TOT_SLOG_L,2013-01,2025-08,2014-01,2026-08,152,152,0.07941156660657094,0.955287412977399,1.0061724340755345,-0.012382967093485853
12,adaptive_COM,EUR,TOT_SLOG_D,2013-01,2025-08,2014-01,2026-08,152,152,0.08140200544643547,0.9792315467009439,1.0313919931141704,-0.06376944346002089
12,adaptive_COM,EUR,TOT_SLOG_LD,2013-01,2025-08,2014-01,2026-08,152,152,0.08218891913282957,0.9886977840746028,1.0413624658435294,-0.084435785267716
12,adaptive_COM,EUR,COM_LOG_L,2013-01,2025-08,2014-01,2026-08,152,152,0.07893441337108038,0.9495474622447327,1.0001267350307204,-0.00025348612320863495
12,adaptive_COM,EUR,COM_LOG_D,2013-01,2025-08,2014-01,2026-08,152,152,0.07794370250182589,0.9376296313324233,0.9875740804316558,0.024697435659569278
12,adaptive_COM,EUR,COM_LOG_LD,2013-01,2025-08,2014-01,2026-08,152,152,0.07779555693988877,0.9358475031531853,0.9856970241409739,0.02840137659962827
12,adaptive_COM,EUR,COM_DEV_L,2013-01,2025-08,2014-01,2026-08,152,152,0.07897997815157289,0.9500955871985598,1.0007040567995173,-0.0014086092950116313
12,adaptive_COM,EUR,COM_DEV_D,2013-01,2025-08,2014-01,2026-08,152,152,0.07795538283667855,0.9377701407990024,0.987722074375759,0.024405103790847704
12,adaptive_COM,EUR,COM_DEV_LD,2013-01,2025-08,2014-01,2026-08,152,152,0.07789305734332241,0.9370203915892218,0.9869323884894978,0.025964460550414903
12,adaptive_COM,EUR,COM_SLOG_L,2013-01,2025-08,2014-01,2026-08,152,152,0.07897127821013854,0.9499909305987594,1.0005938254865818,-0.0011880036018723228
12,adaptive_COM,EUR,COM_SLOG_D,2013-01,2025-08,2014-01,2026-08,152,152,0.07795646559213455,0.9377831658871936,0.9877357932675933,0.024378002698038137
12,adaptive_COM,EUR,COM_SLOG_LD,2013-01,2025-08,2014-01,2026-08,152,152,0.07787774607818929,0.9368362035737541,0.986738389383749,0.026347350916364864
12,adaptive_COM,EUR,JOINT_LOG_LOG,2013-01,2025-08,2014-01,2026-08,152,152,0.0831099512484496,0.9997774091795802,1.0530322661665275,-0.10887695358781224
12,adaptive_COM,EUR,JOINT_LOG_DEV,2013-01,2025-08,2014-01,2026-08,152,152,0.0829559416411852,0.9979247390260476,1.0510809103624044,-0.10477108012826086
12,adaptive_COM,EUR,JOINT_LOG_SLOG,2013-01,2025-08,2014-01,2026-08,152,152,0.08289715876972441,0.9972176060527947,1.05033611073954,-0.10320594552346307
12,adaptive_COM,EUR,JOINT_DEV_LOG,2013-01,2025-08,2014-01,2026-08,152,152,0.08286093338782376,0.9967818300967374,1.0498771224304078,-0.10224197220275322
12,adaptive_COM,EUR,JOINT_DEV_DEV,2013-01,2025-08,2014-01,2026-08,152,152,0.0827117451581866,0.9949871590679839,1.0479868551738365,-0.09827644861714768
12,adaptive_COM,EUR,JOINT_DEV_SLOG,2013-01,2025-08,2014-01,2026-08,152,152,0.08265576469725491,0.994313737902958,1.0472775630764348,-0.09679029412331608
12,adaptive_COM,EUR,JOINT_SLOG_LOG,2013-01,2025-08,2014-01,2026-08,152,152,0.08310469250917861,0.9997141487800143,1.0529656360933712,-0.10873663079351781
12,adaptive_COM,EUR,JOINT_SLOG_DEV,2013-01,2025-08,2014-01,2026-08,152,152,0.08295111739616055,0.9978667054076958,1.0510197854839207,-0.10464258947866689
12,adaptive_COM,EUR,JOINT_SLOG_SLOG,2013-01,2025-08,2014-01,2026-08,152,152,0.0828924160942382,0.9971605536813404,1.0502760193757512,-0.10307971687577311
12,adaptive_COM,EUR,ADAPTIVE_COM,2013-01,2025-08,2014-01,2026-08,152,152,0.07878546764051604,0.9477557083768136,0.9982395403225542,0.0035178201366155015
12,adaptive_COM,CAD,EJR,2013-01,2025-08,2014-01,2026-08,152,152,0.06404336525126811,0.9946211659823151,1.0,0.0
12,adaptive_COM,CAD,TOT_LOG_L,2013-01,2025-08,2014-01,2026-08,152,152,0.058066866083639666,0.9018035486182553,0.9066804321699804,0.1779305939200576
12,adaptive_COM,CAD,TOT_LOG_D,2013-01,2025-08,2014-01,2026-08,152,152,0.071089214154728,1.1040462473189918,1.11001684367797,-0.23213739324880311
12,adaptive_COM,CAD,TOT_LOG_LD,2013-01,2025-08,2014-01,2026-08,152,152,0.06122269963373557,0.9508150087894608,0.9559569425112825,0.08614632406448053
12,adaptive_COM,CAD,TOT_DEV_L,2013-01,2025-08,2014-01,2026-08,152,152,0.05826593098768271,0.9048951126887664,0.9097887151788764,0.17228449373316934
12,adaptive_COM,CAD,TOT_DEV_D,2013-01,2025-08,2014-01,2026-08,152,152,0.07124070076422705,1.1063988998940009,1.1123822192153845,-0.23739420162654357
12,adaptive_COM,CAD,TOT_DEV_LD,2013-01,2025-08,2014-01,2026-08,152,152,0.061200096894461736,0.9504639784711331,0.9556040138482562,0.08682096871710177
12,adaptive_COM,CAD,TOT_SLOG_L,2013-01,2025-08,2014-01,2026-08,152,152,0.05821029025140016,0.904030987985445,0.9089199173562722,0.17386458383306724
12,adaptive_COM,CAD,TOT_SLOG_D,2013-01,2025-08,2014-01,2026-08,152,152,0.07095378565732008,1.1019429841711135,1.1079022062463395,-0.2274472986055065
12,adaptive_COM,CAD,TOT_SLOG_LD,2013-01,2025-08,2014-01,2026-08,152,152,0.060983243654542406,0.9470961538496537,0.9522179762927885,0.09328092562486656
12,adaptive_COM,CAD,COM_LOG_L,2013-01,2025-08,2014-01,2026-08,152,152,0.0645113548167205,1.001889246374899,1.0073073856068664,-0.01466816909814006
12,adaptive_COM,CAD,COM_LOG_D,2013-01,2025-08,2014-01,2026-08,152,152,0.06517491104081338,1.0121945615736347,1.0176684311498274,-0.035649035758951175
12,adaptive_COM,CAD,COM_LOG_LD,2013-01,2025-08,2014-01,2026-08,152,152,0.06609484336326821,1.026481508482108,1.032032640757576,-0.06509137158905598
12,adaptive_COM,CAD,COM_DEV_L,2013-01,2025-08,2014-01,2026-08,152,152,0.06438821384682515,0.9999768138445817,1.0053846107899556,-0.010798215613270434
12,adaptive_COM,CAD,COM_DEV_D,2013-01,2025-08,2014-01,2026-08,152,152,0.06522146424753766,1.012917553011868,1.0183953324696071,-0.037129053195881445
12,adaptive_COM,CAD,COM_DEV_LD,2013-01,2025-08,2014-01,2026-08,152,152,0.06592845254021501,1.023897387023396,1.029434544570713,-0.05973548155551134
12,adaptive_COM,CAD,COM_SLOG_L,2013-01,2025-08,2014-01,2026-08,152,152,0.0643970141658824,1.0001134866063484,1.005522022667403,-0.011074538069145712
12,adaptive_COM,CAD,COM_SLOG_D,2013-01,2025-08,2014-01,2026-08,152,152,0.065219859531824,1.0128926310826734,1.018370275764555,-0.03707801856077553
12,adaptive_COM,CAD,COM_SLOG_LD,2013-01,2025-08,2014-01,2026-08,152,152,0.06596215818102204,1.0244208502053844,1.0299608386009345,-0.060819329051540194
12,adaptive_COM,CAD,JOINT_LOG_LOG,2013-01,2025-08,2014-01,2026-08,152,152,0.07017020562354319,1.0897736472885518,1.095667058535057,-0.20048630315886373
12,adaptive_COM,CAD,JOINT_LOG_DEV,2013-01,2025-08,2014-01,2026-08,152,152,0.06930664473174977,1.0763621730831845,1.0821830561187984,-0.17112016695062238
12,adaptive_COM,CAD,JOINT_LOG_SLOG,2013-01,2025-08,2014-01,2026-08,152,152,0.06937438639859175,1.0774142304726675,1.0832408029529348,-0.17341063718211913
12,adaptive_COM,CAD,JOINT_DEV_LOG,2013-01,2025-08,2014-01,2026-08,152,152,0.06948251359587052,1.0790934926196496,1.0849291464191868,-0.17707125274986546
12,adaptive_COM,CAD,JOINT_DEV_DEV,2013-01,2025-08,2014-01,2026-08,152,152,0.06866221691244254,1.0663539302852607,1.0721206895211208,-0.14944277289924335
12,adaptive_COM,CAD,JOINT_DEV_SLOG,2013-01,2025-08,2014-01,2026-08,152,152,0.06872720854385622,1.0673632784349425,1.0731354961472044,-0.1516197930911063
12,adaptive_COM,CAD,JOINT_SLOG_LOG,2013-01,2025-08,2014-01,2026-08,152,152,0.06970426943683,1.0825374567560304,1.0883917352461394,-0.18459656935210234
12,adaptive_COM,CAD,JOINT_SLOG_DEV,2013-01,2025-08,2014-01,2026-08,152,152,0.06885600032776366,1.0693634705512747,1.0751465051471552,-0.1559400075301416
12,adaptive_COM,CAD,JOINT_SLOG_SLOG,2013-01,2025-08,2014-01,2026-08,152,152,0.06892023675698711,1.0703610900842597,1.0761495197290938,-0.1580977888131594
12,adaptive_COM,CAD,ADAPTIVE_COM,2013-01,2025-08,2014-01,2026-08,152,152,0.06439360179864491,1.0000604910670419,1.005468740532336,-0.010967388187681948
12,adaptive_JOINT,POOL,EJR,2013-01,2025-08,2014-01,2026-08,152,456,0.11405868459823842,0.9807491022314608,1.0,0.0
12,adaptive_JOINT,POOL,TOT_LOG_L,2013-01,2025-08,2014-01,2026-08,152,456,0.10837396264709227,0.9318682478742455,0.9501596746344211,0.09719659269861103
12,adaptive_JOINT,POOL,TOT_LOG_D,2013-01,2025-08,2014-01,2026-08,152,456,0.11816465946957744,1.0160548852416296,1.035998792076219,-0.07329349718338474
12,adaptive_JOINT,POOL,TOT_LOG_LD,2013-01,2025-08,2014-01,2026-08,152,456,0.11004688419914321,0.9462530912209568,0.9648268747511299,0.06910910175796747
12,adaptive_JOINT,POOL,TOT_DEV_L,2013-01,2025-08,2014-01,2026-08,152,456,0.10849184922172024,0.9328819116091795,0.9511932353408523,0.09523142904180204
12,adaptive_JOINT,POOL,TOT_DEV_D,2013-01,2025-08,2014-01,2026-08,152,456,0.11816397263300896,1.0160489793840415,1.0359927702939153,-0.07328102010126125
12,adaptive_JOINT,POOL,TOT_DEV_LD,2013-01,2025-08,2014-01,2026-08,152,456,0.10992120630868941,0.9451724327979084,0.963725004333314,0.07123411602275387
12,adaptive_JOINT,POOL,TOT_SLOG_L,2013-01,2025-08,2014-01,2026-08,152,456,0.10846740471679925,0.9326717222111499,0.9509789201836409,0.09563909336635634
12,adaptive_JOINT,POOL,TOT_SLOG_D,2013-01,2025-08,2014-01,2026-08,152,456,0.11817802765761168,1.0161698334234293,1.036115996549349,-0.07353635830545047
12,adaptive_JOINT,POOL,TOT_SLOG_LD,2013-01,2025-08,2014-01,2026-08,152,456,0.11004612290544721,0.9462465451336377,0.9648202001721736,0.0691219813397268
12,adaptive_JOINT,POOL,COM_LOG_L,2013-01,2025-08,2014-01,2026-08,152,456,0.1151858903850962,0.9904415343981559,1.0098826826806593,-0.01986303277828516
12,adaptive_JOINT,POOL,COM_LOG_D,2013-01,2025-08,2014-01,2026-08,152,456,0.11462584871847535,0.9856259400075548,1.0049725640992153,-0.009969854592151384
12,adaptive_JOINT,POOL,COM_LOG_LD,2013-01,2025-08,2014-01,2026-08,152,456,0.1156426545892307,0.9943690834902246,1.0138873247273688,-0.027967507242820933
12,adaptive_JOINT,POOL,COM_DEV_L,2013-01,2025-08,2014-01,2026-08,152,456,0.11506089697859749,0.9893667616034294,1.0087868134188052,-0.01765083492766739
12,adaptive_JOINT,POOL,COM_DEV_D,2013-01,2025-08,2014-01,2026-08,152,456,0.11463114058060692,0.9856714428033563,1.0050189600588935,-0.010063110077859871
12,adaptive_JOINT,POOL,COM_DEV_LD,2013-01,2025-08,2014-01,2026-08,152,456,0.11544663151143993,0.9926835524126295,1.0121687087492761,-0.024485494971176802
12,adaptive_JOINT,POOL,COM_SLOG_L,2013-01,2025-08,2014-01,2026-08,152,456,0.11506018157589674,0.9893606101160705,1.0087805411853206,-0.01763818027414832
12,adaptive_JOINT,POOL,COM_SLOG_D,2013-01,2025-08,2014-01,2026-08,152,456,0.11463792989769105,0.9857298216690996,1.0050784848299186,-0.010182760668004942
12,adaptive_JOINT,POOL,COM_SLOG_LD,2013-01,2025-08,2014-01,2026-08,152,456,0.1154647222946478,0.9928391084709189,1.0123273181815309,-0.024806599136610652
12,adaptive_JOINT,POOL,JOINT_LOG_LOG,2013-01,2025-08,2014-01,2026-08,152,456,0.11254259613169375,0.9677128094870316,0.9867078208740969,0.02640767622589113
12,adaptive_JOINT,POOL,JOINT_LOG_DEV,2013-01,2025-08,2014-01,2026-08,152,456,0.11234278284218711,0.9659946877588369,0.9849559745310459,0.02986172823559774
12,adaptive_JOINT,POOL,JOINT_LOG_SLOG,2013-01,2025-08,2014-01,2026-08,152,456,0.11231379796648162,0.9657454573654952,0.9847018520518362,0.03036226256568353
12,adaptive_JOINT,POOL,JOINT_DEV_LOG,2013-01,2025-08,2014-01,2026-08,152,456,0.11238760413438922,0.9663800897318906,0.985348941470477,0.029087463543010506
12,adaptive_JOINT,POOL,JOINT_DEV_DEV,2013-01,2025-08,2014-01,2026-08,152,456,0.11217117707024538,0.9645191122043543,0.9834514352445706,0.03282327451539413
12,adaptive_JOINT,POOL,JOINT_DEV_SLOG,2013-01,2025-08,2014-01,2026-08,152,456,0.11214336478568208,0.9642799644953259,0.9832075933603576,0.03330282835853371
12,adaptive_JOINT,POOL,JOINT_SLOG_LOG,2013-01,2025-08,2014-01,2026-08,152,456,0.11256169517186618,0.9678770351798719,0.9868752701151582,0.026077201235133463
12,adaptive_JOINT,POOL,JOINT_SLOG_DEV,2013-01,2025-08,2014-01,2026-08,152,456,0.11235095869150953,0.9660649889104869,0.9850276556077759,0.02972051768784878
12,adaptive_JOINT,POOL,JOINT_SLOG_SLOG,2013-01,2025-08,2014-01,2026-08,152,456,0.11232167183805213,0.965813161920401,0.9847708855638239,0.030226302945842054
12,adaptive_JOINT,POOL,ADAPTIVE_JOINT,2013-01,2025-08,2014-01,2026-08,152,456,0.11431690281646663,0.9829694266775928,1.0022639066822292,-0.004532938637924033
12,adaptive_JOINT,BRL,EJR,2013-01,2025-08,2014-01,2026-08,152,152,0.16940346906375767,0.9859882856791382,1.0,0.0
12,adaptive_JOINT,BRL,TOT_LOG_L,2013-01,2025-08,2014-01,2026-08,152,152,0.1598454451768815,0.930357195957154,0.9435783461832247,0.10965990461413067
12,adaptive_JOINT,BRL,TOT_LOG_D,2013-01,2025-08,2014-01,2026-08,152,152,0.1737976375357468,1.0115639050134226,1.02593907017533,-0.05255097571222045
12,adaptive_JOINT,BRL,TOT_LOG_LD,2013-01,2025-08,2014-01,2026-08,152,152,0.16071344763673573,0.9354092781965962,0.9487022227168717,0.09996409261206718
12,adaptive_JOINT,BRL,TOT_DEV_L,2013-01,2025-08,2014-01,2026-08,152,152,0.16005404735764311,0.9315713346506224,0.9448097387982312,0.10733455747201825
12,adaptive_JOINT,BRL,TOT_DEV_D,2013-01,2025-08,2014-01,2026-08,152,152,0.1737957364541729,1.0115528400442555,1.02592784796374,-0.052527949227510806
12,adaptive_JOINT,BRL,TOT_DEV_LD,2013-01,2025-08,2014-01,2026-08,152,152,0.16053839593602034,0.9343904151989997,0.9476688808279315,0.10192369231033571
12,adaptive_JOINT,BRL,TOT_SLOG_L,2013-01,2025-08,2014-01,2026-08,152,152,0.16000280890013044,0.9312731086511018,0.9445072747590006,0.10790600792732574
12,adaptive_JOINT,BRL,TOT_SLOG_D,2013-01,2025-08,2014-01,2026-08,152,152,0.17388908094910174,1.0120961381186169,1.0264788667560039,-0.053658863896689946
12,adaptive_JOINT,BRL,TOT_SLOG_LD,2013-01,2025-08,2014-01,2026-08,152,152,0.16079948092176882,0.9359100224357193,0.9492100829484749,0.09900021842894946
12,adaptive_JOINT,BRL,COM_LOG_L,2013-01,2025-08,2014-01,2026-08,152,152,0.171496389224079,0.9981698234737502,1.012354647587138,-0.024861932491277994
12,adaptive_JOINT,BRL,COM_LOG_D,2013-01,2025-08,2014-01,2026-08,152,152,0.1705704130100567,0.9927803134189125,1.0068885481079484,-0.01382454831093205
12,adaptive_JOINT,BRL,COM_LOG_LD,2013-01,2025-08,2014-01,2026-08,152,152,0.17233395974830362,1.0030447810521264,1.0172988823708384,-0.03489701607295714
12,adaptive_JOINT,BRL,COM_DEV_L,2013-01,2025-08,2014-01,2026-08,152,152,0.17126981931838098,0.9968511062471176,1.0110171902909548,-0.022155759063816838
12,adaptive_JOINT,BRL,COM_DEV_D,2013-01,2025-08,2014-01,2026-08,152,152,0.1705579492742178,0.9927077700548309,1.006814973842275,-0.013676391553020695
12,adaptive_JOINT,BRL,COM_DEV_LD,2013-01,2025-08,2014-01,2026-08,152,152,0.17195896296900923,1.0008621667668633,1.0150852513196749,-0.03039806744672746
12,adaptive_JOINT,BRL,COM_SLOG_L,2013-01,2025-08,2014-01,2026-08,152,152,0.17126908050553383,0.996846806094254,1.0110128290293394,-0.022146940461908127
12,adaptive_JOINT,BRL,COM_SLOG_D,2013-01,2025-08,2014-01,2026-08,152,152,0.1705717570663891,0.9927881363035699,1.0068964821623088,-0.013840525790832725
12,adaptive_JOINT,BRL,COM_SLOG_LD,2013-01,2025-08,2014-01,2026-08,152,152,0.17198940850419628,1.0010393705821783,1.0152649733487178,-0.030762966108772716
12,adaptive_JOINT,BRL,JOINT_LOG_LOG,2013-01,2025-08,2014-01,2026-08,152,152,0.16176027348646077,0.9415021760025234,0.9548817056726254,0.08820092817173764
12,adaptive_JOINT,BRL,JOINT_LOG_DEV,2013-01,2025-08,2014-01,2026-08,152,152,0.16179494217259,0.9417039600544805,0.9550863572439352,0.08781005020651023
12,adaptive_JOINT,BRL,JOINT_LOG_SLOG,2013-01,2025-08,2014-01,2026-08,152,152,0.1617356584699025,0.9413589078739993,0.9547364015847323,0.0884784034890369
12,adaptive_JOINT,BRL,JOINT_DEV_LOG,2013-01,2025-08,2014-01,2026-08,152,152,0.16186156650577324,0.9420917373085294,0.9554796451355673,0.08705864773161043
12,adaptive_JOINT,BRL,JOINT_DEV_DEV,2013-01,2025-08,2014-01,2026-08,152,152,0.16183752987959535,0.9419518356172025,0.9553377553247463,0.08732977325107527
12,adaptive_JOINT,BRL,JOINT_DEV_SLOG,2013-01,2025-08,2014-01,2026-08,152,152,0.16178071011231532,0.9416211244148714,0.955002344440931,0.08797052211232526
12,adaptive_JOINT,BRL,JOINT_SLOG_LOG,2013-01,2025-08,2014-01,2026-08,152,152,0.16200410663043407,0.9429213714000362,0.9563210690181395,0.08545001295200283
12,adaptive_JOINT,BRL,JOINT_SLOG_DEV,2013-01,2025-08,2014-01,2026-08,152,152,0.16200671929983412,0.9429365780627866,0.9563364917802264,0.08542051448948895
12,adaptive_JOINT,BRL,JOINT_SLOG_SLOG,2013-01,2025-08,2014-01,2026-08,152,152,0.16194851716797454,0.94259782100821,0.9559929207059075,0.0860775355601886
12,adaptive_JOINT,BRL,ADAPTIVE_JOINT,2013-01,2025-08,2014-01,2026-08,152,152,0.1696399944193619,0.9873649471559116,1.0013962249823538,-0.0027943994089090207
12,adaptive_JOINT,EUR,EJR,2013-01,2025-08,2014-01,2026-08,152,152,0.07892441088344249,0.9494271365674133,1.0,0.0
12,adaptive_JOINT,EUR,TOT_LOG_L,2013-01,2025-08,2014-01,2026-08,152,152,0.07945073982619216,0.9557586501690207,1.0066687725237122,-0.013382017574397498
12,adaptive_JOINT,EUR,TOT_LOG_D,2013-01,2025-08,2014-01,2026-08,152,152,0.0814209129188563,0.979458995562447,1.0316315574290533,-0.064263670283494
12,adaptive_JOINT,EUR,TOT_LOG_LD,2013-01,2025-08,2014-01,2026-08,152,152,0.08218223022095783,0.9886173193061737,1.0412777149813202,-0.0842592797167192
12,adaptive_JOINT,EUR,TOT_DEV_L,2013-01,2025-08,2014-01,2026-08,152,152,0.07936767133550897,0.9547593715128291,1.0056162655774663,-0.011264073593969082
12,adaptive_JOINT,EUR,TOT_DEV_D,2013-01,2025-08,2014-01,2026-08,152,152,0.0812894693685289,0.9778777854880139,1.0299661214903357,-0.06083021141784495
12,adaptive_JOINT,EUR,TOT_DEV_LD,2013-01,2025-08,2014-01,2026-08,152,152,0.08203649407105626,0.9868641753302276,1.0394311867871877,-0.08041719206582143
12,adaptive_JOINT,EUR,TOT_SLOG_L,2013-01,2025-08,2014-01,2026-08,152,152,0.07941156660657094,0.955287412977399,1.0061724340755345,-0.012382967093485853
12,adaptive_JOINT,EUR,TOT_SLOG_D,2013-01,2025-08,2014-01,2026-08,152,152,0.08140200544643547,0.9792315467009439,1.0313919931141704,-0.06376944346002089
12,adaptive_JOINT,EUR,TOT_SLOG_LD,2013-01,2025-08,2014-01,2026-08,152,152,0.08218891913282957,0.9886977840746028,1.0413624658435294,-0.084435785267716
12,adaptive_JOINT,EUR,COM_LOG_L,2013-01,2025-08,2014-01,2026-08,152,152,0.07893441337108038,0.9495474622447327,1.0001267350307204,-0.00025348612320863495
12,adaptive_JOINT,EUR,COM_LOG_D,2013-01,2025-08,2014-01,2026-08,152,152,0.07794370250182589,0.9376296313324233,0.9875740804316558,0.024697435659569278
12,adaptive_JOINT,EUR,COM_LOG_LD,2013-01,2025-08,2014-01,2026-08,152,152,0.07779555693988877,0.9358475031531853,0.9856970241409739,0.02840137659962827
12,adaptive_JOINT,EUR,COM_DEV_L,2013-01,2025-08,2014-01,2026-08,152,152,0.07897997815157289,0.9500955871985598,1.0007040567995173,-0.0014086092950116313
12,adaptive_JOINT,EUR,COM_DEV_D,2013-01,2025-08,2014-01,2026-08,152,152,0.07795538283667855,0.9377701407990024,0.987722074375759,0.024405103790847704
12,adaptive_JOINT,EUR,COM_DEV_LD,2013-01,2025-08,2014-01,2026-08,152,152,0.07789305734332241,0.9370203915892218,0.9869323884894978,0.025964460550414903
12,adaptive_JOINT,EUR,COM_SLOG_L,2013-01,2025-08,2014-01,2026-08,152,152,0.07897127821013854,0.9499909305987594,1.0005938254865818,-0.0011880036018723228
12,adaptive_JOINT,EUR,COM_SLOG_D,2013-01,2025-08,2014-01,2026-08,152,152,0.07795646559213455,0.9377831658871936,0.9877357932675933,0.024378002698038137
12,adaptive_JOINT,EUR,COM_SLOG_LD,2013-01,2025-08,2014-01,2026-08,152,152,0.07787774607818929,0.9368362035737541,0.986738389383749,0.026347350916364864
12,adaptive_JOINT,EUR,JOINT_LOG_LOG,2013-01,2025-08,2014-01,2026-08,152,152,0.0831099512484496,0.9997774091795802,1.0530322661665275,-0.10887695358781224
12,adaptive_JOINT,EUR,JOINT_LOG_DEV,2013-01,2025-08,2014-01,2026-08,152,152,0.0829559416411852,0.9979247390260476,1.0510809103624044,-0.10477108012826086
12,adaptive_JOINT,EUR,JOINT_LOG_SLOG,2013-01,2025-08,2014-01,2026-08,152,152,0.08289715876972441,0.9972176060527947,1.05033611073954,-0.10320594552346307
12,adaptive_JOINT,EUR,JOINT_DEV_LOG,2013-01,2025-08,2014-01,2026-08,152,152,0.08286093338782376,0.9967818300967374,1.0498771224304078,-0.10224197220275322
12,adaptive_JOINT,EUR,JOINT_DEV_DEV,2013-01,2025-08,2014-01,2026-08,152,152,0.0827117451581866,0.9949871590679839,1.0479868551738365,-0.09827644861714768
12,adaptive_JOINT,EUR,JOINT_DEV_SLOG,2013-01,2025-08,2014-01,2026-08,152,152,0.08265576469725491,0.994313737902958,1.0472775630764348,-0.09679029412331608
12,adaptive_JOINT,EUR,JOINT_SLOG_LOG,2013-01,2025-08,2014-01,2026-08,152,152,0.08310469250917861,0.9997141487800143,1.0529656360933712,-0.10873663079351781
12,adaptive_JOINT,EUR,JOINT_SLOG_DEV,2013-01,2025-08,2014-01,2026-08,152,152,0.08295111739616055,0.9978667054076958,1.0510197854839207,-0.10464258947866689
12,adaptive_JOINT,EUR,JOINT_SLOG_SLOG,2013-01,2025-08,2014-01,2026-08,152,152,0.0828924160942382,0.9971605536813404,1.0502760193757512,-0.10307971687577311
12,adaptive_JOINT,EUR,ADAPTIVE_JOINT,2013-01,2025-08,2014-01,2026-08,152,152,0.07900571371223386,0.950405175061083,1.0010301353900688,-0.0020613319590594426
12,adaptive_JOINT,CAD,EJR,2013-01,2025-08,2014-01,2026-08,152,152,0.06404336525126811,0.9946211659823151,1.0,0.0
12,adaptive_JOINT,CAD,TOT_LOG_L,2013-01,2025-08,2014-01,2026-08,152,152,0.058066866083639666,0.9018035486182553,0.9066804321699804,0.1779305939200576
12,adaptive_JOINT,CAD,TOT_LOG_D,2013-01,2025-08,2014-01,2026-08,152,152,0.071089214154728,1.1040462473189918,1.11001684367797,-0.23213739324880311
12,adaptive_JOINT,CAD,TOT_LOG_LD,2013-01,2025-08,2014-01,2026-08,152,152,0.06122269963373557,0.9508150087894608,0.9559569425112825,0.08614632406448053
12,adaptive_JOINT,CAD,TOT_DEV_L,2013-01,2025-08,2014-01,2026-08,152,152,0.05826593098768271,0.9048951126887664,0.9097887151788764,0.17228449373316934
12,adaptive_JOINT,CAD,TOT_DEV_D,2013-01,2025-08,2014-01,2026-08,152,152,0.07124070076422705,1.1063988998940009,1.1123822192153845,-0.23739420162654357
12,adaptive_JOINT,CAD,TOT_DEV_LD,2013-01,2025-08,2014-01,2026-08,152,152,0.061200096894461736,0.9504639784711331,0.9556040138482562,0.08682096871710177
12,adaptive_JOINT,CAD,TOT_SLOG_L,2013-01,2025-08,2014-01,2026-08,152,152,0.05821029025140016,0.904030987985445,0.9089199173562722,0.17386458383306724
12,adaptive_JOINT,CAD,TOT_SLOG_D,2013-01,2025-08,2014-01,2026-08,152,152,0.07095378565732008,1.1019429841711135,1.1079022062463395,-0.2274472986055065
12,adaptive_JOINT,CAD,TOT_SLOG_LD,2013-01,2025-08,2014-01,2026-08,152,152,0.060983243654542406,0.9470961538496537,0.9522179762927885,0.09328092562486656
12,adaptive_JOINT,CAD,COM_LOG_L,2013-01,2025-08,2014-01,2026-08,152,152,0.0645113548167205,1.001889246374899,1.0073073856068664,-0.01466816909814006
12,adaptive_JOINT,CAD,COM_LOG_D,2013-01,2025-08,2014-01,2026-08,152,152,0.06517491104081338,1.0121945615736347,1.0176684311498274,-0.035649035758951175
12,adaptive_JOINT,CAD,COM_LOG_LD,2013-01,2025-08,2014-01,2026-08,152,152,0.06609484336326821,1.026481508482108,1.032032640757576,-0.06509137158905598
12,adaptive_JOINT,CAD,COM_DEV_L,2013-01,2025-08,2014-01,2026-08,152,152,0.06438821384682515,0.9999768138445817,1.0053846107899556,-0.010798215613270434
12,adaptive_JOINT,CAD,COM_DEV_D,2013-01,2025-08,2014-01,2026-08,152,152,0.06522146424753766,1.012917553011868,1.0183953324696071,-0.037129053195881445
12,adaptive_JOINT,CAD,COM_DEV_LD,2013-01,2025-08,2014-01,2026-08,152,152,0.06592845254021501,1.023897387023396,1.029434544570713,-0.05973548155551134
12,adaptive_JOINT,CAD,COM_SLOG_L,2013-01,2025-08,2014-01,2026-08,152,152,0.0643970141658824,1.0001134866063484,1.005522022667403,-0.011074538069145712
12,adaptive_JOINT,CAD,COM_SLOG_D,2013-01,2025-08,2014-01,2026-08,152,152,0.065219859531824,1.0128926310826734,1.018370275764555,-0.03707801856077553
12,adaptive_JOINT,CAD,COM_SLOG_LD,2013-01,2025-08,2014-01,2026-08,152,152,0.06596215818102204,1.0244208502053844,1.0299608386009345,-0.060819329051540194
12,adaptive_JOINT,CAD,JOINT_LOG_LOG,2013-01,2025-08,2014-01,2026-08,152,152,0.07017020562354319,1.0897736472885518,1.095667058535057,-0.20048630315886373
12,adaptive_JOINT,CAD,JOINT_LOG_DEV,2013-01,2025-08,2014-01,2026-08,152,152,0.06930664473174977,1.0763621730831845,1.0821830561187984,-0.17112016695062238
12,adaptive_JOINT,CAD,JOINT_LOG_SLOG,2013-01,2025-08,2014-01,2026-08,152,152,0.06937438639859175,1.0774142304726675,1.0832408029529348,-0.17341063718211913
12,adaptive_JOINT,CAD,JOINT_DEV_LOG,2013-01,2025-08,2014-01,2026-08,152,152,0.06948251359587052,1.0790934926196496,1.0849291464191868,-0.17707125274986546
12,adaptive_JOINT,CAD,JOINT_DEV_DEV,2013-01,2025-08,2014-01,2026-08,152,152,0.06866221691244254,1.0663539302852607,1.0721206895211208,-0.14944277289924335
12,adaptive_JOINT,CAD,JOINT_DEV_SLOG,2013-01,2025-08,2014-01,2026-08,152,152,0.06872720854385622,1.0673632784349425,1.0731354961472044,-0.1516197930911063
12,adaptive_JOINT,CAD,JOINT_SLOG_LOG,2013-01,2025-08,2014-01,2026-08,152,152,0.06970426943683,1.0825374567560304,1.0883917352461394,-0.18459656935210234
12,adaptive_JOINT,CAD,JOINT_SLOG_DEV,2013-01,2025-08,2014-01,2026-08,152,152,0.06885600032776366,1.0693634705512747,1.0751465051471552,-0.1559400075301416
12,adaptive_JOINT,CAD,JOINT_SLOG_SLOG,2013-01,2025-08,2014-01,2026-08,152,152,0.06892023675698711,1.0703610900842597,1.0761495197290938,-0.1580977888131594
12,adaptive_JOINT,CAD,ADAPTIVE_JOINT,2013-01,2025-08,2014-01,2026-08,152,152,0.06469491713317078,1.0047400485540454,1.010173604702788,-0.020450711638224872
12,adaptive_ALL,POOL,EJR,2013-01,2025-08,2014-01,2026-08,152,456,0.11405868459823842,0.9807491022314608,1.0,0.0
12,adaptive_ALL,POOL,TOT_LOG_L,2013-01,2025-08,2014-01,2026-08,152,456,0.10837396264709227,0.9318682478742455,0.9501596746344211,0.09719659269861103
12,adaptive_ALL,POOL,TOT_LOG_D,2013-01,2025-08,2014-01,2026-08,152,456,0.11816465946957744,1.0160548852416296,1.035998792076219,-0.07329349718338474
12,adaptive_ALL,POOL,TOT_LOG_LD,2013-01,2025-08,2014-01,2026-08,152,456,0.11004688419914321,0.9462530912209568,0.9648268747511299,0.06910910175796747
12,adaptive_ALL,POOL,TOT_DEV_L,2013-01,2025-08,2014-01,2026-08,152,456,0.10849184922172024,0.9328819116091795,0.9511932353408523,0.09523142904180204
12,adaptive_ALL,POOL,TOT_DEV_D,2013-01,2025-08,2014-01,2026-08,152,456,0.11816397263300896,1.0160489793840415,1.0359927702939153,-0.07328102010126125
12,adaptive_ALL,POOL,TOT_DEV_LD,2013-01,2025-08,2014-01,2026-08,152,456,0.10992120630868941,0.9451724327979084,0.963725004333314,0.07123411602275387
12,adaptive_ALL,POOL,TOT_SLOG_L,2013-01,2025-08,2014-01,2026-08,152,456,0.10846740471679925,0.9326717222111499,0.9509789201836409,0.09563909336635634
12,adaptive_ALL,POOL,TOT_SLOG_D,2013-01,2025-08,2014-01,2026-08,152,456,0.11817802765761168,1.0161698334234293,1.036115996549349,-0.07353635830545047
12,adaptive_ALL,POOL,TOT_SLOG_LD,2013-01,2025-08,2014-01,2026-08,152,456,0.11004612290544721,0.9462465451336377,0.9648202001721736,0.0691219813397268
12,adaptive_ALL,POOL,COM_LOG_L,2013-01,2025-08,2014-01,2026-08,152,456,0.1151858903850962,0.9904415343981559,1.0098826826806593,-0.01986303277828516
12,adaptive_ALL,POOL,COM_LOG_D,2013-01,2025-08,2014-01,2026-08,152,456,0.11462584871847535,0.9856259400075548,1.0049725640992153,-0.009969854592151384
12,adaptive_ALL,POOL,COM_LOG_LD,2013-01,2025-08,2014-01,2026-08,152,456,0.1156426545892307,0.9943690834902246,1.0138873247273688,-0.027967507242820933
12,adaptive_ALL,POOL,COM_DEV_L,2013-01,2025-08,2014-01,2026-08,152,456,0.11506089697859749,0.9893667616034294,1.0087868134188052,-0.01765083492766739
12,adaptive_ALL,POOL,COM_DEV_D,2013-01,2025-08,2014-01,2026-08,152,456,0.11463114058060692,0.9856714428033563,1.0050189600588935,-0.010063110077859871
12,adaptive_ALL,POOL,COM_DEV_LD,2013-01,2025-08,2014-01,2026-08,152,456,0.11544663151143993,0.9926835524126295,1.0121687087492761,-0.024485494971176802
12,adaptive_ALL,POOL,COM_SLOG_L,2013-01,2025-08,2014-01,2026-08,152,456,0.11506018157589674,0.9893606101160705,1.0087805411853206,-0.01763818027414832
12,adaptive_ALL,POOL,COM_SLOG_D,2013-01,2025-08,2014-01,2026-08,152,456,0.11463792989769105,0.9857298216690996,1.0050784848299186,-0.010182760668004942
12,adaptive_ALL,POOL,COM_SLOG_LD,2013-01,2025-08,2014-01,2026-08,152,456,0.1154647222946478,0.9928391084709189,1.0123273181815309,-0.024806599136610652
12,adaptive_ALL,POOL,JOINT_LOG_LOG,2013-01,2025-08,2014-01,2026-08,152,456,0.11254259613169375,0.9677128094870316,0.9867078208740969,0.02640767622589113
12,adaptive_ALL,POOL,JOINT_LOG_DEV,2013-01,2025-08,2014-01,2026-08,152,456,0.11234278284218711,0.9659946877588369,0.9849559745310459,0.02986172823559774
12,adaptive_ALL,POOL,JOINT_LOG_SLOG,2013-01,2025-08,2014-01,2026-08,152,456,0.11231379796648162,0.9657454573654952,0.9847018520518362,0.03036226256568353
12,adaptive_ALL,POOL,JOINT_DEV_LOG,2013-01,2025-08,2014-01,2026-08,152,456,0.11238760413438922,0.9663800897318906,0.985348941470477,0.029087463543010506
12,adaptive_ALL,POOL,JOINT_DEV_DEV,2013-01,2025-08,2014-01,2026-08,152,456,0.11217117707024538,0.9645191122043543,0.9834514352445706,0.03282327451539413
12,adaptive_ALL,POOL,JOINT_DEV_SLOG,2013-01,2025-08,2014-01,2026-08,152,456,0.11214336478568208,0.9642799644953259,0.9832075933603576,0.03330282835853371
12,adaptive_ALL,POOL,JOINT_SLOG_LOG,2013-01,2025-08,2014-01,2026-08,152,456,0.11256169517186618,0.9678770351798719,0.9868752701151582,0.026077201235133463
12,adaptive_ALL,POOL,JOINT_SLOG_DEV,2013-01,2025-08,2014-01,2026-08,152,456,0.11235095869150953,0.9660649889104869,0.9850276556077759,0.02972051768784878
12,adaptive_ALL,POOL,JOINT_SLOG_SLOG,2013-01,2025-08,2014-01,2026-08,152,456,0.11232167183805213,0.965813161920401,0.9847708855638239,0.030226302945842054
12,adaptive_ALL,POOL,ADAPTIVE_ALL,2013-01,2025-08,2014-01,2026-08,152,456,0.11385811430655884,0.9790244713171913,0.9982415167035631,0.0035138743293700037
12,adaptive_ALL,BRL,EJR,2013-01,2025-08,2014-01,2026-08,152,152,0.16940346906375767,0.9859882856791382,1.0,0.0
12,adaptive_ALL,BRL,TOT_LOG_L,2013-01,2025-08,2014-01,2026-08,152,152,0.1598454451768815,0.930357195957154,0.9435783461832247,0.10965990461413067
12,adaptive_ALL,BRL,TOT_LOG_D,2013-01,2025-08,2014-01,2026-08,152,152,0.1737976375357468,1.0115639050134226,1.02593907017533,-0.05255097571222045
12,adaptive_ALL,BRL,TOT_LOG_LD,2013-01,2025-08,2014-01,2026-08,152,152,0.16071344763673573,0.9354092781965962,0.9487022227168717,0.09996409261206718
12,adaptive_ALL,BRL,TOT_DEV_L,2013-01,2025-08,2014-01,2026-08,152,152,0.16005404735764311,0.9315713346506224,0.9448097387982312,0.10733455747201825
12,adaptive_ALL,BRL,TOT_DEV_D,2013-01,2025-08,2014-01,2026-08,152,152,0.1737957364541729,1.0115528400442555,1.02592784796374,-0.052527949227510806
12,adaptive_ALL,BRL,TOT_DEV_LD,2013-01,2025-08,2014-01,2026-08,152,152,0.16053839593602034,0.9343904151989997,0.9476688808279315,0.10192369231033571
12,adaptive_ALL,BRL,TOT_SLOG_L,2013-01,2025-08,2014-01,2026-08,152,152,0.16000280890013044,0.9312731086511018,0.9445072747590006,0.10790600792732574
12,adaptive_ALL,BRL,TOT_SLOG_D,2013-01,2025-08,2014-01,2026-08,152,152,0.17388908094910174,1.0120961381186169,1.0264788667560039,-0.053658863896689946
12,adaptive_ALL,BRL,TOT_SLOG_LD,2013-01,2025-08,2014-01,2026-08,152,152,0.16079948092176882,0.9359100224357193,0.9492100829484749,0.09900021842894946
12,adaptive_ALL,BRL,COM_LOG_L,2013-01,2025-08,2014-01,2026-08,152,152,0.171496389224079,0.9981698234737502,1.012354647587138,-0.024861932491277994
12,adaptive_ALL,BRL,COM_LOG_D,2013-01,2025-08,2014-01,2026-08,152,152,0.1705704130100567,0.9927803134189125,1.0068885481079484,-0.01382454831093205
12,adaptive_ALL,BRL,COM_LOG_LD,2013-01,2025-08,2014-01,2026-08,152,152,0.17233395974830362,1.0030447810521264,1.0172988823708384,-0.03489701607295714
12,adaptive_ALL,BRL,COM_DEV_L,2013-01,2025-08,2014-01,2026-08,152,152,0.17126981931838098,0.9968511062471176,1.0110171902909548,-0.022155759063816838
12,adaptive_ALL,BRL,COM_DEV_D,2013-01,2025-08,2014-01,2026-08,152,152,0.1705579492742178,0.9927077700548309,1.006814973842275,-0.013676391553020695
12,adaptive_ALL,BRL,COM_DEV_LD,2013-01,2025-08,2014-01,2026-08,152,152,0.17195896296900923,1.0008621667668633,1.0150852513196749,-0.03039806744672746
12,adaptive_ALL,BRL,COM_SLOG_L,2013-01,2025-08,2014-01,2026-08,152,152,0.17126908050553383,0.996846806094254,1.0110128290293394,-0.022146940461908127
12,adaptive_ALL,BRL,COM_SLOG_D,2013-01,2025-08,2014-01,2026-08,152,152,0.1705717570663891,0.9927881363035699,1.0068964821623088,-0.013840525790832725
12,adaptive_ALL,BRL,COM_SLOG_LD,2013-01,2025-08,2014-01,2026-08,152,152,0.17198940850419628,1.0010393705821783,1.0152649733487178,-0.030762966108772716
12,adaptive_ALL,BRL,JOINT_LOG_LOG,2013-01,2025-08,2014-01,2026-08,152,152,0.16176027348646077,0.9415021760025234,0.9548817056726254,0.08820092817173764
12,adaptive_ALL,BRL,JOINT_LOG_DEV,2013-01,2025-08,2014-01,2026-08,152,152,0.16179494217259,0.9417039600544805,0.9550863572439352,0.08781005020651023
12,adaptive_ALL,BRL,JOINT_LOG_SLOG,2013-01,2025-08,2014-01,2026-08,152,152,0.1617356584699025,0.9413589078739993,0.9547364015847323,0.0884784034890369
12,adaptive_ALL,BRL,JOINT_DEV_LOG,2013-01,2025-08,2014-01,2026-08,152,152,0.16186156650577324,0.9420917373085294,0.9554796451355673,0.08705864773161043
12,adaptive_ALL,BRL,JOINT_DEV_DEV,2013-01,2025-08,2014-01,2026-08,152,152,0.16183752987959535,0.9419518356172025,0.9553377553247463,0.08732977325107527
12,adaptive_ALL,BRL,JOINT_DEV_SLOG,2013-01,2025-08,2014-01,2026-08,152,152,0.16178071011231532,0.9416211244148714,0.955002344440931,0.08797052211232526
12,adaptive_ALL,BRL,JOINT_SLOG_LOG,2013-01,2025-08,2014-01,2026-08,152,152,0.16200410663043407,0.9429213714000362,0.9563210690181395,0.08545001295200283
12,adaptive_ALL,BRL,JOINT_SLOG_DEV,2013-01,2025-08,2014-01,2026-08,152,152,0.16200671929983412,0.9429365780627866,0.9563364917802264,0.08542051448948895
12,adaptive_ALL,BRL,JOINT_SLOG_SLOG,2013-01,2025-08,2014-01,2026-08,152,152,0.16194851716797454,0.94259782100821,0.9559929207059075,0.0860775355601886
12,adaptive_ALL,BRL,ADAPTIVE_ALL,2013-01,2025-08,2014-01,2026-08,152,152,0.17001434624247694,0.9895438075674132,1.0036060488140852,-0.007225101216219887
12,adaptive_ALL,EUR,EJR,2013-01,2025-08,2014-01,2026-08,152,152,0.07892441088344249,0.9494271365674133,1.0,0.0
12,adaptive_ALL,EUR,TOT_LOG_L,2013-01,2025-08,2014-01,2026-08,152,152,0.07945073982619216,0.9557586501690207,1.0066687725237122,-0.013382017574397498
12,adaptive_ALL,EUR,TOT_LOG_D,2013-01,2025-08,2014-01,2026-08,152,152,0.0814209129188563,0.979458995562447,1.0316315574290533,-0.064263670283494
12,adaptive_ALL,EUR,TOT_LOG_LD,2013-01,2025-08,2014-01,2026-08,152,152,0.08218223022095783,0.9886173193061737,1.0412777149813202,-0.0842592797167192
12,adaptive_ALL,EUR,TOT_DEV_L,2013-01,2025-08,2014-01,2026-08,152,152,0.07936767133550897,0.9547593715128291,1.0056162655774663,-0.011264073593969082
12,adaptive_ALL,EUR,TOT_DEV_D,2013-01,2025-08,2014-01,2026-08,152,152,0.0812894693685289,0.9778777854880139,1.0299661214903357,-0.06083021141784495
12,adaptive_ALL,EUR,TOT_DEV_LD,2013-01,2025-08,2014-01,2026-08,152,152,0.08203649407105626,0.9868641753302276,1.0394311867871877,-0.08041719206582143
12,adaptive_ALL,EUR,TOT_SLOG_L,2013-01,2025-08,2014-01,2026-08,152,152,0.07941156660657094,0.955287412977399,1.0061724340755345,-0.012382967093485853
12,adaptive_ALL,EUR,TOT_SLOG_D,2013-01,2025-08,2014-01,2026-08,152,152,0.08140200544643547,0.9792315467009439,1.0313919931141704,-0.06376944346002089
12,adaptive_ALL,EUR,TOT_SLOG_LD,2013-01,2025-08,2014-01,2026-08,152,152,0.08218891913282957,0.9886977840746028,1.0413624658435294,-0.084435785267716
12,adaptive_ALL,EUR,COM_LOG_L,2013-01,2025-08,2014-01,2026-08,152,152,0.07893441337108038,0.9495474622447327,1.0001267350307204,-0.00025348612320863495
12,adaptive_ALL,EUR,COM_LOG_D,2013-01,2025-08,2014-01,2026-08,152,152,0.07794370250182589,0.9376296313324233,0.9875740804316558,0.024697435659569278
12,adaptive_ALL,EUR,COM_LOG_LD,2013-01,2025-08,2014-01,2026-08,152,152,0.07779555693988877,0.9358475031531853,0.9856970241409739,0.02840137659962827
12,adaptive_ALL,EUR,COM_DEV_L,2013-01,2025-08,2014-01,2026-08,152,152,0.07897997815157289,0.9500955871985598,1.0007040567995173,-0.0014086092950116313
12,adaptive_ALL,EUR,COM_DEV_D,2013-01,2025-08,2014-01,2026-08,152,152,0.07795538283667855,0.9377701407990024,0.987722074375759,0.024405103790847704
12,adaptive_ALL,EUR,COM_DEV_LD,2013-01,2025-08,2014-01,2026-08,152,152,0.07789305734332241,0.9370203915892218,0.9869323884894978,0.025964460550414903
12,adaptive_ALL,EUR,COM_SLOG_L,2013-01,2025-08,2014-01,2026-08,152,152,0.07897127821013854,0.9499909305987594,1.0005938254865818,-0.0011880036018723228
12,adaptive_ALL,EUR,COM_SLOG_D,2013-01,2025-08,2014-01,2026-08,152,152,0.07795646559213455,0.9377831658871936,0.9877357932675933,0.024378002698038137
12,adaptive_ALL,EUR,COM_SLOG_LD,2013-01,2025-08,2014-01,2026-08,152,152,0.07787774607818929,0.9368362035737541,0.986738389383749,0.026347350916364864
12,adaptive_ALL,EUR,JOINT_LOG_LOG,2013-01,2025-08,2014-01,2026-08,152,152,0.0831099512484496,0.9997774091795802,1.0530322661665275,-0.10887695358781224
12,adaptive_ALL,EUR,JOINT_LOG_DEV,2013-01,2025-08,2014-01,2026-08,152,152,0.0829559416411852,0.9979247390260476,1.0510809103624044,-0.10477108012826086
12,adaptive_ALL,EUR,JOINT_LOG_SLOG,2013-01,2025-08,2014-01,2026-08,152,152,0.08289715876972441,0.9972176060527947,1.05033611073954,-0.10320594552346307
12,adaptive_ALL,EUR,JOINT_DEV_LOG,2013-01,2025-08,2014-01,2026-08,152,152,0.08286093338782376,0.9967818300967374,1.0498771224304078,-0.10224197220275322
12,adaptive_ALL,EUR,JOINT_DEV_DEV,2013-01,2025-08,2014-01,2026-08,152,152,0.0827117451581866,0.9949871590679839,1.0479868551738365,-0.09827644861714768
12,adaptive_ALL,EUR,JOINT_DEV_SLOG,2013-01,2025-08,2014-01,2026-08,152,152,0.08265576469725491,0.994313737902958,1.0472775630764348,-0.09679029412331608
12,adaptive_ALL,EUR,JOINT_SLOG_LOG,2013-01,2025-08,2014-01,2026-08,152,152,0.08310469250917861,0.9997141487800143,1.0529656360933712,-0.10873663079351781
12,adaptive_ALL,EUR,JOINT_SLOG_DEV,2013-01,2025-08,2014-01,2026-08,152,152,0.08295111739616055,0.9978667054076958,1.0510197854839207,-0.10464258947866689
12,adaptive_ALL,EUR,JOINT_SLOG_SLOG,2013-01,2025-08,2014-01,2026-08,152,152,0.0828924160942382,0.9971605536813404,1.0502760193757512,-0.10307971687577311
12,adaptive_ALL,EUR,ADAPTIVE_ALL,2013-01,2025-08,2014-01,2026-08,152,152,0.07773654487961319,0.9351376131358481,0.9849493206153472,0.029874835819366008
12,adaptive_ALL,CAD,EJR,2013-01,2025-08,2014-01,2026-08,152,152,0.06404336525126811,0.9946211659823151,1.0,0.0
12,adaptive_ALL,CAD,TOT_LOG_L,2013-01,2025-08,2014-01,2026-08,152,152,0.058066866083639666,0.9018035486182553,0.9066804321699804,0.1779305939200576
12,adaptive_ALL,CAD,TOT_LOG_D,2013-01,2025-08,2014-01,2026-08,152,152,0.071089214154728,1.1040462473189918,1.11001684367797,-0.23213739324880311
12,adaptive_ALL,CAD,TOT_LOG_LD,2013-01,2025-08,2014-01,2026-08,152,152,0.06122269963373557,0.9508150087894608,0.9559569425112825,0.08614632406448053
12,adaptive_ALL,CAD,TOT_DEV_L,2013-01,2025-08,2014-01,2026-08,152,152,0.05826593098768271,0.9048951126887664,0.9097887151788764,0.17228449373316934
12,adaptive_ALL,CAD,TOT_DEV_D,2013-01,2025-08,2014-01,2026-08,152,152,0.07124070076422705,1.1063988998940009,1.1123822192153845,-0.23739420162654357
12,adaptive_ALL,CAD,TOT_DEV_LD,2013-01,2025-08,2014-01,2026-08,152,152,0.061200096894461736,0.9504639784711331,0.9556040138482562,0.08682096871710177
12,adaptive_ALL,CAD,TOT_SLOG_L,2013-01,2025-08,2014-01,2026-08,152,152,0.05821029025140016,0.904030987985445,0.9089199173562722,0.17386458383306724
12,adaptive_ALL,CAD,TOT_SLOG_D,2013-01,2025-08,2014-01,2026-08,152,152,0.07095378565732008,1.1019429841711135,1.1079022062463395,-0.2274472986055065
12,adaptive_ALL,CAD,TOT_SLOG_LD,2013-01,2025-08,2014-01,2026-08,152,152,0.060983243654542406,0.9470961538496537,0.9522179762927885,0.09328092562486656
12,adaptive_ALL,CAD,COM_LOG_L,2013-01,2025-08,2014-01,2026-08,152,152,0.0645113548167205,1.001889246374899,1.0073073856068664,-0.01466816909814006
12,adaptive_ALL,CAD,COM_LOG_D,2013-01,2025-08,2014-01,2026-08,152,152,0.06517491104081338,1.0121945615736347,1.0176684311498274,-0.035649035758951175
12,adaptive_ALL,CAD,COM_LOG_LD,2013-01,2025-08,2014-01,2026-08,152,152,0.06609484336326821,1.026481508482108,1.032032640757576,-0.06509137158905598
12,adaptive_ALL,CAD,COM_DEV_L,2013-01,2025-08,2014-01,2026-08,152,152,0.06438821384682515,0.9999768138445817,1.0053846107899556,-0.010798215613270434
12,adaptive_ALL,CAD,COM_DEV_D,2013-01,2025-08,2014-01,2026-08,152,152,0.06522146424753766,1.012917553011868,1.0183953324696071,-0.037129053195881445
12,adaptive_ALL,CAD,COM_DEV_LD,2013-01,2025-08,2014-01,2026-08,152,152,0.06592845254021501,1.023897387023396,1.029434544570713,-0.05973548155551134
12,adaptive_ALL,CAD,COM_SLOG_L,2013-01,2025-08,2014-01,2026-08,152,152,0.0643970141658824,1.0001134866063484,1.005522022667403,-0.011074538069145712
12,adaptive_ALL,CAD,COM_SLOG_D,2013-01,2025-08,2014-01,2026-08,152,152,0.065219859531824,1.0128926310826734,1.018370275764555,-0.03707801856077553
12,adaptive_ALL,CAD,COM_SLOG_LD,2013-01,2025-08,2014-01,2026-08,152,152,0.06596215818102204,1.0244208502053844,1.0299608386009345,-0.060819329051540194
12,adaptive_ALL,CAD,JOINT_LOG_LOG,2013-01,2025-08,2014-01,2026-08,152,152,0.07017020562354319,1.0897736472885518,1.095667058535057,-0.20048630315886373
12,adaptive_ALL,CAD,JOINT_LOG_DEV,2013-01,2025-08,2014-01,2026-08,152,152,0.06930664473174977,1.0763621730831845,1.0821830561187984,-0.17112016695062238
12,adaptive_ALL,CAD,JOINT_LOG_SLOG,2013-01,2025-08,2014-01,2026-08,152,152,0.06937438639859175,1.0774142304726675,1.0832408029529348,-0.17341063718211913
12,adaptive_ALL,CAD,JOINT_DEV_LOG,2013-01,2025-08,2014-01,2026-08,152,152,0.06948251359587052,1.0790934926196496,1.0849291464191868,-0.17707125274986546
12,adaptive_ALL,CAD,JOINT_DEV_DEV,2013-01,2025-08,2014-01,2026-08,152,152,0.06866221691244254,1.0663539302852607,1.0721206895211208,-0.14944277289924335
12,adaptive_ALL,CAD,JOINT_DEV_SLOG,2013-01,2025-08,2014-01,2026-08,152,152,0.06872720854385622,1.0673632784349425,1.0731354961472044,-0.1516197930911063
12,adaptive_ALL,CAD,JOINT_SLOG_LOG,2013-01,2025-08,2014-01,2026-08,152,152,0.06970426943683,1.0825374567560304,1.0883917352461394,-0.18459656935210234
12,adaptive_ALL,CAD,JOINT_SLOG_DEV,2013-01,2025-08,2014-01,2026-08,152,152,0.06885600032776366,1.0693634705512747,1.0751465051471552,-0.1559400075301416
12,adaptive_ALL,CAD,JOINT_SLOG_SLOG,2013-01,2025-08,2014-01,2026-08,152,152,0.06892023675698711,1.0703610900842597,1.0761495197290938,-0.1580977888131594
12,adaptive_ALL,CAD,ADAPTIVE_ALL,2013-01,2025-08,2014-01,2026-08,152,152,0.06279460360778868,0.9752273574746196,0.9805013112821286,0.03861717857402647
24,fixed,POOL,EJR,2010-01,2024-08,2012-01,2026-08,176,528,0.15053992940639518,0.9477434061753488,1.0,0.0
24,fixed,POOL,TOT_LOG_L,2010-01,2024-08,2012-01,2026-08,176,528,0.13780472910050415,0.8675673215722576,0.9154031733898899,0.1620370301477193
24,fixed,POOL,TOT_LOG_D,2010-01,2024-08,2012-01,2026-08,176,528,0.17933963412178672,1.1290556357707606,1.1913094076033761,-0.41921810464430687
24,fixed,POOL,TOT_LOG_LD,2010-01,2024-08,2012-01,2026-08,176,528,0.16429885210992035,1.0343644662473241,1.0913971645780556,-0.19114777084901924
24,fixed,POOL,TOT_DEV_L,2010-01,2024-08,2012-01,2026-08,176,528,0.1391128174580408,0.8758025593622486,0.924092485007709,0.14605307915227717
24,fixed,POOL,TOT_DEV_D,2010-01,2024-08,2012-01,2026-08,176,528,0.1797154105543231,1.1314213844298493,1.1938055987070797,-0.4251718075043689
24,fixed,POOL,TOT_DEV_LD,2010-01,2024-08,2012-01,2026-08,176,528,0.1642601969500092,1.0341211077372936,1.0911403877875816,-0.19058734586123394
24,fixed,POOL,TOT_SLOG_L,2010-01,2024-08,2012-01,2026-08,176,528,0.1388105174960934,0.8738993912343477,0.9220843801604475,0.14976039586412337
24,fixed,POOL,TOT_SLOG_D,2010-01,2024-08,2012-01,2026-08,176,528,0.17885782066735015,1.12602231745947,1.1881088384498204,-0.4116026120025813
24,fixed,POOL,TOT_SLOG_LD,2010-01,2024-08,2012-01,2026-08,176,528,0.16418223167637339,1.0336302673716153,1.0906224835083431,-0.18945740153390633
24,fixed,POOL,COM_LOG_L,2010-01,2024-08,2012-01,2026-08,176,528,0.1574406420245891,0.9911877262809385,1.0458397492638971,-0.09378078114037103
24,fixed,POOL,COM_LOG_D,2010-01,2024-08,2012-01,2026-08,176,528,0.150669941839864,0.9485619161017633,1.0008636408558278,-0.0017280275871836004
24,fixed,POOL,COM_LOG_LD,2010-01,2024-08,2012-01,2026-08,176,528,0.15672594025465764,0.9866882297519757,1.0410921598851213,-0.08387288537426674
24,fixed,POOL,COM_DEV_L,2010-01,2024-08,2012-01,2026-08,176,528,0.1573725322374202,0.9907589323925671,1.045387312575256,-0.09283463329331587
24,fixed,POOL,COM_DEV_D,2010-01,2024-08,2012-01,2026-08,176,528,0.15066205579464206,0.9485122684940531,1.000811255782625,-0.0016231697011945823
24,fixed,POOL,COM_DEV_LD,2010-01,2024-08,2012-01,2026-08,176,528,0.15658154425188806,0.9857791662228338,1.0401329724898636,-0.08187660046059952
24,fixed,POOL,COM_SLOG_L,2010-01,2024-08,2012-01,2026-08,176,528,0.15731097286123094,0.9903713774554703,1.0449783886676123,-0.09197983278235933
24,fixed,POOL,COM_SLOG_D,2010-01,2024-08,2012-01,2026-08,176,528,0.1506421869500325,0.9483871816380854,1.0006792718984294,-0.0013590052071708048
24,fixed,POOL,COM_SLOG_LD,2010-01,2024-08,2012-01,2026-08,176,528,0.15649374897562207,0.985226439816607,1.0395497699029341,-0.08066372410524347
24,fixed,POOL,JOINT_LOG_LOG,2010-01,2024-08,2012-01,2026-08,176,528,0.1667676440790667,1.0499070622828295,1.107796746927278,-0.2272136325026599
24,fixed,POOL,JOINT_LOG_DEV,2010-01,2024-08,2012-01,2026-08,176,528,0.16674007769289986,1.0497335145681155,1.107613630153705,-0.22680795370226825
24,fixed,POOL,JOINT_LOG_SLOG,2010-01,2024-08,2012-01,2026-08,176,528,0.16645717711273217,1.0479524777328095,1.1057343906636692,-0.2226485426963558
24,fixed,POOL,JOINT_DEV_LOG,2010-01,2024-08,2012-01,2026-08,176,528,0.1664480734068469,1.04789516418644,1.105673916967945,-0.22251481066323797
24,fixed,POOL,JOINT_DEV_DEV,2010-01,2024-08,2012-01,2026-08,176,528,0.16638742819535157,1.0475133644902568,1.1052710656331897,-0.22162412852592683
24,fixed,POOL,JOINT_DEV_SLOG,2010-01,2024-08,2012-01,2026-08,176,528,0.16610351382159222,1.0457259451875518,1.1033850917598202,-0.21745866071782705
24,fixed,POOL,JOINT_SLOG_LOG,2010-01,2024-08,2012-01,2026-08,176,528,0.166894496882878,1.0507056803560615,1.1086393991346462,-0.22908131731362902
24,fixed,POOL,JOINT_SLOG_DEV,2010-01,2024-08,2012-01,2026-08,176,528,0.1668508153579877,1.0504306777215464,1.1083492334286933,-0.22843802324197182
24,fixed,POOL,JOINT_SLOG_SLOG,2010-01,2024-08,2012-01,2026-08,176,528,0.16655537323079228,1.0485706839706528,1.1063866835034981,-0.22409149343386958
24,fixed,BRL,EJR,2010-01,2024-08,2012-01,2026-08,176,176,0.22731391341302623,0.9446225783803677,1.0,0.0
24,fixed,BRL,TOT_LOG_L,2010-01,2024-08,2012-01,2026-08,176,176,0.1904489192653859,0.7914269147236196,0.8378234152317059,0.2980519248894805
24,fixed,BRL,TOT_LOG_D,2010-01,2024-08,2012-01,2026-08,176,176,0.2586165565990721,1.0747034127320976,1.1377066749502895,-0.29437647822644397
24,fixed,BRL,TOT_LOG_LD,2010-01,2024-08,2012-01,2026-08,176,176,0.21214169657202686,0.8815731223356347,0.9332543414822495,0.12903633410453286
24,fixed,BRL,TOT_DEV_L,2010-01,2024-08,2012-01,2026-08,176,176,0.1911626000236971,0.794392676686599,0.8409630416082684,0.2927811626489698
24,fixed,BRL,TOT_DEV_D,2010-01,2024-08,2012-01,2026-08,176,176,0.26041354132076433,1.0821709377754534,1.1456119751350042,-0.31242679757272573
24,fixed,BRL,TOT_DEV_LD,2010-01,2024-08,2012-01,2026-08,176,176,0.2121316599053395,0.8815314141013159,0.9332101881502485,0.12911874473257778
24,fixed,BRL,TOT_SLOG_L,2010-01,2024-08,2012-01,2026-08,176,176,0.19161183270620233,0.796259501855676,0.8429393072743695,0.28945332425180614
24,fixed,BRL,TOT_SLOG_D,2010-01,2024-08,2012-01,2026-08,176,176,0.25918379350925774,1.0770606146499515,1.1402020651429479,-0.30006074935624305
24,fixed,BRL,TOT_SLOG_LD,2010-01,2024-08,2012-01,2026-08,176,176,0.21335537338771188,0.8866166610514974,0.9385935519047975,0.11904214432273619
24,fixed,BRL,COM_LOG_L,2010-01,2024-08,2012-01,2026-08,176,176,0.24021427103902873,0.9982311274556792,1.0567512891415614,-0.1167232871023518
24,fixed,BRL,COM_LOG_D,2010-01,2024-08,2012-01,2026-08,176,176,0.22806971542021823,0.9477633788270238,1.0033249262917696,-0.00666090771838479
24,fixed,BRL,COM_LOG_LD,2010-01,2024-08,2012-01,2026-08,176,176,0.2385867512037091,0.9914678283679925,1.049591499356224,-0.10164231552084657
24,fixed,BRL,COM_DEV_L,2010-01,2024-08,2012-01,2026-08,176,176,0.24019829891910574,0.9981647539333667,1.056681024547181,-0.11657478763808005
24,fixed,BRL,COM_DEV_D,2010-01,2024-08,2012-01,2026-08,176,176,0.22802379071440718,0.9475725347499357,1.0031228941982584,-0.00625554086469049
24,fixed,BRL,COM_DEV_LD,2010-01,2024-08,2012-01,2026-08,176,176,0.2383775890255142,0.9905986368913269,1.048671352520272,-0.09971160559669645
24,fixed,BRL,COM_SLOG_L,2010-01,2024-08,2012-01,2026-08,176,176,0.24006675766970645,0.9976181229229492,1.0561023479170344,-0.11535216927587277
24,fixed,BRL,COM_SLOG_D,2010-01,2024-08,2012-01,2026-08,176,176,0.22799141255142638,0.9474379845002879,1.0029804560936362,-0.005969795305798664
24,fixed,BRL,COM_SLOG_LD,2010-01,2024-08,2012-01,2026-08,176,176,0.23819546364542152,0.9898417991617372,1.047870146041715,-0.09803184296548495
24,fixed,BRL,JOINT_LOG_LOG,2010-01,2024-08,2012-01,2026-08,176,176,0.21979360830397812,0.9133713016958277,0.966916652851848,0.06507218643777879
24,fixed,BRL,JOINT_LOG_DEV,2010-01,2024-08,2012-01,2026-08,176,176,0.22079175188657557,0.9175191734667643,0.9713076888760436,0.0565613735302789
24,fixed,BRL,JOINT_LOG_SLOG,2010-01,2024-08,2012-01,2026-08,176,176,0.22005749302076674,0.9144678974027307,0.9680775352317539,0.06282588577961223
24,fixed,BRL,JOINT_DEV_LOG,2010-01,2024-08,2012-01,2026-08,176,176,0.21857417095586953,0.9083038245904969,0.9615521006790433,0.07541755767971892
24,fixed,BRL,JOINT_DEV_DEV,2010-01,2024-08,2012-01,2026-08,176,176,0.219429988080439,0.9118602464860806,0.9653170137533015,0.06816306295840846
24,fixed,BRL,JOINT_DEV_SLOG,2010-01,2024-08,2012-01,2026-08,176,176,0.21874678465270872,0.9090211356997194,0.9623114633341817,0.07395664753562592
24,fixed,BRL,JOINT_SLOG_LOG,2010-01,2024-08,2012-01,2026-08,176,176,0.22079582147122884,0.9175360849768888,0.9713255918041669,0.05652659470628496
24,fixed,BRL,JOINT_SLOG_DEV,2010-01,2024-08,2012-01,2026-08,176,176,0.22170690726315123,0.921322180587885,0.9753336429535348,0.04872428492298686
24,fixed,BRL,JOINT_SLOG_SLOG,2010-01,2024-08,2012-01,2026-08,176,176,0.22099253239728994,0.9183535342010979,0.9721909630571076,0.0548447313500936
24,fixed,EUR,EJR,2010-01,2024-08,2012-01,2026-08,176,176,0.08854360878945977,0.9287885035337968,1.0,0.0
24,fixed,EUR,TOT_LOG_L,2010-01,2024-08,2012-01,2026-08,176,176,0.09126624025075614,0.9573478635506714,1.030749045566578,-0.062443594936411495
24,fixed,EUR,TOT_LOG_D,2010-01,2024-08,2012-01,2026-08,176,176,0.09683828214013021,1.0157964463316733,1.093678961859276,-0.1961336716135833
24,fixed,EUR,TOT_LOG_LD,2010-01,2024-08,2012-01,2026-08,176,176,0.09621695650084046,1.0092789786271967,1.0866617909105838,-0.18083384782499734
24,fixed,EUR,TOT_DEV_L,2010-01,2024-08,2012-01,2026-08,176,176,0.09096334543053597,0.9541706130337045,1.0273281908672809,-0.055403211750640224
24,fixed,EUR,TOT_DEV_D,2010-01,2024-08,2012-01,2026-08,176,176,0.09673429092225111,1.0147056183322831,1.0925044985716275,-0.1935660793992433
24,fixed,EUR,TOT_DEV_LD,2010-01,2024-08,2012-01,2026-08,176,176,0.0961436484888245,1.0085100056916205,1.0858338597587118,-0.17903517099850186
24,fixed,EUR,TOT_SLOG_L,2010-01,2024-08,2012-01,2026-08,176,176,0.09116842248393169,0.9563217926855916,1.0296443044321046,-0.060167393649472434
24,fixed,EUR,TOT_SLOG_D,2010-01,2024-08,2012-01,2026-08,176,176,0.09699255447234288,1.0174147039397765,1.0954212935116878,-0.19994781027881947
24,fixed,EUR,TOT_SLOG_LD,2010-01,2024-08,2012-01,2026-08,176,176,0.096502703242844,1.012276352379222,1.0898889774451082,-0.1878579831563434
24,fixed,EUR,COM_LOG_L,2010-01,2024-08,2012-01,2026-08,176,176,0.08826891356010529,0.9259070559116801,0.9968976278117637,0.006195119663278126
24,fixed,EUR,COM_LOG_D,2010-01,2024-08,2012-01,2026-08,176,176,0.08767699283418366,0.919698034472915,0.9902125521296883,0.019479101604809368
24,fixed,EUR,COM_LOG_LD,2010-01,2024-08,2012-01,2026-08,176,176,0.08542540697966824,0.8960797622454318,0.9647834343729311,0.06919292475957217
24,fixed,EUR,COM_DEV_L,2010-01,2024-08,2012-01,2026-08,176,176,0.088210796662416,0.9252974319402515,0.9962412631290517,0.0075033456390315445
24,fixed,EUR,COM_DEV_D,2010-01,2024-08,2012-01,2026-08,176,176,0.08764399838081997,0.9193519353090844,0.9898399170652857,0.02021693858418816
24,fixed,EUR,COM_DEV_LD,2010-01,2024-08,2012-01,2026-08,176,176,0.0853937149365655,0.8957473248658201,0.9644255085605994,0.06988343843762934
24,fixed,EUR,COM_SLOG_L,2010-01,2024-08,2012-01,2026-08,176,176,0.08818966849917147,0.9250758056095585,0.996002644401699,0.007978732344822603
24,fixed,EUR,COM_SLOG_D,2010-01,2024-08,2012-01,2026-08,176,176,0.08770342717217589,0.9199753205420212,0.9905110981044191,0.018887764531977935
24,fixed,EUR,COM_SLOG_LD,2010-01,2024-08,2012-01,2026-08,176,176,0.08541766113425793,0.8959985112972761,0.9646959538024391,0.06936171671720237
24,fixed,EUR,JOINT_LOG_LOG,2010-01,2024-08,2012-01,2026-08,176,176,0.10051940994933391,1.0544100654959505,1.1352531404988289,-0.28879969301245345
24,fixed,EUR,JOINT_LOG_DEV,2010-01,2024-08,2012-01,2026-08,176,176,0.10005537065825246,1.049542471271626,1.1300123411071432,-0.2769278910544466
24,fixed,EUR,JOINT_LOG_SLOG,2010-01,2024-08,2012-01,2026-08,176,176,0.10006364659148448,1.0496292826377653,1.1301058084205402,-0.2771391382258426
24,fixed,EUR,JOINT_DEV_LOG,2010-01,2024-08,2012-01,2026-08,176,176,0.10008312178326405,1.049833569931634,1.130325758703184,-0.2776363207879289
24,fixed,EUR,JOINT_DEV_DEV,2010-01,2024-08,2012-01,2026-08,176,176,0.09961945875816927,1.0449699225932279,1.1250892088106077,-0.26582572778207925
24,fixed,EUR,JOINT_DEV_SLOG,2010-01,2024-08,2012-01,2026-08,176,176,0.09963417391601767,1.0451242789564272,1.1252553998892139,-0.26619971497983475
24,fixed,EUR,JOINT_SLOG_LOG,2010-01,2024-08,2012-01,2026-08,176,176,0.10057088191356853,1.054949986663486,1.1358344581674706,-0.2901199163605914
24,fixed,EUR,JOINT_SLOG_DEV,2010-01,2024-08,2012-01,2026-08,176,176,0.10010840076165203,1.0500987367215224,1.1306112561968327,-0.2782818126389799
24,fixed,EUR,JOINT_SLOG_SLOG,2010-01,2024-08,2012-01,2026-08,176,176,0.10011656288600584,1.0501843542761702,1.1307034381675631,-0.2784902650839485
24,fixed,CAD,EJR,2010-01,2024-08,2012-01,2026-08,176,176,0.09206098602796772,0.9872829367479644,1.0,0.0
24,fixed,CAD,TOT_LOG_L,2010-01,2024-08,2012-01,2026-08,176,176,0.11122100803592719,1.1927593672353278,1.2081231456953843,-0.4595615351649107
24,fixed,CAD,TOT_LOG_D,2010-01,2024-08,2012-01,2026-08,176,176,0.14222495162873658,1.5252527045517237,1.5448992864961195,-1.3867138054162194
24,fixed,CAD,TOT_LOG_LD,2010-01,2024-08,2012-01,2026-08,176,176,0.16346417427427304,1.7530269552137663,1.7756074676911817,-2.152781879320691
24,fixed,CAD,TOT_DEV_L,2010-01,2024-08,2012-01,2026-08,176,176,0.11506371314887918,1.2339694101933636,1.2498640098632372,-0.5621600431514102
24,fixed,CAD,TOT_DEV_D,2010-01,2024-08,2012-01,2026-08,176,176,0.1404284544836786,1.5059866608804848,1.5253850794191697,-1.3267996405146265
24,fixed,CAD,TOT_DEV_LD,2010-01,2024-08,2012-01,2026-08,176,176,0.16340377788542768,1.7523792506135776,1.7749514200921803,-2.1504525436872473
24,fixed,CAD,TOT_SLOG_L,2010-01,2024-08,2012-01,2026-08,176,176,0.11304115892612498,1.2122790790452034,1.227894288377311,-0.5077243834296228
24,fixed,CAD,TOT_SLOG_D,2010-01,2024-08,2012-01,2026-08,176,176,0.13923564773685648,1.4931947302398811,1.512428377581762,-1.287439597314601
24,fixed,CAD,TOT_SLOG_LD,2010-01,2024-08,2012-01,2026-08,176,176,0.1613509482715137,1.73036423928997,1.7526528362676452,-2.071791964477021
24,fixed,CAD,COM_LOG_L,2010-01,2024-08,2012-01,2026-08,176,176,0.09417202435676511,1.0099221915590026,1.0229308681112328,-0.046387560934800565
24,fixed,CAD,COM_LOG_D,2010-01,2024-08,2012-01,2026-08,176,176,0.09165829999394043,0.9829644402011093,0.9956258774601332,0.008729112131739769
24,fixed,CAD,COM_LOG_LD,2010-01,2024-08,2012-01,2026-08,176,176,0.09730325296996511,1.0435021988373323,1.0569434151009942,-0.11712938272535256
24,fixed,CAD,COM_DEV_L,2010-01,2024-08,2012-01,2026-08,176,176,0.09392536535464437,1.00727696436238,1.0202515680867272,-0.040913262183425836
24,fixed,CAD,COM_DEV_D,2010-01,2024-08,2012-01,2026-08,176,176,0.09176516542162705,0.9841104893347914,0.996786688703825,0.006416297222863854
24,fixed,CAD,COM_DEV_LD,2010-01,2024-08,2012-01,2026-08,176,176,0.09714617079758518,1.041817613920863,1.0552371312650575,-0.11352540320050797
24,fixed,CAD,COM_SLOG_L,2010-01,2024-08,2012-01,2026-08,176,176,0.09397212767412207,1.007778454104072,1.0207595174526345,-0.04194999247013542
24,fixed,CAD,COM_SLOG_D,2010-01,2024-08,2012-01,2026-08,176,176,0.09169094902074988,0.983314575784717,0.9959805230947079,0.008022797615992006
24,fixed,CAD,COM_SLOG_LD,2010-01,2024-08,2012-01,2026-08,176,176,0.09714743779653076,1.0418312015055047,1.0552508938696117,-0.11355444901261436
24,fixed,CAD,JOINT_LOG_LOG,2010-01,2024-08,2012-01,2026-08,176,176,0.15818014827152607,1.696359859466391,1.7182104504450086,-1.9522471520184395
24,fixed,CAD,JOINT_LOG_DEV,2010-01,2024-08,2012-01,2026-08,176,176,0.1569926292167865,1.683624635237408,1.7053111854471432,-1.9080862392111406
24,fixed,CAD,JOINT_LOG_SLOG,2010-01,2024-08,2012-01,2026-08,176,176,0.15711760510282777,1.684964905042426,1.7066687190934076,-1.9127181167319325
24,fixed,CAD,JOINT_DEV_LOG,2010-01,2024-08,2012-01,2026-08,176,176,0.15913385544133565,1.7065876319032531,1.728569965489958,-1.9879541255939546
24,fixed,CAD,JOINT_DEV_DEV,2010-01,2024-08,2012-01,2026-08,176,176,0.1580530687843094,1.6949970301642845,1.7168300667157046,-1.947505477979051
24,fixed,CAD,JOINT_DEV_SLOG,2010-01,2024-08,2012-01,2026-08,176,176,0.15809493193589055,1.6954459801160267,1.7172847995334528,-1.949067082708651
24,fixed,CAD,JOINT_SLOG_LOG,2010-01,2024-08,2012-01,2026-08,176,176,0.15714968088207878,1.685308892988936,1.7070171379039694,-1.9139075090978594
24,fixed,CAD,JOINT_SLOG_DEV,2010-01,2024-08,2012-01,2026-08,176,176,0.15601903449781004,1.6731835842034621,1.6947356445912078,-1.8721289050479766
24,fixed,CAD,JOINT_SLOG_SLOG,2010-01,2024-08,2012-01,2026-08,176,176,0.15608027266977323,1.6738403162771174,1.695400835945389,-1.8743839945243232
24,recent,POOL,EJR,2019-01,2024-08,2021-01,2026-08,68,204,0.13801671885548386,1.2821702847627063,1.0,0.0
24,recent,POOL,TOT_LOG_L,2019-01,2024-08,2021-01,2026-08,68,204,0.10624467650138196,0.9870091700045217,0.7697956985387392,0.4074145825112546
24,recent,POOL,TOT_LOG_D,2019-01,2024-08,2021-01,2026-08,68,204,0.16634504574786363,1.5453394084721739,1.2052528644884113,-0.45263446735752066
24,recent,POOL,TOT_LOG_LD,2019-01,2024-08,2021-01,2026-08,68,204,0.12902769535255543,1.198662584245955,0.934870039097649,0.1260180099975602
24,recent,POOL,TOT_DEV_L,2019-01,2024-08,2021-01,2026-08,68,204,0.10768613661295576,1.0004002818716708,0.7802397963518681,0.39122586018879535
24,recent,POOL,TOT_DEV_D,2019-01,2024-08,2021-01,2026-08,68,204,0.16620597092425204,1.5440474084328155,1.2042451979914472,-0.4502064968854598
24,recent,POOL,TOT_DEV_LD,2019-01,2024-08,2021-01,2026-08,68,204,0.13046714980745736,1.212035063635768,0.9452996049273451,0.1064086569242052
24,recent,POOL,TOT_SLOG_L,2019-01,2024-08,2021-01,2026-08,68,204,0.10741794290432481,0.9979087720993876,0.7782965991011657,0.3942544038275594
24,recent,POOL,TOT_SLOG_D,2019-01,2024-08,2021-01,2026-08,68,204,0.16626142697104213,1.5445625930850393,1.204647004723631,-0.4511744059896161
24,recent,POOL,TOT_SLOG_LD,2019-01,2024-08,2021-01,2026-08,68,204,0.13018414075774054,1.2094059198851057,0.9432490631374542,0.11028120489031501
24,recent,POOL,COM_LOG_L,2019-01,2024-08,2021-01,2026-08,68,204,0.14505648473904112,1.347569453084007,1.0510066167485732,-0.10461490844928245
24,recent,POOL,COM_LOG_D,2019-01,2024-08,2021-01,2026-08,68,204,0.1429794963190099,1.3282743064087066,1.0359577992049105,-0.07320856173348145
24,recent,POOL,COM_LOG_LD,2019-01,2024-08,2021-01,2026-08,68,204,0.14318705737776583,1.330202541074895,1.0374616826508953,-0.07632674296882702
24,recent,POOL,COM_DEV_L,2019-01,2024-08,2021-01,2026-08,68,204,0.1448476429550926,1.3456293205274867,1.0494934538094718,-0.1014365095889338
24,recent,POOL,COM_DEV_D,2019-01,2024-08,2021-01,2026-08,68,204,0.14304873502488627,1.328917531461195,1.0364594681798762,-0.07424822917971174
24,recent,POOL,COM_DEV_LD,2019-01,2024-08,2021-01,2026-08,68,204,0.14300914030002596,1.3285496979112434,1.036172584640051,-0.07365362515964335
24,recent,POOL,COM_SLOG_L,2019-01,2024-08,2021-01,2026-08,68,204,0.1448026166300959,1.345211027610356,1.0491672156162288,-0.10075184632391054
24,recent,POOL,COM_SLOG_D,2019-01,2024-08,2021-01,2026-08,68,204,0.1431343343454037,1.329712746027035,1.0370796779720468,-0.0755342584626042
24,recent,POOL,COM_SLOG_LD,2019-01,2024-08,2021-01,2026-08,68,204,0.14306363526574625,1.3290559541553795,1.036567427860294,-0.07447203250090606
24,recent,POOL,JOINT_LOG_LOG,2019-01,2024-08,2021-01,2026-08,68,204,0.13998766816930505,1.3004803320085119,1.014280511304467,-0.028764955612051057
24,recent,POOL,JOINT_LOG_DEV,2019-01,2024-08,2021-01,2026-08,68,204,0.13983699874927608,1.2990806185912858,1.0131888361706252,-0.02655161774078607
24,recent,POOL,JOINT_LOG_SLOG,2019-01,2024-08,2021-01,2026-08,68,204,0.13965944540517874,1.2974311544999082,1.0119023735915282,-0.02394641368016881
24,recent,POOL,JOINT_DEV_LOG,2019-01,2024-08,2021-01,2026-08,68,204,0.1420065850908545,1.3192359965807572,1.0289085718633002,-0.058652849253775896
24,recent,POOL,JOINT_DEV_DEV,2019-01,2024-08,2021-01,2026-08,68,204,0.14180468659160161,1.317360366885841,1.0274457164865953,-0.05564470032665336
24,recent,POOL,JOINT_DEV_SLOG,2019-01,2024-08,2021-01,2026-08,68,204,0.14162686747771477,1.3157084338028115,1.0261573282727512,-0.05299886236787099
24,recent,POOL,JOINT_SLOG_LOG,2019-01,2024-08,2021-01,2026-08,68,204,0.14138587103044734,1.313469585596724,1.0244111887523664,-0.049418283641036176
24,recent,POOL,JOINT_SLOG_DEV,2019-01,2024-08,2021-01,2026-08,68,204,0.1412085325629108,1.3118221177007598,1.023126283061178,-0.04678739109058183
24,recent,POOL,JOINT_SLOG_SLOG,2019-01,2024-08,2021-01,2026-08,68,204,0.14103244990995925,1.3101863162764915,1.0218504763733236,-0.04417839606438845
24,recent,BRL,EJR,2019-01,2024-08,2021-01,2026-08,68,68,0.2095105647494744,1.3262121000287832,1.0,0.0
24,recent,BRL,TOT_LOG_L,2019-01,2024-08,2021-01,2026-08,68,68,0.1569985698090352,0.9938086092075146,0.7493587256412044,0.4384615003053901
24,recent,BRL,TOT_LOG_D,2019-01,2024-08,2021-01,2026-08,68,68,0.2498045144896675,1.5812747684307105,1.1923241903737656,-0.4216369749504558
24,recent,BRL,TOT_LOG_LD,2019-01,2024-08,2021-01,2026-08,68,68,0.1970407769656124,1.2472777347688548,0.9404813413644655,0.11549484654529574
24,recent,BRL,TOT_DEV_L,2019-01,2024-08,2021-01,2026-08,68,68,0.15940377528039673,1.0090336772273034,0.7608388410914091,0.4211242578866815
24,recent,BRL,TOT_DEV_D,2019-01,2024-08,2021-01,2026-08,68,68,0.24897017990771445,1.5759933898072425,1.1883418872237994,-0.4121564409306211
24,recent,BRL,TOT_DEV_LD,2019-01,2024-08,2021-01,2026-08,68,68,0.19893367382620997,1.259259864279282,0.9495161929618589,0.09841899930321807
24,recent,BRL,TOT_SLOG_L,2019-01,2024-08,2021-01,2026-08,68,68,0.1589522949267907,1.0061757845544752,0.7586839122736384,0.42439872125716616
24,recent,BRL,TOT_SLOG_D,2019-01,2024-08,2021-01,2026-08,68,68,0.24948783097768187,1.5792701463441003,1.1908126507892856,-0.418034769279805
24,recent,BRL,TOT_SLOG_LD,2019-01,2024-08,2021-01,2026-08,68,68,0.1989246872270512,1.2592029786680161,0.9494732996635209,0.09850045322606593
24,recent,BRL,COM_LOG_L,2019-01,2024-08,2021-01,2026-08,68,68,0.22116566782146665,1.3999894713018828,1.0556301448851948,-0.11435500279033728
24,recent,BRL,COM_LOG_D,2019-01,2024-08,2021-01,2026-08,68,68,0.216713407456294,1.3718064458977408,1.034379377075483,-0.06994069571906425
24,recent,BRL,COM_LOG_LD,2019-01,2024-08,2021-01,2026-08,68,68,0.21683504717960506,1.3725764312829274,1.0349599670016116,-0.07114213329597696
24,recent,BRL,COM_DEV_L,2019-01,2024-08,2021-01,2026-08,68,68,0.22087651723088833,1.3981591339515254,1.0542500207328682,-0.11144310621525322
24,recent,BRL,COM_DEV_D,2019-01,2024-08,2021-01,2026-08,68,68,0.21666378312838847,1.371492321480183,1.0341425187196054,-0.0694507490237295
24,recent,BRL,COM_DEV_LD,2019-01,2024-08,2021-01,2026-08,68,68,0.21639123815247785,1.3697670984811097,1.0328416536475433,-0.06676188150939177
24,recent,BRL,COM_SLOG_L,2019-01,2024-08,2021-01,2026-08,68,68,0.22078572013038938,1.397584383874014,1.0538166435396583,-0.11052951820119139
24,recent,BRL,COM_SLOG_D,2019-01,2024-08,2021-01,2026-08,68,68,0.216799211805498,1.372349591615884,1.0347889237220047,-0.07078811665774465
24,recent,BRL,COM_SLOG_LD,2019-01,2024-08,2021-01,2026-08,68,68,0.21646423736718748,1.3702291870729486,1.0331900810158572,-0.0674817435095536
24,recent,BRL,JOINT_LOG_LOG,2019-01,2024-08,2021-01,2026-08,68,68,0.2143544191369374,1.3568739347057717,1.0231198574317963,-0.04677424267125918
24,recent,BRL,JOINT_LOG_DEV,2019-01,2024-08,2021-01,2026-08,68,68,0.2145369165001236,1.3580291519215257,1.0239909226375268,-0.048557409644053307
24,recent,BRL,JOINT_LOG_SLOG,2019-01,2024-08,2021-01,2026-08,68,68,0.21422634746528135,1.3560632347736503,1.0225085676297323,-0.045523770876206626
24,recent,BRL,JOINT_DEV_LOG,2019-01,2024-08,2021-01,2026-08,68,68,0.2175410792180726,1.3770456485443259,1.0383298783915782,-0.07812893636066942
24,recent,BRL,JOINT_DEV_DEV,2019-01,2024-08,2021-01,2026-08,68,68,0.21760857461971697,1.3774728977308481,1.0386520359005564,-0.0787980516803708
24,recent,BRL,JOINT_DEV_SLOG,2019-01,2024-08,2021-01,2026-08,68,68,0.2172987943514474,1.3755119735138737,1.0371734456984825,-0.07572875646206301
24,recent,BRL,JOINT_SLOG_LOG,2019-01,2024-08,2021-01,2026-08,68,68,0.2169558960844265,1.373341410748479,1.0355367823281607,-0.07233642755456038
24,recent,BRL,JOINT_SLOG_DEV,2019-01,2024-08,2021-01,2026-08,68,68,0.21706387907438923,1.3740249483450537,1.0360521882700608,-0.07340413681918156
24,recent,BRL,JOINT_SLOG_SLOG,2019-01,2024-08,2021-01,2026-08,68,68,0.2167568581376671,1.3720814908314436,1.0345867684374654,-0.07036978142587769
24,recent,EUR,EJR,2019-01,2024-08,2021-01,2026-08,68,68,0.08590616185276767,1.0687635757853076,1.0,0.0
24,recent,EUR,TOT_LOG_L,2019-01,2024-08,2021-01,2026-08,68,68,0.07372971918151838,0.9172757415136158,0.8582587976387751,0.2633918362756441
24,recent,EUR,TOT_LOG_D,2019-01,2024-08,2021-01,2026-08,68,68,0.09242935163787484,1.1499189607995517,1.0759338986216973,-0.15763375420328463
24,recent,EUR,TOT_LOG_LD,2019-01,2024-08,2021-01,2026-08,68,68,0.07881889995095809,0.9805905366302476,0.9174999586879896,0.15819382580753727
24,recent,EUR,TOT_DEV_L,2019-01,2024-08,2021-01,2026-08,68,68,0.07388643181504996,0.9192254125380411,0.8600830280566135,0.26025718484896654
24,recent,EUR,TOT_DEV_D,2019-01,2024-08,2021-01,2026-08,68,68,0.09223501382391597,1.1475011927084457,1.0736716882078279,-0.1527708940590473
24,recent,EUR,TOT_DEV_LD,2019-01,2024-08,2021-01,2026-08,68,68,0.07874493621042451,0.9796703494154282,0.916638975739405,0.1597729881554144
24,recent,EUR,TOT_SLOG_L,2019-01,2024-08,2021-01,2026-08,68,68,0.0737297702512868,0.9172763768755866,0.8582593921219566,0.26339081583444957
24,recent,EUR,TOT_SLOG_D,2019-01,2024-08,2021-01,2026-08,68,68,0.0923470084988492,1.1488945249988083,1.074975374375593,-0.15557205551394615
24,recent,EUR,TOT_SLOG_LD,2019-01,2024-08,2021-01,2026-08,68,68,0.07865623228816722,0.9785667787390853,0.9156064081057897,0.16166490543561407
24,recent,EUR,COM_LOG_L,2019-01,2024-08,2021-01,2026-08,68,68,0.08996179015777539,1.119219884341438,1.0472099814208735,-0.09664874518750644
24,recent,EUR,COM_LOG_D,2019-01,2024-08,2021-01,2026-08,68,68,0.08329497618842525,1.0362776624646202,0.9696042098957038,0.05986767615252786
24,recent,EUR,COM_LOG_LD,2019-01,2024-08,2021-01,2026-08,68,68,0.08406217257919546,1.0458223975598098,0.9785348427423335,0.042469561539236644
24,recent,EUR,COM_DEV_L,2019-01,2024-08,2021-01,2026-08,68,68,0.08978415298155416,1.117009889859599,1.0451421765930236,-0.09232216929360271
24,recent,EUR,COM_DEV_D,2019-01,2024-08,2021-01,2026-08,68,68,0.08339768757843734,1.0375555008652153,0.9707998329778772,0.0575476842901258
24,recent,EUR,COM_DEV_LD,2019-01,2024-08,2021-01,2026-08,68,68,0.08393208028273613,1.0442039117032973,0.9770204892471525,0.04543096359125487
24,recent,EUR,COM_SLOG_L,2019-01,2024-08,2021-01,2026-08,68,68,0.0897777938316526,1.1169307753043543,1.0450681522184684,-0.09216744278132394
24,recent,EUR,COM_SLOG_D,2019-01,2024-08,2021-01,2026-08,68,68,0.0834717921357371,1.0384774399896453,0.9716624551193107,0.05587207331151345
24,recent,EUR,COM_SLOG_LD,2019-01,2024-08,2021-01,2026-08,68,68,0.08399788421238262,1.0450225822344081,0.9777864870315637,0.04393358577847384
24,recent,EUR,JOINT_LOG_LOG,2019-01,2024-08,2021-01,2026-08,68,68,0.08666314796784098,1.0781812842443603,1.0088117790243114,-0.017701205498195982
24,recent,EUR,JOINT_LOG_DEV,2019-01,2024-08,2021-01,2026-08,68,68,0.08620314145482755,1.0724583163555683,1.0034570232874431,-0.006925997584896093
24,recent,EUR,JOINT_LOG_SLOG,2019-01,2024-08,2021-01,2026-08,68,68,0.08602612052719018,1.0702559886583443,1.0013963919681115,-0.0027947338467517735
24,recent,EUR,JOINT_DEV_LOG,2019-01,2024-08,2021-01,2026-08,68,68,0.08644080697206398,1.0754151269331123,1.006223594533447,-0.012485922195810906
24,recent,EUR,JOINT_DEV_DEV,2019-01,2024-08,2021-01,2026-08,68,68,0.08598449872376548,1.0697381693715853,1.0009118888483468,-0.0018246092379652357
24,recent,EUR,JOINT_DEV_SLOG,2019-01,2024-08,2021-01,2026-08,68,68,0.08581222157813355,1.0675948593432867,0.9989064780382678,0.0021858481331836765
24,recent,EUR,JOINT_SLOG_LOG,2019-01,2024-08,2021-01,2026-08,68,68,0.08607506114167338,1.0708648617008374,1.001966090502276,-0.003936046516415104
24,recent,EUR,JOINT_SLOG_DEV,2019-01,2024-08,2021-01,2026-08,68,68,0.08562530061263976,1.0652693646970146,0.9967306042538685,0.006528102543718162
24,recent,EUR,JOINT_SLOG_SLOG,2019-01,2024-08,2021-01,2026-08,68,68,0.0854504467457758,1.0630939975294105,0.9946951988406499,0.010581461403359804
24,recent,CAD,EJR,2019-01,2024-08,2021-01,2026-08,68,68,0.0766243999322891,1.3251214181268691,1.0,0.0
24,recent,CAD,TOT_LOG_L,2019-01,2024-08,2021-01,2026-08,68,68,0.0614749659778828,1.0631312502009629,0.802289688822445,0.3563312552091843
24,recent,CAD,TOT_LOG_D,2019-01,2024-08,2021-01,2026-08,68,68,0.10984781395621901,1.8996780547244785,1.4335879178602187,-1.0551743182347968
24,recent,CAD,TOT_LOG_LD,2019-01,2024-08,2021-01,2026-08,68,68,0.07004963759566651,1.2114192762627722,0.9141949256055183,0.16424763799712083
24,recent,CAD,TOT_DEV_L,2019-01,2024-08,2021-01,2026-08,68,68,0.06261105074880358,1.0827783895467222,0.8171163598557543,0.3323208544560815
24,recent,CAD,TOT_DEV_D,2019-01,2024-08,2021-01,2026-08,68,68,0.11126466669272085,1.9241807184860134,1.4520787998475997,-1.1085328409668453
24,recent,CAD,TOT_DEV_LD,2019-01,2024-08,2021-01,2026-08,68,68,0.07273004864475088,1.257773571939662,0.9491760941556534,0.0990647422834181
24,recent,CAD,TOT_SLOG_L,2019-01,2024-08,2021-01,2026-08,68,68,0.06256142812939432,1.0819202295368446,0.8164687512682403,0.3333787782024804
24,recent,CAD,TOT_SLOG_D,2019-01,2024-08,2021-01,2026-08,68,68,0.11025624023476689,1.9067412670942707,1.438918155733648,-1.0704854588999226
24,recent,CAD,TOT_SLOG_LD,2019-01,2024-08,2021-01,2026-08,68,68,0.07131547832233447,1.2333103796231542,0.9307149992085292,0.1337695902482675
24,recent,CAD,COM_LOG_L,2019-01,2024-08,2021-01,2026-08,68,68,0.07820981385501471,1.3525391329469099,1.0206907189371348,-0.04180954372440526
24,recent,CAD,COM_LOG_D,2019-01,2024-08,2021-01,2026-08,68,68,0.08617804287267884,1.4903395065247433,1.1246814715525606,-0.2649084124536334
24,recent,CAD,COM_LOG_LD,2019-01,2024-08,2021-01,2026-08,68,68,0.08616097525791375,1.490044343862438,1.1244587276905509,-0.26440743027945257
24,recent,CAD,COM_DEV_L,2019-01,2024-08,2021-01,2026-08,68,68,0.07806977019484507,1.3501172561853605,1.018863054899395,-0.03808192463892768
24,recent,CAD,COM_DEV_D,2019-01,2024-08,2021-01,2026-08,68,68,0.08654740067572445,1.4967270793631673,1.1295018395211451,-0.2757744054816509
24,recent,CAD,COM_DEV_LD,2019-01,2024-08,2021-01,2026-08,68,68,0.08651636017717954,1.4961902734699069,1.1290967401197491,-0.2748594485490441
24,recent,CAD,COM_SLOG_L,2019-01,2024-08,2021-01,2026-08,68,68,0.07808333285659759,1.350351805148758,1.019040056765178,-0.03844263729197728
24,recent,CAD,COM_SLOG_D,2019-01,2024-08,2021-01,2026-08,68,68,0.08656139257006304,1.4969690513575271,1.1296844431611208,-0.27618694112025177
24,recent,CAD,COM_SLOG_LD,2019-01,2024-08,2021-01,2026-08,68,68,0.08654016752489281,1.4966019912307185,1.1294074420336864,-0.2755611701210747
24,recent,CAD,JOINT_LOG_LOG,2019-01,2024-08,2021-01,2026-08,68,68,0.07301591264381109,1.2627172257648251,0.9529068117771007,0.09196860806880125
24,recent,CAD,JOINT_LOG_DEV,2019-01,2024-08,2021-01,2026-08,68,68,0.07215322944645715,1.2477982184658178,0.941648215323278,0.11329863857848532
24,recent,CAD,JOINT_LOG_SLOG,2019-01,2024-08,2021-01,2026-08,68,68,0.07225552374297901,1.2495672680556762,0.9429832247538547,0.11078263783282127
24,recent,CAD,JOINT_DEV_LOG,2019-01,2024-08,2021-01,2026-08,68,68,0.07550812121985907,1.3058167993403307,0.9854318113627454,0.0289241451543385
24,recent,CAD,JOINT_DEV_DEV,2019-01,2024-08,2021-01,2026-08,68,68,0.07469191153816396,1.2917014923121195,0.9747797255726267,0.049804486612554655
24,recent,CAD,JOINT_DEV_SLOG,2019-01,2024-08,2021-01,2026-08,68,68,0.07477971232816585,1.2932198951637277,0.9759255849865924,0.04756925256857736
24,recent,CAD,JOINT_SLOG_LOG,2019-01,2024-08,2021-01,2026-08,68,68,0.0741020686943055,1.2815009114734255,0.9670818793985659,0.06475263853893753
24,recent,CAD,JOINT_SLOG_DEV,2019-01,2024-08,2021-01,2026-08,68,68,0.07328798879684115,1.2674224363512743,0.9564575887263556,0.08518888096776567
24,recent,CAD,JOINT_SLOG_SLOG,2019-01,2024-08,2021-01,2026-08,68,68,0.07338352256501515,1.269074571212671,0.9577043687110396,0.08280234215178905
24,adaptive_TOT,POOL,EJR,2014-01,2024-08,2016-01,2026-08,128,384,0.1508837020066969,1.0479706303688594,1.0,0.0
24,adaptive_TOT,POOL,TOT_LOG_L,2014-01,2024-08,2016-01,2026-08,128,384,0.13042265638932726,0.9058573697021167,0.864391943296424,0.2528265683642318
24,adaptive_TOT,POOL,TOT_LOG_D,2014-01,2024-08,2016-01,2026-08,128,384,0.15604954214995634,1.0838502428075578,1.0342372308907832,-0.06964664976063539
24,adaptive_TOT,POOL,TOT_LOG_LD,2014-01,2024-08,2016-01,2026-08,128,384,0.13881999478666487,0.9641815219905324,0.9200463200492218,0.15351476896388483
24,adaptive_TOT,POOL,TOT_DEV_L,2014-01,2024-08,2016-01,2026-08,128,384,0.1314575989652429,0.913045617400531,0.8712511505013856,0.240921432750012
24,adaptive_TOT,POOL,TOT_DEV_D,2014-01,2024-08,2016-01,2026-08,128,384,0.15580923860611415,1.0821812019968478,1.0326445900644632,-0.06635484938940306
24,adaptive_TOT,POOL,TOT_DEV_LD,2014-01,2024-08,2016-01,2026-08,128,384,0.1398099976194849,0.9710576383568402,0.9266076836667191,0.14139820056979746
24,adaptive_TOT,POOL,TOT_SLOG_L,2014-01,2024-08,2016-01,2026-08,128,384,0.13135429916885516,0.9123281432711341,0.8705665185960578,0.24211393669953962
24,adaptive_TOT,POOL,TOT_SLOG_D,2014-01,2024-08,2016-01,2026-08,128,384,0.15580981877769273,1.0821852316088396,1.032648435221832,-0.06636279076609819
24,adaptive_TOT,POOL,TOT_SLOG_LD,2014-01,2024-08,2016-01,2026-08,128,384,0.1398337574753686,0.9712226636764523,0.9267651549877941,0.14110634750044992
24,adaptive_TOT,POOL,COM_LOG_L,2014-01,2024-08,2016-01,2026-08,128,384,0.15467082006927418,1.0742742566090497,1.0250995834023824,-0.050829155891737976
24,adaptive_TOT,POOL,COM_LOG_D,2014-01,2024-08,2016-01,2026-08,128,384,0.15209295878812698,1.056369586483131,1.0080144957032962,-0.01609322354797027
24,adaptive_TOT,POOL,COM_LOG_LD,2014-01,2024-08,2016-01,2026-08,128,384,0.15323621810917737,1.0643101537904143,1.0155915852487238,-0.03142626802801596
24,adaptive_TOT,POOL,COM_DEV_L,2014-01,2024-08,2016-01,2026-08,128,384,0.15441389177599027,1.0724897477330653,1.0233967600366585,-0.047340928453529996
24,adaptive_TOT,POOL,COM_DEV_D,2014-01,2024-08,2016-01,2026-08,128,384,0.15206044731329565,1.0561437763371706,1.0077990219682345,-0.01565886868012978
24,adaptive_TOT,POOL,COM_DEV_LD,2014-01,2024-08,2016-01,2026-08,128,384,0.15292158627232685,1.0621248619397166,1.0135063246628153,-0.02719507013152822
24,adaptive_TOT,POOL,COM_SLOG_L,2014-01,2024-08,2016-01,2026-08,128,384,0.15442035959328068,1.0725346702957597,1.0234396262787004,-0.04742866863748607
24,adaptive_TOT,POOL,COM_SLOG_D,2014-01,2024-08,2016-01,2026-08,128,384,0.1520771987532512,1.0562601243380236,1.0079100441643547,-0.015882657127391342
24,adaptive_TOT,POOL,COM_SLOG_LD,2014-01,2024-08,2016-01,2026-08,128,384,0.15294644051831763,1.0622974884029588,1.0136710491868046,-0.02752899595947733
24,adaptive_TOT,POOL,JOINT_LOG_LOG,2014-01,2024-08,2016-01,2026-08,128,384,0.15667846776862987,1.088218478530109,1.0384055115619828,-0.07828600644230321
24,adaptive_TOT,POOL,JOINT_LOG_DEV,2014-01,2024-08,2016-01,2026-08,128,384,0.15621397699026882,1.084992333576574,1.0353270427003132,-0.07190208534657594
24,adaptive_TOT,POOL,JOINT_LOG_SLOG,2014-01,2024-08,2016-01,2026-08,128,384,0.1560386245940818,1.0837744143531935,1.03416487346762,-0.06949698551429861
24,adaptive_TOT,POOL,JOINT_DEV_LOG,2014-01,2024-08,2016-01,2026-08,128,384,0.15756629329497346,1.0943849170793074,1.0442896827119206,-0.09054094141856361
24,adaptive_TOT,POOL,JOINT_DEV_DEV,2014-01,2024-08,2016-01,2026-08,128,384,0.1570999357358536,1.091145806302542,1.0411988415347921,-0.08409502761339316
24,adaptive_TOT,POOL,JOINT_DEV_SLOG,2014-01,2024-08,2016-01,2026-08,128,384,0.15691490773871633,1.0898606846875698,1.039972546085539,-0.0815428966116385
24,adaptive_TOT,POOL,JOINT_SLOG_LOG,2014-01,2024-08,2016-01,2026-08,128,384,0.15772952163417187,1.095518628031841,1.045371498289266,-0.09280156943554485
24,adaptive_TOT,POOL,JOINT_SLOG_DEV,2014-01,2024-08,2016-01,2026-08,128,384,0.1572586909737047,1.0922484490961144,1.0422510110914753,-0.08628717012120246
24,adaptive_TOT,POOL,JOINT_SLOG_SLOG,2014-01,2024-08,2016-01,2026-08,128,384,0.1570692397884628,1.0909326059972138,1.0409954004276178,-0.0836714237114562
24,adaptive_TOT,POOL,ADAPTIVE_TOT,2014-01,2024-08,2016-01,2026-08,128,384,0.13370648882751288,0.9286653993600735,0.8861559402988294,0.21472764947309753
24,adaptive_TOT,BRL,EJR,2014-01,2024-08,2016-01,2026-08,128,128,0.2314709354354146,1.0537114332364723,1.0,0.0
24,adaptive_TOT,BRL,TOT_LOG_L,2014-01,2024-08,2016-01,2026-08,128,128,0.19753481552921878,0.8992260440554195,0.8533892825794331,0.2717267323785604
24,adaptive_TOT,BRL,TOT_LOG_D,2014-01,2024-08,2016-01,2026-08,128,128,0.23536337556880135,1.0714307579716615,1.0168161074999102,-0.033914996471269054
24,adaptive_TOT,BRL,TOT_LOG_LD,2014-01,2024-08,2016-01,2026-08,128,128,0.20965249517449752,0.9543886395774382,0.9057400436911229,0.1796349732544028
24,adaptive_TOT,BRL,TOT_DEV_L,2014-01,2024-08,2016-01,2026-08,128,128,0.1993430359787589,0.907457498937253,0.8612011508217191,0.2583325778233466
24,adaptive_TOT,BRL,TOT_DEV_D,2014-01,2024-08,2016-01,2026-08,128,128,0.23477415197409254,1.0687484702913121,1.0142705455977197,-0.02874473966709612
24,adaptive_TOT,BRL,TOT_DEV_LD,2014-01,2024-08,2016-01,2026-08,128,128,0.21141579427127585,0.9624156016450336,0.9133578428479001,0.1657774509082306
24,adaptive_TOT,BRL,TOT_SLOG_L,2014-01,2024-08,2016-01,2026-08,128,128,0.19911314257956528,0.906410968828839,0.8602079660887798,0.26004225507740464
24,adaptive_TOT,BRL,TOT_SLOG_D,2014-01,2024-08,2016-01,2026-08,128,128,0.23499963241034666,1.0697749115298425,1.0152446654621856,-0.03072173074942497
24,adaptive_TOT,BRL,TOT_SLOG_LD,2014-01,2024-08,2016-01,2026-08,128,128,0.21148033525295645,0.9627094077342568,0.9136366725919419,0.16526803049512462
24,adaptive_TOT,BRL,COM_LOG_L,2014-01,2024-08,2016-01,2026-08,128,128,0.23810483585077555,1.083910545282522,1.0286597555018389,-0.05814089258910293
24,adaptive_TOT,BRL,COM_LOG_D,2014-01,2024-08,2016-01,2026-08,128,128,0.23250434723956873,1.0584157726008525,1.0044645423936711,-0.00894901692612704
24,adaptive_TOT,BRL,COM_LOG_LD,2014-01,2024-08,2016-01,2026-08,128,128,0.23472749420471653,1.0685360728905398,1.0140689748506702,-0.028335885754688928
24,adaptive_TOT,BRL,COM_DEV_L,2014-01,2024-08,2016-01,2026-08,128,128,0.23772503283241306,1.0821815904914012,1.0270189317083547,-0.05476788608736993
24,adaptive_TOT,BRL,COM_DEV_D,2014-01,2024-08,2016-01,2026-08,128,128,0.23239635552804147,1.057924168327007,1.0039979969445672,-0.00801197786870289
24,adaptive_TOT,BRL,COM_DEV_LD,2014-01,2024-08,2016-01,2026-08,128,128,0.234152094299508,1.065916713973357,1.0115831340079475,-0.023300437009341257
24,adaptive_TOT,BRL,COM_SLOG_L,2014-01,2024-08,2016-01,2026-08,128,128,0.23774264960842578,1.0822617862976973,1.027095039648125,-0.054924220469783736
24,adaptive_TOT,BRL,COM_SLOG_D,2014-01,2024-08,2016-01,2026-08,128,128,0.23241317077292553,1.0580007153706075,1.0040706421121013,-0.00815785435140759
24,adaptive_TOT,BRL,COM_SLOG_LD,2014-01,2024-08,2016-01,2026-08,128,128,0.23418553990657393,1.06606896642998,1.0117276256133536,-0.0235927884292344
24,adaptive_TOT,BRL,JOINT_LOG_LOG,2014-01,2024-08,2016-01,2026-08,128,128,0.22866985577461055,1.0409602441576218,0.9878987845470316,0.02405599149049753
24,adaptive_TOT,BRL,JOINT_LOG_DEV,2014-01,2024-08,2016-01,2026-08,128,128,0.2285065740752006,1.040216946545838,0.9871933754679056,0.025449239432282722
24,adaptive_TOT,BRL,JOINT_LOG_SLOG,2014-01,2024-08,2016-01,2026-08,128,128,0.22806680100422488,1.0382149936352274,0.9852934692436167,0.029196779465878064
24,adaptive_TOT,BRL,JOINT_DEV_LOG,2014-01,2024-08,2016-01,2026-08,128,128,0.2314041160880488,1.0534072554780496,0.9997113272677621,0.0005772621325295102
24,adaptive_TOT,BRL,JOINT_DEV_DEV,2014-01,2024-08,2016-01,2026-08,128,128,0.23118634914364772,1.0524159279117409,0.9987705312062978,0.0024574259938898724
24,adaptive_TOT,BRL,JOINT_DEV_SLOG,2014-01,2024-08,2016-01,2026-08,128,128,0.23073442438243796,1.0503586575812192,0.9968181272884596,0.0063536211091281825
24,adaptive_TOT,BRL,JOINT_SLOG_LOG,2014-01,2024-08,2016-01,2026-08,128,128,0.23124026207365023,1.0526613525506316,0.9990034456752401,0.0019921155289975845
24,adaptive_TOT,BRL,JOINT_SLOG_DEV,2014-01,2024-08,2016-01,2026-08,128,128,0.23102832767558304,1.0516965761396346,0.9980878473619204,0.0038206489484479134
24,adaptive_TOT,BRL,JOINT_SLOG_SLOG,2014-01,2024-08,2016-01,2026-08,128,128,0.23057468590412059,1.0496314895650094,0.9961280256218427,0.007728956570729473
24,adaptive_TOT,BRL,ADAPTIVE_TOT,2014-01,2024-08,2016-01,2026-08,128,128,0.2033465713247472,0.9256825558304597,0.8784972115062164,0.22824264937580208
24,adaptive_TOT,EUR,EJR,2014-01,2024-08,2016-01,2026-08,128,128,0.08760529810132021,0.9677926278060311,1.0,0.0
24,adaptive_TOT,EUR,TOT_LOG_L,2014-01,2024-08,2016-01,2026-08,128,128,0.08425146466959417,0.9307421829075969,0.96171654563806,0.0751012858459974
24,adaptive_TOT,EUR,TOT_LOG_D,2014-01,2024-08,2016-01,2026-08,128,128,0.09510679135858385,1.050663070910054,1.0856283058199034,-0.1785888183973936
24,adaptive_TOT,EUR,TOT_LOG_LD,2014-01,2024-08,2016-01,2026-08,128,128,0.09151409287955371,1.0109738377552966,1.0446182464183018,-0.09122728075004805
24,adaptive_TOT,EUR,TOT_DEV_L,2014-01,2024-08,2016-01,2026-08,128,128,0.08403124223051871,0.9283093431406665,0.9592027428904137,0.07993009803150675
24,adaptive_TOT,EUR,TOT_DEV_D,2014-01,2024-08,2016-01,2026-08,128,128,0.09477573929923895,1.0470058749481903,1.081849401272806,-0.17039812703432866
24,adaptive_TOT,EUR,TOT_DEV_LD,2014-01,2024-08,2016-01,2026-08,128,128,0.09125223870244507,1.0080810841472572,1.0416292242611511,-0.08499144083488752
24,adaptive_TOT,EUR,TOT_SLOG_L,2014-01,2024-08,2016-01,2026-08,128,128,0.08410824215090072,0.929159976114955,0.9600816842564138,0.07824315955536776
24,adaptive_TOT,EUR,TOT_SLOG_D,2014-01,2024-08,2016-01,2026-08,128,128,0.09502012279873008,1.049705626610372,1.0846389985321918,-0.1764417571369159
24,adaptive_TOT,EUR,TOT_SLOG_LD,2014-01,2024-08,2016-01,2026-08,128,128,0.0915641132581711,1.0115264225271672,1.0451892207737519,-0.09242050722164241
24,adaptive_TOT,EUR,COM_LOG_L,2014-01,2024-08,2016-01,2026-08,128,128,0.08889254398161367,0.982013081364455,1.0146936989907243,-0.02960330277147838
24,adaptive_TOT,EUR,COM_LOG_D,2014-01,2024-08,2016-01,2026-08,128,128,0.08642080698150646,0.9547073259087459,0.9864792296186947,0.026858729530906622
24,adaptive_TOT,EUR,COM_LOG_LD,2014-01,2024-08,2016-01,2026-08,128,128,0.08473556964398243,0.9360901839469328,0.9672425239165469,0.06444189992754834
24,adaptive_TOT,EUR,COM_DEV_L,2014-01,2024-08,2016-01,2026-08,128,128,0.08875528494058442,0.9804967542599664,1.0131269097210787,-0.02642613520098247
24,adaptive_TOT,EUR,COM_DEV_D,2014-01,2024-08,2016-01,2026-08,128,128,0.08640798221687569,0.954565648259882,0.9863328370498807,0.02714753455713348
24,adaptive_TOT,EUR,COM_DEV_LD,2014-01,2024-08,2016-01,2026-08,128,128,0.08463407110981282,0.9349689100601769,0.9660839349228512,0.06668183068398037
24,adaptive_TOT,EUR,COM_SLOG_L,2014-01,2024-08,2016-01,2026-08,128,128,0.08873606056258469,0.9802843788476852,1.012907466623271,-0.025981535941172584
24,adaptive_TOT,EUR,COM_SLOG_D,2014-01,2024-08,2016-01,2026-08,128,128,0.08649252118528274,0.9554995665520387,0.9872978354031683,0.025242984208218466
24,adaptive_TOT,EUR,COM_SLOG_LD,2014-01,2024-08,2016-01,2026-08,128,128,0.08467988659990545,0.9354750426173619,0.9666069111706992,0.06567107927703997
24,adaptive_TOT,EUR,JOINT_LOG_LOG,2014-01,2024-08,2016-01,2026-08,128,128,0.09950779584048049,1.0992818164064142,1.135865044661961,-0.2901893996849185
24,adaptive_TOT,EUR,JOINT_LOG_DEV,2014-01,2024-08,2016-01,2026-08,128,128,0.09904996567755633,1.0942240782779191,1.130638989014109,-0.27834452347884686
24,adaptive_TOT,EUR,JOINT_LOG_SLOG,2014-01,2024-08,2016-01,2026-08,128,128,0.09906276770432675,1.0943655047372534,1.1307851220340048,-0.27867499221345926
24,adaptive_TOT,EUR,JOINT_DEV_LOG,2014-01,2024-08,2016-01,2026-08,128,128,0.09910996015731163,1.0948868488691348,1.1313238160857082,-0.27989357684272953
24,adaptive_TOT,EUR,JOINT_DEV_DEV,2014-01,2024-08,2016-01,2026-08,128,128,0.09865079692216203,1.089814384034606,1.126082543638709,-0.26806189508782485
24,adaptive_TOT,EUR,JOINT_DEV_SLOG,2014-01,2024-08,2016-01,2026-08,128,128,0.0986703109789507,1.0900299595843497,1.1263052933720197,-0.2685636138778311
24,adaptive_TOT,EUR,JOINT_SLOG_LOG,2014-01,2024-08,2016-01,2026-08,128,128,0.09949089117453327,1.0990950673006659,1.1356720806938723,-0.28975107486754936
24,adaptive_TOT,EUR,JOINT_SLOG_DEV,2014-01,2024-08,2016-01,2026-08,128,128,0.09903566407170403,1.0940660856791877,1.130475738546817,-0.2779753954429711
24,adaptive_TOT,EUR,JOINT_SLOG_SLOG,2014-01,2024-08,2016-01,2026-08,128,128,0.09904826413871375,1.0942052810500862,1.1306195662294207,-0.2783006035408033
24,adaptive_TOT,EUR,ADAPTIVE_TOT,2014-01,2024-08,2016-01,2026-08,128,128,0.08044595415120213,0.8887019741010634,0.9182772719768854,0.15676685177068939
24,adaptive_TOT,CAD,EJR,2014-01,2024-08,2016-01,2026-08,128,128,0.08392968716115932,1.1079547432229044,1.0,0.0
24,adaptive_TOT,CAD,TOT_LOG_L,2014-01,2024-08,2016-01,2026-08,128,128,0.07008491459516254,0.9251900749371257,0.8350432006327815,0.3027028530769603
24,adaptive_TOT,CAD,TOT_LOG_D,2014-01,2024-08,2016-01,2026-08,128,128,0.092807103682677,1.2251454069232768,1.10577206733145,-0.2227318648904688
24,adaptive_TOT,CAD,TOT_LOG_LD,2014-01,2024-08,2016-01,2026-08,128,128,0.07405386505273506,0.977584139943473,0.8823321944539004,0.22148989863016444
24,adaptive_TOT,CAD,TOT_DEV_L,2014-01,2024-08,2016-01,2026-08,128,128,0.07102397702950042,0.9375866263064794,0.8462318808971879,0.28389160375320754
24,adaptive_TOT,CAD,TOT_DEV_D,2014-01,2024-08,2016-01,2026-08,128,128,0.09342490733299873,1.2333010251306942,1.1131330342457604,-0.23906515192917333
24,adaptive_TOT,CAD,TOT_DEV_LD,2014-01,2024-08,2016-01,2026-08,128,128,0.07494596164916877,0.9893606958781311,0.8929612891950822,0.2026201359990567
24,adaptive_TOT,CAD,TOT_SLOG_L,2014-01,2024-08,2016-01,2026-08,128,128,0.07100433638024133,0.93732735034296,0.8459978677616287,0.28428760774277795
24,adaptive_TOT,CAD,TOT_SLOG_D,2014-01,2024-08,2016-01,2026-08,128,128,0.09260911355222322,1.2225317417045998,1.1034130673500298,-0.21752039719880134
24,adaptive_TOT,CAD,TOT_SLOG_LD,2014-01,2024-08,2016-01,2026-08,128,128,0.07451523437245952,0.9836746705227745,0.8878292877391232,0.21175915583264115
24,adaptive_TOT,CAD,COM_LOG_L,2014-01,2024-08,2016-01,2026-08,128,128,0.0846958706883488,1.11806912231619,1.0091288738598332,-0.01834108405761503
24,adaptive_TOT,CAD,COM_LOG_D,2014-01,2024-08,2016-01,2026-08,128,128,0.08871289068758796,1.171097752736702,1.0569906035422731,-0.11722913597665863
24,adaptive_TOT,CAD,COM_LOG_LD,2014-01,2024-08,2016-01,2026-08,128,128,0.09037091524763205,1.1929853140730566,1.07674552717091,-0.15938093028256106
24,adaptive_TOT,CAD,COM_DEV_L,2014-01,2024-08,2016-01,2026-08,128,128,0.08450004781161673,1.1154840669865993,1.0067956961326714,-0.013637573751270393
24,adaptive_TOT,CAD,COM_DEV_D,2014-01,2024-08,2016-01,2026-08,128,128,0.08884105727562534,1.1727896782512823,1.0585176745033655,-0.12045966723601298
24,adaptive_TOT,CAD,COM_DEV_LD,2014-01,2024-08,2016-01,2026-08,128,128,0.09035986601731744,1.1928394533228248,1.0766138785172767,-0.15909744341601373
24,adaptive_TOT,CAD,COM_SLOG_L,2014-01,2024-08,2016-01,2026-08,128,128,0.08450613281740513,1.1155643950713787,1.0068681973654798,-0.013783566866010677
24,adaptive_TOT,CAD,COM_SLOG_D,2014-01,2024-08,2016-01,2026-08,128,128,0.08880081628113545,1.1722584573898074,1.058038213708848,-0.11944486166821
24,adaptive_TOT,CAD,COM_SLOG_LD,2014-01,2024-08,2016-01,2026-08,128,128,0.09035646465949988,1.1927945520411112,1.076573352239477,-0.15901018275214485
24,adaptive_TOT,CAD,JOINT_LOG_LOG,2014-01,2024-08,2016-01,2026-08,128,128,0.10701739304414416,1.4127352578228243,1.2750839025368046,-0.6258389585084874
24,adaptive_TOT,CAD,JOINT_LOG_DEV,2014-01,2024-08,2016-01,2026-08,128,128,0.10574625158859514,1.3959549354765906,1.2599385886610572,-0.5874452471972169
24,adaptive_TOT,CAD,JOINT_LOG_SLOG,2014-01,2024-08,2016-01,2026-08,128,128,0.10590684316934504,1.3980749029116157,1.2618519948249758,-0.5922704568437704
24,adaptive_TOT,CAD,JOINT_DEV_LOG,2014-01,2024-08,2016-01,2026-08,128,128,0.10540759556729173,1.3914843416043217,1.2559035918350459,-0.5772938319841696
24,adaptive_TOT,CAD,JOINT_DEV_DEV,2014-01,2024-08,2016-01,2026-08,128,128,0.10422121502305456,1.375822946980856,1.2417681817749666,-0.5419882172687063
24,adaptive_TOT,CAD,JOINT_DEV_SLOG,2014-01,2024-08,2016-01,2026-08,128,128,0.10436790669631989,1.3777594219122298,1.2435159742215611,-0.5463319781441984
24,adaptive_TOT,CAD,JOINT_SLOG_LOG,2014-01,2024-08,2016-01,2026-08,128,128,0.10613816351454743,1.4011285598754362,1.2646081154901012,-0.5992336857634251
24,adaptive_TOT,CAD,JOINT_SLOG_DEV,2014-01,2024-08,2016-01,2026-08,128,128,0.1049225271978782,1.3850809601685354,1.2501241306477058,-0.562810342027682
24,adaptive_TOT,CAD,JOINT_SLOG_SLOG,2014-01,2024-08,2016-01,2026-08,128,128,0.10505709806814859,1.3868574285322195,1.2517275069359073,-0.5668217516199818
24,adaptive_TOT,CAD,ADAPTIVE_TOT,2014-01,2024-08,2016-01,2026-08,128,128,0.07622923228603093,1.0063011353941274,0.9082511190546654,0.17507990473594803
24,adaptive_COM,POOL,EJR,2014-01,2024-08,2016-01,2026-08,128,384,0.1508837020066969,1.0479706303688594,1.0,0.0
24,adaptive_COM,POOL,TOT_LOG_L,2014-01,2024-08,2016-01,2026-08,128,384,0.13042265638932726,0.9058573697021167,0.864391943296424,0.2528265683642318
24,adaptive_COM,POOL,TOT_LOG_D,2014-01,2024-08,2016-01,2026-08,128,384,0.15604954214995634,1.0838502428075578,1.0342372308907832,-0.06964664976063539
24,adaptive_COM,POOL,TOT_LOG_LD,2014-01,2024-08,2016-01,2026-08,128,384,0.13881999478666487,0.9641815219905324,0.9200463200492218,0.15351476896388483
24,adaptive_COM,POOL,TOT_DEV_L,2014-01,2024-08,2016-01,2026-08,128,384,0.1314575989652429,0.913045617400531,0.8712511505013856,0.240921432750012
24,adaptive_COM,POOL,TOT_DEV_D,2014-01,2024-08,2016-01,2026-08,128,384,0.15580923860611415,1.0821812019968478,1.0326445900644632,-0.06635484938940306
24,adaptive_COM,POOL,TOT_DEV_LD,2014-01,2024-08,2016-01,2026-08,128,384,0.1398099976194849,0.9710576383568402,0.9266076836667191,0.14139820056979746
24,adaptive_COM,POOL,TOT_SLOG_L,2014-01,2024-08,2016-01,2026-08,128,384,0.13135429916885516,0.9123281432711341,0.8705665185960578,0.24211393669953962
24,adaptive_COM,POOL,TOT_SLOG_D,2014-01,2024-08,2016-01,2026-08,128,384,0.15580981877769273,1.0821852316088396,1.032648435221832,-0.06636279076609819
24,adaptive_COM,POOL,TOT_SLOG_LD,2014-01,2024-08,2016-01,2026-08,128,384,0.1398337574753686,0.9712226636764523,0.9267651549877941,0.14110634750044992
24,adaptive_COM,POOL,COM_LOG_L,2014-01,2024-08,2016-01,2026-08,128,384,0.15467082006927418,1.0742742566090497,1.0250995834023824,-0.050829155891737976
24,adaptive_COM,POOL,COM_LOG_D,2014-01,2024-08,2016-01,2026-08,128,384,0.15209295878812698,1.056369586483131,1.0080144957032962,-0.01609322354797027
24,adaptive_COM,POOL,COM_LOG_LD,2014-01,2024-08,2016-01,2026-08,128,384,0.15323621810917737,1.0643101537904143,1.0155915852487238,-0.03142626802801596
24,adaptive_COM,POOL,COM_DEV_L,2014-01,2024-08,2016-01,2026-08,128,384,0.15441389177599027,1.0724897477330653,1.0233967600366585,-0.047340928453529996
24,adaptive_COM,POOL,COM_DEV_D,2014-01,2024-08,2016-01,2026-08,128,384,0.15206044731329565,1.0561437763371706,1.0077990219682345,-0.01565886868012978
24,adaptive_COM,POOL,COM_DEV_LD,2014-01,2024-08,2016-01,2026-08,128,384,0.15292158627232685,1.0621248619397166,1.0135063246628153,-0.02719507013152822
24,adaptive_COM,POOL,COM_SLOG_L,2014-01,2024-08,2016-01,2026-08,128,384,0.15442035959328068,1.0725346702957597,1.0234396262787004,-0.04742866863748607
24,adaptive_COM,POOL,COM_SLOG_D,2014-01,2024-08,2016-01,2026-08,128,384,0.1520771987532512,1.0562601243380236,1.0079100441643547,-0.015882657127391342
24,adaptive_COM,POOL,COM_SLOG_LD,2014-01,2024-08,2016-01,2026-08,128,384,0.15294644051831763,1.0622974884029588,1.0136710491868046,-0.02752899595947733
24,adaptive_COM,POOL,JOINT_LOG_LOG,2014-01,2024-08,2016-01,2026-08,128,384,0.15667846776862987,1.088218478530109,1.0384055115619828,-0.07828600644230321
24,adaptive_COM,POOL,JOINT_LOG_DEV,2014-01,2024-08,2016-01,2026-08,128,384,0.15621397699026882,1.084992333576574,1.0353270427003132,-0.07190208534657594
24,adaptive_COM,POOL,JOINT_LOG_SLOG,2014-01,2024-08,2016-01,2026-08,128,384,0.1560386245940818,1.0837744143531935,1.03416487346762,-0.06949698551429861
24,adaptive_COM,POOL,JOINT_DEV_LOG,2014-01,2024-08,2016-01,2026-08,128,384,0.15756629329497346,1.0943849170793074,1.0442896827119206,-0.09054094141856361
24,adaptive_COM,POOL,JOINT_DEV_DEV,2014-01,2024-08,2016-01,2026-08,128,384,0.1570999357358536,1.091145806302542,1.0411988415347921,-0.08409502761339316
24,adaptive_COM,POOL,JOINT_DEV_SLOG,2014-01,2024-08,2016-01,2026-08,128,384,0.15691490773871633,1.0898606846875698,1.039972546085539,-0.0815428966116385
24,adaptive_COM,POOL,JOINT_SLOG_LOG,2014-01,2024-08,2016-01,2026-08,128,384,0.15772952163417187,1.095518628031841,1.045371498289266,-0.09280156943554485
24,adaptive_COM,POOL,JOINT_SLOG_DEV,2014-01,2024-08,2016-01,2026-08,128,384,0.1572586909737047,1.0922484490961144,1.0422510110914753,-0.08628717012120246
24,adaptive_COM,POOL,JOINT_SLOG_SLOG,2014-01,2024-08,2016-01,2026-08,128,384,0.1570692397884628,1.0909326059972138,1.0409954004276178,-0.0836714237114562
24,adaptive_COM,POOL,ADAPTIVE_COM,2014-01,2024-08,2016-01,2026-08,128,384,0.15288372070006037,1.061861864630467,1.0132553659988717,-0.026686436725507523
24,adaptive_COM,BRL,EJR,2014-01,2024-08,2016-01,2026-08,128,128,0.2314709354354146,1.0537114332364723,1.0,0.0
24,adaptive_COM,BRL,TOT_LOG_L,2014-01,2024-08,2016-01,2026-08,128,128,0.19753481552921878,0.8992260440554195,0.8533892825794331,0.2717267323785604
24,adaptive_COM,BRL,TOT_LOG_D,2014-01,2024-08,2016-01,2026-08,128,128,0.23536337556880135,1.0714307579716615,1.0168161074999102,-0.033914996471269054
24,adaptive_COM,BRL,TOT_LOG_LD,2014-01,2024-08,2016-01,2026-08,128,128,0.20965249517449752,0.9543886395774382,0.9057400436911229,0.1796349732544028
24,adaptive_COM,BRL,TOT_DEV_L,2014-01,2024-08,2016-01,2026-08,128,128,0.1993430359787589,0.907457498937253,0.8612011508217191,0.2583325778233466
24,adaptive_COM,BRL,TOT_DEV_D,2014-01,2024-08,2016-01,2026-08,128,128,0.23477415197409254,1.0687484702913121,1.0142705455977197,-0.02874473966709612
24,adaptive_COM,BRL,TOT_DEV_LD,2014-01,2024-08,2016-01,2026-08,128,128,0.21141579427127585,0.9624156016450336,0.9133578428479001,0.1657774509082306
24,adaptive_COM,BRL,TOT_SLOG_L,2014-01,2024-08,2016-01,2026-08,128,128,0.19911314257956528,0.906410968828839,0.8602079660887798,0.26004225507740464
24,adaptive_COM,BRL,TOT_SLOG_D,2014-01,2024-08,2016-01,2026-08,128,128,0.23499963241034666,1.0697749115298425,1.0152446654621856,-0.03072173074942497
24,adaptive_COM,BRL,TOT_SLOG_LD,2014-01,2024-08,2016-01,2026-08,128,128,0.21148033525295645,0.9627094077342568,0.9136366725919419,0.16526803049512462
24,adaptive_COM,BRL,COM_LOG_L,2014-01,2024-08,2016-01,2026-08,128,128,0.23810483585077555,1.083910545282522,1.0286597555018389,-0.05814089258910293
24,adaptive_COM,BRL,COM_LOG_D,2014-01,2024-08,2016-01,2026-08,128,128,0.23250434723956873,1.0584157726008525,1.0044645423936711,-0.00894901692612704
24,adaptive_COM,BRL,COM_LOG_LD,2014-01,2024-08,2016-01,2026-08,128,128,0.23472749420471653,1.0685360728905398,1.0140689748506702,-0.028335885754688928
24,adaptive_COM,BRL,COM_DEV_L,2014-01,2024-08,2016-01,2026-08,128,128,0.23772503283241306,1.0821815904914012,1.0270189317083547,-0.05476788608736993
24,adaptive_COM,BRL,COM_DEV_D,2014-01,2024-08,2016-01,2026-08,128,128,0.23239635552804147,1.057924168327007,1.0039979969445672,-0.00801197786870289
24,adaptive_COM,BRL,COM_DEV_LD,2014-01,2024-08,2016-01,2026-08,128,128,0.234152094299508,1.065916713973357,1.0115831340079475,-0.023300437009341257
24,adaptive_COM,BRL,COM_SLOG_L,2014-01,2024-08,2016-01,2026-08,128,128,0.23774264960842578,1.0822617862976973,1.027095039648125,-0.054924220469783736
24,adaptive_COM,BRL,COM_SLOG_D,2014-01,2024-08,2016-01,2026-08,128,128,0.23241317077292553,1.0580007153706075,1.0040706421121013,-0.00815785435140759
24,adaptive_COM,BRL,COM_SLOG_LD,2014-01,2024-08,2016-01,2026-08,128,128,0.23418553990657393,1.06606896642998,1.0117276256133536,-0.0235927884292344
24,adaptive_COM,BRL,JOINT_LOG_LOG,2014-01,2024-08,2016-01,2026-08,128,128,0.22866985577461055,1.0409602441576218,0.9878987845470316,0.02405599149049753
24,adaptive_COM,BRL,JOINT_LOG_DEV,2014-01,2024-08,2016-01,2026-08,128,128,0.2285065740752006,1.040216946545838,0.9871933754679056,0.025449239432282722
24,adaptive_COM,BRL,JOINT_LOG_SLOG,2014-01,2024-08,2016-01,2026-08,128,128,0.22806680100422488,1.0382149936352274,0.9852934692436167,0.029196779465878064
24,adaptive_COM,BRL,JOINT_DEV_LOG,2014-01,2024-08,2016-01,2026-08,128,128,0.2314041160880488,1.0534072554780496,0.9997113272677621,0.0005772621325295102
24,adaptive_COM,BRL,JOINT_DEV_DEV,2014-01,2024-08,2016-01,2026-08,128,128,0.23118634914364772,1.0524159279117409,0.9987705312062978,0.0024574259938898724
24,adaptive_COM,BRL,JOINT_DEV_SLOG,2014-01,2024-08,2016-01,2026-08,128,128,0.23073442438243796,1.0503586575812192,0.9968181272884596,0.0063536211091281825
24,adaptive_COM,BRL,JOINT_SLOG_LOG,2014-01,2024-08,2016-01,2026-08,128,128,0.23124026207365023,1.0526613525506316,0.9990034456752401,0.0019921155289975845
24,adaptive_COM,BRL,JOINT_SLOG_DEV,2014-01,2024-08,2016-01,2026-08,128,128,0.23102832767558304,1.0516965761396346,0.9980878473619204,0.0038206489484479134
24,adaptive_COM,BRL,JOINT_SLOG_SLOG,2014-01,2024-08,2016-01,2026-08,128,128,0.23057468590412059,1.0496314895650094,0.9961280256218427,0.007728956570729473
24,adaptive_COM,BRL,ADAPTIVE_COM,2014-01,2024-08,2016-01,2026-08,128,128,0.23323819601400875,1.0617564289231656,1.007634913537934,-0.015328118980600047
24,adaptive_COM,EUR,EJR,2014-01,2024-08,2016-01,2026-08,128,128,0.08760529810132021,0.9677926278060311,1.0,0.0
24,adaptive_COM,EUR,TOT_LOG_L,2014-01,2024-08,2016-01,2026-08,128,128,0.08425146466959417,0.9307421829075969,0.96171654563806,0.0751012858459974
24,adaptive_COM,EUR,TOT_LOG_D,2014-01,2024-08,2016-01,2026-08,128,128,0.09510679135858385,1.050663070910054,1.0856283058199034,-0.1785888183973936
24,adaptive_COM,EUR,TOT_LOG_LD,2014-01,2024-08,2016-01,2026-08,128,128,0.09151409287955371,1.0109738377552966,1.0446182464183018,-0.09122728075004805
24,adaptive_COM,EUR,TOT_DEV_L,2014-01,2024-08,2016-01,2026-08,128,128,0.08403124223051871,0.9283093431406665,0.9592027428904137,0.07993009803150675
24,adaptive_COM,EUR,TOT_DEV_D,2014-01,2024-08,2016-01,2026-08,128,128,0.09477573929923895,1.0470058749481903,1.081849401272806,-0.17039812703432866
24,adaptive_COM,EUR,TOT_DEV_LD,2014-01,2024-08,2016-01,2026-08,128,128,0.09125223870244507,1.0080810841472572,1.0416292242611511,-0.08499144083488752
24,adaptive_COM,EUR,TOT_SLOG_L,2014-01,2024-08,2016-01,2026-08,128,128,0.08410824215090072,0.929159976114955,0.9600816842564138,0.07824315955536776
24,adaptive_COM,EUR,TOT_SLOG_D,2014-01,2024-08,2016-01,2026-08,128,128,0.09502012279873008,1.049705626610372,1.0846389985321918,-0.1764417571369159
24,adaptive_COM,EUR,TOT_SLOG_LD,2014-01,2024-08,2016-01,2026-08,128,128,0.0915641132581711,1.0115264225271672,1.0451892207737519,-0.09242050722164241
24,adaptive_COM,EUR,COM_LOG_L,2014-01,2024-08,2016-01,2026-08,128,128,0.08889254398161367,0.982013081364455,1.0146936989907243,-0.02960330277147838
24,adaptive_COM,EUR,COM_LOG_D,2014-01,2024-08,2016-01,2026-08,128,128,0.08642080698150646,0.9547073259087459,0.9864792296186947,0.026858729530906622
24,adaptive_COM,EUR,COM_LOG_LD,2014-01,2024-08,2016-01,2026-08,128,128,0.08473556964398243,0.9360901839469328,0.9672425239165469,0.06444189992754834
24,adaptive_COM,EUR,COM_DEV_L,2014-01,2024-08,2016-01,2026-08,128,128,0.08875528494058442,0.9804967542599664,1.0131269097210787,-0.02642613520098247
24,adaptive_COM,EUR,COM_DEV_D,2014-01,2024-08,2016-01,2026-08,128,128,0.08640798221687569,0.954565648259882,0.9863328370498807,0.02714753455713348
24,adaptive_COM,EUR,COM_DEV_LD,2014-01,2024-08,2016-01,2026-08,128,128,0.08463407110981282,0.9349689100601769,0.9660839349228512,0.06668183068398037
24,adaptive_COM,EUR,COM_SLOG_L,2014-01,2024-08,2016-01,2026-08,128,128,0.08873606056258469,0.9802843788476852,1.012907466623271,-0.025981535941172584
24,adaptive_COM,EUR,COM_SLOG_D,2014-01,2024-08,2016-01,2026-08,128,128,0.08649252118528274,0.9554995665520387,0.9872978354031683,0.025242984208218466
24,adaptive_COM,EUR,COM_SLOG_LD,2014-01,2024-08,2016-01,2026-08,128,128,0.08467988659990545,0.9354750426173619,0.9666069111706992,0.06567107927703997
24,adaptive_COM,EUR,JOINT_LOG_LOG,2014-01,2024-08,2016-01,2026-08,128,128,0.09950779584048049,1.0992818164064142,1.135865044661961,-0.2901893996849185
24,adaptive_COM,EUR,JOINT_LOG_DEV,2014-01,2024-08,2016-01,2026-08,128,128,0.09904996567755633,1.0942240782779191,1.130638989014109,-0.27834452347884686
24,adaptive_COM,EUR,JOINT_LOG_SLOG,2014-01,2024-08,2016-01,2026-08,128,128,0.09906276770432675,1.0943655047372534,1.1307851220340048,-0.27867499221345926
24,adaptive_COM,EUR,JOINT_DEV_LOG,2014-01,2024-08,2016-01,2026-08,128,128,0.09910996015731163,1.0948868488691348,1.1313238160857082,-0.27989357684272953
24,adaptive_COM,EUR,JOINT_DEV_DEV,2014-01,2024-08,2016-01,2026-08,128,128,0.09865079692216203,1.089814384034606,1.126082543638709,-0.26806189508782485
24,adaptive_COM,EUR,JOINT_DEV_SLOG,2014-01,2024-08,2016-01,2026-08,128,128,0.0986703109789507,1.0900299595843497,1.1263052933720197,-0.2685636138778311
24,adaptive_COM,EUR,JOINT_SLOG_LOG,2014-01,2024-08,2016-01,2026-08,128,128,0.09949089117453327,1.0990950673006659,1.1356720806938723,-0.28975107486754936
24,adaptive_COM,EUR,JOINT_SLOG_DEV,2014-01,2024-08,2016-01,2026-08,128,128,0.09903566407170403,1.0940660856791877,1.130475738546817,-0.2779753954429711
24,adaptive_COM,EUR,JOINT_SLOG_SLOG,2014-01,2024-08,2016-01,2026-08,128,128,0.09904826413871375,1.0942052810500862,1.1306195662294207,-0.2783006035408033
24,adaptive_COM,EUR,ADAPTIVE_COM,2014-01,2024-08,2016-01,2026-08,128,128,0.08641567057048515,0.9546505829853434,0.98642059833574,0.026974403178960715
24,adaptive_COM,CAD,EJR,2014-01,2024-08,2016-01,2026-08,128,128,0.08392968716115932,1.1079547432229044,1.0,0.0
24,adaptive_COM,CAD,TOT_LOG_L,2014-01,2024-08,2016-01,2026-08,128,128,0.07008491459516254,0.9251900749371257,0.8350432006327815,0.3027028530769603
24,adaptive_COM,CAD,TOT_LOG_D,2014-01,2024-08,2016-01,2026-08,128,128,0.092807103682677,1.2251454069232768,1.10577206733145,-0.2227318648904688
24,adaptive_COM,CAD,TOT_LOG_LD,2014-01,2024-08,2016-01,2026-08,128,128,0.07405386505273506,0.977584139943473,0.8823321944539004,0.22148989863016444
24,adaptive_COM,CAD,TOT_DEV_L,2014-01,2024-08,2016-01,2026-08,128,128,0.07102397702950042,0.9375866263064794,0.8462318808971879,0.28389160375320754
24,adaptive_COM,CAD,TOT_DEV_D,2014-01,2024-08,2016-01,2026-08,128,128,0.09342490733299873,1.2333010251306942,1.1131330342457604,-0.23906515192917333
24,adaptive_COM,CAD,TOT_DEV_LD,2014-01,2024-08,2016-01,2026-08,128,128,0.07494596164916877,0.9893606958781311,0.8929612891950822,0.2026201359990567
24,adaptive_COM,CAD,TOT_SLOG_L,2014-01,2024-08,2016-01,2026-08,128,128,0.07100433638024133,0.93732735034296,0.8459978677616287,0.28428760774277795
24,adaptive_COM,CAD,TOT_SLOG_D,2014-01,2024-08,2016-01,2026-08,128,128,0.09260911355222322,1.2225317417045998,1.1034130673500298,-0.21752039719880134
24,adaptive_COM,CAD,TOT_SLOG_LD,2014-01,2024-08,2016-01,2026-08,128,128,0.07451523437245952,0.9836746705227745,0.8878292877391232,0.21175915583264115
24,adaptive_COM,CAD,COM_LOG_L,2014-01,2024-08,2016-01,2026-08,128,128,0.0846958706883488,1.11806912231619,1.0091288738598332,-0.01834108405761503
24,adaptive_COM,CAD,COM_LOG_D,2014-01,2024-08,2016-01,2026-08,128,128,0.08871289068758796,1.171097752736702,1.0569906035422731,-0.11722913597665863
24,adaptive_COM,CAD,COM_LOG_LD,2014-01,2024-08,2016-01,2026-08,128,128,0.09037091524763205,1.1929853140730566,1.07674552717091,-0.15938093028256106
24,adaptive_COM,CAD,COM_DEV_L,2014-01,2024-08,2016-01,2026-08,128,128,0.08450004781161673,1.1154840669865993,1.0067956961326714,-0.013637573751270393
24,adaptive_COM,CAD,COM_DEV_D,2014-01,2024-08,2016-01,2026-08,128,128,0.08884105727562534,1.1727896782512823,1.0585176745033655,-0.12045966723601298
24,adaptive_COM,CAD,COM_DEV_LD,2014-01,2024-08,2016-01,2026-08,128,128,0.09035986601731744,1.1928394533228248,1.0766138785172767,-0.15909744341601373
24,adaptive_COM,CAD,COM_SLOG_L,2014-01,2024-08,2016-01,2026-08,128,128,0.08450613281740513,1.1155643950713787,1.0068681973654798,-0.013783566866010677
24,adaptive_COM,CAD,COM_SLOG_D,2014-01,2024-08,2016-01,2026-08,128,128,0.08880081628113545,1.1722584573898074,1.058038213708848,-0.11944486166821
24,adaptive_COM,CAD,COM_SLOG_LD,2014-01,2024-08,2016-01,2026-08,128,128,0.09035646465949988,1.1927945520411112,1.076573352239477,-0.15901018275214485
24,adaptive_COM,CAD,JOINT_LOG_LOG,2014-01,2024-08,2016-01,2026-08,128,128,0.10701739304414416,1.4127352578228243,1.2750839025368046,-0.6258389585084874
24,adaptive_COM,CAD,JOINT_LOG_DEV,2014-01,2024-08,2016-01,2026-08,128,128,0.10574625158859514,1.3959549354765906,1.2599385886610572,-0.5874452471972169
24,adaptive_COM,CAD,JOINT_LOG_SLOG,2014-01,2024-08,2016-01,2026-08,128,128,0.10590684316934504,1.3980749029116157,1.2618519948249758,-0.5922704568437704
24,adaptive_COM,CAD,JOINT_DEV_LOG,2014-01,2024-08,2016-01,2026-08,128,128,0.10540759556729173,1.3914843416043217,1.2559035918350459,-0.5772938319841696
24,adaptive_COM,CAD,JOINT_DEV_DEV,2014-01,2024-08,2016-01,2026-08,128,128,0.10422121502305456,1.375822946980856,1.2417681817749666,-0.5419882172687063
24,adaptive_COM,CAD,JOINT_DEV_SLOG,2014-01,2024-08,2016-01,2026-08,128,128,0.10436790669631989,1.3777594219122298,1.2435159742215611,-0.5463319781441984
24,adaptive_COM,CAD,JOINT_SLOG_LOG,2014-01,2024-08,2016-01,2026-08,128,128,0.10613816351454743,1.4011285598754362,1.2646081154901012,-0.5992336857634251
24,adaptive_COM,CAD,JOINT_SLOG_DEV,2014-01,2024-08,2016-01,2026-08,128,128,0.1049225271978782,1.3850809601685354,1.2501241306477058,-0.562810342027682
24,adaptive_COM,CAD,JOINT_SLOG_SLOG,2014-01,2024-08,2016-01,2026-08,128,128,0.10505709806814859,1.3868574285322195,1.2517275069359073,-0.5668217516199818
24,adaptive_COM,CAD,ADAPTIVE_COM,2014-01,2024-08,2016-01,2026-08,128,128,0.09084366772244733,1.199226113539355,1.0823782477350592,-0.1715426711700172
24,adaptive_JOINT,POOL,EJR,2014-01,2024-08,2016-01,2026-08,128,384,0.1508837020066969,1.0479706303688594,1.0,0.0
24,adaptive_JOINT,POOL,TOT_LOG_L,2014-01,2024-08,2016-01,2026-08,128,384,0.13042265638932726,0.9058573697021167,0.864391943296424,0.2528265683642318
24,adaptive_JOINT,POOL,TOT_LOG_D,2014-01,2024-08,2016-01,2026-08,128,384,0.15604954214995634,1.0838502428075578,1.0342372308907832,-0.06964664976063539
24,adaptive_JOINT,POOL,TOT_LOG_LD,2014-01,2024-08,2016-01,2026-08,128,384,0.13881999478666487,0.9641815219905324,0.9200463200492218,0.15351476896388483
24,adaptive_JOINT,POOL,TOT_DEV_L,2014-01,2024-08,2016-01,2026-08,128,384,0.1314575989652429,0.913045617400531,0.8712511505013856,0.240921432750012
24,adaptive_JOINT,POOL,TOT_DEV_D,2014-01,2024-08,2016-01,2026-08,128,384,0.15580923860611415,1.0821812019968478,1.0326445900644632,-0.06635484938940306
24,adaptive_JOINT,POOL,TOT_DEV_LD,2014-01,2024-08,2016-01,2026-08,128,384,0.1398099976194849,0.9710576383568402,0.9266076836667191,0.14139820056979746
24,adaptive_JOINT,POOL,TOT_SLOG_L,2014-01,2024-08,2016-01,2026-08,128,384,0.13135429916885516,0.9123281432711341,0.8705665185960578,0.24211393669953962
24,adaptive_JOINT,POOL,TOT_SLOG_D,2014-01,2024-08,2016-01,2026-08,128,384,0.15580981877769273,1.0821852316088396,1.032648435221832,-0.06636279076609819
24,adaptive_JOINT,POOL,TOT_SLOG_LD,2014-01,2024-08,2016-01,2026-08,128,384,0.1398337574753686,0.9712226636764523,0.9267651549877941,0.14110634750044992
24,adaptive_JOINT,POOL,COM_LOG_L,2014-01,2024-08,2016-01,2026-08,128,384,0.15467082006927418,1.0742742566090497,1.0250995834023824,-0.050829155891737976
24,adaptive_JOINT,POOL,COM_LOG_D,2014-01,2024-08,2016-01,2026-08,128,384,0.15209295878812698,1.056369586483131,1.0080144957032962,-0.01609322354797027
24,adaptive_JOINT,POOL,COM_LOG_LD,2014-01,2024-08,2016-01,2026-08,128,384,0.15323621810917737,1.0643101537904143,1.0155915852487238,-0.03142626802801596
24,adaptive_JOINT,POOL,COM_DEV_L,2014-01,2024-08,2016-01,2026-08,128,384,0.15441389177599027,1.0724897477330653,1.0233967600366585,-0.047340928453529996
24,adaptive_JOINT,POOL,COM_DEV_D,2014-01,2024-08,2016-01,2026-08,128,384,0.15206044731329565,1.0561437763371706,1.0077990219682345,-0.01565886868012978
24,adaptive_JOINT,POOL,COM_DEV_LD,2014-01,2024-08,2016-01,2026-08,128,384,0.15292158627232685,1.0621248619397166,1.0135063246628153,-0.02719507013152822
24,adaptive_JOINT,POOL,COM_SLOG_L,2014-01,2024-08,2016-01,2026-08,128,384,0.15442035959328068,1.0725346702957597,1.0234396262787004,-0.04742866863748607
24,adaptive_JOINT,POOL,COM_SLOG_D,2014-01,2024-08,2016-01,2026-08,128,384,0.1520771987532512,1.0562601243380236,1.0079100441643547,-0.015882657127391342
24,adaptive_JOINT,POOL,COM_SLOG_LD,2014-01,2024-08,2016-01,2026-08,128,384,0.15294644051831763,1.0622974884029588,1.0136710491868046,-0.02752899595947733
24,adaptive_JOINT,POOL,JOINT_LOG_LOG,2014-01,2024-08,2016-01,2026-08,128,384,0.15667846776862987,1.088218478530109,1.0384055115619828,-0.07828600644230321
24,adaptive_JOINT,POOL,JOINT_LOG_DEV,2014-01,2024-08,2016-01,2026-08,128,384,0.15621397699026882,1.084992333576574,1.0353270427003132,-0.07190208534657594
24,adaptive_JOINT,POOL,JOINT_LOG_SLOG,2014-01,2024-08,2016-01,2026-08,128,384,0.1560386245940818,1.0837744143531935,1.03416487346762,-0.06949698551429861
24,adaptive_JOINT,POOL,JOINT_DEV_LOG,2014-01,2024-08,2016-01,2026-08,128,384,0.15756629329497346,1.0943849170793074,1.0442896827119206,-0.09054094141856361
24,adaptive_JOINT,POOL,JOINT_DEV_DEV,2014-01,2024-08,2016-01,2026-08,128,384,0.1570999357358536,1.091145806302542,1.0411988415347921,-0.08409502761339316
24,adaptive_JOINT,POOL,JOINT_DEV_SLOG,2014-01,2024-08,2016-01,2026-08,128,384,0.15691490773871633,1.0898606846875698,1.039972546085539,-0.0815428966116385
24,adaptive_JOINT,POOL,JOINT_SLOG_LOG,2014-01,2024-08,2016-01,2026-08,128,384,0.15772952163417187,1.095518628031841,1.045371498289266,-0.09280156943554485
24,adaptive_JOINT,POOL,JOINT_SLOG_DEV,2014-01,2024-08,2016-01,2026-08,128,384,0.1572586909737047,1.0922484490961144,1.0422510110914753,-0.08628717012120246
24,adaptive_JOINT,POOL,JOINT_SLOG_SLOG,2014-01,2024-08,2016-01,2026-08,128,384,0.1570692397884628,1.0909326059972138,1.0409954004276178,-0.0836714237114562
24,adaptive_JOINT,POOL,ADAPTIVE_JOINT,2014-01,2024-08,2016-01,2026-08,128,384,0.1508837020066969,1.0479706303688594,1.0,0.0
24,adaptive_JOINT,BRL,EJR,2014-01,2024-08,2016-01,2026-08,128,128,0.2314709354354146,1.0537114332364723,1.0,0.0
24,adaptive_JOINT,BRL,TOT_LOG_L,2014-01,2024-08,2016-01,2026-08,128,128,0.19753481552921878,0.8992260440554195,0.8533892825794331,0.2717267323785604
24,adaptive_JOINT,BRL,TOT_LOG_D,2014-01,2024-08,2016-01,2026-08,128,128,0.23536337556880135,1.0714307579716615,1.0168161074999102,-0.033914996471269054
24,adaptive_JOINT,BRL,TOT_LOG_LD,2014-01,2024-08,2016-01,2026-08,128,128,0.20965249517449752,0.9543886395774382,0.9057400436911229,0.1796349732544028
24,adaptive_JOINT,BRL,TOT_DEV_L,2014-01,2024-08,2016-01,2026-08,128,128,0.1993430359787589,0.907457498937253,0.8612011508217191,0.2583325778233466
24,adaptive_JOINT,BRL,TOT_DEV_D,2014-01,2024-08,2016-01,2026-08,128,128,0.23477415197409254,1.0687484702913121,1.0142705455977197,-0.02874473966709612
24,adaptive_JOINT,BRL,TOT_DEV_LD,2014-01,2024-08,2016-01,2026-08,128,128,0.21141579427127585,0.9624156016450336,0.9133578428479001,0.1657774509082306
24,adaptive_JOINT,BRL,TOT_SLOG_L,2014-01,2024-08,2016-01,2026-08,128,128,0.19911314257956528,0.906410968828839,0.8602079660887798,0.26004225507740464
24,adaptive_JOINT,BRL,TOT_SLOG_D,2014-01,2024-08,2016-01,2026-08,128,128,0.23499963241034666,1.0697749115298425,1.0152446654621856,-0.03072173074942497
24,adaptive_JOINT,BRL,TOT_SLOG_LD,2014-01,2024-08,2016-01,2026-08,128,128,0.21148033525295645,0.9627094077342568,0.9136366725919419,0.16526803049512462
24,adaptive_JOINT,BRL,COM_LOG_L,2014-01,2024-08,2016-01,2026-08,128,128,0.23810483585077555,1.083910545282522,1.0286597555018389,-0.05814089258910293
24,adaptive_JOINT,BRL,COM_LOG_D,2014-01,2024-08,2016-01,2026-08,128,128,0.23250434723956873,1.0584157726008525,1.0044645423936711,-0.00894901692612704
24,adaptive_JOINT,BRL,COM_LOG_LD,2014-01,2024-08,2016-01,2026-08,128,128,0.23472749420471653,1.0685360728905398,1.0140689748506702,-0.028335885754688928
24,adaptive_JOINT,BRL,COM_DEV_L,2014-01,2024-08,2016-01,2026-08,128,128,0.23772503283241306,1.0821815904914012,1.0270189317083547,-0.05476788608736993
24,adaptive_JOINT,BRL,COM_DEV_D,2014-01,2024-08,2016-01,2026-08,128,128,0.23239635552804147,1.057924168327007,1.0039979969445672,-0.00801197786870289
24,adaptive_JOINT,BRL,COM_DEV_LD,2014-01,2024-08,2016-01,2026-08,128,128,0.234152094299508,1.065916713973357,1.0115831340079475,-0.023300437009341257
24,adaptive_JOINT,BRL,COM_SLOG_L,2014-01,2024-08,2016-01,2026-08,128,128,0.23774264960842578,1.0822617862976973,1.027095039648125,-0.054924220469783736
24,adaptive_JOINT,BRL,COM_SLOG_D,2014-01,2024-08,2016-01,2026-08,128,128,0.23241317077292553,1.0580007153706075,1.0040706421121013,-0.00815785435140759
24,adaptive_JOINT,BRL,COM_SLOG_LD,2014-01,2024-08,2016-01,2026-08,128,128,0.23418553990657393,1.06606896642998,1.0117276256133536,-0.0235927884292344
24,adaptive_JOINT,BRL,JOINT_LOG_LOG,2014-01,2024-08,2016-01,2026-08,128,128,0.22866985577461055,1.0409602441576218,0.9878987845470316,0.02405599149049753
24,adaptive_JOINT,BRL,JOINT_LOG_DEV,2014-01,2024-08,2016-01,2026-08,128,128,0.2285065740752006,1.040216946545838,0.9871933754679056,0.025449239432282722
24,adaptive_JOINT,BRL,JOINT_LOG_SLOG,2014-01,2024-08,2016-01,2026-08,128,128,0.22806680100422488,1.0382149936352274,0.9852934692436167,0.029196779465878064
24,adaptive_JOINT,BRL,JOINT_DEV_LOG,2014-01,2024-08,2016-01,2026-08,128,128,0.2314041160880488,1.0534072554780496,0.9997113272677621,0.0005772621325295102
24,adaptive_JOINT,BRL,JOINT_DEV_DEV,2014-01,2024-08,2016-01,2026-08,128,128,0.23118634914364772,1.0524159279117409,0.9987705312062978,0.0024574259938898724
24,adaptive_JOINT,BRL,JOINT_DEV_SLOG,2014-01,2024-08,2016-01,2026-08,128,128,0.23073442438243796,1.0503586575812192,0.9968181272884596,0.0063536211091281825
24,adaptive_JOINT,BRL,JOINT_SLOG_LOG,2014-01,2024-08,2016-01,2026-08,128,128,0.23124026207365023,1.0526613525506316,0.9990034456752401,0.0019921155289975845
24,adaptive_JOINT,BRL,JOINT_SLOG_DEV,2014-01,2024-08,2016-01,2026-08,128,128,0.23102832767558304,1.0516965761396346,0.9980878473619204,0.0038206489484479134
24,adaptive_JOINT,BRL,JOINT_SLOG_SLOG,2014-01,2024-08,2016-01,2026-08,128,128,0.23057468590412059,1.0496314895650094,0.9961280256218427,0.007728956570729473
24,adaptive_JOINT,BRL,ADAPTIVE_JOINT,2014-01,2024-08,2016-01,2026-08,128,128,0.2314709354354146,1.0537114332364723,1.0,0.0
24,adaptive_JOINT,EUR,EJR,2014-01,2024-08,2016-01,2026-08,128,128,0.08760529810132021,0.9677926278060311,1.0,0.0
24,adaptive_JOINT,EUR,TOT_LOG_L,2014-01,2024-08,2016-01,2026-08,128,128,0.08425146466959417,0.9307421829075969,0.96171654563806,0.0751012858459974
24,adaptive_JOINT,EUR,TOT_LOG_D,2014-01,2024-08,2016-01,2026-08,128,128,0.09510679135858385,1.050663070910054,1.0856283058199034,-0.1785888183973936
24,adaptive_JOINT,EUR,TOT_LOG_LD,2014-01,2024-08,2016-01,2026-08,128,128,0.09151409287955371,1.0109738377552966,1.0446182464183018,-0.09122728075004805
24,adaptive_JOINT,EUR,TOT_DEV_L,2014-01,2024-08,2016-01,2026-08,128,128,0.08403124223051871,0.9283093431406665,0.9592027428904137,0.07993009803150675
24,adaptive_JOINT,EUR,TOT_DEV_D,2014-01,2024-08,2016-01,2026-08,128,128,0.09477573929923895,1.0470058749481903,1.081849401272806,-0.17039812703432866
24,adaptive_JOINT,EUR,TOT_DEV_LD,2014-01,2024-08,2016-01,2026-08,128,128,0.09125223870244507,1.0080810841472572,1.0416292242611511,-0.08499144083488752
24,adaptive_JOINT,EUR,TOT_SLOG_L,2014-01,2024-08,2016-01,2026-08,128,128,0.08410824215090072,0.929159976114955,0.9600816842564138,0.07824315955536776
24,adaptive_JOINT,EUR,TOT_SLOG_D,2014-01,2024-08,2016-01,2026-08,128,128,0.09502012279873008,1.049705626610372,1.0846389985321918,-0.1764417571369159
24,adaptive_JOINT,EUR,TOT_SLOG_LD,2014-01,2024-08,2016-01,2026-08,128,128,0.0915641132581711,1.0115264225271672,1.0451892207737519,-0.09242050722164241
24,adaptive_JOINT,EUR,COM_LOG_L,2014-01,2024-08,2016-01,2026-08,128,128,0.08889254398161367,0.982013081364455,1.0146936989907243,-0.02960330277147838
24,adaptive_JOINT,EUR,COM_LOG_D,2014-01,2024-08,2016-01,2026-08,128,128,0.08642080698150646,0.9547073259087459,0.9864792296186947,0.026858729530906622
24,adaptive_JOINT,EUR,COM_LOG_LD,2014-01,2024-08,2016-01,2026-08,128,128,0.08473556964398243,0.9360901839469328,0.9672425239165469,0.06444189992754834
24,adaptive_JOINT,EUR,COM_DEV_L,2014-01,2024-08,2016-01,2026-08,128,128,0.08875528494058442,0.9804967542599664,1.0131269097210787,-0.02642613520098247
24,adaptive_JOINT,EUR,COM_DEV_D,2014-01,2024-08,2016-01,2026-08,128,128,0.08640798221687569,0.954565648259882,0.9863328370498807,0.02714753455713348
24,adaptive_JOINT,EUR,COM_DEV_LD,2014-01,2024-08,2016-01,2026-08,128,128,0.08463407110981282,0.9349689100601769,0.9660839349228512,0.06668183068398037
24,adaptive_JOINT,EUR,COM_SLOG_L,2014-01,2024-08,2016-01,2026-08,128,128,0.08873606056258469,0.9802843788476852,1.012907466623271,-0.025981535941172584
24,adaptive_JOINT,EUR,COM_SLOG_D,2014-01,2024-08,2016-01,2026-08,128,128,0.08649252118528274,0.9554995665520387,0.9872978354031683,0.025242984208218466
24,adaptive_JOINT,EUR,COM_SLOG_LD,2014-01,2024-08,2016-01,2026-08,128,128,0.08467988659990545,0.9354750426173619,0.9666069111706992,0.06567107927703997
24,adaptive_JOINT,EUR,JOINT_LOG_LOG,2014-01,2024-08,2016-01,2026-08,128,128,0.09950779584048049,1.0992818164064142,1.135865044661961,-0.2901893996849185
24,adaptive_JOINT,EUR,JOINT_LOG_DEV,2014-01,2024-08,2016-01,2026-08,128,128,0.09904996567755633,1.0942240782779191,1.130638989014109,-0.27834452347884686
24,adaptive_JOINT,EUR,JOINT_LOG_SLOG,2014-01,2024-08,2016-01,2026-08,128,128,0.09906276770432675,1.0943655047372534,1.1307851220340048,-0.27867499221345926
24,adaptive_JOINT,EUR,JOINT_DEV_LOG,2014-01,2024-08,2016-01,2026-08,128,128,0.09910996015731163,1.0948868488691348,1.1313238160857082,-0.27989357684272953
24,adaptive_JOINT,EUR,JOINT_DEV_DEV,2014-01,2024-08,2016-01,2026-08,128,128,0.09865079692216203,1.089814384034606,1.126082543638709,-0.26806189508782485
24,adaptive_JOINT,EUR,JOINT_DEV_SLOG,2014-01,2024-08,2016-01,2026-08,128,128,0.0986703109789507,1.0900299595843497,1.1263052933720197,-0.2685636138778311
24,adaptive_JOINT,EUR,JOINT_SLOG_LOG,2014-01,2024-08,2016-01,2026-08,128,128,0.09949089117453327,1.0990950673006659,1.1356720806938723,-0.28975107486754936
24,adaptive_JOINT,EUR,JOINT_SLOG_DEV,2014-01,2024-08,2016-01,2026-08,128,128,0.09903566407170403,1.0940660856791877,1.130475738546817,-0.2779753954429711
24,adaptive_JOINT,EUR,JOINT_SLOG_SLOG,2014-01,2024-08,2016-01,2026-08,128,128,0.09904826413871375,1.0942052810500862,1.1306195662294207,-0.2783006035408033
24,adaptive_JOINT,EUR,ADAPTIVE_JOINT,2014-01,2024-08,2016-01,2026-08,128,128,0.08760529810132021,0.9677926278060311,1.0,0.0
24,adaptive_JOINT,CAD,EJR,2014-01,2024-08,2016-01,2026-08,128,128,0.08392968716115932,1.1079547432229044,1.0,0.0
24,adaptive_JOINT,CAD,TOT_LOG_L,2014-01,2024-08,2016-01,2026-08,128,128,0.07008491459516254,0.9251900749371257,0.8350432006327815,0.3027028530769603
24,adaptive_JOINT,CAD,TOT_LOG_D,2014-01,2024-08,2016-01,2026-08,128,128,0.092807103682677,1.2251454069232768,1.10577206733145,-0.2227318648904688
24,adaptive_JOINT,CAD,TOT_LOG_LD,2014-01,2024-08,2016-01,2026-08,128,128,0.07405386505273506,0.977584139943473,0.8823321944539004,0.22148989863016444
24,adaptive_JOINT,CAD,TOT_DEV_L,2014-01,2024-08,2016-01,2026-08,128,128,0.07102397702950042,0.9375866263064794,0.8462318808971879,0.28389160375320754
24,adaptive_JOINT,CAD,TOT_DEV_D,2014-01,2024-08,2016-01,2026-08,128,128,0.09342490733299873,1.2333010251306942,1.1131330342457604,-0.23906515192917333
24,adaptive_JOINT,CAD,TOT_DEV_LD,2014-01,2024-08,2016-01,2026-08,128,128,0.07494596164916877,0.9893606958781311,0.8929612891950822,0.2026201359990567
24,adaptive_JOINT,CAD,TOT_SLOG_L,2014-01,2024-08,2016-01,2026-08,128,128,0.07100433638024133,0.93732735034296,0.8459978677616287,0.28428760774277795
24,adaptive_JOINT,CAD,TOT_SLOG_D,2014-01,2024-08,2016-01,2026-08,128,128,0.09260911355222322,1.2225317417045998,1.1034130673500298,-0.21752039719880134
24,adaptive_JOINT,CAD,TOT_SLOG_LD,2014-01,2024-08,2016-01,2026-08,128,128,0.07451523437245952,0.9836746705227745,0.8878292877391232,0.21175915583264115
24,adaptive_JOINT,CAD,COM_LOG_L,2014-01,2024-08,2016-01,2026-08,128,128,0.0846958706883488,1.11806912231619,1.0091288738598332,-0.01834108405761503
24,adaptive_JOINT,CAD,COM_LOG_D,2014-01,2024-08,2016-01,2026-08,128,128,0.08871289068758796,1.171097752736702,1.0569906035422731,-0.11722913597665863
24,adaptive_JOINT,CAD,COM_LOG_LD,2014-01,2024-08,2016-01,2026-08,128,128,0.09037091524763205,1.1929853140730566,1.07674552717091,-0.15938093028256106
24,adaptive_JOINT,CAD,COM_DEV_L,2014-01,2024-08,2016-01,2026-08,128,128,0.08450004781161673,1.1154840669865993,1.0067956961326714,-0.013637573751270393
24,adaptive_JOINT,CAD,COM_DEV_D,2014-01,2024-08,2016-01,2026-08,128,128,0.08884105727562534,1.1727896782512823,1.0585176745033655,-0.12045966723601298
24,adaptive_JOINT,CAD,COM_DEV_LD,2014-01,2024-08,2016-01,2026-08,128,128,0.09035986601731744,1.1928394533228248,1.0766138785172767,-0.15909744341601373
24,adaptive_JOINT,CAD,COM_SLOG_L,2014-01,2024-08,2016-01,2026-08,128,128,0.08450613281740513,1.1155643950713787,1.0068681973654798,-0.013783566866010677
24,adaptive_JOINT,CAD,COM_SLOG_D,2014-01,2024-08,2016-01,2026-08,128,128,0.08880081628113545,1.1722584573898074,1.058038213708848,-0.11944486166821
24,adaptive_JOINT,CAD,COM_SLOG_LD,2014-01,2024-08,2016-01,2026-08,128,128,0.09035646465949988,1.1927945520411112,1.076573352239477,-0.15901018275214485
24,adaptive_JOINT,CAD,JOINT_LOG_LOG,2014-01,2024-08,2016-01,2026-08,128,128,0.10701739304414416,1.4127352578228243,1.2750839025368046,-0.6258389585084874
24,adaptive_JOINT,CAD,JOINT_LOG_DEV,2014-01,2024-08,2016-01,2026-08,128,128,0.10574625158859514,1.3959549354765906,1.2599385886610572,-0.5874452471972169
24,adaptive_JOINT,CAD,JOINT_LOG_SLOG,2014-01,2024-08,2016-01,2026-08,128,128,0.10590684316934504,1.3980749029116157,1.2618519948249758,-0.5922704568437704
24,adaptive_JOINT,CAD,JOINT_DEV_LOG,2014-01,2024-08,2016-01,2026-08,128,128,0.10540759556729173,1.3914843416043217,1.2559035918350459,-0.5772938319841696
24,adaptive_JOINT,CAD,JOINT_DEV_DEV,2014-01,2024-08,2016-01,2026-08,128,128,0.10422121502305456,1.375822946980856,1.2417681817749666,-0.5419882172687063
24,adaptive_JOINT,CAD,JOINT_DEV_SLOG,2014-01,2024-08,2016-01,2026-08,128,128,0.10436790669631989,1.3777594219122298,1.2435159742215611,-0.5463319781441984
24,adaptive_JOINT,CAD,JOINT_SLOG_LOG,2014-01,2024-08,2016-01,2026-08,128,128,0.10613816351454743,1.4011285598754362,1.2646081154901012,-0.5992336857634251
24,adaptive_JOINT,CAD,JOINT_SLOG_DEV,2014-01,2024-08,2016-01,2026-08,128,128,0.1049225271978782,1.3850809601685354,1.2501241306477058,-0.562810342027682
24,adaptive_JOINT,CAD,JOINT_SLOG_SLOG,2014-01,2024-08,2016-01,2026-08,128,128,0.10505709806814859,1.3868574285322195,1.2517275069359073,-0.5668217516199818
24,adaptive_JOINT,CAD,ADAPTIVE_JOINT,2014-01,2024-08,2016-01,2026-08,128,128,0.08392968716115932,1.1079547432229044,1.0,0.0
24,adaptive_ALL,POOL,EJR,2014-01,2024-08,2016-01,2026-08,128,384,0.1508837020066969,1.0479706303688594,1.0,0.0
24,adaptive_ALL,POOL,TOT_LOG_L,2014-01,2024-08,2016-01,2026-08,128,384,0.13042265638932726,0.9058573697021167,0.864391943296424,0.2528265683642318
24,adaptive_ALL,POOL,TOT_LOG_D,2014-01,2024-08,2016-01,2026-08,128,384,0.15604954214995634,1.0838502428075578,1.0342372308907832,-0.06964664976063539
24,adaptive_ALL,POOL,TOT_LOG_LD,2014-01,2024-08,2016-01,2026-08,128,384,0.13881999478666487,0.9641815219905324,0.9200463200492218,0.15351476896388483
24,adaptive_ALL,POOL,TOT_DEV_L,2014-01,2024-08,2016-01,2026-08,128,384,0.1314575989652429,0.913045617400531,0.8712511505013856,0.240921432750012
24,adaptive_ALL,POOL,TOT_DEV_D,2014-01,2024-08,2016-01,2026-08,128,384,0.15580923860611415,1.0821812019968478,1.0326445900644632,-0.06635484938940306
24,adaptive_ALL,POOL,TOT_DEV_LD,2014-01,2024-08,2016-01,2026-08,128,384,0.1398099976194849,0.9710576383568402,0.9266076836667191,0.14139820056979746
24,adaptive_ALL,POOL,TOT_SLOG_L,2014-01,2024-08,2016-01,2026-08,128,384,0.13135429916885516,0.9123281432711341,0.8705665185960578,0.24211393669953962
24,adaptive_ALL,POOL,TOT_SLOG_D,2014-01,2024-08,2016-01,2026-08,128,384,0.15580981877769273,1.0821852316088396,1.032648435221832,-0.06636279076609819
24,adaptive_ALL,POOL,TOT_SLOG_LD,2014-01,2024-08,2016-01,2026-08,128,384,0.1398337574753686,0.9712226636764523,0.9267651549877941,0.14110634750044992
24,adaptive_ALL,POOL,COM_LOG_L,2014-01,2024-08,2016-01,2026-08,128,384,0.15467082006927418,1.0742742566090497,1.0250995834023824,-0.050829155891737976
24,adaptive_ALL,POOL,COM_LOG_D,2014-01,2024-08,2016-01,2026-08,128,384,0.15209295878812698,1.056369586483131,1.0080144957032962,-0.01609322354797027
24,adaptive_ALL,POOL,COM_LOG_LD,2014-01,2024-08,2016-01,2026-08,128,384,0.15323621810917737,1.0643101537904143,1.0155915852487238,-0.03142626802801596
24,adaptive_ALL,POOL,COM_DEV_L,2014-01,2024-08,2016-01,2026-08,128,384,0.15441389177599027,1.0724897477330653,1.0233967600366585,-0.047340928453529996
24,adaptive_ALL,POOL,COM_DEV_D,2014-01,2024-08,2016-01,2026-08,128,384,0.15206044731329565,1.0561437763371706,1.0077990219682345,-0.01565886868012978
24,adaptive_ALL,POOL,COM_DEV_LD,2014-01,2024-08,2016-01,2026-08,128,384,0.15292158627232685,1.0621248619397166,1.0135063246628153,-0.02719507013152822
24,adaptive_ALL,POOL,COM_SLOG_L,2014-01,2024-08,2016-01,2026-08,128,384,0.15442035959328068,1.0725346702957597,1.0234396262787004,-0.04742866863748607
24,adaptive_ALL,POOL,COM_SLOG_D,2014-01,2024-08,2016-01,2026-08,128,384,0.1520771987532512,1.0562601243380236,1.0079100441643547,-0.015882657127391342
24,adaptive_ALL,POOL,COM_SLOG_LD,2014-01,2024-08,2016-01,2026-08,128,384,0.15294644051831763,1.0622974884029588,1.0136710491868046,-0.02752899595947733
24,adaptive_ALL,POOL,JOINT_LOG_LOG,2014-01,2024-08,2016-01,2026-08,128,384,0.15667846776862987,1.088218478530109,1.0384055115619828,-0.07828600644230321
24,adaptive_ALL,POOL,JOINT_LOG_DEV,2014-01,2024-08,2016-01,2026-08,128,384,0.15621397699026882,1.084992333576574,1.0353270427003132,-0.07190208534657594
24,adaptive_ALL,POOL,JOINT_LOG_SLOG,2014-01,2024-08,2016-01,2026-08,128,384,0.1560386245940818,1.0837744143531935,1.03416487346762,-0.06949698551429861
24,adaptive_ALL,POOL,JOINT_DEV_LOG,2014-01,2024-08,2016-01,2026-08,128,384,0.15756629329497346,1.0943849170793074,1.0442896827119206,-0.09054094141856361
24,adaptive_ALL,POOL,JOINT_DEV_DEV,2014-01,2024-08,2016-01,2026-08,128,384,0.1570999357358536,1.091145806302542,1.0411988415347921,-0.08409502761339316
24,adaptive_ALL,POOL,JOINT_DEV_SLOG,2014-01,2024-08,2016-01,2026-08,128,384,0.15691490773871633,1.0898606846875698,1.039972546085539,-0.0815428966116385
24,adaptive_ALL,POOL,JOINT_SLOG_LOG,2014-01,2024-08,2016-01,2026-08,128,384,0.15772952163417187,1.095518628031841,1.045371498289266,-0.09280156943554485
24,adaptive_ALL,POOL,JOINT_SLOG_DEV,2014-01,2024-08,2016-01,2026-08,128,384,0.1572586909737047,1.0922484490961144,1.0422510110914753,-0.08628717012120246
24,adaptive_ALL,POOL,JOINT_SLOG_SLOG,2014-01,2024-08,2016-01,2026-08,128,384,0.1570692397884628,1.0909326059972138,1.0409954004276178,-0.0836714237114562
24,adaptive_ALL,POOL,ADAPTIVE_ALL,2014-01,2024-08,2016-01,2026-08,128,384,0.1414859626117082,0.982698140717383,0.9377153445335562,0.120689932626314
24,adaptive_ALL,BRL,EJR,2014-01,2024-08,2016-01,2026-08,128,128,0.2314709354354146,1.0537114332364723,1.0,0.0
24,adaptive_ALL,BRL,TOT_LOG_L,2014-01,2024-08,2016-01,2026-08,128,128,0.19753481552921878,0.8992260440554195,0.8533892825794331,0.2717267323785604
24,adaptive_ALL,BRL,TOT_LOG_D,2014-01,2024-08,2016-01,2026-08,128,128,0.23536337556880135,1.0714307579716615,1.0168161074999102,-0.033914996471269054
24,adaptive_ALL,BRL,TOT_LOG_LD,2014-01,2024-08,2016-01,2026-08,128,128,0.20965249517449752,0.9543886395774382,0.9057400436911229,0.1796349732544028
24,adaptive_ALL,BRL,TOT_DEV_L,2014-01,2024-08,2016-01,2026-08,128,128,0.1993430359787589,0.907457498937253,0.8612011508217191,0.2583325778233466
24,adaptive_ALL,BRL,TOT_DEV_D,2014-01,2024-08,2016-01,2026-08,128,128,0.23477415197409254,1.0687484702913121,1.0142705455977197,-0.02874473966709612
24,adaptive_ALL,BRL,TOT_DEV_LD,2014-01,2024-08,2016-01,2026-08,128,128,0.21141579427127585,0.9624156016450336,0.9133578428479001,0.1657774509082306
24,adaptive_ALL,BRL,TOT_SLOG_L,2014-01,2024-08,2016-01,2026-08,128,128,0.19911314257956528,0.906410968828839,0.8602079660887798,0.26004225507740464
24,adaptive_ALL,BRL,TOT_SLOG_D,2014-01,2024-08,2016-01,2026-08,128,128,0.23499963241034666,1.0697749115298425,1.0152446654621856,-0.03072173074942497
24,adaptive_ALL,BRL,TOT_SLOG_LD,2014-01,2024-08,2016-01,2026-08,128,128,0.21148033525295645,0.9627094077342568,0.9136366725919419,0.16526803049512462
24,adaptive_ALL,BRL,COM_LOG_L,2014-01,2024-08,2016-01,2026-08,128,128,0.23810483585077555,1.083910545282522,1.0286597555018389,-0.05814089258910293
24,adaptive_ALL,BRL,COM_LOG_D,2014-01,2024-08,2016-01,2026-08,128,128,0.23250434723956873,1.0584157726008525,1.0044645423936711,-0.00894901692612704
24,adaptive_ALL,BRL,COM_LOG_LD,2014-01,2024-08,2016-01,2026-08,128,128,0.23472749420471653,1.0685360728905398,1.0140689748506702,-0.028335885754688928
24,adaptive_ALL,BRL,COM_DEV_L,2014-01,2024-08,2016-01,2026-08,128,128,0.23772503283241306,1.0821815904914012,1.0270189317083547,-0.05476788608736993
24,adaptive_ALL,BRL,COM_DEV_D,2014-01,2024-08,2016-01,2026-08,128,128,0.23239635552804147,1.057924168327007,1.0039979969445672,-0.00801197786870289
24,adaptive_ALL,BRL,COM_DEV_LD,2014-01,2024-08,2016-01,2026-08,128,128,0.234152094299508,1.065916713973357,1.0115831340079475,-0.023300437009341257
24,adaptive_ALL,BRL,COM_SLOG_L,2014-01,2024-08,2016-01,2026-08,128,128,0.23774264960842578,1.0822617862976973,1.027095039648125,-0.054924220469783736
24,adaptive_ALL,BRL,COM_SLOG_D,2014-01,2024-08,2016-01,2026-08,128,128,0.23241317077292553,1.0580007153706075,1.0040706421121013,-0.00815785435140759
24,adaptive_ALL,BRL,COM_SLOG_LD,2014-01,2024-08,2016-01,2026-08,128,128,0.23418553990657393,1.06606896642998,1.0117276256133536,-0.0235927884292344
24,adaptive_ALL,BRL,JOINT_LOG_LOG,2014-01,2024-08,2016-01,2026-08,128,128,0.22866985577461055,1.0409602441576218,0.9878987845470316,0.02405599149049753
24,adaptive_ALL,BRL,JOINT_LOG_DEV,2014-01,2024-08,2016-01,2026-08,128,128,0.2285065740752006,1.040216946545838,0.9871933754679056,0.025449239432282722
24,adaptive_ALL,BRL,JOINT_LOG_SLOG,2014-01,2024-08,2016-01,2026-08,128,128,0.22806680100422488,1.0382149936352274,0.9852934692436167,0.029196779465878064
24,adaptive_ALL,BRL,JOINT_DEV_LOG,2014-01,2024-08,2016-01,2026-08,128,128,0.2314041160880488,1.0534072554780496,0.9997113272677621,0.0005772621325295102
24,adaptive_ALL,BRL,JOINT_DEV_DEV,2014-01,2024-08,2016-01,2026-08,128,128,0.23118634914364772,1.0524159279117409,0.9987705312062978,0.0024574259938898724
24,adaptive_ALL,BRL,JOINT_DEV_SLOG,2014-01,2024-08,2016-01,2026-08,128,128,0.23073442438243796,1.0503586575812192,0.9968181272884596,0.0063536211091281825
24,adaptive_ALL,BRL,JOINT_SLOG_LOG,2014-01,2024-08,2016-01,2026-08,128,128,0.23124026207365023,1.0526613525506316,0.9990034456752401,0.0019921155289975845
24,adaptive_ALL,BRL,JOINT_SLOG_DEV,2014-01,2024-08,2016-01,2026-08,128,128,0.23102832767558304,1.0516965761396346,0.9980878473619204,0.0038206489484479134
24,adaptive_ALL,BRL,JOINT_SLOG_SLOG,2014-01,2024-08,2016-01,2026-08,128,128,0.23057468590412059,1.0496314895650094,0.9961280256218427,0.007728956570729473
24,adaptive_ALL,BRL,ADAPTIVE_ALL,2014-01,2024-08,2016-01,2026-08,128,128,0.21850928257018593,0.994706868399672,0.9440031084643657,0.10885813120961485
24,adaptive_ALL,EUR,EJR,2014-01,2024-08,2016-01,2026-08,128,128,0.08760529810132021,0.9677926278060311,1.0,0.0
24,adaptive_ALL,EUR,TOT_LOG_L,2014-01,2024-08,2016-01,2026-08,128,128,0.08425146466959417,0.9307421829075969,0.96171654563806,0.0751012858459974
24,adaptive_ALL,EUR,TOT_LOG_D,2014-01,2024-08,2016-01,2026-08,128,128,0.09510679135858385,1.050663070910054,1.0856283058199034,-0.1785888183973936
24,adaptive_ALL,EUR,TOT_LOG_LD,2014-01,2024-08,2016-01,2026-08,128,128,0.09151409287955371,1.0109738377552966,1.0446182464183018,-0.09122728075004805
24,adaptive_ALL,EUR,TOT_DEV_L,2014-01,2024-08,2016-01,2026-08,128,128,0.08403124223051871,0.9283093431406665,0.9592027428904137,0.07993009803150675
24,adaptive_ALL,EUR,TOT_DEV_D,2014-01,2024-08,2016-01,2026-08,128,128,0.09477573929923895,1.0470058749481903,1.081849401272806,-0.17039812703432866
24,adaptive_ALL,EUR,TOT_DEV_LD,2014-01,2024-08,2016-01,2026-08,128,128,0.09125223870244507,1.0080810841472572,1.0416292242611511,-0.08499144083488752
24,adaptive_ALL,EUR,TOT_SLOG_L,2014-01,2024-08,2016-01,2026-08,128,128,0.08410824215090072,0.929159976114955,0.9600816842564138,0.07824315955536776
24,adaptive_ALL,EUR,TOT_SLOG_D,2014-01,2024-08,2016-01,2026-08,128,128,0.09502012279873008,1.049705626610372,1.0846389985321918,-0.1764417571369159
24,adaptive_ALL,EUR,TOT_SLOG_LD,2014-01,2024-08,2016-01,2026-08,128,128,0.0915641132581711,1.0115264225271672,1.0451892207737519,-0.09242050722164241
24,adaptive_ALL,EUR,COM_LOG_L,2014-01,2024-08,2016-01,2026-08,128,128,0.08889254398161367,0.982013081364455,1.0146936989907243,-0.02960330277147838
24,adaptive_ALL,EUR,COM_LOG_D,2014-01,2024-08,2016-01,2026-08,128,128,0.08642080698150646,0.9547073259087459,0.9864792296186947,0.026858729530906622
24,adaptive_ALL,EUR,COM_LOG_LD,2014-01,2024-08,2016-01,2026-08,128,128,0.08473556964398243,0.9360901839469328,0.9672425239165469,0.06444189992754834
24,adaptive_ALL,EUR,COM_DEV_L,2014-01,2024-08,2016-01,2026-08,128,128,0.08875528494058442,0.9804967542599664,1.0131269097210787,-0.02642613520098247
24,adaptive_ALL,EUR,COM_DEV_D,2014-01,2024-08,2016-01,2026-08,128,128,0.08640798221687569,0.954565648259882,0.9863328370498807,0.02714753455713348
24,adaptive_ALL,EUR,COM_DEV_LD,2014-01,2024-08,2016-01,2026-08,128,128,0.08463407110981282,0.9349689100601769,0.9660839349228512,0.06668183068398037
24,adaptive_ALL,EUR,COM_SLOG_L,2014-01,2024-08,2016-01,2026-08,128,128,0.08873606056258469,0.9802843788476852,1.012907466623271,-0.025981535941172584
24,adaptive_ALL,EUR,COM_SLOG_D,2014-01,2024-08,2016-01,2026-08,128,128,0.08649252118528274,0.9554995665520387,0.9872978354031683,0.025242984208218466
24,adaptive_ALL,EUR,COM_SLOG_LD,2014-01,2024-08,2016-01,2026-08,128,128,0.08467988659990545,0.9354750426173619,0.9666069111706992,0.06567107927703997
24,adaptive_ALL,EUR,JOINT_LOG_LOG,2014-01,2024-08,2016-01,2026-08,128,128,0.09950779584048049,1.0992818164064142,1.135865044661961,-0.2901893996849185
24,adaptive_ALL,EUR,JOINT_LOG_DEV,2014-01,2024-08,2016-01,2026-08,128,128,0.09904996567755633,1.0942240782779191,1.130638989014109,-0.27834452347884686
24,adaptive_ALL,EUR,JOINT_LOG_SLOG,2014-01,2024-08,2016-01,2026-08,128,128,0.09906276770432675,1.0943655047372534,1.1307851220340048,-0.27867499221345926
24,adaptive_ALL,EUR,JOINT_DEV_LOG,2014-01,2024-08,2016-01,2026-08,128,128,0.09910996015731163,1.0948868488691348,1.1313238160857082,-0.27989357684272953
24,adaptive_ALL,EUR,JOINT_DEV_DEV,2014-01,2024-08,2016-01,2026-08,128,128,0.09865079692216203,1.089814384034606,1.126082543638709,-0.26806189508782485
24,adaptive_ALL,EUR,JOINT_DEV_SLOG,2014-01,2024-08,2016-01,2026-08,128,128,0.0986703109789507,1.0900299595843497,1.1263052933720197,-0.2685636138778311
24,adaptive_ALL,EUR,JOINT_SLOG_LOG,2014-01,2024-08,2016-01,2026-08,128,128,0.09949089117453327,1.0990950673006659,1.1356720806938723,-0.28975107486754936
24,adaptive_ALL,EUR,JOINT_SLOG_DEV,2014-01,2024-08,2016-01,2026-08,128,128,0.09903566407170403,1.0940660856791877,1.130475738546817,-0.2779753954429711
24,adaptive_ALL,EUR,JOINT_SLOG_SLOG,2014-01,2024-08,2016-01,2026-08,128,128,0.09904826413871375,1.0942052810500862,1.1306195662294207,-0.2783006035408033
24,adaptive_ALL,EUR,ADAPTIVE_ALL,2014-01,2024-08,2016-01,2026-08,128,128,0.08317656367606138,0.9188675442760468,0.9494467284371687,0.09855090985995718
24,adaptive_ALL,CAD,EJR,2014-01,2024-08,2016-01,2026-08,128,128,0.08392968716115932,1.1079547432229044,1.0,0.0
24,adaptive_ALL,CAD,TOT_LOG_L,2014-01,2024-08,2016-01,2026-08,128,128,0.07008491459516254,0.9251900749371257,0.8350432006327815,0.3027028530769603
24,adaptive_ALL,CAD,TOT_LOG_D,2014-01,2024-08,2016-01,2026-08,128,128,0.092807103682677,1.2251454069232768,1.10577206733145,-0.2227318648904688
24,adaptive_ALL,CAD,TOT_LOG_LD,2014-01,2024-08,2016-01,2026-08,128,128,0.07405386505273506,0.977584139943473,0.8823321944539004,0.22148989863016444
24,adaptive_ALL,CAD,TOT_DEV_L,2014-01,2024-08,2016-01,2026-08,128,128,0.07102397702950042,0.9375866263064794,0.8462318808971879,0.28389160375320754
24,adaptive_ALL,CAD,TOT_DEV_D,2014-01,2024-08,2016-01,2026-08,128,128,0.09342490733299873,1.2333010251306942,1.1131330342457604,-0.23906515192917333
24,adaptive_ALL,CAD,TOT_DEV_LD,2014-01,2024-08,2016-01,2026-08,128,128,0.07494596164916877,0.9893606958781311,0.8929612891950822,0.2026201359990567
24,adaptive_ALL,CAD,TOT_SLOG_L,2014-01,2024-08,2016-01,2026-08,128,128,0.07100433638024133,0.93732735034296,0.8459978677616287,0.28428760774277795
24,adaptive_ALL,CAD,TOT_SLOG_D,2014-01,2024-08,2016-01,2026-08,128,128,0.09260911355222322,1.2225317417045998,1.1034130673500298,-0.21752039719880134
24,adaptive_ALL,CAD,TOT_SLOG_LD,2014-01,2024-08,2016-01,2026-08,128,128,0.07451523437245952,0.9836746705227745,0.8878292877391232,0.21175915583264115
24,adaptive_ALL,CAD,COM_LOG_L,2014-01,2024-08,2016-01,2026-08,128,128,0.0846958706883488,1.11806912231619,1.0091288738598332,-0.01834108405761503
24,adaptive_ALL,CAD,COM_LOG_D,2014-01,2024-08,2016-01,2026-08,128,128,0.08871289068758796,1.171097752736702,1.0569906035422731,-0.11722913597665863
24,adaptive_ALL,CAD,COM_LOG_LD,2014-01,2024-08,2016-01,2026-08,128,128,0.09037091524763205,1.1929853140730566,1.07674552717091,-0.15938093028256106
24,adaptive_ALL,CAD,COM_DEV_L,2014-01,2024-08,2016-01,2026-08,128,128,0.08450004781161673,1.1154840669865993,1.0067956961326714,-0.013637573751270393
24,adaptive_ALL,CAD,COM_DEV_D,2014-01,2024-08,2016-01,2026-08,128,128,0.08884105727562534,1.1727896782512823,1.0585176745033655,-0.12045966723601298
24,adaptive_ALL,CAD,COM_DEV_LD,2014-01,2024-08,2016-01,2026-08,128,128,0.09035986601731744,1.1928394533228248,1.0766138785172767,-0.15909744341601373
24,adaptive_ALL,CAD,COM_SLOG_L,2014-01,2024-08,2016-01,2026-08,128,128,0.08450613281740513,1.1155643950713787,1.0068681973654798,-0.013783566866010677
24,adaptive_ALL,CAD,COM_SLOG_D,2014-01,2024-08,2016-01,2026-08,128,128,0.08880081628113545,1.1722584573898074,1.058038213708848,-0.11944486166821
24,adaptive_ALL,CAD,COM_SLOG_LD,2014-01,2024-08,2016-01,2026-08,128,128,0.09035646465949988,1.1927945520411112,1.076573352239477,-0.15901018275214485
24,adaptive_ALL,CAD,JOINT_LOG_LOG,2014-01,2024-08,2016-01,2026-08,128,128,0.10701739304414416,1.4127352578228243,1.2750839025368046,-0.6258389585084874
24,adaptive_ALL,CAD,JOINT_LOG_DEV,2014-01,2024-08,2016-01,2026-08,128,128,0.10574625158859514,1.3959549354765906,1.2599385886610572,-0.5874452471972169
24,adaptive_ALL,CAD,JOINT_LOG_SLOG,2014-01,2024-08,2016-01,2026-08,128,128,0.10590684316934504,1.3980749029116157,1.2618519948249758,-0.5922704568437704
24,adaptive_ALL,CAD,JOINT_DEV_LOG,2014-01,2024-08,2016-01,2026-08,128,128,0.10540759556729173,1.3914843416043217,1.2559035918350459,-0.5772938319841696
24,adaptive_ALL,CAD,JOINT_DEV_DEV,2014-01,2024-08,2016-01,2026-08,128,128,0.10422121502305456,1.375822946980856,1.2417681817749666,-0.5419882172687063
24,adaptive_ALL,CAD,JOINT_DEV_SLOG,2014-01,2024-08,2016-01,2026-08,128,128,0.10436790669631989,1.3777594219122298,1.2435159742215611,-0.5463319781441984
24,adaptive_ALL,CAD,JOINT_SLOG_LOG,2014-01,2024-08,2016-01,2026-08,128,128,0.10613816351454743,1.4011285598754362,1.2646081154901012,-0.5992336857634251
24,adaptive_ALL,CAD,JOINT_SLOG_DEV,2014-01,2024-08,2016-01,2026-08,128,128,0.1049225271978782,1.3850809601685354,1.2501241306477058,-0.562810342027682
24,adaptive_ALL,CAD,JOINT_SLOG_SLOG,2014-01,2024-08,2016-01,2026-08,128,128,0.10505709806814859,1.3868574285322195,1.2517275069359073,-0.5668217516199818
24,adaptive_ALL,CAD,ADAPTIVE_ALL,2014-01,2024-08,2016-01,2026-08,128,128,0.07341788293181598,0.9691885479746357,0.8747546358756361,0.23480432701408327
36,fixed,POOL,EJR,2010-01,2023-08,2013-01,2026-08,164,492,0.18751328239480064,0.9228804739958969,1.0,0.0
36,fixed,POOL,TOT_LOG_L,2010-01,2023-08,2013-01,2026-08,164,492,0.16140826272640013,0.7943999065525652,0.860783090482958,0.25905247113860774
36,fixed,POOL,TOT_LOG_D,2010-01,2023-08,2013-01,2026-08,164,492,0.22189878261398022,1.0921149214738552,1.1833763442249519,-0.400379572071212
36,fixed,POOL,TOT_LOG_LD,2010-01,2023-08,2013-01,2026-08,164,492,0.19205217270334246,0.9452194421258613,1.0242057002606644,-0.04899731644643768
36,fixed,POOL,TOT_DEV_L,2010-01,2023-08,2013-01,2026-08,164,492,0.16432179748772596,0.8087393939061847,0.8763208418577727,0.2320617821256845
36,fixed,POOL,TOT_DEV_D,2010-01,2023-08,2013-01,2026-08,164,492,0.22296274206806607,1.0973513900202903,1.1890503927003326,-0.4138408363808155
36,fixed,POOL,TOT_DEV_LD,2010-01,2023-08,2013-01,2026-08,164,492,0.19361065079095421,0.9528897734103359,1.0325169946271637,-0.0660913441939106
36,fixed,POOL,TOT_SLOG_L,2010-01,2023-08,2013-01,2026-08,164,492,0.1635734725550983,0.8050563776435163,0.8723300582552965,0.2390402694643109
36,fixed,POOL,TOT_SLOG_D,2010-01,2023-08,2013-01,2026-08,164,492,0.22160171931926156,1.0906528708354395,1.1817921188787537,-0.39663261224393453
36,fixed,POOL,TOT_SLOG_LD,2010-01,2023-08,2013-01,2026-08,164,492,0.1931117992021607,0.9504345852506508,1.0298566412782035,-0.06060470158482256
36,fixed,POOL,COM_LOG_L,2010-01,2023-08,2013-01,2026-08,164,492,0.19814093427535986,0.9751863815013903,1.0566767950772853,-0.11656584925480318
36,fixed,POOL,COM_LOG_D,2010-01,2023-08,2013-01,2026-08,164,492,0.18857593233219827,0.9281104975195235,1.0056670648810908,-0.01136624538654818
36,fixed,POOL,COM_LOG_LD,2010-01,2023-08,2013-01,2026-08,164,492,0.19120934056136027,0.941071291569498,1.019710913911569,-0.039810347950367087
36,fixed,POOL,COM_DEV_L,2010-01,2023-08,2013-01,2026-08,164,492,0.1981393706279421,0.975178685728314,1.0566684562151107,-0.11654822636002549
36,fixed,POOL,COM_DEV_D,2010-01,2023-08,2013-01,2026-08,164,492,0.1884537109276037,0.92750896281028,1.0050152635631595,-0.010055679994926958
36,fixed,POOL,COM_DEV_LD,2010-01,2023-08,2013-01,2026-08,164,492,0.19093779110950718,0.9397348119151562,1.0182627527552763,-0.03685903364875287
36,fixed,POOL,COM_SLOG_L,2010-01,2023-08,2013-01,2026-08,164,492,0.1980473378379308,0.9747257297361621,1.0561776494368607,-0.11551122716997209
36,fixed,POOL,COM_SLOG_D,2010-01,2023-08,2013-01,2026-08,164,492,0.18844929637263297,0.927487235780963,1.0049917209377286,-0.010008359153377278
36,fixed,POOL,COM_SLOG_LD,2010-01,2023-08,2013-01,2026-08,164,492,0.19097752448638317,0.9399303669031359,1.0184746490879977,-0.0372906108349198
36,fixed,POOL,JOINT_LOG_LOG,2010-01,2023-08,2013-01,2026-08,164,492,0.1924968981442855,0.9474082386766646,1.0265774012690583,-0.053861160796333074
36,fixed,POOL,JOINT_LOG_DEV,2010-01,2023-08,2013-01,2026-08,164,492,0.19253626478978506,0.9476019887299635,1.0267873418396505,-0.05429224536213506
36,fixed,POOL,JOINT_LOG_SLOG,2010-01,2023-08,2013-01,2026-08,164,492,0.1921807825459292,0.9458524186860876,1.0248915708344404,-0.05040273196748668
36,fixed,POOL,JOINT_DEV_LOG,2010-01,2023-08,2013-01,2026-08,164,492,0.1942458857840751,0.9560161971178355,1.0359046746091258,-0.07309849487703901
36,fixed,POOL,JOINT_DEV_DEV,2010-01,2023-08,2013-01,2026-08,164,492,0.1941260592068459,0.955426448983846,1.0352656447990836,-0.0717749553012621
36,fixed,POOL,JOINT_DEV_SLOG,2010-01,2023-08,2013-01,2026-08,164,492,0.19380195850725876,0.9538313288758866,1.033537230174541,-0.06819920615686192
36,fixed,POOL,JOINT_SLOG_LOG,2010-01,2023-08,2013-01,2026-08,164,492,0.19375388726988557,0.9535947376021063,1.033280868402408,-0.06766935300643451
36,fixed,POOL,JOINT_SLOG_DEV,2010-01,2023-08,2013-01,2026-08,164,492,0.19372699993707393,0.9534624067392854,1.0331374794516721,-0.0673730514477544
36,fixed,POOL,JOINT_SLOG_SLOG,2010-01,2023-08,2013-01,2026-08,164,492,0.19337466942294074,0.9517283485022701,1.0312585164809778,-0.06349412781454689
36,fixed,BRL,EJR,2010-01,2023-08,2013-01,2026-08,164,164,0.28742911969458557,0.9121436637455532,1.0,0.0
36,fixed,BRL,TOT_LOG_L,2010-01,2023-08,2013-01,2026-08,164,164,0.2188104124224286,0.694385215613313,0.7612673783885595,0.4204719786014097
36,fixed,BRL,TOT_LOG_D,2010-01,2023-08,2013-01,2026-08,164,164,0.3334951591491309,1.0583322129327903,1.1602692152538123,-0.34622465186569773
36,fixed,BRL,TOT_LOG_LD,2010-01,2023-08,2013-01,2026-08,164,164,0.25128391021501256,0.7974384319423844,0.8742465289599749,0.23569300660143577
36,fixed,BRL,TOT_DEV_L,2010-01,2023-08,2013-01,2026-08,164,164,0.2213534159643905,0.7024553254551682,0.7701147893421331,0.406923211236522
36,fixed,BRL,TOT_DEV_D,2010-01,2023-08,2013-01,2026-08,164,164,0.3366534233287554,1.0683548253352502,1.1712571909431944,-0.3718434073361423
36,fixed,BRL,TOT_DEV_LD,2010-01,2023-08,2013-01,2026-08,164,164,0.2536627898615216,0.8049877018238846,0.8825229334141818,0.2211532719980278
36,fixed,BRL,TOT_SLOG_L,2010-01,2023-08,2013-01,2026-08,164,164,0.22169146827866498,0.7035281195993649,0.771290913440602,0.40511032684396187
36,fixed,BRL,TOT_SLOG_D,2010-01,2023-08,2013-01,2026-08,164,164,0.334463504853168,1.061405215414902,1.1636382048157121,-0.3540538717067334
36,fixed,BRL,TOT_SLOG_LD,2010-01,2023-08,2013-01,2026-08,164,164,0.2546397018519483,0.8080878890389157,0.8859217261024965,0.21514269521957308
36,fixed,BRL,COM_LOG_L,2010-01,2023-08,2013-01,2026-08,164,164,0.3067502785941833,0.9734585113337708,1.0672206035356748,-0.13895981661104995
36,fixed,BRL,COM_LOG_D,2010-01,2023-08,2013-01,2026-08,164,164,0.28850481710448167,0.9155573421424632,1.0037424788797986,-0.007498963907763168
36,fixed,BRL,COM_LOG_LD,2010-01,2023-08,2013-01,2026-08,164,164,0.29446777669464747,0.9344805320166134,1.0244883225733739,-0.049576323089205454
36,fixed,BRL,COM_DEV_L,2010-01,2023-08,2013-01,2026-08,164,164,0.3069544789098076,0.9741065320500762,1.0679310406543676,-0.1404767075931208
36,fixed,BRL,COM_DEV_D,2010-01,2023-08,2013-01,2026-08,164,164,0.2882748936058759,0.9148276900368507,1.0029425477564313,-0.0058937541001615745
36,fixed,BRL,COM_DEV_LD,2010-01,2023-08,2013-01,2026-08,164,164,0.2940394138927404,0.9331211415138035,1.0229979975765113,-0.04652490304555168
36,fixed,BRL,COM_SLOG_L,2010-01,2023-08,2013-01,2026-08,164,164,0.3067382514516658,0.9734203437262161,1.0671787596802913,-0.138870505112765
36,fixed,BRL,COM_SLOG_D,2010-01,2023-08,2013-01,2026-08,164,164,0.28824746368320014,0.9147406423842249,1.0028471158019205,-0.005702337672230717
36,fixed,BRL,COM_SLOG_LD,2010-01,2023-08,2013-01,2026-08,164,164,0.2940781440917166,0.9332440500960283,1.0231327445326213,-0.04680061293485416
36,fixed,BRL,JOINT_LOG_LOG,2010-01,2023-08,2013-01,2026-08,164,164,0.26350364434215323,0.8362172204957858,0.9167604333970932,0.15955030775757373
36,fixed,BRL,JOINT_LOG_DEV,2010-01,2023-08,2013-01,2026-08,164,164,0.26525988318868815,0.8417905671963317,0.9228705966554334,0.14830986182884442
36,fixed,BRL,JOINT_LOG_SLOG,2010-01,2023-08,2013-01,2026-08,164,164,0.26400383371617764,0.83780454946466,0.9185006515578554,0.15635655308779495
36,fixed,BRL,JOINT_DEV_LOG,2010-01,2023-08,2013-01,2026-08,164,164,0.2658996966697391,0.8438209871250423,0.925096583645655,0.1441963109271377
36,fixed,BRL,JOINT_DEV_DEV,2010-01,2023-08,2013-01,2026-08,164,164,0.26721008085799036,0.847979433686253,0.9296555656640518,0.1357405292298518
36,fixed,BRL,JOINT_DEV_SLOG,2010-01,2023-08,2013-01,2026-08,164,164,0.26609530552075333,0.8444417432064538,0.9257771300399175,0.14293670549505366
36,fixed,BRL,JOINT_SLOG_LOG,2010-01,2023-08,2013-01,2026-08,164,164,0.2663945877811215,0.845391502290559,0.9268183685222474,0.14100771176975968
36,fixed,BRL,JOINT_SLOG_DEV,2010-01,2023-08,2013-01,2026-08,164,164,0.267914378528685,0.8502144913533307,0.9321059007986512,0.1311785896963351
36,fixed,BRL,JOINT_SLOG_SLOG,2010-01,2023-08,2013-01,2026-08,164,164,0.26673454986749984,0.8464703570124924,0.9280011369443875,0.13881388982992426
36,fixed,EUR,EJR,2010-01,2023-08,2013-01,2026-08,164,164,0.10112135575547176,0.9986525582118513,1.0,0.0
36,fixed,EUR,TOT_LOG_L,2010-01,2023-08,2013-01,2026-08,164,164,0.0999079800607361,0.9866695232479012,0.9880007968082449,0.023854425506273036
36,fixed,EUR,TOT_LOG_D,2010-01,2023-08,2013-01,2026-08,164,164,0.10199132537553877,1.0072441893283033,1.0086032234592537,-0.01728046237239722
36,fixed,EUR,TOT_LOG_LD,2010-01,2023-08,2013-01,2026-08,164,164,0.09053819297647776,0.8941355399791037,0.8953419611522432,0.19836277260005497
36,fixed,EUR,TOT_DEV_L,2010-01,2023-08,2013-01,2026-08,164,164,0.0997871276490483,0.9854760110644812,0.9868056742667707,0.026214561234904177
36,fixed,EUR,TOT_DEV_D,2010-01,2023-08,2013-01,2026-08,164,164,0.10170336140734246,1.00440031968906,1.005755516700924,-0.01154415937434261
36,fixed,EUR,TOT_DEV_LD,2010-01,2023-08,2013-01,2026-08,164,164,0.09070429471014653,0.8957759246437719,0.8969845591220571,0.19541870069660894
36,fixed,EUR,TOT_SLOG_L,2010-01,2023-08,2013-01,2026-08,164,164,0.1000254935362524,0.9878300608225011,0.9891629002495839,0.02155675676983182
36,fixed,EUR,TOT_SLOG_D,2010-01,2023-08,2013-01,2026-08,164,164,0.10196072589611553,1.0069419955119954,1.0083006219049664,-0.016670144133942078
36,fixed,EUR,TOT_SLOG_LD,2010-01,2023-08,2013-01,2026-08,164,164,0.09093958500890555,0.8980996005579509,0.8993113702788219,0.19123905928722773
36,fixed,EUR,COM_LOG_L,2010-01,2023-08,2013-01,2026-08,164,164,0.09981071986472109,0.9857090026651131,0.9870389802336116,0.02575405149939214
36,fixed,EUR,COM_LOG_D,2010-01,2023-08,2013-01,2026-08,164,164,0.11110430096812601,1.097241958053501,1.0987224225592334,-0.20719096183443053
36,fixed,EUR,COM_LOG_LD,2010-01,2023-08,2013-01,2026-08,164,164,0.10228977436833898,1.0101916067944654,1.0115546177574266,-0.02324274470637344
36,fixed,EUR,COM_DEV_L,2010-01,2023-08,2013-01,2026-08,164,164,0.09919605285637467,0.9796386847214145,0.9809604718537122,0.0377165526605423
36,fixed,EUR,COM_DEV_D,2010-01,2023-08,2013-01,2026-08,164,164,0.11097701394030904,1.0959848989980034,1.0974636674044391,-0.2044265012728015
36,fixed,EUR,COM_DEV_LD,2010-01,2023-08,2013-01,2026-08,164,164,0.10174526476012821,1.0048141481048731,1.0061699034787979,-0.012377874666533506
36,fixed,EUR,COM_SLOG_L,2010-01,2023-08,2013-01,2026-08,164,164,0.09925540991524828,0.9802248821497341,0.9815474602146786,0.03656458334611379
36,fixed,EUR,COM_SLOG_D,2010-01,2023-08,2013-01,2026-08,164,164,0.11122055299693542,1.0983900378542562,1.0998720514179536,-0.20971852949033765
36,fixed,EUR,COM_SLOG_LD,2010-01,2023-08,2013-01,2026-08,164,164,0.10200839880507467,1.0074128028121325,1.0087720644464848,-0.017621078007622915
36,fixed,EUR,JOINT_LOG_LOG,2010-01,2023-08,2013-01,2026-08,164,164,0.09991215760110521,0.9867107797297341,0.9880421089557917,0.023772790930191356
36,fixed,EUR,JOINT_LOG_DEV,2010-01,2023-08,2013-01,2026-08,164,164,0.09904957532631198,0.9781921044315753,0.9795119397511868,0.0405563598848675
36,fixed,EUR,JOINT_LOG_SLOG,2010-01,2023-08,2013-01,2026-08,164,164,0.09939456305413083,0.9815991283422427,0.9829235606223813,0.03386127397341987
36,fixed,EUR,JOINT_DEV_LOG,2010-01,2023-08,2013-01,2026-08,164,164,0.09933309159773494,0.9809920495829824,0.982315662756133,0.03505593870397905
36,fixed,EUR,JOINT_DEV_DEV,2010-01,2023-08,2013-01,2026-08,164,164,0.09847309727457741,0.9724989323333902,0.973811086084543,0.05169196861884262
36,fixed,EUR,JOINT_DEV_SLOG,2010-01,2023-08,2013-01,2026-08,164,164,0.09882071862211037,0.975931965300653,0.9772487511053084,0.04498487846311494
36,fixed,EUR,JOINT_SLOG_LOG,2010-01,2023-08,2013-01,2026-08,164,164,0.09978356734514765,0.9854408502760224,0.986770466037272,0.026284047356585072
36,fixed,EUR,JOINT_SLOG_DEV,2010-01,2023-08,2013-01,2026-08,164,164,0.09893149813469798,0.9770259997191649,0.9783442616605219,0.04284250567592829
36,fixed,EUR,JOINT_SLOG_SLOG,2010-01,2023-08,2013-01,2026-08,164,164,0.09926861640775966,0.9803553066029366,0.9816780606443576,0.03630818524953294
36,fixed,CAD,EJR,2010-01,2023-08,2013-01,2026-08,164,164,0.11243960950300255,0.9402786870472761,1.0,0.0
36,fixed,CAD,TOT_LOG_L,2010-01,2023-08,2013-01,2026-08,164,164,0.14247203502713807,1.191425500572319,1.2670982730808358,-0.6055380336444365
36,fixed,CAD,TOT_LOG_D,2010-01,2023-08,2013-01,2026-08,164,164,0.16154243265760293,1.3509021167283382,1.4367039637690058,-1.064118279509573
36,fixed,CAD,TOT_LOG_LD,2010-01,2023-08,2013-01,2026-08,164,164,0.1982708833889409,1.6580445871050322,1.7633544287935856,-2.1094188415459527
36,fixed,CAD,TOT_DEV_L,2010-01,2023-08,2013-01,2026-08,164,164,0.1484929418701095,1.2417754653771327,1.3206461897766035,-0.7441063585714607
36,fixed,CAD,TOT_DEV_D,2010-01,2023-08,2013-01,2026-08,164,164,0.15955579554190494,1.3342888205149783,1.4190354826663127,-1.0136617010660154
36,fixed,CAD,TOT_DEV_LD,2010-01,2023-08,2013-01,2026-08,164,164,0.19970771707646875,1.670060140157784,1.776133143464322,-2.154648943312454
36,fixed,CAD,TOT_SLOG_L,2010-01,2023-08,2013-01,2026-08,164,164,0.14531564370871874,1.215205240197985,1.292388370530923,-0.6702677002835744
36,fixed,CAD,TOT_SLOG_D,2010-01,2023-08,2013-01,2026-08,164,164,0.15830394913529597,1.3238202276339286,1.407901982539958,-0.9821879924399437
36,fixed,CAD,TOT_SLOG_LD,2010-01,2023-08,2013-01,2026-08,164,164,0.19688858548033147,1.6464850906930428,1.751060736964529,-2.066213704538759
36,fixed,CAD,COM_LOG_L,2010-01,2023-08,2013-01,2026-08,164,164,0.11713913218482787,0.9795785479819372,1.0417959712115492,-0.08533884563261496
36,fixed,CAD,COM_LOG_D,2010-01,2023-08,2013-01,2026-08,164,164,0.10537291672326002,0.881183314535107,0.9371512155638195,0.12174759916725553
36,fixed,CAD,COM_LOG_LD,2010-01,2023-08,2013-01,2026-08,164,164,0.1118417019805953,0.9352786723493438,0.994682411962741,0.01060689933198411
36,fixed,CAD,COM_DEV_L,2010-01,2023-08,2013-01,2026-08,164,164,0.11711840826033643,0.979405243711339,1.041611659610121,-0.08495484943575082
36,fixed,CAD,COM_DEV_D,2010-01,2023-08,2013-01,2026-08,164,164,0.10548029000987762,0.8820812259865164,0.9381061573951919,0.11995683745722752
36,fixed,CAD,COM_DEV_LD,2010-01,2023-08,2013-01,2026-08,164,164,0.11207338844631447,0.9372161554725595,0.9967429533212822,0.00650348500436837
36,fixed,CAD,COM_SLOG_L,2010-01,2023-08,2013-01,2026-08,164,164,0.11716762681306297,0.9798168349320898,1.0420493928337076,-0.08586693710509863
36,fixed,CAD,COM_SLOG_D,2010-01,2023-08,2013-01,2026-08,164,164,0.10527487915585307,0.880363473239231,0.9362793024734032,0.12338106775991753
36,fixed,CAD,COM_SLOG_LD,2010-01,2023-08,2013-01,2026-08,164,164,0.11193559004015502,0.9360638132953365,0.9955174207285551,0.008945065025965038
36,fixed,CAD,JOINT_LOG_LOG,2010-01,2023-08,2013-01,2026-08,164,164,0.17818124920263131,1.4900445830187605,1.5846839916130553,-1.5112233532746862
36,fixed,CAD,JOINT_LOG_DEV,2010-01,2023-08,2013-01,2026-08,164,164,0.17617325499634567,1.4732526876695118,1.5668255677430223,-1.454942359733244
36,fixed,CAD,JOINT_LOG_SLOG,2010-01,2023-08,2013-01,2026-08,164,164,0.17670047017010582,1.4776615360599124,1.571514441851448,-1.469657640947668
36,fixed,CAD,JOINT_DEV_LOG,2010-01,2023-08,2013-01,2026-08,164,164,0.18062303467912547,1.5104640673271592,1.6064004088728374,-1.5805222736268192
36,fixed,CAD,JOINT_DEV_DEV,2010-01,2023-08,2013-01,2026-08,164,164,0.17876409704008625,1.4949186607727911,1.5898676438867623,-1.5276791250780448
36,fixed,CAD,JOINT_DEV_SLOG,2010-01,2023-08,2013-01,2026-08,164,164,0.17917966211201086,1.4983938327512345,1.593563539610355,-1.5394447547754835
36,fixed,CAD,JOINT_SLOG_LOG,2010-01,2023-08,2013-01,2026-08,164,164,0.17804176416048365,1.4888781363112962,1.583443458648167,-1.5072931867356694
36,fixed,CAD,JOINT_SLOG_DEV,2010-01,2023-08,2013-01,2026-08,164,164,0.1761388542266297,1.4729650104823984,1.5665196188886277,-1.4539837163629716
36,fixed,CAD,JOINT_SLOG_SLOG,2010-01,2023-08,2013-01,2026-08,164,164,0.1765777733090044,1.476635480882638,1.5704232173119486,-1.4662290814724117
36,recent,POOL,EJR,2019-01,2023-08,2022-01,2026-08,56,168,0.17943630575659558,1.6906480166623088,1.0,0.0
36,recent,POOL,TOT_LOG_L,2019-01,2023-08,2022-01,2026-08,56,168,0.12479716335053233,1.1758382776218312,0.6954956123529372,0.5162858531978128
36,recent,POOL,TOT_LOG_D,2019-01,2023-08,2022-01,2026-08,56,168,0.20063476167286068,1.8903797671573985,1.1181391682518291,-0.2502351995788923
36,recent,POOL,TOT_LOG_LD,2019-01,2023-08,2022-01,2026-08,56,168,0.13840895883875856,1.30408854976352,0.7713542599707195,0.4050126056250236
36,recent,POOL,TOT_DEV_L,2019-01,2023-08,2022-01,2026-08,56,168,0.12842670008696133,1.2100357554342116,0.7157230502793089,0.48774051529888174
36,recent,POOL,TOT_DEV_D,2019-01,2023-08,2022-01,2026-08,56,168,0.1995007865415665,1.879695458881082,1.1118195155677597,-0.2361426351973277
36,recent,POOL,TOT_DEV_LD,2019-01,2023-08,2022-01,2026-08,56,168,0.1415242089112084,1.333440421081796,0.7887155741112127,0.37792774315442
36,recent,POOL,TOT_SLOG_L,2019-01,2023-08,2022-01,2026-08,56,168,0.12781089014529984,1.2042335971022005,0.7122911364363165,0.4926413369542607
36,recent,POOL,TOT_SLOG_D,2019-01,2023-08,2022-01,2026-08,56,168,0.199755971425518,1.8820998096400636,1.1132416630137598,-0.2393070002696418
36,recent,POOL,TOT_SLOG_LD,2019-01,2023-08,2022-01,2026-08,56,168,0.1409037629730868,1.3275945824132582,0.7852578238220197,0.38337015012630593
36,recent,POOL,COM_LOG_L,2019-01,2023-08,2022-01,2026-08,56,168,0.18486375496734367,1.7417854172290241,1.0302472188549756,-0.06140933195841214
36,recent,POOL,COM_LOG_D,2019-01,2023-08,2022-01,2026-08,56,168,0.18967688986483336,1.787134751267406,1.0570708590162854,-0.11739880098142752
36,recent,POOL,COM_LOG_LD,2019-01,2023-08,2022-01,2026-08,56,168,0.18114060860821105,1.7067059499981865,1.00949809373543,-0.019086401255467234
36,recent,POOL,COM_DEV_L,2019-01,2023-08,2022-01,2026-08,56,168,0.18421443728683476,1.7356675491414744,1.0266285661092505,-0.05396621275153568
36,recent,POOL,COM_DEV_D,2019-01,2023-08,2022-01,2026-08,56,168,0.1899149885320295,1.7893781157736457,1.0583977848365214,-0.1202058709468552
36,recent,POOL,COM_DEV_LD,2019-01,2023-08,2022-01,2026-08,56,168,0.1805269426869698,1.7009239926163449,1.0060781285357807,-0.012193200718058739
36,recent,POOL,COM_SLOG_L,2019-01,2023-08,2022-01,2026-08,56,168,0.18431769750899857,1.7366404664619977,1.0272040361721702,-0.05514813192839685
36,recent,POOL,COM_SLOG_D,2019-01,2023-08,2022-01,2026-08,56,168,0.18995369759267225,1.7897428323583224,1.058613510748173,-0.12066256513857199
36,recent,POOL,COM_SLOG_LD,2019-01,2023-08,2022-01,2026-08,56,168,0.1808249900354079,1.7037321933112022,1.0077391488470346,-0.015538192118945693
36,recent,POOL,JOINT_LOG_LOG,2019-01,2023-08,2022-01,2026-08,56,168,0.16140049096167397,1.5207146557220457,0.8994862565918677,0.19092447420234882
36,recent,POOL,JOINT_LOG_DEV,2019-01,2023-08,2022-01,2026-08,56,168,0.16085371951173322,1.5155629777296118,0.8964390948280581,0.19639694926385198
36,recent,POOL,JOINT_LOG_SLOG,2019-01,2023-08,2022-01,2026-08,56,168,0.16076983484388413,1.5147726167893916,0.8959716048878512,0.19723488323468819
36,recent,POOL,JOINT_DEV_LOG,2019-01,2023-08,2022-01,2026-08,56,168,0.1647753542046397,1.552512601094184,0.9182943970556138,0.15673540033626676
36,recent,POOL,JOINT_DEV_DEV,2019-01,2023-08,2022-01,2026-08,56,168,0.1641394334794319,1.546520959055558,0.9147504056513859,0.16323169536062498
36,recent,POOL,JOINT_DEV_SLOG,2019-01,2023-08,2022-01,2026-08,56,168,0.16408202396257537,1.545980046861664,0.9144304619442611,0.16381693026840527
36,recent,POOL,JOINT_SLOG_LOG,2019-01,2023-08,2022-01,2026-08,56,168,0.1638044599163635,1.543364839742646,0.9128835952438933,0.1666435415345836
36,recent,POOL,JOINT_SLOG_DEV,2019-01,2023-08,2022-01,2026-08,56,168,0.1632014041378353,1.5376828510748206,0.909522760456388,0.17276834821179177
36,recent,POOL,JOINT_SLOG_SLOG,2019-01,2023-08,2022-01,2026-08,56,168,0.16313423587914297,1.5370499920619136,0.9091484312011735,0.17344913004444507
36,recent,BRL,EJR,2019-01,2023-08,2022-01,2026-08,56,56,0.2664736310699735,1.7850128182605995,1.0,0.0
36,recent,BRL,TOT_LOG_L,2019-01,2023-08,2022-01,2026-08,56,56,0.18025079351720683,1.2074364568003737,0.676430132292807,0.5424422761263356
36,recent,BRL,TOT_LOG_D,2019-01,2023-08,2022-01,2026-08,56,56,0.29706955243320493,1.9899640984325586,1.1148178198359793,-0.2428187714238459
36,recent,BRL,TOT_LOG_LD,2019-01,2023-08,2022-01,2026-08,56,56,0.20702046509928776,1.3867570399393983,0.7768891213289547,0.3964432931607247
36,recent,BRL,TOT_DEV_L,2019-01,2023-08,2022-01,2026-08,56,56,0.18653181729137044,1.249510818543647,0.7000010340324778,0.5099985523534618
36,recent,BRL,TOT_DEV_D,2019-01,2023-08,2022-01,2026-08,56,56,0.2949289630496817,1.9756250455481172,1.1067847946734968,-0.2249725817204542
36,recent,BRL,TOT_DEV_LD,2019-01,2023-08,2022-01,2026-08,56,56,0.21194864052085216,1.4197691479772827,0.7953831666938799,0.3673656181400158
36,recent,BRL,TOT_SLOG_L,2019-01,2023-08,2022-01,2026-08,56,56,0.18535723289327083,1.2416426921616182,0.6955931517464021,0.5161501672435068
36,recent,BRL,TOT_SLOG_D,2019-01,2023-08,2022-01,2026-08,56,56,0.295686564566328,1.9806999507570016,1.1096278584078119,-0.2312739841547069
36,recent,BRL,TOT_SLOG_LD,2019-01,2023-08,2022-01,2026-08,56,56,0.2112930818750636,1.4153777919502135,0.7929230409277532,0.3712730511658846
36,recent,BRL,COM_LOG_L,2019-01,2023-08,2022-01,2026-08,56,56,0.27606005341432754,1.849228878578547,1.0359751255907073,-0.07324446084268166
36,recent,BRL,COM_LOG_D,2019-01,2023-08,2022-01,2026-08,56,56,0.2809684181452177,1.8821082817906287,1.0543948270492778,-0.11174845130827626
36,recent,BRL,COM_LOG_LD,2019-01,2023-08,2022-01,2026-08,56,56,0.26626485999702043,1.7836143345164224,0.9992165413436415,0.0015663035052507768
36,recent,BRL,COM_DEV_L,2019-01,2023-08,2022-01,2026-08,56,56,0.27503418656698303,1.8423569585878679,1.0321253381155813,-0.06528271358020299
36,recent,BRL,COM_DEV_D,2019-01,2023-08,2022-01,2026-08,56,56,0.2810731433493879,1.882809798976731,1.0547878310540253,-0.11257736853965494
36,recent,BRL,COM_DEV_LD,2019-01,2023-08,2022-01,2026-08,56,56,0.26482693735234,1.7739821981503752,0.9938204252667646,0.012320962322587059
36,recent,BRL,COM_SLOG_L,2019-01,2023-08,2022-01,2026-08,56,56,0.2751929998068994,1.8434207924382262,1.0327213191861233,-0.06651332310152669
36,recent,BRL,COM_SLOG_D,2019-01,2023-08,2022-01,2026-08,56,56,0.2811610969047222,1.8833989688058541,1.0551178958149592,-0.11327377406898709
36,recent,BRL,COM_SLOG_LD,2019-01,2023-08,2022-01,2026-08,56,56,0.26541734153600843,1.7779371074281571,0.9960360448059206,0.007912197447378255
36,recent,BRL,JOINT_LOG_LOG,2019-01,2023-08,2022-01,2026-08,56,56,0.24635333034706539,1.6502340240007727,0.9244942148980411,0.14531044662005466
36,recent,BRL,JOINT_LOG_DEV,2019-01,2023-08,2022-01,2026-08,56,56,0.2458802599658732,1.6470650924596788,0.9227189158589104,0.14858980231615693
36,recent,BRL,JOINT_LOG_SLOG,2019-01,2023-08,2022-01,2026-08,56,56,0.24551846827782575,1.6446415776146572,0.9213612142109284,0.15109351294776374
36,recent,BRL,JOINT_DEV_LOG,2019-01,2023-08,2022-01,2026-08,56,56,0.25216125834921715,1.6891392841188115,0.9462897223140326,0.10453576144283105
36,recent,BRL,JOINT_DEV_DEV,2019-01,2023-08,2022-01,2026-08,56,56,0.25146287565925285,1.6844610649320495,0.9436688900494662,0.10948902595280852
36,recent,BRL,JOINT_DEV_SLOG,2019-01,2023-08,2022-01,2026-08,56,56,0.2511693341598396,1.6824947340157779,0.9425673120125153,0.11156686232550161
36,recent,BRL,JOINT_SLOG_LOG,2019-01,2023-08,2022-01,2026-08,56,56,0.250732642884916,1.6795694932696998,0.9409285334468083,0.1146534949456387
36,recent,BRL,JOINT_SLOG_DEV,2019-01,2023-08,2022-01,2026-08,56,56,0.2501006894940162,1.6753362605150368,0.9385569915108865,0.11911077368603384
36,recent,BRL,JOINT_SLOG_SLOG,2019-01,2023-08,2022-01,2026-08,56,56,0.24978772234644,1.6732398040368677,0.9373825145229776,0.12131402146657966
36,recent,EUR,EJR,2019-01,2023-08,2022-01,2026-08,56,56,0.1169080247861568,1.3524147982772812,1.0,0.0
36,recent,EUR,TOT_LOG_L,2019-01,2023-08,2022-01,2026-08,56,56,0.0862976183185276,0.9983076549581827,0.738166763798974,0.4551098288225498
36,recent,EUR,TOT_LOG_D,2019-01,2023-08,2022-01,2026-08,56,56,0.12393527958245656,1.4337074503015084,1.0601092594725958,-0.12383164201953534
36,recent,EUR,TOT_LOG_LD,2019-01,2023-08,2022-01,2026-08,56,56,0.08880399425904772,1.0273018999486851,0.7596056337576844,0.42299928116358665
36,recent,EUR,TOT_DEV_L,2019-01,2023-08,2022-01,2026-08,56,56,0.08687778126489971,1.0050190929071259,0.7431293225919509,0.44775880990402817
36,recent,EUR,TOT_DEV_D,2019-01,2023-08,2022-01,2026-08,56,56,0.12360314495509521,1.4298652522497883,1.0572682686341235,-0.11781619186059711
36,recent,EUR,TOT_DEV_LD,2019-01,2023-08,2022-01,2026-08,56,56,0.08915113182970817,1.0313176549702754,0.7625749557635555,0.41847943684221145
36,recent,EUR,TOT_SLOG_L,2019-01,2023-08,2022-01,2026-08,56,56,0.08638338423626851,0.9992998117973118,0.7389003825381306,0.4540262246850043
36,recent,EUR,TOT_SLOG_D,2019-01,2023-08,2022-01,2026-08,56,56,0.12371818913702637,1.4311961057509401,1.0582523258204595,-0.11989798510441196
36,recent,EUR,TOT_SLOG_LD,2019-01,2023-08,2022-01,2026-08,56,56,0.08865050458429426,1.0255263014993994,0.7582927241004199,0.42499214457636436
36,recent,EUR,COM_LOG_L,2019-01,2023-08,2022-01,2026-08,56,56,0.11878266546925387,1.374101006781022,1.0160351753998587,-0.03232747764982169
36,recent,EUR,COM_LOG_D,2019-01,2023-08,2022-01,2026-08,56,56,0.11714840514411033,1.3551955650715726,1.0020561493395617,-0.004116526429229994
36,recent,EUR,COM_LOG_LD,2019-01,2023-08,2022-01,2026-08,56,56,0.11023015744519137,1.275163928378711,0.9428793074454871,0.11097861159111866
36,recent,EUR,COM_DEV_L,2019-01,2023-08,2022-01,2026-08,56,56,0.11809019976906093,1.3660904287051938,1.0101120088639468,-0.0203262704511582
36,recent,EUR,COM_DEV_D,2019-01,2023-08,2022-01,2026-08,56,56,0.11737289482919674,1.3577925054674675,1.0039763741102483,-0.007968559771561301
36,recent,EUR,COM_DEV_LD,2019-01,2023-08,2022-01,2026-08,56,56,0.10961449892523581,1.2680418707218788,0.937613129002376,0.12088162032237382
36,recent,EUR,COM_SLOG_L,2019-01,2023-08,2022-01,2026-08,56,56,0.11820430271261712,1.36741039377752,1.0110880149487718,-0.02229897397304792
36,recent,EUR,COM_SLOG_D,2019-01,2023-08,2022-01,2026-08,56,56,0.1175197027495529,1.3594908080806298,1.005232129826117,-0.010491634834751462
36,recent,EUR,COM_SLOG_LD,2019-01,2023-08,2022-01,2026-08,56,56,0.10993240289760095,1.2717194457852175,0.9403323946211959,0.1157749876259675
36,recent,EUR,JOINT_LOG_LOG,2019-01,2023-08,2022-01,2026-08,56,56,0.10483816489576436,1.2127883084896185,0.8967576442038935,0.1958257275618832
36,recent,EUR,JOINT_LOG_DEV,2019-01,2023-08,2022-01,2026-08,56,56,0.10355301272430828,1.1979214178899817,0.8857647959900361,0.21542072618472963
36,recent,EUR,JOINT_LOG_SLOG,2019-01,2023-08,2022-01,2026-08,56,56,0.10389892075276737,1.2019229493279366,0.8887236008205156,0.21017036134461675
36,recent,EUR,JOINT_DEV_LOG,2019-01,2023-08,2022-01,2026-08,56,56,0.10464030374037094,1.2104994121110526,0.8950651927596461,0.19885830071013744
36,recent,EUR,JOINT_DEV_DEV,2019-01,2023-08,2022-01,2026-08,56,56,0.10336888737485762,1.1957914199895765,0.884189836958888,0.21820833221861513
36,recent,EUR,JOINT_DEV_SLOG,2019-01,2023-08,2022-01,2026-08,56,56,0.10371767219634272,1.1998262307295045,0.8871732491080803,0.2129236260670121
36,recent,EUR,JOINT_SLOG_LOG,2019-01,2023-08,2022-01,2026-08,56,56,0.1038361443453381,1.2011967396212433,0.8881866282085491,0.2111245134715286
36,recent,EUR,JOINT_SLOG_DEV,2019-01,2023-08,2022-01,2026-08,56,56,0.10257800247878802,1.1866423094889502,0.8774248189242727,0.23012568713570725
36,recent,EUR,JOINT_SLOG_SLOG,2019-01,2023-08,2022-01,2026-08,56,56,0.10292036728198896,1.1906028522070842,0.8803533159528315,0.224978039090854
36,recent,CAD,EJR,2019-01,2023-08,2022-01,2026-08,56,56,0.10916263626216792,1.7184137621895557,1.0,0.0
36,recent,CAD,TOT_LOG_L,2019-01,2023-08,2022-01,2026-08,56,56,0.08237334793478625,1.296702787470352,0.7545928786197156,0.4305895875364112
36,recent,CAD,TOT_LOG_D,2019-01,2023-08,2022-01,2026-08,56,56,0.130968126910827,2.06167091046839,1.1997523273099637,-0.4394056468856742
36,recent,CAD,TOT_LOG_LD,2019-01,2023-08,2022-01,2026-08,56,56,0.08202132219247063,1.291161277106061,0.7513680962732159,0.43544598390276346
36,recent,CAD,TOT_DEV_L,2019-01,2023-08,2022-01,2026-08,56,56,0.08448895872329094,1.330006258501155,0.7739732349480823,0.40096543158400055
36,recent,CAD,TOT_DEV_D,2019-01,2023-08,2022-01,2026-08,56,56,0.1309231102737796,2.0609622686539506,1.1993399459440603,-0.43841630593710135
36,recent,CAD,TOT_DEV_LD,2019-01,2023-08,2022-01,2026-08,56,56,0.08495383804558011,1.3373242846365856,0.7782318287142926,0.3943552207760078
36,recent,CAD,TOT_SLOG_L,2019-01,2023-08,2022-01,2026-08,56,56,0.08477899540122337,1.3345719509025535,0.7766301575716426,0.3968455983502457
36,recent,CAD,TOT_SLOG_D,2019-01,2023-08,2022-01,2026-08,56,56,0.13027129220236808,2.0507014946133957,1.1933688729310734,-0.42412926688078056
36,recent,CAD,TOT_SLOG_LD,2019-01,2023-08,2022-01,2026-08,56,56,0.08401150426349453,1.3224902773685403,0.76959944482955,0.4077166945180484
36,recent,CAD,COM_LOG_L,2019-01,2023-08,2022-01,2026-08,56,56,0.1104778212800026,1.7391171100735776,1.0120479411533823,-0.024241035192799965
36,recent,CAD,COM_LOG_D,2019-01,2023-08,2022-01,2026-08,56,56,0.12355147438842576,1.9449196281590861,1.1318110172028204,-0.2809961786616828
36,recent,CAD,COM_LOG_LD,2019-01,2023-08,2022-01,2026-08,56,56,0.12404876855992865,1.952747921588304,1.1363665518484711,-0.2913289401599841
36,recent,CAD,COM_DEV_L,2019-01,2023-08,2022-01,2026-08,56,56,0.11052500917284175,1.739859931310221,1.0124802126196542,-0.025116180946340272
36,recent,CAD,COM_DEV_D,2019-01,2023-08,2022-01,2026-08,56,56,0.1241958141584148,1.9550626804541595,1.1377135841621009,-0.29439219958697405
36,recent,CAD,COM_DEV_LD,2019-01,2023-08,2022-01,2026-08,56,56,0.12498514305973601,1.9674881191699007,1.1449443448724372,-0.31089755285537435
36,recent,CAD,COM_SLOG_L,2019-01,2023-08,2022-01,2026-08,56,56,0.1105241897620605,1.7398470323292912,1.0124727062895644,-0.025100980981314525
36,recent,CAD,COM_SLOG_D,2019-01,2023-08,2022-01,2026-08,56,56,0.12403539309558091,1.95253736802531,1.1362440239872384,-0.2910504820467119
36,recent,CAD,COM_SLOG_LD,2019-01,2023-08,2022-01,2026-08,56,56,0.12474587235268939,1.9637215733080888,1.1427524712127357,-0.3058832104628144
36,recent,CAD,JOINT_LOG_LOG,2019-01,2023-08,2022-01,2026-08,56,56,0.08043227745256494,1.2661468908353695,0.736811423822677,0.45710892572439954
36,recent,CAD,JOINT_LOG_DEV,2019-01,2023-08,2022-01,2026-08,56,56,0.08025851080796276,1.2634114952483961,0.7352196095302403,0.45945212576220096
36,recent,CAD,JOINT_LOG_SLOG,2019-01,2023-08,2022-01,2026-08,56,56,0.08041464660190821,1.265869349934517,0.7366499138842912,0.4573469043742663
36,recent,CAD,JOINT_DEV_LOG,2019-01,2023-08,2022-01,2026-08,56,56,0.08317366578825117,1.3093012118086689,0.761924305203651,0.4194713531399338
36,recent,CAD,JOINT_DEV_DEV,2019-01,2023-08,2022-01,2026-08,56,56,0.08310569268654058,1.30823119447089,0.7613016278477529,0.4204198314363615
36,recent,CAD,JOINT_DEV_SLOG,2019-01,2023-08,2022-01,2026-08,56,56,0.08321863862645391,1.3100091641515084,0.7623362853439504,0.41884338804798704
36,recent,CAD,JOINT_SLOG_LOG,2019-01,2023-08,2022-01,2026-08,56,56,0.082745997999383,1.3025689612951208,0.7580065930311355,0.42542600492133054
36,recent,CAD,JOINT_SLOG_DEV,2019-01,2023-08,2022-01,2026-08,56,56,0.08265284907226485,1.3011026317544108,0.7571532889125501,0.42671889708890853
36,recent,CAD,JOINT_SLOG_SLOG,2019-01,2023-08,2022-01,2026-08,56,56,0.08277577248889836,1.303037664638108,0.7582793465165302,0.42501243264646404
36,adaptive_TOT,POOL,EJR,2015-01,2023-08,2018-01,2026-08,104,312,0.18927085855216172,1.2271257655521433,1.0,0.0
36,adaptive_TOT,POOL,TOT_LOG_L,2015-01,2023-08,2018-01,2026-08,104,312,0.1536996554798802,0.996502096723302,0.8120619130468079,0.3405554493787587
36,adaptive_TOT,POOL,TOT_LOG_D,2015-01,2023-08,2018-01,2026-08,104,312,0.1934635890337644,1.2543090712197327,1.0221520128015227,-0.04479473727420413
36,adaptive_TOT,POOL,TOT_LOG_LD,2015-01,2023-08,2018-01,2026-08,104,312,0.15254178191696088,0.9889950959457978,0.805944365042976,0.3504536804554743
36,adaptive_TOT,POOL,TOT_DEV_L,2015-01,2023-08,2018-01,2026-08,104,312,0.15684243179123214,1.0168780902414167,0.828666562782075,0.3133117277269415
36,adaptive_TOT,POOL,TOT_DEV_D,2015-01,2023-08,2018-01,2026-08,104,312,0.19334823636503132,1.2535611894115646,1.0215425546439623,-0.04354919094851284
36,adaptive_TOT,POOL,TOT_DEV_LD,2015-01,2023-08,2018-01,2026-08,104,312,0.15581098170453264,1.0101907481595342,0.8232169648112642,0.32231382884692994
36,adaptive_TOT,POOL,TOT_SLOG_L,2015-01,2023-08,2018-01,2026-08,104,312,0.1562799836251152,1.0132314927582684,0.8256949052832956,0.3182279233892096
36,adaptive_TOT,POOL,TOT_SLOG_D,2015-01,2023-08,2018-01,2026-08,104,312,0.1933410391949606,1.2535145270098593,1.021504528874302,-0.04347150251070975
36,adaptive_TOT,POOL,TOT_SLOG_LD,2015-01,2023-08,2018-01,2026-08,104,312,0.1553649705402902,1.0072990626906115,0.8208604944721203,0.3261880486149862
36,adaptive_TOT,POOL,COM_LOG_L,2015-01,2023-08,2018-01,2026-08,104,312,0.19295486867598513,1.2510108146192862,1.0194642226067154,-0.039307301175114606
36,adaptive_TOT,POOL,COM_LOG_D,2015-01,2023-08,2018-01,2026-08,104,312,0.1937406039389468,1.2561050800199867,1.0236156026393954,-0.047788901966812736
36,adaptive_TOT,POOL,COM_LOG_LD,2015-01,2023-08,2018-01,2026-08,104,312,0.18939998693545615,1.2279629613434913,1.0006822412297498,-0.0013649479125952269
36,adaptive_TOT,POOL,COM_DEV_L,2015-01,2023-08,2018-01,2026-08,104,312,0.19243185478630126,1.2476198867993238,1.016700913486206,-0.03368074748368555
36,adaptive_TOT,POOL,COM_DEV_D,2015-01,2023-08,2018-01,2026-08,104,312,0.19369276400902405,1.2557949128284842,1.0233628435496513,-0.04727150955802806
36,adaptive_TOT,POOL,COM_DEV_LD,2015-01,2023-08,2018-01,2026-08,104,312,0.1888035355448895,1.2240959060827785,0.9975309299548433,0.004932043783425488
36,adaptive_TOT,POOL,COM_SLOG_L,2015-01,2023-08,2018-01,2026-08,104,312,0.1925252938177083,1.2482256929113948,1.0171945923975914,-0.034684838802902185
36,adaptive_TOT,POOL,COM_SLOG_D,2015-01,2023-08,2018-01,2026-08,104,312,0.19373761137609385,1.2560856779260248,1.0235997916324828,-0.047756533430062253
36,adaptive_TOT,POOL,COM_SLOG_LD,2015-01,2023-08,2018-01,2026-08,104,312,0.1890228880191748,1.2255180641212222,0.9986898641719926,0.002618555200127104
36,adaptive_TOT,POOL,JOINT_LOG_LOG,2015-01,2023-08,2018-01,2026-08,104,312,0.17947285453732686,1.1636010197483742,0.9482328970778425,0.10085437289936161
36,adaptive_TOT,POOL,JOINT_LOG_DEV,2015-01,2023-08,2018-01,2026-08,104,312,0.17837389347509996,1.1564759744819604,0.9424266093554036,0.1118320859788775
36,adaptive_TOT,POOL,JOINT_LOG_SLOG,2015-01,2023-08,2018-01,2026-08,104,312,0.1785518630640781,1.1576298291735405,0.9433668998488242,0.11005889226961851
36,adaptive_TOT,POOL,JOINT_DEV_LOG,2015-01,2023-08,2018-01,2026-08,104,312,0.18210883511470513,1.1806912348440302,0.9621599252402462,0.07424827826168379
36,adaptive_TOT,POOL,JOINT_DEV_DEV,2015-01,2023-08,2018-01,2026-08,104,312,0.18097628034307778,1.1733483868652435,0.9561761473872218,0.08572717516772999
36,adaptive_TOT,POOL,JOINT_DEV_SLOG,2015-01,2023-08,2018-01,2026-08,104,312,0.18115240659063225,1.1744902903680723,0.9571066987087604,0.08394676728681816
36,adaptive_TOT,POOL,JOINT_SLOG_LOG,2015-01,2023-08,2018-01,2026-08,104,312,0.18185755108771448,1.179062050582117,0.9608322827869237,0.07680132435446918
36,adaptive_TOT,POOL,JOINT_SLOG_DEV,2015-01,2023-08,2018-01,2026-08,104,312,0.18073286935379493,1.1717702469505604,0.9548901016052941,0.08818489385623118
36,adaptive_TOT,POOL,JOINT_SLOG_SLOG,2015-01,2023-08,2018-01,2026-08,104,312,0.1809018699193137,1.1728659515398847,0.9557830048594534,0.08647884762183389
36,adaptive_TOT,POOL,ADAPTIVE_TOT,2015-01,2023-08,2018-01,2026-08,104,312,0.15903302329164612,1.0310806531320833,0.8402404073621177,0.2939960578359425
36,adaptive_TOT,BRL,EJR,2015-01,2023-08,2018-01,2026-08,104,104,0.3002551324611836,1.1903814613323203,1.0,0.0
36,adaptive_TOT,BRL,TOT_LOG_L,2015-01,2023-08,2018-01,2026-08,104,104,0.24801855719793273,0.9832860811895577,0.8260260371402512,0.3176809859663723
36,adaptive_TOT,BRL,TOT_LOG_D,2015-01,2023-08,2018-01,2026-08,104,104,0.3021823229681311,1.1980219363947155,1.0064185097891594,-0.012878216846232249
36,adaptive_TOT,BRL,TOT_LOG_LD,2015-01,2023-08,2018-01,2026-08,104,104,0.24308672234832512,0.9637334936044496,0.8096005565525208,0.34454693882984855
36,adaptive_TOT,BRL,TOT_DEV_L,2015-01,2023-08,2018-01,2026-08,104,104,0.25327822792822335,1.004138395948439,0.8435433754357775,0.28843457375841486
36,adaptive_TOT,BRL,TOT_DEV_D,2015-01,2023-08,2018-01,2026-08,104,104,0.30210561409786163,1.1977178189718425,1.006163030824851,-0.012364044598650148
36,adaptive_TOT,BRL,TOT_DEV_LD,2015-01,2023-08,2018-01,2026-08,104,104,0.2487782170971309,0.9862978034322741,0.8285560851463295,0.3134948137669883
36,adaptive_TOT,BRL,TOT_SLOG_L,2015-01,2023-08,2018-01,2026-08,104,104,0.2521766016098221,0.9997709250712836,0.839874407950122,0.2946109788704321
36,adaptive_TOT,BRL,TOT_SLOG_D,2015-01,2023-08,2018-01,2026-08,104,104,0.30219150535975386,1.1980583405975977,1.006449091753063,-0.012939774290565476
36,adaptive_TOT,BRL,TOT_SLOG_LD,2015-01,2023-08,2018-01,2026-08,104,104,0.2479318210447818,0.9829422099361613,0.8257371623009107,0.3181581387952396
36,adaptive_TOT,BRL,COM_LOG_L,2015-01,2023-08,2018-01,2026-08,104,104,0.3065765015206256,1.2154429497968753,1.0210533255755725,-0.04254989366893591
36,adaptive_TOT,BRL,COM_LOG_D,2015-01,2023-08,2018-01,2026-08,104,104,0.3048035654371516,1.2084140266654202,1.0151485602883272,-0.030526599455463765
36,adaptive_TOT,BRL,COM_LOG_LD,2015-01,2023-08,2018-01,2026-08,104,104,0.2977425700062646,1.1804202402126052,0.9916319083896298,0.016666158263540898
36,adaptive_TOT,BRL,COM_DEV_L,2015-01,2023-08,2018-01,2026-08,104,104,0.3057844896977309,1.2123029661989209,1.0184155294573096,-0.037170190639812084
36,adaptive_TOT,BRL,COM_DEV_D,2015-01,2023-08,2018-01,2026-08,104,104,0.3045207154058044,1.2072926488861526,1.0142065279938959,-0.028614881425433225
36,adaptive_TOT,BRL,COM_DEV_LD,2015-01,2023-08,2018-01,2026-08,104,104,0.29653903284815575,1.1756487370269848,0.987623526756838,0.024599769396385307
36,adaptive_TOT,BRL,COM_SLOG_L,2015-01,2023-08,2018-01,2026-08,104,104,0.3059279574441485,1.2128717536305784,1.018893348921182,-0.03814365647582174
36,adaptive_TOT,BRL,COM_SLOG_D,2015-01,2023-08,2018-01,2026-08,104,104,0.30459905258121656,1.2076032218331643,1.0144674300300078,-0.029144166591688947
36,adaptive_TOT,BRL,COM_SLOG_LD,2015-01,2023-08,2018-01,2026-08,104,104,0.29692378701941546,1.1771741205529336,0.9889049508847318,0.022066998115666148
36,adaptive_TOT,BRL,JOINT_LOG_LOG,2015-01,2023-08,2018-01,2026-08,104,104,0.270251465866647,1.071429927703667,0.9000727602935632,0.189869026177526
36,adaptive_TOT,BRL,JOINT_LOG_DEV,2015-01,2023-08,2018-01,2026-08,104,104,0.2691561830062997,1.0670876058882655,0.8964249197009002,0.19642236333923457
36,adaptive_TOT,BRL,JOINT_LOG_SLOG,2015-01,2023-08,2018-01,2026-08,104,104,0.2689225996541088,1.0661615491383118,0.8956469701275617,0.19781650490131875
36,adaptive_TOT,BRL,JOINT_DEV_LOG,2015-01,2023-08,2018-01,2026-08,104,104,0.2768764287133878,1.0976950339489204,0.9221372052622009,0.14966297467121759
36,adaptive_TOT,BRL,JOINT_DEV_DEV,2015-01,2023-08,2018-01,2026-08,104,104,0.27561851064741016,1.0927079340337895,0.9179477079647974,0.157372005442175
36,adaptive_TOT,BRL,JOINT_DEV_SLOG,2015-01,2023-08,2018-01,2026-08,104,104,0.27543697726597893,1.0919882328580015,0.9173431108678446,0.15848161694330543
36,adaptive_TOT,BRL,JOINT_SLOG_LOG,2015-01,2023-08,2018-01,2026-08,104,104,0.275628564916532,1.0927477948530593,0.9179811937175284,0.15731052798094158
36,adaptive_TOT,BRL,JOINT_SLOG_DEV,2015-01,2023-08,2018-01,2026-08,104,104,0.2744113691496032,1.0879221412034867,0.9139273220752638,0.1647368499643369
36,adaptive_TOT,BRL,JOINT_SLOG_SLOG,2015-01,2023-08,2018-01,2026-08,104,104,0.27421116758613273,1.0871284287772194,0.9132605505805373,0.16595516675333388
36,adaptive_TOT,BRL,ADAPTIVE_TOT,2015-01,2023-08,2018-01,2026-08,104,104,0.25618324795016334,1.0156555412194315,0.8532185473408425,0.2720181104735826
36,adaptive_TOT,EUR,EJR,2015-01,2023-08,2018-01,2026-08,104,104,0.09291889748422652,1.336636157153954,1.0,0.0
36,adaptive_TOT,EUR,TOT_LOG_L,2015-01,2023-08,2018-01,2026-08,104,104,0.06737664698597898,0.9692114838593013,0.7251124239546269,0.4742119726266454
36,adaptive_TOT,EUR,TOT_LOG_D,2015-01,2023-08,2018-01,2026-08,104,104,0.10236877272373533,1.4725723904467087,1.1017002514597527,-0.21374344406648227
36,adaptive_TOT,EUR,TOT_LOG_LD,2015-01,2023-08,2018-01,2026-08,104,104,0.07495372375594882,1.078207555169685,0.8066574807204596,0.3493037087977213
36,adaptive_TOT,EUR,TOT_DEV_L,2015-01,2023-08,2018-01,2026-08,104,104,0.06790363909822275,0.9767922530120943,0.73078395177633,0.4659548158261706
36,adaptive_TOT,EUR,TOT_DEV_D,2015-01,2023-08,2018-01,2026-08,104,104,0.10168332203388158,1.4627121983780267,1.0943233807863775,-0.1975436617357269
36,adaptive_TOT,EUR,TOT_DEV_LD,2015-01,2023-08,2018-01,2026-08,104,104,0.07527982787597662,1.0828985552743733,0.8101670372138862,0.34362937181207365
36,adaptive_TOT,EUR,TOT_SLOG_L,2015-01,2023-08,2018-01,2026-08,104,104,0.06762225941371228,0.9727446128615093,0.7277557229431346,0.4703716077235155
36,adaptive_TOT,EUR,TOT_SLOG_D,2015-01,2023-08,2018-01,2026-08,104,104,0.1020204746309584,1.4675621305654778,1.0979518418013614,-0.20549824691500174
36,adaptive_TOT,EUR,TOT_SLOG_LD,2015-01,2023-08,2018-01,2026-08,104,104,0.07530780812315063,1.0833010504725675,0.810468162689237,0.34314135726713246
36,adaptive_TOT,EUR,COM_LOG_L,2015-01,2023-08,2018-01,2026-08,104,104,0.09619389115798084,1.383746864203977,1.035245722478684,-0.07173370591041217
36,adaptive_TOT,EUR,COM_LOG_D,2015-01,2023-08,2018-01,2026-08,104,104,0.09534286761093319,1.3715049104747432,1.0260869445541811,-0.05285441778453537
36,adaptive_TOT,EUR,COM_LOG_LD,2015-01,2023-08,2018-01,2026-08,104,104,0.09019971226738124,1.297520741697686,0.9707359289609858,0.0576717562242518
36,adaptive_TOT,EUR,COM_DEV_L,2015-01,2023-08,2018-01,2026-08,104,104,0.09529105968918068,1.3707596547375758,1.025529383894776,-0.05171051723159903
36,adaptive_TOT,EUR,COM_DEV_D,2015-01,2023-08,2018-01,2026-08,104,104,0.09550032440462643,1.373769922752527,1.0277815061337563,-0.05633482435057258
36,adaptive_TOT,EUR,COM_DEV_LD,2015-01,2023-08,2018-01,2026-08,104,104,0.08936342967572558,1.2854908362654232,0.9617357942811956,0.07506426199831773
36,adaptive_TOT,EUR,COM_SLOG_L,2015-01,2023-08,2018-01,2026-08,104,104,0.09549504408398708,1.3736939654641929,1.0277246789351744,-0.05621801569240725
36,adaptive_TOT,EUR,COM_SLOG_D,2015-01,2023-08,2018-01,2026-08,104,104,0.09565116134123282,1.3759397085416523,1.029404824325107,-0.05967429234380428
36,adaptive_TOT,EUR,COM_SLOG_LD,2015-01,2023-08,2018-01,2026-08,104,104,0.0897564379882961,1.291144251607905,0.9659653786091549,0.06691088732847217
36,adaptive_TOT,EUR,JOINT_LOG_LOG,2015-01,2023-08,2018-01,2026-08,104,104,0.104793193569801,1.5074476273548874,1.1277920466887827,-0.27191490057447343
36,adaptive_TOT,EUR,JOINT_LOG_DEV,2015-01,2023-08,2018-01,2026-08,104,104,0.10355930282354012,1.489698137960548,1.1145128238431787,-0.24213883451089613
36,adaptive_TOT,EUR,JOINT_LOG_SLOG,2015-01,2023-08,2018-01,2026-08,104,104,0.10428169955191105,1.5000897979252419,1.1222873104969142,-0.2595288073023969
36,adaptive_TOT,EUR,JOINT_DEV_LOG,2015-01,2023-08,2018-01,2026-08,104,104,0.10437699422454645,1.501460609552126,1.1233128787636015,-0.26183182359616963
36,adaptive_TOT,EUR,JOINT_DEV_DEV,2015-01,2023-08,2018-01,2026-08,104,104,0.10314127465392073,1.483684812562267,1.1100139739758483,-0.23213102242165506
36,adaptive_TOT,EUR,JOINT_DEV_SLOG,2015-01,2023-08,2018-01,2026-08,104,104,0.10385137430187098,1.4938995793140328,1.1176561185468255,-0.2491551993251555
36,adaptive_TOT,EUR,JOINT_SLOG_LOG,2015-01,2023-08,2018-01,2026-08,104,104,0.10457714495433977,1.504339773097603,1.1254669156195305,-0.26667577815413934
36,adaptive_TOT,EUR,JOINT_SLOG_DEV,2015-01,2023-08,2018-01,2026-08,104,104,0.10335625930127938,1.4867773616633944,1.1123276545422278,-0.23727281105941356
36,adaptive_TOT,EUR,JOINT_SLOG_SLOG,2015-01,2023-08,2018-01,2026-08,104,104,0.10406155293855433,1.4969229940645143,1.1199180764732959,-0.25421649801164703
36,adaptive_TOT,EUR,ADAPTIVE_TOT,2015-01,2023-08,2018-01,2026-08,104,104,0.06872038062801433,0.9885410607285654,0.7395737841129678,0.4530306178528253
36,adaptive_TOT,CAD,EJR,2015-01,2023-08,2018-01,2026-08,104,104,0.09318426697812272,1.7261167644171025,1.0,0.0
36,adaptive_TOT,CAD,TOT_LOG_L,2015-01,2023-08,2018-01,2026-08,104,104,0.06941134640881247,1.2857544794030826,0.7448826788014383,0.4451497948215932
36,adaptive_TOT,CAD,TOT_LOG_D,2015-01,2023-08,2018-01,2026-08,104,104,0.1024253821183802,1.8972963452926175,1.099170336795449,-0.20817542929102095
36,adaptive_TOT,CAD,TOT_LOG_LD,2015-01,2023-08,2018-01,2026-08,104,104,0.07139867228646592,1.3225670940752878,0.7662095179997337,0.41292297452661575
36,adaptive_TOT,CAD,TOT_DEV_L,2015-01,2023-08,2018-01,2026-08,104,104,0.07097802677814571,1.314775185770008,0.7616953921503674,0.41982012957689807
36,adaptive_TOT,CAD,TOT_DEV_D,2015-01,2023-08,2018-01,2026-08,104,104,0.10268067718471606,1.902025352754561,1.1019100167287128,-0.21420568496707237
36,adaptive_TOT,CAD,TOT_DEV_LD,2015-01,2023-08,2018-01,2026-08,104,104,0.07261909027333487,1.3451737423330377,0.7793063424578309,0.3926816246049979
36,adaptive_TOT,CAD,TOT_SLOG_L,2015-01,2023-08,2018-01,2026-08,104,104,0.07144572400014224,1.323438665579846,0.7667144499501816,0.4121489522375905
36,adaptive_TOT,CAD,TOT_SLOG_D,2015-01,2023-08,2018-01,2026-08,104,104,0.10205091452525882,1.8903598225170557,1.095151765793444,-0.19935739012049813
36,adaptive_TOT,CAD,TOT_SLOG_LD,2015-01,2023-08,2018-01,2026-08,104,104,0.07261796170411794,1.3451528370632069,0.7792942313015861,0.39270050106006993
36,adaptive_TOT,CAD,COM_LOG_L,2015-01,2023-08,2018-01,2026-08,104,104,0.09193654364049363,1.7030043202215421,0.9866101502099915,0.026600411502617827
36,adaptive_TOT,CAD,COM_LOG_D,2015-01,2023-08,2018-01,2026-08,104,104,0.10300868379125941,1.9081012464730462,1.1054299951239965,-0.2219754741198392
36,adaptive_TOT,CAD,COM_LOG_LD,2015-01,2023-08,2018-01,2026-08,104,104,0.10406939543592593,1.9277495434597165,1.116812942901174,-0.2472711494315809
36,adaptive_TOT,CAD,COM_DEV_L,2015-01,2023-08,2018-01,2026-08,104,104,0.09222535450243449,1.708354163995695,0.9897095024000848,0.020475100858976525
36,adaptive_TOT,CAD,COM_DEV_D,2015-01,2023-08,2018-01,2026-08,104,104,0.10342863440901977,1.915880282838849,1.10993666380723,-0.23195939766352391
36,adaptive_TOT,CAD,COM_DEV_LD,2015-01,2023-08,2018-01,2026-08,104,104,0.10497192261182557,1.9444676798917835,1.1264983458685174,-0.268998523244506
36,adaptive_TOT,CAD,COM_SLOG_L,2015-01,2023-08,2018-01,2026-08,104,104,0.09212354578626115,1.706468290581121,0.9886169497678121,0.02263652663178717
36,adaptive_TOT,CAD,COM_SLOG_D,2015-01,2023-08,2018-01,2026-08,104,104,0.1033104964940245,1.9136919323565247,1.1086688755976282,-0.2291466757189089
36,adaptive_TOT,CAD,COM_SLOG_LD,2015-01,2023-08,2018-01,2026-08,104,104,0.10473300877483863,1.9400421132951047,1.1239344598742969,-0.26322867009292716
36,adaptive_TOT,CAD,JOINT_LOG_LOG,2015-01,2023-08,2018-01,2026-08,104,104,0.11231228038687581,2.0804382146528533,1.2052708469901239,-0.45267781460429046
36,adaptive_TOT,CAD,JOINT_LOG_DEV,2015-01,2023-08,2018-01,2026-08,104,104,0.11082489597820772,2.0528863623263507,1.1893090923194851,-0.4144561170737977
36,adaptive_TOT,CAD,JOINT_LOG_SLOG,2015-01,2023-08,2018-01,2026-08,104,104,0.1115717972643659,2.066721732536485,1.1973244076766745,-0.4335857372182996
36,adaptive_TOT,CAD,JOINT_DEV_LOG,2015-01,2023-08,2018-01,2026-08,104,104,0.10925094864610488,2.023731044971221,1.1724183941024529,-0.3745648908297745
36,adaptive_TOT,CAD,JOINT_DEV_DEV,2015-01,2023-08,2018-01,2026-08,104,104,0.10795163820765667,1.9996630171515235,1.1584749411936774,-0.3420641893736944
36,adaptive_TOT,CAD,JOINT_DEV_SLOG,2015-01,2023-08,2018-01,2026-08,104,104,0.10861835411626569,2.0120130580358264,1.1656297531617272,-0.35869272145586906
36,adaptive_TOT,CAD,JOINT_SLOG_LOG,2015-01,2023-08,2018-01,2026-08,104,104,0.11094603020439342,2.0551302155576363,1.1906090352187961,-0.41754987474463245
36,adaptive_TOT,CAD,JOINT_SLOG_DEV,2015-01,2023-08,2018-01,2026-08,104,104,0.10958555716541588,2.02992923049577,1.176009220431425,-0.38299768653972777
36,adaptive_TOT,CAD,JOINT_SLOG_SLOG,2015-01,2023-08,2018-01,2026-08,104,104,0.11025374547823398,2.0423065457437795,1.1831798333952526,-0.39991451815321755
36,adaptive_TOT,CAD,ADAPTIVE_TOT,2015-01,2023-08,2018-01,2026-08,104,104,0.07431123904154553,1.3765185868160867,0.7974655105565396,0.3640487594727976
36,adaptive_COM,POOL,EJR,2015-01,2023-08,2018-01,2026-08,104,312,0.18927085855216172,1.2271257655521433,1.0,0.0
36,adaptive_COM,POOL,TOT_LOG_L,2015-01,2023-08,2018-01,2026-08,104,312,0.1536996554798802,0.996502096723302,0.8120619130468079,0.3405554493787587
36,adaptive_COM,POOL,TOT_LOG_D,2015-01,2023-08,2018-01,2026-08,104,312,0.1934635890337644,1.2543090712197327,1.0221520128015227,-0.04479473727420413
36,adaptive_COM,POOL,TOT_LOG_LD,2015-01,2023-08,2018-01,2026-08,104,312,0.15254178191696088,0.9889950959457978,0.805944365042976,0.3504536804554743
36,adaptive_COM,POOL,TOT_DEV_L,2015-01,2023-08,2018-01,2026-08,104,312,0.15684243179123214,1.0168780902414167,0.828666562782075,0.3133117277269415
36,adaptive_COM,POOL,TOT_DEV_D,2015-01,2023-08,2018-01,2026-08,104,312,0.19334823636503132,1.2535611894115646,1.0215425546439623,-0.04354919094851284
36,adaptive_COM,POOL,TOT_DEV_LD,2015-01,2023-08,2018-01,2026-08,104,312,0.15581098170453264,1.0101907481595342,0.8232169648112642,0.32231382884692994
36,adaptive_COM,POOL,TOT_SLOG_L,2015-01,2023-08,2018-01,2026-08,104,312,0.1562799836251152,1.0132314927582684,0.8256949052832956,0.3182279233892096
36,adaptive_COM,POOL,TOT_SLOG_D,2015-01,2023-08,2018-01,2026-08,104,312,0.1933410391949606,1.2535145270098593,1.021504528874302,-0.04347150251070975
36,adaptive_COM,POOL,TOT_SLOG_LD,2015-01,2023-08,2018-01,2026-08,104,312,0.1553649705402902,1.0072990626906115,0.8208604944721203,0.3261880486149862
36,adaptive_COM,POOL,COM_LOG_L,2015-01,2023-08,2018-01,2026-08,104,312,0.19295486867598513,1.2510108146192862,1.0194642226067154,-0.039307301175114606
36,adaptive_COM,POOL,COM_LOG_D,2015-01,2023-08,2018-01,2026-08,104,312,0.1937406039389468,1.2561050800199867,1.0236156026393954,-0.047788901966812736
36,adaptive_COM,POOL,COM_LOG_LD,2015-01,2023-08,2018-01,2026-08,104,312,0.18939998693545615,1.2279629613434913,1.0006822412297498,-0.0013649479125952269
36,adaptive_COM,POOL,COM_DEV_L,2015-01,2023-08,2018-01,2026-08,104,312,0.19243185478630126,1.2476198867993238,1.016700913486206,-0.03368074748368555
36,adaptive_COM,POOL,COM_DEV_D,2015-01,2023-08,2018-01,2026-08,104,312,0.19369276400902405,1.2557949128284842,1.0233628435496513,-0.04727150955802806
36,adaptive_COM,POOL,COM_DEV_LD,2015-01,2023-08,2018-01,2026-08,104,312,0.1888035355448895,1.2240959060827785,0.9975309299548433,0.004932043783425488
36,adaptive_COM,POOL,COM_SLOG_L,2015-01,2023-08,2018-01,2026-08,104,312,0.1925252938177083,1.2482256929113948,1.0171945923975914,-0.034684838802902185
36,adaptive_COM,POOL,COM_SLOG_D,2015-01,2023-08,2018-01,2026-08,104,312,0.19373761137609385,1.2560856779260248,1.0235997916324828,-0.047756533430062253
36,adaptive_COM,POOL,COM_SLOG_LD,2015-01,2023-08,2018-01,2026-08,104,312,0.1890228880191748,1.2255180641212222,0.9986898641719926,0.002618555200127104
36,adaptive_COM,POOL,JOINT_LOG_LOG,2015-01,2023-08,2018-01,2026-08,104,312,0.17947285453732686,1.1636010197483742,0.9482328970778425,0.10085437289936161
36,adaptive_COM,POOL,JOINT_LOG_DEV,2015-01,2023-08,2018-01,2026-08,104,312,0.17837389347509996,1.1564759744819604,0.9424266093554036,0.1118320859788775
36,adaptive_COM,POOL,JOINT_LOG_SLOG,2015-01,2023-08,2018-01,2026-08,104,312,0.1785518630640781,1.1576298291735405,0.9433668998488242,0.11005889226961851
36,adaptive_COM,POOL,JOINT_DEV_LOG,2015-01,2023-08,2018-01,2026-08,104,312,0.18210883511470513,1.1806912348440302,0.9621599252402462,0.07424827826168379
36,adaptive_COM,POOL,JOINT_DEV_DEV,2015-01,2023-08,2018-01,2026-08,104,312,0.18097628034307778,1.1733483868652435,0.9561761473872218,0.08572717516772999
36,adaptive_COM,POOL,JOINT_DEV_SLOG,2015-01,2023-08,2018-01,2026-08,104,312,0.18115240659063225,1.1744902903680723,0.9571066987087604,0.08394676728681816
36,adaptive_COM,POOL,JOINT_SLOG_LOG,2015-01,2023-08,2018-01,2026-08,104,312,0.18185755108771448,1.179062050582117,0.9608322827869237,0.07680132435446918
36,adaptive_COM,POOL,JOINT_SLOG_DEV,2015-01,2023-08,2018-01,2026-08,104,312,0.18073286935379493,1.1717702469505604,0.9548901016052941,0.08818489385623118
36,adaptive_COM,POOL,JOINT_SLOG_SLOG,2015-01,2023-08,2018-01,2026-08,104,312,0.1809018699193137,1.1728659515398847,0.9557830048594534,0.08647884762183389
36,adaptive_COM,POOL,ADAPTIVE_COM,2015-01,2023-08,2018-01,2026-08,104,312,0.19367680838281823,1.2556914655245914,1.0232785430591909,-0.047098976685340244
36,adaptive_COM,BRL,EJR,2015-01,2023-08,2018-01,2026-08,104,104,0.3002551324611836,1.1903814613323203,1.0,0.0
36,adaptive_COM,BRL,TOT_LOG_L,2015-01,2023-08,2018-01,2026-08,104,104,0.24801855719793273,0.9832860811895577,0.8260260371402512,0.3176809859663723
36,adaptive_COM,BRL,TOT_LOG_D,2015-01,2023-08,2018-01,2026-08,104,104,0.3021823229681311,1.1980219363947155,1.0064185097891594,-0.012878216846232249
36,adaptive_COM,BRL,TOT_LOG_LD,2015-01,2023-08,2018-01,2026-08,104,104,0.24308672234832512,0.9637334936044496,0.8096005565525208,0.34454693882984855
36,adaptive_COM,BRL,TOT_DEV_L,2015-01,2023-08,2018-01,2026-08,104,104,0.25327822792822335,1.004138395948439,0.8435433754357775,0.28843457375841486
36,adaptive_COM,BRL,TOT_DEV_D,2015-01,2023-08,2018-01,2026-08,104,104,0.30210561409786163,1.1977178189718425,1.006163030824851,-0.012364044598650148
36,adaptive_COM,BRL,TOT_DEV_LD,2015-01,2023-08,2018-01,2026-08,104,104,0.2487782170971309,0.9862978034322741,0.8285560851463295,0.3134948137669883
36,adaptive_COM,BRL,TOT_SLOG_L,2015-01,2023-08,2018-01,2026-08,104,104,0.2521766016098221,0.9997709250712836,0.839874407950122,0.2946109788704321
36,adaptive_COM,BRL,TOT_SLOG_D,2015-01,2023-08,2018-01,2026-08,104,104,0.30219150535975386,1.1980583405975977,1.006449091753063,-0.012939774290565476
36,adaptive_COM,BRL,TOT_SLOG_LD,2015-01,2023-08,2018-01,2026-08,104,104,0.2479318210447818,0.9829422099361613,0.8257371623009107,0.3181581387952396
36,adaptive_COM,BRL,COM_LOG_L,2015-01,2023-08,2018-01,2026-08,104,104,0.3065765015206256,1.2154429497968753,1.0210533255755725,-0.04254989366893591
36,adaptive_COM,BRL,COM_LOG_D,2015-01,2023-08,2018-01,2026-08,104,104,0.3048035654371516,1.2084140266654202,1.0151485602883272,-0.030526599455463765
36,adaptive_COM,BRL,COM_LOG_LD,2015-01,2023-08,2018-01,2026-08,104,104,0.2977425700062646,1.1804202402126052,0.9916319083896298,0.016666158263540898
36,adaptive_COM,BRL,COM_DEV_L,2015-01,2023-08,2018-01,2026-08,104,104,0.3057844896977309,1.2123029661989209,1.0184155294573096,-0.037170190639812084
36,adaptive_COM,BRL,COM_DEV_D,2015-01,2023-08,2018-01,2026-08,104,104,0.3045207154058044,1.2072926488861526,1.0142065279938959,-0.028614881425433225
36,adaptive_COM,BRL,COM_DEV_LD,2015-01,2023-08,2018-01,2026-08,104,104,0.29653903284815575,1.1756487370269848,0.987623526756838,0.024599769396385307
36,adaptive_COM,BRL,COM_SLOG_L,2015-01,2023-08,2018-01,2026-08,104,104,0.3059279574441485,1.2128717536305784,1.018893348921182,-0.03814365647582174
36,adaptive_COM,BRL,COM_SLOG_D,2015-01,2023-08,2018-01,2026-08,104,104,0.30459905258121656,1.2076032218331643,1.0144674300300078,-0.029144166591688947
36,adaptive_COM,BRL,COM_SLOG_LD,2015-01,2023-08,2018-01,2026-08,104,104,0.29692378701941546,1.1771741205529336,0.9889049508847318,0.022066998115666148
36,adaptive_COM,BRL,JOINT_LOG_LOG,2015-01,2023-08,2018-01,2026-08,104,104,0.270251465866647,1.071429927703667,0.9000727602935632,0.189869026177526
36,adaptive_COM,BRL,JOINT_LOG_DEV,2015-01,2023-08,2018-01,2026-08,104,104,0.2691561830062997,1.0670876058882655,0.8964249197009002,0.19642236333923457
36,adaptive_COM,BRL,JOINT_LOG_SLOG,2015-01,2023-08,2018-01,2026-08,104,104,0.2689225996541088,1.0661615491383118,0.8956469701275617,0.19781650490131875
36,adaptive_COM,BRL,JOINT_DEV_LOG,2015-01,2023-08,2018-01,2026-08,104,104,0.2768764287133878,1.0976950339489204,0.9221372052622009,0.14966297467121759
36,adaptive_COM,BRL,JOINT_DEV_DEV,2015-01,2023-08,2018-01,2026-08,104,104,0.27561851064741016,1.0927079340337895,0.9179477079647974,0.157372005442175
36,adaptive_COM,BRL,JOINT_DEV_SLOG,2015-01,2023-08,2018-01,2026-08,104,104,0.27543697726597893,1.0919882328580015,0.9173431108678446,0.15848161694330543
36,adaptive_COM,BRL,JOINT_SLOG_LOG,2015-01,2023-08,2018-01,2026-08,104,104,0.275628564916532,1.0927477948530593,0.9179811937175284,0.15731052798094158
36,adaptive_COM,BRL,JOINT_SLOG_DEV,2015-01,2023-08,2018-01,2026-08,104,104,0.2744113691496032,1.0879221412034867,0.9139273220752638,0.1647368499643369
36,adaptive_COM,BRL,JOINT_SLOG_SLOG,2015-01,2023-08,2018-01,2026-08,104,104,0.27421116758613273,1.0871284287772194,0.9132605505805373,0.16595516675333388
36,adaptive_COM,BRL,ADAPTIVE_COM,2015-01,2023-08,2018-01,2026-08,104,104,0.3043173884059021,1.2064865454590838,1.0135293472302047,-0.027241737696884982
36,adaptive_COM,EUR,EJR,2015-01,2023-08,2018-01,2026-08,104,104,0.09291889748422652,1.336636157153954,1.0,0.0
36,adaptive_COM,EUR,TOT_LOG_L,2015-01,2023-08,2018-01,2026-08,104,104,0.06737664698597898,0.9692114838593013,0.7251124239546269,0.4742119726266454
36,adaptive_COM,EUR,TOT_LOG_D,2015-01,2023-08,2018-01,2026-08,104,104,0.10236877272373533,1.4725723904467087,1.1017002514597527,-0.21374344406648227
36,adaptive_COM,EUR,TOT_LOG_LD,2015-01,2023-08,2018-01,2026-08,104,104,0.07495372375594882,1.078207555169685,0.8066574807204596,0.3493037087977213
36,adaptive_COM,EUR,TOT_DEV_L,2015-01,2023-08,2018-01,2026-08,104,104,0.06790363909822275,0.9767922530120943,0.73078395177633,0.4659548158261706
36,adaptive_COM,EUR,TOT_DEV_D,2015-01,2023-08,2018-01,2026-08,104,104,0.10168332203388158,1.4627121983780267,1.0943233807863775,-0.1975436617357269
36,adaptive_COM,EUR,TOT_DEV_LD,2015-01,2023-08,2018-01,2026-08,104,104,0.07527982787597662,1.0828985552743733,0.8101670372138862,0.34362937181207365
36,adaptive_COM,EUR,TOT_SLOG_L,2015-01,2023-08,2018-01,2026-08,104,104,0.06762225941371228,0.9727446128615093,0.7277557229431346,0.4703716077235155
36,adaptive_COM,EUR,TOT_SLOG_D,2015-01,2023-08,2018-01,2026-08,104,104,0.1020204746309584,1.4675621305654778,1.0979518418013614,-0.20549824691500174
36,adaptive_COM,EUR,TOT_SLOG_LD,2015-01,2023-08,2018-01,2026-08,104,104,0.07530780812315063,1.0833010504725675,0.810468162689237,0.34314135726713246
36,adaptive_COM,EUR,COM_LOG_L,2015-01,2023-08,2018-01,2026-08,104,104,0.09619389115798084,1.383746864203977,1.035245722478684,-0.07173370591041217
36,adaptive_COM,EUR,COM_LOG_D,2015-01,2023-08,2018-01,2026-08,104,104,0.09534286761093319,1.3715049104747432,1.0260869445541811,-0.05285441778453537
36,adaptive_COM,EUR,COM_LOG_LD,2015-01,2023-08,2018-01,2026-08,104,104,0.09019971226738124,1.297520741697686,0.9707359289609858,0.0576717562242518
36,adaptive_COM,EUR,COM_DEV_L,2015-01,2023-08,2018-01,2026-08,104,104,0.09529105968918068,1.3707596547375758,1.025529383894776,-0.05171051723159903
36,adaptive_COM,EUR,COM_DEV_D,2015-01,2023-08,2018-01,2026-08,104,104,0.09550032440462643,1.373769922752527,1.0277815061337563,-0.05633482435057258
36,adaptive_COM,EUR,COM_DEV_LD,2015-01,2023-08,2018-01,2026-08,104,104,0.08936342967572558,1.2854908362654232,0.9617357942811956,0.07506426199831773
36,adaptive_COM,EUR,COM_SLOG_L,2015-01,2023-08,2018-01,2026-08,104,104,0.09549504408398708,1.3736939654641929,1.0277246789351744,-0.05621801569240725
36,adaptive_COM,EUR,COM_SLOG_D,2015-01,2023-08,2018-01,2026-08,104,104,0.09565116134123282,1.3759397085416523,1.029404824325107,-0.05967429234380428
36,adaptive_COM,EUR,COM_SLOG_LD,2015-01,2023-08,2018-01,2026-08,104,104,0.0897564379882961,1.291144251607905,0.9659653786091549,0.06691088732847217
36,adaptive_COM,EUR,JOINT_LOG_LOG,2015-01,2023-08,2018-01,2026-08,104,104,0.104793193569801,1.5074476273548874,1.1277920466887827,-0.27191490057447343
36,adaptive_COM,EUR,JOINT_LOG_DEV,2015-01,2023-08,2018-01,2026-08,104,104,0.10355930282354012,1.489698137960548,1.1145128238431787,-0.24213883451089613
36,adaptive_COM,EUR,JOINT_LOG_SLOG,2015-01,2023-08,2018-01,2026-08,104,104,0.10428169955191105,1.5000897979252419,1.1222873104969142,-0.2595288073023969
36,adaptive_COM,EUR,JOINT_DEV_LOG,2015-01,2023-08,2018-01,2026-08,104,104,0.10437699422454645,1.501460609552126,1.1233128787636015,-0.26183182359616963
36,adaptive_COM,EUR,JOINT_DEV_DEV,2015-01,2023-08,2018-01,2026-08,104,104,0.10314127465392073,1.483684812562267,1.1100139739758483,-0.23213102242165506
36,adaptive_COM,EUR,JOINT_DEV_SLOG,2015-01,2023-08,2018-01,2026-08,104,104,0.10385137430187098,1.4938995793140328,1.1176561185468255,-0.2491551993251555
36,adaptive_COM,EUR,JOINT_SLOG_LOG,2015-01,2023-08,2018-01,2026-08,104,104,0.10457714495433977,1.504339773097603,1.1254669156195305,-0.26667577815413934
36,adaptive_COM,EUR,JOINT_SLOG_DEV,2015-01,2023-08,2018-01,2026-08,104,104,0.10335625930127938,1.4867773616633944,1.1123276545422278,-0.23727281105941356
36,adaptive_COM,EUR,JOINT_SLOG_SLOG,2015-01,2023-08,2018-01,2026-08,104,104,0.10406155293855433,1.4969229940645143,1.1199180764732959,-0.25421649801164703
36,adaptive_COM,EUR,ADAPTIVE_COM,2015-01,2023-08,2018-01,2026-08,104,104,0.09250243558279027,1.3306453624866876,0.9955180064259055,0.008943898881790813
36,adaptive_COM,CAD,EJR,2015-01,2023-08,2018-01,2026-08,104,104,0.09318426697812272,1.7261167644171025,1.0,0.0
36,adaptive_COM,CAD,TOT_LOG_L,2015-01,2023-08,2018-01,2026-08,104,104,0.06941134640881247,1.2857544794030826,0.7448826788014383,0.4451497948215932
36,adaptive_COM,CAD,TOT_LOG_D,2015-01,2023-08,2018-01,2026-08,104,104,0.1024253821183802,1.8972963452926175,1.099170336795449,-0.20817542929102095
36,adaptive_COM,CAD,TOT_LOG_LD,2015-01,2023-08,2018-01,2026-08,104,104,0.07139867228646592,1.3225670940752878,0.7662095179997337,0.41292297452661575
36,adaptive_COM,CAD,TOT_DEV_L,2015-01,2023-08,2018-01,2026-08,104,104,0.07097802677814571,1.314775185770008,0.7616953921503674,0.41982012957689807
36,adaptive_COM,CAD,TOT_DEV_D,2015-01,2023-08,2018-01,2026-08,104,104,0.10268067718471606,1.902025352754561,1.1019100167287128,-0.21420568496707237
36,adaptive_COM,CAD,TOT_DEV_LD,2015-01,2023-08,2018-01,2026-08,104,104,0.07261909027333487,1.3451737423330377,0.7793063424578309,0.3926816246049979
36,adaptive_COM,CAD,TOT_SLOG_L,2015-01,2023-08,2018-01,2026-08,104,104,0.07144572400014224,1.323438665579846,0.7667144499501816,0.4121489522375905
36,adaptive_COM,CAD,TOT_SLOG_D,2015-01,2023-08,2018-01,2026-08,104,104,0.10205091452525882,1.8903598225170557,1.095151765793444,-0.19935739012049813
36,adaptive_COM,CAD,TOT_SLOG_LD,2015-01,2023-08,2018-01,2026-08,104,104,0.07261796170411794,1.3451528370632069,0.7792942313015861,0.39270050106006993
36,adaptive_COM,CAD,COM_LOG_L,2015-01,2023-08,2018-01,2026-08,104,104,0.09193654364049363,1.7030043202215421,0.9866101502099915,0.026600411502617827
36,adaptive_COM,CAD,COM_LOG_D,2015-01,2023-08,2018-01,2026-08,104,104,0.10300868379125941,1.9081012464730462,1.1054299951239965,-0.2219754741198392
36,adaptive_COM,CAD,COM_LOG_LD,2015-01,2023-08,2018-01,2026-08,104,104,0.10406939543592593,1.9277495434597165,1.116812942901174,-0.2472711494315809
36,adaptive_COM,CAD,COM_DEV_L,2015-01,2023-08,2018-01,2026-08,104,104,0.09222535450243449,1.708354163995695,0.9897095024000848,0.020475100858976525
36,adaptive_COM,CAD,COM_DEV_D,2015-01,2023-08,2018-01,2026-08,104,104,0.10342863440901977,1.915880282838849,1.10993666380723,-0.23195939766352391
36,adaptive_COM,CAD,COM_DEV_LD,2015-01,2023-08,2018-01,2026-08,104,104,0.10497192261182557,1.9444676798917835,1.1264983458685174,-0.268998523244506
36,adaptive_COM,CAD,COM_SLOG_L,2015-01,2023-08,2018-01,2026-08,104,104,0.09212354578626115,1.706468290581121,0.9886169497678121,0.02263652663178717
36,adaptive_COM,CAD,COM_SLOG_D,2015-01,2023-08,2018-01,2026-08,104,104,0.1033104964940245,1.9136919323565247,1.1086688755976282,-0.2291466757189089
36,adaptive_COM,CAD,COM_SLOG_LD,2015-01,2023-08,2018-01,2026-08,104,104,0.10473300877483863,1.9400421132951047,1.1239344598742969,-0.26322867009292716
36,adaptive_COM,CAD,JOINT_LOG_LOG,2015-01,2023-08,2018-01,2026-08,104,104,0.11231228038687581,2.0804382146528533,1.2052708469901239,-0.45267781460429046
36,adaptive_COM,CAD,JOINT_LOG_DEV,2015-01,2023-08,2018-01,2026-08,104,104,0.11082489597820772,2.0528863623263507,1.1893090923194851,-0.4144561170737977
36,adaptive_COM,CAD,JOINT_LOG_SLOG,2015-01,2023-08,2018-01,2026-08,104,104,0.1115717972643659,2.066721732536485,1.1973244076766745,-0.4335857372182996
36,adaptive_COM,CAD,JOINT_DEV_LOG,2015-01,2023-08,2018-01,2026-08,104,104,0.10925094864610488,2.023731044971221,1.1724183941024529,-0.3745648908297745
36,adaptive_COM,CAD,JOINT_DEV_DEV,2015-01,2023-08,2018-01,2026-08,104,104,0.10795163820765667,1.9996630171515235,1.1584749411936774,-0.3420641893736944
36,adaptive_COM,CAD,JOINT_DEV_SLOG,2015-01,2023-08,2018-01,2026-08,104,104,0.10861835411626569,2.0120130580358264,1.1656297531617272,-0.35869272145586906
36,adaptive_COM,CAD,JOINT_SLOG_LOG,2015-01,2023-08,2018-01,2026-08,104,104,0.11094603020439342,2.0551302155576363,1.1906090352187961,-0.41754987474463245
36,adaptive_COM,CAD,JOINT_SLOG_DEV,2015-01,2023-08,2018-01,2026-08,104,104,0.10958555716541588,2.02992923049577,1.176009220431425,-0.38299768653972777
36,adaptive_COM,CAD,JOINT_SLOG_SLOG,2015-01,2023-08,2018-01,2026-08,104,104,0.11025374547823398,2.0423065457437795,1.1831798333952526,-0.39991451815321755
36,adaptive_COM,CAD,ADAPTIVE_COM,2015-01,2023-08,2018-01,2026-08,104,104,0.10661306130642584,1.9748676294256269,1.144110103172844,-0.3089879281821759
36,adaptive_JOINT,POOL,EJR,2015-01,2023-08,2018-01,2026-08,104,312,0.18927085855216172,1.2271257655521433,1.0,0.0
36,adaptive_JOINT,POOL,TOT_LOG_L,2015-01,2023-08,2018-01,2026-08,104,312,0.1536996554798802,0.996502096723302,0.8120619130468079,0.3405554493787587
36,adaptive_JOINT,POOL,TOT_LOG_D,2015-01,2023-08,2018-01,2026-08,104,312,0.1934635890337644,1.2543090712197327,1.0221520128015227,-0.04479473727420413
36,adaptive_JOINT,POOL,TOT_LOG_LD,2015-01,2023-08,2018-01,2026-08,104,312,0.15254178191696088,0.9889950959457978,0.805944365042976,0.3504536804554743
36,adaptive_JOINT,POOL,TOT_DEV_L,2015-01,2023-08,2018-01,2026-08,104,312,0.15684243179123214,1.0168780902414167,0.828666562782075,0.3133117277269415
36,adaptive_JOINT,POOL,TOT_DEV_D,2015-01,2023-08,2018-01,2026-08,104,312,0.19334823636503132,1.2535611894115646,1.0215425546439623,-0.04354919094851284
36,adaptive_JOINT,POOL,TOT_DEV_LD,2015-01,2023-08,2018-01,2026-08,104,312,0.15581098170453264,1.0101907481595342,0.8232169648112642,0.32231382884692994
36,adaptive_JOINT,POOL,TOT_SLOG_L,2015-01,2023-08,2018-01,2026-08,104,312,0.1562799836251152,1.0132314927582684,0.8256949052832956,0.3182279233892096
36,adaptive_JOINT,POOL,TOT_SLOG_D,2015-01,2023-08,2018-01,2026-08,104,312,0.1933410391949606,1.2535145270098593,1.021504528874302,-0.04347150251070975
36,adaptive_JOINT,POOL,TOT_SLOG_LD,2015-01,2023-08,2018-01,2026-08,104,312,0.1553649705402902,1.0072990626906115,0.8208604944721203,0.3261880486149862
36,adaptive_JOINT,POOL,COM_LOG_L,2015-01,2023-08,2018-01,2026-08,104,312,0.19295486867598513,1.2510108146192862,1.0194642226067154,-0.039307301175114606
36,adaptive_JOINT,POOL,COM_LOG_D,2015-01,2023-08,2018-01,2026-08,104,312,0.1937406039389468,1.2561050800199867,1.0236156026393954,-0.047788901966812736
36,adaptive_JOINT,POOL,COM_LOG_LD,2015-01,2023-08,2018-01,2026-08,104,312,0.18939998693545615,1.2279629613434913,1.0006822412297498,-0.0013649479125952269
36,adaptive_JOINT,POOL,COM_DEV_L,2015-01,2023-08,2018-01,2026-08,104,312,0.19243185478630126,1.2476198867993238,1.016700913486206,-0.03368074748368555
36,adaptive_JOINT,POOL,COM_DEV_D,2015-01,2023-08,2018-01,2026-08,104,312,0.19369276400902405,1.2557949128284842,1.0233628435496513,-0.04727150955802806
36,adaptive_JOINT,POOL,COM_DEV_LD,2015-01,2023-08,2018-01,2026-08,104,312,0.1888035355448895,1.2240959060827785,0.9975309299548433,0.004932043783425488
36,adaptive_JOINT,POOL,COM_SLOG_L,2015-01,2023-08,2018-01,2026-08,104,312,0.1925252938177083,1.2482256929113948,1.0171945923975914,-0.034684838802902185
36,adaptive_JOINT,POOL,COM_SLOG_D,2015-01,2023-08,2018-01,2026-08,104,312,0.19373761137609385,1.2560856779260248,1.0235997916324828,-0.047756533430062253
36,adaptive_JOINT,POOL,COM_SLOG_LD,2015-01,2023-08,2018-01,2026-08,104,312,0.1890228880191748,1.2255180641212222,0.9986898641719926,0.002618555200127104
36,adaptive_JOINT,POOL,JOINT_LOG_LOG,2015-01,2023-08,2018-01,2026-08,104,312,0.17947285453732686,1.1636010197483742,0.9482328970778425,0.10085437289936161
36,adaptive_JOINT,POOL,JOINT_LOG_DEV,2015-01,2023-08,2018-01,2026-08,104,312,0.17837389347509996,1.1564759744819604,0.9424266093554036,0.1118320859788775
36,adaptive_JOINT,POOL,JOINT_LOG_SLOG,2015-01,2023-08,2018-01,2026-08,104,312,0.1785518630640781,1.1576298291735405,0.9433668998488242,0.11005889226961851
36,adaptive_JOINT,POOL,JOINT_DEV_LOG,2015-01,2023-08,2018-01,2026-08,104,312,0.18210883511470513,1.1806912348440302,0.9621599252402462,0.07424827826168379
36,adaptive_JOINT,POOL,JOINT_DEV_DEV,2015-01,2023-08,2018-01,2026-08,104,312,0.18097628034307778,1.1733483868652435,0.9561761473872218,0.08572717516772999
36,adaptive_JOINT,POOL,JOINT_DEV_SLOG,2015-01,2023-08,2018-01,2026-08,104,312,0.18115240659063225,1.1744902903680723,0.9571066987087604,0.08394676728681816
36,adaptive_JOINT,POOL,JOINT_SLOG_LOG,2015-01,2023-08,2018-01,2026-08,104,312,0.18185755108771448,1.179062050582117,0.9608322827869237,0.07680132435446918
36,adaptive_JOINT,POOL,JOINT_SLOG_DEV,2015-01,2023-08,2018-01,2026-08,104,312,0.18073286935379493,1.1717702469505604,0.9548901016052941,0.08818489385623118
36,adaptive_JOINT,POOL,JOINT_SLOG_SLOG,2015-01,2023-08,2018-01,2026-08,104,312,0.1809018699193137,1.1728659515398847,0.9557830048594534,0.08647884762183389
36,adaptive_JOINT,POOL,ADAPTIVE_JOINT,2015-01,2023-08,2018-01,2026-08,104,312,0.18927085855216172,1.2271257655521433,1.0,0.0
36,adaptive_JOINT,BRL,EJR,2015-01,2023-08,2018-01,2026-08,104,104,0.3002551324611836,1.1903814613323203,1.0,0.0
36,adaptive_JOINT,BRL,TOT_LOG_L,2015-01,2023-08,2018-01,2026-08,104,104,0.24801855719793273,0.9832860811895577,0.8260260371402512,0.3176809859663723
36,adaptive_JOINT,BRL,TOT_LOG_D,2015-01,2023-08,2018-01,2026-08,104,104,0.3021823229681311,1.1980219363947155,1.0064185097891594,-0.012878216846232249
36,adaptive_JOINT,BRL,TOT_LOG_LD,2015-01,2023-08,2018-01,2026-08,104,104,0.24308672234832512,0.9637334936044496,0.8096005565525208,0.34454693882984855
36,adaptive_JOINT,BRL,TOT_DEV_L,2015-01,2023-08,2018-01,2026-08,104,104,0.25327822792822335,1.004138395948439,0.8435433754357775,0.28843457375841486
36,adaptive_JOINT,BRL,TOT_DEV_D,2015-01,2023-08,2018-01,2026-08,104,104,0.30210561409786163,1.1977178189718425,1.006163030824851,-0.012364044598650148
36,adaptive_JOINT,BRL,TOT_DEV_LD,2015-01,2023-08,2018-01,2026-08,104,104,0.2487782170971309,0.9862978034322741,0.8285560851463295,0.3134948137669883
36,adaptive_JOINT,BRL,TOT_SLOG_L,2015-01,2023-08,2018-01,2026-08,104,104,0.2521766016098221,0.9997709250712836,0.839874407950122,0.2946109788704321
36,adaptive_JOINT,BRL,TOT_SLOG_D,2015-01,2023-08,2018-01,2026-08,104,104,0.30219150535975386,1.1980583405975977,1.006449091753063,-0.012939774290565476
36,adaptive_JOINT,BRL,TOT_SLOG_LD,2015-01,2023-08,2018-01,2026-08,104,104,0.2479318210447818,0.9829422099361613,0.8257371623009107,0.3181581387952396
36,adaptive_JOINT,BRL,COM_LOG_L,2015-01,2023-08,2018-01,2026-08,104,104,0.3065765015206256,1.2154429497968753,1.0210533255755725,-0.04254989366893591
36,adaptive_JOINT,BRL,COM_LOG_D,2015-01,2023-08,2018-01,2026-08,104,104,0.3048035654371516,1.2084140266654202,1.0151485602883272,-0.030526599455463765
36,adaptive_JOINT,BRL,COM_LOG_LD,2015-01,2023-08,2018-01,2026-08,104,104,0.2977425700062646,1.1804202402126052,0.9916319083896298,0.016666158263540898
36,adaptive_JOINT,BRL,COM_DEV_L,2015-01,2023-08,2018-01,2026-08,104,104,0.3057844896977309,1.2123029661989209,1.0184155294573096,-0.037170190639812084
36,adaptive_JOINT,BRL,COM_DEV_D,2015-01,2023-08,2018-01,2026-08,104,104,0.3045207154058044,1.2072926488861526,1.0142065279938959,-0.028614881425433225
36,adaptive_JOINT,BRL,COM_DEV_LD,2015-01,2023-08,2018-01,2026-08,104,104,0.29653903284815575,1.1756487370269848,0.987623526756838,0.024599769396385307
36,adaptive_JOINT,BRL,COM_SLOG_L,2015-01,2023-08,2018-01,2026-08,104,104,0.3059279574441485,1.2128717536305784,1.018893348921182,-0.03814365647582174
36,adaptive_JOINT,BRL,COM_SLOG_D,2015-01,2023-08,2018-01,2026-08,104,104,0.30459905258121656,1.2076032218331643,1.0144674300300078,-0.029144166591688947
36,adaptive_JOINT,BRL,COM_SLOG_LD,2015-01,2023-08,2018-01,2026-08,104,104,0.29692378701941546,1.1771741205529336,0.9889049508847318,0.022066998115666148
36,adaptive_JOINT,BRL,JOINT_LOG_LOG,2015-01,2023-08,2018-01,2026-08,104,104,0.270251465866647,1.071429927703667,0.9000727602935632,0.189869026177526
36,adaptive_JOINT,BRL,JOINT_LOG_DEV,2015-01,2023-08,2018-01,2026-08,104,104,0.2691561830062997,1.0670876058882655,0.8964249197009002,0.19642236333923457
36,adaptive_JOINT,BRL,JOINT_LOG_SLOG,2015-01,2023-08,2018-01,2026-08,104,104,0.2689225996541088,1.0661615491383118,0.8956469701275617,0.19781650490131875
36,adaptive_JOINT,BRL,JOINT_DEV_LOG,2015-01,2023-08,2018-01,2026-08,104,104,0.2768764287133878,1.0976950339489204,0.9221372052622009,0.14966297467121759
36,adaptive_JOINT,BRL,JOINT_DEV_DEV,2015-01,2023-08,2018-01,2026-08,104,104,0.27561851064741016,1.0927079340337895,0.9179477079647974,0.157372005442175
36,adaptive_JOINT,BRL,JOINT_DEV_SLOG,2015-01,2023-08,2018-01,2026-08,104,104,0.27543697726597893,1.0919882328580015,0.9173431108678446,0.15848161694330543
36,adaptive_JOINT,BRL,JOINT_SLOG_LOG,2015-01,2023-08,2018-01,2026-08,104,104,0.275628564916532,1.0927477948530593,0.9179811937175284,0.15731052798094158
36,adaptive_JOINT,BRL,JOINT_SLOG_DEV,2015-01,2023-08,2018-01,2026-08,104,104,0.2744113691496032,1.0879221412034867,0.9139273220752638,0.1647368499643369
36,adaptive_JOINT,BRL,JOINT_SLOG_SLOG,2015-01,2023-08,2018-01,2026-08,104,104,0.27421116758613273,1.0871284287772194,0.9132605505805373,0.16595516675333388
36,adaptive_JOINT,BRL,ADAPTIVE_JOINT,2015-01,2023-08,2018-01,2026-08,104,104,0.3002551324611836,1.1903814613323203,1.0,0.0
36,adaptive_JOINT,EUR,EJR,2015-01,2023-08,2018-01,2026-08,104,104,0.09291889748422652,1.336636157153954,1.0,0.0
36,adaptive_JOINT,EUR,TOT_LOG_L,2015-01,2023-08,2018-01,2026-08,104,104,0.06737664698597898,0.9692114838593013,0.7251124239546269,0.4742119726266454
36,adaptive_JOINT,EUR,TOT_LOG_D,2015-01,2023-08,2018-01,2026-08,104,104,0.10236877272373533,1.4725723904467087,1.1017002514597527,-0.21374344406648227
36,adaptive_JOINT,EUR,TOT_LOG_LD,2015-01,2023-08,2018-01,2026-08,104,104,0.07495372375594882,1.078207555169685,0.8066574807204596,0.3493037087977213
36,adaptive_JOINT,EUR,TOT_DEV_L,2015-01,2023-08,2018-01,2026-08,104,104,0.06790363909822275,0.9767922530120943,0.73078395177633,0.4659548158261706
36,adaptive_JOINT,EUR,TOT_DEV_D,2015-01,2023-08,2018-01,2026-08,104,104,0.10168332203388158,1.4627121983780267,1.0943233807863775,-0.1975436617357269
36,adaptive_JOINT,EUR,TOT_DEV_LD,2015-01,2023-08,2018-01,2026-08,104,104,0.07527982787597662,1.0828985552743733,0.8101670372138862,0.34362937181207365
36,adaptive_JOINT,EUR,TOT_SLOG_L,2015-01,2023-08,2018-01,2026-08,104,104,0.06762225941371228,0.9727446128615093,0.7277557229431346,0.4703716077235155
36,adaptive_JOINT,EUR,TOT_SLOG_D,2015-01,2023-08,2018-01,2026-08,104,104,0.1020204746309584,1.4675621305654778,1.0979518418013614,-0.20549824691500174
36,adaptive_JOINT,EUR,TOT_SLOG_LD,2015-01,2023-08,2018-01,2026-08,104,104,0.07530780812315063,1.0833010504725675,0.810468162689237,0.34314135726713246
36,adaptive_JOINT,EUR,COM_LOG_L,2015-01,2023-08,2018-01,2026-08,104,104,0.09619389115798084,1.383746864203977,1.035245722478684,-0.07173370591041217
36,adaptive_JOINT,EUR,COM_LOG_D,2015-01,2023-08,2018-01,2026-08,104,104,0.09534286761093319,1.3715049104747432,1.0260869445541811,-0.05285441778453537
36,adaptive_JOINT,EUR,COM_LOG_LD,2015-01,2023-08,2018-01,2026-08,104,104,0.09019971226738124,1.297520741697686,0.9707359289609858,0.0576717562242518
36,adaptive_JOINT,EUR,COM_DEV_L,2015-01,2023-08,2018-01,2026-08,104,104,0.09529105968918068,1.3707596547375758,1.025529383894776,-0.05171051723159903
36,adaptive_JOINT,EUR,COM_DEV_D,2015-01,2023-08,2018-01,2026-08,104,104,0.09550032440462643,1.373769922752527,1.0277815061337563,-0.05633482435057258
36,adaptive_JOINT,EUR,COM_DEV_LD,2015-01,2023-08,2018-01,2026-08,104,104,0.08936342967572558,1.2854908362654232,0.9617357942811956,0.07506426199831773
36,adaptive_JOINT,EUR,COM_SLOG_L,2015-01,2023-08,2018-01,2026-08,104,104,0.09549504408398708,1.3736939654641929,1.0277246789351744,-0.05621801569240725
36,adaptive_JOINT,EUR,COM_SLOG_D,2015-01,2023-08,2018-01,2026-08,104,104,0.09565116134123282,1.3759397085416523,1.029404824325107,-0.05967429234380428
36,adaptive_JOINT,EUR,COM_SLOG_LD,2015-01,2023-08,2018-01,2026-08,104,104,0.0897564379882961,1.291144251607905,0.9659653786091549,0.06691088732847217
36,adaptive_JOINT,EUR,JOINT_LOG_LOG,2015-01,2023-08,2018-01,2026-08,104,104,0.104793193569801,1.5074476273548874,1.1277920466887827,-0.27191490057447343
36,adaptive_JOINT,EUR,JOINT_LOG_DEV,2015-01,2023-08,2018-01,2026-08,104,104,0.10355930282354012,1.489698137960548,1.1145128238431787,-0.24213883451089613
36,adaptive_JOINT,EUR,JOINT_LOG_SLOG,2015-01,2023-08,2018-01,2026-08,104,104,0.10428169955191105,1.5000897979252419,1.1222873104969142,-0.2595288073023969
36,adaptive_JOINT,EUR,JOINT_DEV_LOG,2015-01,2023-08,2018-01,2026-08,104,104,0.10437699422454645,1.501460609552126,1.1233128787636015,-0.26183182359616963
36,adaptive_JOINT,EUR,JOINT_DEV_DEV,2015-01,2023-08,2018-01,2026-08,104,104,0.10314127465392073,1.483684812562267,1.1100139739758483,-0.23213102242165506
36,adaptive_JOINT,EUR,JOINT_DEV_SLOG,2015-01,2023-08,2018-01,2026-08,104,104,0.10385137430187098,1.4938995793140328,1.1176561185468255,-0.2491551993251555
36,adaptive_JOINT,EUR,JOINT_SLOG_LOG,2015-01,2023-08,2018-01,2026-08,104,104,0.10457714495433977,1.504339773097603,1.1254669156195305,-0.26667577815413934
36,adaptive_JOINT,EUR,JOINT_SLOG_DEV,2015-01,2023-08,2018-01,2026-08,104,104,0.10335625930127938,1.4867773616633944,1.1123276545422278,-0.23727281105941356
36,adaptive_JOINT,EUR,JOINT_SLOG_SLOG,2015-01,2023-08,2018-01,2026-08,104,104,0.10406155293855433,1.4969229940645143,1.1199180764732959,-0.25421649801164703
36,adaptive_JOINT,EUR,ADAPTIVE_JOINT,2015-01,2023-08,2018-01,2026-08,104,104,0.09291889748422652,1.336636157153954,1.0,0.0
36,adaptive_JOINT,CAD,EJR,2015-01,2023-08,2018-01,2026-08,104,104,0.09318426697812272,1.7261167644171025,1.0,0.0
36,adaptive_JOINT,CAD,TOT_LOG_L,2015-01,2023-08,2018-01,2026-08,104,104,0.06941134640881247,1.2857544794030826,0.7448826788014383,0.4451497948215932
36,adaptive_JOINT,CAD,TOT_LOG_D,2015-01,2023-08,2018-01,2026-08,104,104,0.1024253821183802,1.8972963452926175,1.099170336795449,-0.20817542929102095
36,adaptive_JOINT,CAD,TOT_LOG_LD,2015-01,2023-08,2018-01,2026-08,104,104,0.07139867228646592,1.3225670940752878,0.7662095179997337,0.41292297452661575
36,adaptive_JOINT,CAD,TOT_DEV_L,2015-01,2023-08,2018-01,2026-08,104,104,0.07097802677814571,1.314775185770008,0.7616953921503674,0.41982012957689807
36,adaptive_JOINT,CAD,TOT_DEV_D,2015-01,2023-08,2018-01,2026-08,104,104,0.10268067718471606,1.902025352754561,1.1019100167287128,-0.21420568496707237
36,adaptive_JOINT,CAD,TOT_DEV_LD,2015-01,2023-08,2018-01,2026-08,104,104,0.07261909027333487,1.3451737423330377,0.7793063424578309,0.3926816246049979
36,adaptive_JOINT,CAD,TOT_SLOG_L,2015-01,2023-08,2018-01,2026-08,104,104,0.07144572400014224,1.323438665579846,0.7667144499501816,0.4121489522375905
36,adaptive_JOINT,CAD,TOT_SLOG_D,2015-01,2023-08,2018-01,2026-08,104,104,0.10205091452525882,1.8903598225170557,1.095151765793444,-0.19935739012049813
36,adaptive_JOINT,CAD,TOT_SLOG_LD,2015-01,2023-08,2018-01,2026-08,104,104,0.07261796170411794,1.3451528370632069,0.7792942313015861,0.39270050106006993
36,adaptive_JOINT,CAD,COM_LOG_L,2015-01,2023-08,2018-01,2026-08,104,104,0.09193654364049363,1.7030043202215421,0.9866101502099915,0.026600411502617827
36,adaptive_JOINT,CAD,COM_LOG_D,2015-01,2023-08,2018-01,2026-08,104,104,0.10300868379125941,1.9081012464730462,1.1054299951239965,-0.2219754741198392
36,adaptive_JOINT,CAD,COM_LOG_LD,2015-01,2023-08,2018-01,2026-08,104,104,0.10406939543592593,1.9277495434597165,1.116812942901174,-0.2472711494315809
36,adaptive_JOINT,CAD,COM_DEV_L,2015-01,2023-08,2018-01,2026-08,104,104,0.09222535450243449,1.708354163995695,0.9897095024000848,0.020475100858976525
36,adaptive_JOINT,CAD,COM_DEV_D,2015-01,2023-08,2018-01,2026-08,104,104,0.10342863440901977,1.915880282838849,1.10993666380723,-0.23195939766352391
36,adaptive_JOINT,CAD,COM_DEV_LD,2015-01,2023-08,2018-01,2026-08,104,104,0.10497192261182557,1.9444676798917835,1.1264983458685174,-0.268998523244506
36,adaptive_JOINT,CAD,COM_SLOG_L,2015-01,2023-08,2018-01,2026-08,104,104,0.09212354578626115,1.706468290581121,0.9886169497678121,0.02263652663178717
36,adaptive_JOINT,CAD,COM_SLOG_D,2015-01,2023-08,2018-01,2026-08,104,104,0.1033104964940245,1.9136919323565247,1.1086688755976282,-0.2291466757189089
36,adaptive_JOINT,CAD,COM_SLOG_LD,2015-01,2023-08,2018-01,2026-08,104,104,0.10473300877483863,1.9400421132951047,1.1239344598742969,-0.26322867009292716
36,adaptive_JOINT,CAD,JOINT_LOG_LOG,2015-01,2023-08,2018-01,2026-08,104,104,0.11231228038687581,2.0804382146528533,1.2052708469901239,-0.45267781460429046
36,adaptive_JOINT,CAD,JOINT_LOG_DEV,2015-01,2023-08,2018-01,2026-08,104,104,0.11082489597820772,2.0528863623263507,1.1893090923194851,-0.4144561170737977
36,adaptive_JOINT,CAD,JOINT_LOG_SLOG,2015-01,2023-08,2018-01,2026-08,104,104,0.1115717972643659,2.066721732536485,1.1973244076766745,-0.4335857372182996
36,adaptive_JOINT,CAD,JOINT_DEV_LOG,2015-01,2023-08,2018-01,2026-08,104,104,0.10925094864610488,2.023731044971221,1.1724183941024529,-0.3745648908297745
36,adaptive_JOINT,CAD,JOINT_DEV_DEV,2015-01,2023-08,2018-01,2026-08,104,104,0.10795163820765667,1.9996630171515235,1.1584749411936774,-0.3420641893736944
36,adaptive_JOINT,CAD,JOINT_DEV_SLOG,2015-01,2023-08,2018-01,2026-08,104,104,0.10861835411626569,2.0120130580358264,1.1656297531617272,-0.35869272145586906
36,adaptive_JOINT,CAD,JOINT_SLOG_LOG,2015-01,2023-08,2018-01,2026-08,104,104,0.11094603020439342,2.0551302155576363,1.1906090352187961,-0.41754987474463245
36,adaptive_JOINT,CAD,JOINT_SLOG_DEV,2015-01,2023-08,2018-01,2026-08,104,104,0.10958555716541588,2.02992923049577,1.176009220431425,-0.38299768653972777
36,adaptive_JOINT,CAD,JOINT_SLOG_SLOG,2015-01,2023-08,2018-01,2026-08,104,104,0.11025374547823398,2.0423065457437795,1.1831798333952526,-0.39991451815321755
36,adaptive_JOINT,CAD,ADAPTIVE_JOINT,2015-01,2023-08,2018-01,2026-08,104,104,0.09318426697812272,1.7261167644171025,1.0,0.0
36,adaptive_ALL,POOL,EJR,2015-01,2023-08,2018-01,2026-08,104,312,0.18927085855216172,1.2271257655521433,1.0,0.0
36,adaptive_ALL,POOL,TOT_LOG_L,2015-01,2023-08,2018-01,2026-08,104,312,0.1536996554798802,0.996502096723302,0.8120619130468079,0.3405554493787587
36,adaptive_ALL,POOL,TOT_LOG_D,2015-01,2023-08,2018-01,2026-08,104,312,0.1934635890337644,1.2543090712197327,1.0221520128015227,-0.04479473727420413
36,adaptive_ALL,POOL,TOT_LOG_LD,2015-01,2023-08,2018-01,2026-08,104,312,0.15254178191696088,0.9889950959457978,0.805944365042976,0.3504536804554743
36,adaptive_ALL,POOL,TOT_DEV_L,2015-01,2023-08,2018-01,2026-08,104,312,0.15684243179123214,1.0168780902414167,0.828666562782075,0.3133117277269415
36,adaptive_ALL,POOL,TOT_DEV_D,2015-01,2023-08,2018-01,2026-08,104,312,0.19334823636503132,1.2535611894115646,1.0215425546439623,-0.04354919094851284
36,adaptive_ALL,POOL,TOT_DEV_LD,2015-01,2023-08,2018-01,2026-08,104,312,0.15581098170453264,1.0101907481595342,0.8232169648112642,0.32231382884692994
36,adaptive_ALL,POOL,TOT_SLOG_L,2015-01,2023-08,2018-01,2026-08,104,312,0.1562799836251152,1.0132314927582684,0.8256949052832956,0.3182279233892096
36,adaptive_ALL,POOL,TOT_SLOG_D,2015-01,2023-08,2018-01,2026-08,104,312,0.1933410391949606,1.2535145270098593,1.021504528874302,-0.04347150251070975
36,adaptive_ALL,POOL,TOT_SLOG_LD,2015-01,2023-08,2018-01,2026-08,104,312,0.1553649705402902,1.0072990626906115,0.8208604944721203,0.3261880486149862
36,adaptive_ALL,POOL,COM_LOG_L,2015-01,2023-08,2018-01,2026-08,104,312,0.19295486867598513,1.2510108146192862,1.0194642226067154,-0.039307301175114606
36,adaptive_ALL,POOL,COM_LOG_D,2015-01,2023-08,2018-01,2026-08,104,312,0.1937406039389468,1.2561050800199867,1.0236156026393954,-0.047788901966812736
36,adaptive_ALL,POOL,COM_LOG_LD,2015-01,2023-08,2018-01,2026-08,104,312,0.18939998693545615,1.2279629613434913,1.0006822412297498,-0.0013649479125952269
36,adaptive_ALL,POOL,COM_DEV_L,2015-01,2023-08,2018-01,2026-08,104,312,0.19243185478630126,1.2476198867993238,1.016700913486206,-0.03368074748368555
36,adaptive_ALL,POOL,COM_DEV_D,2015-01,2023-08,2018-01,2026-08,104,312,0.19369276400902405,1.2557949128284842,1.0233628435496513,-0.04727150955802806
36,adaptive_ALL,POOL,COM_DEV_LD,2015-01,2023-08,2018-01,2026-08,104,312,0.1888035355448895,1.2240959060827785,0.9975309299548433,0.004932043783425488
36,adaptive_ALL,POOL,COM_SLOG_L,2015-01,2023-08,2018-01,2026-08,104,312,0.1925252938177083,1.2482256929113948,1.0171945923975914,-0.034684838802902185
36,adaptive_ALL,POOL,COM_SLOG_D,2015-01,2023-08,2018-01,2026-08,104,312,0.19373761137609385,1.2560856779260248,1.0235997916324828,-0.047756533430062253
36,adaptive_ALL,POOL,COM_SLOG_LD,2015-01,2023-08,2018-01,2026-08,104,312,0.1890228880191748,1.2255180641212222,0.9986898641719926,0.002618555200127104
36,adaptive_ALL,POOL,JOINT_LOG_LOG,2015-01,2023-08,2018-01,2026-08,104,312,0.17947285453732686,1.1636010197483742,0.9482328970778425,0.10085437289936161
36,adaptive_ALL,POOL,JOINT_LOG_DEV,2015-01,2023-08,2018-01,2026-08,104,312,0.17837389347509996,1.1564759744819604,0.9424266093554036,0.1118320859788775
36,adaptive_ALL,POOL,JOINT_LOG_SLOG,2015-01,2023-08,2018-01,2026-08,104,312,0.1785518630640781,1.1576298291735405,0.9433668998488242,0.11005889226961851
36,adaptive_ALL,POOL,JOINT_DEV_LOG,2015-01,2023-08,2018-01,2026-08,104,312,0.18210883511470513,1.1806912348440302,0.9621599252402462,0.07424827826168379
36,adaptive_ALL,POOL,JOINT_DEV_DEV,2015-01,2023-08,2018-01,2026-08,104,312,0.18097628034307778,1.1733483868652435,0.9561761473872218,0.08572717516772999
36,adaptive_ALL,POOL,JOINT_DEV_SLOG,2015-01,2023-08,2018-01,2026-08,104,312,0.18115240659063225,1.1744902903680723,0.9571066987087604,0.08394676728681816
36,adaptive_ALL,POOL,JOINT_SLOG_LOG,2015-01,2023-08,2018-01,2026-08,104,312,0.18185755108771448,1.179062050582117,0.9608322827869237,0.07680132435446918
36,adaptive_ALL,POOL,JOINT_SLOG_DEV,2015-01,2023-08,2018-01,2026-08,104,312,0.18073286935379493,1.1717702469505604,0.9548901016052941,0.08818489385623118
36,adaptive_ALL,POOL,JOINT_SLOG_SLOG,2015-01,2023-08,2018-01,2026-08,104,312,0.1809018699193137,1.1728659515398847,0.9557830048594534,0.08647884762183389
36,adaptive_ALL,POOL,ADAPTIVE_ALL,2015-01,2023-08,2018-01,2026-08,104,312,0.15940504015786192,1.033492601200822,0.8422059337461663,0.2906891651627481
36,adaptive_ALL,BRL,EJR,2015-01,2023-08,2018-01,2026-08,104,104,0.3002551324611836,1.1903814613323203,1.0,0.0
36,adaptive_ALL,BRL,TOT_LOG_L,2015-01,2023-08,2018-01,2026-08,104,104,0.24801855719793273,0.9832860811895577,0.8260260371402512,0.3176809859663723
36,adaptive_ALL,BRL,TOT_LOG_D,2015-01,2023-08,2018-01,2026-08,104,104,0.3021823229681311,1.1980219363947155,1.0064185097891594,-0.012878216846232249
36,adaptive_ALL,BRL,TOT_LOG_LD,2015-01,2023-08,2018-01,2026-08,104,104,0.24308672234832512,0.9637334936044496,0.8096005565525208,0.34454693882984855
36,adaptive_ALL,BRL,TOT_DEV_L,2015-01,2023-08,2018-01,2026-08,104,104,0.25327822792822335,1.004138395948439,0.8435433754357775,0.28843457375841486
36,adaptive_ALL,BRL,TOT_DEV_D,2015-01,2023-08,2018-01,2026-08,104,104,0.30210561409786163,1.1977178189718425,1.006163030824851,-0.012364044598650148
36,adaptive_ALL,BRL,TOT_DEV_LD,2015-01,2023-08,2018-01,2026-08,104,104,0.2487782170971309,0.9862978034322741,0.8285560851463295,0.3134948137669883
36,adaptive_ALL,BRL,TOT_SLOG_L,2015-01,2023-08,2018-01,2026-08,104,104,0.2521766016098221,0.9997709250712836,0.839874407950122,0.2946109788704321
36,adaptive_ALL,BRL,TOT_SLOG_D,2015-01,2023-08,2018-01,2026-08,104,104,0.30219150535975386,1.1980583405975977,1.006449091753063,-0.012939774290565476
36,adaptive_ALL,BRL,TOT_SLOG_LD,2015-01,2023-08,2018-01,2026-08,104,104,0.2479318210447818,0.9829422099361613,0.8257371623009107,0.3181581387952396
36,adaptive_ALL,BRL,COM_LOG_L,2015-01,2023-08,2018-01,2026-08,104,104,0.3065765015206256,1.2154429497968753,1.0210533255755725,-0.04254989366893591
36,adaptive_ALL,BRL,COM_LOG_D,2015-01,2023-08,2018-01,2026-08,104,104,0.3048035654371516,1.2084140266654202,1.0151485602883272,-0.030526599455463765
36,adaptive_ALL,BRL,COM_LOG_LD,2015-01,2023-08,2018-01,2026-08,104,104,0.2977425700062646,1.1804202402126052,0.9916319083896298,0.016666158263540898
36,adaptive_ALL,BRL,COM_DEV_L,2015-01,2023-08,2018-01,2026-08,104,104,0.3057844896977309,1.2123029661989209,1.0184155294573096,-0.037170190639812084
36,adaptive_ALL,BRL,COM_DEV_D,2015-01,2023-08,2018-01,2026-08,104,104,0.3045207154058044,1.2072926488861526,1.0142065279938959,-0.028614881425433225
36,adaptive_ALL,BRL,COM_DEV_LD,2015-01,2023-08,2018-01,2026-08,104,104,0.29653903284815575,1.1756487370269848,0.987623526756838,0.024599769396385307
36,adaptive_ALL,BRL,COM_SLOG_L,2015-01,2023-08,2018-01,2026-08,104,104,0.3059279574441485,1.2128717536305784,1.018893348921182,-0.03814365647582174
36,adaptive_ALL,BRL,COM_SLOG_D,2015-01,2023-08,2018-01,2026-08,104,104,0.30459905258121656,1.2076032218331643,1.0144674300300078,-0.029144166591688947
36,adaptive_ALL,BRL,COM_SLOG_LD,2015-01,2023-08,2018-01,2026-08,104,104,0.29692378701941546,1.1771741205529336,0.9889049508847318,0.022066998115666148
36,adaptive_ALL,BRL,JOINT_LOG_LOG,2015-01,2023-08,2018-01,2026-08,104,104,0.270251465866647,1.071429927703667,0.9000727602935632,0.189869026177526
36,adaptive_ALL,BRL,JOINT_LOG_DEV,2015-01,2023-08,2018-01,2026-08,104,104,0.2691561830062997,1.0670876058882655,0.8964249197009002,0.19642236333923457
36,adaptive_ALL,BRL,JOINT_LOG_SLOG,2015-01,2023-08,2018-01,2026-08,104,104,0.2689225996541088,1.0661615491383118,0.8956469701275617,0.19781650490131875
36,adaptive_ALL,BRL,JOINT_DEV_LOG,2015-01,2023-08,2018-01,2026-08,104,104,0.2768764287133878,1.0976950339489204,0.9221372052622009,0.14966297467121759
36,adaptive_ALL,BRL,JOINT_DEV_DEV,2015-01,2023-08,2018-01,2026-08,104,104,0.27561851064741016,1.0927079340337895,0.9179477079647974,0.157372005442175
36,adaptive_ALL,BRL,JOINT_DEV_SLOG,2015-01,2023-08,2018-01,2026-08,104,104,0.27543697726597893,1.0919882328580015,0.9173431108678446,0.15848161694330543
36,adaptive_ALL,BRL,JOINT_SLOG_LOG,2015-01,2023-08,2018-01,2026-08,104,104,0.275628564916532,1.0927477948530593,0.9179811937175284,0.15731052798094158
36,adaptive_ALL,BRL,JOINT_SLOG_DEV,2015-01,2023-08,2018-01,2026-08,104,104,0.2744113691496032,1.0879221412034867,0.9139273220752638,0.1647368499643369
36,adaptive_ALL,BRL,JOINT_SLOG_SLOG,2015-01,2023-08,2018-01,2026-08,104,104,0.27421116758613273,1.0871284287772194,0.9132605505805373,0.16595516675333388
36,adaptive_ALL,BRL,ADAPTIVE_ALL,2015-01,2023-08,2018-01,2026-08,104,104,0.25663593547628794,1.017450251053225,0.854726223570767,0.26944308274045514
36,adaptive_ALL,EUR,EJR,2015-01,2023-08,2018-01,2026-08,104,104,0.09291889748422652,1.336636157153954,1.0,0.0
36,adaptive_ALL,EUR,TOT_LOG_L,2015-01,2023-08,2018-01,2026-08,104,104,0.06737664698597898,0.9692114838593013,0.7251124239546269,0.4742119726266454
36,adaptive_ALL,EUR,TOT_LOG_D,2015-01,2023-08,2018-01,2026-08,104,104,0.10236877272373533,1.4725723904467087,1.1017002514597527,-0.21374344406648227
36,adaptive_ALL,EUR,TOT_LOG_LD,2015-01,2023-08,2018-01,2026-08,104,104,0.07495372375594882,1.078207555169685,0.8066574807204596,0.3493037087977213
36,adaptive_ALL,EUR,TOT_DEV_L,2015-01,2023-08,2018-01,2026-08,104,104,0.06790363909822275,0.9767922530120943,0.73078395177633,0.4659548158261706
36,adaptive_ALL,EUR,TOT_DEV_D,2015-01,2023-08,2018-01,2026-08,104,104,0.10168332203388158,1.4627121983780267,1.0943233807863775,-0.1975436617357269
36,adaptive_ALL,EUR,TOT_DEV_LD,2015-01,2023-08,2018-01,2026-08,104,104,0.07527982787597662,1.0828985552743733,0.8101670372138862,0.34362937181207365
36,adaptive_ALL,EUR,TOT_SLOG_L,2015-01,2023-08,2018-01,2026-08,104,104,0.06762225941371228,0.9727446128615093,0.7277557229431346,0.4703716077235155
36,adaptive_ALL,EUR,TOT_SLOG_D,2015-01,2023-08,2018-01,2026-08,104,104,0.1020204746309584,1.4675621305654778,1.0979518418013614,-0.20549824691500174
36,adaptive_ALL,EUR,TOT_SLOG_LD,2015-01,2023-08,2018-01,2026-08,104,104,0.07530780812315063,1.0833010504725675,0.810468162689237,0.34314135726713246
36,adaptive_ALL,EUR,COM_LOG_L,2015-01,2023-08,2018-01,2026-08,104,104,0.09619389115798084,1.383746864203977,1.035245722478684,-0.07173370591041217
36,adaptive_ALL,EUR,COM_LOG_D,2015-01,2023-08,2018-01,2026-08,104,104,0.09534286761093319,1.3715049104747432,1.0260869445541811,-0.05285441778453537
36,adaptive_ALL,EUR,COM_LOG_LD,2015-01,2023-08,2018-01,2026-08,104,104,0.09019971226738124,1.297520741697686,0.9707359289609858,0.0576717562242518
36,adaptive_ALL,EUR,COM_DEV_L,2015-01,2023-08,2018-01,2026-08,104,104,0.09529105968918068,1.3707596547375758,1.025529383894776,-0.05171051723159903
36,adaptive_ALL,EUR,COM_DEV_D,2015-01,2023-08,2018-01,2026-08,104,104,0.09550032440462643,1.373769922752527,1.0277815061337563,-0.05633482435057258
36,adaptive_ALL,EUR,COM_DEV_LD,2015-01,2023-08,2018-01,2026-08,104,104,0.08936342967572558,1.2854908362654232,0.9617357942811956,0.07506426199831773
36,adaptive_ALL,EUR,COM_SLOG_L,2015-01,2023-08,2018-01,2026-08,104,104,0.09549504408398708,1.3736939654641929,1.0277246789351744,-0.05621801569240725
36,adaptive_ALL,EUR,COM_SLOG_D,2015-01,2023-08,2018-01,2026-08,104,104,0.09565116134123282,1.3759397085416523,1.029404824325107,-0.05967429234380428
36,adaptive_ALL,EUR,COM_SLOG_LD,2015-01,2023-08,2018-01,2026-08,104,104,0.0897564379882961,1.291144251607905,0.9659653786091549,0.06691088732847217
36,adaptive_ALL,EUR,JOINT_LOG_LOG,2015-01,2023-08,2018-01,2026-08,104,104,0.104793193569801,1.5074476273548874,1.1277920466887827,-0.27191490057447343
36,adaptive_ALL,EUR,JOINT_LOG_DEV,2015-01,2023-08,2018-01,2026-08,104,104,0.10355930282354012,1.489698137960548,1.1145128238431787,-0.24213883451089613
36,adaptive_ALL,EUR,JOINT_LOG_SLOG,2015-01,2023-08,2018-01,2026-08,104,104,0.10428169955191105,1.5000897979252419,1.1222873104969142,-0.2595288073023969
36,adaptive_ALL,EUR,JOINT_DEV_LOG,2015-01,2023-08,2018-01,2026-08,104,104,0.10437699422454645,1.501460609552126,1.1233128787636015,-0.26183182359616963
36,adaptive_ALL,EUR,JOINT_DEV_DEV,2015-01,2023-08,2018-01,2026-08,104,104,0.10314127465392073,1.483684812562267,1.1100139739758483,-0.23213102242165506
36,adaptive_ALL,EUR,JOINT_DEV_SLOG,2015-01,2023-08,2018-01,2026-08,104,104,0.10385137430187098,1.4938995793140328,1.1176561185468255,-0.2491551993251555
36,adaptive_ALL,EUR,JOINT_SLOG_LOG,2015-01,2023-08,2018-01,2026-08,104,104,0.10457714495433977,1.504339773097603,1.1254669156195305,-0.26667577815413934
36,adaptive_ALL,EUR,JOINT_SLOG_DEV,2015-01,2023-08,2018-01,2026-08,104,104,0.10335625930127938,1.4867773616633944,1.1123276545422278,-0.23727281105941356
36,adaptive_ALL,EUR,JOINT_SLOG_SLOG,2015-01,2023-08,2018-01,2026-08,104,104,0.10406155293855433,1.4969229940645143,1.1199180764732959,-0.25421649801164703
36,adaptive_ALL,EUR,ADAPTIVE_ALL,2015-01,2023-08,2018-01,2026-08,104,104,0.06925763167934344,0.9962694044790642,0.7453557193906686,0.44444485157161884
36,adaptive_ALL,CAD,EJR,2015-01,2023-08,2018-01,2026-08,104,104,0.09318426697812272,1.7261167644171025,1.0,0.0
36,adaptive_ALL,CAD,TOT_LOG_L,2015-01,2023-08,2018-01,2026-08,104,104,0.06941134640881247,1.2857544794030826,0.7448826788014383,0.4451497948215932
36,adaptive_ALL,CAD,TOT_LOG_D,2015-01,2023-08,2018-01,2026-08,104,104,0.1024253821183802,1.8972963452926175,1.099170336795449,-0.20817542929102095
36,adaptive_ALL,CAD,TOT_LOG_LD,2015-01,2023-08,2018-01,2026-08,104,104,0.07139867228646592,1.3225670940752878,0.7662095179997337,0.41292297452661575
36,adaptive_ALL,CAD,TOT_DEV_L,2015-01,2023-08,2018-01,2026-08,104,104,0.07097802677814571,1.314775185770008,0.7616953921503674,0.41982012957689807
36,adaptive_ALL,CAD,TOT_DEV_D,2015-01,2023-08,2018-01,2026-08,104,104,0.10268067718471606,1.902025352754561,1.1019100167287128,-0.21420568496707237
36,adaptive_ALL,CAD,TOT_DEV_LD,2015-01,2023-08,2018-01,2026-08,104,104,0.07261909027333487,1.3451737423330377,0.7793063424578309,0.3926816246049979
36,adaptive_ALL,CAD,TOT_SLOG_L,2015-01,2023-08,2018-01,2026-08,104,104,0.07144572400014224,1.323438665579846,0.7667144499501816,0.4121489522375905
36,adaptive_ALL,CAD,TOT_SLOG_D,2015-01,2023-08,2018-01,2026-08,104,104,0.10205091452525882,1.8903598225170557,1.095151765793444,-0.19935739012049813
36,adaptive_ALL,CAD,TOT_SLOG_LD,2015-01,2023-08,2018-01,2026-08,104,104,0.07261796170411794,1.3451528370632069,0.7792942313015861,0.39270050106006993
36,adaptive_ALL,CAD,COM_LOG_L,2015-01,2023-08,2018-01,2026-08,104,104,0.09193654364049363,1.7030043202215421,0.9866101502099915,0.026600411502617827
36,adaptive_ALL,CAD,COM_LOG_D,2015-01,2023-08,2018-01,2026-08,104,104,0.10300868379125941,1.9081012464730462,1.1054299951239965,-0.2219754741198392
36,adaptive_ALL,CAD,COM_LOG_LD,2015-01,2023-08,2018-01,2026-08,104,104,0.10406939543592593,1.9277495434597165,1.116812942901174,-0.2472711494315809
36,adaptive_ALL,CAD,COM_DEV_L,2015-01,2023-08,2018-01,2026-08,104,104,0.09222535450243449,1.708354163995695,0.9897095024000848,0.020475100858976525
36,adaptive_ALL,CAD,COM_DEV_D,2015-01,2023-08,2018-01,2026-08,104,104,0.10342863440901977,1.915880282838849,1.10993666380723,-0.23195939766352391
36,adaptive_ALL,CAD,COM_DEV_LD,2015-01,2023-08,2018-01,2026-08,104,104,0.10497192261182557,1.9444676798917835,1.1264983458685174,-0.268998523244506
36,adaptive_ALL,CAD,COM_SLOG_L,2015-01,2023-08,2018-01,2026-08,104,104,0.09212354578626115,1.706468290581121,0.9886169497678121,0.02263652663178717
36,adaptive_ALL,CAD,COM_SLOG_D,2015-01,2023-08,2018-01,2026-08,104,104,0.1033104964940245,1.9136919323565247,1.1086688755976282,-0.2291466757189089
36,adaptive_ALL,CAD,COM_SLOG_LD,2015-01,2023-08,2018-01,2026-08,104,104,0.10473300877483863,1.9400421132951047,1.1239344598742969,-0.26322867009292716
36,adaptive_ALL,CAD,JOINT_LOG_LOG,2015-01,2023-08,2018-01,2026-08,104,104,0.11231228038687581,2.0804382146528533,1.2052708469901239,-0.45267781460429046
36,adaptive_ALL,CAD,JOINT_LOG_DEV,2015-01,2023-08,2018-01,2026-08,104,104,0.11082489597820772,2.0528863623263507,1.1893090923194851,-0.4144561170737977
36,adaptive_ALL,CAD,JOINT_LOG_SLOG,2015-01,2023-08,2018-01,2026-08,104,104,0.1115717972643659,2.066721732536485,1.1973244076766745,-0.4335857372182996
36,adaptive_ALL,CAD,JOINT_DEV_LOG,2015-01,2023-08,2018-01,2026-08,104,104,0.10925094864610488,2.023731044971221,1.1724183941024529,-0.3745648908297745
36,adaptive_ALL,CAD,JOINT_DEV_DEV,2015-01,2023-08,2018-01,2026-08,104,104,0.10795163820765667,1.9996630171515235,1.1584749411936774,-0.3420641893736944
36,adaptive_ALL,CAD,JOINT_DEV_SLOG,2015-01,2023-08,2018-01,2026-08,104,104,0.10861835411626569,2.0120130580358264,1.1656297531617272,-0.35869272145586906
36,adaptive_ALL,CAD,JOINT_SLOG_LOG,2015-01,2023-08,2018-01,2026-08,104,104,0.11094603020439342,2.0551302155576363,1.1906090352187961,-0.41754987474463245
36,adaptive_ALL,CAD,JOINT_SLOG_DEV,2015-01,2023-08,2018-01,2026-08,104,104,0.10958555716541588,2.02992923049577,1.176009220431425,-0.38299768653972777
36,adaptive_ALL,CAD,JOINT_SLOG_SLOG,2015-01,2023-08,2018-01,2026-08,104,104,0.11025374547823398,2.0423065457437795,1.1831798333952526,-0.39991451815321755
36,adaptive_ALL,CAD,ADAPTIVE_ALL,2015-01,2023-08,2018-01,2026-08,104,104,0.07464099114807961,1.3826268136407283,0.801004220654581,0.3583922384935473
48,fixed,POOL,EJR,2010-01,2022-08,2014-01,2026-08,152,456,0.22034500554162664,0.8709846701642818,1.0,0.0
48,fixed,POOL,TOT_LOG_L,2010-01,2022-08,2014-01,2026-08,152,456,0.18812370596222347,0.7436195959369506,0.8537688680521689,0.27107871994491817
48,fixed,POOL,TOT_LOG_D,2010-01,2022-08,2014-01,2026-08,152,456,0.23391852997007803,0.9246384013583304,1.0616012348230293,-0.1269971817777804
48,fixed,POOL,TOT_LOG_LD,2010-01,2022-08,2014-01,2026-08,152,456,0.19508258763926037,0.7711268191993415,0.8853506216749997,0.21615427669969167
48,fixed,POOL,TOT_DEV_L,2010-01,2022-08,2014-01,2026-08,152,456,0.19350808475160258,0.7649030889409296,0.8782049961874261,0.22875598467144298
48,fixed,POOL,TOT_DEV_D,2010-01,2022-08,2014-01,2026-08,152,456,0.2347180012520582,0.9277985693373126,1.0652295053164538,-0.1347138989967367
48,fixed,POOL,TOT_DEV_LD,2010-01,2022-08,2014-01,2026-08,152,456,0.19913654999058478,0.7871514123265937,0.9037488710084004,0.1832379781510417
48,fixed,POOL,TOT_SLOG_L,2010-01,2022-08,2014-01,2026-08,152,456,0.1911764705429465,0.7556866321055011,0.8676233440055452,0.2472297329366353
48,fixed,POOL,TOT_SLOG_D,2010-01,2022-08,2014-01,2026-08,152,456,0.23381078065175587,0.9242124874409781,1.0611122320518644,-0.12595916901008986
48,fixed,POOL,TOT_SLOG_LD,2010-01,2022-08,2014-01,2026-08,152,456,0.1973693611576132,0.7801660287504136,0.8957287716708742,0.19766996760098698
48,fixed,POOL,COM_LOG_L,2010-01,2022-08,2014-01,2026-08,152,456,0.22416183089422034,0.8860719028548157,1.017322041601132,-0.03494413632749538
48,fixed,POOL,COM_LOG_D,2010-01,2022-08,2014-01,2026-08,152,456,0.22437545112820576,0.8869163056974436,1.0182915223182478,-0.036917624425214735
48,fixed,POOL,COM_LOG_LD,2010-01,2022-08,2014-01,2026-08,152,456,0.21690137908086368,0.8573726264071566,0.9843716609219336,0.031012433173793763
48,fixed,POOL,COM_DEV_L,2010-01,2022-08,2014-01,2026-08,152,456,0.2237461190080835,0.8844286676058921,1.0154354007620758,-0.031109053120837782
48,fixed,POOL,COM_DEV_D,2010-01,2022-08,2014-01,2026-08,152,456,0.22414867626998064,0.8860199049616646,1.0172623414767414,-0.03482267138674233
48,fixed,POOL,COM_DEV_LD,2010-01,2022-08,2014-01,2026-08,152,456,0.2160400427761119,0.8539679169813603,0.980462626076172,0.0386930388678165
48,fixed,POOL,COM_SLOG_L,2010-01,2022-08,2014-01,2026-08,152,456,0.22390158978855038,0.8850432159870195,1.0161409796341032,-0.03254249049175484
48,fixed,POOL,COM_SLOG_D,2010-01,2022-08,2014-01,2026-08,152,456,0.22413696463265143,0.8859736109394732,1.017209190113948,-0.03471453645227407
48,fixed,POOL,COM_SLOG_LD,2010-01,2022-08,2014-01,2026-08,152,456,0.21643296208757895,0.8555210572309343,0.9822458265190466,0.03519313628591503
48,fixed,POOL,JOINT_LOG_LOG,2010-01,2022-08,2014-01,2026-08,152,456,0.20014921554660392,0.7911542994041927,0.9083446890689455,0.17490992584024068
48,fixed,POOL,JOINT_LOG_DEV,2010-01,2022-08,2014-01,2026-08,152,456,0.20013985074036011,0.791117281988448,0.9083021884176565,0.17498713451569592
48,fixed,POOL,JOINT_LOG_SLOG,2010-01,2022-08,2014-01,2026-08,152,456,0.1998970211318769,0.790157419676475,0.9072001457011161,0.17698789563987372
48,fixed,POOL,JOINT_DEV_LOG,2010-01,2022-08,2014-01,2026-08,152,456,0.2061355525085477,0.8148172261470721,0.935512706547848,0.12481597588752003
48,fixed,POOL,JOINT_DEV_DEV,2010-01,2022-08,2014-01,2026-08,152,456,0.20601028231955346,0.8143220553399354,0.9349441881524058,0.12587936504003894
48,fixed,POOL,JOINT_DEV_SLOG,2010-01,2022-08,2014-01,2026-08,152,456,0.20578164968065943,0.8134183111271432,0.933906576075236,0.12781850716342946
48,fixed,POOL,JOINT_SLOG_LOG,2010-01,2022-08,2014-01,2026-08,152,456,0.20316531867428872,0.8030764193605342,0.9220327829754581,0.14985554711853188
48,fixed,POOL,JOINT_SLOG_DEV,2010-01,2022-08,2014-01,2026-08,152,456,0.20308995983119058,0.8027785392386841,0.9216907791124119,0.15048610769915505
48,fixed,POOL,JOINT_SLOG_SLOG,2010-01,2022-08,2014-01,2026-08,152,456,0.20284040072757814,0.8017920764277296,0.920558195675819,0.1525726083740806
48,fixed,BRL,EJR,2010-01,2022-08,2014-01,2026-08,152,152,0.34338469944119226,0.8655957586939479,1.0,0.0
48,fixed,BRL,TOT_LOG_L,2010-01,2022-08,2014-01,2026-08,152,152,0.2706638861681887,0.6822829097512808,0.7882234898894859,0.37870372998643964
48,fixed,BRL,TOT_LOG_D,2010-01,2022-08,2014-01,2026-08,152,152,0.35437660569347995,0.8933038873538016,1.0320104718415686,-0.06504561399065678
48,fixed,BRL,TOT_LOG_LD,2010-01,2022-08,2014-01,2026-08,152,152,0.2572218627669913,0.6483985856585763,0.7490778220042472,0.4388824165813734
48,fixed,BRL,TOT_DEV_L,2010-01,2022-08,2014-01,2026-08,152,152,0.277949274000632,0.7006477373585266,0.8094398919140932,0.34480706137810124
48,fixed,BRL,TOT_DEV_D,2010-01,2022-08,2014-01,2026-08,152,152,0.3566628742024343,0.8990670571391965,1.0386685102243935,-0.0788322741317613
48,fixed,BRL,TOT_DEV_LD,2010-01,2022-08,2014-01,2026-08,152,152,0.26376496723103054,0.664892283490718,0.768132557042492,0.40997237481136284
48,fixed,BRL,TOT_SLOG_L,2010-01,2022-08,2014-01,2026-08,152,152,0.2749173867150193,0.693005029982411,0.8006104732167935,0.3590228701755821
48,fixed,BRL,TOT_SLOG_D,2010-01,2022-08,2014-01,2026-08,152,152,0.35500915086181956,0.8948983917559724,1.0338525608145743,-0.06885111750285322
48,fixed,BRL,TOT_SLOG_LD,2010-01,2022-08,2014-01,2026-08,152,152,0.2615603858614935,0.6593350286500905,0.7617124067762608,0.4197942093631162
48,fixed,BRL,COM_LOG_L,2010-01,2022-08,2014-01,2026-08,152,152,0.35060626092788283,0.8837996944086126,1.0210305278553256,-0.04250333881252466
48,fixed,BRL,COM_LOG_D,2010-01,2022-08,2014-01,2026-08,152,152,0.34959233978902415,0.8812438267800478,1.0180778012472131,-0.03648240939236014
48,fixed,BRL,COM_LOG_LD,2010-01,2022-08,2014-01,2026-08,152,152,0.33645056913253,0.8481163724685953,0.9798065251015945,0.03997917336833856
48,fixed,BRL,COM_DEV_L,2010-01,2022-08,2014-01,2026-08,152,152,0.34997420595870576,0.8822064256885112,1.0191898664332948,-0.03874798384031708
48,fixed,BRL,COM_DEV_D,2010-01,2022-08,2014-01,2026-08,152,152,0.3493244892953418,0.8805686358013209,1.0172977708785969,-0.03489475463456215
48,fixed,BRL,COM_DEV_LD,2010-01,2022-08,2014-01,2026-08,152,152,0.3351004374570809,0.8447129935357282,0.9758746909877093,0.04766858748964298
48,fixed,BRL,COM_SLOG_L,2010-01,2022-08,2014-01,2026-08,152,152,0.3502257360133653,0.8828404765033893,1.0199223686533088,-0.040241638079375974
48,fixed,BRL,COM_SLOG_D,2010-01,2022-08,2014-01,2026-08,152,152,0.3492690848669098,0.8804289736721065,1.0171364228962256,-0.03456650278212936
48,fixed,BRL,COM_SLOG_LD,2010-01,2022-08,2014-01,2026-08,152,152,0.33581578092266434,0.8465162138621611,0.9779579039752057,0.043598338052422525
48,fixed,BRL,JOINT_LOG_LOG,2010-01,2022-08,2014-01,2026-08,152,152,0.2780536705837757,0.7009108977140649,0.8097439141472144,0.3443147935015488
48,fixed,BRL,JOINT_LOG_DEV,2010-01,2022-08,2014-01,2026-08,152,152,0.2787052355108981,0.7025533466593692,0.8116413921891383,0.34123825048527734
48,fixed,BRL,JOINT_LOG_SLOG,2010-01,2022-08,2014-01,2026-08,152,152,0.2780314018880662,0.7008547633301241,0.8096790635707448,0.3444198140152017
48,fixed,BRL,JOINT_DEV_LOG,2010-01,2022-08,2014-01,2026-08,152,152,0.2879289101872298,0.7258041603747103,0.8385024453791666,0.29691364909315776
48,fixed,BRL,JOINT_DEV_DEV,2010-01,2022-08,2014-01,2026-08,152,152,0.28826334640754403,0.7266471990259045,0.839476385746511,0.29527939777397505
48,fixed,BRL,JOINT_DEV_SLOG,2010-01,2022-08,2014-01,2026-08,152,152,0.28767520353864345,0.7251646228550531,0.8377636045135157,0.29815214295252157
48,fixed,BRL,JOINT_SLOG_LOG,2010-01,2022-08,2014-01,2026-08,152,152,0.28316522680691136,0.7137959837248049,0.8246297149165961,0.3199858332765735
48,fixed,BRL,JOINT_SLOG_DEV,2010-01,2022-08,2014-01,2026-08,152,152,0.2836272309200855,0.714960592402808,0.8259751566731041,0.31776504055884114
48,fixed,BRL,JOINT_SLOG_SLOG,2010-01,2022-08,2014-01,2026-08,152,152,0.2829867461629572,0.7133460740792467,0.8241099461434251,0.32084279666748083
48,fixed,EUR,EJR,2010-01,2022-08,2014-01,2026-08,152,152,0.11459266690851257,0.9827290204466931,1.0,0.0
48,fixed,EUR,TOT_LOG_L,2010-01,2022-08,2014-01,2026-08,152,152,0.10694691080156499,0.9171601964349992,0.933278836131358,0.1289906140292978
48,fixed,EUR,TOT_LOG_D,2010-01,2022-08,2014-01,2026-08,152,152,0.13365343528851736,1.1461912274481074,1.1663349749528242,-0.36033727379820535
48,fixed,EUR,TOT_LOG_LD,2010-01,2022-08,2014-01,2026-08,152,152,0.11858003906787627,1.016924108509844,1.0347960499300284,-0.07080286495078969
48,fixed,EUR,TOT_DEV_L,2010-01,2022-08,2014-01,2026-08,152,152,0.10744435388148836,0.9214261914925309,0.9376198039554205,0.12086910323059874
48,fixed,EUR,TOT_DEV_D,2010-01,2022-08,2014-01,2026-08,152,152,0.13366248494933475,1.1462688359421793,1.1664139473780375,-0.36052149663801525
48,fixed,EUR,TOT_DEV_LD,2010-01,2022-08,2014-01,2026-08,152,152,0.11960889202950595,1.02574739267316,1.043774398976142,-0.0894649959580065
48,fixed,EUR,TOT_SLOG_L,2010-01,2022-08,2014-01,2026-08,152,152,0.1073481128101114,0.9206008429222202,0.9367799502896201,0.12244332473537689
48,fixed,EUR,TOT_SLOG_D,2010-01,2022-08,2014-01,2026-08,152,152,0.1340744690191089,1.1498019477219412,1.170009151860913,-0.36892141543829293
48,fixed,EUR,TOT_SLOG_LD,2010-01,2022-08,2014-01,2026-08,152,152,0.11969693221884094,1.026502411745141,1.0445426871372447,-0.09106942525189576
48,fixed,EUR,COM_LOG_L,2010-01,2022-08,2014-01,2026-08,152,152,0.1102670220892512,0.9456329582752204,0.9622519927674357,0.07407110241509895
48,fixed,EUR,COM_LOG_D,2010-01,2022-08,2014-01,2026-08,152,152,0.12505280807586314,1.0724335762480812,1.0912810692825714,-0.19089437217451244
48,fixed,EUR,COM_LOG_LD,2010-01,2022-08,2014-01,2026-08,152,152,0.11948189565751814,1.0246582913928528,1.0426661572760934,-0.08715271552889492
48,fixed,EUR,COM_DEV_L,2010-01,2022-08,2014-01,2026-08,152,152,0.10958131588392124,0.939752447718501,0.9562681351277716,0.08555125373925376
48,fixed,EUR,COM_DEV_D,2010-01,2022-08,2014-01,2026-08,152,152,0.12475136350052028,1.0698484341073353,1.0886504945392197,-0.18515989926048748
48,fixed,EUR,COM_DEV_LD,2010-01,2022-08,2014-01,2026-08,152,152,0.11843306319410321,1.0156636661066873,1.0335134558711048,-0.0681500634666341
48,fixed,EUR,COM_SLOG_L,2010-01,2022-08,2014-01,2026-08,152,152,0.10968397623601026,0.9406328470491816,0.9571640070439998,0.08383706361947374
48,fixed,EUR,COM_SLOG_D,2010-01,2022-08,2014-01,2026-08,152,152,0.12504420850992934,1.072359827698245,1.091206024638217,-0.19073058820674071
48,fixed,EUR,COM_SLOG_LD,2010-01,2022-08,2014-01,2026-08,152,152,0.11871181934604293,1.0180542358309954,1.035946038683426,-0.07318419506388252
48,fixed,EUR,JOINT_LOG_LOG,2010-01,2022-08,2014-01,2026-08,152,152,0.11999756648507054,1.0290806048000283,1.047166190667969,-0.09655703087806522
48,fixed,EUR,JOINT_LOG_DEV,2010-01,2022-08,2014-01,2026-08,152,152,0.11939797939673838,1.023938638495504,1.0419338568327607,-0.0856261620143921
48,fixed,EUR,JOINT_LOG_SLOG,2010-01,2022-08,2014-01,2026-08,152,152,0.11965152619744145,1.026113016715458,1.0441464486812906,-0.09024180629375089
48,fixed,EUR,JOINT_DEV_LOG,2010-01,2022-08,2014-01,2026-08,152,152,0.1201300064579979,1.030216389561603,1.0483219362885252,-0.09897888210372274
48,fixed,EUR,JOINT_DEV_DEV,2010-01,2022-08,2014-01,2026-08,152,152,0.11952156284649995,1.02499847108169,1.043012315455774,-0.087874690192415
48,fixed,EUR,JOINT_DEV_SLOG,2010-01,2022-08,2014-01,2026-08,152,152,0.11976769747013782,1.0271092836154343,1.0451602244823994,-0.09235989484009965
48,fixed,EUR,JOINT_SLOG_LOG,2010-01,2022-08,2014-01,2026-08,152,152,0.12038474741370457,1.0324010086705127,1.050544949004601,-0.10364468987907993
48,fixed,EUR,JOINT_SLOG_DEV,2010-01,2022-08,2014-01,2026-08,152,152,0.11979403684158145,1.0273351659986294,1.0453900766374649,-0.09284041233208473
48,fixed,EUR,JOINT_SLOG_SLOG,2010-01,2022-08,2014-01,2026-08,152,152,0.12003399430313089,1.0293930041439412,1.0474840802768166,-0.09722289843336829
48,fixed,CAD,EJR,2010-01,2022-08,2014-01,2026-08,152,152,0.12087693444944395,0.8334994205226175,1.0,0.0
48,fixed,CAD,TOT_LOG_L,2010-01,2022-08,2014-01,2026-08,152,152,0.14654352673939308,1.0104818191737879,1.21233655872274,-0.4697599316156955
48,fixed,CAD,TOT_LOG_D,2010-01,2022-08,2014-01,2026-08,152,152,0.1439014126505811,0.992263284992641,1.1904786740829119,-0.41723947344620793
48,fixed,CAD,TOT_LOG_LD,2010-01,2022-08,2014-01,2026-08,152,152,0.18424802753199054,1.2704708708887664,1.5242612527458759,-1.3233723666224266
48,fixed,CAD,TOT_DEV_L,2010-01,2022-08,2014-01,2026-08,152,152,0.1534146293357037,1.0578610818797896,1.2691803447403645,-0.6108187474752702
48,fixed,CAD,TOT_DEV_D,2010-01,2022-08,2014-01,2026-08,152,152,0.1421392085883094,0.980112115942599,1.1759001767848296,-0.3827412257625935
48,fixed,CAD,TOT_DEV_LD,2010-01,2022-08,2014-01,2026-08,152,152,0.18731751555993204,1.291636335617361,1.549654749378811,-1.4014298422723055
48,fixed,CAD,TOT_SLOG_L,2010-01,2022-08,2014-01,2026-08,152,152,0.15014040703843315,1.0352838846678711,1.2420931066979404,-0.5427952857065412
48,fixed,CAD,TOT_SLOG_D,2010-01,2022-08,2014-01,2026-08,152,152,0.1414036173814671,0.9750398923009492,1.1698147212742915,-0.3684664821100483
48,fixed,CAD,TOT_SLOG_LD,2010-01,2022-08,2014-01,2026-08,152,152,0.18472358576174794,1.2737500532301531,1.52819548744436,-1.3353814478453052
48,fixed,CAD,COM_LOG_L,2010-01,2022-08,2014-01,2026-08,152,152,0.12514796413559856,0.8629500413930009,1.0353337028739833,-0.07191587630675333
48,fixed,CAD,COM_LOG_D,2010-01,2022-08,2014-01,2026-08,152,152,0.11480426978180903,0.7916257371391359,0.9497615926868598,0.09795291705691955
48,fixed,CAD,COM_LOG_LD,2010-01,2022-08,2014-01,2026-08,152,152,0.11689189827367928,0.806020850203226,0.9670322862346299,0.06484855737982487
48,fixed,CAD,COM_DEV_L,2010-01,2022-08,2014-01,2026-08,152,152,0.12528754002796952,0.8639124783206084,1.0364883970512198,-0.07430819722180693
48,fixed,CAD,COM_DEV_D,2010-01,2022-08,2014-01,2026-08,152,152,0.1146184352713969,0.7903443267737332,0.9482242066565261,0.10087085391060169
48,fixed,CAD,COM_DEV_LD,2010-01,2022-08,2014-01,2026-08,152,152,0.11705215336185566,0.8071258792456913,0.9683580568533695,0.06228267372716645
48,fixed,CAD,COM_SLOG_L,2010-01,2022-08,2014-01,2026-08,152,152,0.12532806916439646,0.8641919444725255,1.0368236896081622,-0.07500336333268276
48,fixed,CAD,COM_SLOG_D,2010-01,2022-08,2014-01,2026-08,152,152,0.11439925270110811,0.7888329669253349,0.9464109362316341,0.10430633978116188
48,fixed,CAD,COM_SLOG_LD,2010-01,2022-08,2014-01,2026-08,152,152,0.11689716191962804,0.806057145348103,0.9670758317296637,0.06476433568437923
48,fixed,CAD,JOINT_LOG_LOG,2010-01,2022-08,2014-01,2026-08,152,152,0.16871830299144477,1.1633866164412439,1.3957857531703883,-0.948217868753428
48,fixed,CAD,JOINT_LOG_DEV,2010-01,2022-08,2014-01,2026-08,152,152,0.1680339066317027,1.1586674036993672,1.3901238263283544,-0.932444252525785
48,fixed,CAD,JOINT_LOG_SLOG,2010-01,2022-08,2014-01,2026-08,152,152,0.16810267402683918,1.1591415850165734,1.3906927305237635,-0.9340262707316409
48,fixed,CAD,JOINT_DEV_LOG,2010-01,2022-08,2014-01,2026-08,152,152,0.17361256363180694,1.197134687785117,1.4362753690152468,-1.0628869356398836
48,fixed,CAD,JOINT_DEV_DEV,2010-01,2022-08,2014-01,2026-08,152,152,0.17303048401019042,1.1931209937786866,1.4314598959535938,-1.0490774337234736
48,fixed,CAD,JOINT_DEV_SLOG,2010-01,2022-08,2014-01,2026-08,152,152,0.17302294052403144,1.1930689781367376,1.4313974896211257,-1.0488987732936605
48,fixed,CAD,JOINT_SLOG_LOG,2010-01,2022-08,2014-01,2026-08,152,152,0.17074368818086622,1.1773525346654847,1.4125415155385062,-0.9952735331198199
48,fixed,CAD,JOINT_SLOG_DEV,2010-01,2022-08,2014-01,2026-08,152,152,0.17012224419665448,1.173067406133007,1.4074003859504485,-0.9807758463734715
48,fixed,CAD,JOINT_SLOG_SLOG,2010-01,2022-08,2014-01,2026-08,152,152,0.170126500609727,1.1730967559659227,1.407435598731877,-0.9808749645777572
48,recent,POOL,EJR,2019-01,2022-08,2023-01,2026-08,44,132,0.23369480439171664,2.352100778823045,1.0,0.0
48,recent,POOL,TOT_LOG_L,2019-01,2022-08,2023-01,2026-08,44,132,0.16528620283476572,1.663579160128458,0.7072737593160815,0.49976382938289765
48,recent,POOL,TOT_LOG_D,2019-01,2022-08,2023-01,2026-08,44,132,0.24904286128991424,2.506576513436127,1.0656756445148492,-0.13566457931213938
48,recent,POOL,TOT_LOG_LD,2019-01,2022-08,2023-01,2026-08,44,132,0.17721343804609632,1.783624872324748,0.7583114160683398,0.42496379626042924
48,recent,POOL,TOT_DEV_L,2019-01,2022-08,2023-01,2026-08,44,132,0.17072898816803783,1.718359922818832,0.7305639019764592,0.46627638512893066
48,recent,POOL,TOT_DEV_D,2019-01,2022-08,2023-01,2026-08,44,132,0.2477217151169715,2.493279388793557,1.060022347359264,-0.12364737690104421
48,recent,POOL,TOT_DEV_LD,2019-01,2022-08,2023-01,2026-08,44,132,0.18166181364360268,1.8283970602842807,0.7773463946554121,0.39573258271623235
48,recent,POOL,TOT_SLOG_L,2019-01,2022-08,2023-01,2026-08,44,132,0.169453357583152,1.7055209052805076,0.7251053699042285,0.4742222025360521
48,recent,POOL,TOT_SLOG_D,2019-01,2022-08,2023-01,2026-08,44,132,0.24810003270494332,2.497087094727059,1.0616412005851905,-0.12708203877996493
48,recent,POOL,TOT_SLOG_LD,2019-01,2022-08,2023-01,2026-08,44,132,0.18055246057574142,1.8172315993246417,0.7725993782604658,0.4030902007115418
48,recent,POOL,COM_LOG_L,2019-01,2022-08,2023-01,2026-08,44,132,0.22778960783439195,2.2926659212200278,0.974731160272496,0.04989916519383375
48,recent,POOL,COM_LOG_D,2019-01,2022-08,2023-01,2026-08,44,132,0.25107079948795163,2.526987386615034,1.0743533650286448,-0.1542351529483723
48,recent,POOL,COM_LOG_LD,2019-01,2022-08,2023-01,2026-08,44,132,0.23083222387727442,2.3232893644016213,0.9877507738270296,0.02434840880410416
48,recent,POOL,COM_DEV_L,2019-01,2022-08,2023-01,2026-08,44,132,0.22667714093401822,2.2814691200348465,0.9699708195226476,0.05915660927456323
48,recent,POOL,COM_DEV_D,2019-01,2022-08,2023-01,2026-08,44,132,0.2513009947885082,2.529304265448219,1.0753383903532587,-0.15635265376753726
48,recent,POOL,COM_DEV_LD,2019-01,2022-08,2023-01,2026-08,44,132,0.22991379563240297,2.3140455312078196,0.9838207410337803,0.03209674951174346
48,recent,POOL,COM_SLOG_L,2019-01,2022-08,2023-01,2026-08,44,132,0.2269445599205637,2.2841606493059525,0.9711151281744448,0.0569354078307317
48,recent,POOL,COM_SLOG_D,2019-01,2022-08,2023-01,2026-08,44,132,0.25135111885025707,2.529808756102105,1.0755528754886015,-0.15681398797179913
48,recent,POOL,COM_SLOG_LD,2019-01,2022-08,2023-01,2026-08,44,132,0.23035088283609287,2.3184447439112796,0.9856910744578699,0.02841310573409006
48,recent,POOL,JOINT_LOG_LOG,2019-01,2022-08,2023-01,2026-08,44,132,0.19668103331656228,1.9795631008902517,0.8416149166366905,0.2916843320946164
48,recent,POOL,JOINT_LOG_DEV,2019-01,2022-08,2023-01,2026-08,44,132,0.19629418009638078,1.9756694851855825,0.839959538712528,0.2944679733258372
48,recent,POOL,JOINT_LOG_SLOG,2019-01,2022-08,2023-01,2026-08,44,132,0.1963118425691489,1.9758472551452617,0.8400351179399487,0.2943410006276165
48,recent,POOL,JOINT_DEV_LOG,2019-01,2022-08,2023-01,2026-08,44,132,0.20140964580598564,2.0271558282856037,0.8618490527858935,0.2572162102120581
48,recent,POOL,JOINT_DEV_DEV,2019-01,2022-08,2023-01,2026-08,44,132,0.20088345686535405,2.02185982086991,0.8595974454298755,0.2610922318104323
48,recent,POOL,JOINT_DEV_SLOG,2019-01,2022-08,2023-01,2026-08,44,132,0.20093657106302495,2.022394406762966,0.8598247256118595,0.2607014412264904
48,recent,POOL,JOINT_SLOG_LOG,2019-01,2022-08,2023-01,2026-08,44,132,0.19993737409337897,2.012337649289819,0.8555490765564739,0.2680357776033647
48,recent,POOL,JOINT_SLOG_DEV,2019-01,2022-08,2023-01,2026-08,44,132,0.19945643059141022,2.0074970299679857,0.853491078291512,0.271552979276792
48,recent,POOL,JOINT_SLOG_SLOG,2019-01,2022-08,2023-01,2026-08,44,132,0.19949169197633138,2.007851930159932,0.8536419647650602,0.2712953959920479
48,recent,BRL,EJR,2019-01,2022-08,2023-01,2026-08,44,44,0.3565691189314793,2.574787541485041,1.0,0.0
48,recent,BRL,TOT_LOG_L,2019-01,2022-08,2023-01,2026-08,44,44,0.25013018217528776,1.8061914019482885,0.7014914329228675,0.507909769535822
48,recent,BRL,TOT_LOG_D,2019-01,2022-08,2023-01,2026-08,44,44,0.38296650780103836,2.7654032296656474,1.0740316181857346,-0.15354391686266755
48,recent,BRL,TOT_LOG_LD,2019-01,2022-08,2023-01,2026-08,44,44,0.27511541591939226,1.986609910309845,0.7715626545109205,0.4046910701640619
48,recent,BRL,TOT_DEV_L,2019-01,2022-08,2023-01,2026-08,44,44,0.25899123792831974,1.8701771335945991,0.7263423111469427,0.47242684703771787
48,recent,BRL,TOT_DEV_D,2019-01,2022-08,2023-01,2026-08,44,44,0.38085483377798157,2.750154820093508,1.0681094171006131,-0.14085772689901166
48,recent,BRL,TOT_DEV_LD,2019-01,2022-08,2023-01,2026-08,44,44,0.28223669560981113,2.038032709573189,0.791534321467832,0.3734734179384589
48,recent,BRL,TOT_SLOG_L,2019-01,2022-08,2023-01,2026-08,44,44,0.2568831327436105,1.8549544946235208,0.7204301188880434,0.48098044379895966
48,recent,BRL,TOT_SLOG_D,2019-01,2022-08,2023-01,2026-08,44,44,0.38156006381638324,2.755247290025282,1.0700872385129527,-0.14508669802827678
48,recent,BRL,TOT_SLOG_LD,2019-01,2022-08,2023-01,2026-08,44,44,0.2806888084994075,2.0268554083547445,0.7871932637928373,0.38032676543918054
48,recent,BRL,COM_LOG_L,2019-01,2022-08,2023-01,2026-08,44,44,0.3457635916918786,2.496760770689313,0.9696958410981261,0.05968997575699764
48,recent,BRL,COM_LOG_D,2019-01,2022-08,2023-01,2026-08,44,44,0.3821525290108312,2.75952548440734,1.0717488103176658,-0.14864551241733204
48,recent,BRL,COM_LOG_LD,2019-01,2022-08,2023-01,2026-08,44,44,0.34525329440716146,2.493075911229019,0.9682647096354624,0.062463452074553616
48,recent,BRL,COM_DEV_L,2019-01,2022-08,2023-01,2026-08,44,44,0.3437481125182258,2.482206984646386,0.9640434189823452,0.07062028631683037
48,recent,BRL,COM_DEV_D,2019-01,2022-08,2023-01,2026-08,44,44,0.38240691384705117,2.761362398689218,1.0724622339505991,-0.15017524325030962
48,recent,BRL,COM_DEV_LD,2019-01,2022-08,2023-01,2026-08,44,44,0.34324710148767185,2.478589181277764,0.9626383308691197,0.07332744394151536
48,recent,BRL,COM_SLOG_L,2019-01,2022-08,2023-01,2026-08,44,44,0.3442340166280114,2.4857157008582145,0.9654061396555256,0.06799098551541582
48,recent,BRL,COM_SLOG_D,2019-01,2022-08,2023-01,2026-08,44,44,0.3825247544040874,2.762213325990628,1.0727927184226962,-0.15088421670075847
48,recent,BRL,COM_SLOG_LD,2019-01,2022-08,2023-01,2026-08,44,44,0.3441811575074868,2.4853340048622505,0.9652578959694683,0.06827719426859513
48,recent,BRL,JOINT_LOG_LOG,2019-01,2022-08,2023-01,2026-08,44,44,0.3098146794997371,2.237173480798254,0.8688769246987796,0.24505288972599115
48,recent,BRL,JOINT_LOG_DEV,2019-01,2022-08,2023-01,2026-08,44,44,0.30905518233284185,2.231689147637336,0.8667469108345076,0.2487497925588381
48,recent,BRL,JOINT_LOG_SLOG,2019-01,2022-08,2023-01,2026-08,44,44,0.30901876102063813,2.2314261491443994,0.8666447670697508,0.24892684771061746
48,recent,BRL,JOINT_DEV_LOG,2019-01,2022-08,2023-01,2026-08,44,44,0.31725946533633337,2.290932319697524,0.8897558663718718,0.2083344982568398
48,recent,BRL,JOINT_DEV_DEV,2019-01,2022-08,2023-01,2026-08,44,44,0.31622482216507125,2.283461155746952,0.8868542040676247,0.21348962072757993
48,recent,BRL,JOINT_DEV_SLOG,2019-01,2022-08,2023-01,2026-08,44,44,0.3162675110827307,2.2837694126528736,0.8869739253653842,0.2132772557219218
48,recent,BRL,JOINT_SLOG_LOG,2019-01,2022-08,2023-01,2026-08,44,44,0.3151879692131145,2.2759740349579998,0.8839463444216074,0.21863886018367706
48,recent,BRL,JOINT_SLOG_DEV,2019-01,2022-08,2023-01,2026-08,44,44,0.31423134781908363,2.2690662666839274,0.8812634946086523,0.2233746530701458
48,recent,BRL,JOINT_SLOG_SLOG,2019-01,2022-08,2023-01,2026-08,44,44,0.31424282381135765,2.269149134886373,0.8812956790903271,0.22331792601671907
48,recent,EUR,EJR,2019-01,2022-08,2023-01,2026-08,44,44,0.13078418930378813,1.8351057399728032,1.0,0.0
48,recent,EUR,TOT_LOG_L,2019-01,2022-08,2023-01,2026-08,44,44,0.0884765367262426,1.2414635229500137,0.6765078959256117,0.5423370667503018
48,recent,EUR,TOT_LOG_D,2019-01,2022-08,2023-01,2026-08,44,44,0.14067108707858858,1.9738343045924647,1.0755970414117486,-0.15690899549370685
48,recent,EUR,TOT_LOG_LD,2019-01,2022-08,2023-01,2026-08,44,44,0.09053678025538803,1.2703719464085603,0.6922608974169453,0.5207748499074856
48,recent,EUR,TOT_DEV_L,2019-01,2022-08,2023-01,2026-08,44,44,0.08971624846427315,1.25885860823121,0.6859869602118224,0.5294218904193437
48,recent,EUR,TOT_DEV_D,2019-01,2022-08,2023-01,2026-08,44,44,0.14035969207108367,1.9694649479545323,1.073216057829845,-0.15179270678383316
48,recent,EUR,TOT_DEV_LD,2019-01,2022-08,2023-01,2026-08,44,44,0.09162159019606005,1.2855935183700045,0.7005555540298498,0.5092219157179303
48,recent,EUR,TOT_SLOG_L,2019-01,2022-08,2023-01,2026-08,44,44,0.08873424742070116,1.2450796051169088,0.6784783993620779,0.5396670615990729
48,recent,EUR,TOT_SLOG_D,2019-01,2022-08,2023-01,2026-08,44,44,0.14050473572111583,1.9715001361232058,1.0743250882929636,-0.15417439533568378
48,recent,EUR,TOT_SLOG_LD,2019-01,2022-08,2023-01,2026-08,44,44,0.09044792951151152,1.269125232176843,0.6915815282642251,0.5217149897637188
48,recent,EUR,COM_LOG_L,2019-01,2022-08,2023-01,2026-08,44,44,0.12646119755446986,1.774447437044444,0.96694560885126,0.06501618952326604
48,recent,EUR,COM_LOG_D,2019-01,2022-08,2023-01,2026-08,44,44,0.1315827464275331,1.8463107393636438,1.006105914850992,-0.012249111898151588
48,recent,EUR,COM_LOG_LD,2019-01,2022-08,2023-01,2026-08,44,44,0.11578117779438679,1.624590136486297,0.8852842106582772,0.21627186635915097
48,recent,EUR,COM_DEV_L,2019-01,2022-08,2023-01,2026-08,44,44,0.12547440717906475,1.760601232149986,0.9594004278881929,0.07955081896795246
48,recent,EUR,COM_DEV_D,2019-01,2022-08,2023-01,2026-08,44,44,0.13155656759383474,1.8459434095798117,1.0059057466667667,-0.011846371177225201
48,recent,EUR,COM_DEV_LD,2019-01,2022-08,2023-01,2026-08,44,44,0.11455396051822742,1.607370367952635,0.8759006813288355,0.23279799644768184
48,recent,EUR,COM_SLOG_L,2019-01,2022-08,2023-01,2026-08,44,44,0.12568082223788565,1.763497556707836,0.9609787154466487,0.07651990845850909
48,recent,EUR,COM_SLOG_D,2019-01,2022-08,2023-01,2026-08,44,44,0.13174788115084826,1.8486278365619955,1.0073685653609217,-0.014791426477321679
48,recent,EUR,COM_SLOG_LD,2019-01,2022-08,2023-01,2026-08,44,44,0.11502115597589233,1.6139258474078664,0.8794729438488843,0.22652734103777716
48,recent,EUR,JOINT_LOG_LOG,2019-01,2022-08,2023-01,2026-08,44,44,0.10513719173165557,1.475238444788019,0.8038983327521402,0.35374747059832923
48,recent,EUR,JOINT_LOG_DEV,2019-01,2022-08,2023-01,2026-08,44,44,0.10395838069806829,1.4586978911813864,0.7948849264691443,0.368157953672143
48,recent,EUR,JOINT_LOG_SLOG,2019-01,2022-08,2023-01,2026-08,44,44,0.10444000166523373,1.465455782988045,0.7985674890918076,0.36228996536560565
48,recent,EUR,JOINT_DEV_LOG,2019-01,2022-08,2023-01,2026-08,44,44,0.1055237335665248,1.4806622283790192,0.8068539028170458,0.3489867795089011
48,recent,EUR,JOINT_DEV_DEV,2019-01,2022-08,2023-01,2026-08,44,44,0.10432862562827029,1.4638930038339664,0.7977158873993069,0.36364936299073636
48,recent,EUR,JOINT_DEV_SLOG,2019-01,2022-08,2023-01,2026-08,44,44,0.1048077752669296,1.4706162190550902,0.8013795537890287,0.3577908107688973
48,recent,EUR,JOINT_SLOG_LOG,2019-01,2022-08,2023-01,2026-08,44,44,0.10425435634953277,1.4628508902540267,0.7971480108147374,0.3645550488541073
48,recent,EUR,JOINT_SLOG_DEV,2019-01,2022-08,2023-01,2026-08,44,44,0.10308358935673419,1.4464232070601137,0.7881961107492097,0.3787468909998196
48,recent,EUR,JOINT_SLOG_SLOG,2019-01,2022-08,2023-01,2026-08,44,44,0.10355493418605194,1.4530369086580825,0.7918001001291713,0.3730526014354343
48,recent,CAD,EJR,2019-01,2022-08,2023-01,2026-08,44,44,0.1399776555441174,1.9123888764636907,1.0,0.0
48,recent,CAD,TOT_LOG_L,2019-01,2022-08,2023-01,2026-08,44,44,0.10754246117926226,1.4692559730858592,0.7682830574724665,0.40974114360075875
48,recent,CAD,TOT_LOG_D,2019-01,2022-08,2023-01,2026-08,44,44,0.1400547730040207,1.9134424629945332,1.0005509269290411,-0.0011021573785634509
48,recent,CAD,TOT_LOG_LD,2019-01,2022-08,2023-01,2026-08,44,44,0.10162877159958317,1.388462548399066,0.7260356747977705,0.472872198920946
48,recent,CAD,TOT_DEV_L,2019-01,2022-08,2023-01,2026-08,44,44,0.11099412435124345,1.5164129441734038,0.792941730019624,0.3712434127934858
48,recent,CAD,TOT_DEV_D,2019-01,2022-08,2023-01,2026-08,44,44,0.13909312294696152,1.9003043027287259,0.9936809014716133,0.012598266050562135
48,recent,CAD,TOT_DEV_LD,2019-01,2022-08,2023-01,2026-08,44,44,0.10464690855466843,1.4296966404983575,0.7475972372010931,0.4410983709292926
48,recent,CAD,TOT_SLOG_L,2019-01,2022-08,2023-01,2026-08,44,44,0.11081791657995142,1.5140055757941047,0.7916829021687996,0.37323818241358697
48,recent,CAD,TOT_SLOG_D,2019-01,2022-08,2023-01,2026-08,44,44,0.13903674199634686,1.899534020483457,0.9932781161099388,0.013398584057090934
48,recent,CAD,TOT_SLOG_LD,2019-01,2022-08,2023-01,2026-08,44,44,0.10406987023210681,1.4218130846188815,0.7434748769549625,0.44724510733680334
48,recent,CAD,COM_LOG_L,2019-01,2022-08,2023-01,2026-08,44,44,0.1418429430231178,1.9378726225114529,1.0133256088034175,-0.02682878945681666
48,recent,CAD,COM_LOG_D,2019-01,2022-08,2023-01,2026-08,44,44,0.1604838449183313,2.1925465080904383,1.1464961625089576,-0.31445345064776586
48,recent,CAD,COM_LOG_LD,2019-01,2022-08,2023-01,2026-08,44,44,0.16506189236141364,2.2550922549243984,1.1792017213017996,-0.3905166995211271
48,recent,CAD,COM_DEV_L,2019-01,2022-08,2023-01,2026-08,44,44,0.14227082255080178,1.9437183558610263,1.0163823790144966,-0.03303314037116789
48,recent,CAD,COM_DEV_D,2019-01,2022-08,2023-01,2026-08,44,44,0.16097947605202434,2.1993178707284193,1.1500369500136949,-0.32258498639680155
48,recent,CAD,COM_DEV_LD,2019-01,2022-08,2023-01,2026-08,44,44,0.1662524517599527,2.271357797747538,1.1877070744877145,-0.41064809478816566
48,recent,CAD,COM_SLOG_L,2019-01,2022-08,2023-01,2026-08,44,44,0.14219273030070811,1.9426514516480886,1.0158244881869205,-0.031899390800219196
48,recent,CAD,COM_SLOG_D,2019-01,2022-08,2023-01,2026-08,44,44,0.16077768166689912,2.1965609354450972,1.1485953314614994,-0.3192712354551519
48,recent,CAD,COM_SLOG_LD,2019-01,2022-08,2023-01,2026-08,44,44,0.16581330515033524,2.265358132385915,1.1845698122731818,-0.403205640148921
48,recent,CAD,JOINT_LOG_LOG,2019-01,2022-08,2023-01,2026-08,44,44,0.0949279826008554,1.2969156919033988,0.6781652559607023,0.540091885607755
48,recent,CAD,JOINT_LOG_DEV,2019-01,2022-08,2023-01,2026-08,44,44,0.09629000350493552,1.3155237591434799,0.6878955296875033,0.5267997402359492
48,recent,CAD,JOINT_LOG_SLOG,2019-01,2022-08,2023-01,2026-08,44,44,0.09599328095298457,1.3114699056513552,0.6857757445632451,0.5297116281687269
48,recent,CAD,JOINT_DEV_LOG,2019-01,2022-08,2023-01,2026-08,44,44,0.09954250137384912,1.3599597137324737,0.711131365837713,0.4942921805217889
48,recent,CAD,JOINT_DEV_DEV,2019-01,2022-08,2023-01,2026-08,44,44,0.10089543819077734,1.3784436732558296,0.720796742869991,0.4804520554680122
48,recent,CAD,JOINT_DEV_SLOG,2019-01,2022-08,2023-01,2026-08,44,44,0.10058184949994613,1.3741593928697975,0.7185564660942996,0.4836766050340717
48,recent,CAD,JOINT_SLOG_LOG,2019-01,2022-08,2023-01,2026-08,44,44,0.09855168148501951,1.3464230322770572,0.7040529511794725,0.5043094419354752
48,recent,CAD,JOINT_SLOG_DEV,2019-01,2022-08,2023-01,2026-08,44,44,0.0999051388364603,1.3649141033955299,0.7137220469089277,0.49060083975613034
48,recent,CAD,JOINT_SLOG_SLOG,2019-01,2022-08,2023-01,2026-08,44,44,0.09959231291382321,1.360640244025653,0.7114872193471926,0.4937859367055999
48,adaptive_TOT,POOL,EJR,2016-01,2022-08,2020-01,2026-08,80,240,0.2507976146048561,1.3120877649066665,1.0,0.0
48,adaptive_TOT,POOL,TOT_LOG_L,2016-01,2022-08,2020-01,2026-08,80,240,0.2030091102742162,1.0620745742540638,0.8094539120480351,0.3447843642701319
48,adaptive_TOT,POOL,TOT_LOG_D,2016-01,2022-08,2020-01,2026-08,80,240,0.24696571615121063,1.2920405763187106,0.9847211527123859,0.03032425140078998
48,adaptive_TOT,POOL,TOT_LOG_LD,2016-01,2022-08,2020-01,2026-08,80,240,0.1891672957552003,0.9896589115169088,0.7542627391143357,0.43108772038373955
48,adaptive_TOT,POOL,TOT_DEV_L,2016-01,2022-08,2020-01,2026-08,80,240,0.20744083405146008,1.0852598447947313,0.8271244301039037,0.3158651771252926
48,adaptive_TOT,POOL,TOT_DEV_D,2016-01,2022-08,2020-01,2026-08,80,240,0.2467281953540426,1.2907979483440943,0.9837740910844585,0.03218853771094765
48,adaptive_TOT,POOL,TOT_DEV_LD,2016-01,2022-08,2020-01,2026-08,80,240,0.19351021655592485,1.0123795951070111,0.7715791749487316,0.4046655767854346
48,adaptive_TOT,POOL,TOT_SLOG_L,2016-01,2022-08,2020-01,2026-08,80,240,0.206304142127267,1.0793130595011318,0.822592122545939,0.32334219992536684
48,adaptive_TOT,POOL,TOT_SLOG_D,2016-01,2022-08,2020-01,2026-08,80,240,0.24677191754677721,1.2910266879763765,0.9839484236545807,0.031845499587665804
48,adaptive_TOT,POOL,TOT_SLOG_LD,2016-01,2022-08,2020-01,2026-08,80,240,0.19231909679863893,1.006148061914258,0.7668298484483078,0.4119719835287452
48,adaptive_TOT,POOL,COM_LOG_L,2016-01,2022-08,2020-01,2026-08,80,240,0.2482151782508738,1.2985773367909568,0.9897031063949668,0.020487761192152898
48,adaptive_TOT,POOL,COM_LOG_D,2016-01,2022-08,2020-01,2026-08,80,240,0.25871043106833364,1.3534849276509722,1.0315506049606753,-0.06409665059473535
48,adaptive_TOT,POOL,COM_LOG_LD,2016-01,2022-08,2020-01,2026-08,80,240,0.2472279094704766,1.2934122825320697,0.985766590563456,0.028264228928899904
48,adaptive_TOT,POOL,COM_DEV_L,2016-01,2022-08,2020-01,2026-08,80,240,0.24748848974332652,1.2947755498355533,0.9868055967488236,0.026214714225198055
48,adaptive_TOT,POOL,COM_DEV_D,2016-01,2022-08,2020-01,2026-08,80,240,0.2586388468285494,1.3531104232709004,1.0312651786423388,-0.06350786868021485
48,adaptive_TOT,POOL,COM_DEV_LD,2016-01,2022-08,2020-01,2026-08,80,240,0.2464640559030099,1.2894160606316645,0.9827208934635445,0.03425964555021277
48,adaptive_TOT,POOL,COM_SLOG_L,2016-01,2022-08,2020-01,2026-08,80,240,0.2476768479656301,1.2957609759501256,0.9875566334865549,0.02473189565670242
48,adaptive_TOT,POOL,COM_SLOG_D,2016-01,2022-08,2020-01,2026-08,80,240,0.2586785400857351,1.3533180848835706,1.03142344672335,-0.06383432645067533
48,adaptive_TOT,POOL,COM_SLOG_LD,2016-01,2022-08,2020-01,2026-08,80,240,0.24675894091064718,1.2909587986325217,0.9838966821890549,0.03194731877736989
48,adaptive_TOT,POOL,JOINT_LOG_LOG,2016-01,2022-08,2020-01,2026-08,80,240,0.20328427947749608,1.0635141658764622,0.8105510883657342,0.3430069331491238
48,adaptive_TOT,POOL,JOINT_LOG_DEV,2016-01,2022-08,2020-01,2026-08,80,240,0.2024061631051685,1.0589201598684284,0.8070497936117508,0.3486706306312305
48,adaptive_TOT,POOL,JOINT_LOG_SLOG,2016-01,2022-08,2020-01,2026-08,80,240,0.20262741529051065,1.0600776760027173,0.8079319877494051,0.3472459031712951
48,adaptive_TOT,POOL,JOINT_DEV_LOG,2016-01,2022-08,2020-01,2026-08,80,240,0.20758806200113827,1.086030091320917,0.8277114689794933,0.3148937241198093
48,adaptive_TOT,POOL,JOINT_DEV_DEV,2016-01,2022-08,2020-01,2026-08,80,240,0.2066330115401628,1.081033592344287,0.8239034165684678,0.3211831601668058
48,adaptive_TOT,POOL,JOINT_DEV_SLOG,2016-01,2022-08,2020-01,2026-08,80,240,0.2068654323247324,1.082249538788691,0.824830143024522,0.31965523515814664
48,adaptive_TOT,POOL,JOINT_SLOG_LOG,2016-01,2022-08,2020-01,2026-08,80,240,0.20635927124059741,1.0796014762598198,0.8228119376881895,0.322980515197807
48,adaptive_TOT,POOL,JOINT_SLOG_DEV,2016-01,2022-08,2020-01,2026-08,80,240,0.2054259299040987,1.0747185520341207,0.8190904456079348,0.3290908419137948
48,adaptive_TOT,POOL,JOINT_SLOG_SLOG,2016-01,2022-08,2020-01,2026-08,80,240,0.20565017880110592,1.0758917459439614,0.8199845884703402,0.3276252746711268
48,adaptive_TOT,POOL,ADAPTIVE_TOT,2016-01,2022-08,2020-01,2026-08,80,240,0.21883301962410717,1.1448598825740661,0.8725482495871792,0.23865955214234957
48,adaptive_TOT,BRL,EJR,2016-01,2022-08,2020-01,2026-08,80,80,0.39826646520135234,1.264356539485266,1.0,0.0
48,adaptive_TOT,BRL,TOT_LOG_L,2016-01,2022-08,2020-01,2026-08,80,80,0.32805462174001465,1.041458527259263,0.8237063634623605,0.3215078267916137
48,adaptive_TOT,BRL,TOT_LOG_D,2016-01,2022-08,2020-01,2026-08,80,80,0.3876019764181402,1.2305005226938335,0.9732227297173504,0.052837518361509295
48,adaptive_TOT,BRL,TOT_LOG_LD,2016-01,2022-08,2020-01,2026-08,80,80,0.2989896277103998,0.9491873508425773,0.7507276003246697,0.436408070110763
48,adaptive_TOT,BRL,TOT_DEV_L,2016-01,2022-08,2020-01,2026-08,80,80,0.33511358915140277,1.0638682764810299,0.841430595925215,0.2919945522409376
48,adaptive_TOT,BRL,TOT_DEV_D,2016-01,2022-08,2020-01,2026-08,80,80,0.38763610553372985,1.230608870682562,0.9733084238909041,0.052670711983004215
48,adaptive_TOT,BRL,TOT_DEV_LD,2016-01,2022-08,2020-01,2026-08,80,80,0.30665840776960934,0.9735330416424133,0.7699830002372192,0.4071261793456905
48,adaptive_TOT,BRL,TOT_SLOG_L,2016-01,2022-08,2020-01,2026-08,80,80,0.33325557736294564,1.05796973979658,0.8367653480301461,0.29982375233598846
48,adaptive_TOT,BRL,TOT_SLOG_D,2016-01,2022-08,2020-01,2026-08,80,80,0.38761424483614487,1.2305394706241481,0.973253534264247,0.05277755804215212
48,adaptive_TOT,BRL,TOT_SLOG_LD,2016-01,2022-08,2020-01,2026-08,80,80,0.30458939119319745,0.9669646386578256,0.7647879442704412,0.4150994002985926
48,adaptive_TOT,BRL,COM_LOG_L,2016-01,2022-08,2020-01,2026-08,80,80,0.3938727583939653,1.2504080592091469,0.9889679217526745,0.021942449744195902
48,adaptive_TOT,BRL,COM_LOG_D,2016-01,2022-08,2020-01,2026-08,80,80,0.40860127271004865,1.29716593369659,1.0259494795864155,-0.052572334663636866
48,adaptive_TOT,BRL,COM_LOG_LD,2016-01,2022-08,2020-01,2026-08,80,80,0.388797693009684,1.2342965040881622,0.9762250326878985,0.04698468555351143
48,adaptive_TOT,BRL,COM_DEV_L,2016-01,2022-08,2020-01,2026-08,80,80,0.3926471428150329,1.246517159001582,0.985890545960282,0.028019831386137062
48,adaptive_TOT,BRL,COM_DEV_D,2016-01,2022-08,2020-01,2026-08,80,80,0.4084207921202415,1.296592971034877,1.0254963141668367,-0.05164269036976732
48,adaptive_TOT,BRL,COM_DEV_LD,2016-01,2022-08,2020-01,2026-08,80,80,0.3873420223593473,1.2296752596026153,0.9725700158147085,0.05410756433817776
48,adaptive_TOT,BRL,COM_SLOG_L,2016-01,2022-08,2020-01,2026-08,80,80,0.39296078186064304,1.2475128531234925,0.9866780565166919,0.02646641278844364
48,adaptive_TOT,BRL,COM_SLOG_D,2016-01,2022-08,2020-01,2026-08,80,80,0.4085073286704343,1.296867694273464,1.025713597211617,-0.052088383504794944
48,adaptive_TOT,BRL,COM_SLOG_LD,2016-01,2022-08,2020-01,2026-08,80,80,0.3879201011857769,1.231510457412114,0.9740215033913424,0.05128211093126911
48,adaptive_TOT,BRL,JOINT_LOG_LOG,2016-01,2022-08,2020-01,2026-08,80,80,0.3149991843971336,1.000012086188794,0.7909257040707127,0.3744365306402474
48,adaptive_TOT,BRL,JOINT_LOG_DEV,2016-01,2022-08,2020-01,2026-08,80,80,0.3138535255398076,0.9963750205685515,0.78804909015157,0.37897863151128264
48,adaptive_TOT,BRL,JOINT_LOG_SLOG,2016-01,2022-08,2020-01,2026-08,80,80,0.31395938113571437,0.9967110750110418,0.7883148810357039,0.378559648337664
48,adaptive_TOT,BRL,JOINT_DEV_LOG,2016-01,2022-08,2020-01,2026-08,80,80,0.32367811131006347,1.0275646394587004,0.8127174632853431,0.3394903248710369
48,adaptive_TOT,BRL,JOINT_DEV_DEV,2016-01,2022-08,2020-01,2026-08,80,80,0.3223337303637172,1.0232967008055853,0.809341881699114,0.3449657185277374
48,adaptive_TOT,BRL,JOINT_DEV_SLOG,2016-01,2022-08,2020-01,2026-08,80,80,0.32249817330698727,1.0238187495565154,0.8097547784846542,0.34429719872126874
48,adaptive_TOT,BRL,JOINT_SLOG_LOG,2016-01,2022-08,2020-01,2026-08,80,80,0.32117208335695413,1.0196088784105168,0.8064251234272978,0.3496785203052676
48,adaptive_TOT,BRL,JOINT_SLOG_DEV,2016-01,2022-08,2020-01,2026-08,80,80,0.31987972340217186,1.0155060881859577,0.8031801603995197,0.3549016299406018
48,adaptive_TOT,BRL,JOINT_SLOG_SLOG,2016-01,2022-08,2020-01,2026-08,80,80,0.32002596435088726,1.015970351979183,0.8035473541290782,0.3543116496721578
48,adaptive_TOT,BRL,ADAPTIVE_TOT,2016-01,2022-08,2020-01,2026-08,80,80,0.350854872570824,1.1138413381626708,0.8809550972197513,0.22391811668253858
48,adaptive_TOT,EUR,EJR,2016-01,2022-08,2020-01,2026-08,80,80,0.12517931275160404,1.5533348870779267,1.0,0.0
48,adaptive_TOT,EUR,TOT_LOG_L,2016-01,2022-08,2020-01,2026-08,80,80,0.08931092802065954,1.108248457691092,0.7134639586804659,0.49096917966399845
48,adaptive_TOT,EUR,TOT_LOG_D,2016-01,2022-08,2020-01,2026-08,80,80,0.14007047257409672,1.7381174805662793,1.1189586321826317,-0.25206842053602596
48,adaptive_TOT,EUR,TOT_LOG_LD,2016-01,2022-08,2020-01,2026-08,80,80,0.10133654619517211,1.257472892931566,0.8095310955753238,0.344659405296616
48,adaptive_TOT,EUR,TOT_DEV_L,2016-01,2022-08,2020-01,2026-08,80,80,0.09044674151023364,1.1223426293220717,0.7225374506545585,0.4779396324016114
48,adaptive_TOT,EUR,TOT_DEV_D,2016-01,2022-08,2020-01,2026-08,80,80,0.13940840958421802,1.7299020213420992,1.1136697152256225,-0.24026023461071921
48,adaptive_TOT,EUR,TOT_DEV_LD,2016-01,2022-08,2020-01,2026-08,80,80,0.10217172660296885,1.2678365451670508,0.8162029680232418,0.33381271499005105
48,adaptive_TOT,EUR,TOT_SLOG_L,2016-01,2022-08,2020-01,2026-08,80,80,0.08953272173382447,1.1110006689376681,0.7152357667235811,0.48843779799933107
48,adaptive_TOT,EUR,TOT_SLOG_D,2016-01,2022-08,2020-01,2026-08,80,80,0.1398647656889002,1.735564888813983,1.1173153344150148,-0.24839355651893635
48,adaptive_TOT,EUR,TOT_SLOG_LD,2016-01,2022-08,2020-01,2026-08,80,80,0.10158064059300104,1.2605018306653935,0.8114810535393309,0.34149849974669755
48,adaptive_TOT,EUR,COM_LOG_L,2016-01,2022-08,2020-01,2026-08,80,80,0.12373944901570753,1.5354677928716778,0.9884975903426338,0.022872513886806445
48,adaptive_TOT,EUR,COM_LOG_D,2016-01,2022-08,2020-01,2026-08,80,80,0.12714560361956032,1.5777343516236375,1.0157077940814232,-0.031662322957750844
48,adaptive_TOT,EUR,COM_LOG_LD,2016-01,2022-08,2020-01,2026-08,80,80,0.11535967550940815,1.4314842012779514,0.9215554309546242,0.15073558767803674
48,adaptive_TOT,EUR,COM_DEV_L,2016-01,2022-08,2020-01,2026-08,80,80,0.1225945525440544,1.5212609116193405,0.9793515385990444,0.04087056384368437
48,adaptive_TOT,EUR,COM_DEV_D,2016-01,2022-08,2020-01,2026-08,80,80,0.127039321825391,1.5764155137492672,1.014858757672506,-0.029938298024582588
48,adaptive_TOT,EUR,COM_DEV_LD,2016-01,2022-08,2020-01,2026-08,80,80,0.11402798931241313,1.414959469012188,0.9109172019395991,0.17022985121053158
48,adaptive_TOT,EUR,COM_SLOG_L,2016-01,2022-08,2020-01,2026-08,80,80,0.1228944111710134,1.5249818208990629,0.981746971361597,0.03617288422233156
48,adaptive_TOT,EUR,COM_SLOG_D,2016-01,2022-08,2020-01,2026-08,80,80,0.12718128896367678,1.5781771667242723,1.015992867895395,-0.03224150761430944
48,adaptive_TOT,EUR,COM_SLOG_LD,2016-01,2022-08,2020-01,2026-08,80,80,0.11448247651741278,1.4205991455349165,0.9145478913483315,0.16360215443032045
48,adaptive_TOT,EUR,JOINT_LOG_LOG,2016-01,2022-08,2020-01,2026-08,80,80,0.12411674142501991,1.5401495685511588,0.9915116060055977,0.01690473515620039
48,adaptive_TOT,EUR,JOINT_LOG_DEV,2016-01,2022-08,2020-01,2026-08,80,80,0.12304357054578158,1.5268327214629756,0.9829385370563549,0.033831832369512815
48,adaptive_TOT,EUR,JOINT_LOG_SLOG,2016-01,2022-08,2020-01,2026-08,80,80,0.12371193346029306,1.535126355686706,0.9882777812159528,0.023307027154873317
48,adaptive_TOT,EUR,JOINT_DEV_LOG,2016-01,2022-08,2020-01,2026-08,80,80,0.12392375741882844,1.5377548534590564,0.9899699454712056,0.019959507063738058
48,adaptive_TOT,EUR,JOINT_DEV_DEV,2016-01,2022-08,2020-01,2026-08,80,80,0.12281505661548944,1.5239971198583364,0.9811130442870698,0.03741719432975821
48,adaptive_TOT,EUR,JOINT_DEV_SLOG,2016-01,2022-08,2020-01,2026-08,80,80,0.12346757563397577,1.5320941491007634,0.9863257188428178,0.02716157634919858
48,adaptive_TOT,EUR,JOINT_SLOG_LOG,2016-01,2022-08,2020-01,2026-08,80,80,0.12355620447286861,1.533193933597317,0.9870337339049289,0.025764408133694072
48,adaptive_TOT,EUR,JOINT_SLOG_DEV,2016-01,2022-08,2020-01,2026-08,80,80,0.12247875419482289,1.5198239839691283,0.9784264788053285,0.04268162557260613
48,adaptive_TOT,EUR,JOINT_SLOG_SLOG,2016-01,2022-08,2020-01,2026-08,80,80,0.12312521351787585,1.5278458191869613,0.983590745239158,0.03254924587987784
48,adaptive_TOT,EUR,ADAPTIVE_TOT,2016-01,2022-08,2020-01,2026-08,80,80,0.10279998394715575,1.2756325142400313,0.821221827213127,0.325594710508733
48,adaptive_TOT,CAD,EJR,2016-01,2022-08,2020-01,2026-08,80,80,0.12005120919638398,1.92443590532239,1.0,0.0
48,adaptive_TOT,CAD,TOT_LOG_L,2016-01,2022-08,2020-01,2026-08,80,80,0.08967619446704393,1.437520618411651,0.7469828506295881,0.4420166208652945
48,adaptive_TOT,CAD,TOT_LOG_D,2016-01,2022-08,2020-01,2026-08,80,80,0.11454765581128974,1.8362132559044368,0.9541566184802742,0.08958514741028833
48,adaptive_TOT,CAD,TOT_LOG_LD,2016-01,2022-08,2020-01,2026-08,80,80,0.08768639733069522,1.40562392133438,0.730408280913312,0.4665037431732604
48,adaptive_TOT,CAD,TOT_DEV_L,2016-01,2022-08,2020-01,2026-08,80,80,0.09280823353637326,1.48772759660235,0.7730720428192797,0.4023596166112259
48,adaptive_TOT,CAD,TOT_DEV_D,2016-01,2022-08,2020-01,2026-08,80,80,0.11370115290457623,1.8226437083876401,0.9471054366356269,0.10299129189523859
48,adaptive_TOT,CAD,TOT_DEV_LD,2016-01,2022-08,2020-01,2026-08,80,80,0.08865760521094053,1.4211925051811176,0.738498227584791,0.4546203678541222
48,adaptive_TOT,CAD,TOT_SLOG_L,2016-01,2022-08,2020-01,2026-08,80,80,0.09278366813198347,1.4873338100961335,0.7728674184381157,0.40267595351680263
48,adaptive_TOT,CAD,TOT_SLOG_D,2016-01,2022-08,2020-01,2026-08,80,80,0.1134997021495406,1.8194144275770594,0.9454273964360808,0.10616703806809369
48,adaptive_TOT,CAD,TOT_SLOG_LD,2016-01,2022-08,2020-01,2026-08,80,80,0.08869374955207197,1.4217719034921648,0.7387993019460855,0.4541755914439768
48,adaptive_TOT,CAD,COM_LOG_L,2016-01,2022-08,2020-01,2026-08,80,80,0.11993799687654187,1.922621097669161,0.9990569664345744,0.0018851778185455803
48,adaptive_TOT,CAD,COM_LOG_D,2016-01,2022-08,2020-01,2026-08,80,80,0.13293704092778325,2.1309974003697403,1.1073361261219798,-0.2261932962148332
48,adaptive_TOT,CAD,COM_LOG_LD,2016-01,2022-08,2020-01,2026-08,80,80,0.1374533260424719,2.2033940158770644,1.1449557814750615,-0.3109237415331687
48,adaptive_TOT,CAD,COM_DEV_L,2016-01,2022-08,2020-01,2026-08,80,80,0.12062526514794548,1.9336380940570475,1.0047817590127097,-0.009586383244674979
48,adaptive_TOT,CAD,COM_DEV_D,2016-01,2022-08,2020-01,2026-08,80,80,0.13317517238744112,2.134814677465241,1.109319708471978,-0.23059021560435422
48,adaptive_TOT,CAD,COM_DEV_LD,2016-01,2022-08,2020-01,2026-08,80,80,0.13855456659534937,2.2210470397369715,1.1541288715276241,-0.3320134520936271
48,adaptive_TOT,CAD,COM_SLOG_L,2016-01,2022-08,2020-01,2026-08,80,80,0.12045850188746147,1.9309648581245455,1.0033926579649124,-0.0067968260578918915
48,adaptive_TOT,CAD,COM_SLOG_D,2016-01,2022-08,2020-01,2026-08,80,80,0.13300542644097385,2.132093628703206,1.1079057623101396,-0.2274551781600116
48,adaptive_TOT,CAD,COM_SLOG_LD,2016-01,2022-08,2020-01,2026-08,80,80,0.13813646305190175,2.21434478761857,1.150646161555385,-0.32398658910214073
48,adaptive_TOT,CAD,JOINT_LOG_LOG,2016-01,2022-08,2020-01,2026-08,80,80,0.0966645911139625,1.549545491113806,0.8051946478592745,0.35166157905877893
48,adaptive_TOT,CAD,JOINT_LOG_DEV,2016-01,2022-08,2020-01,2026-08,80,80,0.09623413553644491,1.5426452343436636,0.8016090481772803,0.35742293388031476
48,adaptive_TOT,CAD,JOINT_LOG_SLOG,2016-01,2022-08,2020-01,2026-08,80,80,0.09642858911305535,1.5457623495085373,0.8032288034293272,0.3548234893414912
48,adaptive_TOT,CAD,JOINT_DEV_LOG,2016-01,2022-08,2020-01,2026-08,80,80,0.09567545694750998,1.533689546656066,0.796955379191564,0.3648621235776305
48,adaptive_TOT,CAD,JOINT_DEV_DEV,2016-01,2022-08,2020-01,2026-08,80,80,0.09544125163060119,1.5299352061201088,0.795004500741638,0.36796784380053893
48,adaptive_TOT,CAD,JOINT_DEV_SLOG,2016-01,2022-08,2020-01,2026-08,80,80,0.09555421107109945,1.5317459600858132,0.7959454278781024,0.3664708758399444
48,adaptive_TOT,CAD,JOINT_SLOG_LOG,2016-01,2022-08,2020-01,2026-08,80,80,0.09661678782315092,1.5487791983805117,0.804796457027782,0.35230266275552935
48,adaptive_TOT,CAD,JOINT_SLOG_DEV,2016-01,2022-08,2020-01,2026-08,80,80,0.09630864633004231,1.5438396516885011,0.8022297065954349,0.3564274978558024
48,adaptive_TOT,CAD,JOINT_SLOG_SLOG,2016-01,2022-08,2020-01,2026-08,80,80,0.09643418512251054,1.5458520542403278,0.8032754169494462,0.35474860452469337
48,adaptive_TOT,CAD,ADAPTIVE_TOT,2016-01,2022-08,2020-01,2026-08,80,80,0.09998346426879799,1.6027474430735569,0.8328401266266426,0.30637732348051794
48,adaptive_COM,POOL,EJR,2016-01,2022-08,2020-01,2026-08,80,240,0.2507976146048561,1.3120877649066665,1.0,0.0
48,adaptive_COM,POOL,TOT_LOG_L,2016-01,2022-08,2020-01,2026-08,80,240,0.2030091102742162,1.0620745742540638,0.8094539120480351,0.3447843642701319
48,adaptive_COM,POOL,TOT_LOG_D,2016-01,2022-08,2020-01,2026-08,80,240,0.24696571615121063,1.2920405763187106,0.9847211527123859,0.03032425140078998
48,adaptive_COM,POOL,TOT_LOG_LD,2016-01,2022-08,2020-01,2026-08,80,240,0.1891672957552003,0.9896589115169088,0.7542627391143357,0.43108772038373955
48,adaptive_COM,POOL,TOT_DEV_L,2016-01,2022-08,2020-01,2026-08,80,240,0.20744083405146008,1.0852598447947313,0.8271244301039037,0.3158651771252926
48,adaptive_COM,POOL,TOT_DEV_D,2016-01,2022-08,2020-01,2026-08,80,240,0.2467281953540426,1.2907979483440943,0.9837740910844585,0.03218853771094765
48,adaptive_COM,POOL,TOT_DEV_LD,2016-01,2022-08,2020-01,2026-08,80,240,0.19351021655592485,1.0123795951070111,0.7715791749487316,0.4046655767854346
48,adaptive_COM,POOL,TOT_SLOG_L,2016-01,2022-08,2020-01,2026-08,80,240,0.206304142127267,1.0793130595011318,0.822592122545939,0.32334219992536684
48,adaptive_COM,POOL,TOT_SLOG_D,2016-01,2022-08,2020-01,2026-08,80,240,0.24677191754677721,1.2910266879763765,0.9839484236545807,0.031845499587665804
48,adaptive_COM,POOL,TOT_SLOG_LD,2016-01,2022-08,2020-01,2026-08,80,240,0.19231909679863893,1.006148061914258,0.7668298484483078,0.4119719835287452
48,adaptive_COM,POOL,COM_LOG_L,2016-01,2022-08,2020-01,2026-08,80,240,0.2482151782508738,1.2985773367909568,0.9897031063949668,0.020487761192152898
48,adaptive_COM,POOL,COM_LOG_D,2016-01,2022-08,2020-01,2026-08,80,240,0.25871043106833364,1.3534849276509722,1.0315506049606753,-0.06409665059473535
48,adaptive_COM,POOL,COM_LOG_LD,2016-01,2022-08,2020-01,2026-08,80,240,0.2472279094704766,1.2934122825320697,0.985766590563456,0.028264228928899904
48,adaptive_COM,POOL,COM_DEV_L,2016-01,2022-08,2020-01,2026-08,80,240,0.24748848974332652,1.2947755498355533,0.9868055967488236,0.026214714225198055
48,adaptive_COM,POOL,COM_DEV_D,2016-01,2022-08,2020-01,2026-08,80,240,0.2586388468285494,1.3531104232709004,1.0312651786423388,-0.06350786868021485
48,adaptive_COM,POOL,COM_DEV_LD,2016-01,2022-08,2020-01,2026-08,80,240,0.2464640559030099,1.2894160606316645,0.9827208934635445,0.03425964555021277
48,adaptive_COM,POOL,COM_SLOG_L,2016-01,2022-08,2020-01,2026-08,80,240,0.2476768479656301,1.2957609759501256,0.9875566334865549,0.02473189565670242
48,adaptive_COM,POOL,COM_SLOG_D,2016-01,2022-08,2020-01,2026-08,80,240,0.2586785400857351,1.3533180848835706,1.03142344672335,-0.06383432645067533
48,adaptive_COM,POOL,COM_SLOG_LD,2016-01,2022-08,2020-01,2026-08,80,240,0.24675894091064718,1.2909587986325217,0.9838966821890549,0.03194731877736989
48,adaptive_COM,POOL,JOINT_LOG_LOG,2016-01,2022-08,2020-01,2026-08,80,240,0.20328427947749608,1.0635141658764622,0.8105510883657342,0.3430069331491238
48,adaptive_COM,POOL,JOINT_LOG_DEV,2016-01,2022-08,2020-01,2026-08,80,240,0.2024061631051685,1.0589201598684284,0.8070497936117508,0.3486706306312305
48,adaptive_COM,POOL,JOINT_LOG_SLOG,2016-01,2022-08,2020-01,2026-08,80,240,0.20262741529051065,1.0600776760027173,0.8079319877494051,0.3472459031712951
48,adaptive_COM,POOL,JOINT_DEV_LOG,2016-01,2022-08,2020-01,2026-08,80,240,0.20758806200113827,1.086030091320917,0.8277114689794933,0.3148937241198093
48,adaptive_COM,POOL,JOINT_DEV_DEV,2016-01,2022-08,2020-01,2026-08,80,240,0.2066330115401628,1.081033592344287,0.8239034165684678,0.3211831601668058
48,adaptive_COM,POOL,JOINT_DEV_SLOG,2016-01,2022-08,2020-01,2026-08,80,240,0.2068654323247324,1.082249538788691,0.824830143024522,0.31965523515814664
48,adaptive_COM,POOL,JOINT_SLOG_LOG,2016-01,2022-08,2020-01,2026-08,80,240,0.20635927124059741,1.0796014762598198,0.8228119376881895,0.322980515197807
48,adaptive_COM,POOL,JOINT_SLOG_DEV,2016-01,2022-08,2020-01,2026-08,80,240,0.2054259299040987,1.0747185520341207,0.8190904456079348,0.3290908419137948
48,adaptive_COM,POOL,JOINT_SLOG_SLOG,2016-01,2022-08,2020-01,2026-08,80,240,0.20565017880110592,1.0758917459439614,0.8199845884703402,0.3276252746711268
48,adaptive_COM,POOL,ADAPTIVE_COM,2016-01,2022-08,2020-01,2026-08,80,240,0.24814920696032786,1.298232197451028,0.9894400604698694,0.021008366737381046
48,adaptive_COM,BRL,EJR,2016-01,2022-08,2020-01,2026-08,80,80,0.39826646520135234,1.264356539485266,1.0,0.0
48,adaptive_COM,BRL,TOT_LOG_L,2016-01,2022-08,2020-01,2026-08,80,80,0.32805462174001465,1.041458527259263,0.8237063634623605,0.3215078267916137
48,adaptive_COM,BRL,TOT_LOG_D,2016-01,2022-08,2020-01,2026-08,80,80,0.3876019764181402,1.2305005226938335,0.9732227297173504,0.052837518361509295
48,adaptive_COM,BRL,TOT_LOG_LD,2016-01,2022-08,2020-01,2026-08,80,80,0.2989896277103998,0.9491873508425773,0.7507276003246697,0.436408070110763
48,adaptive_COM,BRL,TOT_DEV_L,2016-01,2022-08,2020-01,2026-08,80,80,0.33511358915140277,1.0638682764810299,0.841430595925215,0.2919945522409376
48,adaptive_COM,BRL,TOT_DEV_D,2016-01,2022-08,2020-01,2026-08,80,80,0.38763610553372985,1.230608870682562,0.9733084238909041,0.052670711983004215
48,adaptive_COM,BRL,TOT_DEV_LD,2016-01,2022-08,2020-01,2026-08,80,80,0.30665840776960934,0.9735330416424133,0.7699830002372192,0.4071261793456905
48,adaptive_COM,BRL,TOT_SLOG_L,2016-01,2022-08,2020-01,2026-08,80,80,0.33325557736294564,1.05796973979658,0.8367653480301461,0.29982375233598846
48,adaptive_COM,BRL,TOT_SLOG_D,2016-01,2022-08,2020-01,2026-08,80,80,0.38761424483614487,1.2305394706241481,0.973253534264247,0.05277755804215212
48,adaptive_COM,BRL,TOT_SLOG_LD,2016-01,2022-08,2020-01,2026-08,80,80,0.30458939119319745,0.9669646386578256,0.7647879442704412,0.4150994002985926
48,adaptive_COM,BRL,COM_LOG_L,2016-01,2022-08,2020-01,2026-08,80,80,0.3938727583939653,1.2504080592091469,0.9889679217526745,0.021942449744195902
48,adaptive_COM,BRL,COM_LOG_D,2016-01,2022-08,2020-01,2026-08,80,80,0.40860127271004865,1.29716593369659,1.0259494795864155,-0.052572334663636866
48,adaptive_COM,BRL,COM_LOG_LD,2016-01,2022-08,2020-01,2026-08,80,80,0.388797693009684,1.2342965040881622,0.9762250326878985,0.04698468555351143
48,adaptive_COM,BRL,COM_DEV_L,2016-01,2022-08,2020-01,2026-08,80,80,0.3926471428150329,1.246517159001582,0.985890545960282,0.028019831386137062
48,adaptive_COM,BRL,COM_DEV_D,2016-01,2022-08,2020-01,2026-08,80,80,0.4084207921202415,1.296592971034877,1.0254963141668367,-0.05164269036976732
48,adaptive_COM,BRL,COM_DEV_LD,2016-01,2022-08,2020-01,2026-08,80,80,0.3873420223593473,1.2296752596026153,0.9725700158147085,0.05410756433817776
48,adaptive_COM,BRL,COM_SLOG_L,2016-01,2022-08,2020-01,2026-08,80,80,0.39296078186064304,1.2475128531234925,0.9866780565166919,0.02646641278844364
48,adaptive_COM,BRL,COM_SLOG_D,2016-01,2022-08,2020-01,2026-08,80,80,0.4085073286704343,1.296867694273464,1.025713597211617,-0.052088383504794944
48,adaptive_COM,BRL,COM_SLOG_LD,2016-01,2022-08,2020-01,2026-08,80,80,0.3879201011857769,1.231510457412114,0.9740215033913424,0.05128211093126911
48,adaptive_COM,BRL,JOINT_LOG_LOG,2016-01,2022-08,2020-01,2026-08,80,80,0.3149991843971336,1.000012086188794,0.7909257040707127,0.3744365306402474
48,adaptive_COM,BRL,JOINT_LOG_DEV,2016-01,2022-08,2020-01,2026-08,80,80,0.3138535255398076,0.9963750205685515,0.78804909015157,0.37897863151128264
48,adaptive_COM,BRL,JOINT_LOG_SLOG,2016-01,2022-08,2020-01,2026-08,80,80,0.31395938113571437,0.9967110750110418,0.7883148810357039,0.378559648337664
48,adaptive_COM,BRL,JOINT_DEV_LOG,2016-01,2022-08,2020-01,2026-08,80,80,0.32367811131006347,1.0275646394587004,0.8127174632853431,0.3394903248710369
48,adaptive_COM,BRL,JOINT_DEV_DEV,2016-01,2022-08,2020-01,2026-08,80,80,0.3223337303637172,1.0232967008055853,0.809341881699114,0.3449657185277374
48,adaptive_COM,BRL,JOINT_DEV_SLOG,2016-01,2022-08,2020-01,2026-08,80,80,0.32249817330698727,1.0238187495565154,0.8097547784846542,0.34429719872126874
48,adaptive_COM,BRL,JOINT_SLOG_LOG,2016-01,2022-08,2020-01,2026-08,80,80,0.32117208335695413,1.0196088784105168,0.8064251234272978,0.3496785203052676
48,adaptive_COM,BRL,JOINT_SLOG_DEV,2016-01,2022-08,2020-01,2026-08,80,80,0.31987972340217186,1.0155060881859577,0.8031801603995197,0.3549016299406018
48,adaptive_COM,BRL,JOINT_SLOG_SLOG,2016-01,2022-08,2020-01,2026-08,80,80,0.32002596435088726,1.015970351979183,0.8035473541290782,0.3543116496721578
48,adaptive_COM,BRL,ADAPTIVE_COM,2016-01,2022-08,2020-01,2026-08,80,80,0.3912033363316342,1.2419335790907966,0.982265318607362,0.03515484386117762
48,adaptive_COM,EUR,EJR,2016-01,2022-08,2020-01,2026-08,80,80,0.12517931275160404,1.5533348870779267,1.0,0.0
48,adaptive_COM,EUR,TOT_LOG_L,2016-01,2022-08,2020-01,2026-08,80,80,0.08931092802065954,1.108248457691092,0.7134639586804659,0.49096917966399845
48,adaptive_COM,EUR,TOT_LOG_D,2016-01,2022-08,2020-01,2026-08,80,80,0.14007047257409672,1.7381174805662793,1.1189586321826317,-0.25206842053602596
48,adaptive_COM,EUR,TOT_LOG_LD,2016-01,2022-08,2020-01,2026-08,80,80,0.10133654619517211,1.257472892931566,0.8095310955753238,0.344659405296616
48,adaptive_COM,EUR,TOT_DEV_L,2016-01,2022-08,2020-01,2026-08,80,80,0.09044674151023364,1.1223426293220717,0.7225374506545585,0.4779396324016114
48,adaptive_COM,EUR,TOT_DEV_D,2016-01,2022-08,2020-01,2026-08,80,80,0.13940840958421802,1.7299020213420992,1.1136697152256225,-0.24026023461071921
48,adaptive_COM,EUR,TOT_DEV_LD,2016-01,2022-08,2020-01,2026-08,80,80,0.10217172660296885,1.2678365451670508,0.8162029680232418,0.33381271499005105
48,adaptive_COM,EUR,TOT_SLOG_L,2016-01,2022-08,2020-01,2026-08,80,80,0.08953272173382447,1.1110006689376681,0.7152357667235811,0.48843779799933107
48,adaptive_COM,EUR,TOT_SLOG_D,2016-01,2022-08,2020-01,2026-08,80,80,0.1398647656889002,1.735564888813983,1.1173153344150148,-0.24839355651893635
48,adaptive_COM,EUR,TOT_SLOG_LD,2016-01,2022-08,2020-01,2026-08,80,80,0.10158064059300104,1.2605018306653935,0.8114810535393309,0.34149849974669755
48,adaptive_COM,EUR,COM_LOG_L,2016-01,2022-08,2020-01,2026-08,80,80,0.12373944901570753,1.5354677928716778,0.9884975903426338,0.022872513886806445
48,adaptive_COM,EUR,COM_LOG_D,2016-01,2022-08,2020-01,2026-08,80,80,0.12714560361956032,1.5777343516236375,1.0157077940814232,-0.031662322957750844
48,adaptive_COM,EUR,COM_LOG_LD,2016-01,2022-08,2020-01,2026-08,80,80,0.11535967550940815,1.4314842012779514,0.9215554309546242,0.15073558767803674
48,adaptive_COM,EUR,COM_DEV_L,2016-01,2022-08,2020-01,2026-08,80,80,0.1225945525440544,1.5212609116193405,0.9793515385990444,0.04087056384368437
48,adaptive_COM,EUR,COM_DEV_D,2016-01,2022-08,2020-01,2026-08,80,80,0.127039321825391,1.5764155137492672,1.014858757672506,-0.029938298024582588
48,adaptive_COM,EUR,COM_DEV_LD,2016-01,2022-08,2020-01,2026-08,80,80,0.11402798931241313,1.414959469012188,0.9109172019395991,0.17022985121053158
48,adaptive_COM,EUR,COM_SLOG_L,2016-01,2022-08,2020-01,2026-08,80,80,0.1228944111710134,1.5249818208990629,0.981746971361597,0.03617288422233156
48,adaptive_COM,EUR,COM_SLOG_D,2016-01,2022-08,2020-01,2026-08,80,80,0.12718128896367678,1.5781771667242723,1.015992867895395,-0.03224150761430944
48,adaptive_COM,EUR,COM_SLOG_LD,2016-01,2022-08,2020-01,2026-08,80,80,0.11448247651741278,1.4205991455349165,0.9145478913483315,0.16360215443032045
48,adaptive_COM,EUR,JOINT_LOG_LOG,2016-01,2022-08,2020-01,2026-08,80,80,0.12411674142501991,1.5401495685511588,0.9915116060055977,0.01690473515620039
48,adaptive_COM,EUR,JOINT_LOG_DEV,2016-01,2022-08,2020-01,2026-08,80,80,0.12304357054578158,1.5268327214629756,0.9829385370563549,0.033831832369512815
48,adaptive_COM,EUR,JOINT_LOG_SLOG,2016-01,2022-08,2020-01,2026-08,80,80,0.12371193346029306,1.535126355686706,0.9882777812159528,0.023307027154873317
48,adaptive_COM,EUR,JOINT_DEV_LOG,2016-01,2022-08,2020-01,2026-08,80,80,0.12392375741882844,1.5377548534590564,0.9899699454712056,0.019959507063738058
48,adaptive_COM,EUR,JOINT_DEV_DEV,2016-01,2022-08,2020-01,2026-08,80,80,0.12281505661548944,1.5239971198583364,0.9811130442870698,0.03741719432975821
48,adaptive_COM,EUR,JOINT_DEV_SLOG,2016-01,2022-08,2020-01,2026-08,80,80,0.12346757563397577,1.5320941491007634,0.9863257188428178,0.02716157634919858
48,adaptive_COM,EUR,JOINT_SLOG_LOG,2016-01,2022-08,2020-01,2026-08,80,80,0.12355620447286861,1.533193933597317,0.9870337339049289,0.025764408133694072
48,adaptive_COM,EUR,JOINT_SLOG_DEV,2016-01,2022-08,2020-01,2026-08,80,80,0.12247875419482289,1.5198239839691283,0.9784264788053285,0.04268162557260613
48,adaptive_COM,EUR,JOINT_SLOG_SLOG,2016-01,2022-08,2020-01,2026-08,80,80,0.12312521351787585,1.5278458191869613,0.983590745239158,0.03254924587987784
48,adaptive_COM,EUR,ADAPTIVE_COM,2016-01,2022-08,2020-01,2026-08,80,80,0.11236862101615658,1.3943685693784678,0.8976612712288333,0.19420424213583498
48,adaptive_COM,CAD,EJR,2016-01,2022-08,2020-01,2026-08,80,80,0.12005120919638398,1.92443590532239,1.0,0.0
48,adaptive_COM,CAD,TOT_LOG_L,2016-01,2022-08,2020-01,2026-08,80,80,0.08967619446704393,1.437520618411651,0.7469828506295881,0.4420166208652945
48,adaptive_COM,CAD,TOT_LOG_D,2016-01,2022-08,2020-01,2026-08,80,80,0.11454765581128974,1.8362132559044368,0.9541566184802742,0.08958514741028833
48,adaptive_COM,CAD,TOT_LOG_LD,2016-01,2022-08,2020-01,2026-08,80,80,0.08768639733069522,1.40562392133438,0.730408280913312,0.4665037431732604
48,adaptive_COM,CAD,TOT_DEV_L,2016-01,2022-08,2020-01,2026-08,80,80,0.09280823353637326,1.48772759660235,0.7730720428192797,0.4023596166112259
48,adaptive_COM,CAD,TOT_DEV_D,2016-01,2022-08,2020-01,2026-08,80,80,0.11370115290457623,1.8226437083876401,0.9471054366356269,0.10299129189523859
48,adaptive_COM,CAD,TOT_DEV_LD,2016-01,2022-08,2020-01,2026-08,80,80,0.08865760521094053,1.4211925051811176,0.738498227584791,0.4546203678541222
48,adaptive_COM,CAD,TOT_SLOG_L,2016-01,2022-08,2020-01,2026-08,80,80,0.09278366813198347,1.4873338100961335,0.7728674184381157,0.40267595351680263
48,adaptive_COM,CAD,TOT_SLOG_D,2016-01,2022-08,2020-01,2026-08,80,80,0.1134997021495406,1.8194144275770594,0.9454273964360808,0.10616703806809369
48,adaptive_COM,CAD,TOT_SLOG_LD,2016-01,2022-08,2020-01,2026-08,80,80,0.08869374955207197,1.4217719034921648,0.7387993019460855,0.4541755914439768
48,adaptive_COM,CAD,COM_LOG_L,2016-01,2022-08,2020-01,2026-08,80,80,0.11993799687654187,1.922621097669161,0.9990569664345744,0.0018851778185455803
48,adaptive_COM,CAD,COM_LOG_D,2016-01,2022-08,2020-01,2026-08,80,80,0.13293704092778325,2.1309974003697403,1.1073361261219798,-0.2261932962148332
48,adaptive_COM,CAD,COM_LOG_LD,2016-01,2022-08,2020-01,2026-08,80,80,0.1374533260424719,2.2033940158770644,1.1449557814750615,-0.3109237415331687
48,adaptive_COM,CAD,COM_DEV_L,2016-01,2022-08,2020-01,2026-08,80,80,0.12062526514794548,1.9336380940570475,1.0047817590127097,-0.009586383244674979
48,adaptive_COM,CAD,COM_DEV_D,2016-01,2022-08,2020-01,2026-08,80,80,0.13317517238744112,2.134814677465241,1.109319708471978,-0.23059021560435422
48,adaptive_COM,CAD,COM_DEV_LD,2016-01,2022-08,2020-01,2026-08,80,80,0.13855456659534937,2.2210470397369715,1.1541288715276241,-0.3320134520936271
48,adaptive_COM,CAD,COM_SLOG_L,2016-01,2022-08,2020-01,2026-08,80,80,0.12045850188746147,1.9309648581245455,1.0033926579649124,-0.0067968260578918915
48,adaptive_COM,CAD,COM_SLOG_D,2016-01,2022-08,2020-01,2026-08,80,80,0.13300542644097385,2.132093628703206,1.1079057623101396,-0.2274551781600116
48,adaptive_COM,CAD,COM_SLOG_LD,2016-01,2022-08,2020-01,2026-08,80,80,0.13813646305190175,2.21434478761857,1.150646161555385,-0.32398658910214073
48,adaptive_COM,CAD,JOINT_LOG_LOG,2016-01,2022-08,2020-01,2026-08,80,80,0.0966645911139625,1.549545491113806,0.8051946478592745,0.35166157905877893
48,adaptive_COM,CAD,JOINT_LOG_DEV,2016-01,2022-08,2020-01,2026-08,80,80,0.09623413553644491,1.5426452343436636,0.8016090481772803,0.35742293388031476
48,adaptive_COM,CAD,JOINT_LOG_SLOG,2016-01,2022-08,2020-01,2026-08,80,80,0.09642858911305535,1.5457623495085373,0.8032288034293272,0.3548234893414912
48,adaptive_COM,CAD,JOINT_DEV_LOG,2016-01,2022-08,2020-01,2026-08,80,80,0.09567545694750998,1.533689546656066,0.796955379191564,0.3648621235776305
48,adaptive_COM,CAD,JOINT_DEV_DEV,2016-01,2022-08,2020-01,2026-08,80,80,0.09544125163060119,1.5299352061201088,0.795004500741638,0.36796784380053893
48,adaptive_COM,CAD,JOINT_DEV_SLOG,2016-01,2022-08,2020-01,2026-08,80,80,0.09555421107109945,1.5317459600858132,0.7959454278781024,0.3664708758399444
48,adaptive_COM,CAD,JOINT_SLOG_LOG,2016-01,2022-08,2020-01,2026-08,80,80,0.09661678782315092,1.5487791983805117,0.804796457027782,0.35230266275552935
48,adaptive_COM,CAD,JOINT_SLOG_DEV,2016-01,2022-08,2020-01,2026-08,80,80,0.09630864633004231,1.5438396516885011,0.8022297065954349,0.3564274978558024
48,adaptive_COM,CAD,JOINT_SLOG_SLOG,2016-01,2022-08,2020-01,2026-08,80,80,0.09643418512251054,1.5458520542403278,0.8032754169494462,0.35474860452469337
48,adaptive_COM,CAD,ADAPTIVE_COM,2016-01,2022-08,2020-01,2026-08,80,80,0.1380845009370874,2.2135118284161215,1.1502133286404799,-0.3229907013822124
48,adaptive_JOINT,POOL,EJR,2016-01,2022-08,2020-01,2026-08,80,240,0.2507976146048561,1.3120877649066665,1.0,0.0
48,adaptive_JOINT,POOL,TOT_LOG_L,2016-01,2022-08,2020-01,2026-08,80,240,0.2030091102742162,1.0620745742540638,0.8094539120480351,0.3447843642701319
48,adaptive_JOINT,POOL,TOT_LOG_D,2016-01,2022-08,2020-01,2026-08,80,240,0.24696571615121063,1.2920405763187106,0.9847211527123859,0.03032425140078998
48,adaptive_JOINT,POOL,TOT_LOG_LD,2016-01,2022-08,2020-01,2026-08,80,240,0.1891672957552003,0.9896589115169088,0.7542627391143357,0.43108772038373955
48,adaptive_JOINT,POOL,TOT_DEV_L,2016-01,2022-08,2020-01,2026-08,80,240,0.20744083405146008,1.0852598447947313,0.8271244301039037,0.3158651771252926
48,adaptive_JOINT,POOL,TOT_DEV_D,2016-01,2022-08,2020-01,2026-08,80,240,0.2467281953540426,1.2907979483440943,0.9837740910844585,0.03218853771094765
48,adaptive_JOINT,POOL,TOT_DEV_LD,2016-01,2022-08,2020-01,2026-08,80,240,0.19351021655592485,1.0123795951070111,0.7715791749487316,0.4046655767854346
48,adaptive_JOINT,POOL,TOT_SLOG_L,2016-01,2022-08,2020-01,2026-08,80,240,0.206304142127267,1.0793130595011318,0.822592122545939,0.32334219992536684
48,adaptive_JOINT,POOL,TOT_SLOG_D,2016-01,2022-08,2020-01,2026-08,80,240,0.24677191754677721,1.2910266879763765,0.9839484236545807,0.031845499587665804
48,adaptive_JOINT,POOL,TOT_SLOG_LD,2016-01,2022-08,2020-01,2026-08,80,240,0.19231909679863893,1.006148061914258,0.7668298484483078,0.4119719835287452
48,adaptive_JOINT,POOL,COM_LOG_L,2016-01,2022-08,2020-01,2026-08,80,240,0.2482151782508738,1.2985773367909568,0.9897031063949668,0.020487761192152898
48,adaptive_JOINT,POOL,COM_LOG_D,2016-01,2022-08,2020-01,2026-08,80,240,0.25871043106833364,1.3534849276509722,1.0315506049606753,-0.06409665059473535
48,adaptive_JOINT,POOL,COM_LOG_LD,2016-01,2022-08,2020-01,2026-08,80,240,0.2472279094704766,1.2934122825320697,0.985766590563456,0.028264228928899904
48,adaptive_JOINT,POOL,COM_DEV_L,2016-01,2022-08,2020-01,2026-08,80,240,0.24748848974332652,1.2947755498355533,0.9868055967488236,0.026214714225198055
48,adaptive_JOINT,POOL,COM_DEV_D,2016-01,2022-08,2020-01,2026-08,80,240,0.2586388468285494,1.3531104232709004,1.0312651786423388,-0.06350786868021485
48,adaptive_JOINT,POOL,COM_DEV_LD,2016-01,2022-08,2020-01,2026-08,80,240,0.2464640559030099,1.2894160606316645,0.9827208934635445,0.03425964555021277
48,adaptive_JOINT,POOL,COM_SLOG_L,2016-01,2022-08,2020-01,2026-08,80,240,0.2476768479656301,1.2957609759501256,0.9875566334865549,0.02473189565670242
48,adaptive_JOINT,POOL,COM_SLOG_D,2016-01,2022-08,2020-01,2026-08,80,240,0.2586785400857351,1.3533180848835706,1.03142344672335,-0.06383432645067533
48,adaptive_JOINT,POOL,COM_SLOG_LD,2016-01,2022-08,2020-01,2026-08,80,240,0.24675894091064718,1.2909587986325217,0.9838966821890549,0.03194731877736989
48,adaptive_JOINT,POOL,JOINT_LOG_LOG,2016-01,2022-08,2020-01,2026-08,80,240,0.20328427947749608,1.0635141658764622,0.8105510883657342,0.3430069331491238
48,adaptive_JOINT,POOL,JOINT_LOG_DEV,2016-01,2022-08,2020-01,2026-08,80,240,0.2024061631051685,1.0589201598684284,0.8070497936117508,0.3486706306312305
48,adaptive_JOINT,POOL,JOINT_LOG_SLOG,2016-01,2022-08,2020-01,2026-08,80,240,0.20262741529051065,1.0600776760027173,0.8079319877494051,0.3472459031712951
48,adaptive_JOINT,POOL,JOINT_DEV_LOG,2016-01,2022-08,2020-01,2026-08,80,240,0.20758806200113827,1.086030091320917,0.8277114689794933,0.3148937241198093
48,adaptive_JOINT,POOL,JOINT_DEV_DEV,2016-01,2022-08,2020-01,2026-08,80,240,0.2066330115401628,1.081033592344287,0.8239034165684678,0.3211831601668058
48,adaptive_JOINT,POOL,JOINT_DEV_SLOG,2016-01,2022-08,2020-01,2026-08,80,240,0.2068654323247324,1.082249538788691,0.824830143024522,0.31965523515814664
48,adaptive_JOINT,POOL,JOINT_SLOG_LOG,2016-01,2022-08,2020-01,2026-08,80,240,0.20635927124059741,1.0796014762598198,0.8228119376881895,0.322980515197807
48,adaptive_JOINT,POOL,JOINT_SLOG_DEV,2016-01,2022-08,2020-01,2026-08,80,240,0.2054259299040987,1.0747185520341207,0.8190904456079348,0.3290908419137948
48,adaptive_JOINT,POOL,JOINT_SLOG_SLOG,2016-01,2022-08,2020-01,2026-08,80,240,0.20565017880110592,1.0758917459439614,0.8199845884703402,0.3276252746711268
48,adaptive_JOINT,POOL,ADAPTIVE_JOINT,2016-01,2022-08,2020-01,2026-08,80,240,0.24326649914762918,1.272687531921613,0.9699713433515205,0.05915559307684681
48,adaptive_JOINT,BRL,EJR,2016-01,2022-08,2020-01,2026-08,80,80,0.39826646520135234,1.264356539485266,1.0,0.0
48,adaptive_JOINT,BRL,TOT_LOG_L,2016-01,2022-08,2020-01,2026-08,80,80,0.32805462174001465,1.041458527259263,0.8237063634623605,0.3215078267916137
48,adaptive_JOINT,BRL,TOT_LOG_D,2016-01,2022-08,2020-01,2026-08,80,80,0.3876019764181402,1.2305005226938335,0.9732227297173504,0.052837518361509295
48,adaptive_JOINT,BRL,TOT_LOG_LD,2016-01,2022-08,2020-01,2026-08,80,80,0.2989896277103998,0.9491873508425773,0.7507276003246697,0.436408070110763
48,adaptive_JOINT,BRL,TOT_DEV_L,2016-01,2022-08,2020-01,2026-08,80,80,0.33511358915140277,1.0638682764810299,0.841430595925215,0.2919945522409376
48,adaptive_JOINT,BRL,TOT_DEV_D,2016-01,2022-08,2020-01,2026-08,80,80,0.38763610553372985,1.230608870682562,0.9733084238909041,0.052670711983004215
48,adaptive_JOINT,BRL,TOT_DEV_LD,2016-01,2022-08,2020-01,2026-08,80,80,0.30665840776960934,0.9735330416424133,0.7699830002372192,0.4071261793456905
48,adaptive_JOINT,BRL,TOT_SLOG_L,2016-01,2022-08,2020-01,2026-08,80,80,0.33325557736294564,1.05796973979658,0.8367653480301461,0.29982375233598846
48,adaptive_JOINT,BRL,TOT_SLOG_D,2016-01,2022-08,2020-01,2026-08,80,80,0.38761424483614487,1.2305394706241481,0.973253534264247,0.05277755804215212
48,adaptive_JOINT,BRL,TOT_SLOG_LD,2016-01,2022-08,2020-01,2026-08,80,80,0.30458939119319745,0.9669646386578256,0.7647879442704412,0.4150994002985926
48,adaptive_JOINT,BRL,COM_LOG_L,2016-01,2022-08,2020-01,2026-08,80,80,0.3938727583939653,1.2504080592091469,0.9889679217526745,0.021942449744195902
48,adaptive_JOINT,BRL,COM_LOG_D,2016-01,2022-08,2020-01,2026-08,80,80,0.40860127271004865,1.29716593369659,1.0259494795864155,-0.052572334663636866
48,adaptive_JOINT,BRL,COM_LOG_LD,2016-01,2022-08,2020-01,2026-08,80,80,0.388797693009684,1.2342965040881622,0.9762250326878985,0.04698468555351143
48,adaptive_JOINT,BRL,COM_DEV_L,2016-01,2022-08,2020-01,2026-08,80,80,0.3926471428150329,1.246517159001582,0.985890545960282,0.028019831386137062
48,adaptive_JOINT,BRL,COM_DEV_D,2016-01,2022-08,2020-01,2026-08,80,80,0.4084207921202415,1.296592971034877,1.0254963141668367,-0.05164269036976732
48,adaptive_JOINT,BRL,COM_DEV_LD,2016-01,2022-08,2020-01,2026-08,80,80,0.3873420223593473,1.2296752596026153,0.9725700158147085,0.05410756433817776
48,adaptive_JOINT,BRL,COM_SLOG_L,2016-01,2022-08,2020-01,2026-08,80,80,0.39296078186064304,1.2475128531234925,0.9866780565166919,0.02646641278844364
48,adaptive_JOINT,BRL,COM_SLOG_D,2016-01,2022-08,2020-01,2026-08,80,80,0.4085073286704343,1.296867694273464,1.025713597211617,-0.052088383504794944
48,adaptive_JOINT,BRL,COM_SLOG_LD,2016-01,2022-08,2020-01,2026-08,80,80,0.3879201011857769,1.231510457412114,0.9740215033913424,0.05128211093126911
48,adaptive_JOINT,BRL,JOINT_LOG_LOG,2016-01,2022-08,2020-01,2026-08,80,80,0.3149991843971336,1.000012086188794,0.7909257040707127,0.3744365306402474
48,adaptive_JOINT,BRL,JOINT_LOG_DEV,2016-01,2022-08,2020-01,2026-08,80,80,0.3138535255398076,0.9963750205685515,0.78804909015157,0.37897863151128264
48,adaptive_JOINT,BRL,JOINT_LOG_SLOG,2016-01,2022-08,2020-01,2026-08,80,80,0.31395938113571437,0.9967110750110418,0.7883148810357039,0.378559648337664
48,adaptive_JOINT,BRL,JOINT_DEV_LOG,2016-01,2022-08,2020-01,2026-08,80,80,0.32367811131006347,1.0275646394587004,0.8127174632853431,0.3394903248710369
48,adaptive_JOINT,BRL,JOINT_DEV_DEV,2016-01,2022-08,2020-01,2026-08,80,80,0.3223337303637172,1.0232967008055853,0.809341881699114,0.3449657185277374
48,adaptive_JOINT,BRL,JOINT_DEV_SLOG,2016-01,2022-08,2020-01,2026-08,80,80,0.32249817330698727,1.0238187495565154,0.8097547784846542,0.34429719872126874
48,adaptive_JOINT,BRL,JOINT_SLOG_LOG,2016-01,2022-08,2020-01,2026-08,80,80,0.32117208335695413,1.0196088784105168,0.8064251234272978,0.3496785203052676
48,adaptive_JOINT,BRL,JOINT_SLOG_DEV,2016-01,2022-08,2020-01,2026-08,80,80,0.31987972340217186,1.0155060881859577,0.8031801603995197,0.3549016299406018
48,adaptive_JOINT,BRL,JOINT_SLOG_SLOG,2016-01,2022-08,2020-01,2026-08,80,80,0.32002596435088726,1.015970351979183,0.8035473541290782,0.3543116496721578
48,adaptive_JOINT,BRL,ADAPTIVE_JOINT,2016-01,2022-08,2020-01,2026-08,80,80,0.38983970743916896,1.2376045349500908,0.9788414077044548,0.041869498563161356
48,adaptive_JOINT,EUR,EJR,2016-01,2022-08,2020-01,2026-08,80,80,0.12517931275160404,1.5533348870779267,1.0,0.0
48,adaptive_JOINT,EUR,TOT_LOG_L,2016-01,2022-08,2020-01,2026-08,80,80,0.08931092802065954,1.108248457691092,0.7134639586804659,0.49096917966399845
48,adaptive_JOINT,EUR,TOT_LOG_D,2016-01,2022-08,2020-01,2026-08,80,80,0.14007047257409672,1.7381174805662793,1.1189586321826317,-0.25206842053602596
48,adaptive_JOINT,EUR,TOT_LOG_LD,2016-01,2022-08,2020-01,2026-08,80,80,0.10133654619517211,1.257472892931566,0.8095310955753238,0.344659405296616
48,adaptive_JOINT,EUR,TOT_DEV_L,2016-01,2022-08,2020-01,2026-08,80,80,0.09044674151023364,1.1223426293220717,0.7225374506545585,0.4779396324016114
48,adaptive_JOINT,EUR,TOT_DEV_D,2016-01,2022-08,2020-01,2026-08,80,80,0.13940840958421802,1.7299020213420992,1.1136697152256225,-0.24026023461071921
48,adaptive_JOINT,EUR,TOT_DEV_LD,2016-01,2022-08,2020-01,2026-08,80,80,0.10217172660296885,1.2678365451670508,0.8162029680232418,0.33381271499005105
48,adaptive_JOINT,EUR,TOT_SLOG_L,2016-01,2022-08,2020-01,2026-08,80,80,0.08953272173382447,1.1110006689376681,0.7152357667235811,0.48843779799933107
48,adaptive_JOINT,EUR,TOT_SLOG_D,2016-01,2022-08,2020-01,2026-08,80,80,0.1398647656889002,1.735564888813983,1.1173153344150148,-0.24839355651893635
48,adaptive_JOINT,EUR,TOT_SLOG_LD,2016-01,2022-08,2020-01,2026-08,80,80,0.10158064059300104,1.2605018306653935,0.8114810535393309,0.34149849974669755
48,adaptive_JOINT,EUR,COM_LOG_L,2016-01,2022-08,2020-01,2026-08,80,80,0.12373944901570753,1.5354677928716778,0.9884975903426338,0.022872513886806445
48,adaptive_JOINT,EUR,COM_LOG_D,2016-01,2022-08,2020-01,2026-08,80,80,0.12714560361956032,1.5777343516236375,1.0157077940814232,-0.031662322957750844
48,adaptive_JOINT,EUR,COM_LOG_LD,2016-01,2022-08,2020-01,2026-08,80,80,0.11535967550940815,1.4314842012779514,0.9215554309546242,0.15073558767803674
48,adaptive_JOINT,EUR,COM_DEV_L,2016-01,2022-08,2020-01,2026-08,80,80,0.1225945525440544,1.5212609116193405,0.9793515385990444,0.04087056384368437
48,adaptive_JOINT,EUR,COM_DEV_D,2016-01,2022-08,2020-01,2026-08,80,80,0.127039321825391,1.5764155137492672,1.014858757672506,-0.029938298024582588
48,adaptive_JOINT,EUR,COM_DEV_LD,2016-01,2022-08,2020-01,2026-08,80,80,0.11402798931241313,1.414959469012188,0.9109172019395991,0.17022985121053158
48,adaptive_JOINT,EUR,COM_SLOG_L,2016-01,2022-08,2020-01,2026-08,80,80,0.1228944111710134,1.5249818208990629,0.981746971361597,0.03617288422233156
48,adaptive_JOINT,EUR,COM_SLOG_D,2016-01,2022-08,2020-01,2026-08,80,80,0.12718128896367678,1.5781771667242723,1.015992867895395,-0.03224150761430944
48,adaptive_JOINT,EUR,COM_SLOG_LD,2016-01,2022-08,2020-01,2026-08,80,80,0.11448247651741278,1.4205991455349165,0.9145478913483315,0.16360215443032045
48,adaptive_JOINT,EUR,JOINT_LOG_LOG,2016-01,2022-08,2020-01,2026-08,80,80,0.12411674142501991,1.5401495685511588,0.9915116060055977,0.01690473515620039
48,adaptive_JOINT,EUR,JOINT_LOG_DEV,2016-01,2022-08,2020-01,2026-08,80,80,0.12304357054578158,1.5268327214629756,0.9829385370563549,0.033831832369512815
48,adaptive_JOINT,EUR,JOINT_LOG_SLOG,2016-01,2022-08,2020-01,2026-08,80,80,0.12371193346029306,1.535126355686706,0.9882777812159528,0.023307027154873317
48,adaptive_JOINT,EUR,JOINT_DEV_LOG,2016-01,2022-08,2020-01,2026-08,80,80,0.12392375741882844,1.5377548534590564,0.9899699454712056,0.019959507063738058
48,adaptive_JOINT,EUR,JOINT_DEV_DEV,2016-01,2022-08,2020-01,2026-08,80,80,0.12281505661548944,1.5239971198583364,0.9811130442870698,0.03741719432975821
48,adaptive_JOINT,EUR,JOINT_DEV_SLOG,2016-01,2022-08,2020-01,2026-08,80,80,0.12346757563397577,1.5320941491007634,0.9863257188428178,0.02716157634919858
48,adaptive_JOINT,EUR,JOINT_SLOG_LOG,2016-01,2022-08,2020-01,2026-08,80,80,0.12355620447286861,1.533193933597317,0.9870337339049289,0.025764408133694072
48,adaptive_JOINT,EUR,JOINT_SLOG_DEV,2016-01,2022-08,2020-01,2026-08,80,80,0.12247875419482289,1.5198239839691283,0.9784264788053285,0.04268162557260613
48,adaptive_JOINT,EUR,JOINT_SLOG_SLOG,2016-01,2022-08,2020-01,2026-08,80,80,0.12312521351787585,1.5278458191869613,0.983590745239158,0.03254924587987784
48,adaptive_JOINT,EUR,ADAPTIVE_JOINT,2016-01,2022-08,2020-01,2026-08,80,80,0.11859752196845731,1.4716622447045267,0.947421098275183,0.10239326254304615
48,adaptive_JOINT,CAD,EJR,2016-01,2022-08,2020-01,2026-08,80,80,0.12005120919638398,1.92443590532239,1.0,0.0
48,adaptive_JOINT,CAD,TOT_LOG_L,2016-01,2022-08,2020-01,2026-08,80,80,0.08967619446704393,1.437520618411651,0.7469828506295881,0.4420166208652945
48,adaptive_JOINT,CAD,TOT_LOG_D,2016-01,2022-08,2020-01,2026-08,80,80,0.11454765581128974,1.8362132559044368,0.9541566184802742,0.08958514741028833
48,adaptive_JOINT,CAD,TOT_LOG_LD,2016-01,2022-08,2020-01,2026-08,80,80,0.08768639733069522,1.40562392133438,0.730408280913312,0.4665037431732604
48,adaptive_JOINT,CAD,TOT_DEV_L,2016-01,2022-08,2020-01,2026-08,80,80,0.09280823353637326,1.48772759660235,0.7730720428192797,0.4023596166112259
48,adaptive_JOINT,CAD,TOT_DEV_D,2016-01,2022-08,2020-01,2026-08,80,80,0.11370115290457623,1.8226437083876401,0.9471054366356269,0.10299129189523859
48,adaptive_JOINT,CAD,TOT_DEV_LD,2016-01,2022-08,2020-01,2026-08,80,80,0.08865760521094053,1.4211925051811176,0.738498227584791,0.4546203678541222
48,adaptive_JOINT,CAD,TOT_SLOG_L,2016-01,2022-08,2020-01,2026-08,80,80,0.09278366813198347,1.4873338100961335,0.7728674184381157,0.40267595351680263
48,adaptive_JOINT,CAD,TOT_SLOG_D,2016-01,2022-08,2020-01,2026-08,80,80,0.1134997021495406,1.8194144275770594,0.9454273964360808,0.10616703806809369
48,adaptive_JOINT,CAD,TOT_SLOG_LD,2016-01,2022-08,2020-01,2026-08,80,80,0.08869374955207197,1.4217719034921648,0.7387993019460855,0.4541755914439768
48,adaptive_JOINT,CAD,COM_LOG_L,2016-01,2022-08,2020-01,2026-08,80,80,0.11993799687654187,1.922621097669161,0.9990569664345744,0.0018851778185455803
48,adaptive_JOINT,CAD,COM_LOG_D,2016-01,2022-08,2020-01,2026-08,80,80,0.13293704092778325,2.1309974003697403,1.1073361261219798,-0.2261932962148332
48,adaptive_JOINT,CAD,COM_LOG_LD,2016-01,2022-08,2020-01,2026-08,80,80,0.1374533260424719,2.2033940158770644,1.1449557814750615,-0.3109237415331687
48,adaptive_JOINT,CAD,COM_DEV_L,2016-01,2022-08,2020-01,2026-08,80,80,0.12062526514794548,1.9336380940570475,1.0047817590127097,-0.009586383244674979
48,adaptive_JOINT,CAD,COM_DEV_D,2016-01,2022-08,2020-01,2026-08,80,80,0.13317517238744112,2.134814677465241,1.109319708471978,-0.23059021560435422
48,adaptive_JOINT,CAD,COM_DEV_LD,2016-01,2022-08,2020-01,2026-08,80,80,0.13855456659534937,2.2210470397369715,1.1541288715276241,-0.3320134520936271
48,adaptive_JOINT,CAD,COM_SLOG_L,2016-01,2022-08,2020-01,2026-08,80,80,0.12045850188746147,1.9309648581245455,1.0033926579649124,-0.0067968260578918915
48,adaptive_JOINT,CAD,COM_SLOG_D,2016-01,2022-08,2020-01,2026-08,80,80,0.13300542644097385,2.132093628703206,1.1079057623101396,-0.2274551781600116
48,adaptive_JOINT,CAD,COM_SLOG_LD,2016-01,2022-08,2020-01,2026-08,80,80,0.13813646305190175,2.21434478761857,1.150646161555385,-0.32398658910214073
48,adaptive_JOINT,CAD,JOINT_LOG_LOG,2016-01,2022-08,2020-01,2026-08,80,80,0.0966645911139625,1.549545491113806,0.8051946478592745,0.35166157905877893
48,adaptive_JOINT,CAD,JOINT_LOG_DEV,2016-01,2022-08,2020-01,2026-08,80,80,0.09623413553644491,1.5426452343436636,0.8016090481772803,0.35742293388031476
48,adaptive_JOINT,CAD,JOINT_LOG_SLOG,2016-01,2022-08,2020-01,2026-08,80,80,0.09642858911305535,1.5457623495085373,0.8032288034293272,0.3548234893414912
48,adaptive_JOINT,CAD,JOINT_DEV_LOG,2016-01,2022-08,2020-01,2026-08,80,80,0.09567545694750998,1.533689546656066,0.796955379191564,0.3648621235776305
48,adaptive_JOINT,CAD,JOINT_DEV_DEV,2016-01,2022-08,2020-01,2026-08,80,80,0.09544125163060119,1.5299352061201088,0.795004500741638,0.36796784380053893
48,adaptive_JOINT,CAD,JOINT_DEV_SLOG,2016-01,2022-08,2020-01,2026-08,80,80,0.09555421107109945,1.5317459600858132,0.7959454278781024,0.3664708758399444
48,adaptive_JOINT,CAD,JOINT_SLOG_LOG,2016-01,2022-08,2020-01,2026-08,80,80,0.09661678782315092,1.5487791983805117,0.804796457027782,0.35230266275552935
48,adaptive_JOINT,CAD,JOINT_SLOG_DEV,2016-01,2022-08,2020-01,2026-08,80,80,0.09630864633004231,1.5438396516885011,0.8022297065954349,0.3564274978558024
48,adaptive_JOINT,CAD,JOINT_SLOG_SLOG,2016-01,2022-08,2020-01,2026-08,80,80,0.09643418512251054,1.5458520542403278,0.8032754169494462,0.35474860452469337
48,adaptive_JOINT,CAD,ADAPTIVE_JOINT,2016-01,2022-08,2020-01,2026-08,80,80,0.10721659903818445,1.7186954985027423,0.8930905382451898,0.20238929049691723
48,adaptive_ALL,POOL,EJR,2016-01,2022-08,2020-01,2026-08,80,240,0.2507976146048561,1.3120877649066665,1.0,0.0
48,adaptive_ALL,POOL,TOT_LOG_L,2016-01,2022-08,2020-01,2026-08,80,240,0.2030091102742162,1.0620745742540638,0.8094539120480351,0.3447843642701319
48,adaptive_ALL,POOL,TOT_LOG_D,2016-01,2022-08,2020-01,2026-08,80,240,0.24696571615121063,1.2920405763187106,0.9847211527123859,0.03032425140078998
48,adaptive_ALL,POOL,TOT_LOG_LD,2016-01,2022-08,2020-01,2026-08,80,240,0.1891672957552003,0.9896589115169088,0.7542627391143357,0.43108772038373955
48,adaptive_ALL,POOL,TOT_DEV_L,2016-01,2022-08,2020-01,2026-08,80,240,0.20744083405146008,1.0852598447947313,0.8271244301039037,0.3158651771252926
48,adaptive_ALL,POOL,TOT_DEV_D,2016-01,2022-08,2020-01,2026-08,80,240,0.2467281953540426,1.2907979483440943,0.9837740910844585,0.03218853771094765
48,adaptive_ALL,POOL,TOT_DEV_LD,2016-01,2022-08,2020-01,2026-08,80,240,0.19351021655592485,1.0123795951070111,0.7715791749487316,0.4046655767854346
48,adaptive_ALL,POOL,TOT_SLOG_L,2016-01,2022-08,2020-01,2026-08,80,240,0.206304142127267,1.0793130595011318,0.822592122545939,0.32334219992536684
48,adaptive_ALL,POOL,TOT_SLOG_D,2016-01,2022-08,2020-01,2026-08,80,240,0.24677191754677721,1.2910266879763765,0.9839484236545807,0.031845499587665804
48,adaptive_ALL,POOL,TOT_SLOG_LD,2016-01,2022-08,2020-01,2026-08,80,240,0.19231909679863893,1.006148061914258,0.7668298484483078,0.4119719835287452
48,adaptive_ALL,POOL,COM_LOG_L,2016-01,2022-08,2020-01,2026-08,80,240,0.2482151782508738,1.2985773367909568,0.9897031063949668,0.020487761192152898
48,adaptive_ALL,POOL,COM_LOG_D,2016-01,2022-08,2020-01,2026-08,80,240,0.25871043106833364,1.3534849276509722,1.0315506049606753,-0.06409665059473535
48,adaptive_ALL,POOL,COM_LOG_LD,2016-01,2022-08,2020-01,2026-08,80,240,0.2472279094704766,1.2934122825320697,0.985766590563456,0.028264228928899904
48,adaptive_ALL,POOL,COM_DEV_L,2016-01,2022-08,2020-01,2026-08,80,240,0.24748848974332652,1.2947755498355533,0.9868055967488236,0.026214714225198055
48,adaptive_ALL,POOL,COM_DEV_D,2016-01,2022-08,2020-01,2026-08,80,240,0.2586388468285494,1.3531104232709004,1.0312651786423388,-0.06350786868021485
48,adaptive_ALL,POOL,COM_DEV_LD,2016-01,2022-08,2020-01,2026-08,80,240,0.2464640559030099,1.2894160606316645,0.9827208934635445,0.03425964555021277
48,adaptive_ALL,POOL,COM_SLOG_L,2016-01,2022-08,2020-01,2026-08,80,240,0.2476768479656301,1.2957609759501256,0.9875566334865549,0.02473189565670242
48,adaptive_ALL,POOL,COM_SLOG_D,2016-01,2022-08,2020-01,2026-08,80,240,0.2586785400857351,1.3533180848835706,1.03142344672335,-0.06383432645067533
48,adaptive_ALL,POOL,COM_SLOG_LD,2016-01,2022-08,2020-01,2026-08,80,240,0.24675894091064718,1.2909587986325217,0.9838966821890549,0.03194731877736989
48,adaptive_ALL,POOL,JOINT_LOG_LOG,2016-01,2022-08,2020-01,2026-08,80,240,0.20328427947749608,1.0635141658764622,0.8105510883657342,0.3430069331491238
48,adaptive_ALL,POOL,JOINT_LOG_DEV,2016-01,2022-08,2020-01,2026-08,80,240,0.2024061631051685,1.0589201598684284,0.8070497936117508,0.3486706306312305
48,adaptive_ALL,POOL,JOINT_LOG_SLOG,2016-01,2022-08,2020-01,2026-08,80,240,0.20262741529051065,1.0600776760027173,0.8079319877494051,0.3472459031712951
48,adaptive_ALL,POOL,JOINT_DEV_LOG,2016-01,2022-08,2020-01,2026-08,80,240,0.20758806200113827,1.086030091320917,0.8277114689794933,0.3148937241198093
48,adaptive_ALL,POOL,JOINT_DEV_DEV,2016-01,2022-08,2020-01,2026-08,80,240,0.2066330115401628,1.081033592344287,0.8239034165684678,0.3211831601668058
48,adaptive_ALL,POOL,JOINT_DEV_SLOG,2016-01,2022-08,2020-01,2026-08,80,240,0.2068654323247324,1.082249538788691,0.824830143024522,0.31965523515814664
48,adaptive_ALL,POOL,JOINT_SLOG_LOG,2016-01,2022-08,2020-01,2026-08,80,240,0.20635927124059741,1.0796014762598198,0.8228119376881895,0.322980515197807
48,adaptive_ALL,POOL,JOINT_SLOG_DEV,2016-01,2022-08,2020-01,2026-08,80,240,0.2054259299040987,1.0747185520341207,0.8190904456079348,0.3290908419137948
48,adaptive_ALL,POOL,JOINT_SLOG_SLOG,2016-01,2022-08,2020-01,2026-08,80,240,0.20565017880110592,1.0758917459439614,0.8199845884703402,0.3276252746711268
48,adaptive_ALL,POOL,ADAPTIVE_ALL,2016-01,2022-08,2020-01,2026-08,80,240,0.22115573728723292,1.157011550890057,0.8818095723744207,0.22241187806884133
48,adaptive_ALL,BRL,EJR,2016-01,2022-08,2020-01,2026-08,80,80,0.39826646520135234,1.264356539485266,1.0,0.0
48,adaptive_ALL,BRL,TOT_LOG_L,2016-01,2022-08,2020-01,2026-08,80,80,0.32805462174001465,1.041458527259263,0.8237063634623605,0.3215078267916137
48,adaptive_ALL,BRL,TOT_LOG_D,2016-01,2022-08,2020-01,2026-08,80,80,0.3876019764181402,1.2305005226938335,0.9732227297173504,0.052837518361509295
48,adaptive_ALL,BRL,TOT_LOG_LD,2016-01,2022-08,2020-01,2026-08,80,80,0.2989896277103998,0.9491873508425773,0.7507276003246697,0.436408070110763
48,adaptive_ALL,BRL,TOT_DEV_L,2016-01,2022-08,2020-01,2026-08,80,80,0.33511358915140277,1.0638682764810299,0.841430595925215,0.2919945522409376
48,adaptive_ALL,BRL,TOT_DEV_D,2016-01,2022-08,2020-01,2026-08,80,80,0.38763610553372985,1.230608870682562,0.9733084238909041,0.052670711983004215
48,adaptive_ALL,BRL,TOT_DEV_LD,2016-01,2022-08,2020-01,2026-08,80,80,0.30665840776960934,0.9735330416424133,0.7699830002372192,0.4071261793456905
48,adaptive_ALL,BRL,TOT_SLOG_L,2016-01,2022-08,2020-01,2026-08,80,80,0.33325557736294564,1.05796973979658,0.8367653480301461,0.29982375233598846
48,adaptive_ALL,BRL,TOT_SLOG_D,2016-01,2022-08,2020-01,2026-08,80,80,0.38761424483614487,1.2305394706241481,0.973253534264247,0.05277755804215212
48,adaptive_ALL,BRL,TOT_SLOG_LD,2016-01,2022-08,2020-01,2026-08,80,80,0.30458939119319745,0.9669646386578256,0.7647879442704412,0.4150994002985926
48,adaptive_ALL,BRL,COM_LOG_L,2016-01,2022-08,2020-01,2026-08,80,80,0.3938727583939653,1.2504080592091469,0.9889679217526745,0.021942449744195902
48,adaptive_ALL,BRL,COM_LOG_D,2016-01,2022-08,2020-01,2026-08,80,80,0.40860127271004865,1.29716593369659,1.0259494795864155,-0.052572334663636866
48,adaptive_ALL,BRL,COM_LOG_LD,2016-01,2022-08,2020-01,2026-08,80,80,0.388797693009684,1.2342965040881622,0.9762250326878985,0.04698468555351143
48,adaptive_ALL,BRL,COM_DEV_L,2016-01,2022-08,2020-01,2026-08,80,80,0.3926471428150329,1.246517159001582,0.985890545960282,0.028019831386137062
48,adaptive_ALL,BRL,COM_DEV_D,2016-01,2022-08,2020-01,2026-08,80,80,0.4084207921202415,1.296592971034877,1.0254963141668367,-0.05164269036976732
48,adaptive_ALL,BRL,COM_DEV_LD,2016-01,2022-08,2020-01,2026-08,80,80,0.3873420223593473,1.2296752596026153,0.9725700158147085,0.05410756433817776
48,adaptive_ALL,BRL,COM_SLOG_L,2016-01,2022-08,2020-01,2026-08,80,80,0.39296078186064304,1.2475128531234925,0.9866780565166919,0.02646641278844364
48,adaptive_ALL,BRL,COM_SLOG_D,2016-01,2022-08,2020-01,2026-08,80,80,0.4085073286704343,1.296867694273464,1.025713597211617,-0.052088383504794944
48,adaptive_ALL,BRL,COM_SLOG_LD,2016-01,2022-08,2020-01,2026-08,80,80,0.3879201011857769,1.231510457412114,0.9740215033913424,0.05128211093126911
48,adaptive_ALL,BRL,JOINT_LOG_LOG,2016-01,2022-08,2020-01,2026-08,80,80,0.3149991843971336,1.000012086188794,0.7909257040707127,0.3744365306402474
48,adaptive_ALL,BRL,JOINT_LOG_DEV,2016-01,2022-08,2020-01,2026-08,80,80,0.3138535255398076,0.9963750205685515,0.78804909015157,0.37897863151128264
48,adaptive_ALL,BRL,JOINT_LOG_SLOG,2016-01,2022-08,2020-01,2026-08,80,80,0.31395938113571437,0.9967110750110418,0.7883148810357039,0.378559648337664
48,adaptive_ALL,BRL,JOINT_DEV_LOG,2016-01,2022-08,2020-01,2026-08,80,80,0.32367811131006347,1.0275646394587004,0.8127174632853431,0.3394903248710369
48,adaptive_ALL,BRL,JOINT_DEV_DEV,2016-01,2022-08,2020-01,2026-08,80,80,0.3223337303637172,1.0232967008055853,0.809341881699114,0.3449657185277374
48,adaptive_ALL,BRL,JOINT_DEV_SLOG,2016-01,2022-08,2020-01,2026-08,80,80,0.32249817330698727,1.0238187495565154,0.8097547784846542,0.34429719872126874
48,adaptive_ALL,BRL,JOINT_SLOG_LOG,2016-01,2022-08,2020-01,2026-08,80,80,0.32117208335695413,1.0196088784105168,0.8064251234272978,0.3496785203052676
48,adaptive_ALL,BRL,JOINT_SLOG_DEV,2016-01,2022-08,2020-01,2026-08,80,80,0.31987972340217186,1.0155060881859577,0.8031801603995197,0.3549016299406018
48,adaptive_ALL,BRL,JOINT_SLOG_SLOG,2016-01,2022-08,2020-01,2026-08,80,80,0.32002596435088726,1.015970351979183,0.8035473541290782,0.3543116496721578
48,adaptive_ALL,BRL,ADAPTIVE_ALL,2016-01,2022-08,2020-01,2026-08,80,80,0.3544805644882706,1.1253516401502228,0.8900587808944828,0.2077953665526271
48,adaptive_ALL,EUR,EJR,2016-01,2022-08,2020-01,2026-08,80,80,0.12517931275160404,1.5533348870779267,1.0,0.0
48,adaptive_ALL,EUR,TOT_LOG_L,2016-01,2022-08,2020-01,2026-08,80,80,0.08931092802065954,1.108248457691092,0.7134639586804659,0.49096917966399845
48,adaptive_ALL,EUR,TOT_LOG_D,2016-01,2022-08,2020-01,2026-08,80,80,0.14007047257409672,1.7381174805662793,1.1189586321826317,-0.25206842053602596
48,adaptive_ALL,EUR,TOT_LOG_LD,2016-01,2022-08,2020-01,2026-08,80,80,0.10133654619517211,1.257472892931566,0.8095310955753238,0.344659405296616
48,adaptive_ALL,EUR,TOT_DEV_L,2016-01,2022-08,2020-01,2026-08,80,80,0.09044674151023364,1.1223426293220717,0.7225374506545585,0.4779396324016114
48,adaptive_ALL,EUR,TOT_DEV_D,2016-01,2022-08,2020-01,2026-08,80,80,0.13940840958421802,1.7299020213420992,1.1136697152256225,-0.24026023461071921
48,adaptive_ALL,EUR,TOT_DEV_LD,2016-01,2022-08,2020-01,2026-08,80,80,0.10217172660296885,1.2678365451670508,0.8162029680232418,0.33381271499005105
48,adaptive_ALL,EUR,TOT_SLOG_L,2016-01,2022-08,2020-01,2026-08,80,80,0.08953272173382447,1.1110006689376681,0.7152357667235811,0.48843779799933107
48,adaptive_ALL,EUR,TOT_SLOG_D,2016-01,2022-08,2020-01,2026-08,80,80,0.1398647656889002,1.735564888813983,1.1173153344150148,-0.24839355651893635
48,adaptive_ALL,EUR,TOT_SLOG_LD,2016-01,2022-08,2020-01,2026-08,80,80,0.10158064059300104,1.2605018306653935,0.8114810535393309,0.34149849974669755
48,adaptive_ALL,EUR,COM_LOG_L,2016-01,2022-08,2020-01,2026-08,80,80,0.12373944901570753,1.5354677928716778,0.9884975903426338,0.022872513886806445
48,adaptive_ALL,EUR,COM_LOG_D,2016-01,2022-08,2020-01,2026-08,80,80,0.12714560361956032,1.5777343516236375,1.0157077940814232,-0.031662322957750844
48,adaptive_ALL,EUR,COM_LOG_LD,2016-01,2022-08,2020-01,2026-08,80,80,0.11535967550940815,1.4314842012779514,0.9215554309546242,0.15073558767803674
48,adaptive_ALL,EUR,COM_DEV_L,2016-01,2022-08,2020-01,2026-08,80,80,0.1225945525440544,1.5212609116193405,0.9793515385990444,0.04087056384368437
48,adaptive_ALL,EUR,COM_DEV_D,2016-01,2022-08,2020-01,2026-08,80,80,0.127039321825391,1.5764155137492672,1.014858757672506,-0.029938298024582588
48,adaptive_ALL,EUR,COM_DEV_LD,2016-01,2022-08,2020-01,2026-08,80,80,0.11402798931241313,1.414959469012188,0.9109172019395991,0.17022985121053158
48,adaptive_ALL,EUR,COM_SLOG_L,2016-01,2022-08,2020-01,2026-08,80,80,0.1228944111710134,1.5249818208990629,0.981746971361597,0.03617288422233156
48,adaptive_ALL,EUR,COM_SLOG_D,2016-01,2022-08,2020-01,2026-08,80,80,0.12718128896367678,1.5781771667242723,1.015992867895395,-0.03224150761430944
48,adaptive_ALL,EUR,COM_SLOG_LD,2016-01,2022-08,2020-01,2026-08,80,80,0.11448247651741278,1.4205991455349165,0.9145478913483315,0.16360215443032045
48,adaptive_ALL,EUR,JOINT_LOG_LOG,2016-01,2022-08,2020-01,2026-08,80,80,0.12411674142501991,1.5401495685511588,0.9915116060055977,0.01690473515620039
48,adaptive_ALL,EUR,JOINT_LOG_DEV,2016-01,2022-08,2020-01,2026-08,80,80,0.12304357054578158,1.5268327214629756,0.9829385370563549,0.033831832369512815
48,adaptive_ALL,EUR,JOINT_LOG_SLOG,2016-01,2022-08,2020-01,2026-08,80,80,0.12371193346029306,1.535126355686706,0.9882777812159528,0.023307027154873317
48,adaptive_ALL,EUR,JOINT_DEV_LOG,2016-01,2022-08,2020-01,2026-08,80,80,0.12392375741882844,1.5377548534590564,0.9899699454712056,0.019959507063738058
48,adaptive_ALL,EUR,JOINT_DEV_DEV,2016-01,2022-08,2020-01,2026-08,80,80,0.12281505661548944,1.5239971198583364,0.9811130442870698,0.03741719432975821
48,adaptive_ALL,EUR,JOINT_DEV_SLOG,2016-01,2022-08,2020-01,2026-08,80,80,0.12346757563397577,1.5320941491007634,0.9863257188428178,0.02716157634919858
48,adaptive_ALL,EUR,JOINT_SLOG_LOG,2016-01,2022-08,2020-01,2026-08,80,80,0.12355620447286861,1.533193933597317,0.9870337339049289,0.025764408133694072
48,adaptive_ALL,EUR,JOINT_SLOG_DEV,2016-01,2022-08,2020-01,2026-08,80,80,0.12247875419482289,1.5198239839691283,0.9784264788053285,0.04268162557260613
48,adaptive_ALL,EUR,JOINT_SLOG_SLOG,2016-01,2022-08,2020-01,2026-08,80,80,0.12312521351787585,1.5278458191869613,0.983590745239158,0.03254924587987784
48,adaptive_ALL,EUR,ADAPTIVE_ALL,2016-01,2022-08,2020-01,2026-08,80,80,0.10141769127915377,1.2584798124224381,0.8101793263588134,0.34360945914077934
48,adaptive_ALL,CAD,EJR,2016-01,2022-08,2020-01,2026-08,80,80,0.12005120919638398,1.92443590532239,1.0,0.0
48,adaptive_ALL,CAD,TOT_LOG_L,2016-01,2022-08,2020-01,2026-08,80,80,0.08967619446704393,1.437520618411651,0.7469828506295881,0.4420166208652945
48,adaptive_ALL,CAD,TOT_LOG_D,2016-01,2022-08,2020-01,2026-08,80,80,0.11454765581128974,1.8362132559044368,0.9541566184802742,0.08958514741028833
48,adaptive_ALL,CAD,TOT_LOG_LD,2016-01,2022-08,2020-01,2026-08,80,80,0.08768639733069522,1.40562392133438,0.730408280913312,0.4665037431732604
48,adaptive_ALL,CAD,TOT_DEV_L,2016-01,2022-08,2020-01,2026-08,80,80,0.09280823353637326,1.48772759660235,0.7730720428192797,0.4023596166112259
48,adaptive_ALL,CAD,TOT_DEV_D,2016-01,2022-08,2020-01,2026-08,80,80,0.11370115290457623,1.8226437083876401,0.9471054366356269,0.10299129189523859
48,adaptive_ALL,CAD,TOT_DEV_LD,2016-01,2022-08,2020-01,2026-08,80,80,0.08865760521094053,1.4211925051811176,0.738498227584791,0.4546203678541222
48,adaptive_ALL,CAD,TOT_SLOG_L,2016-01,2022-08,2020-01,2026-08,80,80,0.09278366813198347,1.4873338100961335,0.7728674184381157,0.40267595351680263
48,adaptive_ALL,CAD,TOT_SLOG_D,2016-01,2022-08,2020-01,2026-08,80,80,0.1134997021495406,1.8194144275770594,0.9454273964360808,0.10616703806809369
48,adaptive_ALL,CAD,TOT_SLOG_LD,2016-01,2022-08,2020-01,2026-08,80,80,0.08869374955207197,1.4217719034921648,0.7387993019460855,0.4541755914439768
48,adaptive_ALL,CAD,COM_LOG_L,2016-01,2022-08,2020-01,2026-08,80,80,0.11993799687654187,1.922621097669161,0.9990569664345744,0.0018851778185455803
48,adaptive_ALL,CAD,COM_LOG_D,2016-01,2022-08,2020-01,2026-08,80,80,0.13293704092778325,2.1309974003697403,1.1073361261219798,-0.2261932962148332
48,adaptive_ALL,CAD,COM_LOG_LD,2016-01,2022-08,2020-01,2026-08,80,80,0.1374533260424719,2.2033940158770644,1.1449557814750615,-0.3109237415331687
48,adaptive_ALL,CAD,COM_DEV_L,2016-01,2022-08,2020-01,2026-08,80,80,0.12062526514794548,1.9336380940570475,1.0047817590127097,-0.009586383244674979
48,adaptive_ALL,CAD,COM_DEV_D,2016-01,2022-08,2020-01,2026-08,80,80,0.13317517238744112,2.134814677465241,1.109319708471978,-0.23059021560435422
48,adaptive_ALL,CAD,COM_DEV_LD,2016-01,2022-08,2020-01,2026-08,80,80,0.13855456659534937,2.2210470397369715,1.1541288715276241,-0.3320134520936271
48,adaptive_ALL,CAD,COM_SLOG_L,2016-01,2022-08,2020-01,2026-08,80,80,0.12045850188746147,1.9309648581245455,1.0033926579649124,-0.0067968260578918915
48,adaptive_ALL,CAD,COM_SLOG_D,2016-01,2022-08,2020-01,2026-08,80,80,0.13300542644097385,2.132093628703206,1.1079057623101396,-0.2274551781600116
48,adaptive_ALL,CAD,COM_SLOG_LD,2016-01,2022-08,2020-01,2026-08,80,80,0.13813646305190175,2.21434478761857,1.150646161555385,-0.32398658910214073
48,adaptive_ALL,CAD,JOINT_LOG_LOG,2016-01,2022-08,2020-01,2026-08,80,80,0.0966645911139625,1.549545491113806,0.8051946478592745,0.35166157905877893
48,adaptive_ALL,CAD,JOINT_LOG_DEV,2016-01,2022-08,2020-01,2026-08,80,80,0.09623413553644491,1.5426452343436636,0.8016090481772803,0.35742293388031476
48,adaptive_ALL,CAD,JOINT_LOG_SLOG,2016-01,2022-08,2020-01,2026-08,80,80,0.09642858911305535,1.5457623495085373,0.8032288034293272,0.3548234893414912
48,adaptive_ALL,CAD,JOINT_DEV_LOG,2016-01,2022-08,2020-01,2026-08,80,80,0.09567545694750998,1.533689546656066,0.796955379191564,0.3648621235776305
48,adaptive_ALL,CAD,JOINT_DEV_DEV,2016-01,2022-08,2020-01,2026-08,80,80,0.09544125163060119,1.5299352061201088,0.795004500741638,0.36796784380053893
48,adaptive_ALL,CAD,JOINT_DEV_SLOG,2016-01,2022-08,2020-01,2026-08,80,80,0.09555421107109945,1.5317459600858132,0.7959454278781024,0.3664708758399444
48,adaptive_ALL,CAD,JOINT_SLOG_LOG,2016-01,2022-08,2020-01,2026-08,80,80,0.09661678782315092,1.5487791983805117,0.804796457027782,0.35230266275552935
48,adaptive_ALL,CAD,JOINT_SLOG_DEV,2016-01,2022-08,2020-01,2026-08,80,80,0.09630864633004231,1.5438396516885011,0.8022297065954349,0.3564274978558024
48,adaptive_ALL,CAD,JOINT_SLOG_SLOG,2016-01,2022-08,2020-01,2026-08,80,80,0.09643418512251054,1.5458520542403278,0.8032754169494462,0.35474860452469337
48,adaptive_ALL,CAD,ADAPTIVE_ALL,2016-01,2022-08,2020-01,2026-08,80,80,0.10386318741913343,1.6649398906398483,0.8651573617157856,0.2515027394689813
60,fixed,POOL,EJR,2010-01,2021-08,2015-01,2026-08,140,420,0.2406502683062631,0.8020900886207004,1.0,0.0
60,fixed,POOL,TOT_LOG_L,2010-01,2021-08,2015-01,2026-08,140,420,0.1952101925144283,0.6506377978116169,0.8111779549981405,0.3419903253250348
60,fixed,POOL,TOT_LOG_D,2010-01,2021-08,2015-01,2026-08,140,420,0.2444518611165831,0.8147608408105496,1.0157971683849607,-0.031843887298904194
60,fixed,POOL,TOT_LOG_LD,2010-01,2021-08,2015-01,2026-08,140,420,0.188336166513892,0.6277265907610006,0.7826135737950075,0.38751599411180626
60,fixed,POOL,TOT_DEV_L,2010-01,2021-08,2015-01,2026-08,140,420,0.20011713799507158,0.6669927030570049,0.8315683144819639,0.3084941383496256
60,fixed,POOL,TOT_DEV_D,2010-01,2021-08,2015-01,2026-08,140,420,0.24481639762795107,0.8159758451600836,1.0173119662446666,-0.03492363666458975
60,fixed,POOL,TOT_DEV_LD,2010-01,2021-08,2015-01,2026-08,140,420,0.19150031960732997,0.6382727491051717,0.7957619202136832,0.3667629663378318
60,fixed,POOL,TOT_SLOG_L,2010-01,2021-08,2015-01,2026-08,140,420,0.1979382466056558,0.6597304332081834,0.8225141322250681,0.32347050229004315
60,fixed,POOL,TOT_SLOG_D,2010-01,2021-08,2015-01,2026-08,140,420,0.24427634564403675,0.8141758457389886,1.0150678300227738,-0.030362699547142658
60,fixed,POOL,TOT_SLOG_LD,2010-01,2021-08,2015-01,2026-08,140,420,0.19018654763966428,0.6338939321547943,0.7903026619426984,0.37542170252628504
60,fixed,POOL,COM_LOG_L,2010-01,2021-08,2015-01,2026-08,140,420,0.23654570870758107,0.7884095446702322,0.9829438810620467,0.03382132668268112
60,fixed,POOL,COM_LOG_D,2010-01,2021-08,2015-01,2026-08,140,420,0.24099460844911327,0.8032377782436467,1.0014308737126025,-0.002863794824786492
60,fixed,POOL,COM_LOG_LD,2010-01,2021-08,2015-01,2026-08,140,420,0.23196637715759547,0.7731465803918087,0.9639148910583549,0.07086808279595969
60,fixed,POOL,COM_DEV_L,2010-01,2021-08,2015-01,2026-08,140,420,0.23639006835006712,0.7878907935837283,0.9822971319077266,0.03509234464585431
60,fixed,POOL,COM_DEV_D,2010-01,2021-08,2015-01,2026-08,140,420,0.2408596541853245,0.8027879741434315,1.0008700837133286,-0.0017409244723254336
60,fixed,POOL,COM_DEV_LD,2010-01,2021-08,2015-01,2026-08,140,420,0.23179690894204263,0.7725817408967695,0.9632106815149973,0.07222518301541436
60,fixed,POOL,COM_SLOG_L,2010-01,2021-08,2015-01,2026-08,140,420,0.23661401371236504,0.7886372060301218,0.9832277162111396,0.0332632580742267
60,fixed,POOL,COM_SLOG_D,2010-01,2021-08,2015-01,2026-08,140,420,0.2408971510973888,0.8029129517789534,1.001025898673886,-0.0020528498158611796
60,fixed,POOL,COM_SLOG_LD,2010-01,2021-08,2015-01,2026-08,140,420,0.2321443229561332,0.7737396757676142,0.9646543284161029,0.06944202666807753
60,fixed,POOL,JOINT_LOG_LOG,2010-01,2021-08,2015-01,2026-08,140,420,0.18969117705377975,0.6322428563428756,0.7882441951503235,0.37867108881181866
60,fixed,POOL,JOINT_LOG_DEV,2010-01,2021-08,2015-01,2026-08,140,420,0.18968671257051228,0.6322279761692325,0.7882256434017679,0.378700335083869
60,fixed,POOL,JOINT_LOG_SLOG,2010-01,2021-08,2015-01,2026-08,140,420,0.189598686558576,0.6319345844676075,0.7878598594258936,0.3792768419054111
60,fixed,POOL,JOINT_DEV_LOG,2010-01,2021-08,2015-01,2026-08,140,420,0.19526370876342286,0.6508161680798108,0.8114003368361962,0.34162949338210735
60,fixed,POOL,JOINT_DEV_DEV,2010-01,2021-08,2015-01,2026-08,140,420,0.19524888876698213,0.6507667728626678,0.8113387537075131,0.3417294267323394
60,fixed,POOL,JOINT_DEV_SLOG,2010-01,2021-08,2015-01,2026-08,140,420,0.19519596514370288,0.6505903778227414,0.8111188344709724,0.3420862363664513
60,fixed,POOL,JOINT_SLOG_LOG,2010-01,2021-08,2015-01,2026-08,140,420,0.1926744639451089,0.6421861855728347,0.8006409687434968,0.358974039169475
60,fixed,POOL,JOINT_SLOG_DEV,2010-01,2021-08,2015-01,2026-08,140,420,0.19266397740741856,0.6421512338231251,0.8005973929030701,0.3590438144768072
60,fixed,POOL,JOINT_SLOG_SLOG,2010-01,2021-08,2015-01,2026-08,140,420,0.19257971032799753,0.64187037068644,0.8002472288246584,0.3596043727584549
60,fixed,BRL,EJR,2010-01,2021-08,2015-01,2026-08,140,140,0.3825761733138778,0.8042197270511132,1.0,0.0
60,fixed,BRL,TOT_LOG_L,2010-01,2021-08,2015-01,2026-08,140,140,0.29376406701191127,0.6175263235641087,0.7678577169804504,0.41039452647357066
60,fixed,BRL,TOT_LOG_D,2010-01,2021-08,2015-01,2026-08,140,140,0.37888963839023837,0.796470200768876,0.9903639191858014,0.019179307574939575
60,fixed,BRL,TOT_LOG_LD,2010-01,2021-08,2015-01,2026-08,140,140,0.25867158640929083,0.5437578373373629,0.6761309366672669,0.5428469564814443
60,fixed,BRL,TOT_DEV_L,2010-01,2021-08,2015-01,2026-08,140,140,0.30103149735671675,0.6328033095761657,0.7868537518925435,0.3808611731326276
60,fixed,BRL,TOT_DEV_D,2010-01,2021-08,2015-01,2026-08,140,140,0.38003070071654105,0.7988688468336808,0.9933464946985908,0.013262741470022488
60,fixed,BRL,TOT_DEV_LD,2010-01,2021-08,2015-01,2026-08,140,140,0.2636016214803773,0.5541213459293334,0.6890173509684567,0.5252550900644104
60,fixed,BRL,TOT_SLOG_L,2010-01,2021-08,2015-01,2026-08,140,140,0.2975779586287154,0.6255435684659555,0.7778266901754304,0.394985640050735
60,fixed,BRL,TOT_SLOG_D,2010-01,2021-08,2015-01,2026-08,140,140,0.3791305950430879,0.7969767197501999,0.9909937457919967,0.017931395801147443
60,fixed,BRL,TOT_SLOG_LD,2010-01,2021-08,2015-01,2026-08,140,140,0.26165419224996034,0.5500276226047176,0.6839270464323737,0.5322437951582897
60,fixed,BRL,COM_LOG_L,2010-01,2021-08,2015-01,2026-08,140,140,0.37521639556250125,0.7887486160221657,0.9807625820300672,0.038104757689715774
60,fixed,BRL,COM_LOG_D,2010-01,2021-08,2015-01,2026-08,140,140,0.38358640277995665,0.8063433471878079,1.0026405969230343,-0.005288166598178545
60,fixed,BRL,COM_LOG_LD,2010-01,2021-08,2015-01,2026-08,140,140,0.36642005829187263,0.7702576893720352,0.9577702006843218,0.08267624268111395
60,fixed,BRL,COM_DEV_L,2010-01,2021-08,2015-01,2026-08,140,140,0.37494451231192194,0.7881770857261812,0.980051917672106,0.03949823866722757
60,fixed,BRL,COM_DEV_D,2010-01,2021-08,2015-01,2026-08,140,140,0.3834154073281384,0.8059838948089598,1.0021936390000223,-0.004392090052107056
60,fixed,BRL,COM_DEV_LD,2010-01,2021-08,2015-01,2026-08,140,140,0.36621202973890815,0.7698203890962896,0.9572264434734048,0.08371753591525655
60,fixed,BRL,COM_SLOG_L,2010-01,2021-08,2015-01,2026-08,140,140,0.37534511077201244,0.7890191904015468,0.9810990253804103,0.037444702397609
60,fixed,BRL,COM_SLOG_D,2010-01,2021-08,2015-01,2026-08,140,140,0.38349113621229475,0.8061430857539121,1.002391583591031,-0.004788886854135033
60,fixed,BRL,COM_SLOG_LD,2010-01,2021-08,2015-01,2026-08,140,140,0.36688777595448935,0.7712408864376247,0.9589927484937303,0.08033290833644091
60,fixed,BRL,JOINT_LOG_LOG,2010-01,2021-08,2015-01,2026-08,140,140,0.26076786801887186,0.5481644657200886,0.6816103202666768,0.5354073713059584
60,fixed,BRL,JOINT_LOG_DEV,2010-01,2021-08,2015-01,2026-08,140,140,0.2609161070107987,0.5484760813667011,0.6819977960225315,0.5348790062204094
60,fixed,BRL,JOINT_LOG_SLOG,2010-01,2021-08,2015-01,2026-08,140,140,0.26074618515028813,0.5481188858019692,0.6815536443153338,0.5354846299204874
60,fixed,BRL,JOINT_DEV_LOG,2010-01,2021-08,2015-01,2026-08,140,140,0.27038187109704764,0.5683742212425679,0.7067399643710108,0.5005186227608623
60,fixed,BRL,JOINT_DEV_DEV,2010-01,2021-08,2015-01,2026-08,140,140,0.2704979649954375,0.568618264154249,0.7070434173994214,0.5000896059121476
60,fixed,BRL,JOINT_DEV_SLOG,2010-01,2021-08,2015-01,2026-08,140,140,0.2704496490138314,0.568516698326971,0.7069171262580062,0.5002681766031223
60,fixed,BRL,JOINT_SLOG_LOG,2010-01,2021-08,2015-01,2026-08,140,140,0.26578831631774497,0.5587180334596076,0.6947330619559615,0.517345972625294
60,fixed,BRL,JOINT_SLOG_DEV,2010-01,2021-08,2015-01,2026-08,140,140,0.26590139943993435,0.5589557473686403,0.6950286452412715,0.5169351822940829
60,fixed,BRL,JOINT_SLOG_SLOG,2010-01,2021-08,2015-01,2026-08,140,140,0.26578183829123664,0.5587044158925092,0.6947161293110136,0.5173694996751231
60,fixed,EUR,EJR,2010-01,2021-08,2015-01,2026-08,140,140,0.11510052882808167,0.8981207847384485,1.0,0.0
60,fixed,EUR,TOT_LOG_L,2010-01,2021-08,2015-01,2026-08,140,140,0.11768346881810345,0.9182752715543658,1.0224407308664911,-0.045385048134804595
60,fixed,EUR,TOT_LOG_D,2010-01,2021-08,2015-01,2026-08,140,140,0.1311550600892927,1.0233930868011385,1.1394826889561094,-0.29842079843064573
60,fixed,EUR,TOT_LOG_LD,2010-01,2021-08,2015-01,2026-08,140,140,0.12787076984676396,0.9977660166220387,1.1109485868458207,-0.23420676261472573
60,fixed,EUR,TOT_DEV_L,2010-01,2021-08,2015-01,2026-08,140,140,0.11818950040813142,0.9222237980586809,1.0268371623614654,-0.054394558006546356
60,fixed,EUR,TOT_DEV_D,2010-01,2021-08,2015-01,2026-08,140,140,0.13117546924693724,1.0235523379259264,1.139660004888993,-0.29882492674357963
60,fixed,EUR,TOT_DEV_LD,2010-01,2021-08,2015-01,2026-08,140,140,0.12860514722729433,1.0034963081855228,1.1173288996732904,-0.24842387004512578
60,fixed,EUR,TOT_SLOG_L,2010-01,2021-08,2015-01,2026-08,140,140,0.11831016619397472,0.9231653441260714,1.0278855136337999,-0.056548629138220674
60,fixed,EUR,TOT_SLOG_D,2010-01,2021-08,2015-01,2026-08,140,140,0.13140166122907618,1.0253172969801423,1.1416251738108212,-0.3033080374785877
60,fixed,EUR,TOT_SLOG_LD,2010-01,2021-08,2015-01,2026-08,140,140,0.1288368905229284,1.0053045837221506,1.1193422987253505,-0.2529271817157517
60,fixed,EUR,COM_LOG_L,2010-01,2021-08,2015-01,2026-08,140,140,0.11145093578049847,0.8696432841983145,0.9682921261549167,0.06241035842639098
60,fixed,EUR,COM_LOG_D,2010-01,2021-08,2015-01,2026-08,140,140,0.12155381672479212,0.948475305685903,1.0560665355964551,-0.11527652760669893
60,fixed,EUR,COM_LOG_LD,2010-01,2021-08,2015-01,2026-08,140,140,0.11735591328597667,0.9157193803299343,1.0195949096051828,-0.03957377969280085
60,fixed,EUR,COM_DEV_L,2010-01,2021-08,2015-01,2026-08,140,140,0.11123748721748195,0.8679777610867392,0.9664376727897601,0.06599822461271265
60,fixed,EUR,COM_DEV_D,2010-01,2021-08,2015-01,2026-08,140,140,0.12140977231845665,0.9473513379980704,1.0548150695276013,-0.11263483090251847
60,fixed,EUR,COM_DEV_LD,2010-01,2021-08,2015-01,2026-08,140,140,0.11680570733511021,0.9114261646045919,1.014814688728107,-0.029848852458324915
60,fixed,EUR,COM_SLOG_L,2010-01,2021-08,2015-01,2026-08,140,140,0.11136205831417874,0.8689497800015104,0.967519953626913,0.06390513933377617
60,fixed,EUR,COM_SLOG_D,2010-01,2021-08,2015-01,2026-08,140,140,0.12155391273465138,0.9484760548436263,1.0560673697356224,-0.1152782894203157
60,fixed,EUR,COM_SLOG_LD,2010-01,2021-08,2015-01,2026-08,140,140,0.11702349181571337,0.9131255205555563,1.0167068127940917,-0.03369274318192006
60,fixed,EUR,JOINT_LOG_LOG,2010-01,2021-08,2015-01,2026-08,140,140,0.13179280247021252,1.0283693427179832,1.1450234313611456,-0.3110786583660523
60,fixed,EUR,JOINT_LOG_DEV,2010-01,2021-08,2015-01,2026-08,140,140,0.13173005215923714,1.0278797067527132,1.1444782530581934,-0.3098304717231344
60,fixed,EUR,JOINT_LOG_SLOG,2010-01,2021-08,2015-01,2026-08,140,140,0.13192641038665268,1.0294118752587302,1.1461842246068457,-0.313738276737596
60,fixed,EUR,JOINT_DEV_LOG,2010-01,2021-08,2015-01,2026-08,140,140,0.13161502425868482,1.0269821526809577,1.1434788840568213,-0.3075439582838335
60,fixed,EUR,JOINT_DEV_DEV,2010-01,2021-08,2015-01,2026-08,140,140,0.13153969266798374,1.0263943459345863,1.1428243988735811,-0.30604760666076225
60,fixed,EUR,JOINT_DEV_SLOG,2010-01,2021-08,2015-01,2026-08,140,140,0.13171986794291365,1.0278002400773685,1.1443897720023097,-0.30962795026349843
60,fixed,EUR,JOINT_SLOG_LOG,2010-01,2021-08,2015-01,2026-08,140,140,0.13203954956634667,1.030294691783433,1.1471671842930082,-0.31599254871874893
60,fixed,EUR,JOINT_SLOG_DEV,2010-01,2021-08,2015-01,2026-08,140,140,0.13198083322471926,1.0298365325781165,1.1466570533472582,-0.31482239799101697
60,fixed,EUR,JOINT_SLOG_SLOG,2010-01,2021-08,2015-01,2026-08,140,140,0.1321546192691357,1.0311925720349029,1.1481669164746118,-0.31828726808681806
60,fixed,CAD,EJR,2010-01,2021-08,2015-01,2026-08,140,140,0.11884862129463208,0.7189495810286846,1.0,0.0
60,fixed,CAD,TOT_LOG_L,2010-01,2021-08,2015-01,2026-08,140,140,0.11905600314188369,0.7202040936226918,1.0017449242994372,-0.0034928933596851675
60,fixed,CAD,TOT_LOG_D,2010-01,2021-08,2015-01,2026-08,140,140,0.13605561121678195,0.823039624821672,1.1447807280783915,-0.31052291537969223
60,fixed,CAD,TOT_LOG_LD,2010-01,2021-08,2015-01,2026-08,140,140,0.15214996370273007,0.9203990039264172,1.2801996526786976,-0.638911150718658
60,fixed,CAD,TOT_DEV_L,2010-01,2021-08,2015-01,2026-08,140,140,0.12470720248030948,0.7543898279830304,1.0492944816848455,-0.10101890929426882
60,fixed,CAD,TOT_DEV_D,2010-01,2021-08,2015-01,2026-08,140,140,0.13481419963535646,0.8155299681960607,1.134335410598873,-0.28671682373851404
60,fixed,CAD,TOT_DEV_LD,2010-01,2021-08,2015-01,2026-08,140,140,0.1548935714892339,0.9369958785651562,1.3032845463578788,-0.698550608775262
60,fixed,CAD,TOT_SLOG_L,2010-01,2021-08,2015-01,2026-08,140,140,0.12242839344484133,0.7406046550172234,1.030120434812069,-0.06114811021740607
60,fixed,CAD,TOT_SLOG_D,2010-01,2021-08,2015-01,2026-08,140,140,0.13418790724997534,0.811741344961173,1.1290657458896083,-0.27478945854125736
60,fixed,CAD,TOT_SLOG_LD,2010-01,2021-08,2015-01,2026-08,140,140,0.15313689309792936,0.9263692244258576,1.288503740554927,-0.6602418894240383
60,fixed,CAD,COM_LOG_L,2010-01,2021-08,2015-01,2026-08,140,140,0.12104942105871958,0.7322628534174,1.0185176718090114,-0.0373782477872493
60,fixed,CAD,COM_LOG_D,2010-01,2021-08,2015-01,2026-08,140,140,0.11100155470349385,0.6714804124632615,0.9339742732758765,0.12769205685879836
60,fixed,CAD,COM_LOG_LD,2010-01,2021-08,2015-01,2026-08,140,140,0.11571141211243821,0.6999716980497467,0.973603318675304,0.052096577864434335
60,fixed,CAD,COM_DEV_L,2010-01,2021-08,2015-01,2026-08,140,140,0.12117601812390019,0.7330286755698122,1.0195828677179044,-0.03954922414386597
60,fixed,CAD,COM_DEV_D,2010-01,2021-08,2015-01,2026-08,140,140,0.11087114887021156,0.6706915499743179,0.9328770301453987,0.12974044662710094
60,fixed,CAD,COM_DEV_LD,2010-01,2021-08,2015-01,2026-08,140,140,0.11590770894858732,0.7011591542151556,0.9752549729731059,0.048877737691226386
60,fixed,CAD,COM_SLOG_L,2010-01,2021-08,2015-01,2026-08,140,140,0.12113263079286672,0.7327662130933554,1.0192178039034419,-0.03880493179375466
60,fixed,CAD,COM_SLOG_D,2010-01,2021-08,2015-01,2026-08,140,140,0.1106955598297169,0.6696293612360581,0.9313996125819306,0.13249476168222962
60,fixed,CAD,COM_SLOG_LD,2010-01,2021-08,2015-01,2026-08,140,140,0.11563659568108385,0.6995191118826516,0.9729738083743904,0.053321968217434956
60,fixed,CAD,JOINT_LOG_LOG,2010-01,2021-08,2015-01,2026-08,140,140,0.15026311650596436,0.9089849211478135,1.2643235981127123,-0.5985141607446756
60,fixed,CAD,JOINT_LOG_DEV,2010-01,2021-08,2015-01,2026-08,140,140,0.15004374441434917,0.9076578761081817,1.2624777871203297,-0.5938501629722441
60,fixed,CAD,JOINT_LOG_SLOG,2010-01,2021-08,2015-01,2026-08,140,140,0.14983269004551583,0.9063811473721298,1.260701961986354,-0.5893694369562423
60,fixed,CAD,JOINT_DEV_LOG,2010-01,2021-08,2015-01,2026-08,140,140,0.15477363164178132,0.9362703278424355,1.3022753647102832,-0.6959211255313009
60,fixed,CAD,JOINT_DEV_DEV,2010-01,2021-08,2015-01,2026-08,140,140,0.15457860744735533,0.9350905702537847,1.3006344185023966,-0.691649890593067
60,fixed,CAD,JOINT_DEV_SLOG,2010-01,2021-08,2015-01,2026-08,140,140,0.15430896980584716,0.9334594544084331,1.298365669916414,-0.6857534128174982
60,fixed,CAD,JOINT_SLOG_LOG,2010-01,2021-08,2015-01,2026-08,140,140,0.15261872568233512,0.9232346803117893,1.2841438463470698,-0.6490254181110469
60,fixed,CAD,JOINT_SLOG_DEV,2010-01,2021-08,2015-01,2026-08,140,140,0.1524327064921835,0.9221093965906493,1.282578668828599,-0.6450080417341411
60,fixed,CAD,JOINT_SLOG_SLOG,2010-01,2021-08,2015-01,2026-08,140,140,0.1521709746647074,0.9205261052940733,1.2803764402741147,-0.6393638288090138
60,recent,POOL,EJR,2019-01,2021-08,2024-01,2026-08,32,96,0.2939421358490951,2.2083379952045386,1.0,0.0
60,recent,POOL,TOT_LOG_L,2019-01,2021-08,2024-01,2026-08,32,96,0.2193803207329513,1.6481675765037336,0.7463384590958317,0.44297890447445953
60,recent,POOL,TOT_LOG_D,2019-01,2021-08,2024-01,2026-08,32,96,0.3093593893676049,2.324165236604543,1.0524499608536038,-0.10765092010075228
60,recent,POOL,TOT_LOG_LD,2019-01,2021-08,2024-01,2026-08,32,96,0.23501081794241258,1.765596882009333,0.7995138814091733,0.3607775534340383
60,recent,POOL,TOT_DEV_L,2019-01,2021-08,2024-01,2026-08,32,96,0.22456375665159203,1.687109861697983,0.7639726642215025,0.4163457683222994
60,recent,POOL,TOT_DEV_D,2019-01,2021-08,2024-01,2026-08,32,96,0.30826012799026997,2.3159066701379922,1.04871024053702,-0.09979316860721443
60,recent,POOL,TOT_DEV_LD,2019-01,2021-08,2024-01,2026-08,32,96,0.23947586509275517,1.7991420328057586,0.8147041063064806,0.33625721916735873
60,recent,POOL,TOT_SLOG_L,2019-01,2021-08,2024-01,2026-08,32,96,0.2230492528992352,1.6757316488720189,0.7588202768375639,0.42419178746016284
60,recent,POOL,TOT_SLOG_D,2019-01,2021-08,2024-01,2026-08,32,96,0.30851376306759837,2.3178121879589164,1.0495731147098424,-0.10160372312171972
60,recent,POOL,TOT_SLOG_LD,2019-01,2021-08,2024-01,2026-08,32,96,0.23811319838591918,1.7889045462514288,0.8100682731248929,0.3437893928764538
60,recent,POOL,COM_LOG_L,2019-01,2021-08,2024-01,2026-08,32,96,0.2786572696511543,2.0935053575528233,0.9480004247986146,0.10129519458164626
60,recent,POOL,COM_LOG_D,2019-01,2021-08,2024-01,2026-08,32,96,0.3072148840555786,2.308053927663463,1.0451542891873709,-0.09234748820675831
60,recent,POOL,COM_LOG_LD,2019-01,2021-08,2024-01,2026-08,32,96,0.28495053009123356,2.1407855683446497,0.9694102863752827,0.060243696669792346
60,recent,POOL,COM_DEV_L,2019-01,2021-08,2024-01,2026-08,32,96,0.27839505887889515,2.091535411973368,0.9471083758533291,0.10298572438846909
60,recent,POOL,COM_DEV_D,2019-01,2021-08,2024-01,2026-08,32,96,0.3072816443629281,2.308555486662024,1.0453814097638632,-0.092822291879882
60,recent,POOL,COM_DEV_LD,2019-01,2021-08,2024-01,2026-08,32,96,0.28479377279803997,2.139607877076996,0.9688769933421462,0.06127737177228276
60,recent,POOL,COM_SLOG_L,2019-01,2021-08,2024-01,2026-08,32,96,0.27870404734126136,2.0938567904975867,0.9481595639093514,0.10099344136722865
60,recent,POOL,COM_SLOG_D,2019-01,2021-08,2024-01,2026-08,32,96,0.3073255184949189,2.3088851056613624,1.0455306708824303,-0.09313438375586469
60,recent,POOL,COM_SLOG_LD,2019-01,2021-08,2024-01,2026-08,32,96,0.2852146926313973,2.142770177229212,0.9703089752937689,0.05850049246435618
60,recent,POOL,JOINT_LOG_LOG,2019-01,2021-08,2024-01,2026-08,32,96,0.23790304654266173,1.7873257106792944,0.80935333022414,0.3449471868550942
60,recent,POOL,JOINT_LOG_DEV,2019-01,2021-08,2024-01,2026-08,32,96,0.2380928383590909,1.7887515847826743,0.809999007700358,0.3439016075244353
60,recent,POOL,JOINT_LOG_SLOG,2019-01,2021-08,2024-01,2026-08,32,96,0.23798881333031238,1.787970062178437,0.809645111419112,0.3444747935551338
60,recent,POOL,JOINT_DEV_LOG,2019-01,2021-08,2024-01,2026-08,32,96,0.2438079059728683,1.8316879297888453,0.8294418398661807,0.3120262342794051
60,recent,POOL,JOINT_DEV_DEV,2019-01,2021-08,2024-01,2026-08,32,96,0.24391538815950145,1.8324954254405457,0.8298074975025813,0.31141951708850346
60,recent,POOL,JOINT_DEV_SLOG,2019-01,2021-08,2024-01,2026-08,32,96,0.2438592033001921,1.832073318010423,0.8296163549188648,0.31173670365113615
60,recent,POOL,JOINT_SLOG_LOG,2019-01,2021-08,2024-01,2026-08,32,96,0.241806375177786,1.8166507644277643,0.8226325718131314,0.32327565179211315
60,recent,POOL,JOINT_SLOG_DEV,2019-01,2021-08,2024-01,2026-08,32,96,0.24194468414896064,1.8176898565444504,0.823103103099077,0.3225012816686703
60,recent,POOL,JOINT_SLOG_SLOG,2019-01,2021-08,2024-01,2026-08,32,96,0.24186625879975793,1.8171006600417738,0.8228362976988366,0.32294042718927163
60,recent,BRL,EJR,2019-01,2021-08,2024-01,2026-08,32,32,0.4617565410665158,2.1297295819757336,1.0,0.0
60,recent,BRL,TOT_LOG_L,2019-01,2021-08,2024-01,2026-08,32,32,0.34812713155498093,1.605644066564939,0.7539192206155091,0.43160580878650334
60,recent,BRL,TOT_LOG_D,2019-01,2021-08,2024-01,2026-08,32,32,0.4865486929315398,2.244076807259913,1.053690959759361,-0.11026463867860303
60,recent,BRL,TOT_LOG_LD,2019-01,2021-08,2024-01,2026-08,32,32,0.3740431458714681,1.7251748093439105,0.8100440656618383,0.3438286116860395
60,recent,BRL,TOT_DEV_L,2019-01,2021-08,2024-01,2026-08,32,32,0.35629129146132427,1.6432990888941519,0.7715998795347886,0.40463362590189966
60,recent,BRL,TOT_DEV_D,2019-01,2021-08,2024-01,2026-08,32,32,0.48485678043288444,2.2362733095765273,1.0500268806436703,-0.1025564500742766
60,recent,BRL,TOT_DEV_LD,2019-01,2021-08,2024-01,2026-08,32,32,0.38110320629862476,1.7577374656465659,0.8253336388443863,0.3188243845918842
60,recent,BRL,TOT_SLOG_L,2019-01,2021-08,2024-01,2026-08,32,32,0.3540028150196227,1.6327440982397925,0.766643855660355,0.41225719857822485
60,recent,BRL,TOT_SLOG_D,2019-01,2021-08,2024-01,2026-08,32,32,0.48532000087770205,2.238409791026309,1.0510300509371495,-0.10466416797294698
60,recent,BRL,TOT_SLOG_LD,2019-01,2021-08,2024-01,2026-08,32,32,0.3791285298294219,1.7486297941416225,0.821057193805531,0.3258650845001867
60,recent,BRL,COM_LOG_L,2019-01,2021-08,2024-01,2026-08,32,32,0.43309094759630234,1.9975171345734783,0.9379205470397782,0.12030504744060311
60,recent,BRL,COM_LOG_D,2019-01,2021-08,2024-01,2026-08,32,32,0.4850532764320812,2.2371795952595903,1.050452420905088,-0.1034502885853601
60,recent,BRL,COM_LOG_LD,2019-01,2021-08,2024-01,2026-08,32,32,0.4431375903989116,2.043854610003368,0.9596779925962712,0.07901815052639127
60,recent,BRL,COM_DEV_L,2019-01,2021-08,2024-01,2026-08,32,32,0.43256015296686884,1.9950689851186867,0.93677103516019,0.12246002768490605
60,recent,BRL,COM_DEV_D,2019-01,2021-08,2024-01,2026-08,32,32,0.48514442958968446,2.237600015024061,1.0506498261381416,-0.1038650571641071
60,recent,BRL,COM_DEV_LD,2019-01,2021-08,2024-01,2026-08,32,32,0.4427077683706286,2.041872169892168,0.958747151362728,0.08080389975385427
60,recent,BRL,COM_SLOG_L,2019-01,2021-08,2024-01,2026-08,32,32,0.4331422637067504,1.9977538165232365,0.938031679435065,0.1200965683762314
60,recent,BRL,COM_SLOG_D,2019-01,2021-08,2024-01,2026-08,32,32,0.48527376771986835,2.2381965528474215,1.050929926404583,-0.10445371021274252
60,recent,BRL,COM_SLOG_LD,2019-01,2021-08,2024-01,2026-08,32,32,0.44362094977303057,2.0460839769234527,0.9607247766288322,0.07700790357148057
60,recent,BRL,JOINT_LOG_LOG,2019-01,2021-08,2024-01,2026-08,32,32,0.38428213972105596,1.7723994529640508,0.8322180749913843,0.30741307565763454
60,recent,BRL,JOINT_LOG_DEV,2019-01,2021-08,2024-01,2026-08,32,32,0.384583521847164,1.7737894980903604,0.8328707612000344,0.3063262951380752
60,recent,BRL,JOINT_LOG_SLOG,2019-01,2021-08,2024-01,2026-08,32,32,0.3844603408958393,1.7732213586215264,0.8326039951872776,0.30677058719818384
60,recent,BRL,JOINT_DEV_LOG,2019-01,2021-08,2024-01,2026-08,32,32,0.39352665797469616,1.8150373416454288,0.8522384048220961,0.273689701346289
60,recent,BRL,JOINT_DEV_DEV,2019-01,2021-08,2024-01,2026-08,32,32,0.3936847054135374,1.815766293540898,0.852580679213004,0.2731061854326928
60,recent,BRL,JOINT_DEV_SLOG,2019-01,2021-08,2024-01,2026-08,32,32,0.39364910374078177,1.815602090267328,0.852503578685801,0.2732376483279023
60,recent,BRL,JOINT_SLOG_LOG,2019-01,2021-08,2024-01,2026-08,32,32,0.3906284261460494,1.80167001598365,0.8459618682256622,0.2843485175081474
60,recent,BRL,JOINT_SLOG_DEV,2019-01,2021-08,2024-01,2026-08,32,32,0.39083479836181045,1.8026218530963176,0.8464087968501801,0.28359214861463056
60,recent,BRL,JOINT_SLOG_SLOG,2019-01,2021-08,2024-01,2026-08,32,32,0.3907628517955248,1.8022900186404673,0.8462529862446183,0.2838558832720658
60,recent,EUR,EJR,2019-01,2021-08,2024-01,2026-08,32,32,0.13998730072945104,3.6012138997403653,1.0,0.0
60,recent,EUR,TOT_LOG_L,2019-01,2021-08,2024-01,2026-08,32,32,0.09947544283610926,2.559034609264801,0.7106033355722907,0.4950428994735344
60,recent,EUR,TOT_LOG_D,2019-01,2021-08,2024-01,2026-08,32,32,0.14108949228193032,3.6295680970017017,1.0078735110023263,-0.015809014180156344
60,recent,EUR,TOT_LOG_LD,2019-01,2021-08,2024-01,2026-08,32,32,0.09468989726371439,2.435925061874809,0.6764177662566587,0.5424590054923522
60,recent,EUR,TOT_DEV_L,2019-01,2021-08,2024-01,2026-08,32,32,0.10070445240531796,2.5906512367766212,0.7193827717268885,0.4824884277425394
60,recent,EUR,TOT_DEV_D,2019-01,2021-08,2024-01,2026-08,32,32,0.14103050116374183,3.6280505333821838,1.0074521076473,-0.014959749202986705
60,recent,EUR,TOT_DEV_LD,2019-01,2021-08,2024-01,2026-08,32,32,0.09559880425349966,2.4593069577191455,0.6829105479950671,0.5336331834370771
60,recent,EUR,TOT_SLOG_L,2019-01,2021-08,2024-01,2026-08,32,32,0.09970319652396623,2.564893638920732,0.7122302952084162,0.4927280065873324
60,recent,EUR,TOT_SLOG_D,2019-01,2021-08,2024-01,2026-08,32,32,0.14089023544784277,3.62444215717148,1.0064501187871093,-0.01294184160658629
60,recent,EUR,TOT_SLOG_LD,2019-01,2021-08,2024-01,2026-08,32,32,0.09424600688336891,2.4245058531370773,0.6732468330503433,0.5467387017876832
60,recent,EUR,COM_LOG_L,2019-01,2021-08,2024-01,2026-08,32,32,0.12734740361564745,3.276048881625682,0.9097068302057463,0.17243348307701345
60,recent,EUR,COM_LOG_D,2019-01,2021-08,2024-01,2026-08,32,32,0.14481007271936455,3.7252811075146006,1.0344514964199099,-0.07008989844539082
60,recent,EUR,COM_LOG_LD,2019-01,2021-08,2024-01,2026-08,32,32,0.12330006534795566,3.171929931187942,0.880794648553541,0.22420078707944435
60,recent,EUR,COM_DEV_L,2019-01,2021-08,2024-01,2026-08,32,32,0.1269227769328568,3.265125237092942,0.9066735073216133,0.17794315112112447
60,recent,EUR,COM_DEV_D,2019-01,2021-08,2024-01,2026-08,32,32,0.14472814994904756,3.723173620495182,1.0338662806904109,-0.06887948634862329
60,recent,EUR,COM_DEV_LD,2019-01,2021-08,2024-01,2026-08,32,32,0.1227939164589023,3.1589091042622206,0.877178971371283,0.230557052184018
60,recent,EUR,COM_SLOG_L,2019-01,2021-08,2024-01,2026-08,32,32,0.12713759911384545,3.2706515999852734,0.908208090672169,0.17515806403761325
60,recent,EUR,COM_SLOG_D,2019-01,2021-08,2024-01,2026-08,32,32,0.14493345497989304,3.7284551519406395,1.0353328782301567,-0.07191416874434053
60,recent,EUR,COM_SLOG_LD,2019-01,2021-08,2024-01,2026-08,32,32,0.12328753412228295,3.1716075617741577,0.880705131678743,0.22435847103472806
60,recent,EUR,JOINT_LOG_LOG,2019-01,2021-08,2024-01,2026-08,32,32,0.11150234714109866,2.868430209639164,0.7965175880960493,0.3655597318536522
60,recent,EUR,JOINT_LOG_DEV,2019-01,2021-08,2024-01,2026-08,32,32,0.11088729139950018,2.852607722354833,0.79212393425464,0.3725396727809507
60,recent,EUR,JOINT_LOG_SLOG,2019-01,2021-08,2024-01,2026-08,32,32,0.1114522186115095,2.8671406386810174,0.7961594946880906,0.36613005901800433
60,recent,EUR,JOINT_DEV_LOG,2019-01,2021-08,2024-01,2026-08,32,32,0.11179665674984635,2.8760014096574977,0.7986199902940636,0.3622061111027097
60,recent,EUR,JOINT_DEV_DEV,2019-01,2021-08,2024-01,2026-08,32,32,0.11117844728102605,2.8600977918259813,0.7942038077860868,0.3692403116980806
60,recent,EUR,JOINT_DEV_SLOG,2019-01,2021-08,2024-01,2026-08,32,32,0.11173854004736282,2.874506340635521,0.7982048333321057,0.3628690440452653
60,recent,EUR,JOINT_SLOG_LOG,2019-01,2021-08,2024-01,2026-08,32,32,0.11038996721270711,2.8398139134534266,0.7885712963781926,0.3781553105284168
60,recent,EUR,JOINT_SLOG_DEV,2019-01,2021-08,2024-01,2026-08,32,32,0.10977800783373058,2.824071080995317,0.7841997614190377,0.3850307341903243
60,recent,EUR,JOINT_SLOG_SLOG,2019-01,2021-08,2024-01,2026-08,32,32,0.11033139012627101,2.8383070009207843,0.7881528506611107,0.37881508399476493
60,recent,CAD,EJR,2019-01,2021-08,2024-01,2026-08,32,32,0.1624511929760845,2.387012370492937,1.0,0.0
60,recent,CAD,TOT_LOG_L,2019-01,2021-08,2024-01,2026-08,32,32,0.1153052987617598,1.6942637938536023,0.7097842536541707,0.49620631326459186
60,recent,CAD,TOT_LOG_D,2019-01,2021-08,2024-01,2026-08,32,32,0.17456752259206004,2.5650463273291995,1.0745844299078755,-0.154731697000434
60,recent,CAD,TOT_LOG_LD,2019-01,2021-08,2024-01,2026-08,32,32,0.1296757573050886,1.9054192903702183,0.7982444137801992,0.3628058558687062
60,recent,CAD,TOT_DEV_L,2019-01,2021-08,2024-01,2026-08,32,32,0.11917118485184675,1.751068042261385,0.7335814694164217,0.46185822772884355
60,recent,CAD,TOT_DEV_D,2019-01,2021-08,2024-01,2026-08,32,32,0.17348550295484166,2.5491474335640008,1.067923847012817,-0.14046134301865432
60,recent,CAD,TOT_DEV_LD,2019-01,2021-08,2024-01,2026-08,32,32,0.1329183383133393,1.9530648683264193,0.8182047535526997,0.33054098126376585
60,recent,CAD,TOT_SLOG_L,2019-01,2021-08,2024-01,2026-08,32,32,0.11829702962376984,1.7382234499569267,0.7282004364300674,0.4697241243830593
60,recent,CAD,TOT_SLOG_D,2019-01,2021-08,2024-01,2026-08,32,32,0.17365674277121912,2.5516635835074126,1.068977947098143,-0.14271385138216064
60,recent,CAD,TOT_SLOG_LD,2019-01,2021-08,2024-01,2026-08,32,32,0.13218522531901,1.9422927111364703,0.8136919335425863,0.3379054372877274
60,recent,CAD,COM_LOG_L,2019-01,2021-08,2024-01,2026-08,32,32,0.17077614496995347,2.509336885500042,1.0512458655511046,-0.10511786983829108
60,recent,CAD,COM_LOG_D,2019-01,2021-08,2024-01,2026-08,32,32,0.1640009659037508,2.4097843002154793,1.0095399294968208,-0.01917086924844602
60,recent,CAD,COM_LOG_LD,2019-01,2021-08,2024-01,2026-08,32,32,0.1789317849306305,2.6291735768704063,1.1014494978622422,-0.2131909963409857
60,recent,CAD,COM_DEV_L,2019-01,2021-08,2024-01,2026-08,32,32,0.1711541678881404,2.5148914484768423,1.053572859346974,-0.11001576995255857
60,recent,CAD,COM_DEV_D,2019-01,2021-08,2024-01,2026-08,32,32,0.16417878041202735,2.412397056841845,1.010634501380345,-0.02138209538029856
60,recent,CAD,COM_DEV_LD,2019-01,2021-08,2024-01,2026-08,32,32,0.17959388903469636,2.6389023492974086,1.105525208800009,-0.22218598729230332
60,recent,CAD,COM_SLOG_L,2019-01,2021-08,2024-01,2026-08,32,32,0.17103113253369753,2.51308360140793,1.05281549122804,-0.10842045856973925
60,recent,CAD,COM_SLOG_D,2019-01,2021-08,2024-01,2026-08,32,32,0.16386148707083917,2.407734837275364,1.0086813403393244,-0.017438046348736025
60,recent,CAD,COM_SLOG_LD,2019-01,2021-08,2024-01,2026-08,32,32,0.1790053058738442,2.6302538730364504,1.1019020703664313,-0.21418817267782786
60,recent,CAD,JOINT_LOG_LOG,2019-01,2021-08,2024-01,2026-08,32,32,0.09842785345760817,1.4462713354094299,0.6058918476031037,0.6328950690080974
60,recent,CAD,JOINT_LOG_DEV,2019-01,2021-08,2024-01,2026-08,32,32,0.0993182881617419,1.459355133779543,0.6113730920791896,0.6262229422815309
60,recent,CAD,JOINT_LOG_SLOG,2019-01,2021-08,2024-01,2026-08,32,32,0.09841074664861635,1.4460199727451424,0.6057865433041421,0.6330226639516188
60,recent,CAD,JOINT_DEV_LOG,2019-01,2021-08,2024-01,2026-08,32,32,0.10471466968600196,1.5386480538149447,0.6445915709675194,0.5845017066376255
60,recent,CAD,JOINT_DEV_DEV,2019-01,2021-08,2024-01,2026-08,32,32,0.10552656218524863,1.5505777750050966,0.6495893335839268,0.5780336976939898
60,recent,CAD,JOINT_DEV_SLOG,2019-01,2021-08,2024-01,2026-08,32,32,0.10467480544417723,1.5380622998008764,0.6443461788525436,0.5848180017981258
60,recent,CAD,JOINT_SLOG_LOG,2019-01,2021-08,2024-01,2026-08,32,32,0.10312350389362492,1.5152679089214054,0.634796839619432,0.5970329724091811
60,recent,CAD,JOINT_SLOG_DEV,2019-01,2021-08,2024-01,2026-08,32,32,0.10396460911945622,1.527626873741326,0.6399744268714698,0.5904327329505337
60,recent,CAD,JOINT_SLOG_SLOG,2019-01,2021-08,2024-01,2026-08,32,32,0.10309820292714987,1.5148961436000496,0.6346410945860375,0.5972306810626362
60,adaptive_TOT,POOL,EJR,2017-01,2021-08,2022-01,2026-08,56,168,0.2806219581403325,1.4839012129159337,1.0,0.0
60,adaptive_TOT,POOL,TOT_LOG_L,2017-01,2021-08,2022-01,2026-08,56,168,0.23191724967332958,1.2263555224508969,0.8264401375082457,0.3169966991153519
60,adaptive_TOT,POOL,TOT_LOG_D,2017-01,2021-08,2022-01,2026-08,56,168,0.2811367662569259,1.4866234674169514,1.0018345254234737,-0.0036724163304768798
60,adaptive_TOT,POOL,TOT_LOG_LD,2017-01,2021-08,2022-01,2026-08,56,168,0.2275254238297411,1.2031319809311793,0.8107898089570059,0.34261988569146185
60,adaptive_TOT,POOL,TOT_DEV_L,2017-01,2021-08,2022-01,2026-08,56,168,0.23634099708430967,1.2497478620678286,0.8422042189803303,0.2906920535317319
60,adaptive_TOT,POOL,TOT_DEV_D,2017-01,2021-08,2022-01,2026-08,56,168,0.2806010288941776,1.483790541128307,0.9999254183589424,0.00014915771969403746
60,adaptive_TOT,POOL,TOT_DEV_LD,2017-01,2021-08,2022-01,2026-08,56,168,0.23174515294738504,1.2254454919527122,0.825826868585582,0.318009983122132
60,adaptive_TOT,POOL,TOT_SLOG_L,2017-01,2021-08,2022-01,2026-08,56,168,0.23518330855015923,1.2436261193810156,0.8380787808220964,0.2976239571357485
60,adaptive_TOT,POOL,TOT_SLOG_D,2017-01,2021-08,2022-01,2026-08,56,168,0.28088017950599053,1.4852666620070885,1.000920175197156,-0.0018411971167051622
60,adaptive_TOT,POOL,TOT_SLOG_LD,2017-01,2021-08,2022-01,2026-08,56,168,0.23071180781868747,1.2199812649193158,0.8221445297709521,0.3240783721677001
60,adaptive_TOT,POOL,COM_LOG_L,2017-01,2021-08,2022-01,2026-08,56,168,0.2708655279392173,1.4323101731230867,0.9652328340028322,0.06832557616286095
60,adaptive_TOT,POOL,COM_LOG_D,2017-01,2021-08,2022-01,2026-08,56,168,0.28817115033741225,1.5238205960319908,1.0269016446435906,-0.054526987771710944
60,adaptive_TOT,POOL,COM_LOG_LD,2017-01,2021-08,2022-01,2026-08,56,168,0.2734821742695549,1.4461467406144242,0.97455728725545,0.05023809385729838
60,adaptive_TOT,POOL,COM_DEV_L,2017-01,2021-08,2022-01,2026-08,56,168,0.2707369935314704,1.4316304958632564,0.9647747999680094,0.06920958534668753
60,adaptive_TOT,POOL,COM_DEV_D,2017-01,2021-08,2022-01,2026-08,56,168,0.28815704518015006,1.523746009352786,1.0268513807321147,-0.05442375811145017
60,adaptive_TOT,POOL,COM_DEV_LD,2017-01,2021-08,2022-01,2026-08,56,168,0.2733909080354469,1.4456641337778509,0.9742320588424177,0.05087189552366389
60,adaptive_TOT,POOL,COM_SLOG_L,2017-01,2021-08,2022-01,2026-08,56,168,0.27094927507196503,1.4327530196939189,0.9655312680003095,0.06774937051371444
60,adaptive_TOT,POOL,COM_SLOG_D,2017-01,2021-08,2022-01,2026-08,56,168,0.2881815649153971,1.5238756672922948,1.0269387571277804,-0.05460321089115028
60,adaptive_TOT,POOL,COM_SLOG_LD,2017-01,2021-08,2022-01,2026-08,56,168,0.2736832753540855,1.4472101432976328,0.9752739135874137,0.048840793475889877
60,adaptive_TOT,POOL,JOINT_LOG_LOG,2017-01,2021-08,2022-01,2026-08,56,168,0.23149288102076804,1.224111502907905,0.8249278942918781,0.31949396921916795
60,adaptive_TOT,POOL,JOINT_LOG_DEV,2017-01,2021-08,2022-01,2026-08,56,168,0.23138248356692748,1.2235277320699331,0.8245344915283447,0.3201428722800941
60,adaptive_TOT,POOL,JOINT_LOG_SLOG,2017-01,2021-08,2022-01,2026-08,56,168,0.23144493995660467,1.223857995293134,0.8247570556858008,0.3197757990964888
60,adaptive_TOT,POOL,JOINT_DEV_LOG,2017-01,2021-08,2022-01,2026-08,56,168,0.23648339518522002,1.2505008491685463,0.8427116564661707,0.2898370640560427
60,adaptive_TOT,POOL,JOINT_DEV_DEV,2017-01,2021-08,2022-01,2026-08,56,168,0.236325519223347,1.2496660166669624,0.8421490634213524,0.29078495497853885
60,adaptive_TOT,POOL,JOINT_DEV_SLOG,2017-01,2021-08,2022-01,2026-08,56,168,0.2364133638352994,1.250130530303344,0.8424620988393025,0.29025761201927736
60,adaptive_TOT,POOL,JOINT_SLOG_LOG,2017-01,2021-08,2022-01,2026-08,56,168,0.23510605800164494,1.2432176261062968,0.8378034974870849,0.298085299598408
60,adaptive_TOT,POOL,JOINT_SLOG_DEV,2017-01,2021-08,2022-01,2026-08,56,168,0.2349623269730264,1.2424575906154391,0.8372913100960091,0.2989432620377087
60,adaptive_TOT,POOL,JOINT_SLOG_SLOG,2017-01,2021-08,2022-01,2026-08,56,168,0.2350372640687079,1.2428538505799518,0.8375583494117422,0.29849601133067794
60,adaptive_TOT,POOL,ADAPTIVE_TOT,2017-01,2021-08,2022-01,2026-08,56,168,0.2408258429907592,1.2734632844974358,0.8581860257361893,0.26351674523112467
60,adaptive_TOT,BRL,EJR,2017-01,2021-08,2022-01,2026-08,56,56,0.43677211934274546,1.3955432919227582,1.0,0.0
60,adaptive_TOT,BRL,TOT_LOG_L,2017-01,2021-08,2022-01,2026-08,56,56,0.36548386269135236,1.1677681113264649,0.8367838662443298,0.29979276119319165
60,adaptive_TOT,BRL,TOT_LOG_D,2017-01,2021-08,2022-01,2026-08,56,56,0.43252990010805037,1.3819888539591971,0.9902873396747971,0.019330984879812996
60,adaptive_TOT,BRL,TOT_LOG_LD,2017-01,2021-08,2022-01,2026-08,56,56,0.35241036165117595,1.1259965882127234,0.806851779324841,0.34899020620033816
60,adaptive_TOT,BRL,TOT_DEV_L,2017-01,2021-08,2022-01,2026-08,56,56,0.37238418505571685,1.1898155318490575,0.8525823159593622,0.2731033945133703
60,adaptive_TOT,BRL,TOT_DEV_D,2017-01,2021-08,2022-01,2026-08,56,56,0.43181412827870047,1.3797018705855795,0.9886485633022873,0.022574018280323127
60,adaptive_TOT,BRL,TOT_DEV_LD,2017-01,2021-08,2022-01,2026-08,56,56,0.3593872740385312,1.1482887237436223,0.8228255836918735,0.3229580588221276
60,adaptive_TOT,BRL,TOT_SLOG_L,2017-01,2021-08,2022-01,2026-08,56,56,0.37059365987437654,1.1840945728061625,0.8484828666079826,0.2800768250727005
60,adaptive_TOT,BRL,TOT_SLOG_D,2017-01,2021-08,2022-01,2026-08,56,56,0.4322644060838009,1.381140566286567,0.9896794848862429,0.020534517195300972
60,adaptive_TOT,BRL,TOT_SLOG_LD,2017-01,2021-08,2022-01,2026-08,56,56,0.35783625180780265,1.1433330075386285,0.8192744819570319,0.3287893232140371
60,adaptive_TOT,BRL,COM_LOG_L,2017-01,2021-08,2022-01,2026-08,56,56,0.41891101908755196,1.3384747714205711,0.9591065925131144,0.08011454419788278
60,adaptive_TOT,BRL,COM_LOG_D,2017-01,2021-08,2022-01,2026-08,56,56,0.4499558212121626,1.4376669209086483,1.0301843942998377,-0.06127988625892322
60,adaptive_TOT,BRL,COM_LOG_LD,2017-01,2021-08,2022-01,2026-08,56,56,0.42304907529632046,1.351696395072823,0.9685807691501109,0.06185129363257946
60,adaptive_TOT,BRL,COM_DEV_L,2017-01,2021-08,2022-01,2026-08,56,56,0.4186753392445278,1.33772174390483,0.9585669979909669,0.08114931036258577
60,adaptive_TOT,BRL,COM_DEV_D,2017-01,2021-08,2022-01,2026-08,56,56,0.44995127877079905,1.4376524072222356,1.0301739942739148,-0.061258458478271605
60,adaptive_TOT,BRL,COM_DEV_LD,2017-01,2021-08,2022-01,2026-08,56,56,0.4228475370135408,1.351052454248436,0.9681193425300167,0.06274493861924801
60,adaptive_TOT,BRL,COM_SLOG_L,2017-01,2021-08,2022-01,2026-08,56,56,0.41903398209232506,1.3388676540906557,0.9593881191933388,0.079574436750668
60,adaptive_TOT,BRL,COM_SLOG_D,2017-01,2021-08,2022-01,2026-08,56,56,0.450033319581242,1.4379145381999405,1.0303618286314886,-0.061645497900825186
60,adaptive_TOT,BRL,COM_SLOG_LD,2017-01,2021-08,2022-01,2026-08,56,56,0.4234400037241633,1.3529454618537313,0.9694758089443889,0.06011665587162285
60,adaptive_TOT,BRL,JOINT_LOG_LOG,2017-01,2021-08,2022-01,2026-08,56,56,0.359115730440751,1.1474211069027924,0.8222038782629904,0.32398078256929774
60,adaptive_TOT,BRL,JOINT_LOG_DEV,2017-01,2021-08,2022-01,2026-08,56,56,0.35884887356979694,1.1465684647590497,0.821592903204977,0.32498510140321724
60,adaptive_TOT,BRL,JOINT_LOG_SLOG,2017-01,2021-08,2022-01,2026-08,56,56,0.3588624027617624,1.1466116922734821,0.821623878606946,0.3249342021028785
60,adaptive_TOT,BRL,JOINT_DEV_LOG,2017-01,2021-08,2022-01,2026-08,56,56,0.3679179883496671,1.1755454569575687,0.8423568539661139,0.2904349305763111
60,adaptive_TOT,BRL,JOINT_DEV_DEV,2017-01,2021-08,2022-01,2026-08,56,56,0.36758651929789443,1.1744863705571422,0.8415979478063721,0.291712894248103
60,adaptive_TOT,BRL,JOINT_DEV_SLOG,2017-01,2021-08,2022-01,2026-08,56,56,0.36766711608419544,1.1747438876913452,0.8417824760368423,0.291402263037283
60,adaptive_TOT,BRL,JOINT_SLOG_LOG,2017-01,2021-08,2022-01,2026-08,56,56,0.3657507020898045,1.168620697643309,0.8373948012986406,0.29876994675801016
60,adaptive_TOT,BRL,JOINT_SLOG_DEV,2017-01,2021-08,2022-01,2026-08,56,56,0.36543779463156545,1.1676209179298163,0.836678392342158,0.2999692677877419
60,adaptive_TOT,BRL,JOINT_SLOG_SLOG,2017-01,2021-08,2022-01,2026-08,56,56,0.3654951744646591,1.1678042539020985,0.8368097648143296,0.2997494175113864
60,adaptive_TOT,BRL,ADAPTIVE_TOT,2017-01,2021-08,2022-01,2026-08,56,56,0.3745542477685698,1.1967491622889557,0.8575507253810041,0.2646067533985138
60,adaptive_TOT,EUR,EJR,2017-01,2021-08,2022-01,2026-08,56,56,0.1541613238187288,2.077815475297184,1.0,0.0
60,adaptive_TOT,EUR,TOT_LOG_L,2017-01,2021-08,2022-01,2026-08,56,56,0.11886726571852968,1.602115485896066,0.7710576347819913,0.4054701238444013
60,adaptive_TOT,EUR,TOT_LOG_D,2017-01,2021-08,2022-01,2026-08,56,56,0.16891902331525913,2.276722539884488,1.095728935967644,-0.20062190111678535
60,adaptive_TOT,EUR,TOT_LOG_LD,2017-01,2021-08,2022-01,2026-08,56,56,0.13297963914155633,1.7923247236295,0.8626005268216365,0.25592033112703527
60,adaptive_TOT,EUR,TOT_DEV_L,2017-01,2021-08,2022-01,2026-08,56,56,0.12019234720146994,1.6199751847043122,0.7796530558001603,0.3921411125814721
60,adaptive_TOT,EUR,TOT_DEV_D,2017-01,2021-08,2022-01,2026-08,56,56,0.16864869985702652,2.273079069194577,1.0939754257386423,-0.19678223212004364
60,adaptive_TOT,EUR,TOT_DEV_LD,2017-01,2021-08,2022-01,2026-08,56,56,0.1339877877715726,1.8059127415120564,0.8691400959239471,0.24459549365731204
60,adaptive_TOT,EUR,TOT_SLOG_L,2017-01,2021-08,2022-01,2026-08,56,56,0.1190931203786576,1.6051595977157957,0.7725226887561871,0.4032086953569112
60,adaptive_TOT,EUR,TOT_SLOG_D,2017-01,2021-08,2022-01,2026-08,56,56,0.16891437167526716,2.276659844201023,1.095698762121982,-0.2005557773156439
60,adaptive_TOT,EUR,TOT_SLOG_LD,2017-01,2021-08,2022-01,2026-08,56,56,0.13315172171388595,1.7946440850812466,0.8637167767867181,0.2539933294971626
60,adaptive_TOT,EUR,COM_LOG_L,2017-01,2021-08,2022-01,2026-08,56,56,0.14505401868163728,1.9550654944112305,0.9409235409278116,0.11466289012786879
60,adaptive_TOT,EUR,COM_LOG_D,2017-01,2021-08,2022-01,2026-08,56,56,0.15563832675831266,2.0977228002273685,1.0095808916464717,-0.01925357677768491
60,adaptive_TOT,EUR,COM_LOG_LD,2017-01,2021-08,2022-01,2026-08,56,56,0.13901452789509325,1.8736640954847936,0.9017471078449874,0.18685215349320072
60,adaptive_TOT,EUR,COM_DEV_L,2017-01,2021-08,2022-01,2026-08,56,56,0.1445762068156233,1.9486254557238885,0.9378241133011015,0.12048593251100281
60,adaptive_TOT,EUR,COM_DEV_D,2017-01,2021-08,2022-01,2026-08,56,56,0.15557830989771576,2.0969138816306807,1.009191579599129,-0.01846764433378545
60,adaptive_TOT,EUR,COM_DEV_LD,2017-01,2021-08,2022-01,2026-08,56,56,0.13848215757553128,1.8664887076431877,0.8982937752815751,0.19306829329037523
60,adaptive_TOT,EUR,COM_SLOG_L,2017-01,2021-08,2022-01,2026-08,56,56,0.1448465893068679,1.9522697220718994,0.9395780064602087,0.11719316977625993
60,adaptive_TOT,EUR,COM_SLOG_D,2017-01,2021-08,2022-01,2026-08,56,56,0.15566231041627454,2.098046056504838,1.0097364667113957,-0.019567732206813737
60,adaptive_TOT,EUR,COM_SLOG_LD,2017-01,2021-08,2022-01,2026-08,56,56,0.13889653327180543,1.872073741638601,0.9009817107897146,0.1882319568224391
60,adaptive_TOT,EUR,JOINT_LOG_LOG,2017-01,2021-08,2022-01,2026-08,56,56,0.14880975548746928,2.0056860253135014,0.9652859212758697,0.06822309018659556
60,adaptive_TOT,EUR,JOINT_LOG_DEV,2017-01,2021-08,2022-01,2026-08,56,56,0.14843859959132077,2.0006835159573155,0.9628783401332418,0.07286530210225306
60,adaptive_TOT,EUR,JOINT_LOG_SLOG,2017-01,2021-08,2022-01,2026-08,56,56,0.14908133151787456,2.009346378408026,0.9670475565789279,0.06481902331472511
60,adaptive_TOT,EUR,JOINT_DEV_LOG,2017-01,2021-08,2022-01,2026-08,56,56,0.14864419846176857,2.0034546164132405,0.9642120006477919,0.0702952178067825
60,adaptive_TOT,EUR,JOINT_DEV_DEV,2017-01,2021-08,2022-01,2026-08,56,56,0.14826086444357436,1.998287968025164,0.9617254235433752,0.0750842097103156
60,adaptive_TOT,EUR,JOINT_DEV_SLOG,2017-01,2021-08,2022-01,2026-08,56,56,0.14887468662481465,2.0065611794615257,0.9657071108176883,0.06740977611615306
60,adaptive_TOT,EUR,JOINT_SLOG_LOG,2017-01,2021-08,2022-01,2026-08,56,56,0.1479242027025099,1.993750377414261,0.9595415960260381,0.07927992549580354
60,adaptive_TOT,EUR,JOINT_SLOG_DEV,2017-01,2021-08,2022-01,2026-08,56,56,0.1475531533836249,1.9887493045265874,0.9571347062193489,0.08389315415040066
60,adaptive_TOT,EUR,JOINT_SLOG_SLOG,2017-01,2021-08,2022-01,2026-08,56,56,0.14816387501690279,1.9969807261911787,0.961096281134183,0.0762939383900435
60,adaptive_TOT,EUR,ADAPTIVE_TOT,2017-01,2021-08,2022-01,2026-08,56,56,0.13895145631329459,1.8728140047780817,0.9013379807031316,0.18758984454200112
60,adaptive_TOT,CAD,EJR,2017-01,2021-08,2022-01,2026-08,56,56,0.1473446713486684,2.3809048325248945,1.0,0.0
60,adaptive_TOT,CAD,TOT_LOG_L,2017-01,2021-08,2022-01,2026-08,56,56,0.11682872652277615,1.8878054904176949,0.7928941403406372,0.37131888221348197
60,adaptive_TOT,CAD,TOT_LOG_D,2017-01,2021-08,2022-01,2026-08,56,56,0.1466215983371586,2.3692208807971915,0.9950926422727648,0.009790633294607276
60,adaptive_TOT,CAD,TOT_LOG_LD,2017-01,2021-08,2022-01,2026-08,56,56,0.11587410427433202,1.8723799938337158,0.7864153023907722,0.3815509721656303
60,adaptive_TOT,CAD,TOT_DEV_L,2017-01,2021-08,2022-01,2026-08,56,56,0.1202290277054919,1.9427500869468126,0.8159713317422147,0.33419078577483663
60,adaptive_TOT,CAD,TOT_DEV_D,2017-01,2021-08,2022-01,2026-08,56,56,0.14596227904788905,2.3585671091498677,0.9906179688201404,0.018676039850659243
60,adaptive_TOT,CAD,TOT_DEV_LD,2017-01,2021-08,2022-01,2026-08,56,56,0.11834486778502201,1.9123044290289837,0.8031839000473737,0.35489562270469044
60,adaptive_TOT,CAD,TOT_SLOG_L,2017-01,2021-08,2022-01,2026-08,56,56,0.12004471584033873,1.9397718386910854,0.8147204424941262,0.33623060058217524
60,adaptive_TOT,CAD,TOT_SLOG_D,2017-01,2021-08,2022-01,2026-08,56,56,0.14593301200386755,2.3580941904762116,0.9904193390105003,0.019069532914003706
60,adaptive_TOT,CAD,TOT_SLOG_LD,2017-01,2021-08,2022-01,2026-08,56,56,0.11793070294741592,1.9056120454205885,0.8003730427980741,0.35940299236215234
60,adaptive_TOT,CAD,COM_LOG_L,2017-01,2021-08,2022-01,2026-08,56,56,0.1535489903213585,2.4811588348542237,1.0421075218798277,-0.08598808715851569
60,adaptive_TOT,CAD,COM_LOG_D,2017-01,2021-08,2022-01,2026-08,56,56,0.14981423784648554,2.420809925495517,1.0167604737600133,-0.03380186100068672
60,adaptive_TOT,CAD,COM_LOG_LD,2017-01,2021-08,2022-01,2026-08,56,56,0.16149903979479918,2.6096216495381426,1.0960629815559237,-0.20135405953726115
60,adaptive_TOT,CAD,COM_DEV_L,2017-01,2021-08,2022-01,2026-08,56,56,0.1539618125726764,2.487829523954414,1.0449092672537141,-0.0918353767926936
60,adaptive_TOT,CAD,COM_DEV_D,2017-01,2021-08,2022-01,2026-08,56,56,0.1498088257839242,2.4207224733617663,1.016723743130315,-0.03372716984491886
60,adaptive_TOT,CAD,COM_DEV_LD,2017-01,2021-08,2022-01,2026-08,56,56,0.16201980824623455,2.618036613657985,1.099597337068537,-0.2091143036882177
60,adaptive_TOT,CAD,COM_SLOG_L,2017-01,2021-08,2022-01,2026-08,56,56,0.1538522551153758,2.4860592130423287,1.0441657218217835,-0.09028205462760619
60,adaptive_TOT,CAD,COM_SLOG_D,2017-01,2021-08,2022-01,2026-08,56,56,0.14961650795890383,2.417614858849612,1.0154185189694407,-0.031074768666092156
60,adaptive_TOT,CAD,COM_SLOG_LD,2017-01,2021-08,2022-01,2026-08,56,56,0.16159802572053697,2.611221137777411,1.09673478003246,-0.20282717773284853
60,adaptive_TOT,CAD,JOINT_LOG_LOG,2017-01,2021-08,2022-01,2026-08,56,56,0.09827721359324289,1.5880363411143328,0.6669885832564997,0.5551262298054874
60,adaptive_TOT,CAD,JOINT_LOG_DEV,2017-01,2021-08,2022-01,2026-08,56,56,0.09903044579246252,1.6002076274372132,0.6721006256013308,0.5482807490662998
60,adaptive_TOT,CAD,JOINT_LOG_SLOG,2017-01,2021-08,2022-01,2026-08,56,56,0.09845208566333792,1.5908620541377623,0.6681754064276018,0.5535416262453092
60,adaptive_TOT,CAD,JOINT_DEV_LOG,2017-01,2021-08,2022-01,2026-08,56,56,0.10156005468381457,1.6410829300775518,0.6892685955604624,0.5249088031741078
60,adaptive_TOT,CAD,JOINT_DEV_DEV,2017-01,2021-08,2022-01,2026-08,56,56,0.10221604577294323,1.651682922190628,0.6937206811576154,0.5187516165342141
60,adaptive_TOT,CAD,JOINT_DEV_SLOG,2017-01,2021-08,2022-01,2026-08,56,56,0.10164179864828723,1.6424038098776916,0.689823376155678,0.5241437097091819
60,adaptive_TOT,CAD,JOINT_SLOG_LOG,2017-01,2021-08,2022-01,2026-08,56,56,0.10084359029140298,1.6295057653344294,0.6844060892624492,0.5315883049804805
60,adaptive_TOT,CAD,JOINT_SLOG_DEV,2017-01,2021-08,2022-01,2026-08,56,56,0.10151438553773737,1.6403449740347764,0.6889586478327354,0.5253359815764889
60,adaptive_TOT,CAD,JOINT_SLOG_SLOG,2017-01,2021-08,2022-01,2026-08,56,56,0.10093706002125585,1.6310161187762235,0.6850404503764095,0.5307195813480861
60,adaptive_TOT,CAD,ADAPTIVE_TOT,2017-01,2021-08,2022-01,2026-08,56,56,0.11997028058467157,1.9385690584459228,0.8142152647025859,0.337053502725298
60,adaptive_COM,POOL,EJR,2017-01,2021-08,2022-01,2026-08,56,168,0.2806219581403325,1.4839012129159337,1.0,0.0
60,adaptive_COM,POOL,TOT_LOG_L,2017-01,2021-08,2022-01,2026-08,56,168,0.23191724967332958,1.2263555224508969,0.8264401375082457,0.3169966991153519
60,adaptive_COM,POOL,TOT_LOG_D,2017-01,2021-08,2022-01,2026-08,56,168,0.2811367662569259,1.4866234674169514,1.0018345254234737,-0.0036724163304768798
60,adaptive_COM,POOL,TOT_LOG_LD,2017-01,2021-08,2022-01,2026-08,56,168,0.2275254238297411,1.2031319809311793,0.8107898089570059,0.34261988569146185
60,adaptive_COM,POOL,TOT_DEV_L,2017-01,2021-08,2022-01,2026-08,56,168,0.23634099708430967,1.2497478620678286,0.8422042189803303,0.2906920535317319
60,adaptive_COM,POOL,TOT_DEV_D,2017-01,2021-08,2022-01,2026-08,56,168,0.2806010288941776,1.483790541128307,0.9999254183589424,0.00014915771969403746
60,adaptive_COM,POOL,TOT_DEV_LD,2017-01,2021-08,2022-01,2026-08,56,168,0.23174515294738504,1.2254454919527122,0.825826868585582,0.318009983122132
60,adaptive_COM,POOL,TOT_SLOG_L,2017-01,2021-08,2022-01,2026-08,56,168,0.23518330855015923,1.2436261193810156,0.8380787808220964,0.2976239571357485
60,adaptive_COM,POOL,TOT_SLOG_D,2017-01,2021-08,2022-01,2026-08,56,168,0.28088017950599053,1.4852666620070885,1.000920175197156,-0.0018411971167051622
60,adaptive_COM,POOL,TOT_SLOG_LD,2017-01,2021-08,2022-01,2026-08,56,168,0.23071180781868747,1.2199812649193158,0.8221445297709521,0.3240783721677001
60,adaptive_COM,POOL,COM_LOG_L,2017-01,2021-08,2022-01,2026-08,56,168,0.2708655279392173,1.4323101731230867,0.9652328340028322,0.06832557616286095
60,adaptive_COM,POOL,COM_LOG_D,2017-01,2021-08,2022-01,2026-08,56,168,0.28817115033741225,1.5238205960319908,1.0269016446435906,-0.054526987771710944
60,adaptive_COM,POOL,COM_LOG_LD,2017-01,2021-08,2022-01,2026-08,56,168,0.2734821742695549,1.4461467406144242,0.97455728725545,0.05023809385729838
60,adaptive_COM,POOL,COM_DEV_L,2017-01,2021-08,2022-01,2026-08,56,168,0.2707369935314704,1.4316304958632564,0.9647747999680094,0.06920958534668753
60,adaptive_COM,POOL,COM_DEV_D,2017-01,2021-08,2022-01,2026-08,56,168,0.28815704518015006,1.523746009352786,1.0268513807321147,-0.05442375811145017
60,adaptive_COM,POOL,COM_DEV_LD,2017-01,2021-08,2022-01,2026-08,56,168,0.2733909080354469,1.4456641337778509,0.9742320588424177,0.05087189552366389
60,adaptive_COM,POOL,COM_SLOG_L,2017-01,2021-08,2022-01,2026-08,56,168,0.27094927507196503,1.4327530196939189,0.9655312680003095,0.06774937051371444
60,adaptive_COM,POOL,COM_SLOG_D,2017-01,2021-08,2022-01,2026-08,56,168,0.2881815649153971,1.5238756672922948,1.0269387571277804,-0.05460321089115028
60,adaptive_COM,POOL,COM_SLOG_LD,2017-01,2021-08,2022-01,2026-08,56,168,0.2736832753540855,1.4472101432976328,0.9752739135874137,0.048840793475889877
60,adaptive_COM,POOL,JOINT_LOG_LOG,2017-01,2021-08,2022-01,2026-08,56,168,0.23149288102076804,1.224111502907905,0.8249278942918781,0.31949396921916795
60,adaptive_COM,POOL,JOINT_LOG_DEV,2017-01,2021-08,2022-01,2026-08,56,168,0.23138248356692748,1.2235277320699331,0.8245344915283447,0.3201428722800941
60,adaptive_COM,POOL,JOINT_LOG_SLOG,2017-01,2021-08,2022-01,2026-08,56,168,0.23144493995660467,1.223857995293134,0.8247570556858008,0.3197757990964888
60,adaptive_COM,POOL,JOINT_DEV_LOG,2017-01,2021-08,2022-01,2026-08,56,168,0.23648339518522002,1.2505008491685463,0.8427116564661707,0.2898370640560427
60,adaptive_COM,POOL,JOINT_DEV_DEV,2017-01,2021-08,2022-01,2026-08,56,168,0.236325519223347,1.2496660166669624,0.8421490634213524,0.29078495497853885
60,adaptive_COM,POOL,JOINT_DEV_SLOG,2017-01,2021-08,2022-01,2026-08,56,168,0.2364133638352994,1.250130530303344,0.8424620988393025,0.29025761201927736
60,adaptive_COM,POOL,JOINT_SLOG_LOG,2017-01,2021-08,2022-01,2026-08,56,168,0.23510605800164494,1.2432176261062968,0.8378034974870849,0.298085299598408
60,adaptive_COM,POOL,JOINT_SLOG_DEV,2017-01,2021-08,2022-01,2026-08,56,168,0.2349623269730264,1.2424575906154391,0.8372913100960091,0.2989432620377087
60,adaptive_COM,POOL,JOINT_SLOG_SLOG,2017-01,2021-08,2022-01,2026-08,56,168,0.2350372640687079,1.2428538505799518,0.8375583494117422,0.29849601133067794
60,adaptive_COM,POOL,ADAPTIVE_COM,2017-01,2021-08,2022-01,2026-08,56,168,0.27423281550988454,1.4501160573933802,0.9772322070846184,0.045017213436525316
60,adaptive_COM,BRL,EJR,2017-01,2021-08,2022-01,2026-08,56,56,0.43677211934274546,1.3955432919227582,1.0,0.0
60,adaptive_COM,BRL,TOT_LOG_L,2017-01,2021-08,2022-01,2026-08,56,56,0.36548386269135236,1.1677681113264649,0.8367838662443298,0.29979276119319165
60,adaptive_COM,BRL,TOT_LOG_D,2017-01,2021-08,2022-01,2026-08,56,56,0.43252990010805037,1.3819888539591971,0.9902873396747971,0.019330984879812996
60,adaptive_COM,BRL,TOT_LOG_LD,2017-01,2021-08,2022-01,2026-08,56,56,0.35241036165117595,1.1259965882127234,0.806851779324841,0.34899020620033816
60,adaptive_COM,BRL,TOT_DEV_L,2017-01,2021-08,2022-01,2026-08,56,56,0.37238418505571685,1.1898155318490575,0.8525823159593622,0.2731033945133703
60,adaptive_COM,BRL,TOT_DEV_D,2017-01,2021-08,2022-01,2026-08,56,56,0.43181412827870047,1.3797018705855795,0.9886485633022873,0.022574018280323127
60,adaptive_COM,BRL,TOT_DEV_LD,2017-01,2021-08,2022-01,2026-08,56,56,0.3593872740385312,1.1482887237436223,0.8228255836918735,0.3229580588221276
60,adaptive_COM,BRL,TOT_SLOG_L,2017-01,2021-08,2022-01,2026-08,56,56,0.37059365987437654,1.1840945728061625,0.8484828666079826,0.2800768250727005
60,adaptive_COM,BRL,TOT_SLOG_D,2017-01,2021-08,2022-01,2026-08,56,56,0.4322644060838009,1.381140566286567,0.9896794848862429,0.020534517195300972
60,adaptive_COM,BRL,TOT_SLOG_LD,2017-01,2021-08,2022-01,2026-08,56,56,0.35783625180780265,1.1433330075386285,0.8192744819570319,0.3287893232140371
60,adaptive_COM,BRL,COM_LOG_L,2017-01,2021-08,2022-01,2026-08,56,56,0.41891101908755196,1.3384747714205711,0.9591065925131144,0.08011454419788278
60,adaptive_COM,BRL,COM_LOG_D,2017-01,2021-08,2022-01,2026-08,56,56,0.4499558212121626,1.4376669209086483,1.0301843942998377,-0.06127988625892322
60,adaptive_COM,BRL,COM_LOG_LD,2017-01,2021-08,2022-01,2026-08,56,56,0.42304907529632046,1.351696395072823,0.9685807691501109,0.06185129363257946
60,adaptive_COM,BRL,COM_DEV_L,2017-01,2021-08,2022-01,2026-08,56,56,0.4186753392445278,1.33772174390483,0.9585669979909669,0.08114931036258577
60,adaptive_COM,BRL,COM_DEV_D,2017-01,2021-08,2022-01,2026-08,56,56,0.44995127877079905,1.4376524072222356,1.0301739942739148,-0.061258458478271605
60,adaptive_COM,BRL,COM_DEV_LD,2017-01,2021-08,2022-01,2026-08,56,56,0.4228475370135408,1.351052454248436,0.9681193425300167,0.06274493861924801
60,adaptive_COM,BRL,COM_SLOG_L,2017-01,2021-08,2022-01,2026-08,56,56,0.41903398209232506,1.3388676540906557,0.9593881191933388,0.079574436750668
60,adaptive_COM,BRL,COM_SLOG_D,2017-01,2021-08,2022-01,2026-08,56,56,0.450033319581242,1.4379145381999405,1.0303618286314886,-0.061645497900825186
60,adaptive_COM,BRL,COM_SLOG_LD,2017-01,2021-08,2022-01,2026-08,56,56,0.4234400037241633,1.3529454618537313,0.9694758089443889,0.06011665587162285
60,adaptive_COM,BRL,JOINT_LOG_LOG,2017-01,2021-08,2022-01,2026-08,56,56,0.359115730440751,1.1474211069027924,0.8222038782629904,0.32398078256929774
60,adaptive_COM,BRL,JOINT_LOG_DEV,2017-01,2021-08,2022-01,2026-08,56,56,0.35884887356979694,1.1465684647590497,0.821592903204977,0.32498510140321724
60,adaptive_COM,BRL,JOINT_LOG_SLOG,2017-01,2021-08,2022-01,2026-08,56,56,0.3588624027617624,1.1466116922734821,0.821623878606946,0.3249342021028785
60,adaptive_COM,BRL,JOINT_DEV_LOG,2017-01,2021-08,2022-01,2026-08,56,56,0.3679179883496671,1.1755454569575687,0.8423568539661139,0.2904349305763111
60,adaptive_COM,BRL,JOINT_DEV_DEV,2017-01,2021-08,2022-01,2026-08,56,56,0.36758651929789443,1.1744863705571422,0.8415979478063721,0.291712894248103
60,adaptive_COM,BRL,JOINT_DEV_SLOG,2017-01,2021-08,2022-01,2026-08,56,56,0.36766711608419544,1.1747438876913452,0.8417824760368423,0.291402263037283
60,adaptive_COM,BRL,JOINT_SLOG_LOG,2017-01,2021-08,2022-01,2026-08,56,56,0.3657507020898045,1.168620697643309,0.8373948012986406,0.29876994675801016
60,adaptive_COM,BRL,JOINT_SLOG_DEV,2017-01,2021-08,2022-01,2026-08,56,56,0.36543779463156545,1.1676209179298163,0.836678392342158,0.2999692677877419
60,adaptive_COM,BRL,JOINT_SLOG_SLOG,2017-01,2021-08,2022-01,2026-08,56,56,0.3654951744646591,1.1678042539020985,0.8368097648143296,0.2997494175113864
60,adaptive_COM,BRL,ADAPTIVE_COM,2017-01,2021-08,2022-01,2026-08,56,56,0.4244681385904487,1.3562304854445129,0.971829747808052,0.0555469412753381
60,adaptive_COM,EUR,EJR,2017-01,2021-08,2022-01,2026-08,56,56,0.1541613238187288,2.077815475297184,1.0,0.0
60,adaptive_COM,EUR,TOT_LOG_L,2017-01,2021-08,2022-01,2026-08,56,56,0.11886726571852968,1.602115485896066,0.7710576347819913,0.4054701238444013
60,adaptive_COM,EUR,TOT_LOG_D,2017-01,2021-08,2022-01,2026-08,56,56,0.16891902331525913,2.276722539884488,1.095728935967644,-0.20062190111678535
60,adaptive_COM,EUR,TOT_LOG_LD,2017-01,2021-08,2022-01,2026-08,56,56,0.13297963914155633,1.7923247236295,0.8626005268216365,0.25592033112703527
60,adaptive_COM,EUR,TOT_DEV_L,2017-01,2021-08,2022-01,2026-08,56,56,0.12019234720146994,1.6199751847043122,0.7796530558001603,0.3921411125814721
60,adaptive_COM,EUR,TOT_DEV_D,2017-01,2021-08,2022-01,2026-08,56,56,0.16864869985702652,2.273079069194577,1.0939754257386423,-0.19678223212004364
60,adaptive_COM,EUR,TOT_DEV_LD,2017-01,2021-08,2022-01,2026-08,56,56,0.1339877877715726,1.8059127415120564,0.8691400959239471,0.24459549365731204
60,adaptive_COM,EUR,TOT_SLOG_L,2017-01,2021-08,2022-01,2026-08,56,56,0.1190931203786576,1.6051595977157957,0.7725226887561871,0.4032086953569112
60,adaptive_COM,EUR,TOT_SLOG_D,2017-01,2021-08,2022-01,2026-08,56,56,0.16891437167526716,2.276659844201023,1.095698762121982,-0.2005557773156439
60,adaptive_COM,EUR,TOT_SLOG_LD,2017-01,2021-08,2022-01,2026-08,56,56,0.13315172171388595,1.7946440850812466,0.8637167767867181,0.2539933294971626
60,adaptive_COM,EUR,COM_LOG_L,2017-01,2021-08,2022-01,2026-08,56,56,0.14505401868163728,1.9550654944112305,0.9409235409278116,0.11466289012786879
60,adaptive_COM,EUR,COM_LOG_D,2017-01,2021-08,2022-01,2026-08,56,56,0.15563832675831266,2.0977228002273685,1.0095808916464717,-0.01925357677768491
60,adaptive_COM,EUR,COM_LOG_LD,2017-01,2021-08,2022-01,2026-08,56,56,0.13901452789509325,1.8736640954847936,0.9017471078449874,0.18685215349320072
60,adaptive_COM,EUR,COM_DEV_L,2017-01,2021-08,2022-01,2026-08,56,56,0.1445762068156233,1.9486254557238885,0.9378241133011015,0.12048593251100281
60,adaptive_COM,EUR,COM_DEV_D,2017-01,2021-08,2022-01,2026-08,56,56,0.15557830989771576,2.0969138816306807,1.009191579599129,-0.01846764433378545
60,adaptive_COM,EUR,COM_DEV_LD,2017-01,2021-08,2022-01,2026-08,56,56,0.13848215757553128,1.8664887076431877,0.8982937752815751,0.19306829329037523
60,adaptive_COM,EUR,COM_SLOG_L,2017-01,2021-08,2022-01,2026-08,56,56,0.1448465893068679,1.9522697220718994,0.9395780064602087,0.11719316977625993
60,adaptive_COM,EUR,COM_SLOG_D,2017-01,2021-08,2022-01,2026-08,56,56,0.15566231041627454,2.098046056504838,1.0097364667113957,-0.019567732206813737
60,adaptive_COM,EUR,COM_SLOG_LD,2017-01,2021-08,2022-01,2026-08,56,56,0.13889653327180543,1.872073741638601,0.9009817107897146,0.1882319568224391
60,adaptive_COM,EUR,JOINT_LOG_LOG,2017-01,2021-08,2022-01,2026-08,56,56,0.14880975548746928,2.0056860253135014,0.9652859212758697,0.06822309018659556
60,adaptive_COM,EUR,JOINT_LOG_DEV,2017-01,2021-08,2022-01,2026-08,56,56,0.14843859959132077,2.0006835159573155,0.9628783401332418,0.07286530210225306
60,adaptive_COM,EUR,JOINT_LOG_SLOG,2017-01,2021-08,2022-01,2026-08,56,56,0.14908133151787456,2.009346378408026,0.9670475565789279,0.06481902331472511
60,adaptive_COM,EUR,JOINT_DEV_LOG,2017-01,2021-08,2022-01,2026-08,56,56,0.14864419846176857,2.0034546164132405,0.9642120006477919,0.0702952178067825
60,adaptive_COM,EUR,JOINT_DEV_DEV,2017-01,2021-08,2022-01,2026-08,56,56,0.14826086444357436,1.998287968025164,0.9617254235433752,0.0750842097103156
60,adaptive_COM,EUR,JOINT_DEV_SLOG,2017-01,2021-08,2022-01,2026-08,56,56,0.14887468662481465,2.0065611794615257,0.9657071108176883,0.06740977611615306
60,adaptive_COM,EUR,JOINT_SLOG_LOG,2017-01,2021-08,2022-01,2026-08,56,56,0.1479242027025099,1.993750377414261,0.9595415960260381,0.07927992549580354
60,adaptive_COM,EUR,JOINT_SLOG_DEV,2017-01,2021-08,2022-01,2026-08,56,56,0.1475531533836249,1.9887493045265874,0.9571347062193489,0.08389315415040066
60,adaptive_COM,EUR,JOINT_SLOG_SLOG,2017-01,2021-08,2022-01,2026-08,56,56,0.14816387501690279,1.9969807261911787,0.961096281134183,0.0762939383900435
60,adaptive_COM,EUR,ADAPTIVE_COM,2017-01,2021-08,2022-01,2026-08,56,56,0.14026117408562958,1.8904666285894167,0.909833741766231,0.17220256234365938
60,adaptive_COM,CAD,EJR,2017-01,2021-08,2022-01,2026-08,56,56,0.1473446713486684,2.3809048325248945,1.0,0.0
60,adaptive_COM,CAD,TOT_LOG_L,2017-01,2021-08,2022-01,2026-08,56,56,0.11682872652277615,1.8878054904176949,0.7928941403406372,0.37131888221348197
60,adaptive_COM,CAD,TOT_LOG_D,2017-01,2021-08,2022-01,2026-08,56,56,0.1466215983371586,2.3692208807971915,0.9950926422727648,0.009790633294607276
60,adaptive_COM,CAD,TOT_LOG_LD,2017-01,2021-08,2022-01,2026-08,56,56,0.11587410427433202,1.8723799938337158,0.7864153023907722,0.3815509721656303
60,adaptive_COM,CAD,TOT_DEV_L,2017-01,2021-08,2022-01,2026-08,56,56,0.1202290277054919,1.9427500869468126,0.8159713317422147,0.33419078577483663
60,adaptive_COM,CAD,TOT_DEV_D,2017-01,2021-08,2022-01,2026-08,56,56,0.14596227904788905,2.3585671091498677,0.9906179688201404,0.018676039850659243
60,adaptive_COM,CAD,TOT_DEV_LD,2017-01,2021-08,2022-01,2026-08,56,56,0.11834486778502201,1.9123044290289837,0.8031839000473737,0.35489562270469044
60,adaptive_COM,CAD,TOT_SLOG_L,2017-01,2021-08,2022-01,2026-08,56,56,0.12004471584033873,1.9397718386910854,0.8147204424941262,0.33623060058217524
60,adaptive_COM,CAD,TOT_SLOG_D,2017-01,2021-08,2022-01,2026-08,56,56,0.14593301200386755,2.3580941904762116,0.9904193390105003,0.019069532914003706
60,adaptive_COM,CAD,TOT_SLOG_LD,2017-01,2021-08,2022-01,2026-08,56,56,0.11793070294741592,1.9056120454205885,0.8003730427980741,0.35940299236215234
60,adaptive_COM,CAD,COM_LOG_L,2017-01,2021-08,2022-01,2026-08,56,56,0.1535489903213585,2.4811588348542237,1.0421075218798277,-0.08598808715851569
60,adaptive_COM,CAD,COM_LOG_D,2017-01,2021-08,2022-01,2026-08,56,56,0.14981423784648554,2.420809925495517,1.0167604737600133,-0.03380186100068672
60,adaptive_COM,CAD,COM_LOG_LD,2017-01,2021-08,2022-01,2026-08,56,56,0.16149903979479918,2.6096216495381426,1.0960629815559237,-0.20135405953726115
60,adaptive_COM,CAD,COM_DEV_L,2017-01,2021-08,2022-01,2026-08,56,56,0.1539618125726764,2.487829523954414,1.0449092672537141,-0.0918353767926936
60,adaptive_COM,CAD,COM_DEV_D,2017-01,2021-08,2022-01,2026-08,56,56,0.1498088257839242,2.4207224733617663,1.016723743130315,-0.03372716984491886
60,adaptive_COM,CAD,COM_DEV_LD,2017-01,2021-08,2022-01,2026-08,56,56,0.16201980824623455,2.618036613657985,1.099597337068537,-0.2091143036882177
60,adaptive_COM,CAD,COM_SLOG_L,2017-01,2021-08,2022-01,2026-08,56,56,0.1538522551153758,2.4860592130423287,1.0441657218217835,-0.09028205462760619
60,adaptive_COM,CAD,COM_SLOG_D,2017-01,2021-08,2022-01,2026-08,56,56,0.14961650795890383,2.417614858849612,1.0154185189694407,-0.031074768666092156
60,adaptive_COM,CAD,COM_SLOG_LD,2017-01,2021-08,2022-01,2026-08,56,56,0.16159802572053697,2.611221137777411,1.09673478003246,-0.20282717773284853
60,adaptive_COM,CAD,JOINT_LOG_LOG,2017-01,2021-08,2022-01,2026-08,56,56,0.09827721359324289,1.5880363411143328,0.6669885832564997,0.5551262298054874
60,adaptive_COM,CAD,JOINT_LOG_DEV,2017-01,2021-08,2022-01,2026-08,56,56,0.09903044579246252,1.6002076274372132,0.6721006256013308,0.5482807490662998
60,adaptive_COM,CAD,JOINT_LOG_SLOG,2017-01,2021-08,2022-01,2026-08,56,56,0.09845208566333792,1.5908620541377623,0.6681754064276018,0.5535416262453092
60,adaptive_COM,CAD,JOINT_DEV_LOG,2017-01,2021-08,2022-01,2026-08,56,56,0.10156005468381457,1.6410829300775518,0.6892685955604624,0.5249088031741078
60,adaptive_COM,CAD,JOINT_DEV_DEV,2017-01,2021-08,2022-01,2026-08,56,56,0.10221604577294323,1.651682922190628,0.6937206811576154,0.5187516165342141
60,adaptive_COM,CAD,JOINT_DEV_SLOG,2017-01,2021-08,2022-01,2026-08,56,56,0.10164179864828723,1.6424038098776916,0.689823376155678,0.5241437097091819
60,adaptive_COM,CAD,JOINT_SLOG_LOG,2017-01,2021-08,2022-01,2026-08,56,56,0.10084359029140298,1.6295057653344294,0.6844060892624492,0.5315883049804805
60,adaptive_COM,CAD,JOINT_SLOG_DEV,2017-01,2021-08,2022-01,2026-08,56,56,0.10151438553773737,1.6403449740347764,0.6889586478327354,0.5253359815764889
60,adaptive_COM,CAD,JOINT_SLOG_SLOG,2017-01,2021-08,2022-01,2026-08,56,56,0.10093706002125585,1.6310161187762235,0.6850404503764095,0.5307195813480861
60,adaptive_COM,CAD,ADAPTIVE_COM,2017-01,2021-08,2022-01,2026-08,56,56,0.1605132819212026,2.5936930403562624,1.0893728320949776,-0.18673316730663214
60,adaptive_JOINT,POOL,EJR,2017-01,2021-08,2022-01,2026-08,56,168,0.2806219581403325,1.4839012129159337,1.0,0.0
60,adaptive_JOINT,POOL,TOT_LOG_L,2017-01,2021-08,2022-01,2026-08,56,168,0.23191724967332958,1.2263555224508969,0.8264401375082457,0.3169966991153519
60,adaptive_JOINT,POOL,TOT_LOG_D,2017-01,2021-08,2022-01,2026-08,56,168,0.2811367662569259,1.4866234674169514,1.0018345254234737,-0.0036724163304768798
60,adaptive_JOINT,POOL,TOT_LOG_LD,2017-01,2021-08,2022-01,2026-08,56,168,0.2275254238297411,1.2031319809311793,0.8107898089570059,0.34261988569146185
60,adaptive_JOINT,POOL,TOT_DEV_L,2017-01,2021-08,2022-01,2026-08,56,168,0.23634099708430967,1.2497478620678286,0.8422042189803303,0.2906920535317319
60,adaptive_JOINT,POOL,TOT_DEV_D,2017-01,2021-08,2022-01,2026-08,56,168,0.2806010288941776,1.483790541128307,0.9999254183589424,0.00014915771969403746
60,adaptive_JOINT,POOL,TOT_DEV_LD,2017-01,2021-08,2022-01,2026-08,56,168,0.23174515294738504,1.2254454919527122,0.825826868585582,0.318009983122132
60,adaptive_JOINT,POOL,TOT_SLOG_L,2017-01,2021-08,2022-01,2026-08,56,168,0.23518330855015923,1.2436261193810156,0.8380787808220964,0.2976239571357485
60,adaptive_JOINT,POOL,TOT_SLOG_D,2017-01,2021-08,2022-01,2026-08,56,168,0.28088017950599053,1.4852666620070885,1.000920175197156,-0.0018411971167051622
60,adaptive_JOINT,POOL,TOT_SLOG_LD,2017-01,2021-08,2022-01,2026-08,56,168,0.23071180781868747,1.2199812649193158,0.8221445297709521,0.3240783721677001
60,adaptive_JOINT,POOL,COM_LOG_L,2017-01,2021-08,2022-01,2026-08,56,168,0.2708655279392173,1.4323101731230867,0.9652328340028322,0.06832557616286095
60,adaptive_JOINT,POOL,COM_LOG_D,2017-01,2021-08,2022-01,2026-08,56,168,0.28817115033741225,1.5238205960319908,1.0269016446435906,-0.054526987771710944
60,adaptive_JOINT,POOL,COM_LOG_LD,2017-01,2021-08,2022-01,2026-08,56,168,0.2734821742695549,1.4461467406144242,0.97455728725545,0.05023809385729838
60,adaptive_JOINT,POOL,COM_DEV_L,2017-01,2021-08,2022-01,2026-08,56,168,0.2707369935314704,1.4316304958632564,0.9647747999680094,0.06920958534668753
60,adaptive_JOINT,POOL,COM_DEV_D,2017-01,2021-08,2022-01,2026-08,56,168,0.28815704518015006,1.523746009352786,1.0268513807321147,-0.05442375811145017
60,adaptive_JOINT,POOL,COM_DEV_LD,2017-01,2021-08,2022-01,2026-08,56,168,0.2733909080354469,1.4456641337778509,0.9742320588424177,0.05087189552366389
60,adaptive_JOINT,POOL,COM_SLOG_L,2017-01,2021-08,2022-01,2026-08,56,168,0.27094927507196503,1.4327530196939189,0.9655312680003095,0.06774937051371444
60,adaptive_JOINT,POOL,COM_SLOG_D,2017-01,2021-08,2022-01,2026-08,56,168,0.2881815649153971,1.5238756672922948,1.0269387571277804,-0.05460321089115028
60,adaptive_JOINT,POOL,COM_SLOG_LD,2017-01,2021-08,2022-01,2026-08,56,168,0.2736832753540855,1.4472101432976328,0.9752739135874137,0.048840793475889877
60,adaptive_JOINT,POOL,JOINT_LOG_LOG,2017-01,2021-08,2022-01,2026-08,56,168,0.23149288102076804,1.224111502907905,0.8249278942918781,0.31949396921916795
60,adaptive_JOINT,POOL,JOINT_LOG_DEV,2017-01,2021-08,2022-01,2026-08,56,168,0.23138248356692748,1.2235277320699331,0.8245344915283447,0.3201428722800941
60,adaptive_JOINT,POOL,JOINT_LOG_SLOG,2017-01,2021-08,2022-01,2026-08,56,168,0.23144493995660467,1.223857995293134,0.8247570556858008,0.3197757990964888
60,adaptive_JOINT,POOL,JOINT_DEV_LOG,2017-01,2021-08,2022-01,2026-08,56,168,0.23648339518522002,1.2505008491685463,0.8427116564661707,0.2898370640560427
60,adaptive_JOINT,POOL,JOINT_DEV_DEV,2017-01,2021-08,2022-01,2026-08,56,168,0.236325519223347,1.2496660166669624,0.8421490634213524,0.29078495497853885
60,adaptive_JOINT,POOL,JOINT_DEV_SLOG,2017-01,2021-08,2022-01,2026-08,56,168,0.2364133638352994,1.250130530303344,0.8424620988393025,0.29025761201927736
60,adaptive_JOINT,POOL,JOINT_SLOG_LOG,2017-01,2021-08,2022-01,2026-08,56,168,0.23510605800164494,1.2432176261062968,0.8378034974870849,0.298085299598408
60,adaptive_JOINT,POOL,JOINT_SLOG_DEV,2017-01,2021-08,2022-01,2026-08,56,168,0.2349623269730264,1.2424575906154391,0.8372913100960091,0.2989432620377087
60,adaptive_JOINT,POOL,JOINT_SLOG_SLOG,2017-01,2021-08,2022-01,2026-08,56,168,0.2350372640687079,1.2428538505799518,0.8375583494117422,0.29849601133067794
60,adaptive_JOINT,POOL,ADAPTIVE_JOINT,2017-01,2021-08,2022-01,2026-08,56,168,0.2537687732636942,1.3419042221131945,0.9043083262101332,0.18222645114702718
60,adaptive_JOINT,BRL,EJR,2017-01,2021-08,2022-01,2026-08,56,56,0.43677211934274546,1.3955432919227582,1.0,0.0
60,adaptive_JOINT,BRL,TOT_LOG_L,2017-01,2021-08,2022-01,2026-08,56,56,0.36548386269135236,1.1677681113264649,0.8367838662443298,0.29979276119319165
60,adaptive_JOINT,BRL,TOT_LOG_D,2017-01,2021-08,2022-01,2026-08,56,56,0.43252990010805037,1.3819888539591971,0.9902873396747971,0.019330984879812996
60,adaptive_JOINT,BRL,TOT_LOG_LD,2017-01,2021-08,2022-01,2026-08,56,56,0.35241036165117595,1.1259965882127234,0.806851779324841,0.34899020620033816
60,adaptive_JOINT,BRL,TOT_DEV_L,2017-01,2021-08,2022-01,2026-08,56,56,0.37238418505571685,1.1898155318490575,0.8525823159593622,0.2731033945133703
60,adaptive_JOINT,BRL,TOT_DEV_D,2017-01,2021-08,2022-01,2026-08,56,56,0.43181412827870047,1.3797018705855795,0.9886485633022873,0.022574018280323127
60,adaptive_JOINT,BRL,TOT_DEV_LD,2017-01,2021-08,2022-01,2026-08,56,56,0.3593872740385312,1.1482887237436223,0.8228255836918735,0.3229580588221276
60,adaptive_JOINT,BRL,TOT_SLOG_L,2017-01,2021-08,2022-01,2026-08,56,56,0.37059365987437654,1.1840945728061625,0.8484828666079826,0.2800768250727005
60,adaptive_JOINT,BRL,TOT_SLOG_D,2017-01,2021-08,2022-01,2026-08,56,56,0.4322644060838009,1.381140566286567,0.9896794848862429,0.020534517195300972
60,adaptive_JOINT,BRL,TOT_SLOG_LD,2017-01,2021-08,2022-01,2026-08,56,56,0.35783625180780265,1.1433330075386285,0.8192744819570319,0.3287893232140371
60,adaptive_JOINT,BRL,COM_LOG_L,2017-01,2021-08,2022-01,2026-08,56,56,0.41891101908755196,1.3384747714205711,0.9591065925131144,0.08011454419788278
60,adaptive_JOINT,BRL,COM_LOG_D,2017-01,2021-08,2022-01,2026-08,56,56,0.4499558212121626,1.4376669209086483,1.0301843942998377,-0.06127988625892322
60,adaptive_JOINT,BRL,COM_LOG_LD,2017-01,2021-08,2022-01,2026-08,56,56,0.42304907529632046,1.351696395072823,0.9685807691501109,0.06185129363257946
60,adaptive_JOINT,BRL,COM_DEV_L,2017-01,2021-08,2022-01,2026-08,56,56,0.4186753392445278,1.33772174390483,0.9585669979909669,0.08114931036258577
60,adaptive_JOINT,BRL,COM_DEV_D,2017-01,2021-08,2022-01,2026-08,56,56,0.44995127877079905,1.4376524072222356,1.0301739942739148,-0.061258458478271605
60,adaptive_JOINT,BRL,COM_DEV_LD,2017-01,2021-08,2022-01,2026-08,56,56,0.4228475370135408,1.351052454248436,0.9681193425300167,0.06274493861924801
60,adaptive_JOINT,BRL,COM_SLOG_L,2017-01,2021-08,2022-01,2026-08,56,56,0.41903398209232506,1.3388676540906557,0.9593881191933388,0.079574436750668
60,adaptive_JOINT,BRL,COM_SLOG_D,2017-01,2021-08,2022-01,2026-08,56,56,0.450033319581242,1.4379145381999405,1.0303618286314886,-0.061645497900825186
60,adaptive_JOINT,BRL,COM_SLOG_LD,2017-01,2021-08,2022-01,2026-08,56,56,0.4234400037241633,1.3529454618537313,0.9694758089443889,0.06011665587162285
60,adaptive_JOINT,BRL,JOINT_LOG_LOG,2017-01,2021-08,2022-01,2026-08,56,56,0.359115730440751,1.1474211069027924,0.8222038782629904,0.32398078256929774
60,adaptive_JOINT,BRL,JOINT_LOG_DEV,2017-01,2021-08,2022-01,2026-08,56,56,0.35884887356979694,1.1465684647590497,0.821592903204977,0.32498510140321724
60,adaptive_JOINT,BRL,JOINT_LOG_SLOG,2017-01,2021-08,2022-01,2026-08,56,56,0.3588624027617624,1.1466116922734821,0.821623878606946,0.3249342021028785
60,adaptive_JOINT,BRL,JOINT_DEV_LOG,2017-01,2021-08,2022-01,2026-08,56,56,0.3679179883496671,1.1755454569575687,0.8423568539661139,0.2904349305763111
60,adaptive_JOINT,BRL,JOINT_DEV_DEV,2017-01,2021-08,2022-01,2026-08,56,56,0.36758651929789443,1.1744863705571422,0.8415979478063721,0.291712894248103
60,adaptive_JOINT,BRL,JOINT_DEV_SLOG,2017-01,2021-08,2022-01,2026-08,56,56,0.36766711608419544,1.1747438876913452,0.8417824760368423,0.291402263037283
60,adaptive_JOINT,BRL,JOINT_SLOG_LOG,2017-01,2021-08,2022-01,2026-08,56,56,0.3657507020898045,1.168620697643309,0.8373948012986406,0.29876994675801016
60,adaptive_JOINT,BRL,JOINT_SLOG_DEV,2017-01,2021-08,2022-01,2026-08,56,56,0.36543779463156545,1.1676209179298163,0.836678392342158,0.2999692677877419
60,adaptive_JOINT,BRL,JOINT_SLOG_SLOG,2017-01,2021-08,2022-01,2026-08,56,56,0.3654951744646591,1.1678042539020985,0.8368097648143296,0.2997494175113864
60,adaptive_JOINT,BRL,ADAPTIVE_JOINT,2017-01,2021-08,2022-01,2026-08,56,56,0.3978571715951992,1.2712050114337592,0.9109033154265764,0.170255149944871
60,adaptive_JOINT,EUR,EJR,2017-01,2021-08,2022-01,2026-08,56,56,0.1541613238187288,2.077815475297184,1.0,0.0
60,adaptive_JOINT,EUR,TOT_LOG_L,2017-01,2021-08,2022-01,2026-08,56,56,0.11886726571852968,1.602115485896066,0.7710576347819913,0.4054701238444013
60,adaptive_JOINT,EUR,TOT_LOG_D,2017-01,2021-08,2022-01,2026-08,56,56,0.16891902331525913,2.276722539884488,1.095728935967644,-0.20062190111678535
60,adaptive_JOINT,EUR,TOT_LOG_LD,2017-01,2021-08,2022-01,2026-08,56,56,0.13297963914155633,1.7923247236295,0.8626005268216365,0.25592033112703527
60,adaptive_JOINT,EUR,TOT_DEV_L,2017-01,2021-08,2022-01,2026-08,56,56,0.12019234720146994,1.6199751847043122,0.7796530558001603,0.3921411125814721
60,adaptive_JOINT,EUR,TOT_DEV_D,2017-01,2021-08,2022-01,2026-08,56,56,0.16864869985702652,2.273079069194577,1.0939754257386423,-0.19678223212004364
60,adaptive_JOINT,EUR,TOT_DEV_LD,2017-01,2021-08,2022-01,2026-08,56,56,0.1339877877715726,1.8059127415120564,0.8691400959239471,0.24459549365731204
60,adaptive_JOINT,EUR,TOT_SLOG_L,2017-01,2021-08,2022-01,2026-08,56,56,0.1190931203786576,1.6051595977157957,0.7725226887561871,0.4032086953569112
60,adaptive_JOINT,EUR,TOT_SLOG_D,2017-01,2021-08,2022-01,2026-08,56,56,0.16891437167526716,2.276659844201023,1.095698762121982,-0.2005557773156439
60,adaptive_JOINT,EUR,TOT_SLOG_LD,2017-01,2021-08,2022-01,2026-08,56,56,0.13315172171388595,1.7946440850812466,0.8637167767867181,0.2539933294971626
60,adaptive_JOINT,EUR,COM_LOG_L,2017-01,2021-08,2022-01,2026-08,56,56,0.14505401868163728,1.9550654944112305,0.9409235409278116,0.11466289012786879
60,adaptive_JOINT,EUR,COM_LOG_D,2017-01,2021-08,2022-01,2026-08,56,56,0.15563832675831266,2.0977228002273685,1.0095808916464717,-0.01925357677768491
60,adaptive_JOINT,EUR,COM_LOG_LD,2017-01,2021-08,2022-01,2026-08,56,56,0.13901452789509325,1.8736640954847936,0.9017471078449874,0.18685215349320072
60,adaptive_JOINT,EUR,COM_DEV_L,2017-01,2021-08,2022-01,2026-08,56,56,0.1445762068156233,1.9486254557238885,0.9378241133011015,0.12048593251100281
60,adaptive_JOINT,EUR,COM_DEV_D,2017-01,2021-08,2022-01,2026-08,56,56,0.15557830989771576,2.0969138816306807,1.009191579599129,-0.01846764433378545
60,adaptive_JOINT,EUR,COM_DEV_LD,2017-01,2021-08,2022-01,2026-08,56,56,0.13848215757553128,1.8664887076431877,0.8982937752815751,0.19306829329037523
60,adaptive_JOINT,EUR,COM_SLOG_L,2017-01,2021-08,2022-01,2026-08,56,56,0.1448465893068679,1.9522697220718994,0.9395780064602087,0.11719316977625993
60,adaptive_JOINT,EUR,COM_SLOG_D,2017-01,2021-08,2022-01,2026-08,56,56,0.15566231041627454,2.098046056504838,1.0097364667113957,-0.019567732206813737
60,adaptive_JOINT,EUR,COM_SLOG_LD,2017-01,2021-08,2022-01,2026-08,56,56,0.13889653327180543,1.872073741638601,0.9009817107897146,0.1882319568224391
60,adaptive_JOINT,EUR,JOINT_LOG_LOG,2017-01,2021-08,2022-01,2026-08,56,56,0.14880975548746928,2.0056860253135014,0.9652859212758697,0.06822309018659556
60,adaptive_JOINT,EUR,JOINT_LOG_DEV,2017-01,2021-08,2022-01,2026-08,56,56,0.14843859959132077,2.0006835159573155,0.9628783401332418,0.07286530210225306
60,adaptive_JOINT,EUR,JOINT_LOG_SLOG,2017-01,2021-08,2022-01,2026-08,56,56,0.14908133151787456,2.009346378408026,0.9670475565789279,0.06481902331472511
60,adaptive_JOINT,EUR,JOINT_DEV_LOG,2017-01,2021-08,2022-01,2026-08,56,56,0.14864419846176857,2.0034546164132405,0.9642120006477919,0.0702952178067825
60,adaptive_JOINT,EUR,JOINT_DEV_DEV,2017-01,2021-08,2022-01,2026-08,56,56,0.14826086444357436,1.998287968025164,0.9617254235433752,0.0750842097103156
60,adaptive_JOINT,EUR,JOINT_DEV_SLOG,2017-01,2021-08,2022-01,2026-08,56,56,0.14887468662481465,2.0065611794615257,0.9657071108176883,0.06740977611615306
60,adaptive_JOINT,EUR,JOINT_SLOG_LOG,2017-01,2021-08,2022-01,2026-08,56,56,0.1479242027025099,1.993750377414261,0.9595415960260381,0.07927992549580354
60,adaptive_JOINT,EUR,JOINT_SLOG_DEV,2017-01,2021-08,2022-01,2026-08,56,56,0.1475531533836249,1.9887493045265874,0.9571347062193489,0.08389315415040066
60,adaptive_JOINT,EUR,JOINT_SLOG_SLOG,2017-01,2021-08,2022-01,2026-08,56,56,0.14816387501690279,1.9969807261911787,0.961096281134183,0.0762939383900435
60,adaptive_JOINT,EUR,ADAPTIVE_JOINT,2017-01,2021-08,2022-01,2026-08,56,56,0.14726745126043764,1.9848985572822153,0.9552814390307304,0.08743737224337689
60,adaptive_JOINT,CAD,EJR,2017-01,2021-08,2022-01,2026-08,56,56,0.1473446713486684,2.3809048325248945,1.0,0.0
60,adaptive_JOINT,CAD,TOT_LOG_L,2017-01,2021-08,2022-01,2026-08,56,56,0.11682872652277615,1.8878054904176949,0.7928941403406372,0.37131888221348197
60,adaptive_JOINT,CAD,TOT_LOG_D,2017-01,2021-08,2022-01,2026-08,56,56,0.1466215983371586,2.3692208807971915,0.9950926422727648,0.009790633294607276
60,adaptive_JOINT,CAD,TOT_LOG_LD,2017-01,2021-08,2022-01,2026-08,56,56,0.11587410427433202,1.8723799938337158,0.7864153023907722,0.3815509721656303
60,adaptive_JOINT,CAD,TOT_DEV_L,2017-01,2021-08,2022-01,2026-08,56,56,0.1202290277054919,1.9427500869468126,0.8159713317422147,0.33419078577483663
60,adaptive_JOINT,CAD,TOT_DEV_D,2017-01,2021-08,2022-01,2026-08,56,56,0.14596227904788905,2.3585671091498677,0.9906179688201404,0.018676039850659243
60,adaptive_JOINT,CAD,TOT_DEV_LD,2017-01,2021-08,2022-01,2026-08,56,56,0.11834486778502201,1.9123044290289837,0.8031839000473737,0.35489562270469044
60,adaptive_JOINT,CAD,TOT_SLOG_L,2017-01,2021-08,2022-01,2026-08,56,56,0.12004471584033873,1.9397718386910854,0.8147204424941262,0.33623060058217524
60,adaptive_JOINT,CAD,TOT_SLOG_D,2017-01,2021-08,2022-01,2026-08,56,56,0.14593301200386755,2.3580941904762116,0.9904193390105003,0.019069532914003706
60,adaptive_JOINT,CAD,TOT_SLOG_LD,2017-01,2021-08,2022-01,2026-08,56,56,0.11793070294741592,1.9056120454205885,0.8003730427980741,0.35940299236215234
60,adaptive_JOINT,CAD,COM_LOG_L,2017-01,2021-08,2022-01,2026-08,56,56,0.1535489903213585,2.4811588348542237,1.0421075218798277,-0.08598808715851569
60,adaptive_JOINT,CAD,COM_LOG_D,2017-01,2021-08,2022-01,2026-08,56,56,0.14981423784648554,2.420809925495517,1.0167604737600133,-0.03380186100068672
60,adaptive_JOINT,CAD,COM_LOG_LD,2017-01,2021-08,2022-01,2026-08,56,56,0.16149903979479918,2.6096216495381426,1.0960629815559237,-0.20135405953726115
60,adaptive_JOINT,CAD,COM_DEV_L,2017-01,2021-08,2022-01,2026-08,56,56,0.1539618125726764,2.487829523954414,1.0449092672537141,-0.0918353767926936
60,adaptive_JOINT,CAD,COM_DEV_D,2017-01,2021-08,2022-01,2026-08,56,56,0.1498088257839242,2.4207224733617663,1.016723743130315,-0.03372716984491886
60,adaptive_JOINT,CAD,COM_DEV_LD,2017-01,2021-08,2022-01,2026-08,56,56,0.16201980824623455,2.618036613657985,1.099597337068537,-0.2091143036882177
60,adaptive_JOINT,CAD,COM_SLOG_L,2017-01,2021-08,2022-01,2026-08,56,56,0.1538522551153758,2.4860592130423287,1.0441657218217835,-0.09028205462760619
60,adaptive_JOINT,CAD,COM_SLOG_D,2017-01,2021-08,2022-01,2026-08,56,56,0.14961650795890383,2.417614858849612,1.0154185189694407,-0.031074768666092156
60,adaptive_JOINT,CAD,COM_SLOG_LD,2017-01,2021-08,2022-01,2026-08,56,56,0.16159802572053697,2.611221137777411,1.09673478003246,-0.20282717773284853
60,adaptive_JOINT,CAD,JOINT_LOG_LOG,2017-01,2021-08,2022-01,2026-08,56,56,0.09827721359324289,1.5880363411143328,0.6669885832564997,0.5551262298054874
60,adaptive_JOINT,CAD,JOINT_LOG_DEV,2017-01,2021-08,2022-01,2026-08,56,56,0.09903044579246252,1.6002076274372132,0.6721006256013308,0.5482807490662998
60,adaptive_JOINT,CAD,JOINT_LOG_SLOG,2017-01,2021-08,2022-01,2026-08,56,56,0.09845208566333792,1.5908620541377623,0.6681754064276018,0.5535416262453092
60,adaptive_JOINT,CAD,JOINT_DEV_LOG,2017-01,2021-08,2022-01,2026-08,56,56,0.10156005468381457,1.6410829300775518,0.6892685955604624,0.5249088031741078
60,adaptive_JOINT,CAD,JOINT_DEV_DEV,2017-01,2021-08,2022-01,2026-08,56,56,0.10221604577294323,1.651682922190628,0.6937206811576154,0.5187516165342141
60,adaptive_JOINT,CAD,JOINT_DEV_SLOG,2017-01,2021-08,2022-01,2026-08,56,56,0.10164179864828723,1.6424038098776916,0.689823376155678,0.5241437097091819
60,adaptive_JOINT,CAD,JOINT_SLOG_LOG,2017-01,2021-08,2022-01,2026-08,56,56,0.10084359029140298,1.6295057653344294,0.6844060892624492,0.5315883049804805
60,adaptive_JOINT,CAD,JOINT_SLOG_DEV,2017-01,2021-08,2022-01,2026-08,56,56,0.10151438553773737,1.6403449740347764,0.6889586478327354,0.5253359815764889
60,adaptive_JOINT,CAD,JOINT_SLOG_SLOG,2017-01,2021-08,2022-01,2026-08,56,56,0.10093706002125585,1.6310161187762235,0.6850404503764095,0.5307195813480861
60,adaptive_JOINT,CAD,ADAPTIVE_JOINT,2017-01,2021-08,2022-01,2026-08,56,56,0.11496842897423414,1.8577454184604478,0.7802686579834239,0.39118082136874666
60,adaptive_ALL,POOL,EJR,2017-01,2021-08,2022-01,2026-08,56,168,0.2806219581403325,1.4839012129159337,1.0,0.0
60,adaptive_ALL,POOL,TOT_LOG_L,2017-01,2021-08,2022-01,2026-08,56,168,0.23191724967332958,1.2263555224508969,0.8264401375082457,0.3169966991153519
60,adaptive_ALL,POOL,TOT_LOG_D,2017-01,2021-08,2022-01,2026-08,56,168,0.2811367662569259,1.4866234674169514,1.0018345254234737,-0.0036724163304768798
60,adaptive_ALL,POOL,TOT_LOG_LD,2017-01,2021-08,2022-01,2026-08,56,168,0.2275254238297411,1.2031319809311793,0.8107898089570059,0.34261988569146185
60,adaptive_ALL,POOL,TOT_DEV_L,2017-01,2021-08,2022-01,2026-08,56,168,0.23634099708430967,1.2497478620678286,0.8422042189803303,0.2906920535317319
60,adaptive_ALL,POOL,TOT_DEV_D,2017-01,2021-08,2022-01,2026-08,56,168,0.2806010288941776,1.483790541128307,0.9999254183589424,0.00014915771969403746
60,adaptive_ALL,POOL,TOT_DEV_LD,2017-01,2021-08,2022-01,2026-08,56,168,0.23174515294738504,1.2254454919527122,0.825826868585582,0.318009983122132
60,adaptive_ALL,POOL,TOT_SLOG_L,2017-01,2021-08,2022-01,2026-08,56,168,0.23518330855015923,1.2436261193810156,0.8380787808220964,0.2976239571357485
60,adaptive_ALL,POOL,TOT_SLOG_D,2017-01,2021-08,2022-01,2026-08,56,168,0.28088017950599053,1.4852666620070885,1.000920175197156,-0.0018411971167051622
60,adaptive_ALL,POOL,TOT_SLOG_LD,2017-01,2021-08,2022-01,2026-08,56,168,0.23071180781868747,1.2199812649193158,0.8221445297709521,0.3240783721677001
60,adaptive_ALL,POOL,COM_LOG_L,2017-01,2021-08,2022-01,2026-08,56,168,0.2708655279392173,1.4323101731230867,0.9652328340028322,0.06832557616286095
60,adaptive_ALL,POOL,COM_LOG_D,2017-01,2021-08,2022-01,2026-08,56,168,0.28817115033741225,1.5238205960319908,1.0269016446435906,-0.054526987771710944
60,adaptive_ALL,POOL,COM_LOG_LD,2017-01,2021-08,2022-01,2026-08,56,168,0.2734821742695549,1.4461467406144242,0.97455728725545,0.05023809385729838
60,adaptive_ALL,POOL,COM_DEV_L,2017-01,2021-08,2022-01,2026-08,56,168,0.2707369935314704,1.4316304958632564,0.9647747999680094,0.06920958534668753
60,adaptive_ALL,POOL,COM_DEV_D,2017-01,2021-08,2022-01,2026-08,56,168,0.28815704518015006,1.523746009352786,1.0268513807321147,-0.05442375811145017
60,adaptive_ALL,POOL,COM_DEV_LD,2017-01,2021-08,2022-01,2026-08,56,168,0.2733909080354469,1.4456641337778509,0.9742320588424177,0.05087189552366389
60,adaptive_ALL,POOL,COM_SLOG_L,2017-01,2021-08,2022-01,2026-08,56,168,0.27094927507196503,1.4327530196939189,0.9655312680003095,0.06774937051371444
60,adaptive_ALL,POOL,COM_SLOG_D,2017-01,2021-08,2022-01,2026-08,56,168,0.2881815649153971,1.5238756672922948,1.0269387571277804,-0.05460321089115028
60,adaptive_ALL,POOL,COM_SLOG_LD,2017-01,2021-08,2022-01,2026-08,56,168,0.2736832753540855,1.4472101432976328,0.9752739135874137,0.048840793475889877
60,adaptive_ALL,POOL,JOINT_LOG_LOG,2017-01,2021-08,2022-01,2026-08,56,168,0.23149288102076804,1.224111502907905,0.8249278942918781,0.31949396921916795
60,adaptive_ALL,POOL,JOINT_LOG_DEV,2017-01,2021-08,2022-01,2026-08,56,168,0.23138248356692748,1.2235277320699331,0.8245344915283447,0.3201428722800941
60,adaptive_ALL,POOL,JOINT_LOG_SLOG,2017-01,2021-08,2022-01,2026-08,56,168,0.23144493995660467,1.223857995293134,0.8247570556858008,0.3197757990964888
60,adaptive_ALL,POOL,JOINT_DEV_LOG,2017-01,2021-08,2022-01,2026-08,56,168,0.23648339518522002,1.2505008491685463,0.8427116564661707,0.2898370640560427
60,adaptive_ALL,POOL,JOINT_DEV_DEV,2017-01,2021-08,2022-01,2026-08,56,168,0.236325519223347,1.2496660166669624,0.8421490634213524,0.29078495497853885
60,adaptive_ALL,POOL,JOINT_DEV_SLOG,2017-01,2021-08,2022-01,2026-08,56,168,0.2364133638352994,1.250130530303344,0.8424620988393025,0.29025761201927736
60,adaptive_ALL,POOL,JOINT_SLOG_LOG,2017-01,2021-08,2022-01,2026-08,56,168,0.23510605800164494,1.2432176261062968,0.8378034974870849,0.298085299598408
60,adaptive_ALL,POOL,JOINT_SLOG_DEV,2017-01,2021-08,2022-01,2026-08,56,168,0.2349623269730264,1.2424575906154391,0.8372913100960091,0.2989432620377087
60,adaptive_ALL,POOL,JOINT_SLOG_SLOG,2017-01,2021-08,2022-01,2026-08,56,168,0.2350372640687079,1.2428538505799518,0.8375583494117422,0.29849601133067794
60,adaptive_ALL,POOL,ADAPTIVE_ALL,2017-01,2021-08,2022-01,2026-08,56,168,0.25545012509526965,1.3507950446231196,0.9102998453439806,0.17135419156672516
60,adaptive_ALL,BRL,EJR,2017-01,2021-08,2022-01,2026-08,56,56,0.43677211934274546,1.3955432919227582,1.0,0.0
60,adaptive_ALL,BRL,TOT_LOG_L,2017-01,2021-08,2022-01,2026-08,56,56,0.36548386269135236,1.1677681113264649,0.8367838662443298,0.29979276119319165
60,adaptive_ALL,BRL,TOT_LOG_D,2017-01,2021-08,2022-01,2026-08,56,56,0.43252990010805037,1.3819888539591971,0.9902873396747971,0.019330984879812996
60,adaptive_ALL,BRL,TOT_LOG_LD,2017-01,2021-08,2022-01,2026-08,56,56,0.35241036165117595,1.1259965882127234,0.806851779324841,0.34899020620033816
60,adaptive_ALL,BRL,TOT_DEV_L,2017-01,2021-08,2022-01,2026-08,56,56,0.37238418505571685,1.1898155318490575,0.8525823159593622,0.2731033945133703
60,adaptive_ALL,BRL,TOT_DEV_D,2017-01,2021-08,2022-01,2026-08,56,56,0.43181412827870047,1.3797018705855795,0.9886485633022873,0.022574018280323127
60,adaptive_ALL,BRL,TOT_DEV_LD,2017-01,2021-08,2022-01,2026-08,56,56,0.3593872740385312,1.1482887237436223,0.8228255836918735,0.3229580588221276
60,adaptive_ALL,BRL,TOT_SLOG_L,2017-01,2021-08,2022-01,2026-08,56,56,0.37059365987437654,1.1840945728061625,0.8484828666079826,0.2800768250727005
60,adaptive_ALL,BRL,TOT_SLOG_D,2017-01,2021-08,2022-01,2026-08,56,56,0.4322644060838009,1.381140566286567,0.9896794848862429,0.020534517195300972
60,adaptive_ALL,BRL,TOT_SLOG_LD,2017-01,2021-08,2022-01,2026-08,56,56,0.35783625180780265,1.1433330075386285,0.8192744819570319,0.3287893232140371
60,adaptive_ALL,BRL,COM_LOG_L,2017-01,2021-08,2022-01,2026-08,56,56,0.41891101908755196,1.3384747714205711,0.9591065925131144,0.08011454419788278
60,adaptive_ALL,BRL,COM_LOG_D,2017-01,2021-08,2022-01,2026-08,56,56,0.4499558212121626,1.4376669209086483,1.0301843942998377,-0.06127988625892322
60,adaptive_ALL,BRL,COM_LOG_LD,2017-01,2021-08,2022-01,2026-08,56,56,0.42304907529632046,1.351696395072823,0.9685807691501109,0.06185129363257946
60,adaptive_ALL,BRL,COM_DEV_L,2017-01,2021-08,2022-01,2026-08,56,56,0.4186753392445278,1.33772174390483,0.9585669979909669,0.08114931036258577
60,adaptive_ALL,BRL,COM_DEV_D,2017-01,2021-08,2022-01,2026-08,56,56,0.44995127877079905,1.4376524072222356,1.0301739942739148,-0.061258458478271605
60,adaptive_ALL,BRL,COM_DEV_LD,2017-01,2021-08,2022-01,2026-08,56,56,0.4228475370135408,1.351052454248436,0.9681193425300167,0.06274493861924801
60,adaptive_ALL,BRL,COM_SLOG_L,2017-01,2021-08,2022-01,2026-08,56,56,0.41903398209232506,1.3388676540906557,0.9593881191933388,0.079574436750668
60,adaptive_ALL,BRL,COM_SLOG_D,2017-01,2021-08,2022-01,2026-08,56,56,0.450033319581242,1.4379145381999405,1.0303618286314886,-0.061645497900825186
60,adaptive_ALL,BRL,COM_SLOG_LD,2017-01,2021-08,2022-01,2026-08,56,56,0.4234400037241633,1.3529454618537313,0.9694758089443889,0.06011665587162285
60,adaptive_ALL,BRL,JOINT_LOG_LOG,2017-01,2021-08,2022-01,2026-08,56,56,0.359115730440751,1.1474211069027924,0.8222038782629904,0.32398078256929774
60,adaptive_ALL,BRL,JOINT_LOG_DEV,2017-01,2021-08,2022-01,2026-08,56,56,0.35884887356979694,1.1465684647590497,0.821592903204977,0.32498510140321724
60,adaptive_ALL,BRL,JOINT_LOG_SLOG,2017-01,2021-08,2022-01,2026-08,56,56,0.3588624027617624,1.1466116922734821,0.821623878606946,0.3249342021028785
60,adaptive_ALL,BRL,JOINT_DEV_LOG,2017-01,2021-08,2022-01,2026-08,56,56,0.3679179883496671,1.1755454569575687,0.8423568539661139,0.2904349305763111
60,adaptive_ALL,BRL,JOINT_DEV_DEV,2017-01,2021-08,2022-01,2026-08,56,56,0.36758651929789443,1.1744863705571422,0.8415979478063721,0.291712894248103
60,adaptive_ALL,BRL,JOINT_DEV_SLOG,2017-01,2021-08,2022-01,2026-08,56,56,0.36766711608419544,1.1747438876913452,0.8417824760368423,0.291402263037283
60,adaptive_ALL,BRL,JOINT_SLOG_LOG,2017-01,2021-08,2022-01,2026-08,56,56,0.3657507020898045,1.168620697643309,0.8373948012986406,0.29876994675801016
60,adaptive_ALL,BRL,JOINT_SLOG_DEV,2017-01,2021-08,2022-01,2026-08,56,56,0.36543779463156545,1.1676209179298163,0.836678392342158,0.2999692677877419
60,adaptive_ALL,BRL,JOINT_SLOG_SLOG,2017-01,2021-08,2022-01,2026-08,56,56,0.3654951744646591,1.1678042539020985,0.8368097648143296,0.2997494175113864
60,adaptive_ALL,BRL,ADAPTIVE_ALL,2017-01,2021-08,2022-01,2026-08,56,56,0.39956417222614926,1.2766590987583235,0.9148115333630116,0.1631198584260155
60,adaptive_ALL,EUR,EJR,2017-01,2021-08,2022-01,2026-08,56,56,0.1541613238187288,2.077815475297184,1.0,0.0
60,adaptive_ALL,EUR,TOT_LOG_L,2017-01,2021-08,2022-01,2026-08,56,56,0.11886726571852968,1.602115485896066,0.7710576347819913,0.4054701238444013
60,adaptive_ALL,EUR,TOT_LOG_D,2017-01,2021-08,2022-01,2026-08,56,56,0.16891902331525913,2.276722539884488,1.095728935967644,-0.20062190111678535
60,adaptive_ALL,EUR,TOT_LOG_LD,2017-01,2021-08,2022-01,2026-08,56,56,0.13297963914155633,1.7923247236295,0.8626005268216365,0.25592033112703527
60,adaptive_ALL,EUR,TOT_DEV_L,2017-01,2021-08,2022-01,2026-08,56,56,0.12019234720146994,1.6199751847043122,0.7796530558001603,0.3921411125814721
60,adaptive_ALL,EUR,TOT_DEV_D,2017-01,2021-08,2022-01,2026-08,56,56,0.16864869985702652,2.273079069194577,1.0939754257386423,-0.19678223212004364
60,adaptive_ALL,EUR,TOT_DEV_LD,2017-01,2021-08,2022-01,2026-08,56,56,0.1339877877715726,1.8059127415120564,0.8691400959239471,0.24459549365731204
60,adaptive_ALL,EUR,TOT_SLOG_L,2017-01,2021-08,2022-01,2026-08,56,56,0.1190931203786576,1.6051595977157957,0.7725226887561871,0.4032086953569112
60,adaptive_ALL,EUR,TOT_SLOG_D,2017-01,2021-08,2022-01,2026-08,56,56,0.16891437167526716,2.276659844201023,1.095698762121982,-0.2005557773156439
60,adaptive_ALL,EUR,TOT_SLOG_LD,2017-01,2021-08,2022-01,2026-08,56,56,0.13315172171388595,1.7946440850812466,0.8637167767867181,0.2539933294971626
60,adaptive_ALL,EUR,COM_LOG_L,2017-01,2021-08,2022-01,2026-08,56,56,0.14505401868163728,1.9550654944112305,0.9409235409278116,0.11466289012786879
60,adaptive_ALL,EUR,COM_LOG_D,2017-01,2021-08,2022-01,2026-08,56,56,0.15563832675831266,2.0977228002273685,1.0095808916464717,-0.01925357677768491
60,adaptive_ALL,EUR,COM_LOG_LD,2017-01,2021-08,2022-01,2026-08,56,56,0.13901452789509325,1.8736640954847936,0.9017471078449874,0.18685215349320072
60,adaptive_ALL,EUR,COM_DEV_L,2017-01,2021-08,2022-01,2026-08,56,56,0.1445762068156233,1.9486254557238885,0.9378241133011015,0.12048593251100281
60,adaptive_ALL,EUR,COM_DEV_D,2017-01,2021-08,2022-01,2026-08,56,56,0.15557830989771576,2.0969138816306807,1.009191579599129,-0.01846764433378545
60,adaptive_ALL,EUR,COM_DEV_LD,2017-01,2021-08,2022-01,2026-08,56,56,0.13848215757553128,1.8664887076431877,0.8982937752815751,0.19306829329037523
60,adaptive_ALL,EUR,COM_SLOG_L,2017-01,2021-08,2022-01,2026-08,56,56,0.1448465893068679,1.9522697220718994,0.9395780064602087,0.11719316977625993
60,adaptive_ALL,EUR,COM_SLOG_D,2017-01,2021-08,2022-01,2026-08,56,56,0.15566231041627454,2.098046056504838,1.0097364667113957,-0.019567732206813737
60,adaptive_ALL,EUR,COM_SLOG_LD,2017-01,2021-08,2022-01,2026-08,56,56,0.13889653327180543,1.872073741638601,0.9009817107897146,0.1882319568224391
60,adaptive_ALL,EUR,JOINT_LOG_LOG,2017-01,2021-08,2022-01,2026-08,56,56,0.14880975548746928,2.0056860253135014,0.9652859212758697,0.06822309018659556
60,adaptive_ALL,EUR,JOINT_LOG_DEV,2017-01,2021-08,2022-01,2026-08,56,56,0.14843859959132077,2.0006835159573155,0.9628783401332418,0.07286530210225306
60,adaptive_ALL,EUR,JOINT_LOG_SLOG,2017-01,2021-08,2022-01,2026-08,56,56,0.14908133151787456,2.009346378408026,0.9670475565789279,0.06481902331472511
60,adaptive_ALL,EUR,JOINT_DEV_LOG,2017-01,2021-08,2022-01,2026-08,56,56,0.14864419846176857,2.0034546164132405,0.9642120006477919,0.0702952178067825
60,adaptive_ALL,EUR,JOINT_DEV_DEV,2017-01,2021-08,2022-01,2026-08,56,56,0.14826086444357436,1.998287968025164,0.9617254235433752,0.0750842097103156
60,adaptive_ALL,EUR,JOINT_DEV_SLOG,2017-01,2021-08,2022-01,2026-08,56,56,0.14887468662481465,2.0065611794615257,0.9657071108176883,0.06740977611615306
60,adaptive_ALL,EUR,JOINT_SLOG_LOG,2017-01,2021-08,2022-01,2026-08,56,56,0.1479242027025099,1.993750377414261,0.9595415960260381,0.07927992549580354
60,adaptive_ALL,EUR,JOINT_SLOG_DEV,2017-01,2021-08,2022-01,2026-08,56,56,0.1475531533836249,1.9887493045265874,0.9571347062193489,0.08389315415040066
60,adaptive_ALL,EUR,JOINT_SLOG_SLOG,2017-01,2021-08,2022-01,2026-08,56,56,0.14816387501690279,1.9969807261911787,0.961096281134183,0.0762939383900435
60,adaptive_ALL,EUR,ADAPTIVE_ALL,2017-01,2021-08,2022-01,2026-08,56,56,0.14150483096364228,1.907228871174548,0.917900984880172,0.15745778195601023
60,adaptive_ALL,CAD,EJR,2017-01,2021-08,2022-01,2026-08,56,56,0.1473446713486684,2.3809048325248945,1.0,0.0
60,adaptive_ALL,CAD,TOT_LOG_L,2017-01,2021-08,2022-01,2026-08,56,56,0.11682872652277615,1.8878054904176949,0.7928941403406372,0.37131888221348197
60,adaptive_ALL,CAD,TOT_LOG_D,2017-01,2021-08,2022-01,2026-08,56,56,0.1466215983371586,2.3692208807971915,0.9950926422727648,0.009790633294607276
60,adaptive_ALL,CAD,TOT_LOG_LD,2017-01,2021-08,2022-01,2026-08,56,56,0.11587410427433202,1.8723799938337158,0.7864153023907722,0.3815509721656303
60,adaptive_ALL,CAD,TOT_DEV_L,2017-01,2021-08,2022-01,2026-08,56,56,0.1202290277054919,1.9427500869468126,0.8159713317422147,0.33419078577483663
60,adaptive_ALL,CAD,TOT_DEV_D,2017-01,2021-08,2022-01,2026-08,56,56,0.14596227904788905,2.3585671091498677,0.9906179688201404,0.018676039850659243
60,adaptive_ALL,CAD,TOT_DEV_LD,2017-01,2021-08,2022-01,2026-08,56,56,0.11834486778502201,1.9123044290289837,0.8031839000473737,0.35489562270469044
60,adaptive_ALL,CAD,TOT_SLOG_L,2017-01,2021-08,2022-01,2026-08,56,56,0.12004471584033873,1.9397718386910854,0.8147204424941262,0.33623060058217524
60,adaptive_ALL,CAD,TOT_SLOG_D,2017-01,2021-08,2022-01,2026-08,56,56,0.14593301200386755,2.3580941904762116,0.9904193390105003,0.019069532914003706
60,adaptive_ALL,CAD,TOT_SLOG_LD,2017-01,2021-08,2022-01,2026-08,56,56,0.11793070294741592,1.9056120454205885,0.8003730427980741,0.35940299236215234
60,adaptive_ALL,CAD,COM_LOG_L,2017-01,2021-08,2022-01,2026-08,56,56,0.1535489903213585,2.4811588348542237,1.0421075218798277,-0.08598808715851569
60,adaptive_ALL,CAD,COM_LOG_D,2017-01,2021-08,2022-01,2026-08,56,56,0.14981423784648554,2.420809925495517,1.0167604737600133,-0.03380186100068672
60,adaptive_ALL,CAD,COM_LOG_LD,2017-01,2021-08,2022-01,2026-08,56,56,0.16149903979479918,2.6096216495381426,1.0960629815559237,-0.20135405953726115
60,adaptive_ALL,CAD,COM_DEV_L,2017-01,2021-08,2022-01,2026-08,56,56,0.1539618125726764,2.487829523954414,1.0449092672537141,-0.0918353767926936
60,adaptive_ALL,CAD,COM_DEV_D,2017-01,2021-08,2022-01,2026-08,56,56,0.1498088257839242,2.4207224733617663,1.016723743130315,-0.03372716984491886
60,adaptive_ALL,CAD,COM_DEV_LD,2017-01,2021-08,2022-01,2026-08,56,56,0.16201980824623455,2.618036613657985,1.099597337068537,-0.2091143036882177
60,adaptive_ALL,CAD,COM_SLOG_L,2017-01,2021-08,2022-01,2026-08,56,56,0.1538522551153758,2.4860592130423287,1.0441657218217835,-0.09028205462760619
60,adaptive_ALL,CAD,COM_SLOG_D,2017-01,2021-08,2022-01,2026-08,56,56,0.14961650795890383,2.417614858849612,1.0154185189694407,-0.031074768666092156
60,adaptive_ALL,CAD,COM_SLOG_LD,2017-01,2021-08,2022-01,2026-08,56,56,0.16159802572053697,2.611221137777411,1.09673478003246,-0.20282717773284853
60,adaptive_ALL,CAD,JOINT_LOG_LOG,2017-01,2021-08,2022-01,2026-08,56,56,0.09827721359324289,1.5880363411143328,0.6669885832564997,0.5551262298054874
60,adaptive_ALL,CAD,JOINT_LOG_DEV,2017-01,2021-08,2022-01,2026-08,56,56,0.09903044579246252,1.6002076274372132,0.6721006256013308,0.5482807490662998
60,adaptive_ALL,CAD,JOINT_LOG_SLOG,2017-01,2021-08,2022-01,2026-08,56,56,0.09845208566333792,1.5908620541377623,0.6681754064276018,0.5535416262453092
60,adaptive_ALL,CAD,JOINT_DEV_LOG,2017-01,2021-08,2022-01,2026-08,56,56,0.10156005468381457,1.6410829300775518,0.6892685955604624,0.5249088031741078
60,adaptive_ALL,CAD,JOINT_DEV_DEV,2017-01,2021-08,2022-01,2026-08,56,56,0.10221604577294323,1.651682922190628,0.6937206811576154,0.5187516165342141
60,adaptive_ALL,CAD,JOINT_DEV_SLOG,2017-01,2021-08,2022-01,2026-08,56,56,0.10164179864828723,1.6424038098776916,0.689823376155678,0.5241437097091819
60,adaptive_ALL,CAD,JOINT_SLOG_LOG,2017-01,2021-08,2022-01,2026-08,56,56,0.10084359029140298,1.6295057653344294,0.6844060892624492,0.5315883049804805
60,adaptive_ALL,CAD,JOINT_SLOG_DEV,2017-01,2021-08,2022-01,2026-08,56,56,0.10151438553773737,1.6403449740347764,0.6889586478327354,0.5253359815764889
60,adaptive_ALL,CAD,JOINT_SLOG_SLOG,2017-01,2021-08,2022-01,2026-08,56,56,0.10093706002125585,1.6310161187762235,0.6850404503764095,0.5307195813480861
60,adaptive_ALL,CAD,ADAPTIVE_ALL,2017-01,2021-08,2022-01,2026-08,56,56,0.1268430302411208,2.0496240611141388,0.8608592973204058,0.25892127021701716
72,fixed,POOL,EJR,2010-11,2020-08,2016-11,2026-08,118,354,0.2703554185937632,0.8183167190331967,1.0,0.0
72,fixed,POOL,TOT_LOG_L,2010-11,2020-08,2016-11,2026-08,118,354,0.21424917093083526,0.6484933038281192,0.7924722650104035,0.3719877091892809
72,fixed,POOL,TOT_LOG_D,2010-11,2020-08,2016-11,2026-08,118,354,0.26668627833312664,0.8072108982755651,0.9864284567340229,0.026958899745333942
72,fixed,POOL,TOT_LOG_LD,2010-11,2020-08,2016-11,2026-08,118,354,0.20067902167835183,0.6074189282123342,0.7422785262532232,0.44902258946334295
72,fixed,POOL,TOT_DEV_L,2010-11,2020-08,2016-11,2026-08,118,354,0.21644260416652492,0.6551324276088968,0.800585411945274,0.359062998180416
72,fixed,POOL,TOT_DEV_D,2010-11,2020-08,2016-11,2026-08,118,354,0.26696152221560543,0.8080440114863734,0.987446538353805,0.0249493338930874
72,fixed,POOL,TOT_DEV_LD,2010-11,2020-08,2016-11,2026-08,118,354,0.2012992798624816,0.6092963370130553,0.7445727587393188,0.44561140694332013
72,fixed,POOL,TOT_SLOG_L,2010-11,2020-08,2016-11,2026-08,118,354,0.21577889801664774,0.6531235097118756,0.7981304726164105,0.3629877486811053
72,fixed,POOL,TOT_SLOG_D,2010-11,2020-08,2016-11,2026-08,118,354,0.2666797617603819,0.8071911737941564,0.9864043530087171,0.027006452365454292
72,fixed,POOL,TOT_SLOG_LD,2010-11,2020-08,2016-11,2026-08,118,354,0.2015883666914336,0.6101713503070894,0.7456420431296804,0.44401794351739576
72,fixed,POOL,COM_LOG_L,2010-11,2020-08,2016-11,2026-08,118,354,0.26857449131966354,0.8129261758313685,0.9934126444242801,0.013131317897958739
72,fixed,POOL,COM_LOG_D,2010-11,2020-08,2016-11,2026-08,118,354,0.2681869153818299,0.8117530539036709,0.9919790651017367,0.015977534399884474
72,fixed,POOL,COM_LOG_LD,2010-11,2020-08,2016-11,2026-08,118,354,0.262642719939137,0.7949717818731649,0.9714720026891145,0.0562421479912012
72,fixed,POOL,COM_DEV_L,2010-11,2020-08,2016-11,2026-08,118,354,0.2686579748923055,0.8131788654338661,0.9937214363585279,0.01251770692154408
72,fixed,POOL,COM_DEV_D,2010-11,2020-08,2016-11,2026-08,118,354,0.2681333270963001,0.8115908519022408,0.9917808508924245,0.016370743803098442
72,fixed,POOL,COM_DEV_LD,2010-11,2020-08,2016-11,2026-08,118,354,0.2629044137582454,0.7957638815046719,0.9724399648644966,0.05436051473433656
72,fixed,POOL,COM_SLOG_L,2010-11,2020-08,2016-11,2026-08,118,354,0.26881153546797437,0.81364366538908,0.9942894315423035,0.01138852632328291
72,fixed,POOL,COM_SLOG_D,2010-11,2020-08,2016-11,2026-08,118,354,0.26817422785003925,0.8117146510507096,0.9919321360190623,0.01607063753266047
72,fixed,POOL,COM_SLOG_LD,2010-11,2020-08,2016-11,2026-08,118,354,0.2631877381031381,0.7966214528067039,0.973487934778939,0.052321240839836136
72,fixed,POOL,JOINT_LOG_LOG,2010-11,2020-08,2016-11,2026-08,118,354,0.19326646814397871,0.5849824757844261,0.7148607161241382,0.48897415654248433
72,fixed,POOL,JOINT_LOG_DEV,2010-11,2020-08,2016-11,2026-08,118,354,0.19297809128707488,0.584109611446755,0.7137940578030149,0.49049804304510636
72,fixed,POOL,JOINT_LOG_SLOG,2010-11,2020-08,2016-11,2026-08,118,354,0.19298999490142893,0.584145641524101,0.7138380873046832,0.4904351851131914
72,fixed,POOL,JOINT_DEV_LOG,2010-11,2020-08,2016-11,2026-08,118,354,0.1957241974835944,0.5924215758399274,0.7239514506557388,0.4758942970934513
72,fixed,POOL,JOINT_DEV_DEV,2010-11,2020-08,2016-11,2026-08,118,354,0.1953912678899089,0.5914138584648111,0.7227199991264253,0.47767580286269984
72,fixed,POOL,JOINT_DEV_SLOG,2010-11,2020-08,2016-11,2026-08,118,354,0.19545774547769512,0.5916150740417335,0.7229658887340091,0.47732032372704425
72,fixed,POOL,JOINT_SLOG_LOG,2010-11,2020-08,2016-11,2026-08,118,354,0.1949257201793107,0.5900047301511575,0.7209980151062059,0.48016186221291135
72,fixed,POOL,JOINT_SLOG_DEV,2010-11,2020-08,2016-11,2026-08,118,354,0.19462415706275554,0.5890919534019271,0.7198825829904979,0.4817690667069289
72,fixed,POOL,JOINT_SLOG_SLOG,2010-11,2020-08,2016-11,2026-08,118,354,0.19465188982496526,0.5891758954331215,0.719985161893314,0.48162136665345856
72,fixed,BRL,EJR,2010-11,2020-08,2016-11,2026-08,118,118,0.43413317578501326,0.8142968174527883,1.0,0.0
72,fixed,BRL,TOT_LOG_L,2010-11,2020-08,2016-11,2026-08,118,118,0.3355554124690177,0.6293960464055633,0.7729319738401836,0.40257616381551764
72,fixed,BRL,TOT_LOG_D,2010-11,2020-08,2016-11,2026-08,118,118,0.4239879361246909,0.7952675498720325,0.9766310426703109,0.04619180649270138
72,fixed,BRL,TOT_LOG_LD,2010-11,2020-08,2016-11,2026-08,118,118,0.3007055334371048,0.5640286725968534,0.6926573462011043,0.5202258007536436
72,fixed,BRL,TOT_DEV_L,2010-11,2020-08,2016-11,2026-08,118,118,0.33868985612546865,0.6352752734176842,0.780151978740254,0.3913628900676662
72,fixed,BRL,TOT_DEV_D,2010-11,2020-08,2016-11,2026-08,118,118,0.42473207631348275,0.7966633220020389,0.9783451254225591,0.04284081556191699
72,fixed,BRL,TOT_DEV_LD,2010-11,2020-08,2016-11,2026-08,118,118,0.30113878286319884,0.5648413117788134,0.693655310536151,0.5188423101649958
72,fixed,BRL,TOT_SLOG_L,2010-11,2020-08,2016-11,2026-08,118,118,0.3374806119369305,0.6330071129794285,0.7773665565334588,0.3957012367833129
72,fixed,BRL,TOT_SLOG_D,2010-11,2020-08,2016-11,2026-08,118,118,0.42426901060323396,0.7957947568815658,0.9772784810468754,0.044926770482711875
72,fixed,BRL,TOT_SLOG_LD,2010-11,2020-08,2016-11,2026-08,118,118,0.3016401076038758,0.5657816387651244,0.6948100823173456,0.5172389495101632
72,fixed,BRL,COM_LOG_L,2010-11,2020-08,2016-11,2026-08,118,118,0.43067197529032164,0.8078046977425242,0.9920273301195354,0.01588177629590637
72,fixed,BRL,COM_LOG_D,2010-11,2020-08,2016-11,2026-08,118,118,0.430143256842631,0.8068129888078073,0.9908094585603425,0.018296616827360834
72,fixed,BRL,COM_LOG_LD,2010-11,2020-08,2016-11,2026-08,118,118,0.4201525383931206,0.7880735542488324,0.9677964316672818,0.06337006685207636
72,fixed,BRL,COM_DEV_L,2010-11,2020-08,2016-11,2026-08,118,118,0.4307793966881398,0.8080061863806858,0.9922747689328072,0.01539078293934415
72,fixed,BRL,COM_DEV_D,2010-11,2020-08,2016-11,2026-08,118,118,0.4301264172625803,0.8067814030705096,0.9907706695873039,0.018373480285525545
72,fixed,BRL,COM_DEV_LD,2010-11,2020-08,2016-11,2026-08,118,118,0.42068407620567017,0.789070551422182,0.9690207974660678,0.06099869407822589
72,fixed,BRL,COM_SLOG_L,2010-11,2020-08,2016-11,2026-08,118,118,0.4310494158329613,0.8085126570734217,0.9928967420043958,0.014156059717056357
72,fixed,BRL,COM_SLOG_D,2010-11,2020-08,2016-11,2026-08,118,118,0.4302087984950839,0.8069359242616723,0.9909604298661737,0.01799742643944824
72,fixed,BRL,COM_SLOG_LD,2010-11,2020-08,2016-11,2026-08,118,118,0.4212081419026061,0.7900535332649757,0.9702279516900874,0.05865772175925754
72,fixed,BRL,JOINT_LOG_LOG,2010-11,2020-08,2016-11,2026-08,118,118,0.2884045410843701,0.5409558933598588,0.664322740511291,0.5586752964395678
72,fixed,BRL,JOINT_LOG_DEV,2010-11,2020-08,2016-11,2026-08,118,118,0.2872199559992005,0.5387339856166614,0.6615941190853253,0.5622932215917124
72,fixed,BRL,JOINT_LOG_SLOG,2010-11,2020-08,2016-11,2026-08,118,118,0.28722138807016073,0.5387366717297951,0.6615974177757735,0.5622888567924286
72,fixed,BRL,JOINT_DEV_LOG,2010-11,2020-08,2016-11,2026-08,118,118,0.29255219144589806,0.5487355763642549,0.6738766069119135,0.5458903186568864
72,fixed,BRL,JOINT_DEV_DEV,2010-11,2020-08,2016-11,2026-08,118,118,0.2913109175982247,0.5464073383946039,0.6710174062866012,0.5497356404604024
72,fixed,BRL,JOINT_DEV_SLOG,2010-11,2020-08,2016-11,2026-08,118,118,0.2914513089277749,0.5466706682187851,0.6713407893805016,0.5493015445139651
72,fixed,BRL,JOINT_SLOG_LOG,2010-11,2020-08,2016-11,2026-08,118,118,0.29070124833082644,0.5452637912716652,0.6696130693195038,0.5516183373965133
72,fixed,BRL,JOINT_SLOG_DEV,2010-11,2020-08,2016-11,2026-08,118,118,0.2894993705019405,0.5430094477991602,0.6668446150848957,0.5553182593322773
72,fixed,BRL,JOINT_SLOG_SLOG,2010-11,2020-08,2016-11,2026-08,118,118,0.2895632014027094,0.5431291744228103,0.666991645775774,0.5551221444653245
72,fixed,EUR,EJR,2010-11,2020-08,2016-11,2026-08,118,118,0.12048849729645358,0.9734220548534116,1.0,0.0
72,fixed,EUR,TOT_LOG_L,2010-11,2020-08,2016-11,2026-08,118,118,0.12080448629686513,0.9759749181473647,1.002622565701306,-0.0052520092534693585
72,fixed,EUR,TOT_LOG_D,2010-11,2020-08,2016-11,2026-08,118,118,0.1318382949660269,1.065116644939495,1.094198184260261,-0.19726966643845234
72,fixed,EUR,TOT_LOG_LD,2010-11,2020-08,2016-11,2026-08,118,118,0.12903928172351575,1.042503521834612,1.0709676410522704,-0.14697168818106454
72,fixed,EUR,TOT_DEV_L,2010-11,2020-08,2016-11,2026-08,118,118,0.1215657549170061,0.9821251788041124,1.0089407507332588,-0.017961438490191828
72,fixed,EUR,TOT_DEV_D,2010-11,2020-08,2016-11,2026-08,118,118,0.13195714774839737,1.0660768521147532,1.095184608566625,-0.1994293268412317
72,fixed,EUR,TOT_DEV_LD,2010-11,2020-08,2016-11,2026-08,118,118,0.13001894944344364,1.0504182206349415,1.0790984397750518,-0.16445344272495133
72,fixed,EUR,TOT_SLOG_L,2010-11,2020-08,2016-11,2026-08,118,118,0.12166047453900229,0.9828904150809964,1.009726880730076,-0.019548373668889507
72,fixed,EUR,TOT_SLOG_D,2010-11,2020-08,2016-11,2026-08,118,118,0.1319346297103551,1.0658949297291795,1.0949977190415041,-0.19902000470609682
72,fixed,EUR,TOT_SLOG_LD,2010-11,2020-08,2016-11,2026-08,118,118,0.13005181199733368,1.0506837159764317,1.0793711841002567,-0.16504215306599002
72,fixed,EUR,COM_LOG_L,2010-11,2020-08,2016-11,2026-08,118,118,0.11841306497313653,0.9566547148815159,0.9827748509618259,0.03415359231696091
72,fixed,EUR,COM_LOG_D,2010-11,2020-08,2016-11,2026-08,118,118,0.1265457042401878,1.0223580027832364,1.050272076419302,-0.10307143450611256
72,fixed,EUR,COM_LOG_LD,2010-11,2020-08,2016-11,2026-08,118,118,0.12211490689365674,0.9865617570462898,1.0134984636184936,-0.027179135757047224
72,fixed,EUR,COM_DEV_L,2010-11,2020-08,2016-11,2026-08,118,118,0.11868964682736334,0.9588892093180612,0.9850703551836629,0.029636395338332067
72,fixed,EUR,COM_DEV_D,2010-11,2020-08,2016-11,2026-08,118,118,0.1263263751050281,1.020586050918727,1.0484517438557708,-0.09925105919420663
72,fixed,EUR,COM_DEV_LD,2010-11,2020-08,2016-11,2026-08,118,118,0.12215073008936851,0.9868511713021201,1.013795779930968,-0.02778188340583987
72,fixed,EUR,COM_SLOG_L,2010-11,2020-08,2016-11,2026-08,118,118,0.11880815851745731,0.9598466608215983,0.9860539485784944,0.027697610492759872
72,fixed,EUR,COM_SLOG_D,2010-11,2020-08,2016-11,2026-08,118,118,0.12641193076709153,1.0212772519066955,1.0491618171323338,-0.10074051852842048
72,fixed,EUR,COM_SLOG_LD,2010-11,2020-08,2016-11,2026-08,118,118,0.12232384593121029,0.9882497677015646,1.0152325630739751,-0.030697157125752828
72,fixed,EUR,JOINT_LOG_LOG,2010-11,2020-08,2016-11,2026-08,118,118,0.13721184575545303,1.1085293604158326,1.1387962239901859,-0.29685683977430544
72,fixed,EUR,JOINT_LOG_DEV,2010-11,2020-08,2016-11,2026-08,118,118,0.13812000952135747,1.1158663814509195,1.1463335722539785,-0.31408065887656744
72,fixed,EUR,JOINT_LOG_SLOG,2010-11,2020-08,2016-11,2026-08,118,118,0.1383642528387389,1.1178396140600428,1.1483606812549356,-0.3187322542522997
72,fixed,EUR,JOINT_DEV_LOG,2010-11,2020-08,2016-11,2026-08,118,118,0.13706026408585367,1.107304737787031,1.1375381647314133,-0.2939930762205123
72,fixed,EUR,JOINT_DEV_DEV,2010-11,2020-08,2016-11,2026-08,118,118,0.13793535782702215,1.1143745873314377,1.1448010467558725,-0.31056943665334114
72,fixed,EUR,JOINT_DEV_SLOG,2010-11,2020-08,2016-11,2026-08,118,118,0.13814864078168376,1.1160976923302584,1.1465711987574931,-0.314625513820195
72,fixed,EUR,JOINT_SLOG_LOG,2010-11,2020-08,2016-11,2026-08,118,118,0.13740522607352784,1.1100916727594368,1.1404011931151554,-0.3005148812584699
72,fixed,EUR,JOINT_SLOG_DEV,2010-11,2020-08,2016-11,2026-08,118,118,0.13829490899961763,1.117279387782154,1.1477851587720662,-0.3174107706974172
72,fixed,EUR,JOINT_SLOG_SLOG,2010-11,2020-08,2016-11,2026-08,118,118,0.13850549338811585,1.118980691166058,1.149532913895778,-0.32142592012971827
72,fixed,CAD,EJR,2010-11,2020-08,2016-11,2026-08,118,118,0.1276207851060635,0.7641179805788558,1.0,0.0
72,fixed,CAD,TOT_LOG_L,2010-11,2020-08,2016-11,2026-08,118,118,0.10255224515801066,0.6140223507388823,0.8035700851768087,0.3542751182089363
72,fixed,CAD,TOT_LOG_D,2010-11,2020-08,2016-11,2026-08,118,118,0.12734836926595336,0.762486915220265,0.9978654273292257,0.004264588941061853
72,fixed,CAD,TOT_LOG_LD,2010-11,2020-08,2016-11,2026-08,118,118,0.11722309993310451,0.7018627751242495,0.9185267104859317,0.15630868212389348
72,fixed,CAD,TOT_DEV_L,2010-11,2020-08,2016-11,2026-08,118,118,0.10513396827062468,0.6294801858367064,0.8237997296698151,0.3213540053959396
72,fixed,CAD,TOT_DEV_D,2010-11,2020-08,2016-11,2026-08,118,118,0.1264726750708038,0.7572437749320572,0.9910037378761967,0.017911591515406555
72,fixed,CAD,TOT_DEV_LD,2010-11,2020-08,2016-11,2026-08,118,118,0.1182146626301304,0.7077996676534646,0.9262963124061975,0.1419751416226802
72,fixed,CAD,TOT_SLOG_L,2010-11,2020-08,2016-11,2026-08,118,118,0.10481967367558573,0.6275983751969394,0.8213370070437338,0.3254055208604416
72,fixed,CAD,TOT_SLOG_D,2010-11,2020-08,2016-11,2026-08,118,118,0.1262669637025718,0.7560120966036022,0.98939184238393,0.021103782224132672
72,fixed,CAD,TOT_SLOG_LD,2010-11,2020-08,2016-11,2026-08,118,118,0.11837812482419251,0.7087783828488297,0.9275771554438441,0.1396006206987066
72,fixed,CAD,COM_LOG_L,2010-11,2020-08,2016-11,2026-08,118,118,0.1299875682750024,0.778288882082201,1.0185454365209545,-0.037434806257661934
72,fixed,CAD,COM_LOG_D,2010-11,2020-08,2016-11,2026-08,118,118,0.12139039532529626,0.726814081738691,0.951180446229121,0.09525575871137015
72,fixed,CAD,COM_LOG_LD,2010-11,2020-08,2016-11,2026-08,118,118,0.1245126058166589,0.7455080364390902,0.9756451953588794,0.04811645277313403
72,fixed,CAD,COM_DEV_L,2010-11,2020-08,2016-11,2026-08,118,118,0.12989688812555125,0.7777459428374721,1.0178348927848713,-0.035987868970390524
72,fixed,CAD,COM_DEV_D,2010-11,2020-08,2016-11,2026-08,118,118,0.12132335069917409,0.7264126580655913,0.9506551036991683,0.0962548738107235
72,fixed,CAD,COM_DEV_LD,2010-11,2020-08,2016-11,2026-08,118,118,0.1243394526540802,0.7444712974407325,0.9742884166614689,0.05076208115928793
72,fixed,CAD,COM_SLOG_L,2010-11,2020-08,2016-11,2026-08,118,118,0.12984586008688767,0.7774404170422491,1.0174350516569455,-0.03517408434017133
72,fixed,CAD,COM_SLOG_D,2010-11,2020-08,2016-11,2026-08,118,118,0.12121329508781915,0.7257537099841326,0.9497927393808211,0.09789375221947572
72,fixed,CAD,COM_SLOG_LD,2010-11,2020-08,2016-11,2026-08,118,118,0.1241931333652938,0.7435952238499434,0.9731419005303795,0.052994841432120965
72,fixed,CAD,JOINT_LOG_LOG,2010-11,2020-08,2016-11,2026-08,118,118,0.10025723511467041,0.6002811843742661,0.7855870423563708,0.3828529988817697
72,fixed,CAD,JOINT_LOG_DEV,2010-11,2020-08,2016-11,2026-08,118,118,0.10074319329882912,0.6031908153251846,0.7893948718079358,0.3768557363633327
72,fixed,CAD,JOINT_LOG_SLOG,2010-11,2020-08,2016-11,2026-08,118,118,0.10047199693242076,0.60156705145578,0.7872698545845817,0.3802061760623716
72,fixed,CAD,JOINT_DEV_LOG,2010-11,2020-08,2016-11,2026-08,118,118,0.10272090211203297,0.6150321690926168,0.8048916328689197,0.3521494593376041
72,fixed,CAD,JOINT_DEV_DEV,2010-11,2020-08,2016-11,2026-08,118,118,0.1031747500704031,0.6177495429526145,0.8084478557678224,0.3464120645044102
72,fixed,CAD,JOINT_DEV_SLOG,2010-11,2020-08,2016-11,2026-08,118,118,0.10287020159468153,0.6159260863263031,0.8060615009474187,0.35026485669039453
72,fixed,CAD,JOINT_SLOG_LOG,2010-11,2020-08,2016-11,2026-08,118,118,0.10295968739681913,0.6164618745238372,0.8067626861192794,0.34913396828560506
72,fixed,CAD,JOINT_SLOG_DEV,2010-11,2020-08,2016-11,2026-08,118,118,0.10344235187258691,0.6193517846917953,0.810544707013185,0.34301727793291004
72,fixed,CAD,JOINT_SLOG_SLOG,2010-11,2020-08,2016-11,2026-08,118,118,0.1031380401792654,0.6175297457788228,0.8081602075519994,0.34687707892950936
72,recent,POOL,EJR,2019-01,2020-08,2025-01,2026-08,20,60,0.31199735119642813,1.8752542463659978,1.0,0.0
72,recent,POOL,TOT_LOG_L,2019-01,2020-08,2025-01,2026-08,20,60,0.2522344907969275,1.5160506912416334,0.8084507443081625,0.3464073940275779
72,recent,POOL,TOT_LOG_D,2019-01,2020-08,2025-01,2026-08,20,60,0.3152464010660406,1.8947825998641332,1.0104137097868084,-0.020935864925140546
72,recent,POOL,TOT_LOG_LD,2019-01,2020-08,2025-01,2026-08,20,60,0.261653879986106,1.5726657538613804,0.8386413505843301,0.2966806850900908
72,recent,POOL,TOT_DEV_L,2019-01,2020-08,2025-01,2026-08,20,60,0.2567252177518925,1.5430421216472925,0.8228442221301513,0.3229273861070262
72,recent,POOL,TOT_DEV_D,2019-01,2020-08,2025-01,2026-08,20,60,0.3142875071840147,1.8890191861133818,1.0073403058673556,-0.01473449182493769
72,recent,POOL,TOT_DEV_LD,2019-01,2020-08,2025-01,2026-08,20,60,0.2656699718974138,1.596804399210759,0.8515135493254641,0.2749246753151505
72,recent,POOL,TOT_SLOG_L,2019-01,2020-08,2025-01,2026-08,20,60,0.25528722393952014,1.534399086722289,0.8182352284740897,0.3304911108839542
72,recent,POOL,TOT_SLOG_D,2019-01,2020-08,2025-01,2026-08,20,60,0.31452043823699793,1.8904192138525349,1.0080868860934056,-0.01623916991349894
72,recent,POOL,TOT_SLOG_LD,2019-01,2020-08,2025-01,2026-08,20,60,0.26443976301039157,1.5894102516948936,0.8475705386482748,0.28162418201547323
72,recent,POOL,COM_LOG_L,2019-01,2020-08,2025-01,2026-08,20,60,0.3032113721657759,1.8224462836620448,0.9718395717240539,0.055527846831207484
72,recent,POOL,COM_LOG_D,2019-01,2020-08,2025-01,2026-08,20,60,0.3186433511919842,1.915199905087852,1.0213014628812407,-0.04305667808336233
72,recent,POOL,COM_LOG_LD,2019-01,2020-08,2025-01,2026-08,20,60,0.30556909294057377,1.836617320299793,0.9793964332350783,0.04078262656640674
72,recent,POOL,COM_DEV_L,2019-01,2020-08,2025-01,2026-08,20,60,0.3032654589746168,1.8227713714153937,0.9720129283523504,0.05519086711588839
72,recent,POOL,COM_DEV_D,2019-01,2020-08,2025-01,2026-08,20,60,0.3185345466771072,1.9145459375853568,1.020952727501085,-0.04234447179190459
72,recent,POOL,COM_DEV_LD,2019-01,2020-08,2025-01,2026-08,20,60,0.305614828811316,1.8368922148958262,0.9795430238088982,0.04049546450732011
72,recent,POOL,COM_SLOG_L,2019-01,2020-08,2025-01,2026-08,20,60,0.3034346647122183,1.8237883793378324,0.9725552590386611,0.054136268116242725
72,recent,POOL,COM_SLOG_D,2019-01,2020-08,2025-01,2026-08,20,60,0.31855742223135397,1.9146834306764835,1.0210260472076755,-0.042494189076530686
72,recent,POOL,COM_SLOG_LD,2019-01,2020-08,2025-01,2026-08,20,60,0.3058509939744103,1.8383116811933382,0.9802999698604872,0.03901196909152804
72,recent,POOL,JOINT_LOG_LOG,2019-01,2020-08,2025-01,2026-08,20,60,0.25836631677283733,1.5529059166312322,0.8281041995455095,0.314243434695091
72,recent,POOL,JOINT_LOG_DEV,2019-01,2020-08,2025-01,2026-08,20,60,0.25823419018723975,1.5521117722586935,0.827680713304069,0.3149446368244675
72,recent,POOL,JOINT_LOG_SLOG,2019-01,2020-08,2025-01,2026-08,20,60,0.2579839942357956,1.5506079741701198,0.8268787963952083,0.31627145607201157
72,recent,POOL,JOINT_DEV_LOG,2019-01,2020-08,2025-01,2026-08,20,60,0.26415371155458695,1.587690944767704,0.8466536992754158,0.2831775135032538
72,recent,POOL,JOINT_DEV_DEV,2019-01,2020-08,2025-01,2026-08,20,60,0.2639959156901318,1.5867425156744963,0.8461479390058173,0.28403366531620766
72,recent,POOL,JOINT_DEV_SLOG,2019-01,2020-08,2025-01,2026-08,20,60,0.26379999044973756,1.5855649106800604,0.8455199681604145,0.2850959834420116
72,recent,POOL,JOINT_SLOG_LOG,2019-01,2020-08,2025-01,2026-08,20,60,0.2622706969690157,1.576373120805351,0.8406183448778533,0.29336079825481864
72,recent,POOL,JOINT_SLOG_DEV,2019-01,2020-08,2025-01,2026-08,20,60,0.2621230598137769,1.5754857504439643,0.8401451448501203,0.2941561355847704
72,recent,POOL,JOINT_SLOG_SLOG,2019-01,2020-08,2025-01,2026-08,20,60,0.26190274657833923,1.5741615618612699,0.8394390066903157,0.2953421540467761
72,recent,BRL,EJR,2019-01,2020-08,2025-01,2026-08,20,20,0.49110135494577156,1.7634638352081935,1.0,0.0
72,recent,BRL,TOT_LOG_L,2019-01,2020-08,2025-01,2026-08,20,20,0.4021660729723068,1.4441119298330467,0.8189064618172653,0.32939220679392767
72,recent,BRL,TOT_LOG_D,2019-01,2020-08,2025-01,2026-08,20,20,0.49616663519079995,1.7816524197790675,1.0103141239461408,-0.02073462904505785
72,recent,BRL,TOT_LOG_LD,2019-01,2020-08,2025-01,2026-08,20,20,0.41686359677434315,1.4968883097615133,0.8488341410102077,0.2794806010554628
72,recent,BRL,TOT_DEV_L,2019-01,2020-08,2025-01,2026-08,20,20,0.40901407574898563,1.4687019765076523,0.832850635881772,0.3063598183113281
72,recent,BRL,TOT_DEV_D,2019-01,2020-08,2025-01,2026-08,20,20,0.4946910217988856,1.7763537358614123,1.007309421603022,-0.014672270850214941
72,recent,BRL,TOT_DEV_LD,2019-01,2020-08,2025-01,2026-08,20,20,0.42298904742972937,1.5188837911348416,0.8613070258713431,0.2581502071846614
72,recent,BRL,TOT_SLOG_L,2019-01,2020-08,2025-01,2026-08,20,20,0.40679183980277445,1.4607222943402596,0.8283256311677113,0.3138766487506127
72,recent,BRL,TOT_SLOG_D,2019-01,2020-08,2025-01,2026-08,20,20,0.49505875407326266,1.7776742017089855,1.0080582126024231,-0.0161813599951921
72,recent,BRL,TOT_SLOG_LD,2019-01,2020-08,2025-01,2026-08,20,20,0.4211060971216749,1.5121224276437657,0.857472887991063,0.26474024636026583
72,recent,BRL,COM_LOG_L,2019-01,2020-08,2025-01,2026-08,20,20,0.47391482671135515,1.7017498515489047,0.9650041115518523,0.06876706468802019
72,recent,BRL,COM_LOG_D,2019-01,2020-08,2025-01,2026-08,20,20,0.5051235807995703,1.8138153317643897,1.028552610805456,-0.057920473194719824
72,recent,BRL,COM_LOG_LD,2019-01,2020-08,2025-01,2026-08,20,20,0.48136774354960027,1.7285120446862272,0.9801800355504088,0.03924709790839942
72,recent,BRL,COM_DEV_L,2019-01,2020-08,2025-01,2026-08,20,20,0.47404328791019834,1.7022111344920408,0.9652656893250542,0.06826214901182792
72,recent,BRL,COM_DEV_D,2019-01,2020-08,2025-01,2026-08,20,20,0.5049482208283829,1.8131856430774864,1.0281955358973511,-0.05718606003924087
72,recent,BRL,COM_DEV_LD,2019-01,2020-08,2025-01,2026-08,20,20,0.4815544562641265,1.7291824991989762,0.9805602273634548,0.03850164051292981
72,recent,BRL,COM_SLOG_L,2019-01,2020-08,2025-01,2026-08,20,20,0.4743668407676002,1.7033729593517368,0.9659245204484943,0.0669898207963463
72,recent,BRL,COM_SLOG_D,2019-01,2020-08,2025-01,2026-08,20,20,0.505008942765737,1.813403685523205,1.0283191803074971,-0.05744033658828296
72,recent,BRL,COM_SLOG_LD,2019-01,2020-08,2025-01,2026-08,20,20,0.482012749952609,1.730828156123772,0.9814934230955927,0.03667066042009581
72,recent,BRL,JOINT_LOG_LOG,2019-01,2020-08,2025-01,2026-08,20,20,0.41574979165951814,1.492888819595821,0.8465661669889427,0.28332572490964947
72,recent,BRL,JOINT_LOG_DEV,2019-01,2020-08,2025-01,2026-08,20,20,0.415375126757916,1.491543459829159,0.8458032594998288,0.28461684621946526
72,recent,BRL,JOINT_LOG_SLOG,2019-01,2020-08,2025-01,2026-08,20,20,0.415091983202878,1.4905267380985971,0.8452267113958855,0.2855918063428965
72,recent,BRL,JOINT_DEV_LOG,2019-01,2020-08,2025-01,2026-08,20,20,0.42448759336633296,1.524264822031998,0.8643584243688469,0.2528845142226043
72,recent,BRL,JOINT_DEV_DEV,2019-01,2020-08,2025-01,2026-08,20,20,0.42408426647160685,1.522816541783016,0.8635371541958689,0.25430358332330016
72,recent,BRL,JOINT_DEV_SLOG,2019-01,2020-08,2025-01,2026-08,20,20,0.42389041948874384,1.5221204692912575,0.8631424353035041,0.2549851363783362
72,recent,BRL,JOINT_SLOG_LOG,2019-01,2020-08,2025-01,2026-08,20,20,0.4216523696077208,1.514084001896432,0.8585852296300027,0.2628314034611955
72,recent,BRL,JOINT_SLOG_DEV,2019-01,2020-08,2025-01,2026-08,20,20,0.421262150413543,1.5126827892347146,0.8577906498752372,0.2641952009866181
72,recent,BRL,JOINT_SLOG_SLOG,2019-01,2020-08,2025-01,2026-08,20,20,0.42103018629564753,1.5118498444080408,0.857318315365142,0.2650053061394749
72,recent,EUR,EJR,2019-01,2020-08,2025-01,2026-08,20,20,0.12955834340850336,2.377032475695625,1.0,0.0
72,recent,EUR,TOT_LOG_L,2019-01,2020-08,2025-01,2026-08,20,20,0.09454378986637471,1.734613556914047,0.7297391073323147,0.4674808352298365
72,recent,EUR,TOT_LOG_D,2019-01,2020-08,2025-01,2026-08,20,20,0.12924716731963953,2.3713232666286563,0.9975981779275868,0.0047978753955588704
72,recent,EUR,TOT_LOG_LD,2019-01,2020-08,2025-01,2026-08,20,20,0.09094921908590323,1.668663257947763,0.7019943038260082,0.507203997395838
72,recent,EUR,TOT_DEV_L,2019-01,2020-08,2025-01,2026-08,20,20,0.09591758686491354,1.7598188813619178,0.7403428010998954,0.45189253685956077
72,recent,EUR,TOT_DEV_D,2019-01,2020-08,2025-01,2026-08,20,20,0.12929268521822296,2.3721583924901926,0.9979495092072707,0.004096777072967628
72,recent,EUR,TOT_DEV_LD,2019-01,2020-08,2025-01,2026-08,20,20,0.09219996547133345,1.6916109485310886,0.7116482277071323,0.49355680000129754
72,recent,EUR,TOT_SLOG_L,2019-01,2020-08,2025-01,2026-08,20,20,0.09503778564533473,1.7436769948876407,0.7335520287232776,0.46190142115596367
72,recent,EUR,TOT_SLOG_D,2019-01,2020-08,2025-01,2026-08,20,20,0.12924913164319582,2.3713593064603122,0.9976133396184869,0.004767624615249488
72,recent,EUR,TOT_SLOG_LD,2019-01,2020-08,2025-01,2026-08,20,20,0.0911023865815011,1.671473452194452,0.7031765317826821,0.5055427651500786
72,recent,EUR,COM_LOG_L,2019-01,2020-08,2025-01,2026-08,20,20,0.11446355757622109,2.100085463306995,0.8834904380902145,0.2194446458031608
72,recent,EUR,COM_LOG_D,2019-01,2020-08,2025-01,2026-08,20,20,0.13936590061081072,2.5569736617574175,1.0756999274943158,-0.15713033401127596
72,recent,EUR,COM_LOG_LD,2019-01,2020-08,2025-01,2026-08,20,20,0.11793531375428377,2.1637824585435848,0.9102872933658032,0.1713770435367603
72,recent,EUR,COM_DEV_L,2019-01,2020-08,2025-01,2026-08,20,20,0.11421110199692186,2.0954536110088164,0.8815418520504623,0.22288396308344072
72,recent,EUR,COM_DEV_D,2019-01,2020-08,2025-01,2026-08,20,20,0.13922249869063788,2.5543426384488437,1.074593075427516,-0.15475027775676709
72,recent,EUR,COM_DEV_LD,2019-01,2020-08,2025-01,2026-08,20,20,0.11757915507661328,2.157247945049118,0.9075382718184412,0.17637428518479725
72,recent,EUR,COM_SLOG_L,2019-01,2020-08,2025-01,2026-08,20,20,0.11447844429426106,2.100358592858566,0.8836053416745636,0.2192416001641777
72,recent,EUR,COM_SLOG_D,2019-01,2020-08,2025-01,2026-08,20,20,0.1393619095699742,2.556900437344148,1.0756691225246664,-0.15706406115298588
72,recent,EUR,COM_SLOG_LD,2019-01,2020-08,2025-01,2026-08,20,20,0.11805577978339879,2.1659926725359138,0.9112171140623768,0.16968337103983344
72,recent,EUR,JOINT_LOG_LOG,2019-01,2020-08,2025-01,2026-08,20,20,0.10269267496731747,1.8841227588384508,0.7926365239444502,0.3717273409092591
72,recent,EUR,JOINT_LOG_DEV,2019-01,2020-08,2025-01,2026-08,20,20,0.10266904279897421,1.8836891747855433,0.792454118336895,0.37201647033089436
72,recent,EUR,JOINT_LOG_SLOG,2019-01,2020-08,2025-01,2026-08,20,20,0.1032332759449473,1.8940412715826833,0.7968091689737655,0.3650951482393372
72,recent,EUR,JOINT_DEV_LOG,2019-01,2020-08,2025-01,2026-08,20,20,0.10355818930284251,1.9000025210335894,0.7993170225735198,0.36109229742420335
72,recent,EUR,JOINT_DEV_DEV,2019-01,2020-08,2025-01,2026-08,20,20,0.10352682482324817,1.89942707074133,0.7990749348872375,0.36147924843495727
72,recent,EUR,JOINT_DEV_SLOG,2019-01,2020-08,2025-01,2026-08,20,20,0.1040800991305274,1.909578103563848,0.8033453993955303,0.35463616927003594
72,recent,EUR,JOINT_SLOG_LOG,2019-01,2020-08,2025-01,2026-08,20,20,0.1023554238419057,1.8779351459338844,0.7900334409122104,0.37584716224041304
72,recent,EUR,JOINT_SLOG_DEV,2019-01,2020-08,2025-01,2026-08,20,20,0.10232862724853765,1.877443503551016,0.7898266105942002,0.37617392519727766
72,recent,EUR,JOINT_SLOG_SLOG,2019-01,2020-08,2025-01,2026-08,20,20,0.1028758871149687,1.8874841882412314,0.7940506524585323,0.369483561330179
72,recent,CAD,EJR,2019-01,2020-08,2025-01,2026-08,20,20,0.18455659371703154,3.678388649626994,1.0,0.0
72,recent,CAD,TOT_LOG_L,2019-01,2020-08,2025-01,2026-08,20,20,0.14209375985767955,2.8320639372261986,0.7699197140338565,0.40722363394202465
72,recent,CAD,TOT_LOG_D,2019-01,2020-08,2025-01,2026-08,20,20,0.1877624031017967,3.742283483272808,1.0173703324286554,-0.0350423933059929
72,recent,CAD,TOT_LOG_LD,2019-01,2020-08,2025-01,2026-08,20,20,0.1527784015081087,3.045019019354177,0.8278132925575866,0.3147251526649675
72,recent,CAD,TOT_DEV_L,2019-01,2020-08,2025-01,2026-08,20,20,0.1457079773330366,2.904098733008247,0.7895029616576096,0.37668507353386305
72,recent,CAD,TOT_DEV_D,2019-01,2020-08,2025-01,2026-08,20,20,0.1867996413713427,3.723094725232404,1.0121537118188813,-0.02445513634873886
72,recent,CAD,TOT_DEV_LD,2019-01,2020-08,2025-01,2026-08,20,20,0.15595202475599032,3.1082723526439042,0.8450092278745742,0.2859594048068159
72,recent,CAD,TOT_SLOG_L,2019-01,2020-08,2025-01,2026-08,20,20,0.14492383685834934,2.888470066680426,0.7852541810592338,0.3833758711289921
72,recent,CAD,TOT_SLOG_D,2019-01,2020-08,2025-01,2026-08,20,20,0.1870315753857843,3.7277173909903807,1.0134104212637751,-0.027000681926022008
72,recent,CAD,TOT_SLOG_LD,2019-01,2020-08,2025-01,2026-08,20,20,0.15541935178439456,3.0976556731028575,0.8421229968228001,0.2908288582221862
72,recent,CAD,COM_LOG_L,2019-01,2020-08,2025-01,2026-08,20,20,0.1952286855001063,3.891093600948476,1.0578255784208803,-0.11899495436147012
72,recent,CAD,COM_LOG_D,2019-01,2020-08,2025-01,2026-08,20,20,0.17328609189352806,3.4537568163870547,0.938932001309128,0.11840669691763572
72,recent,CAD,COM_LOG_LD,2019-01,2020-08,2025-01,2026-08,20,20,0.18572498195240192,3.7016757397102324,1.0063307856513748,-0.012701650149713029
72,recent,CAD,COM_DEV_L,2019-01,2020-08,2025-01,2026-08,20,20,0.1953166689998387,3.8928471958770126,1.0583023075258144,-0.1200037741144635
72,recent,CAD,COM_DEV_D,2019-01,2020-08,2025-01,2026-08,20,20,0.17331232622337192,3.4542796915614637,0.9390741491962096,0.11813974231141511
72,recent,CAD,COM_DEV_LD,2019-01,2020-08,2025-01,2026-08,20,20,0.18569253811540495,3.7010291031454994,1.006154992219433,-0.012347868368087545
72,recent,CAD,COM_SLOG_L,2019-01,2020-08,2025-01,2026-08,20,20,0.19516294069105694,3.889783244301182,1.057469347263135,-0.11824142040112062
72,recent,CAD,COM_SLOG_D,2019-01,2020-08,2025-01,2026-08,20,20,0.1731494142747767,3.451032701299387,0.9381914283715882,0.11979684373007915
72,recent,CAD,COM_SLOG_LD,2019-01,2020-08,2025-01,2026-08,20,20,0.18536729293017562,3.694546656901786,1.0043926862585417,-0.008804668209649424
72,recent,CAD,JOINT_LOG_LOG,2019-01,2020-08,2025-01,2026-08,20,20,0.12986834168268474,2.5883997118190383,0.7036776040730536,0.5048378295260068
72,recent,CAD,JOINT_LOG_DEV,2019-01,2020-08,2025-01,2026-08,20,20,0.1302968252359442,2.5969397970423174,0.7059992959976263,0.501564994050856
72,recent,CAD,JOINT_LOG_SLOG,2019-01,2020-08,2025-01,2026-08,20,20,0.12926236909457103,2.5763221011240764,0.7003942069539953,0.5094479548652839
72,recent,CAD,JOINT_DEV_LOG,2019-01,2020-08,2025-01,2026-08,20,20,0.13571121726138632,2.7048537857538415,0.7353365952855815,0.4592800916338089
72,recent,CAD,JOINT_DEV_DEV,2019-01,2020-08,2025-01,2026-08,20,20,0.13607447217045948,2.712093801987045,0.7373048528360547,0.4563815539844036
72,recent,CAD,JOINT_DEV_SLOG,2019-01,2020-08,2025-01,2026-08,20,20,0.13511310119481848,2.6929327630143565,0.7320957678812521,0.4640357866503598
72,recent,CAD,JOINT_SLOG_LOG,2019-01,2020-08,2025-01,2026-08,20,20,0.1345005646091409,2.6807243255976347,0.7287768044492723,0.4688843692967072
72,recent,CAD,JOINT_SLOG_DEV,2019-01,2020-08,2025-01,2026-08,20,20,0.13487975434733743,2.6882819381485885,0.7308314031528976,0.46588546016556676
72,recent,CAD,JOINT_SLOG_SLOG,2019-01,2020-08,2025-01,2026-08,20,20,0.13390026166514324,2.668759716308604,0.725524127685428,0.4736147401462988
72,adaptive_TOT,POOL,EJR,2018-11,2020-08,2024-11,2026-08,22,66,0.3195395389010382,1.78848471429813,1.0,0.0
72,adaptive_TOT,POOL,TOT_LOG_L,2018-11,2020-08,2024-11,2026-08,22,66,0.2645900046387851,1.480928402413117,0.8280352583244135,0.31435761097162174
72,adaptive_TOT,POOL,TOT_LOG_D,2018-11,2020-08,2024-11,2026-08,22,66,0.3226463128507237,1.805873541167261,1.0097226589246837,-0.01953984794593322
72,adaptive_TOT,POOL,TOT_LOG_LD,2018-11,2020-08,2024-11,2026-08,22,66,0.2730216732379175,1.5281210298339318,0.8544221919356048,0.2699627179279567
72,adaptive_TOT,POOL,TOT_DEV_L,2018-11,2020-08,2024-11,2026-08,22,66,0.268987795733353,1.5055431407843427,0.8417981594968094,0.29137585866778437
72,adaptive_TOT,POOL,TOT_DEV_D,2018-11,2020-08,2024-11,2026-08,22,66,0.3217497717566731,1.8008555391761327,1.0069169307286239,-0.013881705387952525
72,adaptive_TOT,POOL,TOT_DEV_LD,2018-11,2020-08,2024-11,2026-08,22,66,0.2769691026949101,1.5502150632323715,0.8667756849354652,0.24869991200465513
72,adaptive_TOT,POOL,TOT_SLOG_L,2018-11,2020-08,2024-11,2026-08,22,66,0.2676529755254664,1.4980720605344555,0.8376208354245603,0.29839133606266166
72,adaptive_TOT,POOL,TOT_SLOG_D,2018-11,2020-08,2024-11,2026-08,22,66,0.32196312116143033,1.8020496704267608,1.0075846083671753,-0.015226743018434297
72,adaptive_TOT,POOL,TOT_SLOG_LD,2018-11,2020-08,2024-11,2026-08,22,66,0.2758139829729215,1.543749778926504,0.8631607341035233,0.2549535471018667
72,adaptive_TOT,POOL,COM_LOG_L,2018-11,2020-08,2024-11,2026-08,22,66,0.31167049265435054,1.744441122770433,0.9753737948244185,0.04864596036981306
72,adaptive_TOT,POOL,COM_LOG_D,2018-11,2020-08,2024-11,2026-08,22,66,0.3252060125266939,1.8202003558062605,1.0177332471754321,-0.03578096240624906
72,adaptive_TOT,POOL,COM_LOG_LD,2018-11,2020-08,2024-11,2026-08,22,66,0.3133341430855653,1.7537526883325418,0.9805801941230355,0.03846248289362997
72,adaptive_TOT,POOL,COM_DEV_L,2018-11,2020-08,2024-11,2026-08,22,66,0.3117436855393976,1.7448507883678495,0.9756028521902106,0.04819907479832619
72,adaptive_TOT,POOL,COM_DEV_D,2018-11,2020-08,2024-11,2026-08,22,66,0.3250975631290315,1.819593357089729,1.0173938544416397,-0.03509025505561625
72,adaptive_TOT,POOL,COM_DEV_LD,2018-11,2020-08,2024-11,2026-08,22,66,0.3133988021363856,1.754114589474513,0.9807825448275609,0.03806559976157353
72,adaptive_TOT,POOL,COM_SLOG_L,2018-11,2020-08,2024-11,2026-08,22,66,0.3119021934763303,1.745737968161856,0.9760989032813459,0.047230931012953725
72,adaptive_TOT,POOL,COM_SLOG_D,2018-11,2020-08,2024-11,2026-08,22,66,0.3251128692505334,1.8196790265015192,1.0174417549974035,-0.035187724812196564
72,adaptive_TOT,POOL,COM_SLOG_LD,2018-11,2020-08,2024-11,2026-08,22,66,0.3136193982168428,1.7553492808660343,0.9814729009606888,0.036710944679809954
72,adaptive_TOT,POOL,JOINT_LOG_LOG,2018-11,2020-08,2024-11,2026-08,22,66,0.26982234173762454,1.5102141520061505,0.8444098738628676,0.286971964922896
72,adaptive_TOT,POOL,JOINT_LOG_DEV,2018-11,2020-08,2024-11,2026-08,22,66,0.26966545084884946,1.5093360229415853,0.8439188833290682,0.2878009183606186
72,adaptive_TOT,POOL,JOINT_LOG_SLOG,2018-11,2020-08,2024-11,2026-08,22,66,0.269419348527052,1.5079585713679808,0.8431487053328056,0.2891002606956138
72,adaptive_TOT,POOL,JOINT_DEV_LOG,2018-11,2020-08,2024-11,2026-08,22,66,0.27545639181648945,1.54174831669918,0.8620416514458282,0.2568841911725491
72,adaptive_TOT,POOL,JOINT_DEV_DEV,2018-11,2020-08,2024-11,2026-08,22,66,0.2752820318220054,1.5407724118518729,0.8614959912903316,0.2578246569906889
72,adaptive_TOT,POOL,JOINT_DEV_SLOG,2018-11,2020-08,2024-11,2026-08,22,66,0.2750899921155075,1.5396975524438918,0.8608950024200392,0.25885979480820054
72,adaptive_TOT,POOL,JOINT_SLOG_LOG,2018-11,2020-08,2024-11,2026-08,22,66,0.2737068829967965,1.5319561958483094,0.8565665580482793,0.2662937316333237
72,adaptive_TOT,POOL,JOINT_SLOG_DEV,2018-11,2020-08,2024-11,2026-08,22,66,0.27353979435162035,1.5310209892417712,0.8560436536034935,0.267189263125182
72,adaptive_TOT,POOL,JOINT_SLOG_SLOG,2018-11,2020-08,2024-11,2026-08,22,66,0.2733252720063303,1.529820292962537,0.855372305243826,0.26833821942186287
72,adaptive_TOT,POOL,ADAPTIVE_TOT,2018-11,2020-08,2024-11,2026-08,22,66,0.26498080393897605,1.4831157328985827,0.8292582659732791,0.3123307283149903
72,adaptive_TOT,BRL,EJR,2018-11,2020-08,2024-11,2026-08,22,22,0.5025212529369404,1.6764644213411657,1.0,0.0
72,adaptive_TOT,BRL,TOT_LOG_L,2018-11,2020-08,2024-11,2026-08,22,22,0.42126379837402766,1.405380898510413,0.8383004617456261,0.2972523358370701
72,adaptive_TOT,BRL,TOT_LOG_D,2018-11,2020-08,2024-11,2026-08,22,22,0.5073096337918518,1.6924389698645845,1.0095287131179551,-0.01914822260959448
72,adaptive_TOT,BRL,TOT_LOG_LD,2018-11,2020-08,2024-11,2026-08,22,22,0.43441594999984084,1.4492578771175786,0.8644727908738901,0.2526867938387076
72,adaptive_TOT,BRL,TOT_DEV_L,2018-11,2020-08,2024-11,2026-08,22,22,0.42797216099618707,1.427760710699006,0.8516498725077639,0.27469249465750945
72,adaptive_TOT,BRL,TOT_DEV_D,2018-11,2020-08,2024-11,2026-08,22,22,0.5059323422870732,1.6878441787147929,1.0067879504203991,-0.013621977111708095
72,adaptive_TOT,BRL,TOT_DEV_LD,2018-11,2020-08,2024-11,2026-08,22,22,0.4404404946554887,1.4693563997391526,0.8764614274150074,0.23181536625364774
72,adaptive_TOT,BRL,TOT_SLOG_L,2018-11,2020-08,2024-11,2026-08,22,22,0.4258922832075643,1.4208220168766348,0.8475109872835727,0.2817251264336239
72,adaptive_TOT,BRL,TOT_SLOG_D,2018-11,2020-08,2024-11,2026-08,22,22,0.5062700336986599,1.6889707532300176,1.007459944708428,-0.01497554019190872
72,adaptive_TOT,BRL,TOT_SLOG_LD,2018-11,2020-08,2024-11,2026-08,22,22,0.4386605280228551,1.4634182414755075,0.8729193550703438,0.238011799543575
72,adaptive_TOT,BRL,COM_LOG_L,2018-11,2020-08,2024-11,2026-08,22,22,0.4872713555733623,1.6255891395302466,0.9696532290436446,0.059772615405233265
72,adaptive_TOT,BRL,COM_LOG_D,2018-11,2020-08,2024-11,2026-08,22,22,0.5145293501373663,1.7165247125365448,1.023895700192272,-0.048362404872222875
72,adaptive_TOT,BRL,COM_LOG_LD,2018-11,2020-08,2024-11,2026-08,22,22,0.49312682635404764,1.6451236136975582,0.981305414391953,0.03703968368503752
72,adaptive_TOT,BRL,COM_DEV_L,2018-11,2020-08,2024-11,2026-08,22,22,0.4874231887933188,1.626095671323175,0.9699553719262971,0.05918657647131864
72,adaptive_TOT,BRL,COM_DEV_D,2018-11,2020-08,2024-11,2026-08,22,22,0.5143637741174293,1.7159723332991905,1.0235662096105913,-0.047687785456593135
72,adaptive_TOT,BRL,COM_DEV_LD,2018-11,2020-08,2024-11,2026-08,22,22,0.49333725738415485,1.6458256340261694,0.9817241649002695,0.03621766405086846
72,adaptive_TOT,BRL,COM_SLOG_L,2018-11,2020-08,2024-11,2026-08,22,22,0.48771885860068226,1.6270820572911566,0.9705437446680178,0.058044839685781446
72,adaptive_TOT,BRL,COM_SLOG_D,2018-11,2020-08,2024-11,2026-08,22,22,0.514410256637854,1.716127403937996,1.023658708226626,-0.04787715092820477
72,adaptive_TOT,BRL,COM_SLOG_LD,2018-11,2020-08,2024-11,2026-08,22,22,0.49375812920264156,1.6472297072380275,0.9825616853355287,0.0345725345106056
72,adaptive_TOT,BRL,JOINT_LOG_LOG,2018-11,2020-08,2024-11,2026-08,22,22,0.43299527303762764,1.4445183474609726,0.86164569260907,0.25756670040823604
72,adaptive_TOT,BRL,JOINT_LOG_DEV,2018-11,2020-08,2024-11,2026-08,22,22,0.43260693758898155,1.4432228190442224,0.8608729184301145,0.25889781831361747
72,adaptive_TOT,BRL,JOINT_LOG_SLOG,2018-11,2020-08,2024-11,2026-08,22,22,0.4323182318017745,1.4422596657891924,0.8602984038488508,0.25988665633511954
72,adaptive_TOT,BRL,JOINT_DEV_LOG,2018-11,2020-08,2024-11,2026-08,22,22,0.44150762188542997,1.472916449833721,0.87858497387937,0.22808844367338688
72,adaptive_TOT,BRL,JOINT_DEV_DEV,2018-11,2020-08,2024-11,2026-08,22,22,0.44110258101319144,1.471565190344638,0.8777789564823517,0.22950410355675366
72,adaptive_TOT,BRL,JOINT_DEV_SLOG,2018-11,2020-08,2024-11,2026-08,22,22,0.4409031157503423,1.4708997529835202,0.877382027473512,0.23020077786646942
72,adaptive_TOT,BRL,JOINT_SLOG_LOG,2018-11,2020-08,2024-11,2026-08,22,22,0.43886048008015405,1.4640853028347567,0.8733172527833865,0.23731697599087864
72,adaptive_TOT,BRL,JOINT_SLOG_DEV,2018-11,2020-08,2024-11,2026-08,22,22,0.43846425767736025,1.4627634626989614,0.872528783837092,0.23869352137576527
72,adaptive_TOT,BRL,JOINT_SLOG_SLOG,2018-11,2020-08,2024-11,2026-08,22,22,0.4382293674439966,1.461979843863234,0.8720613603560136,0.23950898377401897
72,adaptive_TOT,BRL,ADAPTIVE_TOT,2018-11,2020-08,2024-11,2026-08,22,22,0.42197939913215915,1.4077682188553353,0.839724482628224,0.2948627932747615
72,adaptive_TOT,EUR,EJR,2018-11,2020-08,2024-11,2026-08,22,22,0.13710438643835493,2.361402400468111,1.0,0.0
72,adaptive_TOT,EUR,TOT_LOG_L,2018-11,2020-08,2024-11,2026-08,22,22,0.10215610676730669,1.7594745289295144,0.7450972898904169,0.44483002859795606
72,adaptive_TOT,EUR,TOT_LOG_D,2018-11,2020-08,2024-11,2026-08,22,22,0.13764235745761463,2.3706680854637785,1.0039238060373916,-0.007863008328602206
72,adaptive_TOT,EUR,TOT_LOG_LD,2018-11,2020-08,2024-11,2026-08,22,22,0.10041064515316989,1.729411761773623,0.732366394406474,0.4636394643440609
72,adaptive_TOT,EUR,TOT_DEV_L,2018-11,2020-08,2024-11,2026-08,22,22,0.10356444815273663,1.783730942707553,0.7553693272921025,0.42941717938627655
72,adaptive_TOT,EUR,TOT_DEV_D,2018-11,2020-08,2024-11,2026-08,22,22,0.13759651762314581,2.369878568089727,1.0035894634560956,-0.0071918111600937085
72,adaptive_TOT,EUR,TOT_DEV_LD,2018-11,2020-08,2024-11,2026-08,22,22,0.10163305604709948,1.7504658220722815,0.7412823082272124,0.450500539509336
72,adaptive_TOT,EUR,TOT_SLOG_L,2018-11,2020-08,2024-11,2026-08,22,22,0.10261902987580883,1.7674476344445635,0.7484737180305208,0.4397870934175685
72,adaptive_TOT,EUR,TOT_SLOG_D,2018-11,2020-08,2024-11,2026-08,22,22,0.13759217959349218,2.369803852510573,1.0035578231142632,-0.00712830433383882
72,adaptive_TOT,EUR,TOT_SLOG_LD,2018-11,2020-08,2024-11,2026-08,22,22,0.10055343132484956,1.7318710237806023,0.7334078357154571,0.4621129465111691
72,adaptive_TOT,EUR,COM_LOG_L,2018-11,2020-08,2024-11,2026-08,22,22,0.12338533637652382,2.12511384260555,0.8999371907914887,0.19011305263032363
72,adaptive_TOT,EUR,COM_LOG_D,2018-11,2020-08,2024-11,2026-08,22,22,0.14539082856769145,2.50412302993793,1.0604389279190733,-0.1245307198461536
72,adaptive_TOT,EUR,COM_LOG_LD,2018-11,2020-08,2024-11,2026-08,22,22,0.12539651614112463,2.159753177256134,0.9146061581151934,0.16349557553776584
72,adaptive_TOT,EUR,COM_DEV_L,2018-11,2020-08,2024-11,2026-08,22,22,0.12317413423353275,2.1214762256014623,0.89839674304596,0.19288329208441146
72,adaptive_TOT,EUR,COM_DEV_D,2018-11,2020-08,2024-11,2026-08,22,22,0.14526012164211569,2.5018718135047404,1.0594855891604005,-0.12250971363856089
72,adaptive_TOT,EUR,COM_DEV_LD,2018-11,2020-08,2024-11,2026-08,22,22,0.12510788240716492,2.15478192571609,0.9125009465938284,0.1673420224653671
72,adaptive_TOT,EUR,COM_SLOG_L,2018-11,2020-08,2024-11,2026-08,22,22,0.12342609880827735,2.125815909889407,0.9002345002562874,0.1895778445483126
72,adaptive_TOT,EUR,COM_SLOG_D,2018-11,2020-08,2024-11,2026-08,22,22,0.14537673973193868,2.5038803724166745,1.060336167999287,-0.12431278916741229
72,adaptive_TOT,EUR,COM_SLOG_LD,2018-11,2020-08,2024-11,2026-08,22,22,0.12554187091045255,2.1622566792237006,0.9156663340373785,0.16155516471054798
72,adaptive_TOT,EUR,JOINT_LOG_LOG,2018-11,2020-08,2024-11,2026-08,22,22,0.11085329050197587,1.9092695215032505,0.8085320490589692,0.3462759256445045
72,adaptive_TOT,EUR,JOINT_LOG_DEV,2018-11,2020-08,2024-11,2026-08,22,22,0.11081984720895856,1.9086935146046955,0.808288123289079,0.3466703097498187
72,adaptive_TOT,EUR,JOINT_LOG_SLOG,2018-11,2020-08,2024-11,2026-08,22,22,0.11135454139532697,1.917902761427549,0.8121880290489054,0.34035060546965445
72,adaptive_TOT,EUR,JOINT_DEV_LOG,2018-11,2020-08,2024-11,2026-08,22,22,0.11169793536068758,1.9238171698223046,0.8146926459636604,0.33627589261272983
72,adaptive_TOT,EUR,JOINT_DEV_DEV,2018-11,2020-08,2024-11,2026-08,22,22,0.11165797340494349,1.923128889449423,0.8144011749408712,0.33675072625492863
72,adaptive_TOT,EUR,JOINT_DEV_SLOG,2018-11,2020-08,2024-11,2026-08,22,22,0.11217883570523292,1.9320999042956168,0.8182001948980014,0.3305484410688725
72,adaptive_TOT,EUR,JOINT_SLOG_LOG,2018-11,2020-08,2024-11,2026-08,22,22,0.11050263863253405,1.903230107391574,0.8059744950772848,0.35040511328491586
72,adaptive_TOT,EUR,JOINT_SLOG_DEV,2018-11,2020-08,2024-11,2026-08,22,22,0.11046644252674485,1.902606687723403,0.8057104910820118,0.3508306045603835
72,adaptive_TOT,EUR,JOINT_SLOG_SLOG,2018-11,2020-08,2024-11,2026-08,22,22,0.11098136907032204,1.911475468713241,0.8094662173352246,0.3447644429930029
72,adaptive_TOT,EUR,ADAPTIVE_TOT,2018-11,2020-08,2024-11,2026-08,22,22,0.1019971444105196,1.756736658168028,0.7439378641352201,0.44655645430592683
72,adaptive_TOT,CAD,EJR,2018-11,2020-08,2024-11,2026-08,22,22,0.1870596918882155,3.7101355424482034,1.0,0.0
72,adaptive_TOT,CAD,TOT_LOG_L,2018-11,2020-08,2024-11,2026-08,22,22,0.1487432475572934,2.9501684937622437,0.7951646132624899,0.3677132378151149
72,adaptive_TOT,CAD,TOT_LOG_D,2018-11,2020-08,2024-11,2026-08,22,22,0.18971938879299768,3.7628878800521206,1.0142184394614078,-0.028639042943533255
72,adaptive_TOT,CAD,TOT_LOG_LD,2018-11,2020-08,2024-11,2026-08,22,22,0.15755312405203686,3.124903283378274,0.8422612186605579,0.2905960395404318
72,adaptive_TOT,CAD,TOT_DEV_L,2018-11,2020-08,2024-11,2026-08,22,22,0.15224170667572348,3.019556812475214,0.8138669808496275,0.33762053748271215
72,adaptive_TOT,CAD,TOT_DEV_D,2018-11,2020-08,2024-11,2026-08,22,22,0.1888608224124655,3.745859103773225,1.009628640494748,-0.019349991707273473
72,adaptive_TOT,CAD,TOT_DEV_LD,2018-11,2020-08,2024-11,2026-08,22,22,0.1606814990253281,3.1869513657917174,0.8589851581780075,0.2621444980299036
72,adaptive_TOT,CAD,TOT_SLOG_L,2018-11,2020-08,2024-11,2026-08,22,22,0.1516556749169098,3.0079334785787943,0.8107341212105562,0.3427101847049471
72,adaptive_TOT,CAD,TOT_SLOG_D,2018-11,2020-08,2024-11,2026-08,22,22,0.18904972694373204,3.7496058297969177,1.0106385027978437,-0.021390183337467006
72,adaptive_TOT,CAD,TOT_SLOG_LD,2018-11,2020-08,2024-11,2026-08,22,22,0.1602685502950274,3.178760954773543,0.8567775808740339,0.2659321769116383
72,adaptive_TOT,CAD,COM_LOG_L,2018-11,2020-08,2024-11,2026-08,22,22,0.19687095463568666,3.9047317928121976,1.0524499032818586,-0.10765079891799334
72,adaptive_TOT,CAD,COM_LOG_D,2018-11,2020-08,2024-11,2026-08,22,22,0.1771945444029134,3.5144705440337662,0.9472620349914969,0.10269463706376825
72,adaptive_TOT,CAD,COM_LOG_LD,2018-11,2020-08,2024-11,2026-08,22,22,0.18877632939314734,3.744183272112771,1.0091769503499326,-0.01843811711759047
72,adaptive_TOT,CAD,COM_DEV_L,2018-11,2020-08,2024-11,2026-08,22,22,0.19697498344569744,3.9067950966782714,1.0530060295587742,-0.10882169828713395
72,adaptive_TOT,CAD,COM_DEV_D,2018-11,2020-08,2024-11,2026-08,22,22,0.17718544407906534,3.5142900485212607,0.9472133856873298,0.10278680197474566
72,adaptive_TOT,CAD,COM_DEV_LD,2018-11,2020-08,2024-11,2026-08,22,22,0.18874002166429688,3.7434631458583443,1.0089828533294363,-0.01804639831281074
72,adaptive_TOT,CAD,COM_SLOG_L,2018-11,2020-08,2024-11,2026-08,22,22,0.19683812634816386,3.9040806776782713,1.0522744069619865,-0.10728142754720027
72,adaptive_TOT,CAD,COM_SLOG_D,2018-11,2020-08,2024-11,2026-08,22,22,0.17703904842613855,3.5113864421392496,0.9464307710499964,0.10426879560970936
72,adaptive_TOT,CAD,COM_SLOG_LD,2018-11,2020-08,2024-11,2026-08,22,22,0.18845033645046816,3.7377175392174977,1.0074342288721596,-0.014923725503243057
72,adaptive_TOT,CAD,JOINT_LOG_LOG,2018-11,2020-08,2024-11,2026-08,22,22,0.13652446599156184,2.707821597352716,0.729844386107228,0.46732717206776353
72,adaptive_TOT,CAD,JOINT_LOG_DEV,2018-11,2020-08,2024-11,2026-08,22,22,0.13685234802152954,2.714324798340774,0.7315972064324301,0.46476552754026434
72,adaptive_TOT,CAD,JOINT_LOG_SLOG,2018-11,2020-08,2024-11,2026-08,22,22,0.1358729871779046,2.694900188804978,0.7263616538997647,0.47239874774399837
72,adaptive_TOT,CAD,JOINT_DEV_LOG,2018-11,2020-08,2024-11,2026-08,22,22,0.1422085174344698,2.8205588796103984,0.7602306835801472,0.422049307743262
72,adaptive_TOT,CAD,JOINT_DEV_DEV,2018-11,2020-08,2024-11,2026-08,22,22,0.14248368724438773,2.8260165882256527,0.7617017103264244,0.4198105044857998
72,adaptive_TOT,CAD,JOINT_DEV_SLOG,2018-11,2020-08,2024-11,2026-08,22,22,0.141576349111667,2.8080204746789814,0.756851183077278,0.4271762866745247
72,adaptive_TOT,CAD,JOINT_SLOG_LOG,2018-11,2020-08,2024-11,2026-08,22,22,0.141198510185237,2.800526430312084,0.754831298822065,0.43022971031859447
72,adaptive_TOT,CAD,JOINT_SLOG_DEV,2018-11,2020-08,2024-11,2026-08,22,22,0.14148610213270818,2.806230519179462,0.7563687329136546,0.4279063398705927
72,adaptive_TOT,CAD,JOINT_SLOG_SLOG,2018-11,2020-08,2024-11,2026-08,22,22,0.14056411412915767,2.7879438405949184,0.7514398891085365,0.43533809305655025
72,adaptive_TOT,CAD,ADAPTIVE_TOT,2018-11,2020-08,2024-11,2026-08,22,22,0.1489108747157163,2.953493205099393,0.7960607291318728,0.36628731553403104
72,adaptive_COM,POOL,EJR,2018-11,2020-08,2024-11,2026-08,22,66,0.3195395389010382,1.78848471429813,1.0,0.0
72,adaptive_COM,POOL,TOT_LOG_L,2018-11,2020-08,2024-11,2026-08,22,66,0.2645900046387851,1.480928402413117,0.8280352583244135,0.31435761097162174
72,adaptive_COM,POOL,TOT_LOG_D,2018-11,2020-08,2024-11,2026-08,22,66,0.3226463128507237,1.805873541167261,1.0097226589246837,-0.01953984794593322
72,adaptive_COM,POOL,TOT_LOG_LD,2018-11,2020-08,2024-11,2026-08,22,66,0.2730216732379175,1.5281210298339318,0.8544221919356048,0.2699627179279567
72,adaptive_COM,POOL,TOT_DEV_L,2018-11,2020-08,2024-11,2026-08,22,66,0.268987795733353,1.5055431407843427,0.8417981594968094,0.29137585866778437
72,adaptive_COM,POOL,TOT_DEV_D,2018-11,2020-08,2024-11,2026-08,22,66,0.3217497717566731,1.8008555391761327,1.0069169307286239,-0.013881705387952525
72,adaptive_COM,POOL,TOT_DEV_LD,2018-11,2020-08,2024-11,2026-08,22,66,0.2769691026949101,1.5502150632323715,0.8667756849354652,0.24869991200465513
72,adaptive_COM,POOL,TOT_SLOG_L,2018-11,2020-08,2024-11,2026-08,22,66,0.2676529755254664,1.4980720605344555,0.8376208354245603,0.29839133606266166
72,adaptive_COM,POOL,TOT_SLOG_D,2018-11,2020-08,2024-11,2026-08,22,66,0.32196312116143033,1.8020496704267608,1.0075846083671753,-0.015226743018434297
72,adaptive_COM,POOL,TOT_SLOG_LD,2018-11,2020-08,2024-11,2026-08,22,66,0.2758139829729215,1.543749778926504,0.8631607341035233,0.2549535471018667
72,adaptive_COM,POOL,COM_LOG_L,2018-11,2020-08,2024-11,2026-08,22,66,0.31167049265435054,1.744441122770433,0.9753737948244185,0.04864596036981306
72,adaptive_COM,POOL,COM_LOG_D,2018-11,2020-08,2024-11,2026-08,22,66,0.3252060125266939,1.8202003558062605,1.0177332471754321,-0.03578096240624906
72,adaptive_COM,POOL,COM_LOG_LD,2018-11,2020-08,2024-11,2026-08,22,66,0.3133341430855653,1.7537526883325418,0.9805801941230355,0.03846248289362997
72,adaptive_COM,POOL,COM_DEV_L,2018-11,2020-08,2024-11,2026-08,22,66,0.3117436855393976,1.7448507883678495,0.9756028521902106,0.04819907479832619
72,adaptive_COM,POOL,COM_DEV_D,2018-11,2020-08,2024-11,2026-08,22,66,0.3250975631290315,1.819593357089729,1.0173938544416397,-0.03509025505561625
72,adaptive_COM,POOL,COM_DEV_LD,2018-11,2020-08,2024-11,2026-08,22,66,0.3133988021363856,1.754114589474513,0.9807825448275609,0.03806559976157353
72,adaptive_COM,POOL,COM_SLOG_L,2018-11,2020-08,2024-11,2026-08,22,66,0.3119021934763303,1.745737968161856,0.9760989032813459,0.047230931012953725
72,adaptive_COM,POOL,COM_SLOG_D,2018-11,2020-08,2024-11,2026-08,22,66,0.3251128692505334,1.8196790265015192,1.0174417549974035,-0.035187724812196564
72,adaptive_COM,POOL,COM_SLOG_LD,2018-11,2020-08,2024-11,2026-08,22,66,0.3136193982168428,1.7553492808660343,0.9814729009606888,0.036710944679809954
72,adaptive_COM,POOL,JOINT_LOG_LOG,2018-11,2020-08,2024-11,2026-08,22,66,0.26982234173762454,1.5102141520061505,0.8444098738628676,0.286971964922896
72,adaptive_COM,POOL,JOINT_LOG_DEV,2018-11,2020-08,2024-11,2026-08,22,66,0.26966545084884946,1.5093360229415853,0.8439188833290682,0.2878009183606186
72,adaptive_COM,POOL,JOINT_LOG_SLOG,2018-11,2020-08,2024-11,2026-08,22,66,0.269419348527052,1.5079585713679808,0.8431487053328056,0.2891002606956138
72,adaptive_COM,POOL,JOINT_DEV_LOG,2018-11,2020-08,2024-11,2026-08,22,66,0.27545639181648945,1.54174831669918,0.8620416514458282,0.2568841911725491
72,adaptive_COM,POOL,JOINT_DEV_DEV,2018-11,2020-08,2024-11,2026-08,22,66,0.2752820318220054,1.5407724118518729,0.8614959912903316,0.2578246569906889
72,adaptive_COM,POOL,JOINT_DEV_SLOG,2018-11,2020-08,2024-11,2026-08,22,66,0.2750899921155075,1.5396975524438918,0.8608950024200392,0.25885979480820054
72,adaptive_COM,POOL,JOINT_SLOG_LOG,2018-11,2020-08,2024-11,2026-08,22,66,0.2737068829967965,1.5319561958483094,0.8565665580482793,0.2662937316333237
72,adaptive_COM,POOL,JOINT_SLOG_DEV,2018-11,2020-08,2024-11,2026-08,22,66,0.27353979435162035,1.5310209892417712,0.8560436536034935,0.267189263125182
72,adaptive_COM,POOL,JOINT_SLOG_SLOG,2018-11,2020-08,2024-11,2026-08,22,66,0.2733252720063303,1.529820292962537,0.855372305243826,0.26833821942186287
72,adaptive_COM,POOL,ADAPTIVE_COM,2018-11,2020-08,2024-11,2026-08,22,66,0.3134175798512709,1.754219689632563,0.9808413097458237,0.03795032509609697
72,adaptive_COM,BRL,EJR,2018-11,2020-08,2024-11,2026-08,22,22,0.5025212529369404,1.6764644213411657,1.0,0.0
72,adaptive_COM,BRL,TOT_LOG_L,2018-11,2020-08,2024-11,2026-08,22,22,0.42126379837402766,1.405380898510413,0.8383004617456261,0.2972523358370701
72,adaptive_COM,BRL,TOT_LOG_D,2018-11,2020-08,2024-11,2026-08,22,22,0.5073096337918518,1.6924389698645845,1.0095287131179551,-0.01914822260959448
72,adaptive_COM,BRL,TOT_LOG_LD,2018-11,2020-08,2024-11,2026-08,22,22,0.43441594999984084,1.4492578771175786,0.8644727908738901,0.2526867938387076
72,adaptive_COM,BRL,TOT_DEV_L,2018-11,2020-08,2024-11,2026-08,22,22,0.42797216099618707,1.427760710699006,0.8516498725077639,0.27469249465750945
72,adaptive_COM,BRL,TOT_DEV_D,2018-11,2020-08,2024-11,2026-08,22,22,0.5059323422870732,1.6878441787147929,1.0067879504203991,-0.013621977111708095
72,adaptive_COM,BRL,TOT_DEV_LD,2018-11,2020-08,2024-11,2026-08,22,22,0.4404404946554887,1.4693563997391526,0.8764614274150074,0.23181536625364774
72,adaptive_COM,BRL,TOT_SLOG_L,2018-11,2020-08,2024-11,2026-08,22,22,0.4258922832075643,1.4208220168766348,0.8475109872835727,0.2817251264336239
72,adaptive_COM,BRL,TOT_SLOG_D,2018-11,2020-08,2024-11,2026-08,22,22,0.5062700336986599,1.6889707532300176,1.007459944708428,-0.01497554019190872
72,adaptive_COM,BRL,TOT_SLOG_LD,2018-11,2020-08,2024-11,2026-08,22,22,0.4386605280228551,1.4634182414755075,0.8729193550703438,0.238011799543575
72,adaptive_COM,BRL,COM_LOG_L,2018-11,2020-08,2024-11,2026-08,22,22,0.4872713555733623,1.6255891395302466,0.9696532290436446,0.059772615405233265
72,adaptive_COM,BRL,COM_LOG_D,2018-11,2020-08,2024-11,2026-08,22,22,0.5145293501373663,1.7165247125365448,1.023895700192272,-0.048362404872222875
72,adaptive_COM,BRL,COM_LOG_LD,2018-11,2020-08,2024-11,2026-08,22,22,0.49312682635404764,1.6451236136975582,0.981305414391953,0.03703968368503752
72,adaptive_COM,BRL,COM_DEV_L,2018-11,2020-08,2024-11,2026-08,22,22,0.4874231887933188,1.626095671323175,0.9699553719262971,0.05918657647131864
72,adaptive_COM,BRL,COM_DEV_D,2018-11,2020-08,2024-11,2026-08,22,22,0.5143637741174293,1.7159723332991905,1.0235662096105913,-0.047687785456593135
72,adaptive_COM,BRL,COM_DEV_LD,2018-11,2020-08,2024-11,2026-08,22,22,0.49333725738415485,1.6458256340261694,0.9817241649002695,0.03621766405086846
72,adaptive_COM,BRL,COM_SLOG_L,2018-11,2020-08,2024-11,2026-08,22,22,0.48771885860068226,1.6270820572911566,0.9705437446680178,0.058044839685781446
72,adaptive_COM,BRL,COM_SLOG_D,2018-11,2020-08,2024-11,2026-08,22,22,0.514410256637854,1.716127403937996,1.023658708226626,-0.04787715092820477
72,adaptive_COM,BRL,COM_SLOG_LD,2018-11,2020-08,2024-11,2026-08,22,22,0.49375812920264156,1.6472297072380275,0.9825616853355287,0.0345725345106056
72,adaptive_COM,BRL,JOINT_LOG_LOG,2018-11,2020-08,2024-11,2026-08,22,22,0.43299527303762764,1.4445183474609726,0.86164569260907,0.25756670040823604
72,adaptive_COM,BRL,JOINT_LOG_DEV,2018-11,2020-08,2024-11,2026-08,22,22,0.43260693758898155,1.4432228190442224,0.8608729184301145,0.25889781831361747
72,adaptive_COM,BRL,JOINT_LOG_SLOG,2018-11,2020-08,2024-11,2026-08,22,22,0.4323182318017745,1.4422596657891924,0.8602984038488508,0.25988665633511954
72,adaptive_COM,BRL,JOINT_DEV_LOG,2018-11,2020-08,2024-11,2026-08,22,22,0.44150762188542997,1.472916449833721,0.87858497387937,0.22808844367338688
72,adaptive_COM,BRL,JOINT_DEV_DEV,2018-11,2020-08,2024-11,2026-08,22,22,0.44110258101319144,1.471565190344638,0.8777789564823517,0.22950410355675366
72,adaptive_COM,BRL,JOINT_DEV_SLOG,2018-11,2020-08,2024-11,2026-08,22,22,0.4409031157503423,1.4708997529835202,0.877382027473512,0.23020077786646942
72,adaptive_COM,BRL,JOINT_SLOG_LOG,2018-11,2020-08,2024-11,2026-08,22,22,0.43886048008015405,1.4640853028347567,0.8733172527833865,0.23731697599087864
72,adaptive_COM,BRL,JOINT_SLOG_DEV,2018-11,2020-08,2024-11,2026-08,22,22,0.43846425767736025,1.4627634626989614,0.872528783837092,0.23869352137576527
72,adaptive_COM,BRL,JOINT_SLOG_SLOG,2018-11,2020-08,2024-11,2026-08,22,22,0.4382293674439966,1.461979843863234,0.8720613603560136,0.23950898377401897
72,adaptive_COM,BRL,ADAPTIVE_COM,2018-11,2020-08,2024-11,2026-08,22,22,0.4933086553881883,1.64573021472134,0.9816672479125811,0.036329414375739
72,adaptive_COM,EUR,EJR,2018-11,2020-08,2024-11,2026-08,22,22,0.13710438643835493,2.361402400468111,1.0,0.0
72,adaptive_COM,EUR,TOT_LOG_L,2018-11,2020-08,2024-11,2026-08,22,22,0.10215610676730669,1.7594745289295144,0.7450972898904169,0.44483002859795606
72,adaptive_COM,EUR,TOT_LOG_D,2018-11,2020-08,2024-11,2026-08,22,22,0.13764235745761463,2.3706680854637785,1.0039238060373916,-0.007863008328602206
72,adaptive_COM,EUR,TOT_LOG_LD,2018-11,2020-08,2024-11,2026-08,22,22,0.10041064515316989,1.729411761773623,0.732366394406474,0.4636394643440609
72,adaptive_COM,EUR,TOT_DEV_L,2018-11,2020-08,2024-11,2026-08,22,22,0.10356444815273663,1.783730942707553,0.7553693272921025,0.42941717938627655
72,adaptive_COM,EUR,TOT_DEV_D,2018-11,2020-08,2024-11,2026-08,22,22,0.13759651762314581,2.369878568089727,1.0035894634560956,-0.0071918111600937085
72,adaptive_COM,EUR,TOT_DEV_LD,2018-11,2020-08,2024-11,2026-08,22,22,0.10163305604709948,1.7504658220722815,0.7412823082272124,0.450500539509336
72,adaptive_COM,EUR,TOT_SLOG_L,2018-11,2020-08,2024-11,2026-08,22,22,0.10261902987580883,1.7674476344445635,0.7484737180305208,0.4397870934175685
72,adaptive_COM,EUR,TOT_SLOG_D,2018-11,2020-08,2024-11,2026-08,22,22,0.13759217959349218,2.369803852510573,1.0035578231142632,-0.00712830433383882
72,adaptive_COM,EUR,TOT_SLOG_LD,2018-11,2020-08,2024-11,2026-08,22,22,0.10055343132484956,1.7318710237806023,0.7334078357154571,0.4621129465111691
72,adaptive_COM,EUR,COM_LOG_L,2018-11,2020-08,2024-11,2026-08,22,22,0.12338533637652382,2.12511384260555,0.8999371907914887,0.19011305263032363
72,adaptive_COM,EUR,COM_LOG_D,2018-11,2020-08,2024-11,2026-08,22,22,0.14539082856769145,2.50412302993793,1.0604389279190733,-0.1245307198461536
72,adaptive_COM,EUR,COM_LOG_LD,2018-11,2020-08,2024-11,2026-08,22,22,0.12539651614112463,2.159753177256134,0.9146061581151934,0.16349557553776584
72,adaptive_COM,EUR,COM_DEV_L,2018-11,2020-08,2024-11,2026-08,22,22,0.12317413423353275,2.1214762256014623,0.89839674304596,0.19288329208441146
72,adaptive_COM,EUR,COM_DEV_D,2018-11,2020-08,2024-11,2026-08,22,22,0.14526012164211569,2.5018718135047404,1.0594855891604005,-0.12250971363856089
72,adaptive_COM,EUR,COM_DEV_LD,2018-11,2020-08,2024-11,2026-08,22,22,0.12510788240716492,2.15478192571609,0.9125009465938284,0.1673420224653671
72,adaptive_COM,EUR,COM_SLOG_L,2018-11,2020-08,2024-11,2026-08,22,22,0.12342609880827735,2.125815909889407,0.9002345002562874,0.1895778445483126
72,adaptive_COM,EUR,COM_SLOG_D,2018-11,2020-08,2024-11,2026-08,22,22,0.14537673973193868,2.5038803724166745,1.060336167999287,-0.12431278916741229
72,adaptive_COM,EUR,COM_SLOG_LD,2018-11,2020-08,2024-11,2026-08,22,22,0.12554187091045255,2.1622566792237006,0.9156663340373785,0.16155516471054798
72,adaptive_COM,EUR,JOINT_LOG_LOG,2018-11,2020-08,2024-11,2026-08,22,22,0.11085329050197587,1.9092695215032505,0.8085320490589692,0.3462759256445045
72,adaptive_COM,EUR,JOINT_LOG_DEV,2018-11,2020-08,2024-11,2026-08,22,22,0.11081984720895856,1.9086935146046955,0.808288123289079,0.3466703097498187
72,adaptive_COM,EUR,JOINT_LOG_SLOG,2018-11,2020-08,2024-11,2026-08,22,22,0.11135454139532697,1.917902761427549,0.8121880290489054,0.34035060546965445
72,adaptive_COM,EUR,JOINT_DEV_LOG,2018-11,2020-08,2024-11,2026-08,22,22,0.11169793536068758,1.9238171698223046,0.8146926459636604,0.33627589261272983
72,adaptive_COM,EUR,JOINT_DEV_DEV,2018-11,2020-08,2024-11,2026-08,22,22,0.11165797340494349,1.923128889449423,0.8144011749408712,0.33675072625492863
72,adaptive_COM,EUR,JOINT_DEV_SLOG,2018-11,2020-08,2024-11,2026-08,22,22,0.11217883570523292,1.9320999042956168,0.8182001948980014,0.3305484410688725
72,adaptive_COM,EUR,JOINT_SLOG_LOG,2018-11,2020-08,2024-11,2026-08,22,22,0.11050263863253405,1.903230107391574,0.8059744950772848,0.35040511328491586
72,adaptive_COM,EUR,JOINT_SLOG_DEV,2018-11,2020-08,2024-11,2026-08,22,22,0.11046644252674485,1.902606687723403,0.8057104910820118,0.3508306045603835
72,adaptive_COM,EUR,JOINT_SLOG_SLOG,2018-11,2020-08,2024-11,2026-08,22,22,0.11098136907032204,1.911475468713241,0.8094662173352246,0.3447644429930029
72,adaptive_COM,EUR,ADAPTIVE_COM,2018-11,2020-08,2024-11,2026-08,22,22,0.12525996873421297,2.1574013679316097,0.9136102205638221,0.16531636488132428
72,adaptive_COM,CAD,EJR,2018-11,2020-08,2024-11,2026-08,22,22,0.1870596918882155,3.7101355424482034,1.0,0.0
72,adaptive_COM,CAD,TOT_LOG_L,2018-11,2020-08,2024-11,2026-08,22,22,0.1487432475572934,2.9501684937622437,0.7951646132624899,0.3677132378151149
72,adaptive_COM,CAD,TOT_LOG_D,2018-11,2020-08,2024-11,2026-08,22,22,0.18971938879299768,3.7628878800521206,1.0142184394614078,-0.028639042943533255
72,adaptive_COM,CAD,TOT_LOG_LD,2018-11,2020-08,2024-11,2026-08,22,22,0.15755312405203686,3.124903283378274,0.8422612186605579,0.2905960395404318
72,adaptive_COM,CAD,TOT_DEV_L,2018-11,2020-08,2024-11,2026-08,22,22,0.15224170667572348,3.019556812475214,0.8138669808496275,0.33762053748271215
72,adaptive_COM,CAD,TOT_DEV_D,2018-11,2020-08,2024-11,2026-08,22,22,0.1888608224124655,3.745859103773225,1.009628640494748,-0.019349991707273473
72,adaptive_COM,CAD,TOT_DEV_LD,2018-11,2020-08,2024-11,2026-08,22,22,0.1606814990253281,3.1869513657917174,0.8589851581780075,0.2621444980299036
72,adaptive_COM,CAD,TOT_SLOG_L,2018-11,2020-08,2024-11,2026-08,22,22,0.1516556749169098,3.0079334785787943,0.8107341212105562,0.3427101847049471
72,adaptive_COM,CAD,TOT_SLOG_D,2018-11,2020-08,2024-11,2026-08,22,22,0.18904972694373204,3.7496058297969177,1.0106385027978437,-0.021390183337467006
72,adaptive_COM,CAD,TOT_SLOG_LD,2018-11,2020-08,2024-11,2026-08,22,22,0.1602685502950274,3.178760954773543,0.8567775808740339,0.2659321769116383
72,adaptive_COM,CAD,COM_LOG_L,2018-11,2020-08,2024-11,2026-08,22,22,0.19687095463568666,3.9047317928121976,1.0524499032818586,-0.10765079891799334
72,adaptive_COM,CAD,COM_LOG_D,2018-11,2020-08,2024-11,2026-08,22,22,0.1771945444029134,3.5144705440337662,0.9472620349914969,0.10269463706376825
72,adaptive_COM,CAD,COM_LOG_LD,2018-11,2020-08,2024-11,2026-08,22,22,0.18877632939314734,3.744183272112771,1.0091769503499326,-0.01843811711759047
72,adaptive_COM,CAD,COM_DEV_L,2018-11,2020-08,2024-11,2026-08,22,22,0.19697498344569744,3.9067950966782714,1.0530060295587742,-0.10882169828713395
72,adaptive_COM,CAD,COM_DEV_D,2018-11,2020-08,2024-11,2026-08,22,22,0.17718544407906534,3.5142900485212607,0.9472133856873298,0.10278680197474566
72,adaptive_COM,CAD,COM_DEV_LD,2018-11,2020-08,2024-11,2026-08,22,22,0.18874002166429688,3.7434631458583443,1.0089828533294363,-0.01804639831281074
72,adaptive_COM,CAD,COM_SLOG_L,2018-11,2020-08,2024-11,2026-08,22,22,0.19683812634816386,3.9040806776782713,1.0522744069619865,-0.10728142754720027
72,adaptive_COM,CAD,COM_SLOG_D,2018-11,2020-08,2024-11,2026-08,22,22,0.17703904842613855,3.5113864421392496,0.9464307710499964,0.10426879560970936
72,adaptive_COM,CAD,COM_SLOG_LD,2018-11,2020-08,2024-11,2026-08,22,22,0.18845033645046816,3.7377175392174977,1.0074342288721596,-0.014923725503243057
72,adaptive_COM,CAD,JOINT_LOG_LOG,2018-11,2020-08,2024-11,2026-08,22,22,0.13652446599156184,2.707821597352716,0.729844386107228,0.46732717206776353
72,adaptive_COM,CAD,JOINT_LOG_DEV,2018-11,2020-08,2024-11,2026-08,22,22,0.13685234802152954,2.714324798340774,0.7315972064324301,0.46476552754026434
72,adaptive_COM,CAD,JOINT_LOG_SLOG,2018-11,2020-08,2024-11,2026-08,22,22,0.1358729871779046,2.694900188804978,0.7263616538997647,0.47239874774399837
72,adaptive_COM,CAD,JOINT_DEV_LOG,2018-11,2020-08,2024-11,2026-08,22,22,0.1422085174344698,2.8205588796103984,0.7602306835801472,0.422049307743262
72,adaptive_COM,CAD,JOINT_DEV_DEV,2018-11,2020-08,2024-11,2026-08,22,22,0.14248368724438773,2.8260165882256527,0.7617017103264244,0.4198105044857998
72,adaptive_COM,CAD,JOINT_DEV_SLOG,2018-11,2020-08,2024-11,2026-08,22,22,0.141576349111667,2.8080204746789814,0.756851183077278,0.4271762866745247
72,adaptive_COM,CAD,JOINT_SLOG_LOG,2018-11,2020-08,2024-11,2026-08,22,22,0.141198510185237,2.800526430312084,0.754831298822065,0.43022971031859447
72,adaptive_COM,CAD,JOINT_SLOG_DEV,2018-11,2020-08,2024-11,2026-08,22,22,0.14148610213270818,2.806230519179462,0.7563687329136546,0.4279063398705927
72,adaptive_COM,CAD,JOINT_SLOG_SLOG,2018-11,2020-08,2024-11,2026-08,22,22,0.14056411412915767,2.7879438405949184,0.7514398891085365,0.43533809305655025
72,adaptive_COM,CAD,ADAPTIVE_COM,2018-11,2020-08,2024-11,2026-08,22,22,0.18880743849564013,3.744800288989507,1.0093432561006732,-0.018773808635909273
72,adaptive_JOINT,POOL,EJR,2018-11,2020-08,2024-11,2026-08,22,66,0.3195395389010382,1.78848471429813,1.0,0.0
72,adaptive_JOINT,POOL,TOT_LOG_L,2018-11,2020-08,2024-11,2026-08,22,66,0.2645900046387851,1.480928402413117,0.8280352583244135,0.31435761097162174
72,adaptive_JOINT,POOL,TOT_LOG_D,2018-11,2020-08,2024-11,2026-08,22,66,0.3226463128507237,1.805873541167261,1.0097226589246837,-0.01953984794593322
72,adaptive_JOINT,POOL,TOT_LOG_LD,2018-11,2020-08,2024-11,2026-08,22,66,0.2730216732379175,1.5281210298339318,0.8544221919356048,0.2699627179279567
72,adaptive_JOINT,POOL,TOT_DEV_L,2018-11,2020-08,2024-11,2026-08,22,66,0.268987795733353,1.5055431407843427,0.8417981594968094,0.29137585866778437
72,adaptive_JOINT,POOL,TOT_DEV_D,2018-11,2020-08,2024-11,2026-08,22,66,0.3217497717566731,1.8008555391761327,1.0069169307286239,-0.013881705387952525
72,adaptive_JOINT,POOL,TOT_DEV_LD,2018-11,2020-08,2024-11,2026-08,22,66,0.2769691026949101,1.5502150632323715,0.8667756849354652,0.24869991200465513
72,adaptive_JOINT,POOL,TOT_SLOG_L,2018-11,2020-08,2024-11,2026-08,22,66,0.2676529755254664,1.4980720605344555,0.8376208354245603,0.29839133606266166
72,adaptive_JOINT,POOL,TOT_SLOG_D,2018-11,2020-08,2024-11,2026-08,22,66,0.32196312116143033,1.8020496704267608,1.0075846083671753,-0.015226743018434297
72,adaptive_JOINT,POOL,TOT_SLOG_LD,2018-11,2020-08,2024-11,2026-08,22,66,0.2758139829729215,1.543749778926504,0.8631607341035233,0.2549535471018667
72,adaptive_JOINT,POOL,COM_LOG_L,2018-11,2020-08,2024-11,2026-08,22,66,0.31167049265435054,1.744441122770433,0.9753737948244185,0.04864596036981306
72,adaptive_JOINT,POOL,COM_LOG_D,2018-11,2020-08,2024-11,2026-08,22,66,0.3252060125266939,1.8202003558062605,1.0177332471754321,-0.03578096240624906
72,adaptive_JOINT,POOL,COM_LOG_LD,2018-11,2020-08,2024-11,2026-08,22,66,0.3133341430855653,1.7537526883325418,0.9805801941230355,0.03846248289362997
72,adaptive_JOINT,POOL,COM_DEV_L,2018-11,2020-08,2024-11,2026-08,22,66,0.3117436855393976,1.7448507883678495,0.9756028521902106,0.04819907479832619
72,adaptive_JOINT,POOL,COM_DEV_D,2018-11,2020-08,2024-11,2026-08,22,66,0.3250975631290315,1.819593357089729,1.0173938544416397,-0.03509025505561625
72,adaptive_JOINT,POOL,COM_DEV_LD,2018-11,2020-08,2024-11,2026-08,22,66,0.3133988021363856,1.754114589474513,0.9807825448275609,0.03806559976157353
72,adaptive_JOINT,POOL,COM_SLOG_L,2018-11,2020-08,2024-11,2026-08,22,66,0.3119021934763303,1.745737968161856,0.9760989032813459,0.047230931012953725
72,adaptive_JOINT,POOL,COM_SLOG_D,2018-11,2020-08,2024-11,2026-08,22,66,0.3251128692505334,1.8196790265015192,1.0174417549974035,-0.035187724812196564
72,adaptive_JOINT,POOL,COM_SLOG_LD,2018-11,2020-08,2024-11,2026-08,22,66,0.3136193982168428,1.7553492808660343,0.9814729009606888,0.036710944679809954
72,adaptive_JOINT,POOL,JOINT_LOG_LOG,2018-11,2020-08,2024-11,2026-08,22,66,0.26982234173762454,1.5102141520061505,0.8444098738628676,0.286971964922896
72,adaptive_JOINT,POOL,JOINT_LOG_DEV,2018-11,2020-08,2024-11,2026-08,22,66,0.26966545084884946,1.5093360229415853,0.8439188833290682,0.2878009183606186
72,adaptive_JOINT,POOL,JOINT_LOG_SLOG,2018-11,2020-08,2024-11,2026-08,22,66,0.269419348527052,1.5079585713679808,0.8431487053328056,0.2891002606956138
72,adaptive_JOINT,POOL,JOINT_DEV_LOG,2018-11,2020-08,2024-11,2026-08,22,66,0.27545639181648945,1.54174831669918,0.8620416514458282,0.2568841911725491
72,adaptive_JOINT,POOL,JOINT_DEV_DEV,2018-11,2020-08,2024-11,2026-08,22,66,0.2752820318220054,1.5407724118518729,0.8614959912903316,0.2578246569906889
72,adaptive_JOINT,POOL,JOINT_DEV_SLOG,2018-11,2020-08,2024-11,2026-08,22,66,0.2750899921155075,1.5396975524438918,0.8608950024200392,0.25885979480820054
72,adaptive_JOINT,POOL,JOINT_SLOG_LOG,2018-11,2020-08,2024-11,2026-08,22,66,0.2737068829967965,1.5319561958483094,0.8565665580482793,0.2662937316333237
72,adaptive_JOINT,POOL,JOINT_SLOG_DEV,2018-11,2020-08,2024-11,2026-08,22,66,0.27353979435162035,1.5310209892417712,0.8560436536034935,0.267189263125182
72,adaptive_JOINT,POOL,JOINT_SLOG_SLOG,2018-11,2020-08,2024-11,2026-08,22,66,0.2733252720063303,1.529820292962537,0.855372305243826,0.26833821942186287
72,adaptive_JOINT,POOL,ADAPTIVE_JOINT,2018-11,2020-08,2024-11,2026-08,22,66,0.27118701693686526,1.5178523326901996,0.848680629225206,0.2797411895779084
72,adaptive_JOINT,BRL,EJR,2018-11,2020-08,2024-11,2026-08,22,22,0.5025212529369404,1.6764644213411657,1.0,0.0
72,adaptive_JOINT,BRL,TOT_LOG_L,2018-11,2020-08,2024-11,2026-08,22,22,0.42126379837402766,1.405380898510413,0.8383004617456261,0.2972523358370701
72,adaptive_JOINT,BRL,TOT_LOG_D,2018-11,2020-08,2024-11,2026-08,22,22,0.5073096337918518,1.6924389698645845,1.0095287131179551,-0.01914822260959448
72,adaptive_JOINT,BRL,TOT_LOG_LD,2018-11,2020-08,2024-11,2026-08,22,22,0.43441594999984084,1.4492578771175786,0.8644727908738901,0.2526867938387076
72,adaptive_JOINT,BRL,TOT_DEV_L,2018-11,2020-08,2024-11,2026-08,22,22,0.42797216099618707,1.427760710699006,0.8516498725077639,0.27469249465750945
72,adaptive_JOINT,BRL,TOT_DEV_D,2018-11,2020-08,2024-11,2026-08,22,22,0.5059323422870732,1.6878441787147929,1.0067879504203991,-0.013621977111708095
72,adaptive_JOINT,BRL,TOT_DEV_LD,2018-11,2020-08,2024-11,2026-08,22,22,0.4404404946554887,1.4693563997391526,0.8764614274150074,0.23181536625364774
72,adaptive_JOINT,BRL,TOT_SLOG_L,2018-11,2020-08,2024-11,2026-08,22,22,0.4258922832075643,1.4208220168766348,0.8475109872835727,0.2817251264336239
72,adaptive_JOINT,BRL,TOT_SLOG_D,2018-11,2020-08,2024-11,2026-08,22,22,0.5062700336986599,1.6889707532300176,1.007459944708428,-0.01497554019190872
72,adaptive_JOINT,BRL,TOT_SLOG_LD,2018-11,2020-08,2024-11,2026-08,22,22,0.4386605280228551,1.4634182414755075,0.8729193550703438,0.238011799543575
72,adaptive_JOINT,BRL,COM_LOG_L,2018-11,2020-08,2024-11,2026-08,22,22,0.4872713555733623,1.6255891395302466,0.9696532290436446,0.059772615405233265
72,adaptive_JOINT,BRL,COM_LOG_D,2018-11,2020-08,2024-11,2026-08,22,22,0.5145293501373663,1.7165247125365448,1.023895700192272,-0.048362404872222875
72,adaptive_JOINT,BRL,COM_LOG_LD,2018-11,2020-08,2024-11,2026-08,22,22,0.49312682635404764,1.6451236136975582,0.981305414391953,0.03703968368503752
72,adaptive_JOINT,BRL,COM_DEV_L,2018-11,2020-08,2024-11,2026-08,22,22,0.4874231887933188,1.626095671323175,0.9699553719262971,0.05918657647131864
72,adaptive_JOINT,BRL,COM_DEV_D,2018-11,2020-08,2024-11,2026-08,22,22,0.5143637741174293,1.7159723332991905,1.0235662096105913,-0.047687785456593135
72,adaptive_JOINT,BRL,COM_DEV_LD,2018-11,2020-08,2024-11,2026-08,22,22,0.49333725738415485,1.6458256340261694,0.9817241649002695,0.03621766405086846
72,adaptive_JOINT,BRL,COM_SLOG_L,2018-11,2020-08,2024-11,2026-08,22,22,0.48771885860068226,1.6270820572911566,0.9705437446680178,0.058044839685781446
72,adaptive_JOINT,BRL,COM_SLOG_D,2018-11,2020-08,2024-11,2026-08,22,22,0.514410256637854,1.716127403937996,1.023658708226626,-0.04787715092820477
72,adaptive_JOINT,BRL,COM_SLOG_LD,2018-11,2020-08,2024-11,2026-08,22,22,0.49375812920264156,1.6472297072380275,0.9825616853355287,0.0345725345106056
72,adaptive_JOINT,BRL,JOINT_LOG_LOG,2018-11,2020-08,2024-11,2026-08,22,22,0.43299527303762764,1.4445183474609726,0.86164569260907,0.25756670040823604
72,adaptive_JOINT,BRL,JOINT_LOG_DEV,2018-11,2020-08,2024-11,2026-08,22,22,0.43260693758898155,1.4432228190442224,0.8608729184301145,0.25889781831361747
72,adaptive_JOINT,BRL,JOINT_LOG_SLOG,2018-11,2020-08,2024-11,2026-08,22,22,0.4323182318017745,1.4422596657891924,0.8602984038488508,0.25988665633511954
72,adaptive_JOINT,BRL,JOINT_DEV_LOG,2018-11,2020-08,2024-11,2026-08,22,22,0.44150762188542997,1.472916449833721,0.87858497387937,0.22808844367338688
72,adaptive_JOINT,BRL,JOINT_DEV_DEV,2018-11,2020-08,2024-11,2026-08,22,22,0.44110258101319144,1.471565190344638,0.8777789564823517,0.22950410355675366
72,adaptive_JOINT,BRL,JOINT_DEV_SLOG,2018-11,2020-08,2024-11,2026-08,22,22,0.4409031157503423,1.4708997529835202,0.877382027473512,0.23020077786646942
72,adaptive_JOINT,BRL,JOINT_SLOG_LOG,2018-11,2020-08,2024-11,2026-08,22,22,0.43886048008015405,1.4640853028347567,0.8733172527833865,0.23731697599087864
72,adaptive_JOINT,BRL,JOINT_SLOG_DEV,2018-11,2020-08,2024-11,2026-08,22,22,0.43846425767736025,1.4627634626989614,0.872528783837092,0.23869352137576527
72,adaptive_JOINT,BRL,JOINT_SLOG_SLOG,2018-11,2020-08,2024-11,2026-08,22,22,0.4382293674439966,1.461979843863234,0.8720613603560136,0.23950898377401897
72,adaptive_JOINT,BRL,ADAPTIVE_JOINT,2018-11,2020-08,2024-11,2026-08,22,22,0.43487318424179905,1.450783259246955,0.8653826712805115,0.2511128322474061
72,adaptive_JOINT,EUR,EJR,2018-11,2020-08,2024-11,2026-08,22,22,0.13710438643835493,2.361402400468111,1.0,0.0
72,adaptive_JOINT,EUR,TOT_LOG_L,2018-11,2020-08,2024-11,2026-08,22,22,0.10215610676730669,1.7594745289295144,0.7450972898904169,0.44483002859795606
72,adaptive_JOINT,EUR,TOT_LOG_D,2018-11,2020-08,2024-11,2026-08,22,22,0.13764235745761463,2.3706680854637785,1.0039238060373916,-0.007863008328602206
72,adaptive_JOINT,EUR,TOT_LOG_LD,2018-11,2020-08,2024-11,2026-08,22,22,0.10041064515316989,1.729411761773623,0.732366394406474,0.4636394643440609
72,adaptive_JOINT,EUR,TOT_DEV_L,2018-11,2020-08,2024-11,2026-08,22,22,0.10356444815273663,1.783730942707553,0.7553693272921025,0.42941717938627655
72,adaptive_JOINT,EUR,TOT_DEV_D,2018-11,2020-08,2024-11,2026-08,22,22,0.13759651762314581,2.369878568089727,1.0035894634560956,-0.0071918111600937085
72,adaptive_JOINT,EUR,TOT_DEV_LD,2018-11,2020-08,2024-11,2026-08,22,22,0.10163305604709948,1.7504658220722815,0.7412823082272124,0.450500539509336
72,adaptive_JOINT,EUR,TOT_SLOG_L,2018-11,2020-08,2024-11,2026-08,22,22,0.10261902987580883,1.7674476344445635,0.7484737180305208,0.4397870934175685
72,adaptive_JOINT,EUR,TOT_SLOG_D,2018-11,2020-08,2024-11,2026-08,22,22,0.13759217959349218,2.369803852510573,1.0035578231142632,-0.00712830433383882
72,adaptive_JOINT,EUR,TOT_SLOG_LD,2018-11,2020-08,2024-11,2026-08,22,22,0.10055343132484956,1.7318710237806023,0.7334078357154571,0.4621129465111691
72,adaptive_JOINT,EUR,COM_LOG_L,2018-11,2020-08,2024-11,2026-08,22,22,0.12338533637652382,2.12511384260555,0.8999371907914887,0.19011305263032363
72,adaptive_JOINT,EUR,COM_LOG_D,2018-11,2020-08,2024-11,2026-08,22,22,0.14539082856769145,2.50412302993793,1.0604389279190733,-0.1245307198461536
72,adaptive_JOINT,EUR,COM_LOG_LD,2018-11,2020-08,2024-11,2026-08,22,22,0.12539651614112463,2.159753177256134,0.9146061581151934,0.16349557553776584
72,adaptive_JOINT,EUR,COM_DEV_L,2018-11,2020-08,2024-11,2026-08,22,22,0.12317413423353275,2.1214762256014623,0.89839674304596,0.19288329208441146
72,adaptive_JOINT,EUR,COM_DEV_D,2018-11,2020-08,2024-11,2026-08,22,22,0.14526012164211569,2.5018718135047404,1.0594855891604005,-0.12250971363856089
72,adaptive_JOINT,EUR,COM_DEV_LD,2018-11,2020-08,2024-11,2026-08,22,22,0.12510788240716492,2.15478192571609,0.9125009465938284,0.1673420224653671
72,adaptive_JOINT,EUR,COM_SLOG_L,2018-11,2020-08,2024-11,2026-08,22,22,0.12342609880827735,2.125815909889407,0.9002345002562874,0.1895778445483126
72,adaptive_JOINT,EUR,COM_SLOG_D,2018-11,2020-08,2024-11,2026-08,22,22,0.14537673973193868,2.5038803724166745,1.060336167999287,-0.12431278916741229
72,adaptive_JOINT,EUR,COM_SLOG_LD,2018-11,2020-08,2024-11,2026-08,22,22,0.12554187091045255,2.1622566792237006,0.9156663340373785,0.16155516471054798
72,adaptive_JOINT,EUR,JOINT_LOG_LOG,2018-11,2020-08,2024-11,2026-08,22,22,0.11085329050197587,1.9092695215032505,0.8085320490589692,0.3462759256445045
72,adaptive_JOINT,EUR,JOINT_LOG_DEV,2018-11,2020-08,2024-11,2026-08,22,22,0.11081984720895856,1.9086935146046955,0.808288123289079,0.3466703097498187
72,adaptive_JOINT,EUR,JOINT_LOG_SLOG,2018-11,2020-08,2024-11,2026-08,22,22,0.11135454139532697,1.917902761427549,0.8121880290489054,0.34035060546965445
72,adaptive_JOINT,EUR,JOINT_DEV_LOG,2018-11,2020-08,2024-11,2026-08,22,22,0.11169793536068758,1.9238171698223046,0.8146926459636604,0.33627589261272983
72,adaptive_JOINT,EUR,JOINT_DEV_DEV,2018-11,2020-08,2024-11,2026-08,22,22,0.11165797340494349,1.923128889449423,0.8144011749408712,0.33675072625492863
72,adaptive_JOINT,EUR,JOINT_DEV_SLOG,2018-11,2020-08,2024-11,2026-08,22,22,0.11217883570523292,1.9320999042956168,0.8182001948980014,0.3305484410688725
72,adaptive_JOINT,EUR,JOINT_SLOG_LOG,2018-11,2020-08,2024-11,2026-08,22,22,0.11050263863253405,1.903230107391574,0.8059744950772848,0.35040511328491586
72,adaptive_JOINT,EUR,JOINT_SLOG_DEV,2018-11,2020-08,2024-11,2026-08,22,22,0.11046644252674485,1.902606687723403,0.8057104910820118,0.3508306045603835
72,adaptive_JOINT,EUR,JOINT_SLOG_SLOG,2018-11,2020-08,2024-11,2026-08,22,22,0.11098136907032204,1.911475468713241,0.8094662173352246,0.3447644429930029
72,adaptive_JOINT,EUR,ADAPTIVE_JOINT,2018-11,2020-08,2024-11,2026-08,22,22,0.11158499123476817,1.9218718890257285,0.8138688639618338,0.33761747227347416
72,adaptive_JOINT,CAD,EJR,2018-11,2020-08,2024-11,2026-08,22,22,0.1870596918882155,3.7101355424482034,1.0,0.0
72,adaptive_JOINT,CAD,TOT_LOG_L,2018-11,2020-08,2024-11,2026-08,22,22,0.1487432475572934,2.9501684937622437,0.7951646132624899,0.3677132378151149
72,adaptive_JOINT,CAD,TOT_LOG_D,2018-11,2020-08,2024-11,2026-08,22,22,0.18971938879299768,3.7628878800521206,1.0142184394614078,-0.028639042943533255
72,adaptive_JOINT,CAD,TOT_LOG_LD,2018-11,2020-08,2024-11,2026-08,22,22,0.15755312405203686,3.124903283378274,0.8422612186605579,0.2905960395404318
72,adaptive_JOINT,CAD,TOT_DEV_L,2018-11,2020-08,2024-11,2026-08,22,22,0.15224170667572348,3.019556812475214,0.8138669808496275,0.33762053748271215
72,adaptive_JOINT,CAD,TOT_DEV_D,2018-11,2020-08,2024-11,2026-08,22,22,0.1888608224124655,3.745859103773225,1.009628640494748,-0.019349991707273473
72,adaptive_JOINT,CAD,TOT_DEV_LD,2018-11,2020-08,2024-11,2026-08,22,22,0.1606814990253281,3.1869513657917174,0.8589851581780075,0.2621444980299036
72,adaptive_JOINT,CAD,TOT_SLOG_L,2018-11,2020-08,2024-11,2026-08,22,22,0.1516556749169098,3.0079334785787943,0.8107341212105562,0.3427101847049471
72,adaptive_JOINT,CAD,TOT_SLOG_D,2018-11,2020-08,2024-11,2026-08,22,22,0.18904972694373204,3.7496058297969177,1.0106385027978437,-0.021390183337467006
72,adaptive_JOINT,CAD,TOT_SLOG_LD,2018-11,2020-08,2024-11,2026-08,22,22,0.1602685502950274,3.178760954773543,0.8567775808740339,0.2659321769116383
72,adaptive_JOINT,CAD,COM_LOG_L,2018-11,2020-08,2024-11,2026-08,22,22,0.19687095463568666,3.9047317928121976,1.0524499032818586,-0.10765079891799334
72,adaptive_JOINT,CAD,COM_LOG_D,2018-11,2020-08,2024-11,2026-08,22,22,0.1771945444029134,3.5144705440337662,0.9472620349914969,0.10269463706376825
72,adaptive_JOINT,CAD,COM_LOG_LD,2018-11,2020-08,2024-11,2026-08,22,22,0.18877632939314734,3.744183272112771,1.0091769503499326,-0.01843811711759047
72,adaptive_JOINT,CAD,COM_DEV_L,2018-11,2020-08,2024-11,2026-08,22,22,0.19697498344569744,3.9067950966782714,1.0530060295587742,-0.10882169828713395
72,adaptive_JOINT,CAD,COM_DEV_D,2018-11,2020-08,2024-11,2026-08,22,22,0.17718544407906534,3.5142900485212607,0.9472133856873298,0.10278680197474566
72,adaptive_JOINT,CAD,COM_DEV_LD,2018-11,2020-08,2024-11,2026-08,22,22,0.18874002166429688,3.7434631458583443,1.0089828533294363,-0.01804639831281074
72,adaptive_JOINT,CAD,COM_SLOG_L,2018-11,2020-08,2024-11,2026-08,22,22,0.19683812634816386,3.9040806776782713,1.0522744069619865,-0.10728142754720027
72,adaptive_JOINT,CAD,COM_SLOG_D,2018-11,2020-08,2024-11,2026-08,22,22,0.17703904842613855,3.5113864421392496,0.9464307710499964,0.10426879560970936
72,adaptive_JOINT,CAD,COM_SLOG_LD,2018-11,2020-08,2024-11,2026-08,22,22,0.18845033645046816,3.7377175392174977,1.0074342288721596,-0.014923725503243057
72,adaptive_JOINT,CAD,JOINT_LOG_LOG,2018-11,2020-08,2024-11,2026-08,22,22,0.13652446599156184,2.707821597352716,0.729844386107228,0.46732717206776353
72,adaptive_JOINT,CAD,JOINT_LOG_DEV,2018-11,2020-08,2024-11,2026-08,22,22,0.13685234802152954,2.714324798340774,0.7315972064324301,0.46476552754026434
72,adaptive_JOINT,CAD,JOINT_LOG_SLOG,2018-11,2020-08,2024-11,2026-08,22,22,0.1358729871779046,2.694900188804978,0.7263616538997647,0.47239874774399837
72,adaptive_JOINT,CAD,JOINT_DEV_LOG,2018-11,2020-08,2024-11,2026-08,22,22,0.1422085174344698,2.8205588796103984,0.7602306835801472,0.422049307743262
72,adaptive_JOINT,CAD,JOINT_DEV_DEV,2018-11,2020-08,2024-11,2026-08,22,22,0.14248368724438773,2.8260165882256527,0.7617017103264244,0.4198105044857998
72,adaptive_JOINT,CAD,JOINT_DEV_SLOG,2018-11,2020-08,2024-11,2026-08,22,22,0.141576349111667,2.8080204746789814,0.756851183077278,0.4271762866745247
72,adaptive_JOINT,CAD,JOINT_SLOG_LOG,2018-11,2020-08,2024-11,2026-08,22,22,0.141198510185237,2.800526430312084,0.754831298822065,0.43022971031859447
72,adaptive_JOINT,CAD,JOINT_SLOG_DEV,2018-11,2020-08,2024-11,2026-08,22,22,0.14148610213270818,2.806230519179462,0.7563687329136546,0.4279063398705927
72,adaptive_JOINT,CAD,JOINT_SLOG_SLOG,2018-11,2020-08,2024-11,2026-08,22,22,0.14056411412915767,2.7879438405949184,0.7514398891085365,0.43533809305655025
72,adaptive_JOINT,CAD,ADAPTIVE_JOINT,2018-11,2020-08,2024-11,2026-08,22,22,0.13806265904973009,2.738330065952501,0.7380673925852214,0.45525652400245276
72,adaptive_ALL,POOL,EJR,2018-11,2020-08,2024-11,2026-08,22,66,0.3195395389010382,1.78848471429813,1.0,0.0
72,adaptive_ALL,POOL,TOT_LOG_L,2018-11,2020-08,2024-11,2026-08,22,66,0.2645900046387851,1.480928402413117,0.8280352583244135,0.31435761097162174
72,adaptive_ALL,POOL,TOT_LOG_D,2018-11,2020-08,2024-11,2026-08,22,66,0.3226463128507237,1.805873541167261,1.0097226589246837,-0.01953984794593322
72,adaptive_ALL,POOL,TOT_LOG_LD,2018-11,2020-08,2024-11,2026-08,22,66,0.2730216732379175,1.5281210298339318,0.8544221919356048,0.2699627179279567
72,adaptive_ALL,POOL,TOT_DEV_L,2018-11,2020-08,2024-11,2026-08,22,66,0.268987795733353,1.5055431407843427,0.8417981594968094,0.29137585866778437
72,adaptive_ALL,POOL,TOT_DEV_D,2018-11,2020-08,2024-11,2026-08,22,66,0.3217497717566731,1.8008555391761327,1.0069169307286239,-0.013881705387952525
72,adaptive_ALL,POOL,TOT_DEV_LD,2018-11,2020-08,2024-11,2026-08,22,66,0.2769691026949101,1.5502150632323715,0.8667756849354652,0.24869991200465513
72,adaptive_ALL,POOL,TOT_SLOG_L,2018-11,2020-08,2024-11,2026-08,22,66,0.2676529755254664,1.4980720605344555,0.8376208354245603,0.29839133606266166
72,adaptive_ALL,POOL,TOT_SLOG_D,2018-11,2020-08,2024-11,2026-08,22,66,0.32196312116143033,1.8020496704267608,1.0075846083671753,-0.015226743018434297
72,adaptive_ALL,POOL,TOT_SLOG_LD,2018-11,2020-08,2024-11,2026-08,22,66,0.2758139829729215,1.543749778926504,0.8631607341035233,0.2549535471018667
72,adaptive_ALL,POOL,COM_LOG_L,2018-11,2020-08,2024-11,2026-08,22,66,0.31167049265435054,1.744441122770433,0.9753737948244185,0.04864596036981306
72,adaptive_ALL,POOL,COM_LOG_D,2018-11,2020-08,2024-11,2026-08,22,66,0.3252060125266939,1.8202003558062605,1.0177332471754321,-0.03578096240624906
72,adaptive_ALL,POOL,COM_LOG_LD,2018-11,2020-08,2024-11,2026-08,22,66,0.3133341430855653,1.7537526883325418,0.9805801941230355,0.03846248289362997
72,adaptive_ALL,POOL,COM_DEV_L,2018-11,2020-08,2024-11,2026-08,22,66,0.3117436855393976,1.7448507883678495,0.9756028521902106,0.04819907479832619
72,adaptive_ALL,POOL,COM_DEV_D,2018-11,2020-08,2024-11,2026-08,22,66,0.3250975631290315,1.819593357089729,1.0173938544416397,-0.03509025505561625
72,adaptive_ALL,POOL,COM_DEV_LD,2018-11,2020-08,2024-11,2026-08,22,66,0.3133988021363856,1.754114589474513,0.9807825448275609,0.03806559976157353
72,adaptive_ALL,POOL,COM_SLOG_L,2018-11,2020-08,2024-11,2026-08,22,66,0.3119021934763303,1.745737968161856,0.9760989032813459,0.047230931012953725
72,adaptive_ALL,POOL,COM_SLOG_D,2018-11,2020-08,2024-11,2026-08,22,66,0.3251128692505334,1.8196790265015192,1.0174417549974035,-0.035187724812196564
72,adaptive_ALL,POOL,COM_SLOG_LD,2018-11,2020-08,2024-11,2026-08,22,66,0.3136193982168428,1.7553492808660343,0.9814729009606888,0.036710944679809954
72,adaptive_ALL,POOL,JOINT_LOG_LOG,2018-11,2020-08,2024-11,2026-08,22,66,0.26982234173762454,1.5102141520061505,0.8444098738628676,0.286971964922896
72,adaptive_ALL,POOL,JOINT_LOG_DEV,2018-11,2020-08,2024-11,2026-08,22,66,0.26966545084884946,1.5093360229415853,0.8439188833290682,0.2878009183606186
72,adaptive_ALL,POOL,JOINT_LOG_SLOG,2018-11,2020-08,2024-11,2026-08,22,66,0.269419348527052,1.5079585713679808,0.8431487053328056,0.2891002606956138
72,adaptive_ALL,POOL,JOINT_DEV_LOG,2018-11,2020-08,2024-11,2026-08,22,66,0.27545639181648945,1.54174831669918,0.8620416514458282,0.2568841911725491
72,adaptive_ALL,POOL,JOINT_DEV_DEV,2018-11,2020-08,2024-11,2026-08,22,66,0.2752820318220054,1.5407724118518729,0.8614959912903316,0.2578246569906889
72,adaptive_ALL,POOL,JOINT_DEV_SLOG,2018-11,2020-08,2024-11,2026-08,22,66,0.2750899921155075,1.5396975524438918,0.8608950024200392,0.25885979480820054
72,adaptive_ALL,POOL,JOINT_SLOG_LOG,2018-11,2020-08,2024-11,2026-08,22,66,0.2737068829967965,1.5319561958483094,0.8565665580482793,0.2662937316333237
72,adaptive_ALL,POOL,JOINT_SLOG_DEV,2018-11,2020-08,2024-11,2026-08,22,66,0.27353979435162035,1.5310209892417712,0.8560436536034935,0.267189263125182
72,adaptive_ALL,POOL,JOINT_SLOG_SLOG,2018-11,2020-08,2024-11,2026-08,22,66,0.2733252720063303,1.529820292962537,0.855372305243826,0.26833821942186287
72,adaptive_ALL,POOL,ADAPTIVE_ALL,2018-11,2020-08,2024-11,2026-08,22,66,0.26745871303549135,1.4969847600549069,0.8370128903463294,0.29940942139408355
72,adaptive_ALL,BRL,EJR,2018-11,2020-08,2024-11,2026-08,22,22,0.5025212529369404,1.6764644213411657,1.0,0.0
72,adaptive_ALL,BRL,TOT_LOG_L,2018-11,2020-08,2024-11,2026-08,22,22,0.42126379837402766,1.405380898510413,0.8383004617456261,0.2972523358370701
72,adaptive_ALL,BRL,TOT_LOG_D,2018-11,2020-08,2024-11,2026-08,22,22,0.5073096337918518,1.6924389698645845,1.0095287131179551,-0.01914822260959448
72,adaptive_ALL,BRL,TOT_LOG_LD,2018-11,2020-08,2024-11,2026-08,22,22,0.43441594999984084,1.4492578771175786,0.8644727908738901,0.2526867938387076
72,adaptive_ALL,BRL,TOT_DEV_L,2018-11,2020-08,2024-11,2026-08,22,22,0.42797216099618707,1.427760710699006,0.8516498725077639,0.27469249465750945
72,adaptive_ALL,BRL,TOT_DEV_D,2018-11,2020-08,2024-11,2026-08,22,22,0.5059323422870732,1.6878441787147929,1.0067879504203991,-0.013621977111708095
72,adaptive_ALL,BRL,TOT_DEV_LD,2018-11,2020-08,2024-11,2026-08,22,22,0.4404404946554887,1.4693563997391526,0.8764614274150074,0.23181536625364774
72,adaptive_ALL,BRL,TOT_SLOG_L,2018-11,2020-08,2024-11,2026-08,22,22,0.4258922832075643,1.4208220168766348,0.8475109872835727,0.2817251264336239
72,adaptive_ALL,BRL,TOT_SLOG_D,2018-11,2020-08,2024-11,2026-08,22,22,0.5062700336986599,1.6889707532300176,1.007459944708428,-0.01497554019190872
72,adaptive_ALL,BRL,TOT_SLOG_LD,2018-11,2020-08,2024-11,2026-08,22,22,0.4386605280228551,1.4634182414755075,0.8729193550703438,0.238011799543575
72,adaptive_ALL,BRL,COM_LOG_L,2018-11,2020-08,2024-11,2026-08,22,22,0.4872713555733623,1.6255891395302466,0.9696532290436446,0.059772615405233265
72,adaptive_ALL,BRL,COM_LOG_D,2018-11,2020-08,2024-11,2026-08,22,22,0.5145293501373663,1.7165247125365448,1.023895700192272,-0.048362404872222875
72,adaptive_ALL,BRL,COM_LOG_LD,2018-11,2020-08,2024-11,2026-08,22,22,0.49312682635404764,1.6451236136975582,0.981305414391953,0.03703968368503752
72,adaptive_ALL,BRL,COM_DEV_L,2018-11,2020-08,2024-11,2026-08,22,22,0.4874231887933188,1.626095671323175,0.9699553719262971,0.05918657647131864
72,adaptive_ALL,BRL,COM_DEV_D,2018-11,2020-08,2024-11,2026-08,22,22,0.5143637741174293,1.7159723332991905,1.0235662096105913,-0.047687785456593135
72,adaptive_ALL,BRL,COM_DEV_LD,2018-11,2020-08,2024-11,2026-08,22,22,0.49333725738415485,1.6458256340261694,0.9817241649002695,0.03621766405086846
72,adaptive_ALL,BRL,COM_SLOG_L,2018-11,2020-08,2024-11,2026-08,22,22,0.48771885860068226,1.6270820572911566,0.9705437446680178,0.058044839685781446
72,adaptive_ALL,BRL,COM_SLOG_D,2018-11,2020-08,2024-11,2026-08,22,22,0.514410256637854,1.716127403937996,1.023658708226626,-0.04787715092820477
72,adaptive_ALL,BRL,COM_SLOG_LD,2018-11,2020-08,2024-11,2026-08,22,22,0.49375812920264156,1.6472297072380275,0.9825616853355287,0.0345725345106056
72,adaptive_ALL,BRL,JOINT_LOG_LOG,2018-11,2020-08,2024-11,2026-08,22,22,0.43299527303762764,1.4445183474609726,0.86164569260907,0.25756670040823604
72,adaptive_ALL,BRL,JOINT_LOG_DEV,2018-11,2020-08,2024-11,2026-08,22,22,0.43260693758898155,1.4432228190442224,0.8608729184301145,0.25889781831361747
72,adaptive_ALL,BRL,JOINT_LOG_SLOG,2018-11,2020-08,2024-11,2026-08,22,22,0.4323182318017745,1.4422596657891924,0.8602984038488508,0.25988665633511954
72,adaptive_ALL,BRL,JOINT_DEV_LOG,2018-11,2020-08,2024-11,2026-08,22,22,0.44150762188542997,1.472916449833721,0.87858497387937,0.22808844367338688
72,adaptive_ALL,BRL,JOINT_DEV_DEV,2018-11,2020-08,2024-11,2026-08,22,22,0.44110258101319144,1.471565190344638,0.8777789564823517,0.22950410355675366
72,adaptive_ALL,BRL,JOINT_DEV_SLOG,2018-11,2020-08,2024-11,2026-08,22,22,0.4409031157503423,1.4708997529835202,0.877382027473512,0.23020077786646942
72,adaptive_ALL,BRL,JOINT_SLOG_LOG,2018-11,2020-08,2024-11,2026-08,22,22,0.43886048008015405,1.4640853028347567,0.8733172527833865,0.23731697599087864
72,adaptive_ALL,BRL,JOINT_SLOG_DEV,2018-11,2020-08,2024-11,2026-08,22,22,0.43846425767736025,1.4627634626989614,0.872528783837092,0.23869352137576527
72,adaptive_ALL,BRL,JOINT_SLOG_SLOG,2018-11,2020-08,2024-11,2026-08,22,22,0.4382293674439966,1.461979843863234,0.8720613603560136,0.23950898377401897
72,adaptive_ALL,BRL,ADAPTIVE_ALL,2018-11,2020-08,2024-11,2026-08,22,22,0.4279784449332118,1.4277816745821978,0.851662377326193,0.27467119504709725
72,adaptive_ALL,EUR,EJR,2018-11,2020-08,2024-11,2026-08,22,22,0.13710438643835493,2.361402400468111,1.0,0.0
72,adaptive_ALL,EUR,TOT_LOG_L,2018-11,2020-08,2024-11,2026-08,22,22,0.10215610676730669,1.7594745289295144,0.7450972898904169,0.44483002859795606
72,adaptive_ALL,EUR,TOT_LOG_D,2018-11,2020-08,2024-11,2026-08,22,22,0.13764235745761463,2.3706680854637785,1.0039238060373916,-0.007863008328602206
72,adaptive_ALL,EUR,TOT_LOG_LD,2018-11,2020-08,2024-11,2026-08,22,22,0.10041064515316989,1.729411761773623,0.732366394406474,0.4636394643440609
72,adaptive_ALL,EUR,TOT_DEV_L,2018-11,2020-08,2024-11,2026-08,22,22,0.10356444815273663,1.783730942707553,0.7553693272921025,0.42941717938627655
72,adaptive_ALL,EUR,TOT_DEV_D,2018-11,2020-08,2024-11,2026-08,22,22,0.13759651762314581,2.369878568089727,1.0035894634560956,-0.0071918111600937085
72,adaptive_ALL,EUR,TOT_DEV_LD,2018-11,2020-08,2024-11,2026-08,22,22,0.10163305604709948,1.7504658220722815,0.7412823082272124,0.450500539509336
72,adaptive_ALL,EUR,TOT_SLOG_L,2018-11,2020-08,2024-11,2026-08,22,22,0.10261902987580883,1.7674476344445635,0.7484737180305208,0.4397870934175685
72,adaptive_ALL,EUR,TOT_SLOG_D,2018-11,2020-08,2024-11,2026-08,22,22,0.13759217959349218,2.369803852510573,1.0035578231142632,-0.00712830433383882
72,adaptive_ALL,EUR,TOT_SLOG_LD,2018-11,2020-08,2024-11,2026-08,22,22,0.10055343132484956,1.7318710237806023,0.7334078357154571,0.4621129465111691
72,adaptive_ALL,EUR,COM_LOG_L,2018-11,2020-08,2024-11,2026-08,22,22,0.12338533637652382,2.12511384260555,0.8999371907914887,0.19011305263032363
72,adaptive_ALL,EUR,COM_LOG_D,2018-11,2020-08,2024-11,2026-08,22,22,0.14539082856769145,2.50412302993793,1.0604389279190733,-0.1245307198461536
72,adaptive_ALL,EUR,COM_LOG_LD,2018-11,2020-08,2024-11,2026-08,22,22,0.12539651614112463,2.159753177256134,0.9146061581151934,0.16349557553776584
72,adaptive_ALL,EUR,COM_DEV_L,2018-11,2020-08,2024-11,2026-08,22,22,0.12317413423353275,2.1214762256014623,0.89839674304596,0.19288329208441146
72,adaptive_ALL,EUR,COM_DEV_D,2018-11,2020-08,2024-11,2026-08,22,22,0.14526012164211569,2.5018718135047404,1.0594855891604005,-0.12250971363856089
72,adaptive_ALL,EUR,COM_DEV_LD,2018-11,2020-08,2024-11,2026-08,22,22,0.12510788240716492,2.15478192571609,0.9125009465938284,0.1673420224653671
72,adaptive_ALL,EUR,COM_SLOG_L,2018-11,2020-08,2024-11,2026-08,22,22,0.12342609880827735,2.125815909889407,0.9002345002562874,0.1895778445483126
72,adaptive_ALL,EUR,COM_SLOG_D,2018-11,2020-08,2024-11,2026-08,22,22,0.14537673973193868,2.5038803724166745,1.060336167999287,-0.12431278916741229
72,adaptive_ALL,EUR,COM_SLOG_LD,2018-11,2020-08,2024-11,2026-08,22,22,0.12554187091045255,2.1622566792237006,0.9156663340373785,0.16155516471054798
72,adaptive_ALL,EUR,JOINT_LOG_LOG,2018-11,2020-08,2024-11,2026-08,22,22,0.11085329050197587,1.9092695215032505,0.8085320490589692,0.3462759256445045
72,adaptive_ALL,EUR,JOINT_LOG_DEV,2018-11,2020-08,2024-11,2026-08,22,22,0.11081984720895856,1.9086935146046955,0.808288123289079,0.3466703097498187
72,adaptive_ALL,EUR,JOINT_LOG_SLOG,2018-11,2020-08,2024-11,2026-08,22,22,0.11135454139532697,1.917902761427549,0.8121880290489054,0.34035060546965445
72,adaptive_ALL,EUR,JOINT_DEV_LOG,2018-11,2020-08,2024-11,2026-08,22,22,0.11169793536068758,1.9238171698223046,0.8146926459636604,0.33627589261272983
72,adaptive_ALL,EUR,JOINT_DEV_DEV,2018-11,2020-08,2024-11,2026-08,22,22,0.11165797340494349,1.923128889449423,0.8144011749408712,0.33675072625492863
72,adaptive_ALL,EUR,JOINT_DEV_SLOG,2018-11,2020-08,2024-11,2026-08,22,22,0.11217883570523292,1.9320999042956168,0.8182001948980014,0.3305484410688725
72,adaptive_ALL,EUR,JOINT_SLOG_LOG,2018-11,2020-08,2024-11,2026-08,22,22,0.11050263863253405,1.903230107391574,0.8059744950772848,0.35040511328491586
72,adaptive_ALL,EUR,JOINT_SLOG_DEV,2018-11,2020-08,2024-11,2026-08,22,22,0.11046644252674485,1.902606687723403,0.8057104910820118,0.3508306045603835
72,adaptive_ALL,EUR,JOINT_SLOG_SLOG,2018-11,2020-08,2024-11,2026-08,22,22,0.11098136907032204,1.911475468713241,0.8094662173352246,0.3447644429930029
72,adaptive_ALL,EUR,ADAPTIVE_ALL,2018-11,2020-08,2024-11,2026-08,22,22,0.10778539291023723,1.8564299229629129,0.7861556855345387,0.3819592381017195
72,adaptive_ALL,CAD,EJR,2018-11,2020-08,2024-11,2026-08,22,22,0.1870596918882155,3.7101355424482034,1.0,0.0
72,adaptive_ALL,CAD,TOT_LOG_L,2018-11,2020-08,2024-11,2026-08,22,22,0.1487432475572934,2.9501684937622437,0.7951646132624899,0.3677132378151149
72,adaptive_ALL,CAD,TOT_LOG_D,2018-11,2020-08,2024-11,2026-08,22,22,0.18971938879299768,3.7628878800521206,1.0142184394614078,-0.028639042943533255
72,adaptive_ALL,CAD,TOT_LOG_LD,2018-11,2020-08,2024-11,2026-08,22,22,0.15755312405203686,3.124903283378274,0.8422612186605579,0.2905960395404318
72,adaptive_ALL,CAD,TOT_DEV_L,2018-11,2020-08,2024-11,2026-08,22,22,0.15224170667572348,3.019556812475214,0.8138669808496275,0.33762053748271215
72,adaptive_ALL,CAD,TOT_DEV_D,2018-11,2020-08,2024-11,2026-08,22,22,0.1888608224124655,3.745859103773225,1.009628640494748,-0.019349991707273473
72,adaptive_ALL,CAD,TOT_DEV_LD,2018-11,2020-08,2024-11,2026-08,22,22,0.1606814990253281,3.1869513657917174,0.8589851581780075,0.2621444980299036
72,adaptive_ALL,CAD,TOT_SLOG_L,2018-11,2020-08,2024-11,2026-08,22,22,0.1516556749169098,3.0079334785787943,0.8107341212105562,0.3427101847049471
72,adaptive_ALL,CAD,TOT_SLOG_D,2018-11,2020-08,2024-11,2026-08,22,22,0.18904972694373204,3.7496058297969177,1.0106385027978437,-0.021390183337467006
72,adaptive_ALL,CAD,TOT_SLOG_LD,2018-11,2020-08,2024-11,2026-08,22,22,0.1602685502950274,3.178760954773543,0.8567775808740339,0.2659321769116383
72,adaptive_ALL,CAD,COM_LOG_L,2018-11,2020-08,2024-11,2026-08,22,22,0.19687095463568666,3.9047317928121976,1.0524499032818586,-0.10765079891799334
72,adaptive_ALL,CAD,COM_LOG_D,2018-11,2020-08,2024-11,2026-08,22,22,0.1771945444029134,3.5144705440337662,0.9472620349914969,0.10269463706376825
72,adaptive_ALL,CAD,COM_LOG_LD,2018-11,2020-08,2024-11,2026-08,22,22,0.18877632939314734,3.744183272112771,1.0091769503499326,-0.01843811711759047
72,adaptive_ALL,CAD,COM_DEV_L,2018-11,2020-08,2024-11,2026-08,22,22,0.19697498344569744,3.9067950966782714,1.0530060295587742,-0.10882169828713395
72,adaptive_ALL,CAD,COM_DEV_D,2018-11,2020-08,2024-11,2026-08,22,22,0.17718544407906534,3.5142900485212607,0.9472133856873298,0.10278680197474566
72,adaptive_ALL,CAD,COM_DEV_LD,2018-11,2020-08,2024-11,2026-08,22,22,0.18874002166429688,3.7434631458583443,1.0089828533294363,-0.01804639831281074
72,adaptive_ALL,CAD,COM_SLOG_L,2018-11,2020-08,2024-11,2026-08,22,22,0.19683812634816386,3.9040806776782713,1.0522744069619865,-0.10728142754720027
72,adaptive_ALL,CAD,COM_SLOG_D,2018-11,2020-08,2024-11,2026-08,22,22,0.17703904842613855,3.5113864421392496,0.9464307710499964,0.10426879560970936
72,adaptive_ALL,CAD,COM_SLOG_LD,2018-11,2020-08,2024-11,2026-08,22,22,0.18845033645046816,3.7377175392174977,1.0074342288721596,-0.014923725503243057
72,adaptive_ALL,CAD,JOINT_LOG_LOG,2018-11,2020-08,2024-11,2026-08,22,22,0.13652446599156184,2.707821597352716,0.729844386107228,0.46732717206776353
72,adaptive_ALL,CAD,JOINT_LOG_DEV,2018-11,2020-08,2024-11,2026-08,22,22,0.13685234802152954,2.714324798340774,0.7315972064324301,0.46476552754026434
72,adaptive_ALL,CAD,JOINT_LOG_SLOG,2018-11,2020-08,2024-11,2026-08,22,22,0.1358729871779046,2.694900188804978,0.7263616538997647,0.47239874774399837
72,adaptive_ALL,CAD,JOINT_DEV_LOG,2018-11,2020-08,2024-11,2026-08,22,22,0.1422085174344698,2.8205588796103984,0.7602306835801472,0.422049307743262
72,adaptive_ALL,CAD,JOINT_DEV_DEV,2018-11,2020-08,2024-11,2026-08,22,22,0.14248368724438773,2.8260165882256527,0.7617017103264244,0.4198105044857998
72,adaptive_ALL,CAD,JOINT_DEV_SLOG,2018-11,2020-08,2024-11,2026-08,22,22,0.141576349111667,2.8080204746789814,0.756851183077278,0.4271762866745247
72,adaptive_ALL,CAD,JOINT_SLOG_LOG,2018-11,2020-08,2024-11,2026-08,22,22,0.141198510185237,2.800526430312084,0.754831298822065,0.43022971031859447
72,adaptive_ALL,CAD,JOINT_SLOG_DEV,2018-11,2020-08,2024-11,2026-08,22,22,0.14148610213270818,2.806230519179462,0.7563687329136546,0.4279063398705927
72,adaptive_ALL,CAD,JOINT_SLOG_SLOG,2018-11,2020-08,2024-11,2026-08,22,22,0.14056411412915767,2.7879438405949184,0.7514398891085365,0.43533809305655025
72,adaptive_ALL,CAD,ADAPTIVE_ALL,2018-11,2020-08,2024-11,2026-08,22,22,0.1407808555292216,2.792242682123951,0.7525985641703636,0.4335954012087071
84,fixed,POOL,EJR,2011-11,2019-08,2018-11,2026-08,94,282,0.302400602167075,0.8218082273138037,1.0,0.0
84,fixed,POOL,TOT_LOG_L,2011-11,2019-08,2018-11,2026-08,94,282,0.25696690194860977,0.6983369499113375,0.8497565815250483,0.2779137521548639
84,fixed,POOL,TOT_LOG_D,2011-11,2019-08,2018-11,2026-08,94,282,0.30095251431261305,0.8178728829257904,0.9952113592232138,0.009554350473083284
84,fixed,POOL,TOT_LOG_LD,2011-11,2019-08,2018-11,2026-08,94,282,0.24441677250122754,0.6642305375569943,0.8082549133489766,0.3467239950472384
84,fixed,POOL,TOT_DEV_L,2011-11,2019-08,2018-11,2026-08,94,282,0.25608131644969745,0.6959302700179099,0.8468280638813467,0.2828822302229699
84,fixed,POOL,TOT_DEV_D,2011-11,2019-08,2018-11,2026-08,94,282,0.3013891302023462,0.81905943654965,0.9966551919623164,0.0066784283345581175
84,fixed,POOL,TOT_DEV_LD,2011-11,2019-08,2018-11,2026-08,94,282,0.24210442961613576,0.6579464812630553,0.8006082920508675,0.3590263626993929
84,fixed,POOL,TOT_SLOG_L,2011-11,2019-08,2018-11,2026-08,94,282,0.25722368468954193,0.699034786382621,0.8506057291097158,0.2764698936057288
84,fixed,POOL,TOT_SLOG_D,2011-11,2019-08,2018-11,2026-08,94,282,0.3011799720719362,0.8184910254051326,0.9959635328554525,0.008056641222085936
84,fixed,POOL,TOT_SLOG_LD,2011-11,2019-08,2018-11,2026-08,94,282,0.2441480667009279,0.663500298808028,0.807366337736448,0.3481595966900358
84,fixed,POOL,COM_LOG_L,2011-11,2019-08,2018-11,2026-08,94,282,0.3078290997713352,0.8365607905070129,1.0179513452200766,-0.036224941235363683
84,fixed,POOL,COM_LOG_D,2011-11,2019-08,2018-11,2026-08,94,282,0.2977740438474865,0.809235025858721,0.9847005651231067,0.030364797046234293
84,fixed,POOL,COM_LOG_LD,2011-11,2019-08,2018-11,2026-08,94,282,0.30167813998874193,0.8198448537033598,0.9976109102523086,0.0047724717455602805
84,fixed,POOL,COM_DEV_L,2011-11,2019-08,2018-11,2026-08,94,282,0.3076434307055668,0.8360562135825205,1.0173373614368506,-0.03497530697529316
84,fixed,POOL,COM_DEV_D,2011-11,2019-08,2018-11,2026-08,94,282,0.2978111794853476,0.8093359462024705,0.9848233679138251,0.030122934010870628
84,fixed,POOL,COM_DEV_LD,2011-11,2019-08,2018-11,2026-08,94,282,0.3017261985611471,0.8199754583711828,0.9977698337863914,0.004455358785876884
84,fixed,POOL,COM_SLOG_L,2011-11,2019-08,2018-11,2026-08,94,282,0.30771391331055503,0.8362477581239226,1.0175704383701738,-0.03544959704486783
84,fixed,POOL,COM_SLOG_D,2011-11,2019-08,2018-11,2026-08,94,282,0.297885775308993,0.8095386688860755,0.9850700467336121,0.02963700302823935
84,fixed,POOL,COM_SLOG_LD,2011-11,2019-08,2018-11,2026-08,94,282,0.30194072673266986,0.8205584632166911,0.9984792509303568,0.003039185461553462
84,fixed,POOL,JOINT_LOG_LOG,2011-11,2019-08,2018-11,2026-08,94,282,0.23151755943104077,0.6291754505267894,0.7655988704120646,0.41385836962377065
84,fixed,POOL,JOINT_LOG_DEV,2011-11,2019-08,2018-11,2026-08,94,282,0.23125183084511813,0.6284533026984492,0.7647201400655694,0.41520310737809585
84,fixed,POOL,JOINT_LOG_SLOG,2011-11,2019-08,2018-11,2026-08,94,282,0.23117214213453097,0.6282367395120162,0.7644566197219719,0.41560607656325643
84,fixed,POOL,JOINT_DEV_LOG,2011-11,2019-08,2018-11,2026-08,94,282,0.22781121702959642,0.6191030410906927,0.7533424715329493,0.43247512058462745
84,fixed,POOL,JOINT_DEV_DEV,2011-11,2019-08,2018-11,2026-08,94,282,0.22747158111948895,0.6181800416547877,0.752219339146064,0.4341660658146588
84,fixed,POOL,JOINT_DEV_SLOG,2011-11,2019-08,2018-11,2026-08,94,282,0.227422224853763,0.6180459103569252,0.7520561243066349,0.4344115858928832
84,fixed,POOL,JOINT_SLOG_LOG,2011-11,2019-08,2018-11,2026-08,94,282,0.23072803555688157,0.6270298290869014,0.7629880162388214,0.41784928707594804
84,fixed,POOL,JOINT_SLOG_DEV,2011-11,2019-08,2018-11,2026-08,94,282,0.23046380557113033,0.6263117538759486,0.7621142415708554,0.4191818827948799
84,fixed,POOL,JOINT_SLOG_SLOG,2011-11,2019-08,2018-11,2026-08,94,282,0.23039321286668699,0.6261199101266831,0.7618808005527574,0.41953764574908947
84,fixed,BRL,EJR,2011-11,2019-08,2018-11,2026-08,94,94,0.48704445875788205,0.7992605415037144,1.0,0.0
84,fixed,BRL,TOT_LOG_L,2011-11,2019-08,2018-11,2026-08,94,94,0.40613942517701823,0.6664919619881366,0.8338857323473152,0.3046345853875818
84,fixed,BRL,TOT_LOG_D,2011-11,2019-08,2018-11,2026-08,94,94,0.4825568124663869,0.7918961242713224,0.9907859617108875,0.018343178076631772
84,fixed,BRL,TOT_LOG_LD,2011-11,2019-08,2018-11,2026-08,94,94,0.38101397920139,0.6252600432281576,0.7822981503025341,0.3880096040332337
84,fixed,BRL,TOT_DEV_L,2011-11,2019-08,2018-11,2026-08,94,94,0.4036336808106447,0.6623799295789286,0.8287409363819449,0.3131884603647772
84,fixed,BRL,TOT_DEV_D,2011-11,2019-08,2018-11,2026-08,94,94,0.48346029441995364,0.7933787763423227,0.9926409914465115,0.014663862100086744
84,fixed,BRL,TOT_DEV_LD,2011-11,2019-08,2018-11,2026-08,94,94,0.37570853209101746,0.6165535802880594,0.7714050028393576,0.40493432159441056
84,fixed,BRL,TOT_SLOG_L,2011-11,2019-08,2018-11,2026-08,94,94,0.4058581929417496,0.6660304480039259,0.8333083061386567,0.30559726692032274
84,fixed,BRL,TOT_SLOG_D,2011-11,2019-08,2018-11,2026-08,94,94,0.483064759263383,0.7927296864333016,0.9918288784053748,0.01627547596113632
84,fixed,BRL,TOT_SLOG_LD,2011-11,2019-08,2018-11,2026-08,94,94,0.37963010182961193,0.6229890419722088,0.7794567723812919,0.392447139988939
84,fixed,BRL,COM_LOG_L,2011-11,2019-08,2018-11,2026-08,94,94,0.4960228558158662,0.8139944705431722,1.0184344506883045,-0.037208730348788466
84,fixed,BRL,COM_LOG_D,2011-11,2019-08,2018-11,2026-08,94,94,0.4778003511444323,0.7840905702126184,0.9810199922261201,0.037599774852663304
84,fixed,BRL,COM_LOG_LD,2011-11,2019-08,2018-11,2026-08,94,94,0.48463778725263,0.79531109184687,0.9950586204976238,0.009858341773365753
84,fixed,BRL,COM_DEV_L,2011-11,2019-08,2018-11,2026-08,94,94,0.4957463767143277,0.8135407566523013,1.0178667836169173,-0.03605278919064814
84,fixed,BRL,COM_DEV_D,2011-11,2019-08,2018-11,2026-08,94,94,0.4780008072215462,0.7844195271073348,0.9814315687742347,0.03679207581334476
84,fixed,BRL,COM_DEV_LD,2011-11,2019-08,2018-11,2026-08,94,94,0.4848499010069934,0.7956591794826583,0.9954941325962613,0.008991431966417274
84,fixed,BRL,COM_SLOG_L,2011-11,2019-08,2018-11,2026-08,94,94,0.4958506427165153,0.8137118615686398,1.0180808626405313,-0.03648864287488851
84,fixed,BRL,COM_SLOG_D,2011-11,2019-08,2018-11,2026-08,94,94,0.47814651081231047,0.7846586328578657,0.9817307274817083,0.036204778718235686
84,fixed,BRL,COM_SLOG_LD,2011-11,2019-08,2018-11,2026-08,94,94,0.4852334945478478,0.796288672695583,0.9962817271042302,0.0074227202382119994
84,fixed,BRL,JOINT_LOG_LOG,2011-11,2019-08,2018-11,2026-08,94,94,0.3563679402244089,0.5848148516148471,0.7316948870196782,0.4646225923092603
84,fixed,BRL,JOINT_LOG_DEV,2011-11,2019-08,2018-11,2026-08,94,94,0.3559418370677729,0.5841155983257782,0.7308200117408943,0.46590211043903906
84,fixed,BRL,JOINT_LOG_SLOG,2011-11,2019-08,2018-11,2026-08,94,94,0.3557907834662762,0.5838677129815197,0.7305098683878996,0.4663553321878937
84,fixed,BRL,JOINT_DEV_LOG,2011-11,2019-08,2018-11,2026-08,94,94,0.34755586538603284,0.5703538643672889,0.7136019292210214,0.4907722866120364
84,fixed,BRL,JOINT_DEV_DEV,2011-11,2019-08,2018-11,2026-08,94,94,0.34698889867537264,0.5694234480325409,0.7124378328013514,0.4924323343933137
84,fixed,BRL,JOINT_DEV_SLOG,2011-11,2019-08,2018-11,2026-08,94,94,0.3469162574981741,0.5693042407906164,0.7122886858890063,0.4926448279545125
84,fixed,BRL,JOINT_SLOG_LOG,2011-11,2019-08,2018-11,2026-08,94,94,0.35323469036857963,0.5796730561762476,0.7252616963745778,0.4739954717718696
84,fixed,BRL,JOINT_SLOG_DEV,2011-11,2019-08,2018-11,2026-08,94,94,0.3528076770466116,0.578972309267401,0.7243849523437411,0.4752664408179559
84,fixed,BRL,JOINT_SLOG_SLOG,2011-11,2019-08,2018-11,2026-08,94,94,0.3526943803421336,0.5787863845869259,0.7241523314763014,0.4756034008174369
84,fixed,EUR,EJR,2011-11,2019-08,2018-11,2026-08,94,94,0.13382813619329398,1.3250420806639527,1.0,0.0
84,fixed,EUR,TOT_LOG_L,2011-11,2019-08,2018-11,2026-08,94,94,0.13666274163325695,1.353107714669383,1.0211809378849064,-0.04281050789949714
84,fixed,EUR,TOT_LOG_D,2011-11,2019-08,2018-11,2026-08,94,94,0.14276070151663434,1.4134840576530834,1.066746542075716,-0.13794818503049733
84,fixed,EUR,TOT_LOG_LD,2011-11,2019-08,2018-11,2026-08,94,94,0.1427276162369296,1.4131564778996302,1.066499319924636,-0.1374207993997112
84,fixed,EUR,TOT_DEV_L,2011-11,2019-08,2018-11,2026-08,94,94,0.13750551590305496,1.3614520838263313,1.0274783749842378,-0.055711811060249916
84,fixed,EUR,TOT_DEV_D,2011-11,2019-08,2018-11,2026-08,94,94,0.14259929018164483,1.4118859123210112,1.0655404329600935,-0.13537641427278357
84,fixed,EUR,TOT_DEV_LD,2011-11,2019-08,2018-11,2026-08,94,94,0.14338939315036733,1.4197087791066825,1.071444295863641,-0.1479928791387335
84,fixed,EUR,TOT_SLOG_L,2011-11,2019-08,2018-11,2026-08,94,94,0.13762710807997405,1.3626559767869613,1.0283869445898361,-0.057579707802818625
84,fixed,EUR,TOT_SLOG_D,2011-11,2019-08,2018-11,2026-08,94,94,0.14248018949032304,1.410706687739944,1.0646504804081893,-0.13348064543338856
84,fixed,EUR,TOT_SLOG_LD,2011-11,2019-08,2018-11,2026-08,94,94,0.1433850660634058,1.4196659363049087,1.0714119627004917,-0.1479235938177197
84,fixed,EUR,COM_LOG_L,2011-11,2019-08,2018-11,2026-08,94,94,0.14075645721746977,1.393639889514269,1.0517702870356715,-0.106220736691099
84,fixed,EUR,COM_LOG_D,2011-11,2019-08,2018-11,2026-08,94,94,0.1397755052574888,1.383927413027208,1.044440348893485,-0.0908556423967446
84,fixed,EUR,COM_LOG_LD,2011-11,2019-08,2018-11,2026-08,94,94,0.14249108471540872,1.4108145621535575,1.064731892474408,-0.13365400285213425
84,fixed,EUR,COM_DEV_L,2011-11,2019-08,2018-11,2026-08,94,94,0.1407057299596894,1.3931376352566247,1.051391239256757,-0.10542353798585924
84,fixed,EUR,COM_DEV_D,2011-11,2019-08,2018-11,2026-08,94,94,0.13923444057814377,1.3785702924030545,1.0403973673894793,-0.08242668207095938
84,fixed,EUR,COM_DEV_LD,2011-11,2019-08,2018-11,2026-08,94,94,0.1422144383964366,1.4080754668890954,1.0626647164168073,-0.1292562995172133
84,fixed,EUR,COM_SLOG_L,2011-11,2019-08,2018-11,2026-08,94,94,0.1408661290028494,1.394725757813889,1.0525897842542626,-0.10794525391643495
84,fixed,EUR,COM_SLOG_D,2011-11,2019-08,2018-11,2026-08,94,94,0.1392351427875895,1.3785772450296956,1.0404026144882264,-0.08243760023393687
84,fixed,EUR,COM_SLOG_LD,2011-11,2019-08,2018-11,2026-08,94,94,0.1423503071444602,1.409420713215461,1.063679964419868,-0.13141506670825165
84,fixed,EUR,JOINT_LOG_LOG,2011-11,2019-08,2018-11,2026-08,94,94,0.1475093476172271,1.460500747031303,1.1022297090364668,-0.21491033148261418
84,fixed,EUR,JOINT_LOG_DEV,2011-11,2019-08,2018-11,2026-08,94,94,0.14771148880684895,1.4625021616075142,1.1037401626329355,-0.2182423466089789
84,fixed,EUR,JOINT_LOG_SLOG,2011-11,2019-08,2018-11,2026-08,94,94,0.14797371904848486,1.4650985222449244,1.1056996178648095,-0.2225716449463857
84,fixed,EUR,JOINT_DEV_LOG,2011-11,2019-08,2018-11,2026-08,94,94,0.1472929702817117,1.4583583793423016,1.1006128791106369,-0.21134870966420527
84,fixed,EUR,JOINT_DEV_DEV,2011-11,2019-08,2018-11,2026-08,94,94,0.14744000276638375,1.459814158634734,1.101711545570877,-0.2137683296441708
84,fixed,EUR,JOINT_DEV_SLOG,2011-11,2019-08,2018-11,2026-08,94,94,0.14767113700468357,1.4621026354882642,1.1034386430622893,-0.21757683900314628
84,fixed,EUR,JOINT_SLOG_LOG,2011-11,2019-08,2018-11,2026-08,94,94,0.14758137675587152,1.4612139127560353,1.1027679302259212,-0.21609710793476244
84,fixed,EUR,JOINT_SLOG_DEV,2011-11,2019-08,2018-11,2026-08,94,94,0.14774207383958407,1.4628049862344223,1.1039687022629798,-0.21874689557620774
84,fixed,EUR,JOINT_SLOG_SLOG,2011-11,2019-08,2018-11,2026-08,94,94,0.1479741046057177,1.4651023396750447,1.1057024988526483,-0.22257801596899052
84,fixed,CAD,EJR,2011-11,2019-08,2018-11,2026-08,94,94,0.13862214011224755,0.8824942720684642,1.0,0.0
84,fixed,CAD,TOT_LOG_L,2011-11,2019-08,2018-11,2026-08,94,94,0.12029143135469866,0.7657975779588999,0.8677649274300208,0.24698403072237074
84,fixed,CAD,TOT_LOG_D,2011-11,2019-08,2018-11,2026-08,94,94,0.1359248044251287,0.8653225324617841,0.9805418118279323,0.03853775525719583
84,fixed,CAD,TOT_LOG_LD,2011-11,2019-08,2018-11,2026-08,94,94,0.11694379528729593,0.7444859054363105,0.8436155666952057,0.28831277562952695
84,fixed,CAD,TOT_DEV_L,2011-11,2019-08,2018-11,2026-08,94,94,0.12208606273983763,0.7772225344382689,0.8807111377805881,0.2243478917892221
84,fixed,CAD,TOT_DEV_D,2011-11,2019-08,2018-11,2026-08,94,94,0.13578589606967012,0.8644382160896996,0.9795397471119633,0.04050188382783093
84,fixed,CAD,TOT_DEV_LD,2011-11,2019-08,2018-11,2026-08,94,94,0.11885388241553405,0.7566458746047053,0.8573946580199497,0.26487440039885346
84,fixed,CAD,TOT_SLOG_L,2011-11,2019-08,2018-11,2026-08,94,94,0.12177839808190676,0.7752638841236651,0.8784916895908418,0.22825235131982813
84,fixed,CAD,TOT_SLOG_D,2011-11,2019-08,2018-11,2026-08,94,94,0.13592630610874518,0.8653320924583974,0.9805526447555963,0.038516510862805386
84,fixed,CAD,TOT_SLOG_LD,2011-11,2019-08,2018-11,2026-08,94,94,0.11893924514740052,0.7571893095989948,0.8580104523786096,0.2638180636090537
84,fixed,CAD,COM_LOG_L,2011-11,2019-08,2018-11,2026-08,94,94,0.1357394940978896,0.864142812525191,0.9792050100220372,0.04115754834774199
84,fixed,CAD,COM_LOG_D,2011-11,2019-08,2018-11,2026-08,94,94,0.13482498338262588,0.858320867579658,0.9726078624486177,0.0540339459031306
84,fixed,CAD,COM_LOG_LD,2011-11,2019-08,2018-11,2026-08,94,94,0.1336099037672793,0.8505854452309464,0.9638424544527329,0.07100772299453162
84,fixed,CAD,COM_DEV_L,2011-11,2019-08,2018-11,2026-08,94,94,0.13553917846880864,0.8628675660521051,0.9777599621464326,0.04398545642340668
84,fixed,CAD,COM_DEV_D,2011-11,2019-08,2018-11,2026-08,94,94,0.1349203273484144,0.8589278449616007,0.9732956599801758,0.05269555826375405
84,fixed,CAD,COM_DEV_LD,2011-11,2019-08,2018-11,2026-08,94,94,0.13346056983085697,0.8496347576754704,0.9627651811087964,0.07308320604454643
84,fixed,CAD,COM_SLOG_L,2011-11,2019-08,2018-11,2026-08,94,94,0.135471145090232,0.8624344529371674,0.9772691792273291,0.04494495133234233
84,fixed,CAD,COM_SLOG_D,2011-11,2019-08,2018-11,2026-08,94,94,0.13489734839963374,0.858781556708796,0.9731298931786964,0.05301821100201898
84,fixed,CAD,COM_SLOG_LD,2011-11,2019-08,2018-11,2026-08,94,94,0.13337710899670954,0.8491034305150507,0.962163106764252,0.07424215598176254
84,fixed,CAD,JOINT_LOG_LOG,2011-11,2019-08,2018-11,2026-08,94,94,0.10974527106198564,0.6986587641799541,0.7916864576836051,0.37323255272038536
84,fixed,CAD,JOINT_LOG_DEV,2011-11,2019-08,2018-11,2026-08,94,94,0.10917395525921259,0.6950216617439279,0.7875650683996823,0.3797412630366037
84,fixed,CAD,JOINT_LOG_SLOG,2011-11,2019-08,2018-11,2026-08,94,94,0.10880429572685439,0.6926683405525406,0.7848983981833744,0.3839345045291731
84,fixed,CAD,JOINT_DEV_LOG,2011-11,2019-08,2018-11,2026-08,94,94,0.11490671501211007,0.7315174743246606,0.8289203652393896,0.312891028091397
84,fixed,CAD,JOINT_DEV_DEV,2011-11,2019-08,2018-11,2026-08,94,94,0.1144120204843069,0.7283681571459155,0.8253517107127563,0.3187945536235267
84,fixed,CAD,JOINT_DEV_SLOG,2011-11,2019-08,2018-11,2026-08,94,94,0.11403925048644936,0.7259950341538605,0.8226626020497699,0.32322624318870186
84,fixed,CAD,JOINT_SLOG_LOG,2011-11,2019-08,2018-11,2026-08,94,94,0.11467898643983564,0.7300677119673936,0.8272775643701342,0.3156118314898184
84,fixed,CAD,JOINT_SLOG_DEV,2011-11,2019-08,2018-11,2026-08,94,94,0.11419159193888119,0.7269648681144443,0.8237615711777063,0.3214168738508367
84,fixed,CAD,JOINT_SLOG_SLOG,2011-11,2019-08,2018-11,2026-08,94,94,0.11381316288689179,0.7245557185334717,0.8210316389195333,0.3259070478931051
84,recent,POOL,EJR,2019-01,2019-08,2026-01,2026-08,8,24,0.27707186727503436,1.6480501155847709,1.0,0.0
84,recent,POOL,TOT_LOG_L,2019-01,2019-08,2026-01,2026-08,8,24,0.26496672413397476,1.5760475598976929,0.9563104574271214,0.08547030901552977
84,recent,POOL,TOT_LOG_D,2019-01,2019-08,2026-01,2026-08,8,24,0.2854759555554319,1.6980384409896931,1.0303317993380225,-0.06158361672712731
84,recent,POOL,TOT_LOG_LD,2019-01,2019-08,2026-01,2026-08,8,24,0.2741449462260888,1.6306405076716228,0.989436238771798,0.02101592940511754
84,recent,POOL,TOT_DEV_L,2019-01,2019-08,2026-01,2026-08,8,24,0.2681339245124886,1.594886372373405,0.9677414280617904,0.0634765284129265
84,recent,POOL,TOT_DEV_D,2019-01,2019-08,2026-01,2026-08,8,24,0.2851415215617101,1.6960491954288595,1.02912476956264,-0.05909779132735671
84,recent,POOL,TOT_DEV_LD,2019-01,2019-08,2026-01,2026-08,8,24,0.27681717223164537,1.6465351649698845,0.9990807618041707,0.0018376313927979115
84,recent,POOL,TOT_SLOG_L,2019-01,2019-08,2026-01,2026-08,8,24,0.26735593522018475,1.5902588172350396,0.9649335309629067,0.0689032808234572
84,recent,POOL,TOT_SLOG_D,2019-01,2019-08,2026-01,2026-08,8,24,0.28508714511549643,1.695725759096803,1.0289285156204824,-0.05869389025696936
84,recent,POOL,TOT_SLOG_LD,2019-01,2019-08,2026-01,2026-08,8,24,0.2760542155232301,1.6419970250863367,0.9963271198847696,0.007332270182119793
84,recent,POOL,COM_LOG_L,2019-01,2019-08,2026-01,2026-08,8,24,0.27716382975505727,1.6485971172609852,1.0003319083995332,-0.0006639269622521482
84,recent,POOL,COM_LOG_D,2019-01,2019-08,2026-01,2026-08,8,24,0.27695166738147514,1.647335155056942,0.9995661779207633,0.0008674559568768725
84,recent,POOL,COM_LOG_LD,2019-01,2019-08,2026-01,2026-08,8,24,0.27602649774695287,1.6418321570871177,0.9962270816652642,0.0075316017567110816
84,recent,POOL,COM_DEV_L,2019-01,2019-08,2026-01,2026-08,8,24,0.27700812557592114,1.6476709738277089,0.9997699452501615,0.0004600565744889984
84,recent,POOL,COM_DEV_D,2019-01,2019-08,2026-01,2026-08,8,24,0.2768503216409904,1.6467323408450099,0.9992004037211613,0.0015985532034682448
84,recent,POOL,COM_DEV_LD,2019-01,2019-08,2026-01,2026-08,8,24,0.2759114966574644,1.641148119545927,0.9958120229636372,0.008358414921068369
84,recent,POOL,COM_SLOG_L,2019-01,2019-08,2026-01,2026-08,8,24,0.2770537131020647,1.6479421328178623,0.9999344784688964,0.00013103876913622692
84,recent,POOL,COM_SLOG_D,2019-01,2019-08,2026-01,2026-08,8,24,0.27684208387330467,1.6466833418104991,0.9991706722014415,0.0016579678125195896
84,recent,POOL,COM_SLOG_LD,2019-01,2019-08,2026-01,2026-08,8,24,0.2759703678163731,1.6414982908613998,0.9960244990965905,0.007935197199385957
84,recent,POOL,JOINT_LOG_LOG,2019-01,2019-08,2026-01,2026-08,8,24,0.27330011662790443,1.6256153799651167,0.986387103518576,0.02704048201223408
84,recent,POOL,JOINT_LOG_DEV,2019-01,2019-08,2026-01,2026-08,8,24,0.27288204595578863,1.623128655396941,0.9848782145930148,0.03001490242007543
84,recent,POOL,JOINT_LOG_SLOG,2019-01,2019-08,2026-01,2026-08,8,24,0.272679829116991,1.6219258501903673,0.9841483792590043,0.031451967601874964
84,recent,POOL,JOINT_DEV_LOG,2019-01,2019-08,2026-01,2026-08,8,24,0.2774231748391951,1.6501397267654911,1.0012679293918065,-0.00253746642855579
84,recent,POOL,JOINT_DEV_DEV,2019-01,2019-08,2026-01,2026-08,8,24,0.27700823876911224,1.6476716471116968,0.9997703537838472,0.0004592396949211208
84,recent,POOL,JOINT_DEV_SLOG,2019-01,2019-08,2026-01,2026-08,8,24,0.27684291037441433,1.646688257918593,0.999173655186029,0.0016520067821905737
84,recent,POOL,JOINT_SLOG_LOG,2019-01,2019-08,2026-01,2026-08,8,24,0.27636248204217073,1.6438306239903593,0.997439706745256,0.005114031407937758
84,recent,POOL,JOINT_SLOG_DEV,2019-01,2019-08,2026-01,2026-08,8,24,0.27594247342977274,1.6413323723669924,0.9959238234600681,0.008135737864679027
84,recent,POOL,JOINT_SLOG_SLOG,2019-01,2019-08,2026-01,2026-08,8,24,0.2757644579949539,1.640273519438998,0.9952813351534436,0.009415063895178655
84,recent,BRL,EJR,2019-01,2019-08,2026-01,2026-08,8,8,0.4257781121990073,1.4932649833787706,1.0,0.0
84,recent,BRL,TOT_LOG_L,2019-01,2019-08,2026-01,2026-08,8,8,0.40882133084588707,1.433795116093555,0.9601746053465644,0.0780647272475693
84,recent,BRL,TOT_LOG_D,2019-01,2019-08,2026-01,2026-08,8,8,0.4382802875667952,1.537111907769408,1.0293631236777723,-0.05958844038766076
84,recent,BRL,TOT_LOG_LD,2019-01,2019-08,2026-01,2026-08,8,8,0.4225151196194385,1.4818211998199353,0.9923364013177745,0.015268466619688947
84,recent,BRL,TOT_DEV_L,2019-01,2019-08,2026-01,2026-08,8,8,0.4133266753524797,1.4495960062685016,0.970756042901736,0.05763270516976293
84,recent,BRL,TOT_DEV_D,2019-01,2019-08,2026-01,2026-08,8,8,0.43777569395616883,1.535342225514739,1.0281780143539974,-0.05715002920092882
84,recent,BRL,TOT_DEV_LD,2019-01,2019-08,2026-01,2026-08,8,8,0.4262858807053945,1.4950458004488039,1.0011925660146426,-0.0023865542429843956
84,recent,BRL,TOT_SLOG_L,2019-01,2019-08,2026-01,2026-08,8,8,0.4121888183137939,1.4456053782317877,0.9680836250247128,0.06281409495901125
84,recent,BRL,TOT_SLOG_D,2019-01,2019-08,2026-01,2026-08,8,8,0.43771719828308087,1.5351370727889442,1.02804062900841,-0.056867534892007354
84,recent,BRL,TOT_SLOG_LD,2019-01,2019-08,2026-01,2026-08,8,8,0.4251890919078517,1.4911992046313858,0.9986166026992005,0.002764880813507231
84,recent,BRL,COM_LOG_L,2019-01,2019-08,2026-01,2026-08,8,8,0.4259254980182124,1.493781886612074,1.0003461564016147,-0.0006924326274837522
84,recent,BRL,COM_LOG_D,2019-01,2019-08,2026-01,2026-08,8,8,0.4256803349322762,1.492922064463033,0.9997703562866909,0.0004592346903832256
84,recent,BRL,COM_LOG_LD,2019-01,2019-08,2026-01,2026-08,8,8,0.4241281223289933,1.4874782319577156,0.9961247658751353,0.007735450810206768
84,recent,BRL,COM_DEV_L,2019-01,2019-08,2026-01,2026-08,8,8,0.42566431096149715,1.4928658660963874,0.9997327217293477,0.0005344851036306331
84,recent,BRL,COM_DEV_D,2019-01,2019-08,2026-01,2026-08,8,8,0.425551012774961,1.4924685130860105,0.9994666249449192,0.0010664656212121537
84,recent,BRL,COM_DEV_LD,2019-01,2019-08,2026-01,2026-08,8,8,0.42396860236409406,1.486918772532938,0.9957501107194833,0.008481717002136846
84,recent,BRL,COM_SLOG_L,2019-01,2019-08,2026-01,2026-08,8,8,0.4257451202889518,1.4931492760123999,0.9999225138420452,0.00015496631180489384
84,recent,BRL,COM_SLOG_D,2019-01,2019-08,2026-01,2026-08,8,8,0.425554085742567,1.4924792904246986,0.9994738422431267,0.0010520386717612906
84,recent,BRL,COM_SLOG_LD,2019-01,2019-08,2026-01,2026-08,8,8,0.42408082849253725,1.4873123656816296,0.9960136896241469,0.007956730081293495
84,recent,BRL,JOINT_LOG_LOG,2019-01,2019-08,2026-01,2026-08,8,8,0.4220602392609308,1.4802258690795218,0.9912680505842001,0.017387651890999778
84,recent,BRL,JOINT_LOG_DEV,2019-01,2019-08,2026-01,2026-08,8,8,0.4214431029560532,1.478061483434412,0.9898186188562743,0.020259101765457643
84,recent,BRL,JOINT_LOG_SLOG,2019-01,2019-08,2026-01,2026-08,8,8,0.421212438028472,1.477252508408731,0.9892768697128299,0.021331275051184595
84,recent,BRL,JOINT_DEV_LOG,2019-01,2019-08,2026-01,2026-08,8,8,0.42762395837240685,1.499738630981757,1.004335230300746,-0.008689254823252446
84,recent,BRL,JOINT_DEV_DEV,2019-01,2019-08,2026-01,2026-08,8,8,0.42702508844873144,1.4976383081586682,1.0029286997475841,-0.005865976777379878
84,recent,BRL,JOINT_DEV_SLOG,2019-01,2019-08,2026-01,2026-08,8,8,0.42684593064863596,1.4970099760257645,1.0025079223638662,-0.005022134402315803
84,recent,BRL,JOINT_SLOG_LOG,2019-01,2019-08,2026-01,2026-08,8,8,0.4261575002722484,1.494595551833679,1.0008910464450174,-0.0017828868538019016
84,recent,BRL,JOINT_SLOG_DEV,2019-01,2019-08,2026-01,2026-08,8,8,0.4255472226988688,1.4924552207448811,0.9994577234162038,0.0010842591036991367
84,recent,BRL,JOINT_SLOG_SLOG,2019-01,2019-08,2026-01,2026-08,8,8,0.42534930219521844,1.491761085116191,0.9989928791746148,0.002013227358413583
84,recent,EUR,EJR,2019-01,2019-08,2026-01,2026-08,8,8,0.11798798596409818,3.3383589787122756,1.0,0.0
84,recent,EUR,TOT_LOG_L,2019-01,2019-08,2026-01,2026-08,8,8,0.10844271586282386,3.0682845479433736,0.9190996437198378,0.1552558449140673
84,recent,EUR,TOT_LOG_D,2019-01,2019-08,2026-01,2026-08,8,8,0.11692499416875332,3.3082826266558314,0.9909906776807911,0.017937476749766534
84,recent,EUR,TOT_LOG_LD,2019-01,2019-08,2026-01,2026-08,8,8,0.10637382940047724,3.0097473533207557,0.9015649223205239,0.18718069084118782
84,recent,EUR,TOT_DEV_L,2019-01,2019-08,2026-01,2026-08,8,8,0.11051608160339703,3.12694847952623,0.9366723289693686,0.1226449481430989
84,recent,EUR,TOT_DEV_D,2019-01,2019-08,2026-01,2026-08,8,8,0.11692641179106572,3.308322736944488,0.991002692652492,0.017913663155510573
84,recent,EUR,TOT_DEV_LD,2019-01,2019-08,2026-01,2026-08,8,8,0.10845470423700337,3.068623747703886,0.919201250456164,0.15506906115982455
84,recent,EUR,TOT_SLOG_L,2019-01,2019-08,2026-01,2026-08,8,8,0.10992255949647725,3.1101553303042175,0.9316419684452016,0.13204324263154987
84,recent,EUR,TOT_SLOG_D,2019-01,2019-08,2026-01,2026-08,8,8,0.11688121641627613,3.3070439763656694,0.990619642001866,0.01867272488009486
84,recent,EUR,TOT_SLOG_LD,2019-01,2019-08,2026-01,2026-08,8,8,0.10778404605061787,3.049648105735998,0.9135171277812538,0.16548645725028843
84,recent,EUR,COM_LOG_L,2019-01,2019-08,2026-01,2026-08,8,8,0.11879930394600914,3.361314457165203,1.0068762762181382,-0.01379983561090481
84,recent,EUR,COM_LOG_D,2019-01,2019-08,2026-01,2026-08,8,8,0.12080963150076578,3.418194782630006,1.0239146851572343,-0.04840128248063835
84,recent,EUR,COM_LOG_LD,2019-01,2019-08,2026-01,2026-08,8,8,0.11868652181536403,3.3581233929614966,1.0059203981283178,-0.011875847370633519
84,recent,EUR,COM_DEV_L,2019-01,2019-08,2026-01,2026-08,8,8,0.11833772933859685,3.3482546382149136,1.0029642287021077,-0.005937244056013924
84,recent,EUR,COM_DEV_D,2019-01,2019-08,2026-01,2026-08,8,8,0.12048307139964172,3.408955072020755,1.021146944878801,-0.04274108303530921
84,recent,EUR,COM_DEV_LD,2019-01,2019-08,2026-01,2026-08,8,8,0.1182113752968054,3.344679569563098,1.0018933227046962,-0.0037902300802565847
84,recent,EUR,COM_SLOG_L,2019-01,2019-08,2026-01,2026-08,8,8,0.1185294445000785,3.353679038211726,1.004589098894739,-0.009199257618143664
84,recent,EUR,COM_SLOG_D,2019-01,2019-08,2026-01,2026-08,8,8,0.12052572440176436,3.4101618985585724,1.021508447804494,-0.043479508935946765
84,recent,EUR,COM_SLOG_LD,2019-01,2019-08,2026-01,2026-08,8,8,0.1184491935245703,3.3514084124149623,1.0039089366320098,-0.007833153049612518
84,recent,EUR,JOINT_LOG_LOG,2019-01,2019-08,2026-01,2026-08,8,8,0.11157124861077107,3.156803436573975,0.9456153327739689,0.10581164242277608
84,recent,EUR,JOINT_LOG_DEV,2019-01,2019-08,2026-01,2026-08,8,8,0.11108319506718074,3.1429944210540994,0.9414788646445881,0.11361754742753749
84,recent,EUR,JOINT_LOG_SLOG,2019-01,2019-08,2026-01,2026-08,8,8,0.11129126997655603,3.148881704715074,0.9432423908856292,0.11029379203636192
84,recent,EUR,JOINT_DEV_LOG,2019-01,2019-08,2026-01,2026-08,8,8,0.11321231791973072,3.2032359476257493,0.9595241159059988,0.07931347099481134
84,recent,EUR,JOINT_DEV_DEV,2019-01,2019-08,2026-01,2026-08,8,8,0.11272385839126062,3.18941544514593,0.9553842068764581,0.08724101725104116
84,recent,EUR,JOINT_DEV_SLOG,2019-01,2019-08,2026-01,2026-08,8,8,0.11290473513235574,3.1945331822421363,0.9569172166962051,0.08430944039038812
84,recent,EUR,JOINT_SLOG_LOG,2019-01,2019-08,2026-01,2026-08,8,8,0.11258861246752125,3.1855887890659886,0.9542379382743267,0.0894299571579622
84,recent,EUR,JOINT_SLOG_DEV,2019-01,2019-08,2026-01,2026-08,8,8,0.11209476848939455,3.1716159386525247,0.9500523936691585,0.09740044928350233
84,recent,EUR,JOINT_SLOG_SLOG,2019-01,2019-08,2026-01,2026-08,8,8,0.11227681568019639,3.1767667925212195,0.9515953235642177,0.09446634017071176
84,recent,CAD,EJR,2019-01,2019-08,2026-01,2026-08,8,8,0.18734538490768346,3.9544622815740356,1.0,0.0
84,recent,CAD,TOT_LOG_L,2019-01,2019-08,2026-01,2026-08,8,8,0.17812184457994565,3.7597729789974643,0.9507671868603392,0.09604175638967682
84,recent,CAD,TOT_LOG_D,2019-01,2019-08,2026-01,2026-08,8,8,0.19679557634729788,4.153935706660134,1.0504426166904037,-0.10342969095938237
84,recent,CAD,TOT_LOG_LD,2019-01,2019-08,2026-01,2026-08,8,8,0.18876423584875682,3.9844112046949074,1.0075734501907934,-0.01520425752937915
84,recent,CAD,TOT_DEV_L,2019-01,2019-08,2026-01,2026-08,8,8,0.180650656164056,3.8131508085687638,0.9642653127167965,0.07019240669117865
84,recent,CAD,TOT_DEV_D,2019-01,2019-08,2026-01,2026-08,8,8,0.19646301932537455,4.146916135826743,1.0486675154671352,-0.09970355799601416
84,recent,CAD,TOT_DEV_LD,2019-01,2019-08,2026-01,2026-08,8,8,0.1907908948746338,4.027189662671821,1.0183912188103708,-0.03712067455007251
84,recent,CAD,TOT_SLOG_L,2019-01,2019-08,2026-01,2026-08,8,8,0.1801527054007252,3.8026401279205966,0.9616073835472246,0.0753112399074608
84,recent,CAD,TOT_SLOG_D,2019-01,2019-08,2026-01,2026-08,8,8,0.19638349346768938,4.145237514254181,1.0482430275208516,-0.09881344474608089
84,recent,CAD,TOT_SLOG_LD,2019-01,2019-08,2026-01,2026-08,8,8,0.19030140636362283,4.016857602156904,1.0157784589003673,-0.03180587756600506
84,recent,CAD,COM_LOG_L,2019-01,2019-08,2026-01,2026-08,8,8,0.18690521954550285,3.9451713277389233,0.9976505139830505,0.00469345194935511
84,recent,CAD,COM_LOG_D,2019-01,2019-08,2026-01,2026-08,8,8,0.1852240901846519,3.9096862654770077,0.9886770911166195,0.022517609501179647
84,recent,CAD,COM_LOG_LD,2019-01,2019-08,2026-01,2026-08,8,8,0.186012708609921,3.926332321737308,0.9928865272105893,0.014176344083695613
84,recent,CAD,COM_DEV_L,2019-01,2019-08,2026-01,2026-08,8,8,0.18710045722529567,3.949292379565544,0.9986926409609264,0.0026130088904902093
84,recent,CAD,COM_DEV_D,2019-01,2019-08,2026-01,2026-08,8,8,0.18527942899974958,3.9108543500664337,0.9889724750414753,0.021933443610338332
84,recent,CAD,COM_DEV_LD,2019-01,2019-08,2026-01,2026-08,8,8,0.18616701352054935,3.92958936993864,0.9937101659178059,0.012540106151606611
84,recent,CAD,COM_SLOG_L,2019-01,2019-08,2026-01,2026-08,8,8,0.1869977089901702,3.947123583037665,0.9981441981200414,0.003708159759299501
84,recent,CAD,COM_SLOG_D,2019-01,2019-08,2026-01,2026-08,8,8,0.18520768902823515,3.909340071977465,0.9885895460915587,0.02269070935848605
84,recent,CAD,COM_SLOG_LD,2019-01,2019-08,2026-01,2026-08,8,8,0.186021964285336,3.9265276893431724,0.992935931552306,0.014078235832354347
84,recent,CAD,JOINT_LOG_LOG,2019-01,2019-08,2026-01,2026-08,8,8,0.18301877544371756,3.863136765651744,0.9769057056511005,0.045655242266325446
84,recent,CAD,JOINT_LOG_DEV,2019-01,2019-08,2026-01,2026-08,8,8,0.18286625648131918,3.8599174150158784,0.9760915998620867,0.047245188678672
84,recent,CAD,JOINT_LOG_SLOG,2019-01,2019-08,2026-01,2026-08,8,8,0.18236557487346725,3.849349092052897,0.9734190941683988,0.052455267108374004
84,recent,CAD,JOINT_DEV_LOG,2019-01,2019-08,2026-01,2026-08,8,8,0.18764747563111975,3.960838773698626,1.001612480198459,-0.0032275604893081677
84,recent,CAD,JOINT_DEV_DEV,2019-01,2019-08,2026-01,2026-08,8,8,0.18746625995798982,3.9570136965846343,1.0006451989749623,-0.0012908142316419013
84,recent,CAD,JOINT_DEV_SLOG,2019-01,2019-08,2026-01,2026-08,8,8,0.18703225215753694,3.9478527157702654,0.9983285803901664,0.003340045576155082
84,recent,CAD,JOINT_SLOG_LOG,2019-01,2019-08,2026-01,2026-08,8,8,0.1866607986318347,3.940012122539368,0.9963458599410598,0.0072949273783100566
84,recent,CAD,JOINT_SLOG_DEV,2019-01,2019-08,2026-01,2026-08,8,8,0.1864861122395201,3.936324864644796,0.9954134302876648,0.009152102802944317
84,recent,CAD,JOINT_SLOG_SLOG,2019-01,2019-08,2026-01,2026-08,8,8,0.18603762163204526,3.926858182603104,0.9930195063183296,0.013912260071300975
96,fixed,POOL,EJR,2012-11,2018-08,2020-11,2026-08,70,210,0.3249475492278695,0.8487815797938787,1.0,0.0
96,fixed,POOL,TOT_LOG_L,2012-11,2018-08,2020-11,2026-08,70,210,0.30172303249344995,0.788117814054976,0.9285284139252475,0.1378349845334642
96,fixed,POOL,TOT_LOG_D,2012-11,2018-08,2020-11,2026-08,70,210,0.31188458383402373,0.8146603672162573,0.959799772532873,0.07878439664584524
96,fixed,POOL,TOT_LOG_LD,2012-11,2018-08,2020-11,2026-08,70,210,0.2764914366634991,0.7222114429493787,0.8508802030373506,0.276002880079117
96,fixed,POOL,TOT_DEV_L,2012-11,2018-08,2020-11,2026-08,70,210,0.3005178398924435,0.7849697820656016,0.9248195304335265,0.14470883612871166
96,fixed,POOL,TOT_DEV_D,2012-11,2018-08,2020-11,2026-08,70,210,0.3118642148708658,0.8146071623197471,0.9597370886837217,0.07890472060489429
96,fixed,POOL,TOT_DEV_LD,2012-11,2018-08,2020-11,2026-08,70,210,0.27324964269935237,0.7137436917421671,0.8409038423235992,0.29288072796540743
96,fixed,POOL,TOT_SLOG_L,2012-11,2018-08,2020-11,2026-08,70,210,0.30149688200642083,0.7875270960510771,0.9278324539539644,0.13912693738976456
96,fixed,POOL,TOT_SLOG_D,2012-11,2018-08,2020-11,2026-08,70,210,0.31205183018166693,0.8150972242398129,0.9603144597432879,0.07779613840795718
96,fixed,POOL,TOT_SLOG_LD,2012-11,2018-08,2020-11,2026-08,70,210,0.27548389271741586,0.7195796805486455,0.8477795674163794,0.28126980507129673
96,fixed,POOL,COM_LOG_L,2012-11,2018-08,2020-11,2026-08,70,210,0.33392482522781286,0.8722307380459824,1.0276268463057343,-0.05601693524826912
96,fixed,POOL,COM_LOG_D,2012-11,2018-08,2020-11,2026-08,70,210,0.31917649036762585,0.8337072440491702,0.9822400295864465,0.03520452427801668
96,fixed,POOL,COM_LOG_LD,2012-11,2018-08,2020-11,2026-08,70,210,0.3290048945678429,0.8593795978297586,1.0124861546105342,-0.025128213278026612
96,fixed,POOL,COM_DEV_L,2012-11,2018-08,2020-11,2026-08,70,210,0.3337900141367933,0.8718786037674467,1.0272119759940797,-0.05516444362566175
96,fixed,POOL,COM_DEV_D,2012-11,2018-08,2020-11,2026-08,70,210,0.31927664330639527,0.8339688492521998,0.982548242216477,0.03459895171731142
96,fixed,POOL,COM_DEV_LD,2012-11,2018-08,2020-11,2026-08,70,210,0.32903408707418236,0.8594558503256086,1.0125759922055826,-0.025310139991119973
96,fixed,POOL,COM_SLOG_L,2012-11,2018-08,2020-11,2026-08,70,210,0.3338555347822725,0.8720497474400518,1.027413610521359,-0.05557872708453471
96,fixed,POOL,COM_SLOG_D,2012-11,2018-08,2020-11,2026-08,70,210,0.31938533825758825,0.8342527666801306,0.9828827422040941,0.03394151507736032
96,fixed,POOL,COM_SLOG_LD,2012-11,2018-08,2020-11,2026-08,70,210,0.32919629119246824,0.8598795367577571,1.0130751623598775,-0.026321284590492322
96,fixed,POOL,JOINT_LOG_LOG,2012-11,2018-08,2020-11,2026-08,70,210,0.25604273472985667,0.6687982641972597,0.7879509642040926,0.37913327800984076
96,fixed,POOL,JOINT_LOG_DEV,2012-11,2018-08,2020-11,2026-08,70,210,0.25551620868417874,0.6674229480580396,0.7863306225614828,0.38168415202207084
96,fixed,POOL,JOINT_LOG_SLOG,2012-11,2018-08,2020-11,2026-08,70,210,0.2556899282319777,0.6678767134505537,0.7868652305257889,0.38084310898959695
96,fixed,POOL,JOINT_DEV_LOG,2012-11,2018-08,2020-11,2026-08,70,210,0.250403704021205,0.6540687935341677,0.7705972998294853,0.40617980149550637
96,fixed,POOL,JOINT_DEV_DEV,2012-11,2018-08,2020-11,2026-08,70,210,0.24983485939673808,0.6525829388472819,0.7688467261574617,0.4088747116769531
96,fixed,POOL,JOINT_DEV_SLOG,2012-11,2018-08,2020-11,2026-08,70,210,0.2500177875679021,0.6530607576905948,0.7694096729210199,0.4080087552155691
96,fixed,POOL,JOINT_SLOG_LOG,2012-11,2018-08,2020-11,2026-08,70,210,0.2537991794837405,0.6629379696030145,0.7810466030188884,0.3899662039126549
96,fixed,POOL,JOINT_SLOG_DEV,2012-11,2018-08,2020-11,2026-08,70,210,0.2532895759359273,0.6616068559958824,0.7794783390051295,0.3924135190218043
96,fixed,POOL,JOINT_SLOG_SLOG,2012-11,2018-08,2020-11,2026-08,70,210,0.2534745598492707,0.6620900445553195,0.7800476121502354,0.3915257227787159
96,fixed,BRL,EJR,2012-11,2018-08,2020-11,2026-08,70,70,0.5225520456381911,0.8150817747496297,1.0,0.0
96,fixed,BRL,TOT_LOG_L,2012-11,2018-08,2020-11,2026-08,70,70,0.4745529230936791,0.7402122754976944,0.9081448002258017,0.17527302182283877
96,fixed,BRL,TOT_LOG_D,2012-11,2018-08,2020-11,2026-08,70,70,0.49733004912348006,0.7757402587158876,0.9517330441527455,0.09420421266774825
96,fixed,BRL,TOT_LOG_LD,2012-11,2018-08,2020-11,2026-08,70,70,0.42623896179048876,0.6648516876808486,0.815687098248605,0.3346545577507706
96,fixed,BRL,TOT_DEV_L,2012-11,2018-08,2020-11,2026-08,70,70,0.4715975039476709,0.7356023839036132,0.9024890590021715,0.18551349838137499
96,fixed,BRL,TOT_DEV_D,2012-11,2018-08,2020-11,2026-08,70,70,0.4974083638238473,0.7758624147489509,0.9518829138184007,0.09391891838059108
96,fixed,BRL,TOT_DEV_LD,2012-11,2018-08,2020-11,2026-08,70,70,0.41926021097720034,0.6539661641317378,0.8023319676514886,0.35626341368449066
96,fixed,BRL,TOT_SLOG_L,2012-11,2018-08,2020-11,2026-08,70,70,0.47372943569028964,0.738927791818334,0.9065689047523016,0.1781328209362124
96,fixed,BRL,TOT_SLOG_D,2012-11,2018-08,2020-11,2026-08,70,70,0.49776213394888796,0.7764142288386258,0.9525599183923827,0.09262960187229718
96,fixed,BRL,TOT_SLOG_LD,2012-11,2018-08,2020-11,2026-08,70,70,0.42379314084193054,0.6610366723228359,0.8110065674402888,0.3422683475687204
96,fixed,BRL,COM_LOG_L,2012-11,2018-08,2020-11,2026-08,70,70,0.5378926933870666,0.8390102666526542,1.0293571671509583,-0.05957617756504563
96,fixed,BRL,COM_LOG_D,2012-11,2018-08,2020-11,2026-08,70,70,0.5121867937256909,0.7989139537735401,0.9801641731210884,0.03927819372985297
96,fixed,BRL,COM_LOG_LD,2012-11,2018-08,2020-11,2026-08,70,70,0.5292558505570389,0.8255384350123534,1.0128289707691422,-0.02582252402927998
96,fixed,BRL,COM_DEV_L,2012-11,2018-08,2020-11,2026-08,70,70,0.5377230721996737,0.8387456898710507,1.029032565632681,-0.058908021132578314
96,fixed,BRL,COM_DEV_D,2012-11,2018-08,2020-11,2026-08,70,70,0.5124076425245303,0.7992584358828572,0.9805868081498533,0.038449511682482784
96,fixed,BRL,COM_DEV_LD,2012-11,2018-08,2020-11,2026-08,70,70,0.5294139341282791,0.8257850153078103,1.0131314929247048,-0.026435421955841143
96,fixed,BRL,COM_SLOG_L,2012-11,2018-08,2020-11,2026-08,70,70,0.5378381277146052,0.8389251545848295,1.02925274564325,-0.05936121441416886
96,fixed,BRL,COM_SLOG_D,2012-11,2018-08,2020-11,2026-08,70,70,0.5125985192670989,0.799556167286628,0.9809520861047706,0.03773300476669872
96,fixed,BRL,COM_SLOG_LD,2012-11,2018-08,2020-11,2026-08,70,70,0.5297033754900478,0.8262364887654413,1.013685392510755,-0.027558074989683545
96,fixed,BRL,JOINT_LOG_LOG,2012-11,2018-08,2020-11,2026-08,70,70,0.3902048983162403,0.6086454042049875,0.7467292522789463,0.4423954237909259
96,fixed,BRL,JOINT_LOG_DEV,2012-11,2018-08,2020-11,2026-08,70,70,0.38938858636482926,0.6073721128655711,0.7451670883601081,0.44472601042491877
96,fixed,BRL,JOINT_LOG_SLOG,2012-11,2018-08,2020-11,2026-08,70,70,0.38959442391469384,0.6076931802824039,0.7455609965872078,0.44413880036788966
96,fixed,BRL,JOINT_DEV_LOG,2012-11,2018-08,2020-11,2026-08,70,70,0.37743027765787635,0.5887194263719929,0.7222826526244327,0.4783077697178131
96,fixed,BRL,JOINT_DEV_DEV,2012-11,2018-08,2020-11,2026-08,70,70,0.3765171921910988,0.5872951867599363,0.7205352946829623,0.48082888911613675
96,fixed,BRL,JOINT_DEV_SLOG,2012-11,2018-08,2020-11,2026-08,70,70,0.3767437478192696,0.5876485704372759,0.7209688507852909,0.4802039161973368
96,fixed,BRL,JOINT_SLOG_LOG,2012-11,2018-08,2020-11,2026-08,70,70,0.38447756337619293,0.5997118513340615,0.7357689374397755,0.4586440706987438
96,fixed,BRL,JOINT_SLOG_DEV,2012-11,2018-08,2020-11,2026-08,70,70,0.38366930465813187,0.5984511215065292,0.7342221848726241,0.4609177832408702
96,fixed,BRL,JOINT_SLOG_SLOG,2012-11,2018-08,2020-11,2026-08,70,70,0.38390372992030836,0.5988167803157061,0.7346708009753324,0.4602588141942634
96,fixed,EUR,EJR,2012-11,2018-08,2020-11,2026-08,70,70,0.14386718354778005,1.2707251830363748,1.0,0.0
96,fixed,EUR,TOT_LOG_L,2012-11,2018-08,2020-11,2026-08,70,70,0.15455127012324762,1.3650937355748247,1.07426354163609,-0.1540421568885153
96,fixed,EUR,TOT_LOG_D,2012-11,2018-08,2020-11,2026-08,70,70,0.1629124344035028,1.4389447817162533,1.1323807861255417,-0.28228624478629993
96,fixed,EUR,TOT_LOG_LD,2012-11,2018-08,2020-11,2026-08,70,70,0.17155022318681076,1.515239148937623,1.192420807555719,-0.42186738229183307
96,fixed,EUR,TOT_DEV_L,2012-11,2018-08,2020-11,2026-08,70,70,0.1550309470997644,1.3693305434329572,1.0775977069730898,-0.16121681807366084
96,fixed,EUR,TOT_DEV_D,2012-11,2018-08,2020-11,2026-08,70,70,0.16285780770126376,1.4384622844261166,1.1320010838133678,-0.2814264537546396
96,fixed,EUR,TOT_DEV_LD,2012-11,2018-08,2020-11,2026-08,70,70,0.172054567088715,1.519693830549206,1.1959264291260248,-0.4302400238821249
96,fixed,EUR,TOT_SLOG_L,2012-11,2018-08,2020-11,2026-08,70,70,0.15515674831902748,1.3704416986904118,1.078472133066385,-0.16310214180075833
96,fixed,EUR,TOT_SLOG_D,2012-11,2018-08,2020-11,2026-08,70,70,0.16255871733091826,1.4358205307180831,1.1299221498760383,-0.2767240647804885
96,fixed,EUR,TOT_SLOG_LD,2012-11,2018-08,2020-11,2026-08,70,70,0.17193409853720315,1.518629776757403,1.1950890696355485,-0.42823788436236065
96,fixed,EUR,COM_LOG_L,2012-11,2018-08,2020-11,2026-08,70,70,0.15827316027760627,1.3979678033852088,1.100133862181585,-0.21029451471857086
96,fixed,EUR,COM_LOG_D,2012-11,2018-08,2020-11,2026-08,70,70,0.1475482925115541,1.3032390457979621,1.0255868563837667,-0.05182839998713673
96,fixed,EUR,COM_LOG_LD,2012-11,2018-08,2020-11,2026-08,70,70,0.16150518552226234,1.426515077122793,1.122599202538948,-0.26022896954108177
96,fixed,EUR,COM_DEV_L,2012-11,2018-08,2020-11,2026-08,70,70,0.15848318361463531,1.399822861201778,1.1015937040430148,-0.2135086887872093
96,fixed,EUR,COM_DEV_D,2012-11,2018-08,2020-11,2026-08,70,70,0.14708328593071057,1.2991318160741019,1.0223546628468083,-0.045209056644611056
96,fixed,EUR,COM_DEV_LD,2012-11,2018-08,2020-11,2026-08,70,70,0.16143243768205176,1.4258725225784734,1.1220935428157461,-0.25909391882879285
96,fixed,EUR,COM_SLOG_L,2012-11,2018-08,2020-11,2026-08,70,70,0.15858800818453248,1.400748737537746,1.1023223244782814,-0.21511450704320123
96,fixed,EUR,COM_SLOG_D,2012-11,2018-08,2020-11,2026-08,70,70,0.14716925174233314,1.2998911200308148,1.0229521987789274,-0.04643120098664211
96,fixed,EUR,COM_SLOG_LD,2012-11,2018-08,2020-11,2026-08,70,70,0.16161232601617373,1.427461409151952,1.1233439206273215,-0.2619015640103619
96,fixed,EUR,JOINT_LOG_LOG,2012-11,2018-08,2020-11,2026-08,70,70,0.17725064179327377,1.5655888207561162,1.232043593418972,-0.5179314160847333
96,fixed,EUR,JOINT_LOG_DEV,2012-11,2018-08,2020-11,2026-08,70,70,0.17736942153361832,1.56663795790865,1.2328692142271052,-0.5199664993889599
96,fixed,EUR,JOINT_LOG_SLOG,2012-11,2018-08,2020-11,2026-08,70,70,0.17745022247718703,1.5673516425118643,1.2334308499078501,-0.5213516615044014
96,fixed,EUR,JOINT_DEV_LOG,2012-11,2018-08,2020-11,2026-08,70,70,0.176940739493059,1.562851569303404,1.2298895073197482,-0.5126282002152129
96,fixed,EUR,JOINT_DEV_DEV,2012-11,2018-08,2020-11,2026-08,70,70,0.17701207078031744,1.5634816119637416,1.2303853207881112,-0.5138480376108634
96,fixed,EUR,JOINT_DEV_SLOG,2012-11,2018-08,2020-11,2026-08,70,70,0.17707046605306861,1.5639973956318811,1.2307912178892508,-0.5148470220333055
96,fixed,EUR,JOINT_SLOG_LOG,2012-11,2018-08,2020-11,2026-08,70,70,0.177403831119189,1.5669418849463819,1.2331083902832574,-0.5205563021869661
96,fixed,EUR,JOINT_SLOG_DEV,2012-11,2018-08,2020-11,2026-08,70,70,0.1775002660984837,1.567793659157105,1.2337786958867774,-0.522209870424077
96,fixed,EUR,JOINT_SLOG_SLOG,2012-11,2018-08,2020-11,2026-08,70,70,0.17756138563159127,1.5683335052010738,1.2342035289279223,-0.5232583508181365
96,fixed,CAD,EJR,2012-11,2018-08,2020-11,2026-08,70,70,0.15170472090534032,1.2043355393676192,1.0,0.0
96,fixed,CAD,TOT_LOG_L,2012-11,2018-08,2020-11,2026-08,70,70,0.15499610671776887,1.230464804719562,1.0216960012370497,-0.04386271894377747
96,fixed,CAD,TOT_LOG_D,2012-11,2018-08,2020-11,2026-08,70,70,0.13393409519434504,1.063260192649136,0.8828604304141354,0.22055746040896762
96,fixed,CAD,TOT_LOG_LD,2012-11,2018-08,2020-11,2026-08,70,70,0.13503115203929392,1.071969378093028,0.8900919578076265,0.20773630664618647
96,fixed,CAD,TOT_DEV_L,2012-11,2018-08,2020-11,2026-08,70,70,0.15650596152395452,1.2424510619139508,1.031648590696199,-0.06429881468545329
96,fixed,CAD,TOT_DEV_D,2012-11,2018-08,2020-11,2026-08,70,70,0.13356691064738266,1.0603452312901596,0.8804400406940851,0.2248253347425978
96,fixed,CAD,TOT_DEV_LD,2012-11,2018-08,2020-11,2026-08,70,70,0.13643387827530057,1.0831051756340964,0.8993383822276148,0.1911904742522167
96,fixed,CAD,TOT_SLOG_L,2012-11,2018-08,2020-11,2026-08,70,70,0.15558892888122414,1.2351710313663877,1.0256037383194387,-0.05186302805480758
96,fixed,CAD,TOT_SLOG_D,2012-11,2018-08,2020-11,2026-08,70,70,0.1339274265621482,1.063207252498654,0.8828164724400063,0.22063507598858367
96,fixed,CAD,TOT_SLOG_LD,2012-11,2018-08,2020-11,2026-08,70,70,0.13605941707854338,1.080132447266268,0.8968700266318067,0.1956241553294623
96,fixed,CAD,COM_LOG_L,2012-11,2018-08,2020-11,2026-08,70,70,0.14190991454730179,1.1265776862974417,0.9354350589778267,0.12496125043514972
96,fixed,CAD,COM_LOG_D,2012-11,2018-08,2020-11,2026-08,70,70,0.14668021584421984,1.164447591407083,0.9668797053174393,0.0651436354452617
96,fixed,CAD,COM_LOG_LD,2012-11,2018-08,2020-11,2026-08,70,70,0.13615058446204747,1.080856196134002,0.89747097947599,0.19454584099840722
96,fixed,CAD,COM_DEV_L,2012-11,2018-08,2020-11,2026-08,70,70,0.1413658330284808,1.1222583961295498,0.9318486081701393,0.13165817145137426
96,fixed,CAD,COM_DEV_D,2012-11,2018-08,2020-11,2026-08,70,70,0.14702938401991442,1.1672195265235092,0.9691813355739721,0.06068753877505173
96,fixed,CAD,COM_DEV_LD,2012-11,2018-08,2020-11,2026-08,70,70,0.1358335223171017,1.0783391405864384,0.8953809842335636,0.19829289307293496
96,fixed,CAD,COM_SLOG_L,2012-11,2018-08,2020-11,2026-08,70,70,0.14127471943267886,1.1215350742652797,0.9312480098811856,0.13277714409233132
96,fixed,CAD,COM_SLOG_D,2012-11,2018-08,2020-11,2026-08,70,70,0.14698623156106005,1.1668769528745202,0.96889688523784,0.06123882577641193
96,fixed,CAD,COM_SLOG_LD,2012-11,2018-08,2020-11,2026-08,70,70,0.13567013112222018,1.0770420298463033,0.8943039498874573,0.20022044521569216
96,fixed,CAD,JOINT_LOG_LOG,2012-11,2018-08,2020-11,2026-08,70,70,0.11399997077945408,0.905009517681619,0.7514596124571957,0.43530845084568126
96,fixed,CAD,JOINT_LOG_DEV,2012-11,2018-08,2020-11,2026-08,70,70,0.11305846193293008,0.8975351783352159,0.745253418998579,0.44459734147092844
96,fixed,CAD,JOINT_LOG_SLOG,2012-11,2018-08,2020-11,2026-08,70,70,0.1134002715834333,0.9002486964600521,0.7475065436769897,0.4412339671600808
96,fixed,CAD,JOINT_DEV_LOG,2012-11,2018-08,2020-11,2026-08,70,70,0.11976813089200959,0.9508011066239825,0.7894818973151251,0.37671833381171027
96,fixed,CAD,JOINT_DEV_DEV,2012-11,2018-08,2020-11,2026-08,70,70,0.11897017143788059,0.9444663602571797,0.7842219459479761,0.3849959394935697
96,fixed,CAD,JOINT_DEV_SLOG,2012-11,2018-08,2020-11,2026-08,70,70,0.11931840106155278,0.947230844507546,0.7865173895017036,0.38139039601142555
96,fixed,CAD,JOINT_SLOG_LOG,2012-11,2018-08,2020-11,2026-08,70,70,0.11809722471082726,0.9375363137754952,0.7784676970238571,0.3939880446903723
96,fixed,CAD,JOINT_SLOG_DEV,2012-11,2018-08,2020-11,2026-08,70,70,0.11729598472035895,0.9311755242738576,0.7731861211725144,0.4021832220262018
96,fixed,CAD,JOINT_SLOG_SLOG,2012-11,2018-08,2020-11,2026-08,70,70,0.1176347650918249,0.9338649939156837,0.7754192775927247,0.39872494393757707
