h,family,origin,selected,n_validation,last_validation_origin,last_validation_target,past_mse
12,TOT,2013-01,EJR,24,2011-12,2012-12,0.010311390582728706
12,TOT,2013-02,EJR,25,2012-01,2013-01,0.010019057155091271
12,TOT,2013-03,EJR,26,2012-02,2013-02,0.009760285901728923
12,TOT,2013-04,EJR,27,2012-03,2013-03,0.009449935285697124
12,TOT,2013-05,EJR,28,2012-04,2013-04,0.009119517168948562
12,TOT,2013-06,EJR,29,2012-05,2013-05,0.00884169672805567
12,TOT,2013-07,EJR,30,2012-06,2013-06,0.008588352686525177
12,TOT,2013-08,EJR,31,2012-07,2013-07,0.008440850362552765
12,TOT,2013-09,EJR,32,2012-08,2013-08,0.00833063672215216
12,TOT,2013-10,EJR,33,2012-09,2013-09,0.008152005010516068
12,TOT,2013-11,EJR,34,2012-10,2013-10,0.007962873075073693
12,TOT,2013-12,EJR,35,2012-11,2013-11,0.007814209713244934
12,TOT,2014-01,EJR,36,2012-12,2013-12,0.007739250822411757
12,TOT,2014-02,EJR,37,2013-01,2014-01,0.007820063937051909
12,TOT,2014-03,EJR,38,2013-02,2014-02,0.007801978201246246
12,TOT,2014-04,EJR,39,2013-03,2014-03,0.007738112226902034
12,TOT,2014-05,EJR,40,2013-04,2014-04,0.007652462501112613
12,TOT,2014-06,EJR,41,2013-05,2014-05,0.007497450316648959
12,TOT,2014-07,EJR,42,2013-06,2014-06,0.00735365653781065
12,TOT,2014-08,EJR,43,2013-07,2014-07,0.007211475044597695
12,TOT,2014-09,EJR,44,2013-08,2014-08,0.007087504544930829
12,TOT,2014-10,EJR,45,2013-09,2014-09,0.007003879864769207
12,TOT,2014-11,EJR,46,2013-10,2014-10,0.0069543020406241055
12,TOT,2014-12,EJR,47,2013-11,2014-11,0.006900124182704665
12,TOT,2015-01,EJR,48,2013-12,2014-12,0.006932575824255779
12,TOT,2015-02,EJR,49,2014-01,2015-01,0.007100868018103089
12,TOT,2015-03,EJR,50,2014-02,2015-02,0.007507466800332991
12,TOT,2015-04,EJR,51,2014-03,2015-03,0.008521795763835884
12,TOT,2015-05,EJR,52,2014-04,2015-04,0.00899948425713868
12,TOT,2015-06,EJR,53,2014-05,2015-05,0.009774567226255831
12,TOT,2015-07,EJR,54,2014-06,2015-06,0.010480191517019967
12,TOT,2015-08,EJR,55,2014-07,2015-07,0.011483634272672611
12,TOT,2015-09,EJR,56,2014-08,2015-08,0.012793207423182249
12,TOT,2015-10,EJR,57,2014-09,2015-09,0.014105147113210044
12,TOT,2015-11,TOT_LOG_L,58,2014-10,2015-10,0.015065331929064476
12,TOT,2015-12,TOT_LOG_L,59,2014-11,2015-11,0.015826002027121016
12,TOT,2016-01,TOT_LOG_L,60,2014-12,2015-12,0.016487874741371072
12,TOT,2016-02,TOT_LOG_L,61,2015-01,2016-01,0.017063154635390224
12,TOT,2016-03,TOT_LOG_L,62,2015-02,2016-02,0.017266430937060564
12,TOT,2016-04,TOT_LOG_L,63,2015-03,2016-03,0.01703593219792985
12,TOT,2016-05,TOT_LOG_L,64,2015-04,2016-04,0.016852883199120507
12,TOT,2016-06,TOT_LOG_L,65,2015-05,2016-05,0.016644305102030053
12,TOT,2016-07,TOT_LOG_L,66,2015-06,2016-06,0.01640018357576821
12,TOT,2016-08,TOT_LOG_L,67,2015-07,2016-07,0.016170936935431673
12,TOT,2016-09,TOT_LOG_L,68,2015-08,2016-08,0.016030250825411877
12,TOT,2016-10,TOT_LOG_L,69,2015-09,2016-09,0.01604608219492559
12,TOT,2016-11,TOT_LOG_L,70,2015-10,2016-10,0.01605363476744844
12,TOT,2016-12,TOT_LOG_L,71,2015-11,2016-11,0.01594255733212545
12,TOT,2017-01,TOT_LOG_L,72,2015-12,2016-12,0.015982764690102482
12,TOT,2017-02,TOT_LOG_L,73,2016-01,2017-01,0.01615499789673091
12,TOT,2017-03,EJR,74,2016-02,2017-02,0.0162061490809208
12,TOT,2017-04,EJR,75,2016-03,2017-03,0.016090184765786292
12,TOT,2017-05,EJR,76,2016-04,2017-04,0.015965879442346592
12,TOT,2017-06,EJR,77,2016-05,2017-05,0.015798442374188516
12,TOT,2017-07,EJR,78,2016-06,2017-06,0.01559789592536004
12,TOT,2017-08,EJR,79,2016-07,2017-07,0.015419959521971211
12,TOT,2017-09,EJR,80,2016-08,2017-08,0.015237573667600597
12,TOT,2017-10,EJR,81,2016-09,2017-09,0.015062009386905642
12,TOT,2017-11,EJR,82,2016-10,2017-10,0.014884813905507596
12,TOT,2017-12,EJR,83,2016-11,2017-11,0.014735024966981834
12,TOT,2018-01,EJR,84,2016-12,2017-12,0.01460396171885757
12,TOT,2018-02,EJR,85,2017-01,2018-01,0.014492764515295426
12,TOT,2018-03,EJR,86,2017-02,2018-02,0.014373973950318262
12,TOT,2018-04,EJR,87,2017-03,2018-03,0.014258696173357267
12,TOT,2018-05,EJR,88,2017-04,2018-04,0.014140753902034226
12,TOT,2018-06,EJR,89,2017-05,2018-05,0.014046516798419182
12,TOT,2018-07,EJR,90,2017-06,2018-06,0.013979475751562583
12,TOT,2018-08,EJR,91,2017-07,2018-07,0.013928485434554017
12,TOT,2018-09,EJR,92,2017-08,2018-08,0.014035302651731902
12,TOT,2018-10,EJR,93,2017-09,2018-09,0.014070172284592338
12,TOT,2018-11,EJR,94,2017-10,2018-10,0.013980246248064902
12,TOT,2018-12,EJR,95,2017-11,2018-11,0.013942367099105724
12,TOT,2019-01,EJR,96,2017-12,2018-12,0.013920289737813927
12,TOT,2019-02,EJR,97,2018-01,2019-01,0.013878157905945768
12,TOT,2019-03,EJR,98,2018-02,2019-02,0.013819684431013954
12,TOT,2019-04,EJR,99,2018-03,2019-03,0.013802793025170993
12,TOT,2019-05,EJR,100,2018-04,2019-04,0.013754160768000165
12,TOT,2019-06,EJR,101,2018-05,2019-05,0.013671478674537675
12,TOT,2019-07,EJR,102,2018-06,2019-06,0.01354420478567045
12,TOT,2019-08,EJR,103,2018-07,2019-07,0.013432338981599888
12,TOT,2019-09,EJR,104,2018-08,2019-08,0.013327943245305377
12,TOT,2019-10,EJR,105,2018-09,2019-09,0.013238800903721521
12,TOT,2019-11,EJR,106,2018-10,2019-10,0.013145065190479949
12,TOT,2019-12,EJR,107,2018-11,2019-11,0.013074659632788954
12,TOT,2020-01,EJR,108,2018-12,2019-12,0.012969840457097731
12,TOT,2020-02,EJR,109,2019-01,2020-01,0.012946000485214302
12,TOT,2020-03,EJR,110,2019-02,2020-02,0.01296086340527749
12,TOT,2020-04,EJR,111,2019-03,2020-03,0.013166155351715642
12,TOT,2020-05,EJR,112,2019-04,2020-04,0.013413060896960451
12,TOT,2020-06,EJR,113,2019-05,2020-05,0.013608904792191342
12,TOT,2020-07,TOT_LOG_L,114,2019-06,2020-06,0.01387975530618435
12,TOT,2020-08,TOT_LOG_L,115,2019-07,2020-07,0.0140439883084746
12,TOT,2020-09,TOT_LOG_L,116,2019-08,2020-08,0.014156589915942376
12,TOT,2020-10,TOT_LOG_L,117,2019-09,2020-09,0.014338299476733294
12,TOT,2020-11,TOT_LOG_L,118,2019-10,2020-10,0.014618582429754364
12,TOT,2020-12,TOT_LOG_L,119,2019-11,2020-11,0.014672684454103723
12,TOT,2021-01,TOT_LOG_L,120,2019-12,2020-12,0.014758802179250914
12,TOT,2021-02,TOT_LOG_L,121,2020-01,2021-01,0.014848950294404258
12,TOT,2021-03,TOT_LOG_L,122,2020-02,2021-02,0.014889436263404582
12,TOT,2021-04,TOT_LOG_L,123,2020-03,2021-03,0.014859670842350792
12,TOT,2021-05,TOT_LOG_L,124,2020-04,2021-04,0.014795413002593287
12,TOT,2021-06,TOT_LOG_L,125,2020-05,2021-05,0.01473048571444145
12,TOT,2021-07,TOT_LOG_L,126,2020-06,2021-06,0.01464694480832543
12,TOT,2021-08,TOT_LOG_L,127,2020-07,2021-07,0.014545627228956318
12,TOT,2021-09,TOT_LOG_L,128,2020-08,2021-08,0.014435475105140705
12,TOT,2021-10,TOT_LOG_L,129,2020-09,2021-09,0.01432917555515858
12,TOT,2021-11,TOT_LOG_L,130,2020-10,2021-10,0.014232964212191735
12,TOT,2021-12,TOT_LOG_L,131,2020-11,2021-11,0.014154405170059234
12,TOT,2022-01,TOT_LOG_L,132,2020-12,2021-12,0.014088971504926716
12,TOT,2022-02,TOT_LOG_L,133,2021-01,2022-01,0.014002334805382901
12,TOT,2022-03,TOT_LOG_L,134,2021-02,2022-02,0.013913623696125959
12,TOT,2022-04,TOT_LOG_L,135,2021-03,2022-03,0.013863175667247265
12,TOT,2022-05,TOT_LOG_L,136,2021-04,2022-04,0.013814723313058622
12,TOT,2022-06,TOT_LOG_L,137,2021-05,2022-05,0.013766248333386862
12,TOT,2022-07,TOT_LOG_L,138,2021-06,2022-06,0.013731718980693421
12,TOT,2022-08,TOT_LOG_L,139,2021-07,2022-07,0.01370009404745713
12,TOT,2022-09,TOT_LOG_L,140,2021-08,2022-08,0.013680593844554917
12,TOT,2022-10,TOT_LOG_L,141,2021-09,2022-09,0.013680635125416177
12,TOT,2022-11,TOT_LOG_L,142,2021-10,2022-10,0.01367550590856366
12,TOT,2022-12,TOT_LOG_L,143,2021-11,2022-11,0.013613018340808697
12,TOT,2023-01,TOT_LOG_L,144,2021-12,2022-12,0.013540965549172328
12,TOT,2023-02,TOT_LOG_L,145,2022-01,2023-01,0.013461983590713208
12,TOT,2023-03,TOT_LOG_L,146,2022-02,2023-02,0.013395926228090455
12,TOT,2023-04,TOT_LOG_L,147,2022-03,2023-03,0.013340893698520583
12,TOT,2023-05,TOT_LOG_L,148,2022-04,2023-04,0.013272626182574005
12,TOT,2023-06,TOT_LOG_L,149,2022-05,2023-05,0.013218311379148358
12,TOT,2023-07,TOT_LOG_L,150,2022-06,2023-06,0.013139638431102326
12,TOT,2023-08,TOT_LOG_L,151,2022-07,2023-07,0.01307216922872213
12,TOT,2023-09,TOT_LOG_L,152,2022-08,2023-08,0.013001047946951883
12,TOT,2023-10,TOT_LOG_L,153,2022-09,2023-09,0.012925606632484434
12,TOT,2023-11,TOT_LOG_L,154,2022-10,2023-10,0.012849919943648007
12,TOT,2023-12,TOT_LOG_L,155,2022-11,2023-11,0.012774748900824272
12,TOT,2024-01,TOT_LOG_L,156,2022-12,2023-12,0.01269959757876769
12,TOT,2024-02,TOT_LOG_L,157,2023-01,2024-01,0.012621600289129451
12,TOT,2024-03,TOT_LOG_L,158,2023-02,2024-02,0.012545078825705559
12,TOT,2024-04,TOT_LOG_L,159,2023-03,2024-03,0.012468104458453375
12,TOT,2024-05,TOT_LOG_L,160,2023-04,2024-04,0.012394811605463437
12,TOT,2024-06,TOT_LOG_L,161,2023-05,2024-05,0.012319525839804061
12,TOT,2024-07,TOT_LOG_L,162,2023-06,2024-06,0.012274575988212504
12,TOT,2024-08,TOT_LOG_L,163,2023-07,2024-07,0.012258212840076842
12,TOT,2024-09,TOT_LOG_L,164,2023-08,2024-08,0.01222107609758483
12,TOT,2024-10,TOT_LOG_L,165,2023-09,2024-09,0.012161682060939705
12,TOT,2024-11,TOT_LOG_L,166,2023-10,2024-10,0.012123613688804866
12,TOT,2024-12,TOT_LOG_L,167,2023-11,2024-11,0.012144654707675498
12,TOT,2025-01,TOT_LOG_L,168,2023-12,2024-12,0.012206284569180102
12,TOT,2025-02,TOT_LOG_L,169,2024-01,2025-01,0.012212639943060842
12,TOT,2025-03,TOT_LOG_L,170,2024-02,2025-02,0.01221088465053988
12,TOT,2025-04,TOT_LOG_L,171,2024-03,2025-03,0.012195544739271655
12,TOT,2025-05,TOT_LOG_L,172,2024-04,2025-04,0.012151178760378046
12,TOT,2025-06,TOT_LOG_L,173,2024-05,2025-05,0.01210636058005647
12,TOT,2025-07,TOT_LOG_L,174,2024-06,2025-06,0.012046583062604574
12,TOT,2025-08,TOT_LOG_L,175,2024-07,2025-07,0.011981536633868875
12,TOT,2025-09,TOT_LOG_L,176,2024-08,2025-08,0.01191471389926467
12,TOT,2025-10,TOT_LOG_L,177,2024-09,2025-09,0.011848720865571288
12,TOT,2025-11,TOT_LOG_L,178,2024-10,2025-10,0.011786044309405776
12,TOT,2025-12,TOT_LOG_L,179,2024-11,2025-11,0.011741220715794344
12,TOT,2026-01,TOT_LOG_L,180,2024-12,2025-12,0.01170955040003307
12,TOT,2026-02,TOT_LOG_L,181,2025-01,2026-01,0.011690098026073622
12,TOT,2026-03,TOT_LOG_L,182,2025-02,2026-02,0.011668084702298895
12,TOT,2026-04,TOT_LOG_L,183,2025-03,2026-03,0.01161978544621847
12,TOT,2026-05,TOT_LOG_L,184,2025-04,2026-04,0.011575536298965565
12,TOT,2026-06,TOT_LOG_L,185,2025-05,2026-05,0.011530449093315532
12,TOT,2026-07,TOT_LOG_L,186,2025-06,2026-06,0.011475245657197016
12,TOT,2026-08,TOT_LOG_L,187,2025-07,2026-07,0.011425225655972303
12,COM,2013-01,COM_LOG_D,24,2011-12,2012-12,0.010092715130112
12,COM,2013-02,COM_LOG_D,25,2012-01,2013-01,0.009813757399288853
12,COM,2013-03,COM_LOG_D,26,2012-02,2013-02,0.009570238049986518
12,COM,2013-04,COM_LOG_D,27,2012-03,2013-03,0.00926808791855716
12,COM,2013-05,COM_LOG_D,28,2012-04,2013-04,0.008946222501563314
12,COM,2013-06,COM_LOG_D,29,2012-05,2013-05,0.008676436971930867
12,COM,2013-07,COM_LOG_D,30,2012-06,2013-06,0.00843422981105799
12,COM,2013-08,COM_LOG_D,31,2012-07,2013-07,0.008301916959361806
12,COM,2013-09,COM_LOG_D,32,2012-08,2013-08,0.008208948913134936
12,COM,2013-10,COM_LOG_D,33,2012-09,2013-09,0.008038672088597765
12,COM,2013-11,COM_LOG_D,34,2012-10,2013-10,0.007858028774002062
12,COM,2013-12,COM_LOG_D,35,2012-11,2013-11,0.007717684002692441
12,COM,2014-01,COM_LOG_D,36,2012-12,2013-12,0.007647367194570896
12,COM,2014-02,COM_LOG_D,37,2013-01,2014-01,0.007733771630758501
12,COM,2014-03,COM_LOG_D,38,2013-02,2014-02,0.007717739028230915
12,COM,2014-04,COM_LOG_D,39,2013-03,2014-03,0.007658162863916802
12,COM,2014-05,COM_LOG_D,40,2013-04,2014-04,0.007577659254109986
12,COM,2014-06,COM_LOG_D,41,2013-05,2014-05,0.007425171023028527
12,COM,2014-07,COM_LOG_D,42,2013-06,2014-06,0.0072803813648617596
12,COM,2014-08,COM_LOG_D,43,2013-07,2014-07,0.007138529091965497
12,COM,2014-09,COM_LOG_D,44,2013-08,2014-08,0.0070134781155178575
12,COM,2014-10,COM_LOG_D,45,2013-09,2014-09,0.00693497899829363
12,COM,2014-11,COM_LOG_D,46,2013-10,2014-10,0.0068908580851026555
12,COM,2014-12,COM_LOG_D,47,2013-11,2014-11,0.006841780479561137
12,COM,2015-01,COM_LOG_D,48,2013-12,2014-12,0.006879254735163619
12,COM,2015-02,COM_LOG_D,49,2014-01,2015-01,0.007051183902477823
12,COM,2015-03,COM_LOG_D,50,2014-02,2015-02,0.007467811729866177
12,COM,2015-04,COM_LOG_D,51,2014-03,2015-03,0.008500548310628474
12,COM,2015-05,COM_LOG_D,52,2014-04,2015-04,0.00899396427817955
12,COM,2015-06,EJR,53,2014-05,2015-05,0.009774567226255831
12,COM,2015-07,EJR,54,2014-06,2015-06,0.010480191517019967
12,COM,2015-08,EJR,55,2014-07,2015-07,0.011483634272672611
12,COM,2015-09,EJR,56,2014-08,2015-08,0.012793207423182249
12,COM,2015-10,EJR,57,2014-09,2015-09,0.014105147113210044
12,COM,2015-11,EJR,58,2014-10,2015-10,0.015171092542357215
12,COM,2015-12,EJR,59,2014-11,2015-11,0.01607968109798318
12,COM,2016-01,EJR,60,2014-12,2015-12,0.016897619906494774
12,COM,2016-02,EJR,61,2015-01,2016-01,0.017612196432339598
12,COM,2016-03,EJR,62,2015-02,2016-02,0.017926557096038076
12,COM,2016-04,EJR,63,2015-03,2016-03,0.017728544845533527
12,COM,2016-05,EJR,64,2015-04,2016-04,0.017593656792383734
12,COM,2016-06,EJR,65,2015-05,2016-05,0.017429312545941367
12,COM,2016-07,EJR,66,2015-06,2016-06,0.017193999292487747
12,COM,2016-08,EJR,67,2015-07,2016-07,0.01694227317773593
12,COM,2016-09,EJR,68,2015-08,2016-08,0.016731224003066533
12,COM,2016-10,EJR,69,2015-09,2016-09,0.016615644936301285
12,COM,2016-11,EJR,70,2015-10,2016-10,0.016503583331562013
12,COM,2016-12,EJR,71,2015-11,2016-11,0.016311010811220453
12,COM,2017-01,EJR,72,2015-12,2016-12,0.01620641757102242
12,COM,2017-02,EJR,73,2016-01,2017-01,0.01621143750437089
12,COM,2017-03,EJR,74,2016-02,2017-02,0.0162061490809208
12,COM,2017-04,EJR,75,2016-03,2017-03,0.016090184765786292
12,COM,2017-05,EJR,76,2016-04,2017-04,0.015965879442346592
12,COM,2017-06,EJR,77,2016-05,2017-05,0.015798442374188516
12,COM,2017-07,EJR,78,2016-06,2017-06,0.01559789592536004
12,COM,2017-08,EJR,79,2016-07,2017-07,0.015419959521971211
12,COM,2017-09,EJR,80,2016-08,2017-08,0.015237573667600597
12,COM,2017-10,EJR,81,2016-09,2017-09,0.015062009386905642
12,COM,2017-11,EJR,82,2016-10,2017-10,0.014884813905507596
12,COM,2017-12,EJR,83,2016-11,2017-11,0.014735024966981834
12,COM,2018-01,EJR,84,2016-12,2017-12,0.01460396171885757
12,COM,2018-02,EJR,85,2017-01,2018-01,0.014492764515295426
12,COM,2018-03,EJR,86,2017-02,2018-02,0.014373973950318262
12,COM,2018-04,EJR,87,2017-03,2018-03,0.014258696173357267
12,COM,2018-05,EJR,88,2017-04,2018-04,0.014140753902034226
12,COM,2018-06,EJR,89,2017-05,2018-05,0.014046516798419182
12,COM,2018-07,EJR,90,2017-06,2018-06,0.013979475751562583
12,COM,2018-08,EJR,91,2017-07,2018-07,0.013928485434554017
12,COM,2018-09,EJR,92,2017-08,2018-08,0.014035302651731902
12,COM,2018-10,EJR,93,2017-09,2018-09,0.014070172284592338
12,COM,2018-11,EJR,94,2017-10,2018-10,0.013980246248064902
12,COM,2018-12,EJR,95,2017-11,2018-11,0.013942367099105724
12,COM,2019-01,EJR,96,2017-12,2018-12,0.013920289737813927
12,COM,2019-02,EJR,97,2018-01,2019-01,0.013878157905945768
12,COM,2019-03,EJR,98,2018-02,2019-02,0.013819684431013954
12,COM,2019-04,EJR,99,2018-03,2019-03,0.013802793025170993
12,COM,2019-05,EJR,100,2018-04,2019-04,0.013754160768000165
12,COM,2019-06,EJR,101,2018-05,2019-05,0.013671478674537675
12,COM,2019-07,EJR,102,2018-06,2019-06,0.01354420478567045
12,COM,2019-08,EJR,103,2018-07,2019-07,0.013432338981599888
12,COM,2019-09,EJR,104,2018-08,2019-08,0.013327943245305377
12,COM,2019-10,EJR,105,2018-09,2019-09,0.013238800903721521
12,COM,2019-11,EJR,106,2018-10,2019-10,0.013145065190479949
12,COM,2019-12,EJR,107,2018-11,2019-11,0.013074659632788954
12,COM,2020-01,EJR,108,2018-12,2019-12,0.012969840457097731
12,COM,2020-02,EJR,109,2019-01,2020-01,0.012946000485214302
12,COM,2020-03,EJR,110,2019-02,2020-02,0.01296086340527749
12,COM,2020-04,EJR,111,2019-03,2020-03,0.013166155351715642
12,COM,2020-05,EJR,112,2019-04,2020-04,0.013413060896960451
12,COM,2020-06,EJR,113,2019-05,2020-05,0.013608904792191342
12,COM,2020-07,EJR,114,2019-06,2020-06,0.013915150767027928
12,COM,2020-08,EJR,115,2019-07,2020-07,0.014114689113030671
12,COM,2020-09,EJR,116,2019-08,2020-08,0.014263548095323084
12,COM,2020-10,EJR,117,2019-09,2020-09,0.01448894005102946
12,COM,2020-11,EJR,118,2019-10,2020-10,0.014816240846800282
12,COM,2020-12,EJR,119,2019-11,2020-11,0.014899127877680237
12,COM,2021-01,EJR,120,2019-12,2020-12,0.015012662676875715
12,COM,2021-02,EJR,121,2020-01,2021-01,0.015135284706216102
12,COM,2021-03,EJR,122,2020-02,2021-02,0.01520217041845225
12,COM,2021-04,EJR,123,2020-03,2021-03,0.015189928105237355
12,COM,2021-05,EJR,124,2020-04,2021-04,0.015121167495524189
12,COM,2021-06,EJR,125,2020-05,2021-05,0.01504834964347889
12,COM,2021-07,EJR,126,2020-06,2021-06,0.01494663598708282
12,COM,2021-08,EJR,127,2020-07,2021-07,0.014846857804086986
12,COM,2021-09,EJR,128,2020-08,2021-08,0.01473712567226282
12,COM,2021-10,EJR,129,2020-09,2021-09,0.01463236901089099
12,COM,2021-11,EJR,130,2020-10,2021-10,0.014541503811135415
12,COM,2021-12,EJR,131,2020-11,2021-11,0.01448666373373482
12,COM,2022-01,EJR,132,2020-12,2021-12,0.014446015809925558
12,COM,2022-02,EJR,133,2021-01,2022-01,0.014368365131881979
12,COM,2022-03,EJR,134,2021-02,2022-02,0.01428138521621682
12,COM,2022-04,EJR,135,2021-03,2022-03,0.014212353083511304
12,COM,2022-05,EJR,136,2021-04,2022-04,0.014165373218141307
12,COM,2022-06,EJR,137,2021-05,2022-05,0.014116289808524063
12,COM,2022-07,EJR,138,2021-06,2022-06,0.014099314516985213
12,COM,2022-08,EJR,139,2021-07,2022-07,0.014082448316822179
12,COM,2022-09,EJR,140,2021-08,2022-08,0.0140777299026182
12,COM,2022-10,EJR,141,2021-09,2022-09,0.01409774284163991
12,COM,2022-11,EJR,142,2021-10,2022-10,0.014104757073270602
12,COM,2022-12,EJR,143,2021-11,2022-11,0.014050042898958037
12,COM,2023-01,EJR,144,2021-12,2022-12,0.013984083466413564
12,COM,2023-02,EJR,145,2022-01,2023-01,0.013906236127438529
12,COM,2023-03,EJR,146,2022-02,2023-02,0.013848865538610202
12,COM,2023-04,EJR,147,2022-03,2023-03,0.013801762227319624
12,COM,2023-05,EJR,148,2022-04,2023-04,0.013733763498247082
12,COM,2023-06,EJR,149,2022-05,2023-05,0.013686316002609993
12,COM,2023-07,EJR,150,2022-06,2023-06,0.013600031155000728
12,COM,2023-08,EJR,151,2022-07,2023-07,0.013519735597299928
12,COM,2023-09,EJR,152,2022-08,2023-08,0.013439694306553465
12,COM,2023-10,EJR,153,2022-09,2023-09,0.013354044225595982
12,COM,2023-11,EJR,154,2022-10,2023-10,0.013272518502427002
12,COM,2023-12,EJR,155,2022-11,2023-11,0.013190049832280967
12,COM,2024-01,EJR,156,2022-12,2023-12,0.013106991520836091
12,COM,2024-02,EJR,157,2023-01,2024-01,0.01302721464135344
12,COM,2024-03,EJR,158,2023-02,2024-02,0.012947116343755227
12,COM,2024-04,EJR,159,2023-03,2024-03,0.012872214999450803
12,COM,2024-05,EJR,160,2023-04,2024-04,0.012809285030988264
12,COM,2024-06,EJR,161,2023-05,2024-05,0.012741923556608067
12,COM,2024-07,EJR,162,2023-06,2024-06,0.01272742528870284
12,COM,2024-08,EJR,163,2023-07,2024-07,0.012749899300174816
12,COM,2024-09,EJR,164,2023-08,2024-08,0.012737515642705581
12,COM,2024-10,EJR,165,2023-09,2024-09,0.012692949823716845
12,COM,2024-11,EJR,166,2023-10,2024-10,0.012681183047620554
12,COM,2024-12,EJR,167,2023-11,2024-11,0.01274603282430115
12,COM,2025-01,EJR,168,2023-12,2024-12,0.01286239109157489
12,COM,2025-02,EJR,169,2024-01,2025-01,0.012897189236599521
12,COM,2025-03,EJR,170,2024-02,2025-02,0.012920089375186586
12,COM,2025-04,EJR,171,2024-03,2025-03,0.012928043881575072
12,COM,2025-05,EJR,172,2024-04,2025-04,0.012894091104446725
12,COM,2025-06,EJR,173,2024-05,2025-05,0.01286005538847255
12,COM,2025-07,EJR,174,2024-06,2025-06,0.012801381018521575
12,COM,2025-08,EJR,175,2024-07,2025-07,0.012737652466782627
12,COM,2025-09,EJR,176,2024-08,2025-08,0.012672294258774103
12,COM,2025-10,EJR,177,2024-09,2025-09,0.01261035815736162
12,COM,2025-11,EJR,178,2024-10,2025-10,0.012544639156836245
12,COM,2025-12,EJR,179,2024-11,2025-11,0.012489202764303578
12,COM,2026-01,EJR,180,2024-12,2025-12,0.01243881416498129
12,COM,2026-02,EJR,181,2025-01,2026-01,0.012395823941979474
12,COM,2026-03,EJR,182,2025-02,2026-02,0.012351137656823342
12,COM,2026-04,EJR,183,2025-03,2026-03,0.012288884771879616
12,COM,2026-05,EJR,184,2025-04,2026-04,0.012230708976726923
12,COM,2026-06,EJR,185,2025-05,2026-05,0.012173462869542526
12,COM,2026-07,EJR,186,2025-06,2026-06,0.012118757847263876
12,COM,2026-08,EJR,187,2025-07,2026-07,0.012061468809689897
12,JOINT,2013-01,EJR,24,2011-12,2012-12,0.010311390582728706
12,JOINT,2013-02,EJR,25,2012-01,2013-01,0.010019057155091271
12,JOINT,2013-03,EJR,26,2012-02,2013-02,0.009760285901728923
12,JOINT,2013-04,EJR,27,2012-03,2013-03,0.009449935285697124
12,JOINT,2013-05,EJR,28,2012-04,2013-04,0.009119517168948562
12,JOINT,2013-06,EJR,29,2012-05,2013-05,0.00884169672805567
12,JOINT,2013-07,EJR,30,2012-06,2013-06,0.008588352686525177
12,JOINT,2013-08,EJR,31,2012-07,2013-07,0.008440850362552765
12,JOINT,2013-09,EJR,32,2012-08,2013-08,0.00833063672215216
12,JOINT,2013-10,EJR,33,2012-09,2013-09,0.008152005010516068
12,JOINT,2013-11,EJR,34,2012-10,2013-10,0.007962873075073693
12,JOINT,2013-12,EJR,35,2012-11,2013-11,0.007814209713244934
12,JOINT,2014-01,EJR,36,2012-12,2013-12,0.007739250822411757
12,JOINT,2014-02,EJR,37,2013-01,2014-01,0.007820063937051909
12,JOINT,2014-03,EJR,38,2013-02,2014-02,0.007801978201246246
12,JOINT,2014-04,EJR,39,2013-03,2014-03,0.007738112226902034
12,JOINT,2014-05,EJR,40,2013-04,2014-04,0.007652462501112613
12,JOINT,2014-06,EJR,41,2013-05,2014-05,0.007497450316648959
12,JOINT,2014-07,EJR,42,2013-06,2014-06,0.00735365653781065
12,JOINT,2014-08,EJR,43,2013-07,2014-07,0.007211475044597695
12,JOINT,2014-09,EJR,44,2013-08,2014-08,0.007087504544930829
12,JOINT,2014-10,EJR,45,2013-09,2014-09,0.007003879864769207
12,JOINT,2014-11,EJR,46,2013-10,2014-10,0.0069543020406241055
12,JOINT,2014-12,EJR,47,2013-11,2014-11,0.006900124182704665
12,JOINT,2015-01,EJR,48,2013-12,2014-12,0.006932575824255779
12,JOINT,2015-02,EJR,49,2014-01,2015-01,0.007100868018103089
12,JOINT,2015-03,EJR,50,2014-02,2015-02,0.007507466800332991
12,JOINT,2015-04,EJR,51,2014-03,2015-03,0.008521795763835884
12,JOINT,2015-05,EJR,52,2014-04,2015-04,0.00899948425713868
12,JOINT,2015-06,EJR,53,2014-05,2015-05,0.009774567226255831
12,JOINT,2015-07,EJR,54,2014-06,2015-06,0.010480191517019967
12,JOINT,2015-08,EJR,55,2014-07,2015-07,0.011483634272672611
12,JOINT,2015-09,EJR,56,2014-08,2015-08,0.012793207423182249
12,JOINT,2015-10,EJR,57,2014-09,2015-09,0.014105147113210044
12,JOINT,2015-11,EJR,58,2014-10,2015-10,0.015171092542357215
12,JOINT,2015-12,EJR,59,2014-11,2015-11,0.01607968109798318
12,JOINT,2016-01,EJR,60,2014-12,2015-12,0.016897619906494774
12,JOINT,2016-02,EJR,61,2015-01,2016-01,0.017612196432339598
12,JOINT,2016-03,EJR,62,2015-02,2016-02,0.017926557096038076
12,JOINT,2016-04,EJR,63,2015-03,2016-03,0.017728544845533527
12,JOINT,2016-05,EJR,64,2015-04,2016-04,0.017593656792383734
12,JOINT,2016-06,JOINT_SLOG_LOG,65,2015-05,2016-05,0.01742534283967673
12,JOINT,2016-07,EJR,66,2015-06,2016-06,0.017193999292487747
12,JOINT,2016-08,EJR,67,2015-07,2016-07,0.01694227317773593
12,JOINT,2016-09,EJR,68,2015-08,2016-08,0.016731224003066533
12,JOINT,2016-10,EJR,69,2015-09,2016-09,0.016615644936301285
12,JOINT,2016-11,EJR,70,2015-10,2016-10,0.016503583331562013
12,JOINT,2016-12,EJR,71,2015-11,2016-11,0.016311010811220453
12,JOINT,2017-01,EJR,72,2015-12,2016-12,0.01620641757102242
12,JOINT,2017-02,EJR,73,2016-01,2017-01,0.01621143750437089
12,JOINT,2017-03,EJR,74,2016-02,2017-02,0.0162061490809208
12,JOINT,2017-04,EJR,75,2016-03,2017-03,0.016090184765786292
12,JOINT,2017-05,EJR,76,2016-04,2017-04,0.015965879442346592
12,JOINT,2017-06,EJR,77,2016-05,2017-05,0.015798442374188516
12,JOINT,2017-07,EJR,78,2016-06,2017-06,0.01559789592536004
12,JOINT,2017-08,EJR,79,2016-07,2017-07,0.015419959521971211
12,JOINT,2017-09,EJR,80,2016-08,2017-08,0.015237573667600597
12,JOINT,2017-10,EJR,81,2016-09,2017-09,0.015062009386905642
12,JOINT,2017-11,EJR,82,2016-10,2017-10,0.014884813905507596
12,JOINT,2017-12,EJR,83,2016-11,2017-11,0.014735024966981834
12,JOINT,2018-01,EJR,84,2016-12,2017-12,0.01460396171885757
12,JOINT,2018-02,EJR,85,2017-01,2018-01,0.014492764515295426
12,JOINT,2018-03,EJR,86,2017-02,2018-02,0.014373973950318262
12,JOINT,2018-04,EJR,87,2017-03,2018-03,0.014258696173357267
12,JOINT,2018-05,EJR,88,2017-04,2018-04,0.014140753902034226
12,JOINT,2018-06,EJR,89,2017-05,2018-05,0.014046516798419182
12,JOINT,2018-07,EJR,90,2017-06,2018-06,0.013979475751562583
12,JOINT,2018-08,EJR,91,2017-07,2018-07,0.013928485434554017
12,JOINT,2018-09,EJR,92,2017-08,2018-08,0.014035302651731902
12,JOINT,2018-10,EJR,93,2017-09,2018-09,0.014070172284592338
12,JOINT,2018-11,EJR,94,2017-10,2018-10,0.013980246248064902
12,JOINT,2018-12,EJR,95,2017-11,2018-11,0.013942367099105724
12,JOINT,2019-01,EJR,96,2017-12,2018-12,0.013920289737813927
12,JOINT,2019-02,EJR,97,2018-01,2019-01,0.013878157905945768
12,JOINT,2019-03,EJR,98,2018-02,2019-02,0.013819684431013954
12,JOINT,2019-04,EJR,99,2018-03,2019-03,0.013802793025170993
12,JOINT,2019-05,EJR,100,2018-04,2019-04,0.013754160768000165
12,JOINT,2019-06,EJR,101,2018-05,2019-05,0.013671478674537675
12,JOINT,2019-07,EJR,102,2018-06,2019-06,0.01354420478567045
12,JOINT,2019-08,EJR,103,2018-07,2019-07,0.013432338981599888
12,JOINT,2019-09,EJR,104,2018-08,2019-08,0.013327943245305377
12,JOINT,2019-10,EJR,105,2018-09,2019-09,0.013238800903721521
12,JOINT,2019-11,EJR,106,2018-10,2019-10,0.013145065190479949
12,JOINT,2019-12,EJR,107,2018-11,2019-11,0.013074659632788954
12,JOINT,2020-01,EJR,108,2018-12,2019-12,0.012969840457097731
12,JOINT,2020-02,EJR,109,2019-01,2020-01,0.012946000485214302
12,JOINT,2020-03,EJR,110,2019-02,2020-02,0.01296086340527749
12,JOINT,2020-04,EJR,111,2019-03,2020-03,0.013166155351715642
12,JOINT,2020-05,EJR,112,2019-04,2020-04,0.013413060896960451
12,JOINT,2020-06,EJR,113,2019-05,2020-05,0.013608904792191342
12,JOINT,2020-07,EJR,114,2019-06,2020-06,0.013915150767027928
12,JOINT,2020-08,EJR,115,2019-07,2020-07,0.014114689113030671
12,JOINT,2020-09,EJR,116,2019-08,2020-08,0.014263548095323084
12,JOINT,2020-10,EJR,117,2019-09,2020-09,0.01448894005102946
12,JOINT,2020-11,EJR,118,2019-10,2020-10,0.014816240846800282
12,JOINT,2020-12,EJR,119,2019-11,2020-11,0.014899127877680237
12,JOINT,2021-01,EJR,120,2019-12,2020-12,0.015012662676875715
12,JOINT,2021-02,EJR,121,2020-01,2021-01,0.015135284706216102
12,JOINT,2021-03,EJR,122,2020-02,2021-02,0.01520217041845225
12,JOINT,2021-04,EJR,123,2020-03,2021-03,0.015189928105237355
12,JOINT,2021-05,EJR,124,2020-04,2021-04,0.015121167495524189
12,JOINT,2021-06,EJR,125,2020-05,2021-05,0.01504834964347889
12,JOINT,2021-07,EJR,126,2020-06,2021-06,0.01494663598708282
12,JOINT,2021-08,EJR,127,2020-07,2021-07,0.014846857804086986
12,JOINT,2021-09,EJR,128,2020-08,2021-08,0.01473712567226282
12,JOINT,2021-10,EJR,129,2020-09,2021-09,0.01463236901089099
12,JOINT,2021-11,EJR,130,2020-10,2021-10,0.014541503811135415
12,JOINT,2021-12,EJR,131,2020-11,2021-11,0.01448666373373482
12,JOINT,2022-01,EJR,132,2020-12,2021-12,0.014446015809925558
12,JOINT,2022-02,EJR,133,2021-01,2022-01,0.014368365131881979
12,JOINT,2022-03,EJR,134,2021-02,2022-02,0.01428138521621682
12,JOINT,2022-04,EJR,135,2021-03,2022-03,0.014212353083511304
12,JOINT,2022-05,EJR,136,2021-04,2022-04,0.014165373218141307
12,JOINT,2022-06,EJR,137,2021-05,2022-05,0.014116289808524063
12,JOINT,2022-07,EJR,138,2021-06,2022-06,0.014099314516985213
12,JOINT,2022-08,EJR,139,2021-07,2022-07,0.014082448316822179
12,JOINT,2022-09,EJR,140,2021-08,2022-08,0.0140777299026182
12,JOINT,2022-10,EJR,141,2021-09,2022-09,0.01409774284163991
12,JOINT,2022-11,EJR,142,2021-10,2022-10,0.014104757073270602
12,JOINT,2022-12,EJR,143,2021-11,2022-11,0.014050042898958037
12,JOINT,2023-01,EJR,144,2021-12,2022-12,0.013984083466413564
12,JOINT,2023-02,EJR,145,2022-01,2023-01,0.013906236127438529
12,JOINT,2023-03,EJR,146,2022-02,2023-02,0.013848865538610202
12,JOINT,2023-04,EJR,147,2022-03,2023-03,0.013801762227319624
12,JOINT,2023-05,EJR,148,2022-04,2023-04,0.013733763498247082
12,JOINT,2023-06,EJR,149,2022-05,2023-05,0.013686316002609993
12,JOINT,2023-07,EJR,150,2022-06,2023-06,0.013600031155000728
12,JOINT,2023-08,EJR,151,2022-07,2023-07,0.013519735597299928
12,JOINT,2023-09,EJR,152,2022-08,2023-08,0.013439694306553465
12,JOINT,2023-10,EJR,153,2022-09,2023-09,0.013354044225595982
12,JOINT,2023-11,EJR,154,2022-10,2023-10,0.013272518502427002
12,JOINT,2023-12,EJR,155,2022-11,2023-11,0.013190049832280967
12,JOINT,2024-01,EJR,156,2022-12,2023-12,0.013106991520836091
12,JOINT,2024-02,EJR,157,2023-01,2024-01,0.01302721464135344
12,JOINT,2024-03,EJR,158,2023-02,2024-02,0.012947116343755227
12,JOINT,2024-04,EJR,159,2023-03,2024-03,0.012872214999450803
12,JOINT,2024-05,EJR,160,2023-04,2024-04,0.012809285030988264
12,JOINT,2024-06,EJR,161,2023-05,2024-05,0.012741923556608067
12,JOINT,2024-07,EJR,162,2023-06,2024-06,0.01272742528870284
12,JOINT,2024-08,EJR,163,2023-07,2024-07,0.012749899300174816
12,JOINT,2024-09,EJR,164,2023-08,2024-08,0.012737515642705581
12,JOINT,2024-10,EJR,165,2023-09,2024-09,0.012692949823716845
12,JOINT,2024-11,EJR,166,2023-10,2024-10,0.012681183047620554
12,JOINT,2024-12,EJR,167,2023-11,2024-11,0.01274603282430115
12,JOINT,2025-01,EJR,168,2023-12,2024-12,0.01286239109157489
12,JOINT,2025-02,EJR,169,2024-01,2025-01,0.012897189236599521
12,JOINT,2025-03,EJR,170,2024-02,2025-02,0.012920089375186586
12,JOINT,2025-04,EJR,171,2024-03,2025-03,0.012928043881575072
12,JOINT,2025-05,EJR,172,2024-04,2025-04,0.012894091104446725
12,JOINT,2025-06,EJR,173,2024-05,2025-05,0.01286005538847255
12,JOINT,2025-07,EJR,174,2024-06,2025-06,0.012801381018521575
12,JOINT,2025-08,EJR,175,2024-07,2025-07,0.012737652466782627
12,JOINT,2025-09,EJR,176,2024-08,2025-08,0.012672294258774103
12,JOINT,2025-10,EJR,177,2024-09,2025-09,0.01261035815736162
12,JOINT,2025-11,EJR,178,2024-10,2025-10,0.012544639156836245
12,JOINT,2025-12,EJR,179,2024-11,2025-11,0.012489202764303578
12,JOINT,2026-01,EJR,180,2024-12,2025-12,0.01243881416498129
12,JOINT,2026-02,EJR,181,2025-01,2026-01,0.012395823941979474
12,JOINT,2026-03,EJR,182,2025-02,2026-02,0.012351137656823342
12,JOINT,2026-04,EJR,183,2025-03,2026-03,0.012288884771879616
12,JOINT,2026-05,EJR,184,2025-04,2026-04,0.012230708976726923
12,JOINT,2026-06,EJR,185,2025-05,2026-05,0.012173462869542526
12,JOINT,2026-07,EJR,186,2025-06,2026-06,0.012118757847263876
12,JOINT,2026-08,EJR,187,2025-07,2026-07,0.012061468809689897
12,ALL,2013-01,COM_LOG_D,24,2011-12,2012-12,0.010092715130112
12,ALL,2013-02,COM_LOG_D,25,2012-01,2013-01,0.009813757399288853
12,ALL,2013-03,COM_LOG_D,26,2012-02,2013-02,0.009570238049986518
12,ALL,2013-04,COM_LOG_D,27,2012-03,2013-03,0.00926808791855716
12,ALL,2013-05,COM_LOG_D,28,2012-04,2013-04,0.008946222501563314
12,ALL,2013-06,COM_LOG_D,29,2012-05,2013-05,0.008676436971930867
12,ALL,2013-07,COM_LOG_D,30,2012-06,2013-06,0.00843422981105799
12,ALL,2013-08,COM_LOG_D,31,2012-07,2013-07,0.008301916959361806
12,ALL,2013-09,COM_LOG_D,32,2012-08,2013-08,0.008208948913134936
12,ALL,2013-10,COM_LOG_D,33,2012-09,2013-09,0.008038672088597765
12,ALL,2013-11,COM_LOG_D,34,2012-10,2013-10,0.007858028774002062
12,ALL,2013-12,COM_LOG_D,35,2012-11,2013-11,0.007717684002692441
12,ALL,2014-01,COM_LOG_D,36,2012-12,2013-12,0.007647367194570896
12,ALL,2014-02,COM_LOG_D,37,2013-01,2014-01,0.007733771630758501
12,ALL,2014-03,COM_LOG_D,38,2013-02,2014-02,0.007717739028230915
12,ALL,2014-04,COM_LOG_D,39,2013-03,2014-03,0.007658162863916802
12,ALL,2014-05,COM_LOG_D,40,2013-04,2014-04,0.007577659254109986
12,ALL,2014-06,COM_LOG_D,41,2013-05,2014-05,0.007425171023028527
12,ALL,2014-07,COM_LOG_D,42,2013-06,2014-06,0.0072803813648617596
12,ALL,2014-08,COM_LOG_D,43,2013-07,2014-07,0.007138529091965497
12,ALL,2014-09,COM_LOG_D,44,2013-08,2014-08,0.0070134781155178575
12,ALL,2014-10,COM_LOG_D,45,2013-09,2014-09,0.00693497899829363
12,ALL,2014-11,COM_LOG_D,46,2013-10,2014-10,0.0068908580851026555
12,ALL,2014-12,COM_LOG_D,47,2013-11,2014-11,0.006841780479561137
12,ALL,2015-01,COM_LOG_D,48,2013-12,2014-12,0.006879254735163619
12,ALL,2015-02,COM_LOG_D,49,2014-01,2015-01,0.007051183902477823
12,ALL,2015-03,COM_LOG_D,50,2014-02,2015-02,0.007467811729866177
12,ALL,2015-04,COM_LOG_D,51,2014-03,2015-03,0.008500548310628474
12,ALL,2015-05,COM_LOG_D,52,2014-04,2015-04,0.00899396427817955
12,ALL,2015-06,EJR,53,2014-05,2015-05,0.009774567226255831
12,ALL,2015-07,EJR,54,2014-06,2015-06,0.010480191517019967
12,ALL,2015-08,EJR,55,2014-07,2015-07,0.011483634272672611
12,ALL,2015-09,EJR,56,2014-08,2015-08,0.012793207423182249
12,ALL,2015-10,EJR,57,2014-09,2015-09,0.014105147113210044
12,ALL,2015-11,TOT_LOG_L,58,2014-10,2015-10,0.015065331929064476
12,ALL,2015-12,TOT_LOG_L,59,2014-11,2015-11,0.015826002027121016
12,ALL,2016-01,TOT_LOG_L,60,2014-12,2015-12,0.016487874741371072
12,ALL,2016-02,TOT_LOG_L,61,2015-01,2016-01,0.017063154635390224
12,ALL,2016-03,TOT_LOG_L,62,2015-02,2016-02,0.017266430937060564
12,ALL,2016-04,TOT_LOG_L,63,2015-03,2016-03,0.01703593219792985
12,ALL,2016-05,TOT_LOG_L,64,2015-04,2016-04,0.016852883199120507
12,ALL,2016-06,TOT_LOG_L,65,2015-05,2016-05,0.016644305102030053
12,ALL,2016-07,TOT_LOG_L,66,2015-06,2016-06,0.01640018357576821
12,ALL,2016-08,TOT_LOG_L,67,2015-07,2016-07,0.016170936935431673
12,ALL,2016-09,TOT_LOG_L,68,2015-08,2016-08,0.016030250825411877
12,ALL,2016-10,TOT_LOG_L,69,2015-09,2016-09,0.01604608219492559
12,ALL,2016-11,TOT_LOG_L,70,2015-10,2016-10,0.01605363476744844
12,ALL,2016-12,TOT_LOG_L,71,2015-11,2016-11,0.01594255733212545
12,ALL,2017-01,TOT_LOG_L,72,2015-12,2016-12,0.015982764690102482
12,ALL,2017-02,TOT_LOG_L,73,2016-01,2017-01,0.01615499789673091
12,ALL,2017-03,EJR,74,2016-02,2017-02,0.0162061490809208
12,ALL,2017-04,EJR,75,2016-03,2017-03,0.016090184765786292
12,ALL,2017-05,EJR,76,2016-04,2017-04,0.015965879442346592
12,ALL,2017-06,EJR,77,2016-05,2017-05,0.015798442374188516
12,ALL,2017-07,EJR,78,2016-06,2017-06,0.01559789592536004
12,ALL,2017-08,EJR,79,2016-07,2017-07,0.015419959521971211
12,ALL,2017-09,EJR,80,2016-08,2017-08,0.015237573667600597
12,ALL,2017-10,EJR,81,2016-09,2017-09,0.015062009386905642
12,ALL,2017-11,EJR,82,2016-10,2017-10,0.014884813905507596
12,ALL,2017-12,EJR,83,2016-11,2017-11,0.014735024966981834
12,ALL,2018-01,EJR,84,2016-12,2017-12,0.01460396171885757
12,ALL,2018-02,EJR,85,2017-01,2018-01,0.014492764515295426
12,ALL,2018-03,EJR,86,2017-02,2018-02,0.014373973950318262
12,ALL,2018-04,EJR,87,2017-03,2018-03,0.014258696173357267
12,ALL,2018-05,EJR,88,2017-04,2018-04,0.014140753902034226
12,ALL,2018-06,EJR,89,2017-05,2018-05,0.014046516798419182
12,ALL,2018-07,EJR,90,2017-06,2018-06,0.013979475751562583
12,ALL,2018-08,EJR,91,2017-07,2018-07,0.013928485434554017
12,ALL,2018-09,EJR,92,2017-08,2018-08,0.014035302651731902
12,ALL,2018-10,EJR,93,2017-09,2018-09,0.014070172284592338
12,ALL,2018-11,EJR,94,2017-10,2018-10,0.013980246248064902
12,ALL,2018-12,EJR,95,2017-11,2018-11,0.013942367099105724
12,ALL,2019-01,EJR,96,2017-12,2018-12,0.013920289737813927
12,ALL,2019-02,EJR,97,2018-01,2019-01,0.013878157905945768
12,ALL,2019-03,EJR,98,2018-02,2019-02,0.013819684431013954
12,ALL,2019-04,EJR,99,2018-03,2019-03,0.013802793025170993
12,ALL,2019-05,EJR,100,2018-04,2019-04,0.013754160768000165
12,ALL,2019-06,EJR,101,2018-05,2019-05,0.013671478674537675
12,ALL,2019-07,EJR,102,2018-06,2019-06,0.01354420478567045
12,ALL,2019-08,EJR,103,2018-07,2019-07,0.013432338981599888
12,ALL,2019-09,EJR,104,2018-08,2019-08,0.013327943245305377
12,ALL,2019-10,EJR,105,2018-09,2019-09,0.013238800903721521
12,ALL,2019-11,EJR,106,2018-10,2019-10,0.013145065190479949
12,ALL,2019-12,EJR,107,2018-11,2019-11,0.013074659632788954
12,ALL,2020-01,EJR,108,2018-12,2019-12,0.012969840457097731
12,ALL,2020-02,EJR,109,2019-01,2020-01,0.012946000485214302
12,ALL,2020-03,EJR,110,2019-02,2020-02,0.01296086340527749
12,ALL,2020-04,EJR,111,2019-03,2020-03,0.013166155351715642
12,ALL,2020-05,EJR,112,2019-04,2020-04,0.013413060896960451
12,ALL,2020-06,EJR,113,2019-05,2020-05,0.013608904792191342
12,ALL,2020-07,TOT_LOG_L,114,2019-06,2020-06,0.01387975530618435
12,ALL,2020-08,TOT_LOG_L,115,2019-07,2020-07,0.0140439883084746
12,ALL,2020-09,TOT_LOG_L,116,2019-08,2020-08,0.014156589915942376
12,ALL,2020-10,TOT_LOG_L,117,2019-09,2020-09,0.014338299476733294
12,ALL,2020-11,TOT_LOG_L,118,2019-10,2020-10,0.014618582429754364
12,ALL,2020-12,TOT_LOG_L,119,2019-11,2020-11,0.014672684454103723
12,ALL,2021-01,TOT_LOG_L,120,2019-12,2020-12,0.014758802179250914
12,ALL,2021-02,TOT_LOG_L,121,2020-01,2021-01,0.014848950294404258
12,ALL,2021-03,TOT_LOG_L,122,2020-02,2021-02,0.014889436263404582
12,ALL,2021-04,TOT_LOG_L,123,2020-03,2021-03,0.014859670842350792
12,ALL,2021-05,TOT_LOG_L,124,2020-04,2021-04,0.014795413002593287
12,ALL,2021-06,TOT_LOG_L,125,2020-05,2021-05,0.01473048571444145
12,ALL,2021-07,TOT_LOG_L,126,2020-06,2021-06,0.01464694480832543
12,ALL,2021-08,TOT_LOG_L,127,2020-07,2021-07,0.014545627228956318
12,ALL,2021-09,TOT_LOG_L,128,2020-08,2021-08,0.014435475105140705
12,ALL,2021-10,TOT_LOG_L,129,2020-09,2021-09,0.01432917555515858
12,ALL,2021-11,TOT_LOG_L,130,2020-10,2021-10,0.014232964212191735
12,ALL,2021-12,TOT_LOG_L,131,2020-11,2021-11,0.014154405170059234
12,ALL,2022-01,TOT_LOG_L,132,2020-12,2021-12,0.014088971504926716
12,ALL,2022-02,TOT_LOG_L,133,2021-01,2022-01,0.014002334805382901
12,ALL,2022-03,TOT_LOG_L,134,2021-02,2022-02,0.013913623696125959
12,ALL,2022-04,TOT_LOG_L,135,2021-03,2022-03,0.013863175667247265
12,ALL,2022-05,TOT_LOG_L,136,2021-04,2022-04,0.013814723313058622
12,ALL,2022-06,TOT_LOG_L,137,2021-05,2022-05,0.013766248333386862
12,ALL,2022-07,TOT_LOG_L,138,2021-06,2022-06,0.013731718980693421
12,ALL,2022-08,TOT_LOG_L,139,2021-07,2022-07,0.01370009404745713
12,ALL,2022-09,TOT_LOG_L,140,2021-08,2022-08,0.013680593844554917
12,ALL,2022-10,TOT_LOG_L,141,2021-09,2022-09,0.013680635125416177
12,ALL,2022-11,TOT_LOG_L,142,2021-10,2022-10,0.01367550590856366
12,ALL,2022-12,TOT_LOG_L,143,2021-11,2022-11,0.013613018340808697
12,ALL,2023-01,TOT_LOG_L,144,2021-12,2022-12,0.013540965549172328
12,ALL,2023-02,TOT_LOG_L,145,2022-01,2023-01,0.013461983590713208
12,ALL,2023-03,TOT_LOG_L,146,2022-02,2023-02,0.013395926228090455
12,ALL,2023-04,TOT_LOG_L,147,2022-03,2023-03,0.013340893698520583
12,ALL,2023-05,TOT_LOG_L,148,2022-04,2023-04,0.013272626182574005
12,ALL,2023-06,TOT_LOG_L,149,2022-05,2023-05,0.013218311379148358
12,ALL,2023-07,TOT_LOG_L,150,2022-06,2023-06,0.013139638431102326
12,ALL,2023-08,TOT_LOG_L,151,2022-07,2023-07,0.01307216922872213
12,ALL,2023-09,TOT_LOG_L,152,2022-08,2023-08,0.013001047946951883
12,ALL,2023-10,TOT_LOG_L,153,2022-09,2023-09,0.012925606632484434
12,ALL,2023-11,TOT_LOG_L,154,2022-10,2023-10,0.012849919943648007
12,ALL,2023-12,TOT_LOG_L,155,2022-11,2023-11,0.012774748900824272
12,ALL,2024-01,TOT_LOG_L,156,2022-12,2023-12,0.01269959757876769
12,ALL,2024-02,TOT_LOG_L,157,2023-01,2024-01,0.012621600289129451
12,ALL,2024-03,TOT_LOG_L,158,2023-02,2024-02,0.012545078825705559
12,ALL,2024-04,TOT_LOG_L,159,2023-03,2024-03,0.012468104458453375
12,ALL,2024-05,TOT_LOG_L,160,2023-04,2024-04,0.012394811605463437
12,ALL,2024-06,TOT_LOG_L,161,2023-05,2024-05,0.012319525839804061
12,ALL,2024-07,TOT_LOG_L,162,2023-06,2024-06,0.012274575988212504
12,ALL,2024-08,TOT_LOG_L,163,2023-07,2024-07,0.012258212840076842
12,ALL,2024-09,TOT_LOG_L,164,2023-08,2024-08,0.01222107609758483
12,ALL,2024-10,TOT_LOG_L,165,2023-09,2024-09,0.012161682060939705
12,ALL,2024-11,TOT_LOG_L,166,2023-10,2024-10,0.012123613688804866
12,ALL,2024-12,TOT_LOG_L,167,2023-11,2024-11,0.012144654707675498
12,ALL,2025-01,TOT_LOG_L,168,2023-12,2024-12,0.012206284569180102
12,ALL,2025-02,TOT_LOG_L,169,2024-01,2025-01,0.012212639943060842
12,ALL,2025-03,TOT_LOG_L,170,2024-02,2025-02,0.01221088465053988
12,ALL,2025-04,TOT_LOG_L,171,2024-03,2025-03,0.012195544739271655
12,ALL,2025-05,TOT_LOG_L,172,2024-04,2025-04,0.012151178760378046
12,ALL,2025-06,TOT_LOG_L,173,2024-05,2025-05,0.01210636058005647
12,ALL,2025-07,TOT_LOG_L,174,2024-06,2025-06,0.012046583062604574
12,ALL,2025-08,TOT_LOG_L,175,2024-07,2025-07,0.011981536633868875
12,ALL,2025-09,TOT_LOG_L,176,2024-08,2025-08,0.01191471389926467
12,ALL,2025-10,TOT_LOG_L,177,2024-09,2025-09,0.011848720865571288
12,ALL,2025-11,TOT_LOG_L,178,2024-10,2025-10,0.011786044309405776
12,ALL,2025-12,TOT_LOG_L,179,2024-11,2025-11,0.011741220715794344
12,ALL,2026-01,TOT_LOG_L,180,2024-12,2025-12,0.01170955040003307
12,ALL,2026-02,TOT_LOG_L,181,2025-01,2026-01,0.011690098026073622
12,ALL,2026-03,TOT_LOG_L,182,2025-02,2026-02,0.011668084702298895
12,ALL,2026-04,TOT_LOG_L,183,2025-03,2026-03,0.01161978544621847
12,ALL,2026-05,TOT_LOG_L,184,2025-04,2026-04,0.011575536298965565
12,ALL,2026-06,TOT_LOG_L,185,2025-05,2026-05,0.011530449093315532
12,ALL,2026-07,TOT_LOG_L,186,2025-06,2026-06,0.011475245657197016
12,ALL,2026-08,TOT_LOG_L,187,2025-07,2026-07,0.011425225655972303
24,TOT,2014-01,EJR,24,2011-12,2013-12,0.006688999348149498
24,TOT,2014-02,EJR,25,2012-01,2014-01,0.007106977066545883
24,TOT,2014-03,EJR,26,2012-02,2014-02,0.007361955678086985
24,TOT,2014-04,EJR,27,2012-03,2014-03,0.007315431317241015
24,TOT,2014-05,EJR,28,2012-04,2014-04,0.007227107020316773
24,TOT,2014-06,EJR,29,2012-05,2014-05,0.007096018219623621
24,TOT,2014-07,EJR,30,2012-06,2014-06,0.00695068276916944
24,TOT,2014-08,EJR,31,2012-07,2014-07,0.006831317347101685
24,TOT,2014-09,EJR,32,2012-08,2014-08,0.006670804681978115
24,TOT,2014-10,EJR,33,2012-09,2014-09,0.0066548933928390125
24,TOT,2014-11,EJR,34,2012-10,2014-10,0.006637893917338715
24,TOT,2014-12,EJR,35,2012-11,2014-11,0.00667429301190241
24,TOT,2015-01,EJR,36,2012-12,2014-12,0.006929307839179395
24,TOT,2015-02,EJR,37,2013-01,2015-01,0.007648765836682652
24,TOT,2015-03,EJR,38,2013-02,2015-02,0.00856443873043065
24,TOT,2015-04,EJR,39,2013-03,2015-03,0.010182889922205954
24,TOT,2015-05,EJR,40,2013-04,2015-04,0.010976204581483563
24,TOT,2015-06,EJR,41,2013-05,2015-05,0.011900380027920293
24,TOT,2015-07,EJR,42,2013-06,2015-06,0.012498978349602964
24,TOT,2015-08,EJR,43,2013-07,2015-07,0.013584153027820555
24,TOT,2015-09,EJR,44,2013-08,2015-08,0.014846110187744238
24,TOT,2015-10,EJR,45,2013-09,2015-09,0.017018136593405654
24,TOT,2015-11,EJR,46,2013-10,2015-10,0.01896622018547693
24,TOT,2015-12,EJR,47,2013-11,2015-11,0.020644271966831933
24,TOT,2016-01,EJR,48,2013-12,2015-12,0.02238594718418041
24,TOT,2016-02,EJR,49,2014-01,2016-01,0.023959497824085556
24,TOT,2016-03,EJR,50,2014-02,2016-02,0.025482018782921317
24,TOT,2016-04,EJR,51,2014-03,2016-03,0.026296190040876362
24,TOT,2016-05,TOT_LOG_L,52,2014-04,2016-04,0.026742528174043496
24,TOT,2016-06,TOT_LOG_L,53,2014-05,2016-05,0.027156192940329546
24,TOT,2016-07,TOT_LOG_L,54,2014-06,2016-06,0.027299835482909433
24,TOT,2016-08,TOT_LOG_L,55,2014-07,2016-07,0.027399011488582422
24,TOT,2016-09,TOT_LOG_L,56,2014-08,2016-08,0.0274440883135857
24,TOT,2016-10,TOT_LOG_L,57,2014-09,2016-09,0.02727086892416403
24,TOT,2016-11,TOT_LOG_L,58,2014-10,2016-10,0.027110035104548767
24,TOT,2016-12,TOT_LOG_L,59,2014-11,2016-11,0.02704773989681284
24,TOT,2017-01,TOT_LOG_L,60,2014-12,2016-12,0.02685114243346208
24,TOT,2017-02,TOT_LOG_L,61,2015-01,2017-01,0.026465302842207186
24,TOT,2017-03,TOT_LOG_L,62,2015-02,2017-02,0.0260918972106758
24,TOT,2017-04,TOT_LOG_L,63,2015-03,2017-03,0.025742049327068358
24,TOT,2017-05,TOT_LOG_L,64,2015-04,2017-04,0.025397220003414295
24,TOT,2017-06,TOT_LOG_L,65,2015-05,2017-05,0.02502990605237016
24,TOT,2017-07,TOT_LOG_L,66,2015-06,2017-06,0.02465728000248845
24,TOT,2017-08,TOT_LOG_L,67,2015-07,2017-07,0.024428120720518948
24,TOT,2017-09,TOT_LOG_L,68,2015-08,2017-08,0.024286467242497504
24,TOT,2017-10,TOT_LOG_L,69,2015-09,2017-09,0.02433593192409678
24,TOT,2017-11,TOT_LOG_L,70,2015-10,2017-10,0.024247945029176324
24,TOT,2017-12,TOT_LOG_L,71,2015-11,2017-11,0.02419215494093832
24,TOT,2018-01,TOT_LOG_L,72,2015-12,2017-12,0.02421419938642669
24,TOT,2018-02,TOT_LOG_L,73,2016-01,2018-01,0.024385996947130423
24,TOT,2018-03,EJR,74,2016-02,2018-02,0.024362761399554875
24,TOT,2018-04,EJR,75,2016-03,2018-03,0.0240594629686807
24,TOT,2018-05,EJR,76,2016-04,2018-04,0.023755440161959632
24,TOT,2018-06,EJR,77,2016-05,2018-05,0.023471680563704782
24,TOT,2018-07,EJR,78,2016-06,2018-06,0.023296358352197323
24,TOT,2018-08,TOT_LOG_L,79,2016-07,2018-07,0.023051484927477998
24,TOT,2018-09,TOT_LOG_L,80,2016-08,2018-08,0.022873802285824966
24,TOT,2018-10,TOT_LOG_L,81,2016-09,2018-09,0.022656401431547575
24,TOT,2018-11,TOT_LOG_L,82,2016-10,2018-10,0.02240082343834736
24,TOT,2018-12,TOT_LOG_L,83,2016-11,2018-11,0.022145011730753002
24,TOT,2019-01,TOT_LOG_L,84,2016-12,2018-12,0.021912330795611362
24,TOT,2019-02,TOT_LOG_L,85,2017-01,2019-01,0.021729866377940037
24,TOT,2019-03,TOT_LOG_L,86,2017-02,2019-02,0.021581690301083034
24,TOT,2019-04,TOT_LOG_L,87,2017-03,2019-03,0.021465947542482957
24,TOT,2019-05,TOT_LOG_L,88,2017-04,2019-04,0.021351773486919322
24,TOT,2019-06,TOT_LOG_L,89,2017-05,2019-05,0.021241325804820452
24,TOT,2019-07,TOT_LOG_L,90,2017-06,2019-06,0.02107172569533885
24,TOT,2019-08,TOT_LOG_L,91,2017-07,2019-07,0.02095407517680061
24,TOT,2019-09,TOT_LOG_L,92,2017-08,2019-08,0.020974283046802742
24,TOT,2019-10,TOT_LOG_L,93,2017-09,2019-09,0.02099620725037507
24,TOT,2019-11,TOT_LOG_L,94,2017-10,2019-10,0.02090034793998041
24,TOT,2019-12,TOT_LOG_L,95,2017-11,2019-11,0.020913375071260367
24,TOT,2020-01,TOT_LOG_L,96,2017-12,2019-12,0.020826686330536377
24,TOT,2020-02,TOT_LOG_L,97,2018-01,2020-01,0.020921956097348225
24,TOT,2020-03,TOT_LOG_L,98,2018-02,2020-02,0.021061039160256794
24,TOT,2020-04,TOT_LOG_L,99,2018-03,2020-03,0.021567700944174577
24,TOT,2020-05,TOT_LOG_L,100,2018-04,2020-04,0.02205109730029897
24,TOT,2020-06,TOT_LOG_L,101,2018-05,2020-05,0.02234761078577398
24,TOT,2020-07,TOT_LOG_L,102,2018-06,2020-06,0.02261540493412008
24,TOT,2020-08,TOT_LOG_L,103,2018-07,2020-07,0.02279257427040814
24,TOT,2020-09,TOT_LOG_L,104,2018-08,2020-08,0.022890143859530823
24,TOT,2020-10,TOT_LOG_L,105,2018-09,2020-09,0.023140868876987245
24,TOT,2020-11,TOT_LOG_L,106,2018-10,2020-10,0.02358824284459355
24,TOT,2020-12,TOT_LOG_L,107,2018-11,2020-11,0.02373754507249927
24,TOT,2021-01,TOT_LOG_L,108,2018-12,2020-12,0.02383968430019891
24,TOT,2021-02,TOT_LOG_L,109,2019-01,2021-01,0.024070670989335446
24,TOT,2021-03,TOT_LOG_L,110,2019-02,2021-02,0.02426878853778206
24,TOT,2021-04,TOT_LOG_L,111,2019-03,2021-03,0.024491783731286
24,TOT,2021-05,TOT_LOG_L,112,2019-04,2021-04,0.02457312173622917
24,TOT,2021-06,TOT_LOG_L,113,2019-05,2021-05,0.024615558079195732
24,TOT,2021-07,TOT_LOG_L,114,2019-06,2021-06,0.024589549853940074
24,TOT,2021-08,TOT_LOG_L,115,2019-07,2021-07,0.024621436822753633
24,TOT,2021-09,TOT_LOG_L,116,2019-08,2021-08,0.024577755750582925
24,TOT,2021-10,TOT_LOG_L,117,2019-09,2021-09,0.024589369319447787
24,TOT,2021-11,TOT_LOG_L,118,2019-10,2021-10,0.02472873502913784
24,TOT,2021-12,TOT_LOG_L,119,2019-11,2021-11,0.02477594602821819
24,TOT,2022-01,TOT_LOG_L,120,2019-12,2021-12,0.02487152063624813
24,TOT,2022-02,TOT_LOG_L,121,2020-01,2022-01,0.024840231759740775
24,TOT,2022-03,TOT_LOG_L,122,2020-02,2022-02,0.024720192761066025
24,TOT,2022-04,TOT_LOG_L,123,2020-03,2022-03,0.024546673031710223
24,TOT,2022-05,TOT_LOG_L,124,2020-04,2022-04,0.024371396852014626
24,TOT,2022-06,TOT_LOG_L,125,2020-05,2022-05,0.02420031790551254
24,TOT,2022-07,TOT_LOG_L,126,2020-06,2022-06,0.02404150120429025
24,TOT,2022-08,TOT_LOG_L,127,2020-07,2022-07,0.02393055226774881
24,TOT,2022-09,TOT_LOG_L,128,2020-08,2022-08,0.023830885222116977
24,TOT,2022-10,TOT_LOG_L,129,2020-09,2022-09,0.023753827293511037
24,TOT,2022-11,TOT_LOG_L,130,2020-10,2022-10,0.023657956792615526
24,TOT,2022-12,TOT_LOG_L,131,2020-11,2022-11,0.023555023027401867
24,TOT,2023-01,TOT_LOG_L,132,2020-12,2022-12,0.023451812347743985
24,TOT,2023-02,TOT_LOG_L,133,2021-01,2023-01,0.023316844965722724
24,TOT,2023-03,TOT_LOG_L,134,2021-02,2023-02,0.02320279642094817
24,TOT,2023-04,TOT_LOG_L,135,2021-03,2023-03,0.02306164799690462
24,TOT,2023-05,TOT_LOG_L,136,2021-04,2023-04,0.02293918263397638
24,TOT,2023-06,TOT_LOG_L,137,2021-05,2023-05,0.022848901995722298
24,TOT,2023-07,TOT_LOG_L,138,2021-06,2023-06,0.022719981555227666
24,TOT,2023-08,TOT_LOG_L,139,2021-07,2023-07,0.022581203689792568
24,TOT,2023-09,TOT_LOG_L,140,2021-08,2023-08,0.022456707949287173
24,TOT,2023-10,TOT_LOG_L,141,2021-09,2023-09,0.02233340613466792
24,TOT,2023-11,TOT_LOG_L,142,2021-10,2023-10,0.02223341721182412
24,TOT,2023-12,TOT_LOG_L,143,2021-11,2023-11,0.022100636102101435
24,TOT,2024-01,TOT_LOG_L,144,2021-12,2023-12,0.02196281668325053
24,TOT,2024-02,TOT_LOG_L,145,2022-01,2024-01,0.021831935166753358
24,TOT,2024-03,TOT_LOG_L,146,2022-02,2024-02,0.021710979116626863
24,TOT,2024-04,TOT_LOG_L,147,2022-03,2024-03,0.021609875615182732
24,TOT,2024-05,TOT_LOG_L,148,2022-04,2024-04,0.021507684090675556
24,TOT,2024-06,TOT_LOG_L,149,2022-05,2024-05,0.021422987234174008
24,TOT,2024-07,TOT_LOG_L,150,2022-06,2024-06,0.0213298621253334
24,TOT,2024-08,TOT_LOG_L,151,2022-07,2024-07,0.021261606927664323
24,TOT,2024-09,TOT_LOG_L,152,2022-08,2024-08,0.021186875527301665
24,TOT,2024-10,TOT_LOG_L,153,2022-09,2024-09,0.021081361499121383
24,TOT,2024-11,TOT_LOG_L,154,2022-10,2024-10,0.02101112656913794
24,TOT,2024-12,TOT_LOG_L,155,2022-11,2024-11,0.020988948339424142
24,TOT,2025-01,TOT_LOG_L,156,2022-12,2024-12,0.020996490063514808
24,TOT,2025-02,TOT_LOG_L,157,2023-01,2025-01,0.020913830096996364
24,TOT,2025-03,TOT_LOG_L,158,2023-02,2025-02,0.020818271488729063
24,TOT,2025-04,TOT_LOG_L,159,2023-03,2025-03,0.020725315955337314
24,TOT,2025-05,TOT_LOG_L,160,2023-04,2025-04,0.02062159666783691
24,TOT,2025-06,TOT_LOG_L,161,2023-05,2025-05,0.020520116301324755
24,TOT,2025-07,TOT_LOG_L,162,2023-06,2025-06,0.02042128227291804
24,TOT,2025-08,TOT_LOG_L,163,2023-07,2025-07,0.02033764412633992
24,TOT,2025-09,TOT_LOG_L,164,2023-08,2025-08,0.020234925147905012
24,TOT,2025-10,TOT_LOG_L,165,2023-09,2025-09,0.020126485314935716
24,TOT,2025-11,TOT_LOG_L,166,2023-10,2025-10,0.02001746669134863
24,TOT,2025-12,TOT_LOG_L,167,2023-11,2025-11,0.019908614628896253
24,TOT,2026-01,TOT_LOG_L,168,2023-12,2025-12,0.019815348435683205
24,TOT,2026-02,TOT_LOG_L,169,2024-01,2026-01,0.019721378569066705
24,TOT,2026-03,TOT_LOG_L,170,2024-02,2026-02,0.019621325751140464
24,TOT,2026-04,TOT_LOG_L,171,2024-03,2026-03,0.019520108910979498
24,TOT,2026-05,TOT_LOG_L,172,2024-04,2026-04,0.0194153129427806
24,TOT,2026-06,TOT_LOG_L,173,2024-05,2026-05,0.01930831027702956
24,TOT,2026-07,TOT_LOG_L,174,2024-06,2026-06,0.01919829058095376
24,TOT,2026-08,TOT_LOG_L,175,2024-07,2026-07,0.01909548533230735
24,COM,2014-01,EJR,24,2011-12,2013-12,0.006688999348149498
24,COM,2014-02,EJR,25,2012-01,2014-01,0.007106977066545883
24,COM,2014-03,EJR,26,2012-02,2014-02,0.007361955678086985
24,COM,2014-04,EJR,27,2012-03,2014-03,0.007315431317241015
24,COM,2014-05,COM_LOG_D,28,2012-04,2014-04,0.007173461277522571
24,COM,2014-06,COM_LOG_D,29,2012-05,2014-05,0.007020070355478575
24,COM,2014-07,COM_LOG_D,30,2012-06,2014-06,0.006858826469256323
24,COM,2014-08,COM_LOG_D,31,2012-07,2014-07,0.006705979178144103
24,COM,2014-09,COM_LOG_D,32,2012-08,2014-08,0.006520564238672218
24,COM,2014-10,COM_LOG_D,33,2012-09,2014-09,0.00649407572275143
24,COM,2014-11,COM_LOG_D,34,2012-10,2014-10,0.006459644044396238
24,COM,2014-12,COM_LOG_D,35,2012-11,2014-11,0.006483003441178769
24,COM,2015-01,COM_LOG_D,36,2012-12,2014-12,0.006737329574298115
24,COM,2015-02,COM_LOG_D,37,2013-01,2015-01,0.007444327487313835
24,COM,2015-03,COM_LOG_D,38,2013-02,2015-02,0.008373275370676538
24,COM,2015-04,COM_SLOG_D,39,2013-03,2015-03,0.00996410770617277
24,COM,2015-05,COM_SLOG_D,40,2013-04,2015-04,0.010722272272165972
24,COM,2015-06,COM_SLOG_D,41,2013-05,2015-05,0.011583329783719738
24,COM,2015-07,COM_SLOG_D,42,2013-06,2015-06,0.012114215877006678
24,COM,2015-08,COM_SLOG_D,43,2013-07,2015-07,0.013139271380519566
24,COM,2015-09,COM_SLOG_D,44,2013-08,2015-08,0.014342448004915853
24,COM,2015-10,COM_SLOG_D,45,2013-09,2015-09,0.01640563606576018
24,COM,2015-11,COM_SLOG_D,46,2013-10,2015-10,0.018263972360975413
24,COM,2015-12,COM_SLOG_D,47,2013-11,2015-11,0.01986228010596815
24,COM,2016-01,COM_SLOG_D,48,2013-12,2015-12,0.021534652778295676
24,COM,2016-02,COM_SLOG_D,49,2014-01,2016-01,0.023048656110743165
24,COM,2016-03,COM_SLOG_D,50,2014-02,2016-02,0.024488435892738396
24,COM,2016-04,COM_SLOG_D,51,2014-03,2016-03,0.02522772127128955
24,COM,2016-05,COM_SLOG_D,52,2014-04,2016-04,0.025718591814343918
24,COM,2016-06,COM_SLOG_D,53,2014-05,2016-05,0.026468933506962358
24,COM,2016-07,COM_SLOG_D,54,2014-06,2016-06,0.026855073048969436
24,COM,2016-08,COM_SLOG_D,55,2014-07,2016-07,0.027198412839848887
24,COM,2016-09,COM_SLOG_D,56,2014-08,2016-08,0.027455557301356827
24,COM,2016-10,COM_SLOG_D,57,2014-09,2016-09,0.02747112339716677
24,COM,2016-11,COM_SLOG_D,58,2014-10,2016-10,0.027474777488142293
24,COM,2016-12,COM_SLOG_D,59,2014-11,2016-11,0.02759668056113506
24,COM,2017-01,COM_SLOG_D,60,2014-12,2016-12,0.027530881732651932
24,COM,2017-02,COM_SLOG_D,61,2015-01,2017-01,0.02721414046776944
24,COM,2017-03,COM_SLOG_D,62,2015-02,2017-02,0.026875718937851536
24,COM,2017-04,COM_SLOG_D,63,2015-03,2017-03,0.02649492867533448
24,COM,2017-05,COM_SLOG_D,64,2015-04,2017-04,0.02621021476889394
24,COM,2017-06,COM_SLOG_D,65,2015-05,2017-05,0.02585767027532958
24,COM,2017-07,COM_SLOG_D,66,2015-06,2017-06,0.025502677475610202
24,COM,2017-08,COM_SLOG_D,67,2015-07,2017-07,0.025134111046824614
24,COM,2017-09,COM_SLOG_D,68,2015-08,2017-08,0.024795478251540933
24,COM,2017-10,COM_SLOG_D,69,2015-09,2017-09,0.024528271199122886
24,COM,2017-11,COM_SLOG_D,70,2015-10,2017-10,0.024214665590015998
24,COM,2017-12,COM_SLOG_D,71,2015-11,2017-11,0.023909443770655178
24,COM,2018-01,COM_SLOG_D,72,2015-12,2017-12,0.023630763373117508
24,COM,2018-02,COM_SLOG_D,73,2016-01,2018-01,0.023470765612953762
24,COM,2018-03,COM_SLOG_D,74,2016-02,2018-02,0.023237423255492
24,COM,2018-04,COM_SLOG_D,75,2016-03,2018-03,0.022942693863805874
24,COM,2018-05,COM_SLOG_D,76,2016-04,2018-04,0.022643519908723552
24,COM,2018-06,COM_SLOG_D,77,2016-05,2018-05,0.022378440868329977
24,COM,2018-07,COM_SLOG_D,78,2016-06,2018-06,0.022220693682435077
24,COM,2018-08,COM_SLOG_D,79,2016-07,2018-07,0.022010493835677804
24,COM,2018-09,COM_SLOG_D,80,2016-08,2018-08,0.021980154859610614
24,COM,2018-10,COM_SLOG_D,81,2016-09,2018-09,0.021863593580788508
24,COM,2018-11,COM_SLOG_D,82,2016-10,2018-10,0.021660605337628536
24,COM,2018-12,COM_SLOG_D,83,2016-11,2018-11,0.02146709768365673
24,COM,2019-01,COM_SLOG_D,84,2016-12,2018-12,0.021314105686576684
24,COM,2019-02,COM_SLOG_D,85,2017-01,2019-01,0.021133621202890956
24,COM,2019-03,COM_SLOG_D,86,2017-02,2019-02,0.020966385223839926
24,COM,2019-04,COM_SLOG_D,87,2017-03,2019-03,0.02084624262366551
24,COM,2019-05,COM_SLOG_D,88,2017-04,2019-04,0.02073443692055931
24,COM,2019-06,COM_SLOG_D,89,2017-05,2019-05,0.020629863517775644
24,COM,2019-07,COM_SLOG_D,90,2017-06,2019-06,0.02046342267643439
24,COM,2019-08,COM_SLOG_D,91,2017-07,2019-07,0.020349967568435462
24,COM,2019-09,COM_SLOG_D,92,2017-08,2019-08,0.02038258302207115
24,COM,2019-10,COM_SLOG_D,93,2017-09,2019-09,0.020441180253114807
24,COM,2019-11,COM_SLOG_D,94,2017-10,2019-10,0.02038010635243295
24,COM,2019-12,COM_SLOG_D,95,2017-11,2019-11,0.020440195396396892
24,COM,2020-01,COM_SLOG_D,96,2017-12,2019-12,0.02038797961301879
24,COM,2020-02,COM_SLOG_D,97,2018-01,2020-01,0.020477224447529644
24,COM,2020-03,COM_SLOG_D,98,2018-02,2020-02,0.02066491891310908
24,COM,2020-04,COM_SLOG_D,99,2018-03,2020-03,0.021195433323726795
24,COM,2020-05,COM_SLOG_D,100,2018-04,2020-04,0.021759049826116695
24,COM,2020-06,COM_SLOG_D,101,2018-05,2020-05,0.022155192985681072
24,COM,2020-07,COM_SLOG_D,102,2018-06,2020-06,0.022553040782137088
24,COM,2020-08,COM_SLOG_D,103,2018-07,2020-07,0.02281318906856039
24,COM,2020-09,COM_SLOG_D,104,2018-08,2020-08,0.022993029710497825
24,COM,2020-10,COM_SLOG_D,105,2018-09,2020-09,0.023294396701442302
24,COM,2020-11,COM_SLOG_D,106,2018-10,2020-10,0.02379160504275645
24,COM,2020-12,COM_SLOG_D,107,2018-11,2020-11,0.02396300081947072
24,COM,2021-01,COM_SLOG_D,108,2018-12,2020-12,0.024081799005754256
24,COM,2021-02,COM_SLOG_D,109,2019-01,2021-01,0.024393526450919637
24,COM,2021-03,COM_SLOG_D,110,2019-02,2021-02,0.024684399512709527
24,COM,2021-04,COM_SLOG_D,111,2019-03,2021-03,0.025069736358501696
24,COM,2021-05,COM_SLOG_D,112,2019-04,2021-04,0.02523883222641855
24,COM,2021-06,COM_SLOG_D,113,2019-05,2021-05,0.025335185691149266
24,COM,2021-07,COM_SLOG_D,114,2019-06,2021-06,0.02535523632103497
24,COM,2021-08,COM_SLOG_D,115,2019-07,2021-07,0.02543865243049406
24,COM,2021-09,COM_SLOG_D,116,2019-08,2021-08,0.025496189379418763
24,COM,2021-10,COM_SLOG_D,117,2019-09,2021-09,0.02564129802060207
24,COM,2021-11,COM_SLOG_D,118,2019-10,2021-10,0.025905995384880524
24,COM,2021-12,COM_SLOG_D,119,2019-11,2021-11,0.026094859054409468
24,COM,2022-01,COM_SLOG_D,120,2019-12,2021-12,0.02635721166297738
24,COM,2022-02,COM_SLOG_D,121,2020-01,2022-01,0.026461397060429895
24,COM,2022-03,COM_SLOG_D,122,2020-02,2022-02,0.026436518236102456
24,COM,2022-04,COM_SLOG_D,123,2020-03,2022-03,0.026268872864747262
24,COM,2022-05,COM_SLOG_D,124,2020-04,2022-04,0.026122458167192535
24,COM,2022-06,COM_SLOG_D,125,2020-05,2022-05,0.025985568884613532
24,COM,2022-07,COM_SLOG_D,126,2020-06,2022-06,0.025948791592510647
24,COM,2022-08,COM_SLOG_D,127,2020-07,2022-07,0.025952572577463896
24,COM,2022-09,COM_SLOG_D,128,2020-08,2022-08,0.025928967804133674
24,COM,2022-10,COM_SLOG_D,129,2020-09,2022-09,0.025948943035380378
24,COM,2022-11,COM_SLOG_D,130,2020-10,2022-10,0.025921233928512994
24,COM,2022-12,COM_SLOG_D,131,2020-11,2022-11,0.025932631671028928
24,COM,2023-01,COM_SLOG_D,132,2020-12,2022-12,0.025932975540396804
24,COM,2023-02,COM_SLOG_D,133,2021-01,2023-01,0.02585785406831845
24,COM,2023-03,COM_SLOG_D,134,2021-02,2023-02,0.025807601021096454
24,COM,2023-04,COM_SLOG_D,135,2021-03,2023-03,0.025700568465415755
24,COM,2023-05,EJR,136,2021-04,2023-04,0.025596489090024717
24,COM,2023-06,EJR,137,2021-05,2023-05,0.02553129453036911
24,COM,2023-07,EJR,138,2021-06,2023-06,0.02541905337435371
24,COM,2023-08,EJR,139,2021-07,2023-07,0.025284350281705843
24,COM,2023-09,EJR,140,2021-08,2023-08,0.02517611328132292
24,COM,2023-10,EJR,141,2021-09,2023-09,0.025071230534692037
24,COM,2023-11,EJR,142,2021-10,2023-10,0.024986856634456236
24,COM,2023-12,EJR,143,2021-11,2023-11,0.024855045030534255
24,COM,2024-01,EJR,144,2021-12,2023-12,0.0247092076692422
24,COM,2024-02,EJR,145,2022-01,2024-01,0.024580353377987224
24,COM,2024-03,EJR,146,2022-02,2024-02,0.024468995388773975
24,COM,2024-04,EJR,147,2022-03,2024-03,0.024384283600019586
24,COM,2024-05,EJR,148,2022-04,2024-04,0.024298031983607846
24,COM,2024-06,EJR,149,2022-05,2024-05,0.024230246582912503
24,COM,2024-07,EJR,150,2022-06,2024-06,0.024159570160859175
24,COM,2024-08,EJR,151,2022-07,2024-07,0.024113770751085856
24,COM,2024-09,EJR,152,2022-08,2024-08,0.0240538314669895
24,COM,2024-10,EJR,153,2022-09,2024-09,0.02394403622188164
24,COM,2024-11,EJR,154,2022-10,2024-10,0.023897248732979836
24,COM,2024-12,EJR,155,2022-11,2024-11,0.02392474407538309
24,COM,2025-01,EJR,156,2022-12,2024-12,0.023989542691914792
24,COM,2025-02,EJR,157,2023-01,2025-01,0.024015151770507105
24,COM,2025-03,EJR,158,2023-02,2025-02,0.02401532943855303
24,COM,2025-04,EJR,159,2023-03,2025-03,0.02401456248494503
24,COM,2025-05,EJR,160,2023-04,2025-04,0.023969439594763654
24,COM,2025-06,EJR,161,2023-05,2025-05,0.023923268768972116
24,COM,2025-07,EJR,162,2023-06,2025-06,0.023874062641995743
24,COM,2025-08,EJR,163,2023-07,2025-07,0.02385872576575008
24,COM,2025-09,EJR,164,2023-08,2025-08,0.023796272308445922
24,COM,2025-10,EJR,165,2023-09,2025-09,0.02371742873603675
24,COM,2025-11,EJR,166,2023-10,2025-10,0.023637745895978755
24,COM,2025-12,EJR,167,2023-11,2025-11,0.02356581768457822
24,COM,2026-01,EJR,168,2023-12,2025-12,0.02351767900770708
24,COM,2026-02,EJR,169,2024-01,2026-01,0.023424954715604088
24,COM,2026-03,EJR,170,2024-02,2026-02,0.023323320649887545
24,COM,2026-04,EJR,171,2024-03,2026-03,0.02323296291080915
24,COM,2026-05,EJR,172,2024-04,2026-04,0.023114336854240337
24,COM,2026-06,EJR,173,2024-05,2026-05,0.02300048292122419
24,COM,2026-07,EJR,174,2024-06,2026-06,0.02289395889358211
24,COM,2026-08,EJR,175,2024-07,2026-07,0.022775269885444867
24,JOINT,2014-01,EJR,24,2011-12,2013-12,0.006688999348149498
24,JOINT,2014-02,EJR,25,2012-01,2014-01,0.007106977066545883
24,JOINT,2014-03,EJR,26,2012-02,2014-02,0.007361955678086985
24,JOINT,2014-04,EJR,27,2012-03,2014-03,0.007315431317241015
24,JOINT,2014-05,EJR,28,2012-04,2014-04,0.007227107020316773
24,JOINT,2014-06,EJR,29,2012-05,2014-05,0.007096018219623621
24,JOINT,2014-07,EJR,30,2012-06,2014-06,0.00695068276916944
24,JOINT,2014-08,EJR,31,2012-07,2014-07,0.006831317347101685
24,JOINT,2014-09,EJR,32,2012-08,2014-08,0.006670804681978115
24,JOINT,2014-10,EJR,33,2012-09,2014-09,0.0066548933928390125
24,JOINT,2014-11,EJR,34,2012-10,2014-10,0.006637893917338715
24,JOINT,2014-12,EJR,35,2012-11,2014-11,0.00667429301190241
24,JOINT,2015-01,EJR,36,2012-12,2014-12,0.006929307839179395
24,JOINT,2015-02,EJR,37,2013-01,2015-01,0.007648765836682652
24,JOINT,2015-03,EJR,38,2013-02,2015-02,0.00856443873043065
24,JOINT,2015-04,EJR,39,2013-03,2015-03,0.010182889922205954
24,JOINT,2015-05,EJR,40,2013-04,2015-04,0.010976204581483563
24,JOINT,2015-06,EJR,41,2013-05,2015-05,0.011900380027920293
24,JOINT,2015-07,EJR,42,2013-06,2015-06,0.012498978349602964
24,JOINT,2015-08,EJR,43,2013-07,2015-07,0.013584153027820555
24,JOINT,2015-09,EJR,44,2013-08,2015-08,0.014846110187744238
24,JOINT,2015-10,EJR,45,2013-09,2015-09,0.017018136593405654
24,JOINT,2015-11,EJR,46,2013-10,2015-10,0.01896622018547693
24,JOINT,2015-12,EJR,47,2013-11,2015-11,0.020644271966831933
24,JOINT,2016-01,EJR,48,2013-12,2015-12,0.02238594718418041
24,JOINT,2016-02,EJR,49,2014-01,2016-01,0.023959497824085556
24,JOINT,2016-03,EJR,50,2014-02,2016-02,0.025482018782921317
24,JOINT,2016-04,EJR,51,2014-03,2016-03,0.026296190040876362
24,JOINT,2016-05,EJR,52,2014-04,2016-04,0.026866843675170157
24,JOINT,2016-06,EJR,53,2014-05,2016-05,0.027670783420799788
24,JOINT,2016-07,EJR,54,2014-06,2016-06,0.028079981462541013
24,JOINT,2016-08,EJR,55,2014-07,2016-07,0.028443463859777356
24,JOINT,2016-09,EJR,56,2014-08,2016-08,0.028728858165701747
24,JOINT,2016-10,EJR,57,2014-09,2016-09,0.02875833091987929
24,JOINT,2016-11,EJR,58,2014-10,2016-10,0.02877490846527785
24,JOINT,2016-12,EJR,59,2014-11,2016-11,0.0289158273189886
24,JOINT,2017-01,EJR,60,2014-12,2016-12,0.02885578461519371
24,JOINT,2017-02,EJR,61,2015-01,2017-01,0.02852798064266335
24,JOINT,2017-03,EJR,62,2015-02,2017-02,0.028167503861499157
24,JOINT,2017-04,EJR,63,2015-03,2017-03,0.02776726284632288
24,JOINT,2017-05,EJR,64,2015-04,2017-04,0.02746828778098524
24,JOINT,2017-06,EJR,65,2015-05,2017-05,0.027107477829130547
24,JOINT,2017-07,EJR,66,2015-06,2017-06,0.026740902679226
24,JOINT,2017-08,EJR,67,2015-07,2017-07,0.026351764566550168
24,JOINT,2017-09,EJR,68,2015-08,2017-08,0.025993932606051092
24,JOINT,2017-10,EJR,69,2015-09,2017-09,0.025706001208791886
24,JOINT,2017-11,EJR,70,2015-10,2017-10,0.025377631745007147
24,JOINT,2017-12,EJR,71,2015-11,2017-11,0.025068843540894132
24,JOINT,2018-01,EJR,72,2015-12,2017-12,0.024777554347058278
24,JOINT,2018-02,EJR,73,2016-01,2018-01,0.024604468568144154
24,JOINT,2018-03,EJR,74,2016-02,2018-02,0.024362761399554875
24,JOINT,2018-04,EJR,75,2016-03,2018-03,0.0240594629686807
24,JOINT,2018-05,EJR,76,2016-04,2018-04,0.023755440161959632
24,JOINT,2018-06,EJR,77,2016-05,2018-05,0.023471680563704782
24,JOINT,2018-07,EJR,78,2016-06,2018-06,0.023296358352197323
24,JOINT,2018-08,EJR,79,2016-07,2018-07,0.02306741254155745
24,JOINT,2018-09,EJR,80,2016-08,2018-08,0.023023723838968835
24,JOINT,2018-10,EJR,81,2016-09,2018-09,0.02290590368146386
24,JOINT,2018-11,EJR,82,2016-10,2018-10,0.022697573267465385
24,JOINT,2018-12,EJR,83,2016-11,2018-11,0.022501200208312745
24,JOINT,2019-01,EJR,84,2016-12,2018-12,0.02235262606646782
24,JOINT,2019-02,EJR,85,2017-01,2019-01,0.022159143039548294
24,JOINT,2019-03,EJR,86,2017-02,2019-02,0.021995378352228537
24,JOINT,2019-04,EJR,87,2017-03,2019-03,0.021879470849181026
24,JOINT,2019-05,EJR,88,2017-04,2019-04,0.02177109789045542
24,JOINT,2019-06,EJR,89,2017-05,2019-05,0.021678470978335647
24,JOINT,2019-07,EJR,90,2017-06,2019-06,0.02152028022598386
24,JOINT,2019-08,EJR,91,2017-07,2019-07,0.021409994016934684
24,JOINT,2019-09,EJR,92,2017-08,2019-08,0.0214432780684444
24,JOINT,2019-10,EJR,93,2017-09,2019-09,0.02148058141823439
24,JOINT,2019-11,EJR,94,2017-10,2019-10,0.021401105551236716
24,JOINT,2019-12,EJR,95,2017-11,2019-11,0.02143661820359489
24,JOINT,2020-01,EJR,96,2017-12,2019-12,0.021365355144344712
24,JOINT,2020-02,EJR,97,2018-01,2020-01,0.02146994720134878
24,JOINT,2020-03,EJR,98,2018-02,2020-02,0.021628207304467125
24,JOINT,2020-04,EJR,99,2018-03,2020-03,0.022170758222832328
24,JOINT,2020-05,EJR,100,2018-04,2020-04,0.022708077652758358
24,JOINT,2020-06,EJR,101,2018-05,2020-05,0.023070303259398732
24,JOINT,2020-07,EJR,102,2018-06,2020-06,0.02341382267597588
24,JOINT,2020-08,EJR,103,2018-07,2020-07,0.02363721701520666
24,JOINT,2020-09,EJR,104,2018-08,2020-08,0.02380148561661123
24,JOINT,2020-10,EJR,105,2018-09,2020-09,0.024122564966171767
24,JOINT,2020-11,EJR,106,2018-10,2020-10,0.024618018580268627
24,JOINT,2020-12,EJR,107,2018-11,2020-11,0.024806020244843515
24,JOINT,2021-01,EJR,108,2018-12,2020-12,0.024937535021787232
24,JOINT,2021-02,EJR,109,2019-01,2021-01,0.02526932598861201
24,JOINT,2021-03,EJR,110,2019-02,2021-02,0.025564385602008653
24,JOINT,2021-04,EJR,111,2019-03,2021-03,0.025902772841749657
24,JOINT,2021-05,EJR,112,2019-04,2021-04,0.02606175970623897
24,JOINT,2021-06,EJR,113,2019-05,2021-05,0.026165346368388957
24,JOINT,2021-07,EJR,114,2019-06,2021-06,0.026198793059166236
24,JOINT,2021-08,EJR,115,2019-07,2021-07,0.026293648566311535
24,JOINT,2021-09,EJR,116,2019-08,2021-08,0.026318510441295653
24,JOINT,2021-10,EJR,117,2019-09,2021-09,0.02641619060813931
24,JOINT,2021-11,EJR,118,2019-10,2021-10,0.026648870845038843
24,JOINT,2021-12,EJR,119,2019-11,2021-11,0.02679590144312713
24,JOINT,2022-01,EJR,120,2019-12,2021-12,0.026989143802084017
24,JOINT,2022-02,EJR,121,2020-01,2022-01,0.02704358013957441
24,JOINT,2022-03,EJR,122,2020-02,2022-02,0.02698186926791853
24,JOINT,2022-04,EJR,123,2020-03,2022-03,0.026793809115735402
24,JOINT,2022-05,EJR,124,2020-04,2022-04,0.026623515426152874
24,JOINT,2022-06,EJR,125,2020-05,2022-05,0.026442037940363917
24,JOINT,2022-07,EJR,126,2020-06,2022-06,0.026319295904884646
24,JOINT,2022-08,EJR,127,2020-07,2022-07,0.02625357010291889
24,JOINT,2022-09,EJR,128,2020-08,2022-08,0.02619302434510326
24,JOINT,2022-10,EJR,129,2020-09,2022-09,0.02617774279123988
24,JOINT,2022-11,EJR,130,2020-10,2022-10,0.02612862801852977
24,JOINT,2022-12,EJR,131,2020-11,2022-11,0.026084083160730374
24,JOINT,2023-01,EJR,132,2020-12,2022-12,0.02603517316980584
24,JOINT,2023-02,EJR,133,2021-01,2023-01,0.025921940598664168
24,JOINT,2023-03,EJR,134,2021-02,2023-02,0.025835802855207025
24,JOINT,2023-04,EJR,135,2021-03,2023-03,0.0257030923517184
24,JOINT,2023-05,EJR,136,2021-04,2023-04,0.025596489090024717
24,JOINT,2023-06,EJR,137,2021-05,2023-05,0.02553129453036911
24,JOINT,2023-07,EJR,138,2021-06,2023-06,0.02541905337435371
24,JOINT,2023-08,EJR,139,2021-07,2023-07,0.025284350281705843
24,JOINT,2023-09,EJR,140,2021-08,2023-08,0.02517611328132292
24,JOINT,2023-10,EJR,141,2021-09,2023-09,0.025071230534692037
24,JOINT,2023-11,EJR,142,2021-10,2023-10,0.024986856634456236
24,JOINT,2023-12,EJR,143,2021-11,2023-11,0.024855045030534255
24,JOINT,2024-01,EJR,144,2021-12,2023-12,0.0247092076692422
24,JOINT,2024-02,EJR,145,2022-01,2024-01,0.024580353377987224
24,JOINT,2024-03,EJR,146,2022-02,2024-02,0.024468995388773975
24,JOINT,2024-04,EJR,147,2022-03,2024-03,0.024384283600019586
24,JOINT,2024-05,EJR,148,2022-04,2024-04,0.024298031983607846
24,JOINT,2024-06,EJR,149,2022-05,2024-05,0.024230246582912503
24,JOINT,2024-07,EJR,150,2022-06,2024-06,0.024159570160859175
24,JOINT,2024-08,EJR,151,2022-07,2024-07,0.024113770751085856
24,JOINT,2024-09,EJR,152,2022-08,2024-08,0.0240538314669895
24,JOINT,2024-10,EJR,153,2022-09,2024-09,0.02394403622188164
24,JOINT,2024-11,EJR,154,2022-10,2024-10,0.023897248732979836
24,JOINT,2024-12,EJR,155,2022-11,2024-11,0.02392474407538309
24,JOINT,2025-01,EJR,156,2022-12,2024-12,0.023989542691914792
24,JOINT,2025-02,EJR,157,2023-01,2025-01,0.024015151770507105
24,JOINT,2025-03,EJR,158,2023-02,2025-02,0.02401532943855303
24,JOINT,2025-04,EJR,159,2023-03,2025-03,0.02401456248494503
24,JOINT,2025-05,EJR,160,2023-04,2025-04,0.023969439594763654
24,JOINT,2025-06,EJR,161,2023-05,2025-05,0.023923268768972116
24,JOINT,2025-07,EJR,162,2023-06,2025-06,0.023874062641995743
24,JOINT,2025-08,EJR,163,2023-07,2025-07,0.02385872576575008
24,JOINT,2025-09,EJR,164,2023-08,2025-08,0.023796272308445922
24,JOINT,2025-10,EJR,165,2023-09,2025-09,0.02371742873603675
24,JOINT,2025-11,EJR,166,2023-10,2025-10,0.023637745895978755
24,JOINT,2025-12,EJR,167,2023-11,2025-11,0.02356581768457822
24,JOINT,2026-01,EJR,168,2023-12,2025-12,0.02351767900770708
24,JOINT,2026-02,EJR,169,2024-01,2026-01,0.023424954715604088
24,JOINT,2026-03,EJR,170,2024-02,2026-02,0.023323320649887545
24,JOINT,2026-04,EJR,171,2024-03,2026-03,0.02323296291080915
24,JOINT,2026-05,EJR,172,2024-04,2026-04,0.023114336854240337
24,JOINT,2026-06,EJR,173,2024-05,2026-05,0.02300048292122419
24,JOINT,2026-07,EJR,174,2024-06,2026-06,0.02289395889358211
24,JOINT,2026-08,EJR,175,2024-07,2026-07,0.022775269885444867
24,ALL,2014-01,EJR,24,2011-12,2013-12,0.006688999348149498
24,ALL,2014-02,EJR,25,2012-01,2014-01,0.007106977066545883
24,ALL,2014-03,EJR,26,2012-02,2014-02,0.007361955678086985
24,ALL,2014-04,EJR,27,2012-03,2014-03,0.007315431317241015
24,ALL,2014-05,COM_LOG_D,28,2012-04,2014-04,0.007173461277522571
24,ALL,2014-06,COM_LOG_D,29,2012-05,2014-05,0.007020070355478575
24,ALL,2014-07,COM_LOG_D,30,2012-06,2014-06,0.006858826469256323
24,ALL,2014-08,COM_LOG_D,31,2012-07,2014-07,0.006705979178144103
24,ALL,2014-09,COM_LOG_D,32,2012-08,2014-08,0.006520564238672218
24,ALL,2014-10,COM_LOG_D,33,2012-09,2014-09,0.00649407572275143
24,ALL,2014-11,COM_LOG_D,34,2012-10,2014-10,0.006459644044396238
24,ALL,2014-12,COM_LOG_D,35,2012-11,2014-11,0.006483003441178769
24,ALL,2015-01,COM_LOG_D,36,2012-12,2014-12,0.006737329574298115
24,ALL,2015-02,COM_LOG_D,37,2013-01,2015-01,0.007444327487313835
24,ALL,2015-03,COM_LOG_D,38,2013-02,2015-02,0.008373275370676538
24,ALL,2015-04,COM_SLOG_D,39,2013-03,2015-03,0.00996410770617277
24,ALL,2015-05,COM_SLOG_D,40,2013-04,2015-04,0.010722272272165972
24,ALL,2015-06,COM_SLOG_D,41,2013-05,2015-05,0.011583329783719738
24,ALL,2015-07,COM_SLOG_D,42,2013-06,2015-06,0.012114215877006678
24,ALL,2015-08,COM_SLOG_D,43,2013-07,2015-07,0.013139271380519566
24,ALL,2015-09,COM_SLOG_D,44,2013-08,2015-08,0.014342448004915853
24,ALL,2015-10,COM_SLOG_D,45,2013-09,2015-09,0.01640563606576018
24,ALL,2015-11,COM_SLOG_D,46,2013-10,2015-10,0.018263972360975413
24,ALL,2015-12,COM_SLOG_D,47,2013-11,2015-11,0.01986228010596815
24,ALL,2016-01,COM_SLOG_D,48,2013-12,2015-12,0.021534652778295676
24,ALL,2016-02,COM_SLOG_D,49,2014-01,2016-01,0.023048656110743165
24,ALL,2016-03,COM_SLOG_D,50,2014-02,2016-02,0.024488435892738396
24,ALL,2016-04,COM_SLOG_D,51,2014-03,2016-03,0.02522772127128955
24,ALL,2016-05,COM_SLOG_D,52,2014-04,2016-04,0.025718591814343918
24,ALL,2016-06,COM_SLOG_D,53,2014-05,2016-05,0.026468933506962358
24,ALL,2016-07,COM_SLOG_D,54,2014-06,2016-06,0.026855073048969436
24,ALL,2016-08,COM_SLOG_D,55,2014-07,2016-07,0.027198412839848887
24,ALL,2016-09,TOT_LOG_L,56,2014-08,2016-08,0.0274440883135857
24,ALL,2016-10,TOT_LOG_L,57,2014-09,2016-09,0.02727086892416403
24,ALL,2016-11,TOT_LOG_L,58,2014-10,2016-10,0.027110035104548767
24,ALL,2016-12,TOT_LOG_L,59,2014-11,2016-11,0.02704773989681284
24,ALL,2017-01,TOT_LOG_L,60,2014-12,2016-12,0.02685114243346208
24,ALL,2017-02,TOT_LOG_L,61,2015-01,2017-01,0.026465302842207186
24,ALL,2017-03,TOT_LOG_L,62,2015-02,2017-02,0.0260918972106758
24,ALL,2017-04,TOT_LOG_L,63,2015-03,2017-03,0.025742049327068358
24,ALL,2017-05,TOT_LOG_L,64,2015-04,2017-04,0.025397220003414295
24,ALL,2017-06,TOT_LOG_L,65,2015-05,2017-05,0.02502990605237016
24,ALL,2017-07,TOT_LOG_L,66,2015-06,2017-06,0.02465728000248845
24,ALL,2017-08,TOT_LOG_L,67,2015-07,2017-07,0.024428120720518948
24,ALL,2017-09,TOT_LOG_L,68,2015-08,2017-08,0.024286467242497504
24,ALL,2017-10,TOT_LOG_L,69,2015-09,2017-09,0.02433593192409678
24,ALL,2017-11,COM_SLOG_D,70,2015-10,2017-10,0.024214665590015998
24,ALL,2017-12,COM_SLOG_D,71,2015-11,2017-11,0.023909443770655178
24,ALL,2018-01,COM_SLOG_D,72,2015-12,2017-12,0.023630763373117508
24,ALL,2018-02,COM_SLOG_D,73,2016-01,2018-01,0.023470765612953762
24,ALL,2018-03,COM_SLOG_D,74,2016-02,2018-02,0.023237423255492
24,ALL,2018-04,COM_SLOG_D,75,2016-03,2018-03,0.022942693863805874
24,ALL,2018-05,COM_SLOG_D,76,2016-04,2018-04,0.022643519908723552
24,ALL,2018-06,COM_SLOG_D,77,2016-05,2018-05,0.022378440868329977
24,ALL,2018-07,COM_SLOG_D,78,2016-06,2018-06,0.022220693682435077
24,ALL,2018-08,COM_SLOG_D,79,2016-07,2018-07,0.022010493835677804
24,ALL,2018-09,COM_SLOG_D,80,2016-08,2018-08,0.021980154859610614
24,ALL,2018-10,COM_SLOG_D,81,2016-09,2018-09,0.021863593580788508
24,ALL,2018-11,COM_SLOG_D,82,2016-10,2018-10,0.021660605337628536
24,ALL,2018-12,COM_SLOG_D,83,2016-11,2018-11,0.02146709768365673
24,ALL,2019-01,COM_SLOG_D,84,2016-12,2018-12,0.021314105686576684
24,ALL,2019-02,COM_SLOG_D,85,2017-01,2019-01,0.021133621202890956
24,ALL,2019-03,COM_SLOG_D,86,2017-02,2019-02,0.020966385223839926
24,ALL,2019-04,COM_SLOG_D,87,2017-03,2019-03,0.02084624262366551
24,ALL,2019-05,COM_SLOG_D,88,2017-04,2019-04,0.02073443692055931
24,ALL,2019-06,COM_SLOG_D,89,2017-05,2019-05,0.020629863517775644
24,ALL,2019-07,COM_SLOG_D,90,2017-06,2019-06,0.02046342267643439
24,ALL,2019-08,COM_SLOG_D,91,2017-07,2019-07,0.020349967568435462
24,ALL,2019-09,COM_SLOG_D,92,2017-08,2019-08,0.02038258302207115
24,ALL,2019-10,COM_SLOG_D,93,2017-09,2019-09,0.020441180253114807
24,ALL,2019-11,COM_SLOG_D,94,2017-10,2019-10,0.02038010635243295
24,ALL,2019-12,COM_SLOG_D,95,2017-11,2019-11,0.020440195396396892
24,ALL,2020-01,COM_SLOG_D,96,2017-12,2019-12,0.02038797961301879
24,ALL,2020-02,COM_SLOG_D,97,2018-01,2020-01,0.020477224447529644
24,ALL,2020-03,COM_SLOG_D,98,2018-02,2020-02,0.02066491891310908
24,ALL,2020-04,COM_SLOG_D,99,2018-03,2020-03,0.021195433323726795
24,ALL,2020-05,COM_SLOG_D,100,2018-04,2020-04,0.021759049826116695
24,ALL,2020-06,COM_SLOG_D,101,2018-05,2020-05,0.022155192985681072
24,ALL,2020-07,COM_SLOG_D,102,2018-06,2020-06,0.022553040782137088
24,ALL,2020-08,TOT_LOG_L,103,2018-07,2020-07,0.02279257427040814
24,ALL,2020-09,TOT_LOG_L,104,2018-08,2020-08,0.022890143859530823
24,ALL,2020-10,TOT_LOG_L,105,2018-09,2020-09,0.023140868876987245
24,ALL,2020-11,TOT_LOG_L,106,2018-10,2020-10,0.02358824284459355
24,ALL,2020-12,TOT_LOG_L,107,2018-11,2020-11,0.02373754507249927
24,ALL,2021-01,TOT_LOG_L,108,2018-12,2020-12,0.02383968430019891
24,ALL,2021-02,TOT_LOG_L,109,2019-01,2021-01,0.024070670989335446
24,ALL,2021-03,TOT_LOG_L,110,2019-02,2021-02,0.02426878853778206
24,ALL,2021-04,TOT_LOG_L,111,2019-03,2021-03,0.024491783731286
24,ALL,2021-05,TOT_LOG_L,112,2019-04,2021-04,0.02457312173622917
24,ALL,2021-06,TOT_LOG_L,113,2019-05,2021-05,0.024615558079195732
24,ALL,2021-07,TOT_LOG_L,114,2019-06,2021-06,0.024589549853940074
24,ALL,2021-08,TOT_LOG_L,115,2019-07,2021-07,0.024621436822753633
24,ALL,2021-09,TOT_LOG_L,116,2019-08,2021-08,0.024577755750582925
24,ALL,2021-10,TOT_LOG_L,117,2019-09,2021-09,0.024589369319447787
24,ALL,2021-11,TOT_LOG_L,118,2019-10,2021-10,0.02472873502913784
24,ALL,2021-12,TOT_LOG_L,119,2019-11,2021-11,0.02477594602821819
24,ALL,2022-01,TOT_LOG_L,120,2019-12,2021-12,0.02487152063624813
24,ALL,2022-02,TOT_LOG_L,121,2020-01,2022-01,0.024840231759740775
24,ALL,2022-03,TOT_LOG_L,122,2020-02,2022-02,0.024720192761066025
24,ALL,2022-04,TOT_LOG_L,123,2020-03,2022-03,0.024546673031710223
24,ALL,2022-05,TOT_LOG_L,124,2020-04,2022-04,0.024371396852014626
24,ALL,2022-06,TOT_LOG_L,125,2020-05,2022-05,0.02420031790551254
24,ALL,2022-07,TOT_LOG_L,126,2020-06,2022-06,0.02404150120429025
24,ALL,2022-08,TOT_LOG_L,127,2020-07,2022-07,0.02393055226774881
24,ALL,2022-09,TOT_LOG_L,128,2020-08,2022-08,0.023830885222116977
24,ALL,2022-10,TOT_LOG_L,129,2020-09,2022-09,0.023753827293511037
24,ALL,2022-11,TOT_LOG_L,130,2020-10,2022-10,0.023657956792615526
24,ALL,2022-12,TOT_LOG_L,131,2020-11,2022-11,0.023555023027401867
24,ALL,2023-01,TOT_LOG_L,132,2020-12,2022-12,0.023451812347743985
24,ALL,2023-02,TOT_LOG_L,133,2021-01,2023-01,0.023316844965722724
24,ALL,2023-03,TOT_LOG_L,134,2021-02,2023-02,0.02320279642094817
24,ALL,2023-04,TOT_LOG_L,135,2021-03,2023-03,0.02306164799690462
24,ALL,2023-05,TOT_LOG_L,136,2021-04,2023-04,0.02293918263397638
24,ALL,2023-06,TOT_LOG_L,137,2021-05,2023-05,0.022848901995722298
24,ALL,2023-07,TOT_LOG_L,138,2021-06,2023-06,0.022719981555227666
24,ALL,2023-08,TOT_LOG_L,139,2021-07,2023-07,0.022581203689792568
24,ALL,2023-09,TOT_LOG_L,140,2021-08,2023-08,0.022456707949287173
24,ALL,2023-10,TOT_LOG_L,141,2021-09,2023-09,0.02233340613466792
24,ALL,2023-11,TOT_LOG_L,142,2021-10,2023-10,0.02223341721182412
24,ALL,2023-12,TOT_LOG_L,143,2021-11,2023-11,0.022100636102101435
24,ALL,2024-01,TOT_LOG_L,144,2021-12,2023-12,0.02196281668325053
24,ALL,2024-02,TOT_LOG_L,145,2022-01,2024-01,0.021831935166753358
24,ALL,2024-03,TOT_LOG_L,146,2022-02,2024-02,0.021710979116626863
24,ALL,2024-04,TOT_LOG_L,147,2022-03,2024-03,0.021609875615182732
24,ALL,2024-05,TOT_LOG_L,148,2022-04,2024-04,0.021507684090675556
24,ALL,2024-06,TOT_LOG_L,149,2022-05,2024-05,0.021422987234174008
24,ALL,2024-07,TOT_LOG_L,150,2022-06,2024-06,0.0213298621253334
24,ALL,2024-08,TOT_LOG_L,151,2022-07,2024-07,0.021261606927664323
24,ALL,2024-09,TOT_LOG_L,152,2022-08,2024-08,0.021186875527301665
24,ALL,2024-10,TOT_LOG_L,153,2022-09,2024-09,0.021081361499121383
24,ALL,2024-11,TOT_LOG_L,154,2022-10,2024-10,0.02101112656913794
24,ALL,2024-12,TOT_LOG_L,155,2022-11,2024-11,0.020988948339424142
24,ALL,2025-01,TOT_LOG_L,156,2022-12,2024-12,0.020996490063514808
24,ALL,2025-02,TOT_LOG_L,157,2023-01,2025-01,0.020913830096996364
24,ALL,2025-03,TOT_LOG_L,158,2023-02,2025-02,0.020818271488729063
24,ALL,2025-04,TOT_LOG_L,159,2023-03,2025-03,0.020725315955337314
24,ALL,2025-05,TOT_LOG_L,160,2023-04,2025-04,0.02062159666783691
24,ALL,2025-06,TOT_LOG_L,161,2023-05,2025-05,0.020520116301324755
24,ALL,2025-07,TOT_LOG_L,162,2023-06,2025-06,0.02042128227291804
24,ALL,2025-08,TOT_LOG_L,163,2023-07,2025-07,0.02033764412633992
24,ALL,2025-09,TOT_LOG_L,164,2023-08,2025-08,0.020234925147905012
24,ALL,2025-10,TOT_LOG_L,165,2023-09,2025-09,0.020126485314935716
24,ALL,2025-11,TOT_LOG_L,166,2023-10,2025-10,0.02001746669134863
24,ALL,2025-12,TOT_LOG_L,167,2023-11,2025-11,0.019908614628896253
24,ALL,2026-01,TOT_LOG_L,168,2023-12,2025-12,0.019815348435683205
24,ALL,2026-02,TOT_LOG_L,169,2024-01,2026-01,0.019721378569066705
24,ALL,2026-03,TOT_LOG_L,170,2024-02,2026-02,0.019621325751140464
24,ALL,2026-04,TOT_LOG_L,171,2024-03,2026-03,0.019520108910979498
24,ALL,2026-05,TOT_LOG_L,172,2024-04,2026-04,0.0194153129427806
24,ALL,2026-06,TOT_LOG_L,173,2024-05,2026-05,0.01930831027702956
24,ALL,2026-07,TOT_LOG_L,174,2024-06,2026-06,0.01919829058095376
24,ALL,2026-08,TOT_LOG_L,175,2024-07,2026-07,0.01909548533230735
36,TOT,2015-01,EJR,24,2011-12,2014-12,0.008390524582162292
36,TOT,2015-02,EJR,25,2012-01,2015-01,0.008964414940297996
36,TOT,2015-03,EJR,26,2012-02,2015-02,0.010062724526530249
36,TOT,2015-04,EJR,27,2012-03,2015-03,0.01200415928059915
36,TOT,2015-05,EJR,28,2012-04,2015-04,0.012686589317738925
36,TOT,2015-06,EJR,29,2012-05,2015-05,0.013557391127815755
36,TOT,2015-07,EJR,30,2012-06,2015-06,0.014180328558432327
36,TOT,2015-08,EJR,31,2012-07,2015-07,0.015537374495976381
36,TOT,2015-09,EJR,32,2012-08,2015-08,0.017472784885252515
36,TOT,2015-10,EJR,33,2012-09,2015-09,0.020364415292057028
36,TOT,2015-11,EJR,34,2012-10,2015-10,0.022738380205402416
36,TOT,2015-12,EJR,35,2012-11,2015-11,0.02493123606919804
36,TOT,2016-01,EJR,36,2012-12,2015-12,0.027454753777473834
36,TOT,2016-02,EJR,37,2013-01,2016-01,0.030242889702429315
36,TOT,2016-03,EJR,38,2013-02,2016-02,0.03249168874020398
36,TOT,2016-04,EJR,39,2013-03,2016-03,0.03351697376139763
36,TOT,2016-05,EJR,40,2013-04,2016-04,0.034197342136467
36,TOT,2016-06,EJR,41,2013-05,2016-05,0.03492709583798456
36,TOT,2016-07,EJR,42,2013-06,2016-06,0.03498031843562678
36,TOT,2016-08,EJR,43,2013-07,2016-07,0.03510433031154938
36,TOT,2016-09,EJR,44,2013-08,2016-08,0.03507119976908567
36,TOT,2016-10,EJR,45,2013-09,2016-09,0.03518789070597306
36,TOT,2016-11,TOT_LOG_L,46,2013-10,2016-10,0.0351164060979765
36,TOT,2016-12,TOT_LOG_L,47,2013-11,2016-11,0.03487964685489011
36,TOT,2017-01,TOT_LOG_L,48,2013-12,2016-12,0.03468171368267449
36,TOT,2017-02,TOT_LOG_L,49,2014-01,2017-01,0.034335934083885106
36,TOT,2017-03,TOT_LOG_L,50,2014-02,2017-02,0.03410295317204296
36,TOT,2017-04,TOT_LOG_L,51,2014-03,2017-03,0.03389934521019763
36,TOT,2017-05,TOT_LOG_L,52,2014-04,2017-04,0.03368348194586901
36,TOT,2017-06,TOT_LOG_L,53,2014-05,2017-05,0.03340462984776496
36,TOT,2017-07,TOT_LOG_L,54,2014-06,2017-06,0.033106288880803886
36,TOT,2017-08,TOT_LOG_L,55,2014-07,2017-07,0.032642916757272496
36,TOT,2017-09,TOT_LOG_L,56,2014-08,2017-08,0.03219072015672846
36,TOT,2017-10,TOT_LOG_L,57,2014-09,2017-09,0.03168459806460315
36,TOT,2017-11,TOT_LOG_L,58,2014-10,2017-10,0.031232189666801382
36,TOT,2017-12,TOT_LOG_L,59,2014-11,2017-11,0.030756088130328086
36,TOT,2018-01,TOT_LOG_L,60,2014-12,2017-12,0.03026296879133721
36,TOT,2018-02,TOT_LOG_L,61,2015-01,2018-01,0.029806850881616682
36,TOT,2018-03,TOT_LOG_L,62,2015-02,2018-02,0.029337377521072957
36,TOT,2018-04,TOT_LOG_L,63,2015-03,2018-03,0.02892556702544476
36,TOT,2018-05,TOT_LOG_L,64,2015-04,2018-04,0.028475017715475687
36,TOT,2018-06,TOT_LOG_L,65,2015-05,2018-05,0.028051131844798242
36,TOT,2018-07,TOT_LOG_L,66,2015-06,2018-06,0.027663220517698643
36,TOT,2018-08,TOT_LOG_L,67,2015-07,2018-07,0.027257644365278094
36,TOT,2018-09,TOT_LOG_L,68,2015-08,2018-08,0.026893286882372303
36,TOT,2018-10,TOT_LOG_L,69,2015-09,2018-09,0.026529884413803266
36,TOT,2018-11,TOT_LOG_L,70,2015-10,2018-10,0.02621612310784744
36,TOT,2018-12,TOT_LOG_L,71,2015-11,2018-11,0.025872033130458067
36,TOT,2019-01,TOT_LOG_L,72,2015-12,2018-12,0.025549605762687236
36,TOT,2019-02,TOT_LOG_L,73,2016-01,2019-01,0.025279009322139206
36,TOT,2019-03,TOT_LOG_L,74,2016-02,2019-02,0.02498482012603902
36,TOT,2019-04,TOT_LOG_L,75,2016-03,2019-03,0.024670232760733154
36,TOT,2019-05,TOT_LOG_L,76,2016-04,2019-04,0.024367448094070522
36,TOT,2019-06,TOT_LOG_L,77,2016-05,2019-05,0.02406675747968498
36,TOT,2019-07,TOT_LOG_L,78,2016-06,2019-06,0.023773390749242153
36,TOT,2019-08,TOT_LOG_L,79,2016-07,2019-07,0.023491981926826496
36,TOT,2019-09,TOT_LOG_L,80,2016-08,2019-08,0.023277989413056185
36,TOT,2019-10,TOT_LOG_L,81,2016-09,2019-09,0.02307715838968561
36,TOT,2019-11,TOT_LOG_L,82,2016-10,2019-10,0.022841727899236088
36,TOT,2019-12,TOT_LOG_L,83,2016-11,2019-11,0.022626274465994543
36,TOT,2020-01,TOT_LOG_L,84,2016-12,2019-12,0.02239729008330523
36,TOT,2020-02,TOT_LOG_L,85,2017-01,2020-01,0.022412762554779177
36,TOT,2020-03,TOT_LOG_L,86,2017-02,2020-02,0.02254984617849131
36,TOT,2020-04,TOT_LOG_L,87,2017-03,2020-03,0.02312677724584271
36,TOT,2020-05,TOT_LOG_L,88,2017-04,2020-04,0.023778918944295468
36,TOT,2020-06,TOT_LOG_L,89,2017-05,2020-05,0.024344598365899257
36,TOT,2020-07,TOT_LOG_L,90,2017-06,2020-06,0.024952352192560767
36,TOT,2020-08,TOT_LOG_L,91,2017-07,2020-07,0.02544523304303869
36,TOT,2020-09,TOT_LOG_L,92,2017-08,2020-08,0.02606110841085124
36,TOT,2020-10,TOT_LOG_L,93,2017-09,2020-09,0.026823069088360754
36,TOT,2020-11,TOT_LOG_L,94,2017-10,2020-10,0.02758057633411884
36,TOT,2020-12,TOT_LOG_L,95,2017-11,2020-11,0.028022347693792637
36,TOT,2021-01,TOT_LOG_L,96,2017-12,2020-12,0.02836221192511908
36,TOT,2021-02,TOT_LOG_L,97,2018-01,2021-01,0.028953683853807928
36,TOT,2021-03,TOT_LOG_L,98,2018-02,2021-02,0.0294764978262038
36,TOT,2021-04,TOT_LOG_L,99,2018-03,2021-03,0.030098659055945467
36,TOT,2021-05,TOT_LOG_L,100,2018-04,2021-04,0.030403626241949176
36,TOT,2021-06,TOT_LOG_L,101,2018-05,2021-05,0.030555433135087205
36,TOT,2021-07,TOT_LOG_L,102,2018-06,2021-06,0.030549047046305757
36,TOT,2021-08,TOT_LOG_L,103,2018-07,2021-07,0.030632787813354927
36,TOT,2021-09,TOT_LOG_L,104,2018-08,2021-08,0.030616822437276314
36,TOT,2021-10,TOT_LOG_L,105,2018-09,2021-09,0.03072426888185772
36,TOT,2021-11,TOT_LOG_L,106,2018-10,2021-10,0.031043079734448933
36,TOT,2021-12,TOT_LOG_L,107,2018-11,2021-11,0.031281443669225514
36,TOT,2022-01,TOT_LOG_L,108,2018-12,2021-12,0.031485817429843944
36,TOT,2022-02,TOT_LOG_L,109,2019-01,2022-01,0.031576956097697804
36,TOT,2022-03,TOT_LOG_L,110,2019-02,2022-02,0.03155911125656578
36,TOT,2022-04,TOT_LOG_L,111,2019-03,2022-03,0.03139784984389154
36,TOT,2022-05,TOT_LOG_L,112,2019-04,2022-04,0.031284703176072556
36,TOT,2022-06,TOT_LOG_L,113,2019-05,2022-05,0.031120698436378526
36,TOT,2022-07,TOT_LOG_L,114,2019-06,2022-06,0.03113646638850367
36,TOT,2022-08,TOT_LOG_L,115,2019-07,2022-07,0.03115152601507028
36,TOT,2022-09,TOT_LOG_L,116,2019-08,2022-08,0.03109477067315675
36,TOT,2022-10,TOT_LOG_L,117,2019-09,2022-09,0.031133766570360318
36,TOT,2022-11,TOT_LOG_L,118,2019-10,2022-10,0.03117701120508599
36,TOT,2022-12,TOT_LOG_L,119,2019-11,2022-11,0.03112994233358456
36,TOT,2023-01,TOT_LOG_L,120,2019-12,2022-12,0.031114806386324547
36,TOT,2023-02,TOT_LOG_L,121,2020-01,2023-01,0.03099271795657816
36,TOT,2023-03,TOT_LOG_L,122,2020-02,2023-02,0.030863295856171716
36,TOT,2023-04,TOT_LOG_L,123,2020-03,2023-03,0.030646095470709785
36,TOT,2023-05,TOT_LOG_L,124,2020-04,2023-04,0.03041628732111413
36,TOT,2023-06,TOT_LOG_L,125,2020-05,2023-05,0.0302107352858901
36,TOT,2023-07,TOT_LOG_L,126,2020-06,2023-06,0.02998353638590182
36,TOT,2023-08,TOT_LOG_L,127,2020-07,2023-07,0.02976596599839463
36,TOT,2023-09,TOT_LOG_L,128,2020-08,2023-08,0.029567602911594326
36,TOT,2023-10,TOT_LOG_L,129,2020-09,2023-09,0.02938128648021747
36,TOT,2023-11,TOT_LOG_L,130,2020-10,2023-10,0.029207282787229647
36,TOT,2023-12,TOT_LOG_L,131,2020-11,2023-11,0.02902983713179207
36,TOT,2024-01,TOT_LOG_L,132,2020-12,2023-12,0.028847419522535746
36,TOT,2024-02,TOT_LOG_L,133,2021-01,2024-01,0.028684603042084703
36,TOT,2024-03,TOT_LOG_L,134,2021-02,2024-02,0.02853057101045771
36,TOT,2024-04,TOT_LOG_L,135,2021-03,2024-03,0.02836545519386426
36,TOT,2024-05,TOT_LOG_L,136,2021-04,2024-04,0.028250255625212786
36,TOT,2024-06,TOT_LOG_L,137,2021-05,2024-05,0.02814881175869077
36,TOT,2024-07,TOT_LOG_L,138,2021-06,2024-06,0.02811954476613728
36,TOT,2024-08,TOT_LOG_L,139,2021-07,2024-07,0.02809835145410053
36,TOT,2024-09,TOT_LOG_L,140,2021-08,2024-08,0.02804451435190084
36,TOT,2024-10,TOT_LOG_L,141,2021-09,2024-09,0.02792951286485812
36,TOT,2024-11,TOT_LOG_L,142,2021-10,2024-10,0.0278795827391124
36,TOT,2024-12,TOT_LOG_L,143,2021-11,2024-11,0.027890734854645195
36,TOT,2025-01,TOT_LOG_L,144,2021-12,2024-12,0.027945644266129496
36,TOT,2025-02,TOT_LOG_L,145,2022-01,2025-01,0.027958514992477406
36,TOT,2025-03,TOT_LOG_L,146,2022-02,2025-02,0.027987526485625046
36,TOT,2025-04,TOT_LOG_L,147,2022-03,2025-03,0.028038404935598487
36,TOT,2025-05,TOT_LOG_L,148,2022-04,2025-04,0.028000275311324405
36,TOT,2025-06,TOT_LOG_L,149,2022-05,2025-05,0.027987538738687808
36,TOT,2025-07,TOT_LOG_L,150,2022-06,2025-06,0.027896708854601385
36,TOT,2025-08,TOT_LOG_L,151,2022-07,2025-07,0.02782842308433919
36,TOT,2025-09,TOT_LOG_L,152,2022-08,2025-08,0.02774245091820161
36,TOT,2025-10,TOT_LOG_L,153,2022-09,2025-09,0.027633796893866962
36,TOT,2025-11,TOT_LOG_L,154,2022-10,2025-10,0.027535625436699247
36,TOT,2025-12,TOT_LOG_L,155,2022-11,2025-11,0.027433583879394978
36,TOT,2026-01,TOT_LOG_L,156,2022-12,2025-12,0.027338712493108364
36,TOT,2026-02,TOT_LOG_L,157,2023-01,2026-01,0.027177224840960162
36,TOT,2026-03,TOT_LOG_L,158,2023-02,2026-02,0.027013397782815116
36,TOT,2026-04,TOT_LOG_L,159,2023-03,2026-03,0.026847921951373182
36,TOT,2026-05,TOT_LOG_L,160,2023-04,2026-04,0.026684565018485113
36,TOT,2026-06,TOT_LOG_L,161,2023-05,2026-05,0.0265227919255398
36,TOT,2026-07,TOT_LOG_L,162,2023-06,2026-06,0.026364315326511196
36,TOT,2026-08,TOT_LOG_L,163,2023-07,2026-07,0.026206084208490004
36,COM,2015-01,EJR,24,2011-12,2014-12,0.008390524582162292
36,COM,2015-02,EJR,25,2012-01,2015-01,0.008964414940297996
36,COM,2015-03,EJR,26,2012-02,2015-02,0.010062724526530249
36,COM,2015-04,EJR,27,2012-03,2015-03,0.01200415928059915
36,COM,2015-05,EJR,28,2012-04,2015-04,0.012686589317738925
36,COM,2015-06,EJR,29,2012-05,2015-05,0.013557391127815755
36,COM,2015-07,EJR,30,2012-06,2015-06,0.014180328558432327
36,COM,2015-08,EJR,31,2012-07,2015-07,0.015537374495976381
36,COM,2015-09,EJR,32,2012-08,2015-08,0.017472784885252515
36,COM,2015-10,EJR,33,2012-09,2015-09,0.020364415292057028
36,COM,2015-11,EJR,34,2012-10,2015-10,0.022738380205402416
36,COM,2015-12,EJR,35,2012-11,2015-11,0.02493123606919804
36,COM,2016-01,EJR,36,2012-12,2015-12,0.027454753777473834
36,COM,2016-02,EJR,37,2013-01,2016-01,0.030242889702429315
36,COM,2016-03,EJR,38,2013-02,2016-02,0.03249168874020398
36,COM,2016-04,EJR,39,2013-03,2016-03,0.03351697376139763
36,COM,2016-05,EJR,40,2013-04,2016-04,0.034197342136467
36,COM,2016-06,EJR,41,2013-05,2016-05,0.03492709583798456
36,COM,2016-07,EJR,42,2013-06,2016-06,0.03498031843562678
36,COM,2016-08,EJR,43,2013-07,2016-07,0.03510433031154938
36,COM,2016-09,COM_SLOG_D,44,2013-08,2016-08,0.03495915730153
36,COM,2016-10,COM_SLOG_D,45,2013-09,2016-09,0.034845042758143485
36,COM,2016-11,COM_SLOG_D,46,2013-10,2016-10,0.03481985983364753
36,COM,2016-12,COM_SLOG_D,47,2013-11,2016-11,0.03493780290999394
36,COM,2017-01,COM_SLOG_D,48,2013-12,2016-12,0.034970767391882686
36,COM,2017-02,COM_SLOG_D,49,2014-01,2017-01,0.034705121105834284
36,COM,2017-03,COM_SLOG_D,50,2014-02,2017-02,0.03451844013870665
36,COM,2017-04,COM_SLOG_D,51,2014-03,2017-03,0.03440538323233502
36,COM,2017-05,COM_SLOG_D,52,2014-04,2017-04,0.03427990808671322
36,COM,2017-06,COM_SLOG_D,53,2014-05,2017-05,0.03419674488084312
36,COM,2017-07,COM_SLOG_D,54,2014-06,2017-06,0.03411909377581477
36,COM,2017-08,COM_SLOG_D,55,2014-07,2017-07,0.0337865004516712
36,COM,2017-09,COM_SLOG_D,56,2014-08,2017-08,0.03347283321786236
36,COM,2017-10,COM_SLOG_D,57,2014-09,2017-09,0.03307682282523196
36,COM,2017-11,COM_SLOG_D,58,2014-10,2017-10,0.032773965502520604
36,COM,2017-12,COM_SLOG_D,59,2014-11,2017-11,0.03240947519956273
36,COM,2018-01,COM_SLOG_D,60,2014-12,2017-12,0.03200985438882567
36,COM,2018-02,COM_SLOG_D,61,2015-01,2018-01,0.03154359155666307
36,COM,2018-03,COM_SLOG_D,62,2015-02,2018-02,0.031098417214557753
36,COM,2018-04,COM_SLOG_D,63,2015-03,2018-03,0.0306471323948413
36,COM,2018-05,COM_SLOG_D,64,2015-04,2018-04,0.030329552981410584
36,COM,2018-06,COM_SLOG_D,65,2015-05,2018-05,0.030068792574703778
36,COM,2018-07,COM_SLOG_D,66,2015-06,2018-06,0.029887513122207162
36,COM,2018-08,COM_SLOG_D,67,2015-07,2018-07,0.029559216547787138
36,COM,2018-09,COM_SLOG_D,68,2015-08,2018-08,0.029414679346430803
36,COM,2018-10,COM_SLOG_D,69,2015-09,2018-09,0.029138706616616487
36,COM,2018-11,COM_SLOG_D,70,2015-10,2018-10,0.0288000118069443
36,COM,2018-12,COM_SLOG_D,71,2015-11,2018-11,0.028509649848538723
36,COM,2019-01,COM_SLOG_D,72,2015-12,2018-12,0.028222614466611118
36,COM,2019-02,COM_SLOG_D,73,2016-01,2019-01,0.027872832079976713
36,COM,2019-03,COM_SLOG_D,74,2016-02,2019-02,0.02753956491828441
36,COM,2019-04,COM_SLOG_D,75,2016-03,2019-03,0.027304407867950763
36,COM,2019-05,COM_SLOG_D,76,2016-04,2019-04,0.027119281438143156
36,COM,2019-06,COM_SLOG_D,77,2016-05,2019-05,0.026948725601869197
36,COM,2019-07,COM_SLOG_D,78,2016-06,2019-06,0.026738600043414048
36,COM,2019-08,COM_SLOG_D,79,2016-07,2019-07,0.02652663905175736
36,COM,2019-09,COM_SLOG_D,80,2016-08,2019-08,0.026469375910421273
36,COM,2019-10,COM_SLOG_D,81,2016-09,2019-09,0.026401392941545053
36,COM,2019-11,COM_SLOG_D,82,2016-10,2019-10,0.026243694943357685
36,COM,2019-12,COM_SLOG_D,83,2016-11,2019-11,0.026155507608232677
36,COM,2020-01,COM_SLOG_D,84,2016-12,2019-12,0.02597229690791299
36,COM,2020-02,COM_SLOG_D,85,2017-01,2020-01,0.025964393746481365
36,COM,2020-03,COM_SLOG_D,86,2017-02,2020-02,0.026014677856839658
36,COM,2020-04,COM_SLOG_D,87,2017-03,2020-03,0.02653582515425837
36,COM,2020-05,COM_SLOG_D,88,2017-04,2020-04,0.027128884846603307
36,COM,2020-06,COM_SLOG_D,89,2017-05,2020-05,0.027613939525051538
36,COM,2020-07,COM_SLOG_D,90,2017-06,2020-06,0.028133140928053336
36,COM,2020-08,COM_SLOG_D,91,2017-07,2020-07,0.028523946317407217
36,COM,2020-09,COM_SLOG_D,92,2017-08,2020-08,0.029074908002037048
36,COM,2020-10,COM_SLOG_D,93,2017-09,2020-09,0.029854259368735352
36,COM,2020-11,COM_SLOG_D,94,2017-10,2020-10,0.030652889993957808
36,COM,2020-12,COM_SLOG_D,95,2017-11,2020-11,0.03113323113259024
36,COM,2021-01,COM_SLOG_D,96,2017-12,2020-12,0.03150241191677519
36,COM,2021-02,COM_SLOG_D,97,2018-01,2021-01,0.03199688815230493
36,COM,2021-03,COM_SLOG_D,98,2018-02,2021-02,0.03254923933582357
36,COM,2021-04,COM_SLOG_D,99,2018-03,2021-03,0.033155291144972746
36,COM,2021-05,COM_SLOG_D,100,2018-04,2021-04,0.03352430072196993
36,COM,2021-06,COM_SLOG_D,101,2018-05,2021-05,0.033774219426800624
36,COM,2021-07,COM_SLOG_D,102,2018-06,2021-06,0.03388971146741118
36,COM,2021-08,COM_SLOG_D,103,2018-07,2021-07,0.03407194746900676
36,COM,2021-09,COM_SLOG_D,104,2018-08,2021-08,0.034159578834977986
36,COM,2021-10,COM_SLOG_D,105,2018-09,2021-09,0.03432462968734615
36,COM,2021-11,COM_SLOG_D,106,2018-10,2021-10,0.03469303684704859
36,COM,2021-12,COM_SLOG_D,107,2018-11,2021-11,0.03497262971440437
36,COM,2022-01,COM_SLOG_D,108,2018-12,2021-12,0.03521796030478375
36,COM,2022-02,COM_SLOG_D,109,2019-01,2022-01,0.035423270225425546
36,COM,2022-03,COM_SLOG_D,110,2019-02,2022-02,0.03552037052062341
36,COM,2022-04,COM_SLOG_D,111,2019-03,2022-03,0.03549696161067172
36,COM,2022-05,COM_SLOG_D,112,2019-04,2022-04,0.03551406069724037
36,COM,2022-06,COM_SLOG_D,113,2019-05,2022-05,0.03543547874175775
36,COM,2022-07,COM_SLOG_D,114,2019-06,2022-06,0.03557343917020226
36,COM,2022-08,COM_SLOG_D,115,2019-07,2022-07,0.03571715256162605
36,COM,2022-09,COM_SLOG_D,116,2019-08,2022-08,0.035875065573624285
36,COM,2022-10,COM_SLOG_D,117,2019-09,2022-09,0.036189451841004285
36,COM,2022-11,COM_SLOG_D,118,2019-10,2022-10,0.036450998763619125
36,COM,2022-12,COM_SLOG_D,119,2019-11,2022-11,0.0366228787984496
36,COM,2023-01,COM_SLOG_D,120,2019-12,2022-12,0.036839555547739024
36,COM,2023-02,COM_SLOG_D,121,2020-01,2023-01,0.03690649871013443
36,COM,2023-03,COM_SLOG_D,122,2020-02,2023-02,0.03696766648549261
36,COM,2023-04,COM_SLOG_D,123,2020-03,2023-03,0.03689695863029628
36,COM,2023-05,COM_SLOG_D,124,2020-04,2023-04,0.036781410726646514
36,COM,2023-06,COM_DEV_D,125,2020-05,2023-05,0.03676745590614377
36,COM,2023-07,COM_SLOG_D,126,2020-06,2023-06,0.03669768315122649
36,COM,2023-08,COM_DEV_D,127,2020-07,2023-07,0.03658280820069721
36,COM,2023-09,COM_DEV_D,128,2020-08,2023-08,0.03647496782464783
36,COM,2023-10,COM_DEV_D,129,2020-09,2023-09,0.036405139864701445
36,COM,2023-11,COM_DEV_D,130,2020-10,2023-10,0.03635090703016864
36,COM,2023-12,COM_DEV_D,131,2020-11,2023-11,0.03632623117429976
36,COM,2024-01,COM_DEV_D,132,2020-12,2023-12,0.036256452094969846
36,COM,2024-02,COM_DEV_D,133,2021-01,2024-01,0.03621736264202837
36,COM,2024-03,COM_DEV_D,134,2021-02,2024-02,0.036174148168597924
36,COM,2024-04,COM_DEV_D,135,2021-03,2024-03,0.03611608133247992
36,COM,2024-05,EJR,136,2021-04,2024-04,0.036061396885723324
36,COM,2024-06,EJR,137,2021-05,2024-05,0.036004490576915335
36,COM,2024-07,EJR,138,2021-06,2024-06,0.03604630701087813
36,COM,2024-08,EJR,139,2021-07,2024-07,0.0361057679933217
36,COM,2024-09,EJR,140,2021-08,2024-08,0.03612827863114623
36,COM,2024-10,EJR,141,2021-09,2024-09,0.03607255766076833
36,COM,2024-11,EJR,142,2021-10,2024-10,0.03611285159954905
36,COM,2024-12,EJR,143,2021-11,2024-11,0.03624116414426294
36,COM,2025-01,EJR,144,2021-12,2024-12,0.036421063109409055
36,COM,2025-02,EJR,145,2022-01,2025-01,0.03652109096318544
36,COM,2025-03,EJR,146,2022-02,2025-02,0.036629518648399306
36,COM,2025-04,EJR,147,2022-03,2025-03,0.03673484303665008
36,COM,2025-05,EJR,148,2022-04,2025-04,0.036725296240399725
36,COM,2025-06,EJR,149,2022-05,2025-05,0.03673915079465141
36,COM,2025-07,EJR,150,2022-06,2025-06,0.036655148981942796
36,COM,2025-08,EJR,151,2022-07,2025-07,0.03660582100192136
36,COM,2025-09,EJR,152,2022-08,2025-08,0.036524443970710335
36,COM,2025-10,EJR,153,2022-09,2025-09,0.036410689908475166
36,COM,2025-11,EJR,154,2022-10,2025-10,0.03632051759370282
36,COM,2025-12,EJR,155,2022-11,2025-11,0.03622875302693553
36,COM,2026-01,EJR,156,2022-12,2025-12,0.03614783700048317
36,COM,2026-02,EJR,157,2023-01,2026-01,0.0360230405869128
36,COM,2026-03,EJR,158,2023-02,2026-02,0.03588271490470893
36,COM,2026-04,EJR,159,2023-03,2026-03,0.03577445845209476
36,COM,2026-05,EJR,160,2023-04,2026-04,0.03562191074256755
36,COM,2026-06,EJR,161,2023-05,2026-05,0.03547619701091087
36,COM,2026-07,EJR,162,2023-06,2026-06,0.03538345193855538
36,COM,2026-08,EJR,163,2023-07,2026-07,0.035272394455559915
36,JOINT,2015-01,EJR,24,2011-12,2014-12,0.008390524582162292
36,JOINT,2015-02,EJR,25,2012-01,2015-01,0.008964414940297996
36,JOINT,2015-03,EJR,26,2012-02,2015-02,0.010062724526530249
36,JOINT,2015-04,EJR,27,2012-03,2015-03,0.01200415928059915
36,JOINT,2015-05,EJR,28,2012-04,2015-04,0.012686589317738925
36,JOINT,2015-06,EJR,29,2012-05,2015-05,0.013557391127815755
36,JOINT,2015-07,EJR,30,2012-06,2015-06,0.014180328558432327
36,JOINT,2015-08,EJR,31,2012-07,2015-07,0.015537374495976381
36,JOINT,2015-09,EJR,32,2012-08,2015-08,0.017472784885252515
36,JOINT,2015-10,EJR,33,2012-09,2015-09,0.020364415292057028
36,JOINT,2015-11,EJR,34,2012-10,2015-10,0.022738380205402416
36,JOINT,2015-12,EJR,35,2012-11,2015-11,0.02493123606919804
36,JOINT,2016-01,EJR,36,2012-12,2015-12,0.027454753777473834
36,JOINT,2016-02,EJR,37,2013-01,2016-01,0.030242889702429315
36,JOINT,2016-03,EJR,38,2013-02,2016-02,0.03249168874020398
36,JOINT,2016-04,EJR,39,2013-03,2016-03,0.03351697376139763
36,JOINT,2016-05,EJR,40,2013-04,2016-04,0.034197342136467
36,JOINT,2016-06,EJR,41,2013-05,2016-05,0.03492709583798456
36,JOINT,2016-07,EJR,42,2013-06,2016-06,0.03498031843562678
36,JOINT,2016-08,EJR,43,2013-07,2016-07,0.03510433031154938
36,JOINT,2016-09,EJR,44,2013-08,2016-08,0.03507119976908567
36,JOINT,2016-10,EJR,45,2013-09,2016-09,0.03518789070597306
36,JOINT,2016-11,EJR,46,2013-10,2016-10,0.035358379816619934
36,JOINT,2016-12,EJR,47,2013-11,2016-11,0.03571583880355988
36,JOINT,2017-01,EJR,48,2013-12,2016-12,0.03590484578616001
36,JOINT,2017-02,EJR,49,2014-01,2017-01,0.03571888050244973
36,JOINT,2017-03,EJR,50,2014-02,2017-02,0.03564609768107284
36,JOINT,2017-04,EJR,51,2014-03,2017-03,0.03568441119310009
36,JOINT,2017-05,EJR,52,2014-04,2017-04,0.035741208505818224
36,JOINT,2017-06,EJR,53,2014-05,2017-05,0.03578852223668618
36,JOINT,2017-07,EJR,54,2014-06,2017-06,0.03580493650967972
36,JOINT,2017-08,EJR,55,2014-07,2017-07,0.03552419223156768
36,JOINT,2017-09,EJR,56,2014-08,2017-08,0.03528676017057641
36,JOINT,2017-10,EJR,57,2014-09,2017-09,0.03493245878640535
36,JOINT,2017-11,EJR,58,2014-10,2017-10,0.034686060236329135
36,JOINT,2017-12,EJR,59,2014-11,2017-11,0.03437558237066353
36,JOINT,2018-01,EJR,60,2014-12,2017-12,0.034013371248632004
36,JOINT,2018-02,EJR,61,2015-01,2018-01,0.03354963688784065
36,JOINT,2018-03,EJR,62,2015-02,2018-02,0.03309121673761882
36,JOINT,2018-04,EJR,63,2015-03,2018-03,0.03262215828965915
36,JOINT,2018-05,EJR,64,2015-04,2018-04,0.03225982552680518
36,JOINT,2018-06,EJR,65,2015-05,2018-05,0.03196846454620424
36,JOINT,2018-07,EJR,66,2015-06,2018-06,0.03178818243107647
36,JOINT,2018-08,EJR,67,2015-07,2018-07,0.03145502826902915
36,JOINT,2018-09,EJR,68,2015-08,2018-08,0.03128221413513821
36,JOINT,2018-10,EJR,69,2015-09,2018-09,0.0309625250855248
36,JOINT,2018-11,EJR,70,2015-10,2018-10,0.030584961055037167
36,JOINT,2018-12,EJR,71,2015-11,2018-11,0.030256259780722185
36,JOINT,2019-01,EJR,72,2015-12,2018-12,0.02993203863298257
36,JOINT,2019-02,EJR,73,2016-01,2019-01,0.0295407545671403
36,JOINT,2019-03,EJR,74,2016-02,2019-02,0.02917846833366939
36,JOINT,2019-04,EJR,75,2016-03,2019-03,0.028929372570216525
36,JOINT,2019-05,EJR,76,2016-04,2019-04,0.02871968594727962
36,JOINT,2019-06,EJR,77,2016-05,2019-05,0.028514680894969814
36,JOINT,2019-07,EJR,78,2016-06,2019-06,0.028271242414769884
36,JOINT,2019-08,EJR,79,2016-07,2019-07,0.02802253064798083
36,JOINT,2019-09,EJR,80,2016-08,2019-08,0.027942895921344715
36,JOINT,2019-10,EJR,81,2016-09,2019-09,0.02786559076051515
36,JOINT,2019-11,EJR,82,2016-10,2019-10,0.02770133352500456
36,JOINT,2019-12,EJR,83,2016-11,2019-11,0.027613508937056466
36,JOINT,2020-01,EJR,84,2016-12,2019-12,0.027440289611536706
36,JOINT,2020-02,EJR,85,2017-01,2020-01,0.027420876911324377
36,JOINT,2020-03,EJR,86,2017-02,2020-02,0.02752058924731379
36,JOINT,2020-04,EJR,87,2017-03,2020-03,0.02809068041301476
36,JOINT,2020-05,EJR,88,2017-04,2020-04,0.02874102699248458
36,JOINT,2020-06,EJR,89,2017-05,2020-05,0.029309027998794483
36,JOINT,2020-07,EJR,90,2017-06,2020-06,0.029925472639112227
36,JOINT,2020-08,EJR,91,2017-07,2020-07,0.030365229717209955
36,JOINT,2020-09,EJR,92,2017-08,2020-08,0.030937084158927257
36,JOINT,2020-10,EJR,93,2017-09,2020-09,0.031664411278568956
36,JOINT,2020-11,EJR,94,2017-10,2020-10,0.03241511667469561
36,JOINT,2020-12,EJR,95,2017-11,2020-11,0.03284000548998966
36,JOINT,2021-01,EJR,96,2017-12,2020-12,0.033161744714955005
36,JOINT,2021-02,EJR,97,2018-01,2021-01,0.03369785692134589
36,JOINT,2021-03,EJR,98,2018-02,2021-02,0.034184937291336925
36,JOINT,2021-04,EJR,99,2018-03,2021-03,0.03480857492472026
36,JOINT,2021-05,EJR,100,2018-04,2021-04,0.035128294362048514
36,JOINT,2021-06,EJR,101,2018-05,2021-05,0.03532081777697108
36,JOINT,2021-07,EJR,102,2018-06,2021-06,0.035363169177597825
36,JOINT,2021-08,EJR,103,2018-07,2021-07,0.035490250185821755
36,JOINT,2021-09,EJR,104,2018-08,2021-08,0.03555581121434464
36,JOINT,2021-10,EJR,105,2018-09,2021-09,0.03574785893894729
36,JOINT,2021-11,EJR,106,2018-10,2021-10,0.0361140004974425
36,JOINT,2021-12,EJR,107,2018-11,2021-11,0.03642467477168243
36,JOINT,2022-01,EJR,108,2018-12,2021-12,0.03669803868604889
36,JOINT,2022-02,EJR,109,2019-01,2022-01,0.03693078582349409
36,JOINT,2022-03,EJR,110,2019-02,2022-02,0.03703103034527552
36,JOINT,2022-04,EJR,111,2019-03,2022-03,0.03695167484127175
36,JOINT,2022-05,EJR,112,2019-04,2022-04,0.036949394889543526
36,JOINT,2022-06,EJR,113,2019-05,2022-05,0.036870663275004656
36,JOINT,2022-07,EJR,114,2019-06,2022-06,0.037023327927363535
36,JOINT,2022-08,EJR,115,2019-07,2022-07,0.037169989732318325
36,JOINT,2022-09,EJR,116,2019-08,2022-08,0.03726429506007807
36,JOINT,2022-10,EJR,117,2019-09,2022-09,0.037497171985706165
36,JOINT,2022-11,EJR,118,2019-10,2022-10,0.03770664912436249
36,JOINT,2022-12,EJR,119,2019-11,2022-11,0.03781669124929681
36,JOINT,2023-01,EJR,120,2019-12,2022-12,0.03793998223386842
36,JOINT,2023-02,EJR,121,2020-01,2023-01,0.03793729507089678
36,JOINT,2023-03,EJR,122,2020-02,2023-02,0.03793417463819377
36,JOINT,2023-04,EJR,123,2020-03,2023-03,0.03780907638188588
36,JOINT,2023-05,EJR,124,2020-04,2023-04,0.03765483031655086
36,JOINT,2023-06,EJR,125,2020-05,2023-05,0.03754047345495017
36,JOINT,2023-07,EJR,126,2020-06,2023-06,0.03734952668118675
36,JOINT,2023-08,EJR,127,2020-07,2023-07,0.03715575324948681
36,JOINT,2023-09,EJR,128,2020-08,2023-08,0.03700558728503949
36,JOINT,2023-10,EJR,129,2020-09,2023-09,0.03688157063100268
36,JOINT,2023-11,EJR,130,2020-10,2023-10,0.03678337452716129
36,JOINT,2023-12,EJR,131,2020-11,2023-11,0.03666484877453982
36,JOINT,2024-01,EJR,132,2020-12,2023-12,0.036517975018163396
36,JOINT,2024-02,EJR,133,2021-01,2024-01,0.03638853495660694
36,JOINT,2024-03,EJR,134,2021-02,2024-02,0.036266705855328034
36,JOINT,2024-04,EJR,135,2021-03,2024-03,0.036131889360874844
36,JOINT,2024-05,EJR,136,2021-04,2024-04,0.036061396885723324
36,JOINT,2024-06,EJR,137,2021-05,2024-05,0.036004490576915335
36,JOINT,2024-07,EJR,138,2021-06,2024-06,0.03604630701087813
36,JOINT,2024-08,EJR,139,2021-07,2024-07,0.0361057679933217
36,JOINT,2024-09,EJR,140,2021-08,2024-08,0.03612827863114623
36,JOINT,2024-10,EJR,141,2021-09,2024-09,0.03607255766076833
36,JOINT,2024-11,EJR,142,2021-10,2024-10,0.03611285159954905
36,JOINT,2024-12,EJR,143,2021-11,2024-11,0.03624116414426294
36,JOINT,2025-01,EJR,144,2021-12,2024-12,0.036421063109409055
36,JOINT,2025-02,EJR,145,2022-01,2025-01,0.03652109096318544
36,JOINT,2025-03,EJR,146,2022-02,2025-02,0.036629518648399306
36,JOINT,2025-04,EJR,147,2022-03,2025-03,0.03673484303665008
36,JOINT,2025-05,EJR,148,2022-04,2025-04,0.036725296240399725
36,JOINT,2025-06,EJR,149,2022-05,2025-05,0.03673915079465141
36,JOINT,2025-07,EJR,150,2022-06,2025-06,0.036655148981942796
36,JOINT,2025-08,EJR,151,2022-07,2025-07,0.03660582100192136
36,JOINT,2025-09,EJR,152,2022-08,2025-08,0.036524443970710335
36,JOINT,2025-10,EJR,153,2022-09,2025-09,0.036410689908475166
36,JOINT,2025-11,EJR,154,2022-10,2025-10,0.03632051759370282
36,JOINT,2025-12,EJR,155,2022-11,2025-11,0.03622875302693553
36,JOINT,2026-01,EJR,156,2022-12,2025-12,0.03614783700048317
36,JOINT,2026-02,EJR,157,2023-01,2026-01,0.0360230405869128
36,JOINT,2026-03,EJR,158,2023-02,2026-02,0.03588271490470893
36,JOINT,2026-04,EJR,159,2023-03,2026-03,0.03577445845209476
36,JOINT,2026-05,EJR,160,2023-04,2026-04,0.03562191074256755
36,JOINT,2026-06,EJR,161,2023-05,2026-05,0.03547619701091087
36,JOINT,2026-07,EJR,162,2023-06,2026-06,0.03538345193855538
36,JOINT,2026-08,EJR,163,2023-07,2026-07,0.035272394455559915
36,ALL,2015-01,EJR,24,2011-12,2014-12,0.008390524582162292
36,ALL,2015-02,EJR,25,2012-01,2015-01,0.008964414940297996
36,ALL,2015-03,EJR,26,2012-02,2015-02,0.010062724526530249
36,ALL,2015-04,EJR,27,2012-03,2015-03,0.01200415928059915
36,ALL,2015-05,EJR,28,2012-04,2015-04,0.012686589317738925
36,ALL,2015-06,EJR,29,2012-05,2015-05,0.013557391127815755
36,ALL,2015-07,EJR,30,2012-06,2015-06,0.014180328558432327
36,ALL,2015-08,EJR,31,2012-07,2015-07,0.015537374495976381
36,ALL,2015-09,EJR,32,2012-08,2015-08,0.017472784885252515
36,ALL,2015-10,EJR,33,2012-09,2015-09,0.020364415292057028
36,ALL,2015-11,EJR,34,2012-10,2015-10,0.022738380205402416
36,ALL,2015-12,EJR,35,2012-11,2015-11,0.02493123606919804
36,ALL,2016-01,EJR,36,2012-12,2015-12,0.027454753777473834
36,ALL,2016-02,EJR,37,2013-01,2016-01,0.030242889702429315
36,ALL,2016-03,EJR,38,2013-02,2016-02,0.03249168874020398
36,ALL,2016-04,EJR,39,2013-03,2016-03,0.03351697376139763
36,ALL,2016-05,EJR,40,2013-04,2016-04,0.034197342136467
36,ALL,2016-06,EJR,41,2013-05,2016-05,0.03492709583798456
36,ALL,2016-07,EJR,42,2013-06,2016-06,0.03498031843562678
36,ALL,2016-08,EJR,43,2013-07,2016-07,0.03510433031154938
36,ALL,2016-09,COM_SLOG_D,44,2013-08,2016-08,0.03495915730153
36,ALL,2016-10,COM_SLOG_D,45,2013-09,2016-09,0.034845042758143485
36,ALL,2016-11,COM_SLOG_D,46,2013-10,2016-10,0.03481985983364753
36,ALL,2016-12,TOT_LOG_L,47,2013-11,2016-11,0.03487964685489011
36,ALL,2017-01,TOT_LOG_L,48,2013-12,2016-12,0.03468171368267449
36,ALL,2017-02,TOT_LOG_L,49,2014-01,2017-01,0.034335934083885106
36,ALL,2017-03,TOT_LOG_L,50,2014-02,2017-02,0.03410295317204296
36,ALL,2017-04,TOT_LOG_L,51,2014-03,2017-03,0.03389934521019763
36,ALL,2017-05,TOT_LOG_L,52,2014-04,2017-04,0.03368348194586901
36,ALL,2017-06,TOT_LOG_L,53,2014-05,2017-05,0.03340462984776496
36,ALL,2017-07,TOT_LOG_L,54,2014-06,2017-06,0.033106288880803886
36,ALL,2017-08,TOT_LOG_L,55,2014-07,2017-07,0.032642916757272496
36,ALL,2017-09,TOT_LOG_L,56,2014-08,2017-08,0.03219072015672846
36,ALL,2017-10,TOT_LOG_L,57,2014-09,2017-09,0.03168459806460315
36,ALL,2017-11,TOT_LOG_L,58,2014-10,2017-10,0.031232189666801382
36,ALL,2017-12,TOT_LOG_L,59,2014-11,2017-11,0.030756088130328086
36,ALL,2018-01,TOT_LOG_L,60,2014-12,2017-12,0.03026296879133721
36,ALL,2018-02,TOT_LOG_L,61,2015-01,2018-01,0.029806850881616682
36,ALL,2018-03,TOT_LOG_L,62,2015-02,2018-02,0.029337377521072957
36,ALL,2018-04,TOT_LOG_L,63,2015-03,2018-03,0.02892556702544476
36,ALL,2018-05,TOT_LOG_L,64,2015-04,2018-04,0.028475017715475687
36,ALL,2018-06,TOT_LOG_L,65,2015-05,2018-05,0.028051131844798242
36,ALL,2018-07,TOT_LOG_L,66,2015-06,2018-06,0.027663220517698643
36,ALL,2018-08,TOT_LOG_L,67,2015-07,2018-07,0.027257644365278094
36,ALL,2018-09,TOT_LOG_L,68,2015-08,2018-08,0.026893286882372303
36,ALL,2018-10,TOT_LOG_L,69,2015-09,2018-09,0.026529884413803266
36,ALL,2018-11,TOT_LOG_L,70,2015-10,2018-10,0.02621612310784744
36,ALL,2018-12,TOT_LOG_L,71,2015-11,2018-11,0.025872033130458067
36,ALL,2019-01,TOT_LOG_L,72,2015-12,2018-12,0.025549605762687236
36,ALL,2019-02,TOT_LOG_L,73,2016-01,2019-01,0.025279009322139206
36,ALL,2019-03,TOT_LOG_L,74,2016-02,2019-02,0.02498482012603902
36,ALL,2019-04,TOT_LOG_L,75,2016-03,2019-03,0.024670232760733154
36,ALL,2019-05,TOT_LOG_L,76,2016-04,2019-04,0.024367448094070522
36,ALL,2019-06,TOT_LOG_L,77,2016-05,2019-05,0.02406675747968498
36,ALL,2019-07,TOT_LOG_L,78,2016-06,2019-06,0.023773390749242153
36,ALL,2019-08,TOT_LOG_L,79,2016-07,2019-07,0.023491981926826496
36,ALL,2019-09,TOT_LOG_L,80,2016-08,2019-08,0.023277989413056185
36,ALL,2019-10,TOT_LOG_L,81,2016-09,2019-09,0.02307715838968561
36,ALL,2019-11,TOT_LOG_L,82,2016-10,2019-10,0.022841727899236088
36,ALL,2019-12,TOT_LOG_L,83,2016-11,2019-11,0.022626274465994543
36,ALL,2020-01,TOT_LOG_L,84,2016-12,2019-12,0.02239729008330523
36,ALL,2020-02,TOT_LOG_L,85,2017-01,2020-01,0.022412762554779177
36,ALL,2020-03,TOT_LOG_L,86,2017-02,2020-02,0.02254984617849131
36,ALL,2020-04,TOT_LOG_L,87,2017-03,2020-03,0.02312677724584271
36,ALL,2020-05,TOT_LOG_L,88,2017-04,2020-04,0.023778918944295468
36,ALL,2020-06,TOT_LOG_L,89,2017-05,2020-05,0.024344598365899257
36,ALL,2020-07,TOT_LOG_L,90,2017-06,2020-06,0.024952352192560767
36,ALL,2020-08,TOT_LOG_L,91,2017-07,2020-07,0.02544523304303869
36,ALL,2020-09,TOT_LOG_L,92,2017-08,2020-08,0.02606110841085124
36,ALL,2020-10,TOT_LOG_L,93,2017-09,2020-09,0.026823069088360754
36,ALL,2020-11,TOT_LOG_L,94,2017-10,2020-10,0.02758057633411884
36,ALL,2020-12,TOT_LOG_L,95,2017-11,2020-11,0.028022347693792637
36,ALL,2021-01,TOT_LOG_L,96,2017-12,2020-12,0.02836221192511908
36,ALL,2021-02,TOT_LOG_L,97,2018-01,2021-01,0.028953683853807928
36,ALL,2021-03,TOT_LOG_L,98,2018-02,2021-02,0.0294764978262038
36,ALL,2021-04,TOT_LOG_L,99,2018-03,2021-03,0.030098659055945467
36,ALL,2021-05,TOT_LOG_L,100,2018-04,2021-04,0.030403626241949176
36,ALL,2021-06,TOT_LOG_L,101,2018-05,2021-05,0.030555433135087205
36,ALL,2021-07,TOT_LOG_L,102,2018-06,2021-06,0.030549047046305757
36,ALL,2021-08,TOT_LOG_L,103,2018-07,2021-07,0.030632787813354927
36,ALL,2021-09,TOT_LOG_L,104,2018-08,2021-08,0.030616822437276314
36,ALL,2021-10,TOT_LOG_L,105,2018-09,2021-09,0.03072426888185772
36,ALL,2021-11,TOT_LOG_L,106,2018-10,2021-10,0.031043079734448933
36,ALL,2021-12,TOT_LOG_L,107,2018-11,2021-11,0.031281443669225514
36,ALL,2022-01,TOT_LOG_L,108,2018-12,2021-12,0.031485817429843944
36,ALL,2022-02,TOT_LOG_L,109,2019-01,2022-01,0.031576956097697804
36,ALL,2022-03,TOT_LOG_L,110,2019-02,2022-02,0.03155911125656578
36,ALL,2022-04,TOT_LOG_L,111,2019-03,2022-03,0.03139784984389154
36,ALL,2022-05,TOT_LOG_L,112,2019-04,2022-04,0.031284703176072556
36,ALL,2022-06,TOT_LOG_L,113,2019-05,2022-05,0.031120698436378526
36,ALL,2022-07,TOT_LOG_L,114,2019-06,2022-06,0.03113646638850367
36,ALL,2022-08,TOT_LOG_L,115,2019-07,2022-07,0.03115152601507028
36,ALL,2022-09,TOT_LOG_L,116,2019-08,2022-08,0.03109477067315675
36,ALL,2022-10,TOT_LOG_L,117,2019-09,2022-09,0.031133766570360318
36,ALL,2022-11,TOT_LOG_L,118,2019-10,2022-10,0.03117701120508599
36,ALL,2022-12,TOT_LOG_L,119,2019-11,2022-11,0.03112994233358456
36,ALL,2023-01,TOT_LOG_L,120,2019-12,2022-12,0.031114806386324547
36,ALL,2023-02,TOT_LOG_L,121,2020-01,2023-01,0.03099271795657816
36,ALL,2023-03,TOT_LOG_L,122,2020-02,2023-02,0.030863295856171716
36,ALL,2023-04,TOT_LOG_L,123,2020-03,2023-03,0.030646095470709785
36,ALL,2023-05,TOT_LOG_L,124,2020-04,2023-04,0.03041628732111413
36,ALL,2023-06,TOT_LOG_L,125,2020-05,2023-05,0.0302107352858901
36,ALL,2023-07,TOT_LOG_L,126,2020-06,2023-06,0.02998353638590182
36,ALL,2023-08,TOT_LOG_L,127,2020-07,2023-07,0.02976596599839463
36,ALL,2023-09,TOT_LOG_L,128,2020-08,2023-08,0.029567602911594326
36,ALL,2023-10,TOT_LOG_L,129,2020-09,2023-09,0.02938128648021747
36,ALL,2023-11,TOT_LOG_L,130,2020-10,2023-10,0.029207282787229647
36,ALL,2023-12,TOT_LOG_L,131,2020-11,2023-11,0.02902983713179207
36,ALL,2024-01,TOT_LOG_L,132,2020-12,2023-12,0.028847419522535746
36,ALL,2024-02,TOT_LOG_L,133,2021-01,2024-01,0.028684603042084703
36,ALL,2024-03,TOT_LOG_L,134,2021-02,2024-02,0.02853057101045771
36,ALL,2024-04,TOT_LOG_L,135,2021-03,2024-03,0.02836545519386426
36,ALL,2024-05,TOT_LOG_L,136,2021-04,2024-04,0.028250255625212786
36,ALL,2024-06,TOT_LOG_L,137,2021-05,2024-05,0.02814881175869077
36,ALL,2024-07,TOT_LOG_L,138,2021-06,2024-06,0.02811954476613728
36,ALL,2024-08,TOT_LOG_L,139,2021-07,2024-07,0.02809835145410053
36,ALL,2024-09,TOT_LOG_L,140,2021-08,2024-08,0.02804451435190084
36,ALL,2024-10,TOT_LOG_L,141,2021-09,2024-09,0.02792951286485812
36,ALL,2024-11,TOT_LOG_L,142,2021-10,2024-10,0.0278795827391124
36,ALL,2024-12,TOT_LOG_L,143,2021-11,2024-11,0.027890734854645195
36,ALL,2025-01,TOT_LOG_L,144,2021-12,2024-12,0.027945644266129496
36,ALL,2025-02,TOT_LOG_L,145,2022-01,2025-01,0.027958514992477406
36,ALL,2025-03,TOT_LOG_L,146,2022-02,2025-02,0.027987526485625046
36,ALL,2025-04,TOT_LOG_L,147,2022-03,2025-03,0.028038404935598487
36,ALL,2025-05,TOT_LOG_L,148,2022-04,2025-04,0.028000275311324405
36,ALL,2025-06,TOT_LOG_L,149,2022-05,2025-05,0.027987538738687808
36,ALL,2025-07,TOT_LOG_L,150,2022-06,2025-06,0.027896708854601385
36,ALL,2025-08,TOT_LOG_L,151,2022-07,2025-07,0.02782842308433919
36,ALL,2025-09,TOT_LOG_L,152,2022-08,2025-08,0.02774245091820161
36,ALL,2025-10,TOT_LOG_L,153,2022-09,2025-09,0.027633796893866962
36,ALL,2025-11,TOT_LOG_L,154,2022-10,2025-10,0.027535625436699247
36,ALL,2025-12,TOT_LOG_L,155,2022-11,2025-11,0.027433583879394978
36,ALL,2026-01,TOT_LOG_L,156,2022-12,2025-12,0.027338712493108364
36,ALL,2026-02,TOT_LOG_L,157,2023-01,2026-01,0.027177224840960162
36,ALL,2026-03,TOT_LOG_L,158,2023-02,2026-02,0.027013397782815116
36,ALL,2026-04,TOT_LOG_L,159,2023-03,2026-03,0.026847921951373182
36,ALL,2026-05,TOT_LOG_L,160,2023-04,2026-04,0.026684565018485113
36,ALL,2026-06,TOT_LOG_L,161,2023-05,2026-05,0.0265227919255398
36,ALL,2026-07,TOT_LOG_L,162,2023-06,2026-06,0.026364315326511196
36,ALL,2026-08,TOT_LOG_L,163,2023-07,2026-07,0.026206084208490004
48,TOT,2016-01,EJR,24,2011-12,2015-12,0.02971625659790431
48,TOT,2016-02,EJR,25,2012-01,2016-01,0.03239541166896124
48,TOT,2016-03,EJR,26,2012-02,2016-02,0.03458932681277086
48,TOT,2016-04,EJR,27,2012-03,2016-03,0.03528266589316107
48,TOT,2016-05,EJR,28,2012-04,2016-04,0.03552182820028865
48,TOT,2016-06,EJR,29,2012-05,2016-05,0.03598738878220178
48,TOT,2016-07,EJR,30,2012-06,2016-06,0.035731794493898614
48,TOT,2016-08,EJR,31,2012-07,2016-07,0.035615983680557614
48,TOT,2016-09,EJR,32,2012-08,2016-08,0.03543844841479036
48,TOT,2016-10,EJR,33,2012-09,2016-09,0.0353162803456838
48,TOT,2016-11,EJR,34,2012-10,2016-10,0.03522606222474898
48,TOT,2016-12,EJR,35,2012-11,2016-11,0.035506417848403075
48,TOT,2017-01,EJR,36,2012-12,2016-12,0.03561809087144985
48,TOT,2017-02,EJR,37,2013-01,2017-01,0.03541694094554243
48,TOT,2017-03,EJR,38,2013-02,2017-02,0.035212468904463085
48,TOT,2017-04,EJR,39,2013-03,2017-03,0.03509807678760868
48,TOT,2017-05,EJR,40,2013-04,2017-04,0.035050247821575634
48,TOT,2017-06,EJR,41,2013-05,2017-05,0.03492939247909771
48,TOT,2017-07,EJR,42,2013-06,2017-06,0.03470031186649347
48,TOT,2017-08,EJR,43,2013-07,2017-07,0.03421861458891441
48,TOT,2017-09,EJR,44,2013-08,2017-08,0.033778719554020155
48,TOT,2017-10,EJR,45,2013-09,2017-09,0.033402198090074144
48,TOT,2017-11,EJR,46,2013-10,2017-10,0.03321120766831997
48,TOT,2017-12,EJR,47,2013-11,2017-11,0.032952364966259376
48,TOT,2018-01,EJR,48,2013-12,2017-12,0.032669163313639976
48,TOT,2018-02,EJR,49,2014-01,2018-01,0.03219400487669751
48,TOT,2018-03,EJR,50,2014-02,2018-02,0.031861164850704504
48,TOT,2018-04,EJR,51,2014-03,2018-03,0.03163782063361543
48,TOT,2018-05,EJR,52,2014-04,2018-04,0.03156349270528391
48,TOT,2018-06,EJR,53,2014-05,2018-05,0.03179392366132548
48,TOT,2018-07,EJR,54,2014-06,2018-06,0.03222478474277602
48,TOT,2018-08,EJR,55,2014-07,2018-07,0.03244140000126477
48,TOT,2018-09,EJR,56,2014-08,2018-08,0.03317197158307413
48,TOT,2018-10,EJR,57,2014-09,2018-09,0.033585656237720675
48,TOT,2018-11,EJR,58,2014-10,2018-10,0.0336812393028398
48,TOT,2018-12,EJR,59,2014-11,2018-11,0.033880802597366574
48,TOT,2019-01,TOT_LOG_L,60,2014-12,2018-12,0.03377013140159469
48,TOT,2019-02,TOT_LOG_L,61,2015-01,2019-01,0.03329021027925614
48,TOT,2019-03,TOT_LOG_L,62,2015-02,2019-02,0.03280775932288323
48,TOT,2019-04,TOT_LOG_L,63,2015-03,2019-03,0.032336193627734516
48,TOT,2019-05,TOT_LOG_L,64,2015-04,2019-04,0.03193787292352567
48,TOT,2019-06,TOT_LOG_L,65,2015-05,2019-05,0.03153758443110735
48,TOT,2019-07,TOT_LOG_L,66,2015-06,2019-06,0.0311049138724073
48,TOT,2019-08,TOT_LOG_L,67,2015-07,2019-07,0.030679067593045624
48,TOT,2019-09,TOT_LOG_L,68,2015-08,2019-08,0.030331230158035613
48,TOT,2019-10,TOT_LOG_L,69,2015-09,2019-09,0.029988952263726037
48,TOT,2019-11,TOT_LOG_L,70,2015-10,2019-10,0.029609761707507322
48,TOT,2019-12,TOT_LOG_L,71,2015-11,2019-11,0.02928693561814396
48,TOT,2020-01,TOT_LOG_L,72,2015-12,2019-12,0.028921450845663613
48,TOT,2020-02,TOT_LOG_L,73,2016-01,2020-01,0.028637562440427432
48,TOT,2020-03,TOT_LOG_L,74,2016-02,2020-02,0.028426416971663506
48,TOT,2020-04,TOT_LOG_L,75,2016-03,2020-03,0.028655613240329836
48,TOT,2020-05,TOT_LOG_L,76,2016-04,2020-04,0.028985093384792257
48,TOT,2020-06,TOT_LOG_L,77,2016-05,2020-05,0.029222394656511656
48,TOT,2020-07,TOT_LOG_L,78,2016-06,2020-06,0.02958529250014919
48,TOT,2020-08,TOT_LOG_L,79,2016-07,2020-07,0.02971120324957904
48,TOT,2020-09,TOT_LOG_L,80,2016-08,2020-08,0.029987278023032502
48,TOT,2020-10,TOT_LOG_L,81,2016-09,2020-09,0.030393284261101355
48,TOT,2020-11,TOT_LOG_L,82,2016-10,2020-10,0.03086743058700407
48,TOT,2020-12,TOT_LOG_L,83,2016-11,2020-11,0.03099677546523655
48,TOT,2021-01,TOT_LOG_L,84,2016-12,2020-12,0.031095981011412515
48,TOT,2021-02,TOT_LOG_L,85,2017-01,2021-01,0.031676889913813414
48,TOT,2021-03,TOT_LOG_L,86,2017-02,2021-02,0.03225065991039546
48,TOT,2021-04,TOT_LOG_L,87,2017-03,2021-03,0.03296709487747976
48,TOT,2021-05,TOT_LOG_L,88,2017-04,2021-04,0.033387950812921466
48,TOT,2021-06,TOT_LOG_L,89,2017-05,2021-05,0.03370863075926801
48,TOT,2021-07,TOT_LOG_L,90,2017-06,2021-06,0.03385954337335856
48,TOT,2021-08,TOT_LOG_L,91,2017-07,2021-07,0.034119675998261385
48,TOT,2021-09,TOT_LOG_L,92,2017-08,2021-08,0.03442742111931764
48,TOT,2021-10,TOT_LOG_L,93,2017-09,2021-09,0.0348617347326463
48,TOT,2021-11,TOT_LOG_L,94,2017-10,2021-10,0.035401721020480365
48,TOT,2021-12,TOT_LOG_L,95,2017-11,2021-11,0.035943032991650185
48,TOT,2022-01,TOT_LOG_L,96,2017-12,2021-12,0.036426152247326295
48,TOT,2022-02,TOT_LOG_L,97,2018-01,2022-01,0.03682800728430227
48,TOT,2022-03,TOT_LOG_L,98,2018-02,2022-02,0.03705986219567814
48,TOT,2022-04,TOT_LOG_L,99,2018-03,2022-03,0.03708574619751029
48,TOT,2022-05,TOT_LOG_L,100,2018-04,2022-04,0.03718833766053541
48,TOT,2022-06,TOT_LOG_L,101,2018-05,2022-05,0.03716528336895182
48,TOT,2022-07,TOT_LOG_L,102,2018-06,2022-06,0.037365228963119126
48,TOT,2022-08,TOT_LOG_L,103,2018-07,2022-07,0.03757219876817399
48,TOT,2022-09,TOT_LOG_L,104,2018-08,2022-08,0.03771079201312494
48,TOT,2022-10,TOT_LOG_L,105,2018-09,2022-09,0.038030409997843594
48,TOT,2022-11,TOT_LOG_L,106,2018-10,2022-10,0.03832384941579753
48,TOT,2022-12,TOT_LOG_L,107,2018-11,2022-11,0.03852345955624915
48,TOT,2023-01,TOT_LOG_L,108,2018-12,2022-12,0.038678713888356815
48,TOT,2023-02,TOT_LOG_L,109,2019-01,2023-01,0.038668258597015795
48,TOT,2023-03,TOT_LOG_L,110,2019-02,2023-02,0.03868879214308401
48,TOT,2023-04,TOT_LOG_L,111,2019-03,2023-03,0.03862601302972445
48,TOT,2023-05,TOT_LOG_L,112,2019-04,2023-04,0.038532497348730335
48,TOT,2023-06,TOT_LOG_L,113,2019-05,2023-05,0.0384692525901623
48,TOT,2023-07,TOT_LOG_L,114,2019-06,2023-06,0.03833784182085568
48,TOT,2023-08,TOT_LOG_L,115,2019-07,2023-07,0.03816329664549569
48,TOT,2023-09,TOT_LOG_L,116,2019-08,2023-08,0.03801751638348511
48,TOT,2023-10,TOT_LOG_L,117,2019-09,2023-09,0.037917356618093125
48,TOT,2023-11,TOT_LOG_L,118,2019-10,2023-10,0.037863390830359604
48,TOT,2023-12,TOT_LOG_L,119,2019-11,2023-11,0.03772933035571884
48,TOT,2024-01,TOT_LOG_L,120,2019-12,2023-12,0.03758238086197555
48,TOT,2024-02,TOT_LOG_L,121,2020-01,2024-01,0.037448551713023304
48,TOT,2024-03,TOT_LOG_L,122,2020-02,2024-02,0.03729731201482133
48,TOT,2024-04,TOT_LOG_L,123,2020-03,2024-03,0.037109529004415207
48,TOT,2024-05,TOT_LOG_L,124,2020-04,2024-04,0.03694501413765591
48,TOT,2024-06,TOT_LOG_L,125,2020-05,2024-05,0.036787800383614705
48,TOT,2024-07,TOT_LOG_L,126,2020-06,2024-06,0.03669300285424832
48,TOT,2024-08,TOT_LOG_L,127,2020-07,2024-07,0.03665754599964655
48,TOT,2024-09,TOT_LOG_L,128,2020-08,2024-08,0.03658381383303431
48,TOT,2024-10,TOT_LOG_L,129,2020-09,2024-09,0.03644633614372612
48,TOT,2024-11,TOT_LOG_L,130,2020-10,2024-10,0.036410732964290135
48,TOT,2024-12,TOT_LOG_L,131,2020-11,2024-11,0.03652711611782265
48,TOT,2025-01,TOT_LOG_L,132,2020-12,2024-12,0.036699727110304364
48,TOT,2025-02,TOT_LOG_L,133,2021-01,2025-01,0.03680030913351691
48,TOT,2025-03,TOT_LOG_L,134,2021-02,2025-02,0.03688201002034027
48,TOT,2025-04,TOT_LOG_L,135,2021-03,2025-03,0.03690182701217249
48,TOT,2025-05,TOT_LOG_L,136,2021-04,2025-04,0.036866790510693796
48,TOT,2025-06,TOT_LOG_L,137,2021-05,2025-05,0.03685835654752682
48,TOT,2025-07,TOT_LOG_L,138,2021-06,2025-06,0.0368094934894475
48,TOT,2025-08,TOT_LOG_L,139,2021-07,2025-07,0.03678725748114878
48,TOT,2025-09,TOT_LOG_L,140,2021-08,2025-08,0.03672069027635605
48,TOT,2025-10,TOT_LOG_L,141,2021-09,2025-09,0.036618899888525
48,TOT,2025-11,TOT_LOG_L,142,2021-10,2025-10,0.036528220231577535
48,TOT,2025-12,TOT_LOG_L,143,2021-11,2025-11,0.03641805409762324
48,TOT,2026-01,TOT_LOG_L,144,2021-12,2025-12,0.03631919405418266
48,TOT,2026-02,TOT_LOG_L,145,2022-01,2026-01,0.03618582563496394
48,TOT,2026-03,TOT_LOG_L,146,2022-02,2026-02,0.03605859984918679
48,TOT,2026-04,TOT_LOG_L,147,2022-03,2026-03,0.03598123267390137
48,TOT,2026-05,TOT_LOG_L,148,2022-04,2026-04,0.03584014241388713
48,TOT,2026-06,TOT_LOG_L,149,2022-05,2026-05,0.03572008139221849
48,TOT,2026-07,TOT_LOG_L,150,2022-06,2026-06,0.03562128149544201
48,TOT,2026-08,TOT_LOG_L,151,2022-07,2026-07,0.03549886818951025
48,COM,2016-01,EJR,24,2011-12,2015-12,0.02971625659790431
48,COM,2016-02,EJR,25,2012-01,2016-01,0.03239541166896124
48,COM,2016-03,EJR,26,2012-02,2016-02,0.03458932681277086
48,COM,2016-04,EJR,27,2012-03,2016-03,0.03528266589316107
48,COM,2016-05,EJR,28,2012-04,2016-04,0.03552182820028865
48,COM,2016-06,EJR,29,2012-05,2016-05,0.03598738878220178
48,COM,2016-07,EJR,30,2012-06,2016-06,0.035731794493898614
48,COM,2016-08,EJR,31,2012-07,2016-07,0.035615983680557614
48,COM,2016-09,EJR,32,2012-08,2016-08,0.03543844841479036
48,COM,2016-10,EJR,33,2012-09,2016-09,0.0353162803456838
48,COM,2016-11,EJR,34,2012-10,2016-10,0.03522606222474898
48,COM,2016-12,EJR,35,2012-11,2016-11,0.035506417848403075
48,COM,2017-01,EJR,36,2012-12,2016-12,0.03561809087144985
48,COM,2017-02,EJR,37,2013-01,2017-01,0.03541694094554243
48,COM,2017-03,EJR,38,2013-02,2017-02,0.035212468904463085
48,COM,2017-04,EJR,39,2013-03,2017-03,0.03509807678760868
48,COM,2017-05,EJR,40,2013-04,2017-04,0.035050247821575634
48,COM,2017-06,EJR,41,2013-05,2017-05,0.03492939247909771
48,COM,2017-07,EJR,42,2013-06,2017-06,0.03470031186649347
48,COM,2017-08,EJR,43,2013-07,2017-07,0.03421861458891441
48,COM,2017-09,EJR,44,2013-08,2017-08,0.033778719554020155
48,COM,2017-10,EJR,45,2013-09,2017-09,0.033402198090074144
48,COM,2017-11,EJR,46,2013-10,2017-10,0.03321120766831997
48,COM,2017-12,COM_DEV_LD,47,2013-11,2017-11,0.032845744811567656
48,COM,2018-01,COM_DEV_LD,48,2013-12,2017-12,0.032406379999505144
48,COM,2018-02,COM_DEV_LD,49,2014-01,2018-01,0.031838341330256426
48,COM,2018-03,COM_DEV_LD,50,2014-02,2018-02,0.031356043926577634
48,COM,2018-04,COM_DEV_LD,51,2014-03,2018-03,0.0309369252001804
48,COM,2018-05,COM_DEV_LD,52,2014-04,2018-04,0.03058805061619189
48,COM,2018-06,COM_DEV_LD,53,2014-05,2018-05,0.030603162306584223
48,COM,2018-07,COM_DEV_LD,54,2014-06,2018-06,0.030864824824977405
48,COM,2018-08,COM_DEV_LD,55,2014-07,2018-07,0.030952674074499118
48,COM,2018-09,COM_DEV_LD,56,2014-08,2018-08,0.03143040429609425
48,COM,2018-10,COM_DEV_LD,57,2014-09,2018-09,0.03166736809924569
48,COM,2018-11,COM_DEV_LD,58,2014-10,2018-10,0.031628723129450385
48,COM,2018-12,COM_DEV_LD,59,2014-11,2018-11,0.031648137715098605
48,COM,2019-01,COM_DEV_LD,60,2014-12,2018-12,0.0316625079970042
48,COM,2019-02,COM_DEV_LD,61,2015-01,2019-01,0.03147228555515078
48,COM,2019-03,COM_DEV_LD,62,2015-02,2019-02,0.03139462066363451
48,COM,2019-04,COM_DEV_LD,63,2015-03,2019-03,0.031443654389266086
48,COM,2019-05,COM_DEV_LD,64,2015-04,2019-04,0.031559031426772986
48,COM,2019-06,COM_DEV_LD,65,2015-05,2019-05,0.03158612759173314
48,COM,2019-07,COM_DEV_LD,66,2015-06,2019-06,0.03143364430946212
48,COM,2019-08,COM_DEV_LD,67,2015-07,2019-07,0.031230312036555734
48,COM,2019-09,COM_DEV_LD,68,2015-08,2019-08,0.031258871091515296
48,COM,2019-10,COM_DEV_LD,69,2015-09,2019-09,0.03127186395414852
48,COM,2019-11,COM_DEV_LD,70,2015-10,2019-10,0.031147167743989432
48,COM,2019-12,COM_DEV_LD,71,2015-11,2019-11,0.0311817569650594
48,COM,2020-01,COM_DEV_LD,72,2015-12,2019-12,0.031038599227751235
48,COM,2020-02,COM_DEV_LD,73,2016-01,2020-01,0.031019719441942
48,COM,2020-03,COM_DEV_LD,74,2016-02,2020-02,0.031096519583908543
48,COM,2020-04,COM_DEV_LD,75,2016-03,2020-03,0.03170476408385124
48,COM,2020-05,COM_DEV_LD,76,2016-04,2020-04,0.032445819946187504
48,COM,2020-06,COM_DEV_LD,77,2016-05,2020-05,0.033104197632052815
48,COM,2020-07,COM_DEV_LD,78,2016-06,2020-06,0.033851372261950785
48,COM,2020-08,COM_DEV_LD,79,2016-07,2020-07,0.034291874057146315
48,COM,2020-09,COM_DEV_LD,80,2016-08,2020-08,0.03486806241380379
48,COM,2020-10,COM_DEV_LD,81,2016-09,2020-09,0.03558012823183517
48,COM,2020-11,COM_DEV_LD,82,2016-10,2020-10,0.03635502724877525
48,COM,2020-12,COM_DEV_LD,83,2016-11,2020-11,0.03672501141826185
48,COM,2021-01,COM_DEV_LD,84,2016-12,2020-12,0.03698758450353685
48,COM,2021-02,COM_DEV_LD,85,2017-01,2021-01,0.037479456140904546
48,COM,2021-03,COM_DEV_LD,86,2017-02,2021-02,0.037874457932636156
48,COM,2021-04,COM_DEV_LD,87,2017-03,2021-03,0.0384390907106971
48,COM,2021-05,COM_DEV_LD,88,2017-04,2021-04,0.03871825794383358
48,COM,2021-06,COM_DEV_LD,89,2017-05,2021-05,0.038887050782403475
48,COM,2021-07,COM_DEV_LD,90,2017-06,2021-06,0.038920402685058045
48,COM,2021-08,COM_DEV_LD,91,2017-07,2021-07,0.03906309865155296
48,COM,2021-09,COM_DEV_LD,92,2017-08,2021-08,0.03929607406993831
48,COM,2021-10,COM_DEV_LD,93,2017-09,2021-09,0.03971035644612194
48,COM,2021-11,COM_DEV_LD,94,2017-10,2021-10,0.04025189246407505
48,COM,2021-12,COM_DEV_LD,95,2017-11,2021-11,0.040822595688467585
48,COM,2022-01,COM_DEV_LD,96,2017-12,2021-12,0.04133422045397835
48,COM,2022-02,COM_DEV_LD,97,2018-01,2022-01,0.041655453320921944
48,COM,2022-03,COM_DEV_LD,98,2018-02,2022-02,0.04190998682738936
48,COM,2022-04,COM_DEV_LD,99,2018-03,2022-03,0.04191741752130338
48,COM,2022-05,COM_DEV_LD,100,2018-04,2022-04,0.04205160726220229
48,COM,2022-06,COM_DEV_LD,101,2018-05,2022-05,0.04208438588907524
48,COM,2022-07,COM_DEV_LD,102,2018-06,2022-06,0.042414339847253346
48,COM,2022-08,COM_DEV_LD,103,2018-07,2022-07,0.04271540492029976
48,COM,2022-09,COM_DEV_LD,104,2018-08,2022-08,0.04296021259099739
48,COM,2022-10,COM_DEV_LD,105,2018-09,2022-09,0.04334833209278496
48,COM,2022-11,COM_DEV_LD,106,2018-10,2022-10,0.04370325806356057
48,COM,2022-12,COM_DEV_LD,107,2018-11,2022-11,0.04394925114973282
48,COM,2023-01,COM_DEV_LD,108,2018-12,2022-12,0.04415264872221038
48,COM,2023-02,COM_DEV_LD,109,2019-01,2023-01,0.04426569341368175
48,COM,2023-03,COM_DEV_LD,110,2019-02,2023-02,0.04443050923565157
48,COM,2023-04,COM_DEV_LD,111,2019-03,2023-03,0.04457145561427521
48,COM,2023-05,COM_DEV_LD,112,2019-04,2023-04,0.04461122166041501
48,COM,2023-06,COM_DEV_LD,113,2019-05,2023-05,0.04467746268696369
48,COM,2023-07,COM_DEV_LD,114,2019-06,2023-06,0.04462143862016699
48,COM,2023-08,COM_DEV_LD,115,2019-07,2023-07,0.04451234971929738
48,COM,2023-09,COM_DEV_LD,116,2019-08,2023-08,0.044522891053540015
48,COM,2023-10,COM_DEV_LD,117,2019-09,2023-09,0.04461542406877952
48,COM,2023-11,COM_DEV_LD,118,2019-10,2023-10,0.04472153194294452
48,COM,2023-12,COM_DEV_LD,119,2019-11,2023-11,0.04476138004673382
48,COM,2024-01,COM_DEV_LD,120,2019-12,2023-12,0.04477551519345341
48,COM,2024-02,COM_DEV_LD,121,2020-01,2024-01,0.04482788629772589
48,COM,2024-03,COM_DEV_LD,122,2020-02,2024-02,0.04484338071731786
48,COM,2024-04,COM_DEV_LD,123,2020-03,2024-03,0.04482557297516184
48,COM,2024-05,COM_DEV_LD,124,2020-04,2024-04,0.044831876147941194
48,COM,2024-06,COM_DEV_LD,125,2020-05,2024-05,0.04489312652004071
48,COM,2024-07,COM_DEV_LD,126,2020-06,2024-06,0.045087703279140495
48,COM,2024-08,COM_DEV_LD,127,2020-07,2024-07,0.04531203103491145
48,COM,2024-09,COM_DEV_LD,128,2020-08,2024-08,0.0454212090039162
48,COM,2024-10,COM_DEV_LD,129,2020-09,2024-09,0.045458989115485175
48,COM,2024-11,COM_DEV_LD,130,2020-10,2024-10,0.045680855808705206
48,COM,2024-12,COM_DEV_LD,131,2020-11,2024-11,0.046148322996574793
48,COM,2025-01,COM_DEV_LD,132,2020-12,2024-12,0.04664324823958292
48,COM,2025-02,COM_DEV_LD,133,2021-01,2025-01,0.04699953158745287
48,COM,2025-03,COM_DEV_LD,134,2021-02,2025-02,0.04729493607817856
48,COM,2025-04,COM_DEV_LD,135,2021-03,2025-03,0.047523957276887595
48,COM,2025-05,COM_DEV_LD,136,2021-04,2025-04,0.04761337243920882
48,COM,2025-06,COM_DEV_LD,137,2021-05,2025-05,0.04772518995201094
48,COM,2025-07,COM_DEV_LD,138,2021-06,2025-06,0.047779804796154624
48,COM,2025-08,COM_DEV_LD,139,2021-07,2025-07,0.04793147375620564
48,COM,2025-09,COM_DEV_LD,140,2021-08,2025-08,0.048009122557119005
48,COM,2025-10,COM_DEV_LD,141,2021-09,2025-09,0.0480182658030021
48,COM,2025-11,COM_DEV_LD,142,2021-10,2025-10,0.04804412878621727
48,COM,2025-12,COM_DEV_LD,143,2021-11,2025-11,0.047970831650943284
48,COM,2026-01,COM_DEV_LD,144,2021-12,2025-12,0.047873419094162324
48,COM,2026-02,COM_DEV_LD,145,2022-01,2026-01,0.04770909855893451
48,COM,2026-03,COM_DEV_LD,146,2022-02,2026-02,0.04754995821401407
48,COM,2026-04,COM_DEV_LD,147,2022-03,2026-03,0.04741968290299315
48,COM,2026-05,COM_DEV_LD,148,2022-04,2026-04,0.047259814329713205
48,COM,2026-06,COM_DEV_LD,149,2022-05,2026-05,0.04710845971285042
48,COM,2026-07,COM_DEV_LD,150,2022-06,2026-06,0.0469956108092188
48,COM,2026-08,COM_DEV_LD,151,2022-07,2026-07,0.04682433664680874
48,JOINT,2016-01,EJR,24,2011-12,2015-12,0.02971625659790431
48,JOINT,2016-02,EJR,25,2012-01,2016-01,0.03239541166896124
48,JOINT,2016-03,EJR,26,2012-02,2016-02,0.03458932681277086
48,JOINT,2016-04,EJR,27,2012-03,2016-03,0.03528266589316107
48,JOINT,2016-05,EJR,28,2012-04,2016-04,0.03552182820028865
48,JOINT,2016-06,EJR,29,2012-05,2016-05,0.03598738878220178
48,JOINT,2016-07,EJR,30,2012-06,2016-06,0.035731794493898614
48,JOINT,2016-08,EJR,31,2012-07,2016-07,0.035615983680557614
48,JOINT,2016-09,EJR,32,2012-08,2016-08,0.03543844841479036
48,JOINT,2016-10,EJR,33,2012-09,2016-09,0.0353162803456838
48,JOINT,2016-11,EJR,34,2012-10,2016-10,0.03522606222474898
48,JOINT,2016-12,EJR,35,2012-11,2016-11,0.035506417848403075
48,JOINT,2017-01,EJR,36,2012-12,2016-12,0.03561809087144985
48,JOINT,2017-02,EJR,37,2013-01,2017-01,0.03541694094554243
48,JOINT,2017-03,EJR,38,2013-02,2017-02,0.035212468904463085
48,JOINT,2017-04,EJR,39,2013-03,2017-03,0.03509807678760868
48,JOINT,2017-05,EJR,40,2013-04,2017-04,0.035050247821575634
48,JOINT,2017-06,EJR,41,2013-05,2017-05,0.03492939247909771
48,JOINT,2017-07,EJR,42,2013-06,2017-06,0.03470031186649347
48,JOINT,2017-08,EJR,43,2013-07,2017-07,0.03421861458891441
48,JOINT,2017-09,EJR,44,2013-08,2017-08,0.033778719554020155
48,JOINT,2017-10,EJR,45,2013-09,2017-09,0.033402198090074144
48,JOINT,2017-11,EJR,46,2013-10,2017-10,0.03321120766831997
48,JOINT,2017-12,EJR,47,2013-11,2017-11,0.032952364966259376
48,JOINT,2018-01,EJR,48,2013-12,2017-12,0.032669163313639976
48,JOINT,2018-02,EJR,49,2014-01,2018-01,0.03219400487669751
48,JOINT,2018-03,EJR,50,2014-02,2018-02,0.031861164850704504
48,JOINT,2018-04,EJR,51,2014-03,2018-03,0.03163782063361543
48,JOINT,2018-05,EJR,52,2014-04,2018-04,0.03156349270528391
48,JOINT,2018-06,EJR,53,2014-05,2018-05,0.03179392366132548
48,JOINT,2018-07,EJR,54,2014-06,2018-06,0.03222478474277602
48,JOINT,2018-08,EJR,55,2014-07,2018-07,0.03244140000126477
48,JOINT,2018-09,EJR,56,2014-08,2018-08,0.03317197158307413
48,JOINT,2018-10,EJR,57,2014-09,2018-09,0.033585656237720675
48,JOINT,2018-11,EJR,58,2014-10,2018-10,0.0336812393028398
48,JOINT,2018-12,EJR,59,2014-11,2018-11,0.033880802597366574
48,JOINT,2019-01,EJR,60,2014-12,2018-12,0.034054120886484164
48,JOINT,2019-02,EJR,61,2015-01,2019-01,0.03391205915733801
48,JOINT,2019-03,EJR,62,2015-02,2019-02,0.03376012759793439
48,JOINT,2019-04,EJR,63,2015-03,2019-03,0.03363884228585984
48,JOINT,2019-05,EJR,64,2015-04,2019-04,0.03360475524880358
48,JOINT,2019-06,EJR,65,2015-05,2019-05,0.03356140439238922
48,JOINT,2019-07,EJR,66,2015-06,2019-06,0.03336632239292033
48,JOINT,2019-08,EJR,67,2015-07,2019-07,0.033126194163025105
48,JOINT,2019-09,EJR,68,2015-08,2019-08,0.033094936662310726
48,JOINT,2019-10,EJR,69,2015-09,2019-09,0.0330303388327038
48,JOINT,2019-11,EJR,70,2015-10,2019-10,0.032851809038020756
48,JOINT,2019-12,EJR,71,2015-11,2019-11,0.03281774068675856
48,JOINT,2020-01,EJR,72,2015-12,2019-12,0.032610230328976725
48,JOINT,2020-02,EJR,73,2016-01,2020-01,0.032533741979484714
48,JOINT,2020-03,EJR,74,2016-02,2020-02,0.03258684212039522
48,JOINT,2020-04,EJR,75,2016-03,2020-03,0.03323712730054694
48,JOINT,2020-05,EJR,76,2016-04,2020-04,0.0339680286678986
48,JOINT,2020-06,EJR,77,2016-05,2020-05,0.034596758848586144
48,JOINT,2020-07,EJR,78,2016-06,2020-06,0.03531589621524916
48,JOINT,2020-08,EJR,79,2016-07,2020-07,0.03572932100698203
48,JOINT,2020-09,EJR,80,2016-08,2020-08,0.036299286257277165
48,JOINT,2020-10,EJR,81,2016-09,2020-09,0.0370363611975099
48,JOINT,2020-11,EJR,82,2016-10,2020-10,0.03783077040696783
48,JOINT,2020-12,JOINT_LOG_LOG,83,2016-11,2020-11,0.03787324775244583
48,JOINT,2021-01,JOINT_LOG_LOG,84,2016-12,2020-12,0.037650396348896296
48,JOINT,2021-02,JOINT_LOG_LOG,85,2017-01,2021-01,0.03771245874351688
48,JOINT,2021-03,JOINT_LOG_LOG,86,2017-02,2021-02,0.03770785889021055
48,JOINT,2021-04,JOINT_LOG_LOG,87,2017-03,2021-03,0.03787664118403355
48,JOINT,2021-05,JOINT_LOG_LOG,88,2017-04,2021-04,0.03788925807343811
48,JOINT,2021-06,JOINT_LOG_SLOG,89,2017-05,2021-05,0.03785057231788225
48,JOINT,2021-07,JOINT_LOG_SLOG,90,2017-06,2021-06,0.03768756760012924
48,JOINT,2021-08,JOINT_LOG_SLOG,91,2017-07,2021-07,0.0375958007000095
48,JOINT,2021-09,JOINT_LOG_SLOG,92,2017-08,2021-08,0.03756154113488592
48,JOINT,2021-10,JOINT_LOG_SLOG,93,2017-09,2021-09,0.037644793250679834
48,JOINT,2021-11,JOINT_LOG_SLOG,94,2017-10,2021-10,0.03782746460791442
48,JOINT,2021-12,JOINT_LOG_SLOG,95,2017-11,2021-11,0.03799412573925208
48,JOINT,2022-01,JOINT_LOG_SLOG,96,2017-12,2021-12,0.038130323670067495
48,JOINT,2022-02,JOINT_LOG_SLOG,97,2018-01,2022-01,0.0384699933548248
48,JOINT,2022-03,JOINT_LOG_SLOG,98,2018-02,2022-02,0.03866948808009266
48,JOINT,2022-04,JOINT_LOG_SLOG,99,2018-03,2022-03,0.03865079341542562
48,JOINT,2022-05,JOINT_LOG_SLOG,100,2018-04,2022-04,0.03878974304863217
48,JOINT,2022-06,JOINT_LOG_SLOG,101,2018-05,2022-05,0.03881127235771936
48,JOINT,2022-07,JOINT_LOG_SLOG,102,2018-06,2022-06,0.03908592541989215
48,JOINT,2022-08,JOINT_LOG_SLOG,103,2018-07,2022-07,0.03935010503193255
48,JOINT,2022-09,JOINT_LOG_SLOG,104,2018-08,2022-08,0.03954612807668701
48,JOINT,2022-10,JOINT_LOG_SLOG,105,2018-09,2022-09,0.039899777617705905
48,JOINT,2022-11,JOINT_LOG_SLOG,106,2018-10,2022-10,0.04021454699178699
48,JOINT,2022-12,JOINT_LOG_SLOG,107,2018-11,2022-11,0.04040170595057506
48,JOINT,2023-01,JOINT_LOG_SLOG,108,2018-12,2022-12,0.04053753293775142
48,JOINT,2023-02,JOINT_LOG_SLOG,109,2019-01,2023-01,0.040569261736539595
48,JOINT,2023-03,JOINT_LOG_SLOG,110,2019-02,2023-02,0.0406660239198702
48,JOINT,2023-04,JOINT_LOG_SLOG,111,2019-03,2023-03,0.040704184029502925
48,JOINT,2023-05,JOINT_LOG_SLOG,112,2019-04,2023-04,0.04072502533102703
48,JOINT,2023-06,JOINT_LOG_SLOG,113,2019-05,2023-05,0.04076280633915808
48,JOINT,2023-07,JOINT_LOG_SLOG,114,2019-06,2023-06,0.04070148455140714
48,JOINT,2023-08,JOINT_LOG_SLOG,115,2019-07,2023-07,0.04058572507408465
48,JOINT,2023-09,JOINT_LOG_SLOG,116,2019-08,2023-08,0.040555174604758895
48,JOINT,2023-10,JOINT_LOG_SLOG,117,2019-09,2023-09,0.040578711116368404
48,JOINT,2023-11,JOINT_LOG_SLOG,118,2019-10,2023-10,0.040630371394597825
48,JOINT,2023-12,JOINT_LOG_SLOG,119,2019-11,2023-11,0.040582985210558475
48,JOINT,2024-01,JOINT_LOG_SLOG,120,2019-12,2023-12,0.04052416304410481
48,JOINT,2024-02,JOINT_LOG_SLOG,121,2020-01,2024-01,0.04038504605792755
48,JOINT,2024-03,JOINT_LOG_SLOG,122,2020-02,2024-02,0.04024519006873588
48,JOINT,2024-04,JOINT_LOG_SLOG,123,2020-03,2024-03,0.04010235154005956
48,JOINT,2024-05,JOINT_LOG_SLOG,124,2020-04,2024-04,0.039996521319766595
48,JOINT,2024-06,JOINT_LOG_SLOG,125,2020-05,2024-05,0.03992013350307292
48,JOINT,2024-07,JOINT_LOG_SLOG,126,2020-06,2024-06,0.03994861352239063
48,JOINT,2024-08,JOINT_LOG_SLOG,127,2020-07,2024-07,0.03999987932937724
48,JOINT,2024-09,JOINT_LOG_SLOG,128,2020-08,2024-08,0.040015889804351674
48,JOINT,2024-10,JOINT_LOG_SLOG,129,2020-09,2024-09,0.039962642468732636
48,JOINT,2024-11,JOINT_LOG_SLOG,130,2020-10,2024-10,0.04002085349682516
48,JOINT,2024-12,JOINT_LOG_SLOG,131,2020-11,2024-11,0.04027666974501402
48,JOINT,2025-01,JOINT_LOG_SLOG,132,2020-12,2024-12,0.04059615809539532
48,JOINT,2025-02,JOINT_LOG_SLOG,133,2021-01,2025-01,0.04074885285063887
48,JOINT,2025-03,JOINT_LOG_SLOG,134,2021-02,2025-02,0.04087975870250685
48,JOINT,2025-04,JOINT_LOG_SLOG,135,2021-03,2025-03,0.04097283163205556
48,JOINT,2025-05,JOINT_LOG_SLOG,136,2021-04,2025-04,0.04094401375887926
48,JOINT,2025-06,JOINT_LOG_SLOG,137,2021-05,2025-05,0.04097271777134611
48,JOINT,2025-07,JOINT_LOG_SLOG,138,2021-06,2025-06,0.04095577818855233
48,JOINT,2025-08,JOINT_LOG_SLOG,139,2021-07,2025-07,0.0409946247342728
48,JOINT,2025-09,JOINT_LOG_SLOG,140,2021-08,2025-08,0.040963290306867
48,JOINT,2025-10,JOINT_LOG_SLOG,141,2021-09,2025-09,0.04088043807433524
48,JOINT,2025-11,JOINT_LOG_SLOG,142,2021-10,2025-10,0.04080759846017248
48,JOINT,2025-12,JOINT_LOG_SLOG,143,2021-11,2025-11,0.04068509877142957
48,JOINT,2026-01,JOINT_LOG_SLOG,144,2021-12,2025-12,0.04056793717838255
48,JOINT,2026-02,JOINT_LOG_SLOG,145,2022-01,2026-01,0.04046398225099588
48,JOINT,2026-03,JOINT_LOG_SLOG,146,2022-02,2026-02,0.040377534568774
48,JOINT,2026-04,JOINT_LOG_SLOG,147,2022-03,2026-03,0.04033707828412403
48,JOINT,2026-05,JOINT_LOG_SLOG,148,2022-04,2026-04,0.04023196843998758
48,JOINT,2026-06,JOINT_LOG_SLOG,149,2022-05,2026-05,0.04016518582482122
48,JOINT,2026-07,JOINT_LOG_SLOG,150,2022-06,2026-06,0.04012771526761569
48,JOINT,2026-08,JOINT_LOG_SLOG,151,2022-07,2026-07,0.04003724561351215
48,ALL,2016-01,EJR,24,2011-12,2015-12,0.02971625659790431
48,ALL,2016-02,EJR,25,2012-01,2016-01,0.03239541166896124
48,ALL,2016-03,EJR,26,2012-02,2016-02,0.03458932681277086
48,ALL,2016-04,EJR,27,2012-03,2016-03,0.03528266589316107
48,ALL,2016-05,EJR,28,2012-04,2016-04,0.03552182820028865
48,ALL,2016-06,EJR,29,2012-05,2016-05,0.03598738878220178
48,ALL,2016-07,EJR,30,2012-06,2016-06,0.035731794493898614
48,ALL,2016-08,EJR,31,2012-07,2016-07,0.035615983680557614
48,ALL,2016-09,EJR,32,2012-08,2016-08,0.03543844841479036
48,ALL,2016-10,EJR,33,2012-09,2016-09,0.0353162803456838
48,ALL,2016-11,EJR,34,2012-10,2016-10,0.03522606222474898
48,ALL,2016-12,EJR,35,2012-11,2016-11,0.035506417848403075
48,ALL,2017-01,EJR,36,2012-12,2016-12,0.03561809087144985
48,ALL,2017-02,EJR,37,2013-01,2017-01,0.03541694094554243
48,ALL,2017-03,EJR,38,2013-02,2017-02,0.035212468904463085
48,ALL,2017-04,EJR,39,2013-03,2017-03,0.03509807678760868
48,ALL,2017-05,EJR,40,2013-04,2017-04,0.035050247821575634
48,ALL,2017-06,EJR,41,2013-05,2017-05,0.03492939247909771
48,ALL,2017-07,EJR,42,2013-06,2017-06,0.03470031186649347
48,ALL,2017-08,EJR,43,2013-07,2017-07,0.03421861458891441
48,ALL,2017-09,EJR,44,2013-08,2017-08,0.033778719554020155
48,ALL,2017-10,EJR,45,2013-09,2017-09,0.033402198090074144
48,ALL,2017-11,EJR,46,2013-10,2017-10,0.03321120766831997
48,ALL,2017-12,COM_DEV_LD,47,2013-11,2017-11,0.032845744811567656
48,ALL,2018-01,COM_DEV_LD,48,2013-12,2017-12,0.032406379999505144
48,ALL,2018-02,COM_DEV_LD,49,2014-01,2018-01,0.031838341330256426
48,ALL,2018-03,COM_DEV_LD,50,2014-02,2018-02,0.031356043926577634
48,ALL,2018-04,COM_DEV_LD,51,2014-03,2018-03,0.0309369252001804
48,ALL,2018-05,COM_DEV_LD,52,2014-04,2018-04,0.03058805061619189
48,ALL,2018-06,COM_DEV_LD,53,2014-05,2018-05,0.030603162306584223
48,ALL,2018-07,COM_DEV_LD,54,2014-06,2018-06,0.030864824824977405
48,ALL,2018-08,COM_DEV_LD,55,2014-07,2018-07,0.030952674074499118
48,ALL,2018-09,COM_DEV_LD,56,2014-08,2018-08,0.03143040429609425
48,ALL,2018-10,COM_DEV_LD,57,2014-09,2018-09,0.03166736809924569
48,ALL,2018-11,COM_DEV_LD,58,2014-10,2018-10,0.031628723129450385
48,ALL,2018-12,COM_DEV_LD,59,2014-11,2018-11,0.031648137715098605
48,ALL,2019-01,COM_DEV_LD,60,2014-12,2018-12,0.0316625079970042
48,ALL,2019-02,COM_DEV_LD,61,2015-01,2019-01,0.03147228555515078
48,ALL,2019-03,COM_DEV_LD,62,2015-02,2019-02,0.03139462066363451
48,ALL,2019-04,COM_DEV_LD,63,2015-03,2019-03,0.031443654389266086
48,ALL,2019-05,COM_DEV_LD,64,2015-04,2019-04,0.031559031426772986
48,ALL,2019-06,TOT_LOG_L,65,2015-05,2019-05,0.03153758443110735
48,ALL,2019-07,TOT_LOG_L,66,2015-06,2019-06,0.0311049138724073
48,ALL,2019-08,TOT_LOG_L,67,2015-07,2019-07,0.030679067593045624
48,ALL,2019-09,TOT_LOG_L,68,2015-08,2019-08,0.030331230158035613
48,ALL,2019-10,TOT_LOG_L,69,2015-09,2019-09,0.029988952263726037
48,ALL,2019-11,TOT_LOG_L,70,2015-10,2019-10,0.029609761707507322
48,ALL,2019-12,TOT_LOG_L,71,2015-11,2019-11,0.02928693561814396
48,ALL,2020-01,TOT_LOG_L,72,2015-12,2019-12,0.028921450845663613
48,ALL,2020-02,TOT_LOG_L,73,2016-01,2020-01,0.028637562440427432
48,ALL,2020-03,TOT_LOG_L,74,2016-02,2020-02,0.028426416971663506
48,ALL,2020-04,TOT_LOG_L,75,2016-03,2020-03,0.028655613240329836
48,ALL,2020-05,TOT_LOG_L,76,2016-04,2020-04,0.028985093384792257
48,ALL,2020-06,TOT_LOG_L,77,2016-05,2020-05,0.029222394656511656
48,ALL,2020-07,TOT_LOG_L,78,2016-06,2020-06,0.02958529250014919
48,ALL,2020-08,TOT_LOG_L,79,2016-07,2020-07,0.02971120324957904
48,ALL,2020-09,TOT_LOG_L,80,2016-08,2020-08,0.029987278023032502
48,ALL,2020-10,TOT_LOG_L,81,2016-09,2020-09,0.030393284261101355
48,ALL,2020-11,TOT_LOG_L,82,2016-10,2020-10,0.03086743058700407
48,ALL,2020-12,TOT_LOG_L,83,2016-11,2020-11,0.03099677546523655
48,ALL,2021-01,TOT_LOG_L,84,2016-12,2020-12,0.031095981011412515
48,ALL,2021-02,TOT_LOG_L,85,2017-01,2021-01,0.031676889913813414
48,ALL,2021-03,TOT_LOG_L,86,2017-02,2021-02,0.03225065991039546
48,ALL,2021-04,TOT_LOG_L,87,2017-03,2021-03,0.03296709487747976
48,ALL,2021-05,TOT_LOG_L,88,2017-04,2021-04,0.033387950812921466
48,ALL,2021-06,TOT_LOG_L,89,2017-05,2021-05,0.03370863075926801
48,ALL,2021-07,TOT_LOG_L,90,2017-06,2021-06,0.03385954337335856
48,ALL,2021-08,TOT_LOG_L,91,2017-07,2021-07,0.034119675998261385
48,ALL,2021-09,TOT_LOG_L,92,2017-08,2021-08,0.03442742111931764
48,ALL,2021-10,TOT_LOG_L,93,2017-09,2021-09,0.0348617347326463
48,ALL,2021-11,TOT_LOG_L,94,2017-10,2021-10,0.035401721020480365
48,ALL,2021-12,TOT_LOG_L,95,2017-11,2021-11,0.035943032991650185
48,ALL,2022-01,TOT_LOG_L,96,2017-12,2021-12,0.036426152247326295
48,ALL,2022-02,TOT_LOG_L,97,2018-01,2022-01,0.03682800728430227
48,ALL,2022-03,TOT_LOG_L,98,2018-02,2022-02,0.03705986219567814
48,ALL,2022-04,TOT_LOG_L,99,2018-03,2022-03,0.03708574619751029
48,ALL,2022-05,TOT_LOG_L,100,2018-04,2022-04,0.03718833766053541
48,ALL,2022-06,TOT_LOG_L,101,2018-05,2022-05,0.03716528336895182
48,ALL,2022-07,TOT_LOG_L,102,2018-06,2022-06,0.037365228963119126
48,ALL,2022-08,TOT_LOG_L,103,2018-07,2022-07,0.03757219876817399
48,ALL,2022-09,TOT_LOG_L,104,2018-08,2022-08,0.03771079201312494
48,ALL,2022-10,TOT_LOG_L,105,2018-09,2022-09,0.038030409997843594
48,ALL,2022-11,TOT_LOG_L,106,2018-10,2022-10,0.03832384941579753
48,ALL,2022-12,TOT_LOG_L,107,2018-11,2022-11,0.03852345955624915
48,ALL,2023-01,TOT_LOG_L,108,2018-12,2022-12,0.038678713888356815
48,ALL,2023-02,TOT_LOG_L,109,2019-01,2023-01,0.038668258597015795
48,ALL,2023-03,TOT_LOG_L,110,2019-02,2023-02,0.03868879214308401
48,ALL,2023-04,TOT_LOG_L,111,2019-03,2023-03,0.03862601302972445
48,ALL,2023-05,TOT_LOG_L,112,2019-04,2023-04,0.038532497348730335
48,ALL,2023-06,TOT_LOG_L,113,2019-05,2023-05,0.0384692525901623
48,ALL,2023-07,TOT_LOG_L,114,2019-06,2023-06,0.03833784182085568
48,ALL,2023-08,TOT_LOG_L,115,2019-07,2023-07,0.03816329664549569
48,ALL,2023-09,TOT_LOG_L,116,2019-08,2023-08,0.03801751638348511
48,ALL,2023-10,TOT_LOG_L,117,2019-09,2023-09,0.037917356618093125
48,ALL,2023-11,TOT_LOG_L,118,2019-10,2023-10,0.037863390830359604
48,ALL,2023-12,TOT_LOG_L,119,2019-11,2023-11,0.03772933035571884
48,ALL,2024-01,TOT_LOG_L,120,2019-12,2023-12,0.03758238086197555
48,ALL,2024-02,TOT_LOG_L,121,2020-01,2024-01,0.037448551713023304
48,ALL,2024-03,TOT_LOG_L,122,2020-02,2024-02,0.03729731201482133
48,ALL,2024-04,TOT_LOG_L,123,2020-03,2024-03,0.037109529004415207
48,ALL,2024-05,TOT_LOG_L,124,2020-04,2024-04,0.03694501413765591
48,ALL,2024-06,TOT_LOG_L,125,2020-05,2024-05,0.036787800383614705
48,ALL,2024-07,TOT_LOG_L,126,2020-06,2024-06,0.03669300285424832
48,ALL,2024-08,TOT_LOG_L,127,2020-07,2024-07,0.03665754599964655
48,ALL,2024-09,TOT_LOG_L,128,2020-08,2024-08,0.03658381383303431
48,ALL,2024-10,TOT_LOG_L,129,2020-09,2024-09,0.03644633614372612
48,ALL,2024-11,TOT_LOG_L,130,2020-10,2024-10,0.036410732964290135
48,ALL,2024-12,TOT_LOG_L,131,2020-11,2024-11,0.03652711611782265
48,ALL,2025-01,TOT_LOG_L,132,2020-12,2024-12,0.036699727110304364
48,ALL,2025-02,TOT_LOG_L,133,2021-01,2025-01,0.03680030913351691
48,ALL,2025-03,TOT_LOG_L,134,2021-02,2025-02,0.03688201002034027
48,ALL,2025-04,TOT_LOG_L,135,2021-03,2025-03,0.03690182701217249
48,ALL,2025-05,TOT_LOG_L,136,2021-04,2025-04,0.036866790510693796
48,ALL,2025-06,TOT_LOG_L,137,2021-05,2025-05,0.03685835654752682
48,ALL,2025-07,TOT_LOG_L,138,2021-06,2025-06,0.0368094934894475
48,ALL,2025-08,TOT_LOG_L,139,2021-07,2025-07,0.03678725748114878
48,ALL,2025-09,TOT_LOG_L,140,2021-08,2025-08,0.03672069027635605
48,ALL,2025-10,TOT_LOG_L,141,2021-09,2025-09,0.036618899888525
48,ALL,2025-11,TOT_LOG_L,142,2021-10,2025-10,0.036528220231577535
48,ALL,2025-12,TOT_LOG_L,143,2021-11,2025-11,0.03641805409762324
48,ALL,2026-01,TOT_LOG_L,144,2021-12,2025-12,0.03631919405418266
48,ALL,2026-02,TOT_LOG_L,145,2022-01,2026-01,0.03618582563496394
48,ALL,2026-03,TOT_LOG_L,146,2022-02,2026-02,0.03605859984918679
48,ALL,2026-04,TOT_LOG_L,147,2022-03,2026-03,0.03598123267390137
48,ALL,2026-05,TOT_LOG_L,148,2022-04,2026-04,0.03584014241388713
48,ALL,2026-06,TOT_LOG_L,149,2022-05,2026-05,0.03572008139221849
48,ALL,2026-07,TOT_LOG_L,150,2022-06,2026-06,0.03562128149544201
48,ALL,2026-08,TOT_LOG_L,151,2022-07,2026-07,0.03549886818951025
60,TOT,2017-01,EJR,24,2011-12,2016-12,0.012203385578679747
60,TOT,2017-02,EJR,25,2012-01,2017-01,0.012092957064541197
60,TOT,2017-03,EJR,26,2012-02,2017-02,0.012017208596701906
60,TOT,2017-04,EJR,27,2012-03,2017-03,0.012088120728008345
60,TOT,2017-05,EJR,28,2012-04,2017-04,0.012196365549090189
60,TOT,2017-06,EJR,29,2012-05,2017-05,0.012366388913831189
60,TOT,2017-07,EJR,30,2012-06,2017-06,0.01247593946611858
60,TOT,2017-08,EJR,31,2012-07,2017-07,0.012321233486861042
60,TOT,2017-09,EJR,32,2012-08,2017-08,0.012220066086976901
60,TOT,2017-10,EJR,33,2012-09,2017-09,0.012126682264912135
60,TOT,2017-11,EJR,34,2012-10,2017-10,0.012208132102123048
60,TOT,2017-12,EJR,35,2012-11,2017-11,0.012282565889204905
60,TOT,2018-01,EJR,36,2012-12,2017-12,0.012352612973465913
60,TOT,2018-02,EJR,37,2013-01,2018-01,0.012233573070486453
60,TOT,2018-03,EJR,38,2013-02,2018-02,0.012220516885335186
60,TOT,2018-04,EJR,39,2013-03,2018-03,0.012299319301251136
60,TOT,2018-05,EJR,40,2013-04,2018-04,0.012550052954633387
60,TOT,2018-06,EJR,41,2013-05,2018-05,0.013125575528824778
60,TOT,2018-07,EJR,42,2013-06,2018-06,0.013870846029439145
60,TOT,2018-08,EJR,43,2013-07,2018-07,0.014391950509280483
60,TOT,2018-09,EJR,44,2013-08,2018-08,0.015510870439273138
60,TOT,2018-10,EJR,45,2013-09,2018-09,0.01638785817594327
60,TOT,2018-11,EJR,46,2013-10,2018-10,0.01687166860913568
60,TOT,2018-12,EJR,47,2013-11,2018-11,0.01752439358683289
60,TOT,2019-01,EJR,48,2013-12,2018-12,0.018180873852304484
60,TOT,2019-02,EJR,49,2014-01,2019-01,0.01845527710232272
60,TOT,2019-03,EJR,50,2014-02,2019-02,0.018788561538273508
60,TOT,2019-04,EJR,51,2014-03,2019-03,0.01934861419296408
60,TOT,2019-05,TOT_LOG_L,52,2014-04,2019-04,0.019315085404507472
60,TOT,2019-06,TOT_LOG_L,53,2014-05,2019-05,0.019290905842645166
60,TOT,2019-07,TOT_LOG_L,54,2014-06,2019-06,0.019164476483033644
60,TOT,2019-08,TOT_LOG_L,55,2014-07,2019-07,0.019064087919237964
60,TOT,2019-09,TOT_LOG_L,56,2014-08,2019-08,0.019170175352599895
60,TOT,2019-10,TOT_LOG_L,57,2014-09,2019-09,0.01924360036679598
60,TOT,2019-11,TOT_LOG_L,58,2014-10,2019-10,0.019182094368970802
60,TOT,2019-12,TOT_LOG_L,59,2014-11,2019-11,0.01924604451920748
60,TOT,2020-01,TOT_LOG_L,60,2014-12,2019-12,0.01913395350251552
60,TOT,2020-02,TOT_LOG_L,61,2015-01,2020-01,0.019166559563015096
60,TOT,2020-03,TOT_LOG_L,62,2015-02,2020-02,0.019259325702712132
60,TOT,2020-04,TOT_LOG_L,63,2015-03,2020-03,0.019729604124458035
60,TOT,2020-05,TOT_LOG_L,64,2015-04,2020-04,0.020409169322388714
60,TOT,2020-06,TOT_LOG_L,65,2015-05,2020-05,0.02093639393935616
60,TOT,2020-07,TOT_LOG_L,66,2015-06,2020-06,0.02153161199532923
60,TOT,2020-08,TOT_LOG_L,67,2015-07,2020-07,0.021794046567561495
60,TOT,2020-09,TOT_LOG_L,68,2015-08,2020-08,0.02216533509831371
60,TOT,2020-10,TOT_LOG_L,69,2015-09,2020-09,0.022626689538769694
60,TOT,2020-11,TOT_LOG_L,70,2015-10,2020-10,0.023186926602397857
60,TOT,2020-12,TOT_LOG_L,71,2015-11,2020-11,0.02341175532086502
60,TOT,2021-01,TOT_LOG_L,72,2015-12,2020-12,0.023548881690289184
60,TOT,2021-02,TOT_LOG_LD,73,2016-01,2021-01,0.023870233890834272
60,TOT,2021-03,TOT_LOG_LD,74,2016-02,2021-02,0.023957296026090796
60,TOT,2021-04,TOT_LOG_LD,75,2016-03,2021-03,0.024181074685075944
60,TOT,2021-05,TOT_LOG_LD,76,2016-04,2021-04,0.02420226047444718
60,TOT,2021-06,TOT_LOG_LD,77,2016-05,2021-05,0.024195855109847692
60,TOT,2021-07,TOT_LOG_LD,78,2016-06,2021-06,0.02408997409869196
60,TOT,2021-08,TOT_LOG_LD,79,2016-07,2021-07,0.024028755184244896
60,TOT,2021-09,TOT_LOG_LD,80,2016-08,2021-08,0.024001137425955516
60,TOT,2021-10,TOT_LOG_LD,81,2016-09,2021-09,0.024070861491021216
60,TOT,2021-11,TOT_LOG_LD,82,2016-10,2021-10,0.024245284032389357
60,TOT,2021-12,TOT_LOG_LD,83,2016-11,2021-11,0.024435130130783942
60,TOT,2022-01,TOT_LOG_LD,84,2016-12,2021-12,0.024605640369311874
60,TOT,2022-02,TOT_LOG_LD,85,2017-01,2022-01,0.02471526303856809
60,TOT,2022-03,TOT_LOG_LD,86,2017-02,2022-02,0.024733197749538124
60,TOT,2022-04,TOT_LOG_LD,87,2017-03,2022-03,0.02468027565925568
60,TOT,2022-05,TOT_LOG_LD,88,2017-04,2022-04,0.024724325234084025
60,TOT,2022-06,TOT_LOG_LD,89,2017-05,2022-05,0.024695628094390208
60,TOT,2022-07,TOT_LOG_LD,90,2017-06,2022-06,0.024864747994309117
60,TOT,2022-08,TOT_LOG_LD,91,2017-07,2022-07,0.025039692918860438
60,TOT,2022-09,TOT_LOG_LD,92,2017-08,2022-08,0.025244409749195795
60,TOT,2022-10,TOT_LOG_LD,93,2017-09,2022-09,0.02560509988042289
60,TOT,2022-11,TOT_LOG_LD,94,2017-10,2022-10,0.02591171666725387
60,TOT,2022-12,TOT_LOG_LD,95,2017-11,2022-11,0.026153433622716684
60,TOT,2023-01,TOT_LOG_LD,96,2017-12,2022-12,0.026344249060927055
60,TOT,2023-02,TOT_LOG_LD,97,2018-01,2023-01,0.026704688168385855
60,TOT,2023-03,TOT_LOG_LD,98,2018-02,2023-02,0.027125209292924075
60,TOT,2023-04,TOT_LOG_LD,99,2018-03,2023-03,0.027467482906654676
60,TOT,2023-05,TOT_LOG_LD,100,2018-04,2023-04,0.02777225477203185
60,TOT,2023-06,TOT_LOG_LD,101,2018-05,2023-05,0.028142264406425484
60,TOT,2023-07,TOT_LOG_LD,102,2018-06,2023-06,0.028364571882730366
60,TOT,2023-08,TOT_LOG_LD,103,2018-07,2023-07,0.028499734988133515
60,TOT,2023-09,TOT_LOG_LD,104,2018-08,2023-08,0.028718233412724104
60,TOT,2023-10,TOT_LOG_LD,105,2018-09,2023-09,0.02898763072354955
60,TOT,2023-11,TOT_LOG_LD,106,2018-10,2023-10,0.029292836870901954
60,TOT,2023-12,TOT_LOG_LD,107,2018-11,2023-11,0.029492527559921558
60,TOT,2024-01,TOT_LOG_LD,108,2018-12,2023-12,0.029615823340759323
60,TOT,2024-02,TOT_LOG_LD,109,2019-01,2024-01,0.02979502177006377
60,TOT,2024-03,TOT_LOG_LD,110,2019-02,2024-02,0.029983562104617712
60,TOT,2024-04,TOT_LOG_LD,111,2019-03,2024-03,0.030180032409235516
60,TOT,2024-05,TOT_LOG_LD,112,2019-04,2024-04,0.03043990742955835
60,TOT,2024-06,TOT_LOG_LD,113,2019-05,2024-05,0.030709431591055148
60,TOT,2024-07,TOT_LOG_LD,114,2019-06,2024-06,0.031118438175028205
60,TOT,2024-08,TOT_LOG_LD,115,2019-07,2024-07,0.031577436034500604
60,TOT,2024-09,TOT_LOG_LD,116,2019-08,2024-08,0.03199961308707336
60,TOT,2024-10,TOT_LOG_LD,117,2019-09,2024-09,0.03231874813139875
60,TOT,2024-11,TOT_LOG_LD,118,2019-10,2024-10,0.03282556014490968
60,TOT,2024-12,TOT_LOG_LD,119,2019-11,2024-11,0.033532423885767014
60,TOT,2025-01,TOT_LOG_LD,120,2019-12,2024-12,0.03430778382995198
60,TOT,2025-02,TOT_LOG_LD,121,2020-01,2025-01,0.03471422079013664
60,TOT,2025-03,TOT_LOG_LD,122,2020-02,2025-02,0.03507452172914937
60,TOT,2025-04,TOT_LOG_LD,123,2020-03,2025-03,0.035403431265330354
60,TOT,2025-05,TOT_LOG_LD,124,2020-04,2025-04,0.03559581114953518
60,TOT,2025-06,TOT_LOG_LD,125,2020-05,2025-05,0.0357939916667062
60,TOT,2025-07,TOT_LOG_LD,126,2020-06,2025-06,0.03588929650181122
60,TOT,2025-08,TOT_LOG_LD,127,2020-07,2025-07,0.03602110437688497
60,TOT,2025-09,TOT_LOG_LD,128,2020-08,2025-08,0.03609008940901947
60,TOT,2025-10,TOT_LOG_LD,129,2020-09,2025-09,0.03613020844909074
60,TOT,2025-11,TOT_LOG_LD,130,2020-10,2025-10,0.03619464003481938
60,TOT,2025-12,TOT_LOG_LD,131,2020-11,2025-11,0.03622447313863234
60,TOT,2026-01,TOT_LOG_LD,132,2020-12,2025-12,0.036256752595636134
60,TOT,2026-02,TOT_LOG_LD,133,2021-01,2026-01,0.036175665859977196
60,TOT,2026-03,TOT_LOG_LD,134,2021-02,2026-02,0.03606709173190736
60,TOT,2026-04,TOT_LOG_LD,135,2021-03,2026-03,0.03599176875131299
60,TOT,2026-05,TOT_LOG_LD,136,2021-04,2026-04,0.035845870550291786
60,TOT,2026-06,TOT_LOG_LD,137,2021-05,2026-05,0.03571664432551587
60,TOT,2026-07,TOT_LOG_LD,138,2021-06,2026-06,0.035647570509189
60,TOT,2026-08,TOT_LOG_LD,139,2021-07,2026-07,0.03554650660865619
60,COM,2017-01,COM_DEV_L,24,2011-12,2016-12,0.010851041331248854
60,COM,2017-02,COM_DEV_L,25,2012-01,2017-01,0.010770713809451563
60,COM,2017-03,COM_DEV_L,26,2012-02,2017-02,0.01073100758726466
60,COM,2017-04,COM_DEV_L,27,2012-03,2017-03,0.01081445146728446
60,COM,2017-05,COM_DEV_L,28,2012-04,2017-04,0.01092627531304012
60,COM,2017-06,COM_DEV_L,29,2012-05,2017-05,0.01108801553367239
60,COM,2017-07,COM_DEV_L,30,2012-06,2017-06,0.011195909686941589
60,COM,2017-08,COM_DEV_LD,31,2012-07,2017-07,0.011057224696303923
60,COM,2017-09,COM_DEV_LD,32,2012-08,2017-08,0.010930047143643998
60,COM,2017-10,COM_DEV_LD,33,2012-09,2017-09,0.010853989138314637
60,COM,2017-11,COM_DEV_LD,34,2012-10,2017-10,0.01081947087279939
60,COM,2017-12,COM_DEV_LD,35,2012-11,2017-11,0.010793571352367295
60,COM,2018-01,COM_DEV_LD,36,2012-12,2017-12,0.010821755377396587
60,COM,2018-02,COM_DEV_LD,37,2013-01,2018-01,0.010690526055065992
60,COM,2018-03,COM_DEV_LD,38,2013-02,2018-02,0.010664779062993412
60,COM,2018-04,COM_DEV_LD,39,2013-03,2018-03,0.010651626316457595
60,COM,2018-05,COM_DEV_LD,40,2013-04,2018-04,0.010761240940172834
60,COM,2018-06,COM_DEV_LD,41,2013-05,2018-05,0.011073364210598773
60,COM,2018-07,COM_DEV_LD,42,2013-06,2018-06,0.011455822443088253
60,COM,2018-08,COM_DEV_LD,43,2013-07,2018-07,0.011736491804581356
60,COM,2018-09,COM_DEV_LD,44,2013-08,2018-08,0.012511264483270279
60,COM,2018-10,COM_DEV_LD,45,2013-09,2018-09,0.012967819681567972
60,COM,2018-11,COM_DEV_LD,46,2013-10,2018-10,0.013186097502905326
60,COM,2018-12,COM_DEV_LD,47,2013-11,2018-11,0.013503646084346642
60,COM,2019-01,COM_DEV_LD,48,2013-12,2018-12,0.013873449601251784
60,COM,2019-02,COM_DEV_LD,49,2014-01,2019-01,0.013984321688497298
60,COM,2019-03,COM_DEV_LD,50,2014-02,2019-02,0.01410618992881514
60,COM,2019-04,COM_DEV_LD,51,2014-03,2019-03,0.014407094397470316
60,COM,2019-05,COM_DEV_LD,52,2014-04,2019-04,0.014688686881388508
60,COM,2019-06,COM_DEV_LD,53,2014-05,2019-05,0.015161613235367721
60,COM,2019-07,COM_DEV_LD,54,2014-06,2019-06,0.015464301724067658
60,COM,2019-08,COM_DEV_LD,55,2014-07,2019-07,0.01577203954311248
60,COM,2019-09,COM_DEV_LD,56,2014-08,2019-08,0.016417128246830802
60,COM,2019-10,COM_DEV_LD,57,2014-09,2019-09,0.017080182540261876
60,COM,2019-11,COM_DEV_LD,58,2014-10,2019-10,0.017499278793830838
60,COM,2019-12,COM_DEV_LD,59,2014-11,2019-11,0.018122869054455114
60,COM,2020-01,COM_DEV_LD,60,2014-12,2019-12,0.01845417426535783
60,COM,2020-02,COM_DEV_LD,61,2015-01,2020-01,0.019017639282527515
60,COM,2020-03,COM_DEV_LD,62,2015-02,2020-02,0.01984002457303341
60,COM,2020-04,COM_DEV_LD,63,2015-03,2020-03,0.02147719878208584
60,COM,2020-05,COM_DEV_LD,64,2015-04,2020-04,0.023254055826679304
60,COM,2020-06,COM_DEV_LD,65,2015-05,2020-05,0.024712494648489628
60,COM,2020-07,COM_DEV_LD,66,2015-06,2020-06,0.02615542709598631
60,COM,2020-08,COM_DEV_LD,67,2015-07,2020-07,0.027121944950445155
60,COM,2020-09,COM_DEV_LD,68,2015-08,2020-08,0.028308432572529484
60,COM,2020-10,COM_DEV_LD,69,2015-09,2020-09,0.02973680634884992
60,COM,2020-11,COM_DEV_LD,70,2015-10,2020-10,0.031213942371113787
60,COM,2020-12,COM_DEV_LD,71,2015-11,2020-11,0.03216002917745387
60,COM,2021-01,COM_DEV_LD,72,2015-12,2020-12,0.032933237863541055
60,COM,2021-02,COM_DEV_LD,73,2016-01,2021-01,0.03387110629463158
60,COM,2021-03,COM_DEV_LD,74,2016-02,2021-02,0.03468413395440846
60,COM,2021-04,COM_DEV_LD,75,2016-03,2021-03,0.03560244289696839
60,COM,2021-05,COM_DEV_LD,76,2016-04,2021-04,0.036133086149534734
60,COM,2021-06,COM_DEV_LD,77,2016-05,2021-05,0.03657203357058137
60,COM,2021-07,COM_DEV_LD,78,2016-06,2021-06,0.03679360958490553
60,COM,2021-08,COM_DEV_LD,79,2016-07,2021-07,0.03710125209370816
60,COM,2021-09,COM_DEV_LD,80,2016-08,2021-08,0.03745064985737234
60,COM,2021-10,COM_DEV_LD,81,2016-09,2021-09,0.03793195932599719
60,COM,2021-11,COM_DEV_LD,82,2016-10,2021-10,0.03853153503819213
60,COM,2021-12,COM_DEV_LD,83,2016-11,2021-11,0.039167701048597535
60,COM,2022-01,COM_DEV_LD,84,2016-12,2021-12,0.03972128592751187
60,COM,2022-02,COM_DEV_LD,85,2017-01,2022-01,0.04012691758263905
60,COM,2022-03,COM_DEV_LD,86,2017-02,2022-02,0.04034249612178151
60,COM,2022-04,COM_DEV_LD,87,2017-03,2022-03,0.04036123136242101
60,COM,2022-05,COM_DEV_LD,88,2017-04,2022-04,0.040511796008624305
60,COM,2022-06,COM_DEV_LD,89,2017-05,2022-05,0.0405430204120826
60,COM,2022-07,COM_DEV_LD,90,2017-06,2022-06,0.040875454629079745
60,COM,2022-08,COM_DEV_LD,91,2017-07,2022-07,0.041176723276651526
60,COM,2022-09,COM_DEV_LD,92,2017-08,2022-08,0.041536592349356714
60,COM,2022-10,COM_DEV_LD,93,2017-09,2022-09,0.0421320710285803
60,COM,2022-11,COM_DEV_LD,94,2017-10,2022-10,0.04266474632432433
60,COM,2022-12,COM_DEV_LD,95,2017-11,2022-11,0.04312762301361769
60,COM,2023-01,COM_DEV_LD,96,2017-12,2022-12,0.04352078004135451
60,COM,2023-02,COM_DEV_LD,97,2018-01,2023-01,0.04372477990198829
60,COM,2023-03,COM_DEV_LD,98,2018-02,2023-02,0.04403442744433235
60,COM,2023-04,COM_DEV_LD,99,2018-03,2023-03,0.044254702500049516
60,COM,2023-05,COM_DEV_LD,100,2018-04,2023-04,0.04443935597494766
60,COM,2023-06,COM_DEV_LD,101,2018-05,2023-05,0.0447142774992599
60,COM,2023-07,COM_DEV_LD,102,2018-06,2023-06,0.04485388217955045
60,COM,2023-08,COM_DEV_LD,103,2018-07,2023-07,0.04489331903226733
60,COM,2023-09,COM_DEV_LD,104,2018-08,2023-08,0.04504103996622746
60,COM,2023-10,COM_DEV_LD,105,2018-09,2023-09,0.0452219579643586
60,COM,2023-11,COM_DEV_LD,106,2018-10,2023-10,0.04544668389953749
60,COM,2023-12,COM_DEV_LD,107,2018-11,2023-11,0.045569923337127026
60,COM,2024-01,COM_DEV_LD,108,2018-12,2023-12,0.045617900023394935
60,COM,2024-02,COM_DEV_LD,109,2019-01,2024-01,0.045722892707310045
60,COM,2024-03,COM_DEV_LD,110,2019-02,2024-02,0.04583495514200875
60,COM,2024-04,COM_DEV_LD,111,2019-03,2024-03,0.045994803455784626
60,COM,2024-05,COM_DEV_LD,112,2019-04,2024-04,0.046181205218806885
60,COM,2024-06,COM_DEV_LD,113,2019-05,2024-05,0.046372412516925275
60,COM,2024-07,COM_DEV_LD,114,2019-06,2024-06,0.046686774038570765
60,COM,2024-08,COM_DEV_LD,115,2019-07,2024-07,0.04705580322119769
60,COM,2024-09,COM_DEV_LD,116,2019-08,2024-08,0.0474447627906285
60,COM,2024-10,COM_DEV_LD,117,2019-09,2024-09,0.0477459277431757
60,COM,2024-11,COM_DEV_LD,118,2019-10,2024-10,0.04821907104124169
60,COM,2024-12,COM_DEV_LD,119,2019-11,2024-11,0.048971541363174095
60,COM,2025-01,COM_DEV_LD,120,2019-12,2024-12,0.049798182007508206
60,COM,2025-02,COM_DEV_LD,121,2020-01,2025-01,0.05045568063382831
60,COM,2025-03,COM_DEV_LD,122,2020-02,2025-02,0.05104195434969936
60,COM,2025-04,COM_DEV_LD,123,2020-03,2025-03,0.05161886811491889
60,COM,2025-05,COM_DEV_LD,124,2020-04,2025-04,0.0519930161123498
60,COM,2025-06,COM_DEV_LD,125,2020-05,2025-05,0.05241311869231632
60,COM,2025-07,COM_DEV_LD,126,2020-06,2025-06,0.05271067075997214
60,COM,2025-08,COM_DEV_LD,127,2020-07,2025-07,0.05302857823058208
60,COM,2025-09,COM_DEV_LD,128,2020-08,2025-08,0.05321385943699697
60,COM,2025-10,COM_DEV_LD,129,2020-09,2025-09,0.053384533541553245
60,COM,2025-11,COM_DEV_LD,130,2020-10,2025-10,0.05361904967180402
60,COM,2025-12,COM_DEV_LD,131,2020-11,2025-11,0.05381144038613043
60,COM,2026-01,COM_DEV_LD,132,2020-12,2025-12,0.05396693179763276
60,COM,2026-02,COM_DEV_LD,133,2021-01,2026-01,0.05401077044858765
60,COM,2026-03,COM_DEV_LD,134,2021-02,2026-02,0.05398930533651219
60,COM,2026-04,COM_DEV_LD,135,2021-03,2026-03,0.054004480508405076
60,COM,2026-05,COM_DEV_LD,136,2021-04,2026-04,0.053895214121675125
60,COM,2026-06,COM_DEV_LD,137,2021-05,2026-05,0.05379696775066108
60,COM,2026-07,COM_DEV_LD,138,2021-06,2026-06,0.053778285618996405
60,COM,2026-08,COM_DEV_LD,139,2021-07,2026-07,0.05374004814601406
60,JOINT,2017-01,EJR,24,2011-12,2016-12,0.012203385578679747
60,JOINT,2017-02,EJR,25,2012-01,2017-01,0.012092957064541197
60,JOINT,2017-03,EJR,26,2012-02,2017-02,0.012017208596701906
60,JOINT,2017-04,EJR,27,2012-03,2017-03,0.012088120728008345
60,JOINT,2017-05,EJR,28,2012-04,2017-04,0.012196365549090189
60,JOINT,2017-06,EJR,29,2012-05,2017-05,0.012366388913831189
60,JOINT,2017-07,EJR,30,2012-06,2017-06,0.01247593946611858
60,JOINT,2017-08,EJR,31,2012-07,2017-07,0.012321233486861042
60,JOINT,2017-09,EJR,32,2012-08,2017-08,0.012220066086976901
60,JOINT,2017-10,EJR,33,2012-09,2017-09,0.012126682264912135
60,JOINT,2017-11,EJR,34,2012-10,2017-10,0.012208132102123048
60,JOINT,2017-12,EJR,35,2012-11,2017-11,0.012282565889204905
60,JOINT,2018-01,EJR,36,2012-12,2017-12,0.012352612973465913
60,JOINT,2018-02,EJR,37,2013-01,2018-01,0.012233573070486453
60,JOINT,2018-03,EJR,38,2013-02,2018-02,0.012220516885335186
60,JOINT,2018-04,EJR,39,2013-03,2018-03,0.012299319301251136
60,JOINT,2018-05,EJR,40,2013-04,2018-04,0.012550052954633387
60,JOINT,2018-06,EJR,41,2013-05,2018-05,0.013125575528824778
60,JOINT,2018-07,EJR,42,2013-06,2018-06,0.013870846029439145
60,JOINT,2018-08,EJR,43,2013-07,2018-07,0.014391950509280483
60,JOINT,2018-09,EJR,44,2013-08,2018-08,0.015510870439273138
60,JOINT,2018-10,EJR,45,2013-09,2018-09,0.01638785817594327
60,JOINT,2018-11,EJR,46,2013-10,2018-10,0.01687166860913568
60,JOINT,2018-12,EJR,47,2013-11,2018-11,0.01752439358683289
60,JOINT,2019-01,EJR,48,2013-12,2018-12,0.018180873852304484
60,JOINT,2019-02,EJR,49,2014-01,2019-01,0.01845527710232272
60,JOINT,2019-03,EJR,50,2014-02,2019-02,0.018788561538273508
60,JOINT,2019-04,EJR,51,2014-03,2019-03,0.01934861419296408
60,JOINT,2019-05,EJR,52,2014-04,2019-04,0.019915592750618574
60,JOINT,2019-06,EJR,53,2014-05,2019-05,0.020549826336717883
60,JOINT,2019-07,EJR,54,2014-06,2019-06,0.02090702588094371
60,JOINT,2019-08,EJR,55,2014-07,2019-07,0.02124646339632653
60,JOINT,2019-09,EJR,56,2014-08,2019-08,0.021997821836858663
60,JOINT,2019-10,JOINT_LOG_SLOG,57,2014-09,2019-09,0.021983859744196105
60,JOINT,2019-11,JOINT_LOG_SLOG,58,2014-10,2019-10,0.021898944091368385
60,JOINT,2019-12,JOINT_LOG_SLOG,59,2014-11,2019-11,0.021792614240634903
60,JOINT,2020-01,JOINT_LOG_SLOG,60,2014-12,2019-12,0.021727962942177624
60,JOINT,2020-02,JOINT_LOG_SLOG,61,2015-01,2020-01,0.02156197192547424
60,JOINT,2020-03,JOINT_LOG_SLOG,62,2015-02,2020-02,0.021426952400901454
60,JOINT,2020-04,JOINT_LOG_SLOG,63,2015-03,2020-03,0.02150956158193693
60,JOINT,2020-05,JOINT_LOG_SLOG,64,2015-04,2020-04,0.02166266510266406
60,JOINT,2020-06,JOINT_LOG_SLOG,65,2015-05,2020-05,0.021778361283981328
60,JOINT,2020-07,JOINT_LOG_SLOG,66,2015-06,2020-06,0.021929641385240933
60,JOINT,2020-08,JOINT_LOG_SLOG,67,2015-07,2020-07,0.021857184472775033
60,JOINT,2020-09,JOINT_LOG_SLOG,68,2015-08,2020-08,0.021887269470101046
60,JOINT,2020-10,JOINT_LOG_SLOG,69,2015-09,2020-09,0.022035163511802607
60,JOINT,2020-11,JOINT_LOG_SLOG,70,2015-10,2020-10,0.022262969272560672
60,JOINT,2020-12,JOINT_LOG_SLOG,71,2015-11,2020-11,0.022279481903482095
60,JOINT,2021-01,JOINT_LOG_SLOG,72,2015-12,2020-12,0.022270682284962696
60,JOINT,2021-02,JOINT_LOG_SLOG,73,2016-01,2021-01,0.02246337393641306
60,JOINT,2021-03,JOINT_LOG_SLOG,74,2016-02,2021-02,0.02270325580010306
60,JOINT,2021-04,JOINT_LOG_SLOG,75,2016-03,2021-03,0.02311943776054837
60,JOINT,2021-05,JOINT_LOG_SLOG,76,2016-04,2021-04,0.023320323592944385
60,JOINT,2021-06,JOINT_LOG_SLOG,77,2016-05,2021-05,0.023485505845543746
60,JOINT,2021-07,JOINT_LOG_SLOG,78,2016-06,2021-06,0.02350440061371595
60,JOINT,2021-08,JOINT_LOG_SLOG,79,2016-07,2021-07,0.023524728666649383
60,JOINT,2021-09,JOINT_LOG_SLOG,80,2016-08,2021-08,0.02354204689996636
60,JOINT,2021-10,JOINT_LOG_SLOG,81,2016-09,2021-09,0.02363701778903475
60,JOINT,2021-11,JOINT_LOG_SLOG,82,2016-10,2021-10,0.02383326841002258
60,JOINT,2021-12,JOINT_LOG_SLOG,83,2016-11,2021-11,0.024022810640957553
60,JOINT,2022-01,JOINT_LOG_SLOG,84,2016-12,2021-12,0.024201596420217707
60,JOINT,2022-02,JOINT_LOG_SLOG,85,2017-01,2022-01,0.024417505373180482
60,JOINT,2022-03,JOINT_LOG_SLOG,86,2017-02,2022-02,0.024503189765967184
60,JOINT,2022-04,JOINT_LOG_SLOG,87,2017-03,2022-03,0.024535178972155184
60,JOINT,2022-05,JOINT_LOG_SLOG,88,2017-04,2022-04,0.024676802281927406
60,JOINT,2022-06,JOINT_LOG_SLOG,89,2017-05,2022-05,0.024728245878832714
60,JOINT,2022-07,JOINT_LOG_SLOG,90,2017-06,2022-06,0.024959086033429587
60,JOINT,2022-08,JOINT_LOG_SLOG,91,2017-07,2022-07,0.025188310420837984
60,JOINT,2022-09,JOINT_LOG_SLOG,92,2017-08,2022-08,0.025438296231539474
60,JOINT,2022-10,JOINT_LOG_SLOG,93,2017-09,2022-09,0.025837474501730393
60,JOINT,2022-11,JOINT_LOG_SLOG,94,2017-10,2022-10,0.026168345551956396
60,JOINT,2022-12,JOINT_LOG_SLOG,95,2017-11,2022-11,0.026418950462919134
60,JOINT,2023-01,JOINT_LOG_SLOG,96,2017-12,2022-12,0.02661169165405128
60,JOINT,2023-02,JOINT_LOG_SLOG,97,2018-01,2023-01,0.02696082965587633
60,JOINT,2023-03,JOINT_LOG_SLOG,98,2018-02,2023-02,0.027355589950146295
60,JOINT,2023-04,JOINT_LOG_SLOG,99,2018-03,2023-03,0.027672714895769373
60,JOINT,2023-05,JOINT_LOG_SLOG,100,2018-04,2023-04,0.02798585031056231
60,JOINT,2023-06,JOINT_LOG_SLOG,101,2018-05,2023-05,0.028365643113506013
60,JOINT,2023-07,JOINT_LOG_SLOG,102,2018-06,2023-06,0.028594459771032654
60,JOINT,2023-08,JOINT_LOG_SLOG,103,2018-07,2023-07,0.028733972530835254
60,JOINT,2023-09,JOINT_LOG_SLOG,104,2018-08,2023-08,0.028955294330621262
60,JOINT,2023-10,JOINT_LOG_SLOG,105,2018-09,2023-09,0.0292291796541116
60,JOINT,2023-11,JOINT_LOG_SLOG,106,2018-10,2023-10,0.029530707689806684
60,JOINT,2023-12,JOINT_LOG_SLOG,107,2018-11,2023-11,0.029712637708015577
60,JOINT,2024-01,JOINT_LOG_SLOG,108,2018-12,2023-12,0.029816991329734758
60,JOINT,2024-02,JOINT_LOG_SLOG,109,2019-01,2024-01,0.029932296896666395
60,JOINT,2024-03,JOINT_LOG_SLOG,110,2019-02,2024-02,0.030071558031042625
60,JOINT,2024-04,JOINT_LOG_SLOG,111,2019-03,2024-03,0.030224999186847325
60,JOINT,2024-05,JOINT_LOG_SLOG,112,2019-04,2024-04,0.030468639841697395
60,JOINT,2024-06,JOINT_LOG_SLOG,113,2019-05,2024-05,0.030711750451398307
60,JOINT,2024-07,JOINT_LOG_SLOG,114,2019-06,2024-06,0.031089230042862202
60,JOINT,2024-08,JOINT_LOG_SLOG,115,2019-07,2024-07,0.03151085978053984
60,JOINT,2024-09,JOINT_LOG_SLOG,116,2019-08,2024-08,0.031920441710324036
60,JOINT,2024-10,JOINT_LOG_SLOG,117,2019-09,2024-09,0.032219893943399816
60,JOINT,2024-11,JOINT_LOG_SLOG,118,2019-10,2024-10,0.03269131985054454
60,JOINT,2024-12,JOINT_LOG_SLOG,119,2019-11,2024-11,0.03333990258647999
60,JOINT,2025-01,JOINT_LOG_SLOG,120,2019-12,2024-12,0.03406809484343511
60,JOINT,2025-02,JOINT_LOG_SLOG,121,2020-01,2025-01,0.03443405795081239
60,JOINT,2025-03,JOINT_LOG_SLOG,122,2020-02,2025-02,0.03478047823698353
60,JOINT,2025-04,JOINT_LOG_SLOG,123,2020-03,2025-03,0.03512452976011524
60,JOINT,2025-05,JOINT_LOG_SLOG,124,2020-04,2025-04,0.035339505561336214
60,JOINT,2025-06,JOINT_LOG_SLOG,125,2020-05,2025-05,0.03556713151261388
60,JOINT,2025-07,JOINT_LOG_SLOG,126,2020-06,2025-06,0.03569497837831075
60,JOINT,2025-08,JOINT_LOG_SLOG,127,2020-07,2025-07,0.03583969109008337
60,JOINT,2025-09,JOINT_LOG_SLOG,128,2020-08,2025-08,0.03594025957500003
60,JOINT,2025-10,JOINT_LOG_SLOG,129,2020-09,2025-09,0.03601074004130927
60,JOINT,2025-11,JOINT_LOG_SLOG,130,2020-10,2025-10,0.03608752025641726
60,JOINT,2025-12,JOINT_LOG_SLOG,131,2020-11,2025-11,0.036138710489243865
60,JOINT,2026-01,JOINT_LOG_SLOG,132,2020-12,2025-12,0.03621738781014067
60,JOINT,2026-02,JOINT_LOG_SLOG,133,2021-01,2026-01,0.03619016316890923
60,JOINT,2026-03,JOINT_LOG_SLOG,134,2021-02,2026-02,0.03613695281552131
60,JOINT,2026-04,JOINT_LOG_SLOG,135,2021-03,2026-03,0.0361376298453482
60,JOINT,2026-05,JOINT_LOG_SLOG,136,2021-04,2026-04,0.03603206350901358
60,JOINT,2026-06,JOINT_LOG_SLOG,137,2021-05,2026-05,0.03597367729590313
60,JOINT,2026-07,JOINT_LOG_SLOG,138,2021-06,2026-06,0.03599569006225755
60,JOINT,2026-08,JOINT_LOG_SLOG,139,2021-07,2026-07,0.03596138265911517
60,ALL,2017-01,COM_DEV_L,24,2011-12,2016-12,0.010851041331248854
60,ALL,2017-02,COM_DEV_L,25,2012-01,2017-01,0.010770713809451563
60,ALL,2017-03,COM_DEV_L,26,2012-02,2017-02,0.01073100758726466
60,ALL,2017-04,COM_DEV_L,27,2012-03,2017-03,0.01081445146728446
60,ALL,2017-05,COM_DEV_L,28,2012-04,2017-04,0.01092627531304012
60,ALL,2017-06,COM_DEV_L,29,2012-05,2017-05,0.01108801553367239
60,ALL,2017-07,COM_DEV_L,30,2012-06,2017-06,0.011195909686941589
60,ALL,2017-08,COM_DEV_LD,31,2012-07,2017-07,0.011057224696303923
60,ALL,2017-09,COM_DEV_LD,32,2012-08,2017-08,0.010930047143643998
60,ALL,2017-10,COM_DEV_LD,33,2012-09,2017-09,0.010853989138314637
60,ALL,2017-11,COM_DEV_LD,34,2012-10,2017-10,0.01081947087279939
60,ALL,2017-12,COM_DEV_LD,35,2012-11,2017-11,0.010793571352367295
60,ALL,2018-01,COM_DEV_LD,36,2012-12,2017-12,0.010821755377396587
60,ALL,2018-02,COM_DEV_LD,37,2013-01,2018-01,0.010690526055065992
60,ALL,2018-03,COM_DEV_LD,38,2013-02,2018-02,0.010664779062993412
60,ALL,2018-04,COM_DEV_LD,39,2013-03,2018-03,0.010651626316457595
60,ALL,2018-05,COM_DEV_LD,40,2013-04,2018-04,0.010761240940172834
60,ALL,2018-06,COM_DEV_LD,41,2013-05,2018-05,0.011073364210598773
60,ALL,2018-07,COM_DEV_LD,42,2013-06,2018-06,0.011455822443088253
60,ALL,2018-08,COM_DEV_LD,43,2013-07,2018-07,0.011736491804581356
60,ALL,2018-09,COM_DEV_LD,44,2013-08,2018-08,0.012511264483270279
60,ALL,2018-10,COM_DEV_LD,45,2013-09,2018-09,0.012967819681567972
60,ALL,2018-11,COM_DEV_LD,46,2013-10,2018-10,0.013186097502905326
60,ALL,2018-12,COM_DEV_LD,47,2013-11,2018-11,0.013503646084346642
60,ALL,2019-01,COM_DEV_LD,48,2013-12,2018-12,0.013873449601251784
60,ALL,2019-02,COM_DEV_LD,49,2014-01,2019-01,0.013984321688497298
60,ALL,2019-03,COM_DEV_LD,50,2014-02,2019-02,0.01410618992881514
60,ALL,2019-04,COM_DEV_LD,51,2014-03,2019-03,0.014407094397470316
60,ALL,2019-05,COM_DEV_LD,52,2014-04,2019-04,0.014688686881388508
60,ALL,2019-06,COM_DEV_LD,53,2014-05,2019-05,0.015161613235367721
60,ALL,2019-07,COM_DEV_LD,54,2014-06,2019-06,0.015464301724067658
60,ALL,2019-08,COM_DEV_LD,55,2014-07,2019-07,0.01577203954311248
60,ALL,2019-09,COM_DEV_LD,56,2014-08,2019-08,0.016417128246830802
60,ALL,2019-10,COM_DEV_LD,57,2014-09,2019-09,0.017080182540261876
60,ALL,2019-11,COM_DEV_LD,58,2014-10,2019-10,0.017499278793830838
60,ALL,2019-12,COM_DEV_LD,59,2014-11,2019-11,0.018122869054455114
60,ALL,2020-01,COM_DEV_LD,60,2014-12,2019-12,0.01845417426535783
60,ALL,2020-02,COM_DEV_LD,61,2015-01,2020-01,0.019017639282527515
60,ALL,2020-03,TOT_LOG_L,62,2015-02,2020-02,0.019259325702712132
60,ALL,2020-04,TOT_LOG_L,63,2015-03,2020-03,0.019729604124458035
60,ALL,2020-05,TOT_LOG_L,64,2015-04,2020-04,0.020409169322388714
60,ALL,2020-06,TOT_LOG_L,65,2015-05,2020-05,0.02093639393935616
60,ALL,2020-07,TOT_LOG_L,66,2015-06,2020-06,0.02153161199532923
60,ALL,2020-08,TOT_LOG_L,67,2015-07,2020-07,0.021794046567561495
60,ALL,2020-09,JOINT_LOG_SLOG,68,2015-08,2020-08,0.021887269470101046
60,ALL,2020-10,JOINT_LOG_SLOG,69,2015-09,2020-09,0.022035163511802607
60,ALL,2020-11,JOINT_LOG_SLOG,70,2015-10,2020-10,0.022262969272560672
60,ALL,2020-12,JOINT_LOG_SLOG,71,2015-11,2020-11,0.022279481903482095
60,ALL,2021-01,JOINT_LOG_SLOG,72,2015-12,2020-12,0.022270682284962696
60,ALL,2021-02,JOINT_LOG_SLOG,73,2016-01,2021-01,0.02246337393641306
60,ALL,2021-03,JOINT_LOG_SLOG,74,2016-02,2021-02,0.02270325580010306
60,ALL,2021-04,JOINT_LOG_SLOG,75,2016-03,2021-03,0.02311943776054837
60,ALL,2021-05,JOINT_LOG_SLOG,76,2016-04,2021-04,0.023320323592944385
60,ALL,2021-06,JOINT_LOG_SLOG,77,2016-05,2021-05,0.023485505845543746
60,ALL,2021-07,JOINT_LOG_SLOG,78,2016-06,2021-06,0.02350440061371595
60,ALL,2021-08,JOINT_LOG_SLOG,79,2016-07,2021-07,0.023524728666649383
60,ALL,2021-09,JOINT_LOG_SLOG,80,2016-08,2021-08,0.02354204689996636
60,ALL,2021-10,JOINT_LOG_SLOG,81,2016-09,2021-09,0.02363701778903475
60,ALL,2021-11,JOINT_LOG_SLOG,82,2016-10,2021-10,0.02383326841002258
60,ALL,2021-12,JOINT_LOG_SLOG,83,2016-11,2021-11,0.024022810640957553
60,ALL,2022-01,JOINT_LOG_SLOG,84,2016-12,2021-12,0.024201596420217707
60,ALL,2022-02,JOINT_LOG_SLOG,85,2017-01,2022-01,0.024417505373180482
60,ALL,2022-03,JOINT_LOG_SLOG,86,2017-02,2022-02,0.024503189765967184
60,ALL,2022-04,JOINT_LOG_SLOG,87,2017-03,2022-03,0.024535178972155184
60,ALL,2022-05,JOINT_LOG_SLOG,88,2017-04,2022-04,0.024676802281927406
60,ALL,2022-06,TOT_LOG_LD,89,2017-05,2022-05,0.024695628094390208
60,ALL,2022-07,TOT_LOG_LD,90,2017-06,2022-06,0.024864747994309117
60,ALL,2022-08,TOT_LOG_LD,91,2017-07,2022-07,0.025039692918860438
60,ALL,2022-09,TOT_LOG_LD,92,2017-08,2022-08,0.025244409749195795
60,ALL,2022-10,TOT_LOG_LD,93,2017-09,2022-09,0.02560509988042289
60,ALL,2022-11,TOT_LOG_LD,94,2017-10,2022-10,0.02591171666725387
60,ALL,2022-12,TOT_LOG_LD,95,2017-11,2022-11,0.026153433622716684
60,ALL,2023-01,TOT_LOG_LD,96,2017-12,2022-12,0.026344249060927055
60,ALL,2023-02,TOT_LOG_LD,97,2018-01,2023-01,0.026704688168385855
60,ALL,2023-03,TOT_LOG_LD,98,2018-02,2023-02,0.027125209292924075
60,ALL,2023-04,TOT_LOG_LD,99,2018-03,2023-03,0.027467482906654676
60,ALL,2023-05,TOT_LOG_LD,100,2018-04,2023-04,0.02777225477203185
60,ALL,2023-06,TOT_LOG_LD,101,2018-05,2023-05,0.028142264406425484
60,ALL,2023-07,TOT_LOG_LD,102,2018-06,2023-06,0.028364571882730366
60,ALL,2023-08,TOT_LOG_LD,103,2018-07,2023-07,0.028499734988133515
60,ALL,2023-09,TOT_LOG_LD,104,2018-08,2023-08,0.028718233412724104
60,ALL,2023-10,TOT_LOG_LD,105,2018-09,2023-09,0.02898763072354955
60,ALL,2023-11,TOT_LOG_LD,106,2018-10,2023-10,0.029292836870901954
60,ALL,2023-12,TOT_LOG_LD,107,2018-11,2023-11,0.029492527559921558
60,ALL,2024-01,TOT_LOG_LD,108,2018-12,2023-12,0.029615823340759323
60,ALL,2024-02,TOT_LOG_LD,109,2019-01,2024-01,0.02979502177006377
60,ALL,2024-03,TOT_LOG_LD,110,2019-02,2024-02,0.029983562104617712
60,ALL,2024-04,TOT_LOG_LD,111,2019-03,2024-03,0.030180032409235516
60,ALL,2024-05,TOT_LOG_LD,112,2019-04,2024-04,0.03043990742955835
60,ALL,2024-06,TOT_LOG_LD,113,2019-05,2024-05,0.030709431591055148
60,ALL,2024-07,JOINT_LOG_SLOG,114,2019-06,2024-06,0.031089230042862202
60,ALL,2024-08,JOINT_LOG_SLOG,115,2019-07,2024-07,0.03151085978053984
60,ALL,2024-09,JOINT_LOG_SLOG,116,2019-08,2024-08,0.031920441710324036
60,ALL,2024-10,JOINT_LOG_SLOG,117,2019-09,2024-09,0.032219893943399816
60,ALL,2024-11,JOINT_LOG_SLOG,118,2019-10,2024-10,0.03269131985054454
60,ALL,2024-12,JOINT_LOG_SLOG,119,2019-11,2024-11,0.03333990258647999
60,ALL,2025-01,JOINT_LOG_SLOG,120,2019-12,2024-12,0.03406809484343511
60,ALL,2025-02,JOINT_LOG_SLOG,121,2020-01,2025-01,0.03443405795081239
60,ALL,2025-03,JOINT_LOG_SLOG,122,2020-02,2025-02,0.03478047823698353
60,ALL,2025-04,JOINT_LOG_SLOG,123,2020-03,2025-03,0.03512452976011524
60,ALL,2025-05,JOINT_LOG_SLOG,124,2020-04,2025-04,0.035339505561336214
60,ALL,2025-06,JOINT_LOG_SLOG,125,2020-05,2025-05,0.03556713151261388
60,ALL,2025-07,JOINT_LOG_SLOG,126,2020-06,2025-06,0.03569497837831075
60,ALL,2025-08,JOINT_LOG_SLOG,127,2020-07,2025-07,0.03583969109008337
60,ALL,2025-09,JOINT_LOG_SLOG,128,2020-08,2025-08,0.03594025957500003
60,ALL,2025-10,JOINT_LOG_SLOG,129,2020-09,2025-09,0.03601074004130927
60,ALL,2025-11,JOINT_LOG_SLOG,130,2020-10,2025-10,0.03608752025641726
60,ALL,2025-12,JOINT_LOG_SLOG,131,2020-11,2025-11,0.036138710489243865
60,ALL,2026-01,JOINT_LOG_SLOG,132,2020-12,2025-12,0.03621738781014067
60,ALL,2026-02,TOT_LOG_LD,133,2021-01,2026-01,0.036175665859977196
60,ALL,2026-03,TOT_LOG_LD,134,2021-02,2026-02,0.03606709173190736
60,ALL,2026-04,TOT_LOG_LD,135,2021-03,2026-03,0.03599176875131299
60,ALL,2026-05,TOT_LOG_LD,136,2021-04,2026-04,0.035845870550291786
60,ALL,2026-06,TOT_LOG_LD,137,2021-05,2026-05,0.03571664432551587
60,ALL,2026-07,TOT_LOG_LD,138,2021-06,2026-06,0.035647570509189
60,ALL,2026-08,TOT_LOG_LD,139,2021-07,2026-07,0.03554650660865619
72,TOT,2018-11,TOT_LOG_L,24,2012-10,2018-10,0.006743377674818352
72,TOT,2018-12,TOT_LOG_L,25,2012-11,2018-11,0.00661132071802025
72,TOT,2019-01,TOT_LOG_L,26,2012-12,2018-12,0.006477407356854479
72,TOT,2019-02,TOT_LOG_L,27,2013-01,2019-01,0.00676467845188148
72,TOT,2019-03,TOT_LOG_L,28,2013-02,2019-02,0.0069184410142236
72,TOT,2019-04,TOT_LOG_L,29,2013-03,2019-03,0.007009345041035208
72,TOT,2019-05,TOT_LOG_L,30,2013-04,2019-04,0.007083017481076702
72,TOT,2019-06,TOT_LOG_L,31,2013-05,2019-05,0.007120228723083456
72,TOT,2019-07,TOT_LOG_L,32,2013-06,2019-06,0.007145830660282221
72,TOT,2019-08,TOT_LOG_L,33,2013-07,2019-07,0.007221578978145962
72,TOT,2019-09,TOT_LOG_L,34,2013-08,2019-08,0.007307777110864677
72,TOT,2019-10,TOT_LOG_L,35,2013-09,2019-09,0.0074735705856984035
72,TOT,2019-11,TOT_LOG_L,36,2013-10,2019-10,0.007526298146588519
72,TOT,2019-12,TOT_LOG_L,37,2013-11,2019-11,0.007688556677691458
72,TOT,2020-01,TOT_LOG_L,38,2013-12,2019-12,0.007713548256604041
72,TOT,2020-02,TOT_LOG_L,39,2014-01,2020-01,0.007989818106888397
72,TOT,2020-03,TOT_LOG_L,40,2014-02,2020-02,0.008451925584716587
72,TOT,2020-04,TOT_LOG_L,41,2014-03,2020-03,0.009769117275087181
72,TOT,2020-05,TOT_LOG_L,42,2014-04,2020-04,0.011263407602296722
72,TOT,2020-06,TOT_LOG_L,43,2014-05,2020-05,0.01261164946943429
72,TOT,2020-07,TOT_LOG_L,44,2014-06,2020-06,0.01405280253783968
72,TOT,2020-08,TOT_DEV_LD,45,2014-07,2020-07,0.014309977413463931
72,TOT,2020-09,TOT_DEV_LD,46,2014-08,2020-08,0.014614951147320358
72,TOT,2020-10,TOT_DEV_LD,47,2014-09,2020-09,0.015159133757526425
72,TOT,2020-11,TOT_DEV_LD,48,2014-10,2020-10,0.015816806597309302
72,TOT,2020-12,TOT_DEV_LD,49,2014-11,2020-11,0.016084875221863023
72,TOT,2021-01,TOT_DEV_LD,50,2014-12,2020-12,0.016274307446545528
72,TOT,2021-02,TOT_DEV_LD,51,2015-01,2021-01,0.01692343469761412
72,TOT,2021-03,TOT_DEV_LD,52,2015-02,2021-02,0.01751442998750152
72,TOT,2021-04,TOT_DEV_LD,53,2015-03,2021-03,0.01828180781115864
72,TOT,2021-05,TOT_DEV_LD,54,2015-04,2021-04,0.018668495679429305
72,TOT,2021-06,TOT_DEV_LD,55,2015-05,2021-05,0.018954272905002408
72,TOT,2021-07,TOT_DEV_LD,56,2015-06,2021-06,0.019051258736374505
72,TOT,2021-08,TOT_DEV_LD,57,2015-07,2021-07,0.01923683080968986
72,TOT,2021-09,TOT_DEV_LD,58,2015-08,2021-08,0.019476136751940563
72,TOT,2021-10,TOT_DEV_LD,59,2015-09,2021-09,0.019896171427651665
72,TOT,2021-11,TOT_DEV_LD,60,2015-10,2021-10,0.02049324468154838
72,TOT,2021-12,TOT_DEV_LD,61,2015-11,2021-11,0.021070964019301044
72,TOT,2022-01,TOT_DEV_LD,62,2015-12,2021-12,0.021605932890680243
72,TOT,2022-02,TOT_DEV_LD,63,2016-01,2022-01,0.022050401243776555
72,TOT,2022-03,TOT_DEV_LD,64,2016-02,2022-02,0.02228689230169846
72,TOT,2022-04,TOT_DEV_LD,65,2016-03,2022-03,0.022305036988744392
72,TOT,2022-05,TOT_DEV_LD,66,2016-04,2022-04,0.022446428985264038
72,TOT,2022-06,TOT_DEV_LD,67,2016-05,2022-05,0.02249246582833808
72,TOT,2022-07,TOT_DEV_LD,68,2016-06,2022-06,0.022792712905603904
72,TOT,2022-08,TOT_DEV_LD,69,2016-07,2022-07,0.023101490121685102
72,TOT,2022-09,TOT_DEV_LD,70,2016-08,2022-08,0.023442657437791777
72,TOT,2022-10,TOT_DEV_LD,71,2016-09,2022-09,0.023982125954589973
72,TOT,2022-11,TOT_DEV_LD,72,2016-10,2022-10,0.02441958034637887
72,TOT,2022-12,TOT_DEV_LD,73,2016-11,2022-11,0.024778632243031513
72,TOT,2023-01,TOT_DEV_LD,74,2016-12,2022-12,0.025048792192101953
72,TOT,2023-02,TOT_DEV_LD,75,2017-01,2023-01,0.025187648692651988
72,TOT,2023-03,TOT_DEV_LD,76,2017-02,2023-02,0.025401585811442473
72,TOT,2023-04,TOT_DEV_LD,77,2017-03,2023-03,0.025558057387164327
72,TOT,2023-05,TOT_DEV_LD,78,2017-04,2023-04,0.025670121240402483
72,TOT,2023-06,TOT_DEV_LD,79,2017-05,2023-05,0.0258497012723483
72,TOT,2023-07,TOT_DEV_LD,80,2017-06,2023-06,0.025892163038370154
72,TOT,2023-08,TOT_DEV_LD,81,2017-07,2023-07,0.025838613678284727
72,TOT,2023-09,TOT_DEV_LD,82,2017-08,2023-08,0.025892871799890926
72,TOT,2023-10,TOT_DEV_LD,83,2017-09,2023-09,0.026038776786033623
72,TOT,2023-11,TOT_DEV_LD,84,2017-10,2023-10,0.026249409352865745
72,TOT,2023-12,TOT_DEV_LD,85,2017-11,2023-11,0.026363678384747683
72,TOT,2024-01,TOT_DEV_LD,86,2017-12,2023-12,0.026405451592525452
72,TOT,2024-02,TOT_DEV_LD,87,2018-01,2024-01,0.026719347185199218
72,TOT,2024-03,TOT_DEV_LD,88,2018-02,2024-02,0.027066508140448465
72,TOT,2024-04,TOT_DEV_LD,89,2018-03,2024-03,0.0274467581003277
72,TOT,2024-05,TOT_DEV_LD,90,2018-04,2024-04,0.02794489648075603
72,TOT,2024-06,TOT_DEV_LD,91,2018-05,2024-05,0.028499414949320772
72,TOT,2024-07,TOT_DEV_LD,92,2018-06,2024-06,0.029287884654718228
72,TOT,2024-08,TOT_DEV_LD,93,2018-07,2024-07,0.030105963638543044
72,TOT,2024-09,TOT_DEV_LD,94,2018-08,2024-08,0.030872212126120523
72,TOT,2024-10,TOT_DEV_LD,95,2018-09,2024-09,0.031441911704619345
72,TOT,2024-11,TOT_DEV_LD,96,2018-10,2024-10,0.03222774754150434
72,TOT,2024-12,TOT_DEV_LD,97,2018-11,2024-11,0.033267261894173034
72,TOT,2025-01,TOT_DEV_LD,98,2018-12,2024-12,0.03438688295176207
72,TOT,2025-02,TOT_DEV_LD,99,2019-01,2025-01,0.03514122877945228
72,TOT,2025-03,TOT_DEV_LD,100,2019-02,2025-02,0.03585592287852497
72,TOT,2025-04,TOT_DEV_LD,101,2019-03,2025-03,0.036520164442748734
72,TOT,2025-05,TOT_DEV_LD,102,2019-04,2025-04,0.03699235866767482
72,TOT,2025-06,TOT_DEV_LD,103,2019-05,2025-05,0.037486954926085655
72,TOT,2025-07,TOT_LOG_LD,104,2019-06,2025-06,0.03781063349805375
72,TOT,2025-08,TOT_LOG_LD,105,2019-07,2025-07,0.03817263507057949
72,TOT,2025-09,TOT_LOG_LD,106,2019-08,2025-08,0.038480640978315446
72,TOT,2025-10,TOT_LOG_LD,107,2019-09,2025-09,0.03873125815726452
72,TOT,2025-11,TOT_LOG_LD,108,2019-10,2025-10,0.03899376228328193
72,TOT,2025-12,TOT_LOG_LD,109,2019-11,2025-11,0.039263545904271356
72,TOT,2026-01,TOT_LOG_LD,110,2019-12,2025-12,0.03953829526304836
72,TOT,2026-02,TOT_LOG_LD,111,2020-01,2026-01,0.039621389991362395
72,TOT,2026-03,TOT_LOG_LD,112,2020-02,2026-02,0.03967028345194161
72,TOT,2026-04,TOT_LOG_LD,113,2020-03,2026-03,0.03984385193675129
72,TOT,2026-05,TOT_LOG_LD,114,2020-04,2026-04,0.039894174625990764
72,TOT,2026-06,TOT_LOG_LD,115,2020-05,2026-05,0.039962629830450715
72,TOT,2026-07,TOT_LOG_LD,116,2020-06,2026-06,0.040108516382096095
72,TOT,2026-08,TOT_LOG_LD,117,2020-07,2026-07,0.04016563172850862
72,COM,2018-11,COM_DEV_LD,24,2012-10,2018-10,0.008415894784535003
72,COM,2018-12,COM_DEV_LD,25,2012-11,2018-11,0.009334874531622761
72,COM,2019-01,COM_DEV_LD,26,2012-12,2018-12,0.010252677886278597
72,COM,2019-02,COM_DEV_LD,27,2013-01,2019-01,0.010583198061171268
72,COM,2019-03,COM_DEV_LD,28,2013-02,2019-02,0.011020099851344242
72,COM,2019-04,COM_DEV_LD,29,2013-03,2019-03,0.01168818931163213
72,COM,2019-05,COM_DEV_LD,30,2013-04,2019-04,0.012366692083244464
72,COM,2019-06,COM_DEV_LD,31,2013-05,2019-05,0.01310621745942483
72,COM,2019-07,COM_DEV_LD,32,2013-06,2019-06,0.013419379740003096
72,COM,2019-08,COM_DEV_LD,33,2013-07,2019-07,0.013775312429674462
72,COM,2019-09,COM_DEV_LD,34,2013-08,2019-08,0.014743602184871423
72,COM,2019-10,COM_DEV_LD,35,2013-09,2019-09,0.0155694017994351
72,COM,2019-11,COM_DEV_LD,36,2013-10,2019-10,0.01607680743698835
72,COM,2019-12,COM_DEV_LD,37,2013-11,2019-11,0.01695363067255413
72,COM,2020-01,COM_DEV_LD,38,2013-12,2019-12,0.017429729435547964
72,COM,2020-02,COM_DEV_LD,39,2014-01,2020-01,0.01829132496155456
72,COM,2020-03,COM_LOG_LD,40,2014-02,2020-02,0.01930196478049689
72,COM,2020-04,COM_LOG_LD,41,2014-03,2020-03,0.02150005112219948
72,COM,2020-05,COM_LOG_LD,42,2014-04,2020-04,0.023743219052814776
72,COM,2020-06,COM_LOG_LD,43,2014-05,2020-05,0.025974502212754717
72,COM,2020-07,COM_LOG_LD,44,2014-06,2020-06,0.028352907722312602
72,COM,2020-08,COM_LOG_LD,45,2014-07,2020-07,0.03011110820939629
72,COM,2020-09,COM_LOG_LD,46,2014-08,2020-08,0.03208513608498452
72,COM,2020-10,COM_LOG_LD,47,2014-09,2020-09,0.034528252110062996
72,COM,2020-11,COM_LOG_LD,48,2014-10,2020-10,0.03701649943069359
72,COM,2020-12,COM_LOG_LD,49,2014-11,2020-11,0.03858144185468484
72,COM,2021-01,COM_LOG_LD,50,2014-12,2020-12,0.03987983219128354
72,COM,2021-02,COM_LOG_LD,51,2015-01,2021-01,0.041537686581410486
72,COM,2021-03,COM_LOG_LD,52,2015-02,2021-02,0.04324604588025306
72,COM,2021-04,COM_LOG_LD,53,2015-03,2021-03,0.04532318617385794
72,COM,2021-05,COM_LOG_LD,54,2015-04,2021-04,0.04664973695951876
72,COM,2021-06,COM_LOG_LD,55,2015-05,2021-05,0.04761457277845352
72,COM,2021-07,COM_LOG_LD,56,2015-06,2021-06,0.04816706679584943
72,COM,2021-08,COM_LOG_LD,57,2015-07,2021-07,0.04884720143907808
72,COM,2021-09,COM_LOG_LD,58,2015-08,2021-08,0.04966854374587004
72,COM,2021-10,COM_LOG_LD,59,2015-09,2021-09,0.050800214852972626
72,COM,2021-11,COM_LOG_LD,60,2015-10,2021-10,0.05211098846348003
72,COM,2021-12,COM_LOG_LD,61,2015-11,2021-11,0.05339899139374364
72,COM,2022-01,COM_LOG_LD,62,2015-12,2021-12,0.05457189923983112
72,COM,2022-02,COM_LOG_LD,63,2016-01,2022-01,0.05544037998553606
72,COM,2022-03,COM_LOG_LD,64,2016-02,2022-02,0.05591374936637166
72,COM,2022-04,COM_LOG_LD,65,2016-03,2022-03,0.055897557403861646
72,COM,2022-05,COM_LOG_LD,66,2016-04,2022-04,0.056060107035123256
72,COM,2022-06,COM_LOG_LD,67,2016-05,2022-05,0.05609797425967362
72,COM,2022-07,COM_LOG_LD,68,2016-06,2022-06,0.05651079611143922
72,COM,2022-08,COM_LOG_LD,69,2016-07,2022-07,0.05690563998352502
72,COM,2022-09,COM_LOG_LD,70,2016-08,2022-08,0.05729554846286889
72,COM,2022-10,COM_LOG_LD,71,2016-09,2022-09,0.05794797547453087
72,COM,2022-11,COM_LOG_LD,72,2016-10,2022-10,0.05845362091527936
72,COM,2022-12,COM_LOG_LD,73,2016-11,2022-11,0.05888764283445367
72,COM,2023-01,COM_LOG_LD,74,2016-12,2022-12,0.059187607693996884
72,COM,2023-02,COM_LOG_LD,75,2017-01,2023-01,0.05930120511227372
72,COM,2023-03,COM_LOG_LD,76,2017-02,2023-02,0.05944685420537926
72,COM,2023-04,COM_LOG_LD,77,2017-03,2023-03,0.05952754669508072
72,COM,2023-05,COM_LOG_LD,78,2017-04,2023-04,0.05957009772010206
72,COM,2023-06,COM_LOG_LD,79,2017-05,2023-05,0.05967214081244407
72,COM,2023-07,COM_LOG_LD,80,2017-06,2023-06,0.05956782395820555
72,COM,2023-08,COM_LOG_LD,81,2017-07,2023-07,0.05933272661546852
72,COM,2023-09,COM_LOG_LD,82,2017-08,2023-08,0.059270492675661264
72,COM,2023-10,COM_LOG_LD,83,2017-09,2023-09,0.05931443888729065
72,COM,2023-11,COM_LOG_LD,84,2017-10,2023-10,0.059468907680378276
72,COM,2023-12,COM_LOG_LD,85,2017-11,2023-11,0.059504531026802754
72,COM,2024-01,COM_LOG_LD,86,2017-12,2023-12,0.059426754545940236
72,COM,2024-02,COM_LOG_LD,87,2018-01,2024-01,0.059363389638901025
72,COM,2024-03,COM_LOG_LD,88,2018-02,2024-02,0.05937570800223266
72,COM,2024-04,COM_LOG_LD,89,2018-03,2024-03,0.05941626897132804
72,COM,2024-05,COM_LOG_LD,90,2018-04,2024-04,0.05959524785395138
72,COM,2024-06,COM_LOG_LD,91,2018-05,2024-05,0.059856980364129085
72,COM,2024-07,COM_LOG_LD,92,2018-06,2024-06,0.06039029957704169
72,COM,2024-08,COM_LOG_LD,93,2018-07,2024-07,0.0609461072482474
72,COM,2024-09,COM_LOG_LD,94,2018-08,2024-08,0.06146675358418255
72,COM,2024-10,COM_LOG_LD,95,2018-09,2024-09,0.06176280843568961
72,COM,2024-11,COM_LOG_LD,96,2018-10,2024-10,0.06229019925895477
72,COM,2024-12,COM_LOG_LD,97,2018-11,2024-11,0.06309546802520904
72,COM,2025-01,COM_LOG_LD,98,2018-12,2024-12,0.0640033876791714
72,COM,2025-02,COM_LOG_LD,99,2019-01,2025-01,0.0646134921942419
72,COM,2025-03,COM_LOG_LD,100,2019-02,2025-02,0.06518343966688796
72,COM,2025-04,COM_LOG_LD,101,2019-03,2025-03,0.06574125301589215
72,COM,2025-05,COM_LOG_LD,102,2019-04,2025-04,0.0660501011480955
72,COM,2025-06,COM_LOG_LD,103,2019-05,2025-05,0.06639017405027647
72,COM,2025-07,COM_LOG_LD,104,2019-06,2025-06,0.06653047760821713
72,COM,2025-08,COM_LOG_LD,105,2019-07,2025-07,0.06674212178457296
72,COM,2025-09,COM_LOG_LD,106,2019-08,2025-08,0.06694517104498297
72,COM,2025-10,COM_LOG_LD,107,2019-09,2025-09,0.06710965284264907
72,COM,2025-11,COM_LOG_LD,108,2019-10,2025-10,0.06727155513974975
72,COM,2025-12,COM_LOG_LD,109,2019-11,2025-11,0.0674974370495869
72,COM,2026-01,COM_LOG_LD,110,2019-12,2025-12,0.06771965656949709
72,COM,2026-02,COM_LOG_LD,111,2020-01,2026-01,0.06782602993078139
72,COM,2026-03,COM_LOG_LD,112,2020-02,2026-02,0.06788494788153006
72,COM,2026-04,COM_LOG_LD,113,2020-03,2026-03,0.06814361585448911
72,COM,2026-05,COM_LOG_LD,114,2020-04,2026-04,0.06823329672553262
72,COM,2026-06,COM_LOG_LD,115,2020-05,2026-05,0.06838993398850703
72,COM,2026-07,COM_LOG_LD,116,2020-06,2026-06,0.06868081117031813
72,COM,2026-08,COM_LOG_LD,117,2020-07,2026-07,0.068822323218002
72,JOINT,2018-11,JOINT_DEV_SLOG,24,2012-10,2018-10,0.007270158532298513
72,JOINT,2018-12,JOINT_DEV_SLOG,25,2012-11,2018-11,0.007412241177909165
72,JOINT,2019-01,JOINT_DEV_SLOG,26,2012-12,2018-12,0.00750100890731126
72,JOINT,2019-02,JOINT_DEV_SLOG,27,2013-01,2019-01,0.008382749062402339
72,JOINT,2019-03,JOINT_SLOG_SLOG,28,2013-02,2019-02,0.008847773535035066
72,JOINT,2019-04,JOINT_SLOG_SLOG,29,2013-03,2019-03,0.008856657822557736
72,JOINT,2019-05,JOINT_SLOG_SLOG,30,2013-04,2019-04,0.00879885068432461
72,JOINT,2019-06,JOINT_LOG_SLOG,31,2013-05,2019-05,0.008668524260872845
72,JOINT,2019-07,JOINT_LOG_SLOG,32,2013-06,2019-06,0.008608115323379505
72,JOINT,2019-08,JOINT_LOG_SLOG,33,2013-07,2019-07,0.008604993289985397
72,JOINT,2019-09,JOINT_LOG_SLOG,34,2013-08,2019-08,0.008533475771243842
72,JOINT,2019-10,JOINT_LOG_SLOG,35,2013-09,2019-09,0.008476881532544861
72,JOINT,2019-11,JOINT_LOG_SLOG,36,2013-10,2019-10,0.008372617519554463
72,JOINT,2019-12,JOINT_LOG_SLOG,37,2013-11,2019-11,0.008303299723902651
72,JOINT,2020-01,JOINT_LOG_SLOG,38,2013-12,2019-12,0.008176467747757443
72,JOINT,2020-02,JOINT_LOG_SLOG,39,2014-01,2020-01,0.008244668992766298
72,JOINT,2020-03,JOINT_LOG_SLOG,40,2014-02,2020-02,0.008252606750970603
72,JOINT,2020-04,JOINT_LOG_SLOG,41,2014-03,2020-03,0.008471430745605782
72,JOINT,2020-05,JOINT_LOG_SLOG,42,2014-04,2020-04,0.008775617943347943
72,JOINT,2020-06,JOINT_LOG_SLOG,43,2014-05,2020-05,0.009054172785803642
72,JOINT,2020-07,JOINT_LOG_SLOG,44,2014-06,2020-06,0.009378062578701565
72,JOINT,2020-08,JOINT_LOG_SLOG,45,2014-07,2020-07,0.00947423224017351
72,JOINT,2020-09,JOINT_SLOG_SLOG,46,2014-08,2020-08,0.009707187687141792
72,JOINT,2020-10,JOINT_SLOG_SLOG,47,2014-09,2020-09,0.010071249412747906
72,JOINT,2020-11,JOINT_SLOG_SLOG,48,2014-10,2020-10,0.010519403886425124
72,JOINT,2020-12,JOINT_SLOG_SLOG,49,2014-11,2020-11,0.010644626500895003
72,JOINT,2021-01,JOINT_SLOG_SLOG,50,2014-12,2020-12,0.01074749784818329
72,JOINT,2021-02,JOINT_SLOG_SLOG,51,2015-01,2021-01,0.01125694871081025
72,JOINT,2021-03,JOINT_SLOG_SLOG,52,2015-02,2021-02,0.011729906877351965
72,JOINT,2021-04,JOINT_SLOG_SLOG,53,2015-03,2021-03,0.012369107200995448
72,JOINT,2021-05,JOINT_SLOG_SLOG,54,2015-04,2021-04,0.01265461923509533
72,JOINT,2021-06,JOINT_SLOG_SLOG,55,2015-05,2021-05,0.012954303942920435
72,JOINT,2021-07,JOINT_SLOG_SLOG,56,2015-06,2021-06,0.013091676488414876
72,JOINT,2021-08,JOINT_SLOG_SLOG,57,2015-07,2021-07,0.013265071460847978
72,JOINT,2021-09,JOINT_SLOG_SLOG,58,2015-08,2021-08,0.01345075275342433
72,JOINT,2021-10,JOINT_SLOG_SLOG,59,2015-09,2021-09,0.013799148352505518
72,JOINT,2021-11,JOINT_SLOG_SLOG,60,2015-10,2021-10,0.014344083440347795
72,JOINT,2021-12,JOINT_SLOG_SLOG,61,2015-11,2021-11,0.014852306091730818
72,JOINT,2022-01,JOINT_SLOG_SLOG,62,2015-12,2021-12,0.015379215464435677
72,JOINT,2022-02,JOINT_SLOG_SLOG,63,2016-01,2022-01,0.01593483620853269
72,JOINT,2022-03,JOINT_SLOG_SLOG,64,2016-02,2022-02,0.01636404000153972
72,JOINT,2022-04,JOINT_SLOG_SLOG,65,2016-03,2022-03,0.016644809115602233
72,JOINT,2022-05,JOINT_SLOG_SLOG,66,2016-04,2022-04,0.017051796657760684
72,JOINT,2022-06,JOINT_SLOG_SLOG,67,2016-05,2022-05,0.017349573746080007
72,JOINT,2022-07,JOINT_SLOG_SLOG,68,2016-06,2022-06,0.01786318920289722
72,JOINT,2022-08,JOINT_SLOG_SLOG,69,2016-07,2022-07,0.01834632880744193
72,JOINT,2022-09,JOINT_SLOG_SLOG,70,2016-08,2022-08,0.01881167734720366
72,JOINT,2022-10,JOINT_SLOG_DEV,71,2016-09,2022-09,0.019429595331059646
72,JOINT,2022-11,JOINT_SLOG_DEV,72,2016-10,2022-10,0.019936848345311103
72,JOINT,2022-12,JOINT_SLOG_DEV,73,2016-11,2022-11,0.020337624103338968
72,JOINT,2023-01,JOINT_SLOG_DEV,74,2016-12,2022-12,0.020641664527665398
72,JOINT,2023-02,JOINT_SLOG_DEV,75,2017-01,2023-01,0.020960904046251522
72,JOINT,2023-03,JOINT_SLOG_DEV,76,2017-02,2023-02,0.021304292899542762
72,JOINT,2023-04,JOINT_SLOG_DEV,77,2017-03,2023-03,0.021595784401725323
72,JOINT,2023-05,JOINT_LOG_DEV,78,2017-04,2023-04,0.02184477911047804
72,JOINT,2023-06,JOINT_LOG_DEV,79,2017-05,2023-05,0.022151961033791884
72,JOINT,2023-07,JOINT_LOG_DEV,80,2017-06,2023-06,0.022294804553273574
72,JOINT,2023-08,JOINT_LOG_DEV,81,2017-07,2023-07,0.022326592618195345
72,JOINT,2023-09,JOINT_LOG_DEV,82,2017-08,2023-08,0.02244681142749425
72,JOINT,2023-10,JOINT_LOG_DEV,83,2017-09,2023-09,0.022659835526449165
72,JOINT,2023-11,JOINT_LOG_DEV,84,2017-10,2023-10,0.02290504021871447
72,JOINT,2023-12,JOINT_LOG_DEV,85,2017-11,2023-11,0.02303860865061975
72,JOINT,2024-01,JOINT_LOG_DEV,86,2017-12,2023-12,0.023101360559760253
72,JOINT,2024-02,JOINT_LOG_DEV,87,2018-01,2024-01,0.023438953540447095
72,JOINT,2024-03,JOINT_LOG_DEV,88,2018-02,2024-02,0.02378138749991219
72,JOINT,2024-04,JOINT_LOG_DEV,89,2018-03,2024-03,0.02415853423246612
72,JOINT,2024-05,JOINT_LOG_DEV,90,2018-04,2024-04,0.02469555480657936
72,JOINT,2024-06,JOINT_LOG_DEV,91,2018-05,2024-05,0.025285552415981693
72,JOINT,2024-07,JOINT_LOG_DEV,92,2018-06,2024-06,0.026102627253232882
72,JOINT,2024-08,JOINT_LOG_DEV,93,2018-07,2024-07,0.026945243319122698
72,JOINT,2024-09,JOINT_LOG_DEV,94,2018-08,2024-08,0.027730144404914944
72,JOINT,2024-10,JOINT_LOG_DEV,95,2018-09,2024-09,0.02831674004690898
72,JOINT,2024-11,JOINT_LOG_DEV,96,2018-10,2024-10,0.029109959793639752
72,JOINT,2024-12,JOINT_LOG_DEV,97,2018-11,2024-11,0.030134484799003006
72,JOINT,2025-01,JOINT_LOG_DEV,98,2018-12,2024-12,0.031231492030097122
72,JOINT,2025-02,JOINT_LOG_DEV,99,2019-01,2025-01,0.03191975339220305
72,JOINT,2025-03,JOINT_LOG_DEV,100,2019-02,2025-02,0.03258569212235835
72,JOINT,2025-04,JOINT_LOG_DEV,101,2019-03,2025-03,0.03319882350222359
72,JOINT,2025-05,JOINT_LOG_DEV,102,2019-04,2025-04,0.033658889136291746
72,JOINT,2025-06,JOINT_LOG_DEV,103,2019-05,2025-05,0.034134123602463304
72,JOINT,2025-07,JOINT_LOG_DEV,104,2019-06,2025-06,0.034446568952895586
72,JOINT,2025-08,JOINT_LOG_DEV,105,2019-07,2025-07,0.034809006320728836
72,JOINT,2025-09,JOINT_LOG_DEV,106,2019-08,2025-08,0.035125202180341306
72,JOINT,2025-10,JOINT_LOG_DEV,107,2019-09,2025-09,0.03537593890936368
72,JOINT,2025-11,JOINT_LOG_DEV,108,2019-10,2025-10,0.035633988519466586
72,JOINT,2025-12,JOINT_LOG_DEV,109,2019-11,2025-11,0.0358844028005817
72,JOINT,2026-01,JOINT_LOG_DEV,110,2019-12,2025-12,0.03614932643359236
72,JOINT,2026-02,JOINT_LOG_DEV,111,2020-01,2026-01,0.03622482151519243
72,JOINT,2026-03,JOINT_LOG_DEV,112,2020-02,2026-02,0.036283659922626464
72,JOINT,2026-04,JOINT_LOG_DEV,113,2020-03,2026-03,0.03649092348437599
72,JOINT,2026-05,JOINT_LOG_DEV,114,2020-04,2026-04,0.0365865264627945
72,JOINT,2026-06,JOINT_LOG_DEV,115,2020-05,2026-05,0.0367179594170705
72,JOINT,2026-07,JOINT_LOG_DEV,116,2020-06,2026-06,0.03694860495839391
72,JOINT,2026-08,JOINT_LOG_DEV,117,2020-07,2026-07,0.03706165761099233
72,ALL,2018-11,TOT_LOG_L,24,2012-10,2018-10,0.006743377674818352
72,ALL,2018-12,TOT_LOG_L,25,2012-11,2018-11,0.00661132071802025
72,ALL,2019-01,TOT_LOG_L,26,2012-12,2018-12,0.006477407356854479
72,ALL,2019-02,TOT_LOG_L,27,2013-01,2019-01,0.00676467845188148
72,ALL,2019-03,TOT_LOG_L,28,2013-02,2019-02,0.0069184410142236
72,ALL,2019-04,TOT_LOG_L,29,2013-03,2019-03,0.007009345041035208
72,ALL,2019-05,TOT_LOG_L,30,2013-04,2019-04,0.007083017481076702
72,ALL,2019-06,TOT_LOG_L,31,2013-05,2019-05,0.007120228723083456
72,ALL,2019-07,TOT_LOG_L,32,2013-06,2019-06,0.007145830660282221
72,ALL,2019-08,TOT_LOG_L,33,2013-07,2019-07,0.007221578978145962
72,ALL,2019-09,TOT_LOG_L,34,2013-08,2019-08,0.007307777110864677
72,ALL,2019-10,TOT_LOG_L,35,2013-09,2019-09,0.0074735705856984035
72,ALL,2019-11,TOT_LOG_L,36,2013-10,2019-10,0.007526298146588519
72,ALL,2019-12,TOT_LOG_L,37,2013-11,2019-11,0.007688556677691458
72,ALL,2020-01,TOT_LOG_L,38,2013-12,2019-12,0.007713548256604041
72,ALL,2020-02,TOT_LOG_L,39,2014-01,2020-01,0.007989818106888397
72,ALL,2020-03,JOINT_LOG_SLOG,40,2014-02,2020-02,0.008252606750970603
72,ALL,2020-04,JOINT_LOG_SLOG,41,2014-03,2020-03,0.008471430745605782
72,ALL,2020-05,JOINT_LOG_SLOG,42,2014-04,2020-04,0.008775617943347943
72,ALL,2020-06,JOINT_LOG_SLOG,43,2014-05,2020-05,0.009054172785803642
72,ALL,2020-07,JOINT_LOG_SLOG,44,2014-06,2020-06,0.009378062578701565
72,ALL,2020-08,JOINT_LOG_SLOG,45,2014-07,2020-07,0.00947423224017351
72,ALL,2020-09,JOINT_SLOG_SLOG,46,2014-08,2020-08,0.009707187687141792
72,ALL,2020-10,JOINT_SLOG_SLOG,47,2014-09,2020-09,0.010071249412747906
72,ALL,2020-11,JOINT_SLOG_SLOG,48,2014-10,2020-10,0.010519403886425124
72,ALL,2020-12,JOINT_SLOG_SLOG,49,2014-11,2020-11,0.010644626500895003
72,ALL,2021-01,JOINT_SLOG_SLOG,50,2014-12,2020-12,0.01074749784818329
72,ALL,2021-02,JOINT_SLOG_SLOG,51,2015-01,2021-01,0.01125694871081025
72,ALL,2021-03,JOINT_SLOG_SLOG,52,2015-02,2021-02,0.011729906877351965
72,ALL,2021-04,JOINT_SLOG_SLOG,53,2015-03,2021-03,0.012369107200995448
72,ALL,2021-05,JOINT_SLOG_SLOG,54,2015-04,2021-04,0.01265461923509533
72,ALL,2021-06,JOINT_SLOG_SLOG,55,2015-05,2021-05,0.012954303942920435
72,ALL,2021-07,JOINT_SLOG_SLOG,56,2015-06,2021-06,0.013091676488414876
72,ALL,2021-08,JOINT_SLOG_SLOG,57,2015-07,2021-07,0.013265071460847978
72,ALL,2021-09,JOINT_SLOG_SLOG,58,2015-08,2021-08,0.01345075275342433
72,ALL,2021-10,JOINT_SLOG_SLOG,59,2015-09,2021-09,0.013799148352505518
72,ALL,2021-11,JOINT_SLOG_SLOG,60,2015-10,2021-10,0.014344083440347795
72,ALL,2021-12,JOINT_SLOG_SLOG,61,2015-11,2021-11,0.014852306091730818
72,ALL,2022-01,JOINT_SLOG_SLOG,62,2015-12,2021-12,0.015379215464435677
72,ALL,2022-02,JOINT_SLOG_SLOG,63,2016-01,2022-01,0.01593483620853269
72,ALL,2022-03,JOINT_SLOG_SLOG,64,2016-02,2022-02,0.01636404000153972
72,ALL,2022-04,JOINT_SLOG_SLOG,65,2016-03,2022-03,0.016644809115602233
72,ALL,2022-05,JOINT_SLOG_SLOG,66,2016-04,2022-04,0.017051796657760684
72,ALL,2022-06,JOINT_SLOG_SLOG,67,2016-05,2022-05,0.017349573746080007
72,ALL,2022-07,JOINT_SLOG_SLOG,68,2016-06,2022-06,0.01786318920289722
72,ALL,2022-08,JOINT_SLOG_SLOG,69,2016-07,2022-07,0.01834632880744193
72,ALL,2022-09,JOINT_SLOG_SLOG,70,2016-08,2022-08,0.01881167734720366
72,ALL,2022-10,JOINT_SLOG_DEV,71,2016-09,2022-09,0.019429595331059646
72,ALL,2022-11,JOINT_SLOG_DEV,72,2016-10,2022-10,0.019936848345311103
72,ALL,2022-12,JOINT_SLOG_DEV,73,2016-11,2022-11,0.020337624103338968
72,ALL,2023-01,JOINT_SLOG_DEV,74,2016-12,2022-12,0.020641664527665398
72,ALL,2023-02,JOINT_SLOG_DEV,75,2017-01,2023-01,0.020960904046251522
72,ALL,2023-03,JOINT_SLOG_DEV,76,2017-02,2023-02,0.021304292899542762
72,ALL,2023-04,JOINT_SLOG_DEV,77,2017-03,2023-03,0.021595784401725323
72,ALL,2023-05,JOINT_LOG_DEV,78,2017-04,2023-04,0.02184477911047804
72,ALL,2023-06,JOINT_LOG_DEV,79,2017-05,2023-05,0.022151961033791884
72,ALL,2023-07,JOINT_LOG_DEV,80,2017-06,2023-06,0.022294804553273574
72,ALL,2023-08,JOINT_LOG_DEV,81,2017-07,2023-07,0.022326592618195345
72,ALL,2023-09,JOINT_LOG_DEV,82,2017-08,2023-08,0.02244681142749425
72,ALL,2023-10,JOINT_LOG_DEV,83,2017-09,2023-09,0.022659835526449165
72,ALL,2023-11,JOINT_LOG_DEV,84,2017-10,2023-10,0.02290504021871447
72,ALL,2023-12,JOINT_LOG_DEV,85,2017-11,2023-11,0.02303860865061975
72,ALL,2024-01,JOINT_LOG_DEV,86,2017-12,2023-12,0.023101360559760253
72,ALL,2024-02,JOINT_LOG_DEV,87,2018-01,2024-01,0.023438953540447095
72,ALL,2024-03,JOINT_LOG_DEV,88,2018-02,2024-02,0.02378138749991219
72,ALL,2024-04,JOINT_LOG_DEV,89,2018-03,2024-03,0.02415853423246612
72,ALL,2024-05,JOINT_LOG_DEV,90,2018-04,2024-04,0.02469555480657936
72,ALL,2024-06,JOINT_LOG_DEV,91,2018-05,2024-05,0.025285552415981693
72,ALL,2024-07,JOINT_LOG_DEV,92,2018-06,2024-06,0.026102627253232882
72,ALL,2024-08,JOINT_LOG_DEV,93,2018-07,2024-07,0.026945243319122698
72,ALL,2024-09,JOINT_LOG_DEV,94,2018-08,2024-08,0.027730144404914944
72,ALL,2024-10,JOINT_LOG_DEV,95,2018-09,2024-09,0.02831674004690898
72,ALL,2024-11,JOINT_LOG_DEV,96,2018-10,2024-10,0.029109959793639752
72,ALL,2024-12,JOINT_LOG_DEV,97,2018-11,2024-11,0.030134484799003006
72,ALL,2025-01,JOINT_LOG_DEV,98,2018-12,2024-12,0.031231492030097122
72,ALL,2025-02,JOINT_LOG_DEV,99,2019-01,2025-01,0.03191975339220305
72,ALL,2025-03,JOINT_LOG_DEV,100,2019-02,2025-02,0.03258569212235835
72,ALL,2025-04,JOINT_LOG_DEV,101,2019-03,2025-03,0.03319882350222359
72,ALL,2025-05,JOINT_LOG_DEV,102,2019-04,2025-04,0.033658889136291746
72,ALL,2025-06,JOINT_LOG_DEV,103,2019-05,2025-05,0.034134123602463304
72,ALL,2025-07,JOINT_LOG_DEV,104,2019-06,2025-06,0.034446568952895586
72,ALL,2025-08,JOINT_LOG_DEV,105,2019-07,2025-07,0.034809006320728836
72,ALL,2025-09,JOINT_LOG_DEV,106,2019-08,2025-08,0.035125202180341306
72,ALL,2025-10,JOINT_LOG_DEV,107,2019-09,2025-09,0.03537593890936368
72,ALL,2025-11,JOINT_LOG_DEV,108,2019-10,2025-10,0.035633988519466586
72,ALL,2025-12,JOINT_LOG_DEV,109,2019-11,2025-11,0.0358844028005817
72,ALL,2026-01,JOINT_LOG_DEV,110,2019-12,2025-12,0.03614932643359236
72,ALL,2026-02,JOINT_LOG_DEV,111,2020-01,2026-01,0.03622482151519243
72,ALL,2026-03,JOINT_LOG_DEV,112,2020-02,2026-02,0.036283659922626464
72,ALL,2026-04,JOINT_LOG_DEV,113,2020-03,2026-03,0.03649092348437599
72,ALL,2026-05,JOINT_LOG_DEV,114,2020-04,2026-04,0.0365865264627945
72,ALL,2026-06,JOINT_LOG_DEV,115,2020-05,2026-05,0.0367179594170705
72,ALL,2026-07,JOINT_LOG_DEV,116,2020-06,2026-06,0.03694860495839391
72,ALL,2026-08,JOINT_LOG_DEV,117,2020-07,2026-07,0.03706165761099233
84,TOT,2020-11,TOT_DEV_L,24,2013-10,2020-10,0.018323339746883476
84,TOT,2020-12,TOT_DEV_L,25,2013-11,2020-11,0.01937845883603782
84,TOT,2021-01,TOT_DEV_L,26,2013-12,2020-12,0.020187990157957105
84,TOT,2021-02,TOT_DEV_L,27,2014-01,2021-01,0.021996433234053196
84,TOT,2021-03,TOT_DEV_L,28,2014-02,2021-02,0.023664790393246364
84,TOT,2021-04,TOT_DEV_L,29,2014-03,2021-03,0.025830019999985597
84,TOT,2021-05,TOT_DEV_L,30,2014-04,2021-04,0.02711446994617204
84,TOT,2021-06,TOT_DEV_LD,31,2014-05,2021-05,0.027427556839389678
84,TOT,2021-07,TOT_DEV_LD,32,2014-06,2021-06,0.02715003073672778
84,TOT,2021-08,TOT_DEV_LD,33,2014-07,2021-07,0.0270622955533101
84,TOT,2021-09,TOT_DEV_LD,34,2014-08,2021-08,0.027075846222870202
84,TOT,2021-10,TOT_DEV_LD,35,2014-09,2021-09,0.027506026990323135
84,TOT,2021-11,TOT_DEV_LD,36,2014-10,2021-10,0.02823382011334372
84,TOT,2021-12,TOT_DEV_LD,37,2014-11,2021-11,0.028952089546949875
84,TOT,2022-01,TOT_DEV_LD,38,2014-12,2021-12,0.029653990354637276
84,TOT,2022-02,TOT_DEV_LD,39,2015-01,2022-01,0.030492906626526334
84,TOT,2022-03,TOT_DEV_LD,40,2015-02,2022-02,0.031062144247289338
84,TOT,2022-04,TOT_DEV_LD,41,2015-03,2022-03,0.03133142584548261
84,TOT,2022-05,TOT_DEV_LD,42,2015-04,2022-04,0.031755255939694936
84,TOT,2022-06,TOT_DEV_LD,43,2015-05,2022-05,0.03202753203921048
84,TOT,2022-07,TOT_DEV_LD,44,2015-06,2022-06,0.03286103213666546
84,TOT,2022-08,TOT_DEV_LD,45,2015-07,2022-07,0.03386020529489486
84,TOT,2022-09,TOT_DEV_LD,46,2015-08,2022-08,0.035034116115711986
84,TOT,2022-10,TOT_DEV_LD,47,2015-09,2022-09,0.03689146267462679
84,TOT,2022-11,TOT_DEV_LD,48,2015-10,2022-10,0.038467469297025096
84,TOT,2022-12,TOT_DEV_LD,49,2015-11,2022-11,0.03978021279790525
84,TOT,2023-01,TOT_DEV_LD,50,2015-12,2022-12,0.040918465781085114
84,TOT,2023-02,TOT_DEV_LD,51,2016-01,2023-01,0.04172328175854768
84,TOT,2023-03,TOT_DEV_LD,52,2016-02,2023-02,0.042518511429409774
84,TOT,2023-04,TOT_DEV_LD,53,2016-03,2023-03,0.042890439819037174
84,TOT,2023-05,TOT_DEV_LD,54,2016-04,2023-04,0.0430713448518565
84,TOT,2023-06,TOT_DEV_LD,55,2016-05,2023-05,0.04341868422907191
84,TOT,2023-07,TOT_DEV_LD,56,2016-06,2023-06,0.04341188724960495
84,TOT,2023-08,TOT_DEV_LD,57,2016-07,2023-07,0.04328680647613782
84,TOT,2023-09,TOT_DEV_LD,58,2016-08,2023-08,0.04333401727414492
84,TOT,2023-10,TOT_DEV_LD,59,2016-09,2023-09,0.043504296341250547
84,TOT,2023-11,TOT_DEV_LD,60,2016-10,2023-10,0.043746462466865456
84,TOT,2023-12,TOT_DEV_LD,61,2016-11,2023-11,0.04390464025354496
84,TOT,2024-01,TOT_DEV_LD,62,2016-12,2023-12,0.04390661685831621
84,TOT,2024-02,TOT_DEV_LD,63,2017-01,2024-01,0.04395356913089845
84,TOT,2024-03,TOT_DEV_LD,64,2017-02,2024-02,0.044029771524762125
84,TOT,2024-04,TOT_DEV_LD,65,2017-03,2024-03,0.04417796225946297
84,TOT,2024-05,TOT_DEV_LD,66,2017-04,2024-04,0.044442814013665614
84,TOT,2024-06,TOT_DEV_LD,67,2017-05,2024-05,0.04470600227441433
84,TOT,2024-07,TOT_DEV_LD,68,2017-06,2024-06,0.045216824726694145
84,TOT,2024-08,TOT_DEV_LD,69,2017-07,2024-07,0.04569924242973211
84,TOT,2024-09,TOT_DEV_LD,70,2017-08,2024-08,0.046138338436537446
84,TOT,2024-10,TOT_DEV_LD,71,2017-09,2024-09,0.046413014519919395
84,TOT,2024-11,TOT_DEV_LD,72,2017-10,2024-10,0.047090996813368376
84,TOT,2024-12,TOT_DEV_LD,73,2017-11,2024-11,0.04810763154441549
84,TOT,2025-01,TOT_DEV_LD,74,2017-12,2024-12,0.049219700506848256
84,TOT,2025-02,TOT_DEV_LD,75,2018-01,2025-01,0.050068417127373865
84,TOT,2025-03,TOT_DEV_LD,76,2018-02,2025-02,0.05092856562773157
84,TOT,2025-04,TOT_DEV_LD,77,2018-03,2025-03,0.051741714987365434
84,TOT,2025-05,TOT_DEV_LD,78,2018-04,2025-04,0.05236513567139378
84,TOT,2025-06,TOT_DEV_LD,79,2018-05,2025-05,0.053142307019328636
84,TOT,2025-07,TOT_DEV_LD,80,2018-06,2025-06,0.05378768102001107
84,TOT,2025-08,TOT_DEV_LD,81,2018-07,2025-07,0.05447172193767139
84,TOT,2025-09,TOT_DEV_LD,82,2018-08,2025-08,0.05510735363471816
84,TOT,2025-10,TOT_DEV_LD,83,2018-09,2025-09,0.055578384931161254
84,TOT,2025-11,TOT_DEV_LD,84,2018-10,2025-10,0.056009493217750866
84,TOT,2025-12,TOT_DEV_LD,85,2018-11,2025-11,0.05645343801319444
84,TOT,2026-01,TOT_DEV_LD,86,2018-12,2025-12,0.05693890907207351
84,TOT,2026-02,TOT_DEV_LD,87,2019-01,2026-01,0.05716763596298846
84,TOT,2026-03,TOT_DEV_LD,88,2019-02,2026-02,0.0573598653940848
84,TOT,2026-04,TOT_DEV_LD,89,2019-03,2026-03,0.05770565231056225
84,TOT,2026-05,TOT_DEV_LD,90,2019-04,2026-04,0.05784142125692378
84,TOT,2026-06,TOT_DEV_LD,91,2019-05,2026-05,0.05802560650142771
84,TOT,2026-07,TOT_DEV_LD,92,2019-06,2026-06,0.058248448870543756
84,TOT,2026-08,TOT_DEV_LD,93,2019-07,2026-07,0.05835468057000601
84,COM,2020-11,COM_DEV_D,24,2013-10,2020-10,0.05987886696426058
84,COM,2020-12,COM_DEV_D,25,2013-11,2020-11,0.06175264448007804
84,COM,2021-01,COM_LOG_D,26,2013-12,2020-12,0.06324228720225224
84,COM,2021-02,COM_LOG_D,27,2014-01,2021-01,0.06546378050594205
84,COM,2021-03,COM_LOG_D,28,2014-02,2021-02,0.06716062363515565
84,COM,2021-04,COM_LOG_D,29,2014-03,2021-03,0.06925832848303208
84,COM,2021-05,COM_LOG_D,30,2014-04,2021-04,0.07011432069115157
84,COM,2021-06,COM_LOG_D,31,2014-05,2021-05,0.07086316826414128
84,COM,2021-07,COM_LOG_D,32,2014-06,2021-06,0.07108666131277604
84,COM,2021-08,COM_LOG_D,33,2014-07,2021-07,0.07167690014304332
84,COM,2021-09,COM_LOG_D,34,2014-08,2021-08,0.07232655926865855
84,COM,2021-10,COM_LOG_D,35,2014-09,2021-09,0.0737088241979761
84,COM,2021-11,COM_LOG_D,36,2014-10,2021-10,0.07541746503896392
84,COM,2021-12,COM_LOG_D,37,2014-11,2021-11,0.07705954176807214
84,COM,2022-01,COM_LOG_D,38,2014-12,2021-12,0.0785881804836857
84,COM,2022-02,COM_LOG_D,39,2015-01,2022-01,0.07972121914907263
84,COM,2022-03,COM_LOG_D,40,2015-02,2022-02,0.08055776377881717
84,COM,2022-04,COM_LOG_D,41,2015-03,2022-03,0.08086373483423825
84,COM,2022-05,COM_LOG_D,42,2015-04,2022-04,0.08124658570411461
84,COM,2022-06,COM_LOG_D,43,2015-05,2022-05,0.08129944692113834
84,COM,2022-07,COM_LOG_D,44,2015-06,2022-06,0.08204416793761582
84,COM,2022-08,COM_LOG_D,45,2015-07,2022-07,0.08289139223176821
84,COM,2022-09,COM_LOG_D,46,2015-08,2022-08,0.0839067745452486
84,COM,2022-10,COM_LOG_D,47,2015-09,2022-09,0.08567509684133266
84,COM,2022-11,COM_LOG_D,48,2015-10,2022-10,0.08705053266427794
84,COM,2022-12,COM_LOG_D,49,2015-11,2022-11,0.08813004548461517
84,COM,2023-01,COM_LOG_D,50,2015-12,2022-12,0.08902450260863004
84,COM,2023-02,COM_LOG_D,51,2016-01,2023-01,0.08951253000713921
84,COM,2023-03,COM_LOG_D,52,2016-02,2023-02,0.08996872351235613
84,COM,2023-04,COM_LOG_D,53,2016-03,2023-03,0.08987980118674227
84,COM,2023-05,COM_LOG_D,54,2016-04,2023-04,0.08961013205742417
84,COM,2023-06,COM_LOG_D,55,2016-05,2023-05,0.08957038495629815
84,COM,2023-07,COM_LOG_D,56,2016-06,2023-06,0.08908936105250624
84,COM,2023-08,COM_LOG_D,57,2016-07,2023-07,0.08847251313980686
84,COM,2023-09,COM_LOG_D,58,2016-08,2023-08,0.0880367415768858
84,COM,2023-10,COM_LOG_D,59,2016-09,2023-09,0.08771997663828734
84,COM,2023-11,COM_LOG_D,60,2016-10,2023-10,0.08749279726561374
84,COM,2023-12,COM_LOG_D,61,2016-11,2023-11,0.08717620669235852
84,COM,2024-01,COM_LOG_D,62,2016-12,2023-12,0.08666024479754973
84,COM,2024-02,COM_LOG_D,63,2017-01,2024-01,0.08625557520641494
84,COM,2024-03,COM_LOG_D,64,2017-02,2024-02,0.08583199183245643
84,COM,2024-04,COM_LOG_D,65,2017-03,2024-03,0.0855080485317271
84,COM,2024-05,COM_LOG_D,66,2017-04,2024-04,0.08533889758009908
84,COM,2024-06,COM_LOG_D,67,2017-05,2024-05,0.08515810926612011
84,COM,2024-07,COM_LOG_D,68,2017-06,2024-06,0.08522838165777882
84,COM,2024-08,COM_LOG_D,69,2017-07,2024-07,0.08529630372120046
84,COM,2024-09,COM_LOG_D,70,2017-08,2024-08,0.08534872600792433
84,COM,2024-10,COM_LOG_D,71,2017-09,2024-09,0.08526055358750691
84,COM,2024-11,COM_LOG_D,72,2017-10,2024-10,0.08561555639728677
84,COM,2024-12,COM_LOG_D,73,2017-11,2024-11,0.08633806296294226
84,COM,2025-01,COM_LOG_D,74,2017-12,2024-12,0.08715236289142296
84,COM,2025-02,COM_LOG_D,75,2018-01,2025-01,0.08747003874092965
84,COM,2025-03,COM_LOG_D,76,2018-02,2025-02,0.08787309493053662
84,COM,2025-04,COM_LOG_D,77,2018-03,2025-03,0.08820218995269226
84,COM,2025-05,COM_LOG_D,78,2018-04,2025-04,0.08838426762470725
84,COM,2025-06,COM_LOG_D,79,2018-05,2025-05,0.08874581861550504
84,COM,2025-07,COM_LOG_D,80,2018-06,2025-06,0.08900165418475152
84,COM,2025-08,COM_LOG_D,81,2018-07,2025-07,0.08929060735357605
84,COM,2025-09,COM_LOG_D,82,2018-08,2025-08,0.08953064196714204
84,COM,2025-10,COM_LOG_D,83,2018-09,2025-09,0.08959006533058586
84,COM,2025-11,COM_LOG_D,84,2018-10,2025-10,0.08962752821088263
84,COM,2025-12,COM_LOG_D,85,2018-11,2025-11,0.08967895539887596
84,COM,2026-01,COM_LOG_D,86,2018-12,2025-12,0.08978260492174114
84,COM,2026-02,COM_LOG_D,87,2019-01,2026-01,0.08957628336017855
84,COM,2026-03,COM_LOG_D,88,2019-02,2026-02,0.08936040550210629
84,COM,2026-04,COM_LOG_D,89,2019-03,2026-03,0.08933763620198043
84,COM,2026-05,COM_LOG_D,90,2019-04,2026-04,0.0891173646894942
84,COM,2026-06,COM_LOG_D,91,2019-05,2026-05,0.08895991216621943
84,COM,2026-07,COM_LOG_D,92,2019-06,2026-06,0.08885584377884259
84,COM,2026-08,COM_LOG_D,93,2019-07,2026-07,0.08865596550051812
84,JOINT,2020-11,JOINT_DEV_LOG,24,2013-10,2020-10,0.015444334175272257
84,JOINT,2020-12,JOINT_DEV_LOG,25,2013-11,2020-11,0.015823221227555348
84,JOINT,2021-01,JOINT_DEV_LOG,26,2013-12,2020-12,0.016064501544695964
84,JOINT,2021-02,JOINT_DEV_LOG,27,2014-01,2021-01,0.01628604910608708
84,JOINT,2021-03,JOINT_DEV_LOG,28,2014-02,2021-02,0.01642137820484192
84,JOINT,2021-04,JOINT_DEV_LOG,29,2014-03,2021-03,0.016805219206157237
84,JOINT,2021-05,JOINT_DEV_LOG,30,2014-04,2021-04,0.016776907957429803
84,JOINT,2021-06,JOINT_DEV_LOG,31,2014-05,2021-05,0.01678125138743662
84,JOINT,2021-07,JOINT_DEV_LOG,32,2014-06,2021-06,0.016572081869211098
84,JOINT,2021-08,JOINT_DEV_LOG,33,2014-07,2021-07,0.016471133771983656
84,JOINT,2021-09,JOINT_DEV_LOG,34,2014-08,2021-08,0.016414255142630688
84,JOINT,2021-10,JOINT_DEV_LOG,35,2014-09,2021-09,0.016612893759486505
84,JOINT,2021-11,JOINT_DEV_SLOG,36,2014-10,2021-10,0.017054429280856223
84,JOINT,2021-12,JOINT_DEV_SLOG,37,2014-11,2021-11,0.01738043090672754
84,JOINT,2022-01,JOINT_DEV_SLOG,38,2014-12,2021-12,0.017784294760042188
84,JOINT,2022-02,JOINT_DEV_SLOG,39,2015-01,2022-01,0.018431992444819106
84,JOINT,2022-03,JOINT_DEV_SLOG,40,2015-02,2022-02,0.018893787470815323
84,JOINT,2022-04,JOINT_DEV_SLOG,41,2015-03,2022-03,0.019162981306851987
84,JOINT,2022-05,JOINT_DEV_SLOG,42,2015-04,2022-04,0.01946269439702946
84,JOINT,2022-06,JOINT_DEV_SLOG,43,2015-05,2022-05,0.01971139846869396
84,JOINT,2022-07,JOINT_DEV_SLOG,44,2015-06,2022-06,0.020407094138945637
84,JOINT,2022-08,JOINT_DEV_SLOG,45,2015-07,2022-07,0.021197310327030577
84,JOINT,2022-09,JOINT_DEV_SLOG,46,2015-08,2022-08,0.022072934507351923
84,JOINT,2022-10,JOINT_DEV_SLOG,47,2015-09,2022-09,0.023522265889446305
84,JOINT,2022-11,JOINT_DEV_SLOG,48,2015-10,2022-10,0.024771126943448234
84,JOINT,2022-12,JOINT_DEV_SLOG,49,2015-11,2022-11,0.025757888537122787
84,JOINT,2023-01,JOINT_DEV_SLOG,50,2015-12,2022-12,0.02667618319991192
84,JOINT,2023-02,JOINT_DEV_SLOG,51,2016-01,2023-01,0.0275697646177545
84,JOINT,2023-03,JOINT_DEV_SLOG,52,2016-02,2023-02,0.028608474971145458
84,JOINT,2023-04,JOINT_DEV_SLOG,53,2016-03,2023-03,0.02929357685901523
84,JOINT,2023-05,JOINT_DEV_SLOG,54,2016-04,2023-04,0.029786872995617802
84,JOINT,2023-06,JOINT_DEV_SLOG,55,2016-05,2023-05,0.030459536569298035
84,JOINT,2023-07,JOINT_DEV_SLOG,56,2016-06,2023-06,0.030754825280668814
84,JOINT,2023-08,JOINT_DEV_SLOG,57,2016-07,2023-07,0.030889084359605953
84,JOINT,2023-09,JOINT_DEV_SLOG,58,2016-08,2023-08,0.03114220024767753
84,JOINT,2023-10,JOINT_DEV_SLOG,59,2016-09,2023-09,0.031504242752565983
84,JOINT,2023-11,JOINT_DEV_SLOG,60,2016-10,2023-10,0.031903166677481956
84,JOINT,2023-12,JOINT_DEV_SLOG,61,2016-11,2023-11,0.03220550070988925
84,JOINT,2024-01,JOINT_DEV_SLOG,62,2016-12,2023-12,0.03235197944324269
84,JOINT,2024-02,JOINT_DEV_SLOG,63,2017-01,2024-01,0.032663065627854586
84,JOINT,2024-03,JOINT_DEV_SLOG,64,2017-02,2024-02,0.032933380447500694
84,JOINT,2024-04,JOINT_DEV_SLOG,65,2017-03,2024-03,0.03330066886857002
84,JOINT,2024-05,JOINT_DEV_SLOG,66,2017-04,2024-04,0.03381365745208507
84,JOINT,2024-06,JOINT_DEV_SLOG,67,2017-05,2024-05,0.034313452996408846
84,JOINT,2024-07,JOINT_DEV_SLOG,68,2017-06,2024-06,0.035046182932939214
84,JOINT,2024-08,JOINT_DEV_SLOG,69,2017-07,2024-07,0.03575270304151566
84,JOINT,2024-09,JOINT_DEV_SLOG,70,2017-08,2024-08,0.03642127369766072
84,JOINT,2024-10,JOINT_DEV_SLOG,71,2017-09,2024-09,0.036940288679657776
84,JOINT,2024-11,JOINT_DEV_SLOG,72,2017-10,2024-10,0.03784558459204167
84,JOINT,2024-12,JOINT_DEV_SLOG,73,2017-11,2024-11,0.039083411735834385
84,JOINT,2025-01,JOINT_DEV_SLOG,74,2017-12,2024-12,0.0403994925768328
84,JOINT,2025-02,JOINT_DEV_SLOG,75,2018-01,2025-01,0.04133239837309254
84,JOINT,2025-03,JOINT_DEV_SLOG,76,2018-02,2025-02,0.04229516886576238
84,JOINT,2025-04,JOINT_DEV_SLOG,77,2018-03,2025-03,0.04318028559072985
84,JOINT,2025-05,JOINT_DEV_SLOG,78,2018-04,2025-04,0.04394373788050201
84,JOINT,2025-06,JOINT_DEV_SLOG,79,2018-05,2025-05,0.044865039690466825
84,JOINT,2025-07,JOINT_DEV_SLOG,80,2018-06,2025-06,0.0456561508530262
84,JOINT,2025-08,JOINT_DEV_SLOG,81,2018-07,2025-07,0.046471180120355386
84,JOINT,2025-09,JOINT_DEV_SLOG,82,2018-08,2025-08,0.04722455722407201
84,JOINT,2025-10,JOINT_DEV_SLOG,83,2018-09,2025-09,0.04779316347139669
84,JOINT,2025-11,JOINT_DEV_SLOG,84,2018-10,2025-10,0.048318924681100786
84,JOINT,2025-12,JOINT_DEV_SLOG,85,2018-11,2025-11,0.048840809249878256
84,JOINT,2026-01,JOINT_DEV_SLOG,86,2018-12,2025-12,0.04940262383025969
84,JOINT,2026-02,JOINT_DEV_SLOG,87,2019-01,2026-01,0.04969506617885786
84,JOINT,2026-03,JOINT_DEV_SLOG,88,2019-02,2026-02,0.049961213304341355
84,JOINT,2026-04,JOINT_DEV_SLOG,89,2019-03,2026-03,0.05039654700328076
84,JOINT,2026-05,JOINT_DEV_SLOG,90,2019-04,2026-04,0.050622435996194995
84,JOINT,2026-06,JOINT_DEV_SLOG,91,2019-05,2026-05,0.05088831473334431
84,JOINT,2026-07,JOINT_DEV_SLOG,92,2019-06,2026-06,0.051186083154279194
84,JOINT,2026-08,JOINT_DEV_SLOG,93,2019-07,2026-07,0.05136674192251505
84,ALL,2020-11,JOINT_DEV_LOG,24,2013-10,2020-10,0.015444334175272257
84,ALL,2020-12,JOINT_DEV_LOG,25,2013-11,2020-11,0.015823221227555348
84,ALL,2021-01,JOINT_DEV_LOG,26,2013-12,2020-12,0.016064501544695964
84,ALL,2021-02,JOINT_DEV_LOG,27,2014-01,2021-01,0.01628604910608708
84,ALL,2021-03,JOINT_DEV_LOG,28,2014-02,2021-02,0.01642137820484192
84,ALL,2021-04,JOINT_DEV_LOG,29,2014-03,2021-03,0.016805219206157237
84,ALL,2021-05,JOINT_DEV_LOG,30,2014-04,2021-04,0.016776907957429803
84,ALL,2021-06,JOINT_DEV_LOG,31,2014-05,2021-05,0.01678125138743662
84,ALL,2021-07,JOINT_DEV_LOG,32,2014-06,2021-06,0.016572081869211098
84,ALL,2021-08,JOINT_DEV_LOG,33,2014-07,2021-07,0.016471133771983656
84,ALL,2021-09,JOINT_DEV_LOG,34,2014-08,2021-08,0.016414255142630688
84,ALL,2021-10,JOINT_DEV_LOG,35,2014-09,2021-09,0.016612893759486505
84,ALL,2021-11,JOINT_DEV_SLOG,36,2014-10,2021-10,0.017054429280856223
84,ALL,2021-12,JOINT_DEV_SLOG,37,2014-11,2021-11,0.01738043090672754
84,ALL,2022-01,JOINT_DEV_SLOG,38,2014-12,2021-12,0.017784294760042188
84,ALL,2022-02,JOINT_DEV_SLOG,39,2015-01,2022-01,0.018431992444819106
84,ALL,2022-03,JOINT_DEV_SLOG,40,2015-02,2022-02,0.018893787470815323
84,ALL,2022-04,JOINT_DEV_SLOG,41,2015-03,2022-03,0.019162981306851987
84,ALL,2022-05,JOINT_DEV_SLOG,42,2015-04,2022-04,0.01946269439702946
84,ALL,2022-06,JOINT_DEV_SLOG,43,2015-05,2022-05,0.01971139846869396
84,ALL,2022-07,JOINT_DEV_SLOG,44,2015-06,2022-06,0.020407094138945637
84,ALL,2022-08,JOINT_DEV_SLOG,45,2015-07,2022-07,0.021197310327030577
84,ALL,2022-09,JOINT_DEV_SLOG,46,2015-08,2022-08,0.022072934507351923
84,ALL,2022-10,JOINT_DEV_SLOG,47,2015-09,2022-09,0.023522265889446305
84,ALL,2022-11,JOINT_DEV_SLOG,48,2015-10,2022-10,0.024771126943448234
84,ALL,2022-12,JOINT_DEV_SLOG,49,2015-11,2022-11,0.025757888537122787
84,ALL,2023-01,JOINT_DEV_SLOG,50,2015-12,2022-12,0.02667618319991192
84,ALL,2023-02,JOINT_DEV_SLOG,51,2016-01,2023-01,0.0275697646177545
84,ALL,2023-03,JOINT_DEV_SLOG,52,2016-02,2023-02,0.028608474971145458
84,ALL,2023-04,JOINT_DEV_SLOG,53,2016-03,2023-03,0.02929357685901523
84,ALL,2023-05,JOINT_DEV_SLOG,54,2016-04,2023-04,0.029786872995617802
84,ALL,2023-06,JOINT_DEV_SLOG,55,2016-05,2023-05,0.030459536569298035
84,ALL,2023-07,JOINT_DEV_SLOG,56,2016-06,2023-06,0.030754825280668814
84,ALL,2023-08,JOINT_DEV_SLOG,57,2016-07,2023-07,0.030889084359605953
84,ALL,2023-09,JOINT_DEV_SLOG,58,2016-08,2023-08,0.03114220024767753
84,ALL,2023-10,JOINT_DEV_SLOG,59,2016-09,2023-09,0.031504242752565983
84,ALL,2023-11,JOINT_DEV_SLOG,60,2016-10,2023-10,0.031903166677481956
84,ALL,2023-12,JOINT_DEV_SLOG,61,2016-11,2023-11,0.03220550070988925
84,ALL,2024-01,JOINT_DEV_SLOG,62,2016-12,2023-12,0.03235197944324269
84,ALL,2024-02,JOINT_DEV_SLOG,63,2017-01,2024-01,0.032663065627854586
84,ALL,2024-03,JOINT_DEV_SLOG,64,2017-02,2024-02,0.032933380447500694
84,ALL,2024-04,JOINT_DEV_SLOG,65,2017-03,2024-03,0.03330066886857002
84,ALL,2024-05,JOINT_DEV_SLOG,66,2017-04,2024-04,0.03381365745208507
84,ALL,2024-06,JOINT_DEV_SLOG,67,2017-05,2024-05,0.034313452996408846
84,ALL,2024-07,JOINT_DEV_SLOG,68,2017-06,2024-06,0.035046182932939214
84,ALL,2024-08,JOINT_DEV_SLOG,69,2017-07,2024-07,0.03575270304151566
84,ALL,2024-09,JOINT_DEV_SLOG,70,2017-08,2024-08,0.03642127369766072
84,ALL,2024-10,JOINT_DEV_SLOG,71,2017-09,2024-09,0.036940288679657776
84,ALL,2024-11,JOINT_DEV_SLOG,72,2017-10,2024-10,0.03784558459204167
84,ALL,2024-12,JOINT_DEV_SLOG,73,2017-11,2024-11,0.039083411735834385
84,ALL,2025-01,JOINT_DEV_SLOG,74,2017-12,2024-12,0.0403994925768328
84,ALL,2025-02,JOINT_DEV_SLOG,75,2018-01,2025-01,0.04133239837309254
84,ALL,2025-03,JOINT_DEV_SLOG,76,2018-02,2025-02,0.04229516886576238
84,ALL,2025-04,JOINT_DEV_SLOG,77,2018-03,2025-03,0.04318028559072985
84,ALL,2025-05,JOINT_DEV_SLOG,78,2018-04,2025-04,0.04394373788050201
84,ALL,2025-06,JOINT_DEV_SLOG,79,2018-05,2025-05,0.044865039690466825
84,ALL,2025-07,JOINT_DEV_SLOG,80,2018-06,2025-06,0.0456561508530262
84,ALL,2025-08,JOINT_DEV_SLOG,81,2018-07,2025-07,0.046471180120355386
84,ALL,2025-09,JOINT_DEV_SLOG,82,2018-08,2025-08,0.04722455722407201
84,ALL,2025-10,JOINT_DEV_SLOG,83,2018-09,2025-09,0.04779316347139669
84,ALL,2025-11,JOINT_DEV_SLOG,84,2018-10,2025-10,0.048318924681100786
84,ALL,2025-12,JOINT_DEV_SLOG,85,2018-11,2025-11,0.048840809249878256
84,ALL,2026-01,JOINT_DEV_SLOG,86,2018-12,2025-12,0.04940262383025969
84,ALL,2026-02,JOINT_DEV_SLOG,87,2019-01,2026-01,0.04969506617885786
84,ALL,2026-03,JOINT_DEV_SLOG,88,2019-02,2026-02,0.049961213304341355
84,ALL,2026-04,JOINT_DEV_SLOG,89,2019-03,2026-03,0.05039654700328076
84,ALL,2026-05,JOINT_DEV_SLOG,90,2019-04,2026-04,0.050622435996194995
84,ALL,2026-06,JOINT_DEV_SLOG,91,2019-05,2026-05,0.05088831473334431
84,ALL,2026-07,JOINT_DEV_SLOG,92,2019-06,2026-06,0.051186083154279194
84,ALL,2026-08,JOINT_DEV_SLOG,93,2019-07,2026-07,0.05136674192251505
96,TOT,2022-11,TOT_DEV_LD,24,2014-10,2022-10,0.05411728581025167
96,TOT,2022-12,TOT_DEV_LD,25,2014-11,2022-11,0.054454037072150546
96,TOT,2023-01,TOT_DEV_LD,26,2014-12,2022-12,0.05475886924562271
96,TOT,2023-02,TOT_DEV_LD,27,2015-01,2023-01,0.05527779088558495
96,TOT,2023-03,TOT_DEV_LD,28,2015-02,2023-02,0.05615195579836944
96,TOT,2023-04,TOT_DEV_LD,29,2015-03,2023-03,0.05690894742798357
96,TOT,2023-05,TOT_DEV_LD,30,2015-04,2023-04,0.057104720477074905
96,TOT,2023-06,TOT_DEV_LD,31,2015-05,2023-05,0.05771834885465778
96,TOT,2023-07,TOT_DEV_LD,32,2015-06,2023-06,0.05775125844158655
96,TOT,2023-08,TOT_DEV_LD,33,2015-07,2023-07,0.05783240192029596
96,TOT,2023-09,TOT_DEV_LD,34,2015-08,2023-08,0.058551334227946124
96,TOT,2023-10,TOT_DEV_LD,35,2015-09,2023-09,0.05994388300392133
96,TOT,2023-11,TOT_DEV_LD,36,2015-10,2023-10,0.061451142279457
96,TOT,2023-12,TOT_DEV_LD,37,2015-11,2023-11,0.06258710185267258
96,TOT,2024-01,TOT_DEV_LD,38,2015-12,2023-12,0.06352043348839573
96,TOT,2024-02,TOT_DEV_LD,39,2016-01,2024-01,0.06435308242871195
96,TOT,2024-03,TOT_DEV_LD,40,2016-02,2024-02,0.06508112396720493
96,TOT,2024-04,TOT_DEV_LD,41,2016-03,2024-03,0.06537492384016798
96,TOT,2024-05,TOT_DEV_LD,42,2016-04,2024-04,0.0656804703666409
96,TOT,2024-06,TOT_DEV_LD,43,2016-05,2024-05,0.06619361891175123
96,TOT,2024-07,TOT_DEV_LD,44,2016-06,2024-06,0.06684004807427209
96,TOT,2024-08,TOT_DEV_LD,45,2016-07,2024-07,0.0676716569198207
96,TOT,2024-09,TOT_DEV_LD,46,2016-08,2024-08,0.06829583590953647
96,TOT,2024-10,TOT_DEV_LD,47,2016-09,2024-09,0.06863463908445921
96,TOT,2024-11,TOT_DEV_LD,48,2016-10,2024-10,0.06953218513539351
96,TOT,2024-12,TOT_DEV_LD,49,2016-11,2024-11,0.07129512809858722
96,TOT,2025-01,TOT_DEV_LD,50,2016-12,2024-12,0.07311637227364401
96,TOT,2025-02,TOT_DEV_LD,51,2017-01,2025-01,0.0736680325198464
96,TOT,2025-03,TOT_DEV_LD,52,2017-02,2025-02,0.07417523131851549
96,TOT,2025-04,TOT_DEV_LD,53,2017-03,2025-03,0.07463406798632798
96,TOT,2025-05,TOT_DEV_LD,54,2017-04,2025-04,0.07472493683140706
96,TOT,2025-06,TOT_DEV_LD,55,2017-05,2025-05,0.07487404054475454
96,TOT,2025-07,TOT_DEV_LD,56,2017-06,2025-06,0.0747751847973429
96,TOT,2025-08,TOT_DEV_LD,57,2017-07,2025-07,0.07463837570021348
96,TOT,2025-09,TOT_DEV_LD,58,2017-08,2025-08,0.0744045267280583
96,TOT,2025-10,TOT_DEV_LD,59,2017-09,2025-09,0.07410265082056487
96,TOT,2025-11,TOT_DEV_LD,60,2017-10,2025-10,0.07401591085017516
96,TOT,2025-12,TOT_DEV_LD,61,2017-11,2025-11,0.07392150918081751
96,TOT,2026-01,TOT_DEV_LD,62,2017-12,2025-12,0.07386569555759018
96,TOT,2026-02,TOT_DEV_LD,63,2018-01,2026-01,0.07363151973244816
96,TOT,2026-03,TOT_DEV_LD,64,2018-02,2026-02,0.07344463812466916
96,TOT,2026-04,TOT_DEV_LD,65,2018-03,2026-03,0.07347263401333516
96,TOT,2026-05,TOT_DEV_LD,66,2018-04,2026-04,0.07336135182869884
96,TOT,2026-06,TOT_DEV_LD,67,2018-05,2026-05,0.07349784488011607
96,TOT,2026-07,TOT_DEV_LD,68,2018-06,2026-06,0.0739644912925755
96,TOT,2026-08,TOT_DEV_LD,69,2018-07,2026-07,0.0741792924462254
96,COM,2022-11,COM_LOG_D,24,2014-10,2022-10,0.10538169543434822
96,COM,2022-12,COM_LOG_D,25,2014-11,2022-11,0.10598418073290337
96,COM,2023-01,COM_LOG_D,26,2014-12,2022-12,0.10650476031253746
96,COM,2023-02,COM_LOG_D,27,2015-01,2023-01,0.10658136410275758
96,COM,2023-03,COM_LOG_D,28,2015-02,2023-02,0.10731309442356868
96,COM,2023-04,COM_LOG_D,29,2015-03,2023-03,0.10786360354260949
96,COM,2023-05,COM_LOG_D,30,2015-04,2023-04,0.10767784951975501
96,COM,2023-06,COM_DEV_D,31,2015-05,2023-05,0.10776810239258826
96,COM,2023-07,COM_DEV_D,32,2015-06,2023-06,0.1070937475860027
96,COM,2023-08,COM_LOG_D,33,2015-07,2023-07,0.1063543647967988
96,COM,2023-09,COM_LOG_D,34,2015-08,2023-08,0.10625694228085328
96,COM,2023-10,COM_LOG_D,35,2015-09,2023-09,0.10671681819953985
96,COM,2023-11,COM_LOG_D,36,2015-10,2023-10,0.10721737194397667
96,COM,2023-12,COM_LOG_D,37,2015-11,2023-11,0.10724139393466177
96,COM,2024-01,COM_LOG_D,38,2015-12,2023-12,0.10698352810982006
96,COM,2024-02,COM_LOG_D,39,2016-01,2024-01,0.1069902776614494
96,COM,2024-03,COM_LOG_D,40,2016-02,2024-02,0.10689237529133272
96,COM,2024-04,COM_LOG_D,41,2016-03,2024-03,0.10643865907001317
96,COM,2024-05,COM_LOG_D,42,2016-04,2024-04,0.1059832994023588
96,COM,2024-06,COM_LOG_D,43,2016-05,2024-05,0.10566820596881085
96,COM,2024-07,COM_LOG_D,44,2016-06,2024-06,0.10555318074647822
96,COM,2024-08,COM_LOG_D,45,2016-07,2024-07,0.10561724283932103
96,COM,2024-09,COM_LOG_D,46,2016-08,2024-08,0.10552213184316497
96,COM,2024-10,COM_LOG_D,47,2016-09,2024-09,0.10514633448418702
96,COM,2024-11,COM_LOG_D,48,2016-10,2024-10,0.10531574742239164
96,COM,2024-12,COM_LOG_D,49,2016-11,2024-11,0.10626878444912641
96,COM,2025-01,COM_LOG_D,50,2016-12,2024-12,0.1073219173015769
96,COM,2025-02,COM_LOG_D,51,2017-01,2025-01,0.10765692105773045
96,COM,2025-03,COM_LOG_D,52,2017-02,2025-02,0.10802548837439077
96,COM,2025-04,COM_LOG_D,53,2017-03,2025-03,0.10828389436140944
96,COM,2025-05,COM_LOG_D,54,2017-04,2025-04,0.10813533684561354
96,COM,2025-06,COM_LOG_D,55,2017-05,2025-05,0.10806357768697634
96,COM,2025-07,COM_LOG_D,56,2017-06,2025-06,0.10772372392218245
96,COM,2025-08,COM_LOG_D,57,2017-07,2025-07,0.10735319720974947
96,COM,2025-09,COM_LOG_D,58,2017-08,2025-08,0.10685706687281972
96,COM,2025-10,COM_LOG_D,59,2017-09,2025-09,0.1062650985929763
96,COM,2025-11,COM_LOG_D,60,2017-10,2025-10,0.10588135758977221
96,COM,2025-12,COM_LOG_D,61,2017-11,2025-11,0.10549054378016015
96,COM,2026-01,COM_LOG_D,62,2017-12,2025-12,0.10514749728818902
96,COM,2026-02,COM_LOG_D,63,2018-01,2026-01,0.10444590594818354
96,COM,2026-03,COM_LOG_D,64,2018-02,2026-02,0.10377315772987462
96,COM,2026-04,COM_LOG_D,65,2018-03,2026-03,0.10331665839910942
96,COM,2026-05,COM_LOG_D,66,2018-04,2026-04,0.10270527896026586
96,COM,2026-06,COM_LOG_D,67,2018-05,2026-05,0.10231115193988392
96,COM,2026-07,COM_LOG_D,68,2018-06,2026-06,0.1022220388264871
96,COM,2026-08,COM_LOG_D,69,2018-07,2026-07,0.10193147511474974
96,JOINT,2022-11,JOINT_DEV_SLOG,24,2014-10,2022-10,0.03733226355311372
96,JOINT,2022-12,JOINT_DEV_SLOG,25,2014-11,2022-11,0.03729390929436831
96,JOINT,2023-01,JOINT_DEV_SLOG,26,2014-12,2022-12,0.037250328542446
96,JOINT,2023-02,JOINT_DEV_SLOG,27,2015-01,2023-01,0.0374785537451149
96,JOINT,2023-03,JOINT_DEV_SLOG,28,2015-02,2023-02,0.03816376025314388
96,JOINT,2023-04,JOINT_DEV_SLOG,29,2015-03,2023-03,0.03876853491886051
96,JOINT,2023-05,JOINT_DEV_SLOG,30,2015-04,2023-04,0.03874315518342967
96,JOINT,2023-06,JOINT_DEV_SLOG,31,2015-05,2023-05,0.039151085794506796
96,JOINT,2023-07,JOINT_DEV_SLOG,32,2015-06,2023-06,0.03912057557629469
96,JOINT,2023-08,JOINT_DEV_SLOG,33,2015-07,2023-07,0.03901778183612827
96,JOINT,2023-09,JOINT_DEV_SLOG,34,2015-08,2023-08,0.03934243045793062
96,JOINT,2023-10,JOINT_DEV_SLOG,35,2015-09,2023-09,0.04026588942730925
96,JOINT,2023-11,JOINT_DEV_DEV,36,2015-10,2023-10,0.04131498812242258
96,JOINT,2023-12,JOINT_DEV_DEV,37,2015-11,2023-11,0.04204957226195313
96,JOINT,2024-01,JOINT_DEV_DEV,38,2015-12,2023-12,0.04276246262450911
96,JOINT,2024-02,JOINT_DEV_DEV,39,2016-01,2024-01,0.04376496288676993
96,JOINT,2024-03,JOINT_DEV_DEV,40,2016-02,2024-02,0.04480413410015194
96,JOINT,2024-04,JOINT_DEV_DEV,41,2016-03,2024-03,0.04551655498158004
96,JOINT,2024-05,JOINT_DEV_DEV,42,2016-04,2024-04,0.04618282725083716
96,JOINT,2024-06,JOINT_DEV_DEV,43,2016-05,2024-05,0.046990083246403
96,JOINT,2024-07,JOINT_DEV_DEV,44,2016-06,2024-06,0.04789995454096832
96,JOINT,2024-08,JOINT_DEV_DEV,45,2016-07,2024-07,0.04892216246059784
96,JOINT,2024-09,JOINT_DEV_DEV,46,2016-08,2024-08,0.049762036787121405
96,JOINT,2024-10,JOINT_DEV_DEV,47,2016-09,2024-09,0.05033821896661356
96,JOINT,2024-11,JOINT_DEV_DEV,48,2016-10,2024-10,0.051432813906116974
96,JOINT,2024-12,JOINT_DEV_DEV,49,2016-11,2024-11,0.05336941670453603
96,JOINT,2025-01,JOINT_DEV_DEV,50,2016-12,2024-12,0.05542376536697514
96,JOINT,2025-02,JOINT_DEV_DEV,51,2017-01,2025-01,0.056369358053526136
96,JOINT,2025-03,JOINT_DEV_DEV,52,2017-02,2025-02,0.05730957576380653
96,JOINT,2025-04,JOINT_DEV_DEV,53,2017-03,2025-03,0.0581696039253067
96,JOINT,2025-05,JOINT_DEV_DEV,54,2017-04,2025-04,0.058637005861890176
96,JOINT,2025-06,JOINT_DEV_DEV,55,2017-05,2025-05,0.0591458292145552
96,JOINT,2025-07,JOINT_DEV_DEV,56,2017-06,2025-06,0.05936808256137617
96,JOINT,2025-08,JOINT_DEV_DEV,57,2017-07,2025-07,0.059525838556763896
96,JOINT,2025-09,JOINT_DEV_DEV,58,2017-08,2025-08,0.059568468496990164
96,JOINT,2025-10,JOINT_DEV_DEV,59,2017-09,2025-09,0.05953130701440171
96,JOINT,2025-11,JOINT_DEV_DEV,60,2017-10,2025-10,0.05969703180459555
96,JOINT,2025-12,JOINT_DEV_DEV,61,2017-11,2025-11,0.05984545155881327
96,JOINT,2026-01,JOINT_DEV_DEV,62,2017-12,2025-12,0.060022457974007376
96,JOINT,2026-02,JOINT_DEV_DEV,63,2018-01,2026-01,0.05999977119566347
96,JOINT,2026-03,JOINT_DEV_DEV,64,2018-02,2026-02,0.06002879431103689
96,JOINT,2026-04,JOINT_DEV_DEV,65,2018-03,2026-03,0.060258247592875784
96,JOINT,2026-05,JOINT_DEV_DEV,66,2018-04,2026-04,0.06035128171590237
96,JOINT,2026-06,JOINT_DEV_DEV,67,2018-05,2026-05,0.0606879576110735
96,JOINT,2026-07,JOINT_DEV_DEV,68,2018-06,2026-06,0.06135064669132112
96,JOINT,2026-08,JOINT_DEV_DEV,69,2018-07,2026-07,0.06175281268639296
96,ALL,2022-11,JOINT_DEV_SLOG,24,2014-10,2022-10,0.03733226355311372
96,ALL,2022-12,JOINT_DEV_SLOG,25,2014-11,2022-11,0.03729390929436831
96,ALL,2023-01,JOINT_DEV_SLOG,26,2014-12,2022-12,0.037250328542446
96,ALL,2023-02,JOINT_DEV_SLOG,27,2015-01,2023-01,0.0374785537451149
96,ALL,2023-03,JOINT_DEV_SLOG,28,2015-02,2023-02,0.03816376025314388
96,ALL,2023-04,JOINT_DEV_SLOG,29,2015-03,2023-03,0.03876853491886051
96,ALL,2023-05,JOINT_DEV_SLOG,30,2015-04,2023-04,0.03874315518342967
96,ALL,2023-06,JOINT_DEV_SLOG,31,2015-05,2023-05,0.039151085794506796
96,ALL,2023-07,JOINT_DEV_SLOG,32,2015-06,2023-06,0.03912057557629469
96,ALL,2023-08,JOINT_DEV_SLOG,33,2015-07,2023-07,0.03901778183612827
96,ALL,2023-09,JOINT_DEV_SLOG,34,2015-08,2023-08,0.03934243045793062
96,ALL,2023-10,JOINT_DEV_SLOG,35,2015-09,2023-09,0.04026588942730925
96,ALL,2023-11,JOINT_DEV_DEV,36,2015-10,2023-10,0.04131498812242258
96,ALL,2023-12,JOINT_DEV_DEV,37,2015-11,2023-11,0.04204957226195313
96,ALL,2024-01,JOINT_DEV_DEV,38,2015-12,2023-12,0.04276246262450911
96,ALL,2024-02,JOINT_DEV_DEV,39,2016-01,2024-01,0.04376496288676993
96,ALL,2024-03,JOINT_DEV_DEV,40,2016-02,2024-02,0.04480413410015194
96,ALL,2024-04,JOINT_DEV_DEV,41,2016-03,2024-03,0.04551655498158004
96,ALL,2024-05,JOINT_DEV_DEV,42,2016-04,2024-04,0.04618282725083716
96,ALL,2024-06,JOINT_DEV_DEV,43,2016-05,2024-05,0.046990083246403
96,ALL,2024-07,JOINT_DEV_DEV,44,2016-06,2024-06,0.04789995454096832
96,ALL,2024-08,JOINT_DEV_DEV,45,2016-07,2024-07,0.04892216246059784
96,ALL,2024-09,JOINT_DEV_DEV,46,2016-08,2024-08,0.049762036787121405
96,ALL,2024-10,JOINT_DEV_DEV,47,2016-09,2024-09,0.05033821896661356
96,ALL,2024-11,JOINT_DEV_DEV,48,2016-10,2024-10,0.051432813906116974
96,ALL,2024-12,JOINT_DEV_DEV,49,2016-11,2024-11,0.05336941670453603
96,ALL,2025-01,JOINT_DEV_DEV,50,2016-12,2024-12,0.05542376536697514
96,ALL,2025-02,JOINT_DEV_DEV,51,2017-01,2025-01,0.056369358053526136
96,ALL,2025-03,JOINT_DEV_DEV,52,2017-02,2025-02,0.05730957576380653
96,ALL,2025-04,JOINT_DEV_DEV,53,2017-03,2025-03,0.0581696039253067
96,ALL,2025-05,JOINT_DEV_DEV,54,2017-04,2025-04,0.058637005861890176
96,ALL,2025-06,JOINT_DEV_DEV,55,2017-05,2025-05,0.0591458292145552
96,ALL,2025-07,JOINT_DEV_DEV,56,2017-06,2025-06,0.05936808256137617
96,ALL,2025-08,JOINT_DEV_DEV,57,2017-07,2025-07,0.059525838556763896
96,ALL,2025-09,JOINT_DEV_DEV,58,2017-08,2025-08,0.059568468496990164
96,ALL,2025-10,JOINT_DEV_DEV,59,2017-09,2025-09,0.05953130701440171
96,ALL,2025-11,JOINT_DEV_DEV,60,2017-10,2025-10,0.05969703180459555
96,ALL,2025-12,JOINT_DEV_DEV,61,2017-11,2025-11,0.05984545155881327
96,ALL,2026-01,JOINT_DEV_DEV,62,2017-12,2025-12,0.060022457974007376
96,ALL,2026-02,JOINT_DEV_DEV,63,2018-01,2026-01,0.05999977119566347
96,ALL,2026-03,JOINT_DEV_DEV,64,2018-02,2026-02,0.06002879431103689
96,ALL,2026-04,JOINT_DEV_DEV,65,2018-03,2026-03,0.060258247592875784
96,ALL,2026-05,JOINT_DEV_DEV,66,2018-04,2026-04,0.06035128171590237
96,ALL,2026-06,JOINT_DEV_DEV,67,2018-05,2026-05,0.0606879576110735
96,ALL,2026-07,JOINT_DEV_DEV,68,2018-06,2026-06,0.06135064669132112
96,ALL,2026-08,JOINT_DEV_DEV,69,2018-07,2026-07,0.06175281268639296
