asset,name,month,net,cash,hedge
BIL,Unhedged,2013-03,0.01744454962,0.005849740953,0
BIL,Unhedged,2013-04,-0.0003297233384,0.005849740953,0
BIL,Unhedged,2013-05,0.06001061291,0.006044919024,0
BIL,Unhedged,2013-06,0.03850663242,0.00643403011,0
BIL,Unhedged,2013-07,0.03410064626,0.00643403011,0
BIL,Unhedged,2013-08,0.02921396934,0.006821493366,0
BIL,Unhedged,2013-09,-0.042748289,0.007207323316,0
BIL,Unhedged,2013-10,-0.02463955168,0.007207323316,0
BIL,Unhedged,2013-11,0.05632770435,0.007591534291,0
BIL,Unhedged,2013-12,0.01784969639,0.007974140429,0
BIL,Unhedged,2014-01,0.02827072838,0.007974140429,0
BIL,Unhedged,2014-02,-0.04242424974,0.008355155684,0
BIL,Unhedged,2014-03,-0.02472448862,0.008545071039,0
BIL,Unhedged,2014-04,-0.005367781803,0.008545071039,0
BIL,Unhedged,2014-05,-0.01253267186,0.008734593824,0
BIL,Unhedged,2014-06,-0.0142357218,0.008734593824,0
BIL,Unhedged,2014-07,0.02586952252,0.008734593824,0
BIL,Unhedged,2014-08,-0.004004109163,0.008734593824,0
BIL,Unhedged,2014-09,0.09131407455,0.008734593824,0
BIL,Unhedged,2014-10,0.001004286313,0.008734593824,0
BIL,Unhedged,2014-11,0.03977169581,0.008923725729,0
BIL,Unhedged,2014-12,0.04008657402,0.008923725729,0
BIL,Unhedged,2015-01,0.00393821796,0.009300823619,0
BIL,Unhedged,2015-02,0.0881118978,0.009676378033,0
BIL,Unhedged,2015-03,0.1209938554,0.009676378033,0
BIL,Unhedged,2015-04,-0.08822513977,0.01005040212,0
BIL,Unhedged,2015-05,0.0617865673,0.01042290887,0
BIL,Unhedged,2015-06,-0.01454598238,0.01042290887,0
BIL,Unhedged,2015-07,0.08713357414,0.01079391108,0
BIL,Unhedged,2015-08,0.0756648555,0.01116342142,0
BIL,Unhedged,2015-09,0.1024165199,0.01116342142,0
BIL,Unhedged,2015-10,-0.03062414828,0.01116342142,0
BIL,Unhedged,2015-11,-0.007495700744,0.01116342142,0
BIL,Unhedged,2015-12,0.02896205423,0.01116342142,0
BIL,Unhedged,2016-01,0.02441773047,0.01116342142,0
BIL,Unhedged,2016-02,-0.01743948084,0.01116342142,0
BIL,Unhedged,2016-03,-0.09257977921,0.01116342142,0
BIL,Unhedged,2016-04,-0.03597833507,0.01116342142,0
BIL,Unhedged,2016-05,0.02520520978,0.01116342142,0
BIL,Unhedged,2016-06,-0.0951506159,0.01116342142,0
BIL,Unhedged,2016-07,0.01559514612,0.01116342142,0
BIL,Unhedged,2016-08,-0.01435034248,0.01116342142,0
BIL,Unhedged,2016-09,0.002993350788,0.01116342142,0
BIL,Unhedged,2016-10,-0.01883397971,0.01116342142,0
BIL,Unhedged,2016-11,0.06665350843,0.01097885195,0
BIL,Unhedged,2016-12,-0.04151699028,0.01097885195,0
BIL,Unhedged,2017-01,-0.04147745997,0.01079391108,0
BIL,Unhedged,2017-02,-0.006532130922,0.01023684436,0
BIL,Unhedged,2017-03,0.02093716697,0.009676378033,0
BIL,Unhedged,2017-04,0.005447183861,0.009676378033,0
BIL,Unhedged,2017-05,0.02379910117,0.008923725729,0
BIL,Unhedged,2017-06,0.0143546316,0.008923725729,0
BIL,Unhedged,2017-07,-0.04818555195,0.008164846052,0
BIL,Unhedged,2017-08,0.01028636333,0.007399630287,0
BIL,Unhedged,2017-09,0.00836092463,0.007399630287,0
BIL,Unhedged,2017-10,0.02658222245,0.006627966804,0
BIL,Unhedged,2017-11,-0.00154489442,0.006044919024,0
BIL,Unhedged,2017-12,0.01585758236,0.006044919024,0
BIL,Unhedged,2018-01,-0.04474402476,0.005654145387,0
BIL,Unhedged,2018-02,0.02714759315,0.005654145387,0
BIL,Unhedged,2018-03,0.02575512229,0.005458130457,0
BIL,Unhedged,2018-04,0.04588724015,0.005261694277,0
BIL,Unhedged,2018-05,0.07580215766,0.005261694277,0
BIL,Unhedged,2018-06,0.03380517149,0.005261694277,0
BIL,Unhedged,2018-07,-0.02871844874,0.005261694277,0
BIL,Unhedged,2018-08,0.1187895821,0.005261694277,0
BIL,Unhedged,2018-09,-0.03475883837,0.005261694277,0
BIL,Unhedged,2018-10,-0.07655995686,0.005261694277,0
BIL,Unhedged,2018-11,0.04346362899,0.005261694277,0
BIL,Unhedged,2018-12,0.007398655971,0.005261694277,0
BIL,Unhedged,2019-01,-0.05546268239,0.005261694277,0
BIL,Unhedged,2019-02,0.02368180458,0.005261694277,0
BIL,Unhedged,2019-03,0.04595403994,0.005261694277,0
BIL,Unhedged,2019-04,0.00767529337,0.005261694277,0
BIL,Unhedged,2019-05,0.01757224698,0.005261694277,0
BIL,Unhedged,2019-06,-0.03934098494,0.005261694277,0
BIL,Unhedged,2019-07,-0.008896671217,0.005261694277,0
BIL,Unhedged,2019-08,0.1008926661,0.005261694277,0
BIL,Unhedged,2019-09,0.002063702025,0.004867550565,0
BIL,Unhedged,2019-10,-0.0389005844,0.004471698917,0
BIL,Unhedged,2019-11,0.06118768678,0.004074123784,0
BIL,Unhedged,2019-12,-0.04876747044,0.004074123784,0
BIL,Unhedged,2020-01,0.06276418031,0.0036748094,0
BIL,Unhedged,2020-02,0.05237656094,0.0036748094,0
BIL,Unhedged,2020-03,0.1623949418,0.003474495003,0
BIL,Unhedged,2020-04,0.0347923986,0.003072541703,0
BIL,Unhedged,2020-05,-0.005361271161,0.003072541703,0
BIL,Unhedged,2020-06,0.01886894068,0.002466269772,0
BIL,Unhedged,2020-07,-0.05319613769,0.001855937535,0
BIL,Unhedged,2020-08,0.04935025947,0.001855937535,0
BIL,Unhedged,2020-09,0.0443032367,0.001651581302,0
BIL,Unhedged,2020-10,0.02057343049,0.001651581302,0
BIL,Unhedged,2020-11,-0.08268317041,0.001651581302,0
BIL,Unhedged,2020-12,-0.0203624499,0.001651581302,0
BIL,Unhedged,2021-01,0.05606805825,0.001651581302,0
BIL,Unhedged,2021-02,0.002271261802,0.001651581302,0
BIL,Unhedged,2021-03,0.0455261714,0.001651581302,0
BIL,Unhedged,2021-04,-0.07003097279,0.002263279642,0
BIL,Unhedged,2021-05,-0.02103571841,0.002263279642,0
BIL,Unhedged,2021-06,-0.05098156459,0.002870898719,0
BIL,Unhedged,2021-07,0.02749499212,0.003474495003,0
BIL,Unhedged,2021-08,0.01579405572,0.003474495003,0
BIL,Unhedged,2021-09,0.04286442266,0.004273127766,0
BIL,Unhedged,2021-10,0.04291048596,0.00506483495,0
BIL,Unhedged,2021-11,-0.005599699329,0.006239681461,0
BIL,Unhedged,2021-12,-0.007133722431,0.006239681461,0
BIL,Unhedged,2022-01,-0.03417119608,0.007399630287,0
BIL,Unhedged,2022-02,-0.04059042652,0.007399630287,0
BIL,Unhedged,2022-03,-0.07481598688,0.008545071039,0
BIL,Unhedged,2022-04,0.02527744188,0.009300823619,0
BIL,Unhedged,2022-05,-0.02808775348,0.009300823619,0
BIL,Unhedged,2022-06,0.09829183772,0.01005040212,0
BIL,Unhedged,2022-07,-0.009094494812,0.01042290887,0
BIL,Unhedged,2022-08,-0.00257832246,0.01042290887,0
BIL,Unhedged,2022-09,0.04997689331,0.01079391108,0
BIL,Unhedged,2022-10,-0.01312461967,0.01079391108,0
BIL,Unhedged,2022-11,0.001576578173,0.01079391108,0
BIL,Unhedged,2022-12,-0.000203310853,0.01079391108,0
BIL,Unhedged,2023-01,-0.03035606746,0.01079391108,0
BIL,Unhedged,2023-02,0.02196086251,0.01079391108,0
BIL,Unhedged,2023-03,-0.02180680593,0.01079391108,0
BIL,Unhedged,2023-04,-0.01121136239,0.01079391108,0
BIL,Unhedged,2023-05,0.0207700583,0.01079391108,0
BIL,Unhedged,2023-06,-0.03960292301,0.01079391108,0
BIL,Unhedged,2023-07,-0.0246285483,0.01079391108,0
BIL,Unhedged,2023-08,0.03988917721,0.01079391108,0
BIL,Unhedged,2023-09,0.02962799555,0.01042290887,0
BIL,Unhedged,2023-10,0.01474664919,0.01005040212,0
BIL,Unhedged,2023-11,-0.01961754373,0.01005040212,0
BIL,Unhedged,2023-12,-0.01327545047,0.009676378033,0
BIL,Unhedged,2024-01,0.02650808579,0.009300823619,0
BIL,Unhedged,2024-02,0.01116937489,0.009300823619,0
BIL,Unhedged,2024-03,0.005085714089,0.008923725729,0
BIL,Unhedged,2024-04,0.02983502407,0.008545071039,0
BIL,Unhedged,2024-05,0.01908262372,0.008545071039,0
BIL,Unhedged,2024-06,0.06282570961,0.008355155684,0
BIL,Unhedged,2024-07,0.02611916456,0.008355155684,0
BIL,Unhedged,2024-08,0.00179548863,0.008355155684,0
BIL,Unhedged,2024-09,-0.03196970578,0.008355155684,0
BIL,Unhedged,2024-10,0.06929703771,0.008545071039,0
BIL,Unhedged,2024-11,0.06261360972,0.008545071039,0
BIL,Unhedged,2024-12,0.01903764184,0.008923725729,0
BIL,Unhedged,2025-01,-0.05271440088,0.009676378033,0
BIL,Unhedged,2025-02,0.002080832815,0.01042290887,0
BIL,Unhedged,2025-03,-0.005653038006,0.01042290887,0
BIL,Unhedged,2025-04,-0.02549524832,0.01116342142,0
BIL,Unhedged,2025-05,0.01556636122,0.01116342142,0
BIL,Unhedged,2025-06,-0.02958669137,0.01153145236,0
BIL,Unhedged,2025-07,0.01984883101,0.01171491692,0
BIL,Unhedged,2025-08,-0.02450743062,0.01171491692,0
BIL,Unhedged,2025-09,-0.01672058284,0.01171491692,0
BIL,Unhedged,2025-10,0.01548898994,0.01171491692,0
BIL,Unhedged,2025-11,-0.004916334312,0.01171491692,0
BIL,Unhedged,2025-12,0.02941511097,0.01171491692,0
BIL,Unhedged,2026-01,-0.04400181195,0.01171491692,0
BIL,Unhedged,2026-02,-0.009949061907,0.01171491692,0
BIL,Unhedged,2026-03,0.01617164844,0.01171491692,0
BIL,Unhedged,2026-04,-0.04368140414,0.01153145236,0
BIL,Unhedged,2026-05,0.01604022869,0.01134762104,0
BIL,Unhedged,2026-06,0.02919117161,0.01134762104,0
BIL,Unhedged,2026-07,-0.01989791199,0.01116342142,0
BIL,Unhedged,2026-08,0.02402722532,0.01116342142,0
BIL,Half,2013-03,0.01089479272,0.005849740953,0.5
BIL,Half,2013-04,0.002498802254,0.005849740953,0.5
BIL,Half,2013-05,0.03299080255,0.006044919024,0.5
BIL,Half,2013-06,0.02220486541,0.00643403011,0.5
BIL,Half,2013-07,0.02011495521,0.00643403011,0.5
BIL,Half,2013-08,0.01786532821,0.006821493366,0.5
BIL,Half,2013-09,-0.01802761329,0.007207323316,0.5
BIL,Half,2013-10,-0.008974943375,0.007207323316,0.5
BIL,Half,2013-11,0.03169152599,0.007591534291,0.5
BIL,Half,2013-12,0.01275945527,0.007974140429,0.5
BIL,Half,2014-01,0.01796997127,0.007974140429,0.5
BIL,Half,2014-02,-0.01708221452,0.008355155684,0.5
BIL,Half,2014-03,-0.008348977904,0.008545071039,0.5
BIL,Half,2014-04,0.001436151764,0.008545071039,0.5
BIL,Half,2014-05,-0.002051541738,0.008734593824,0.5
BIL,Half,2014-06,-0.003010706158,0.008734593824,0.5
BIL,Half,2014-07,0.01703751228,0.008734593824,0.5
BIL,Half,2014-08,0.002321496296,0.008734593824,0.5
BIL,Half,2014-09,0.04987183147,0.008734593824,0.5
BIL,Half,2014-10,0.004607609904,0.008734593824,0.5
BIL,Half,2014-11,0.02419519821,0.008923725729,0.5
BIL,Half,2014-12,0.0242388536,0.008923725729,0.5
BIL,Half,2015-01,0.00635708297,0.009300823619,0.5
BIL,Half,2015-02,0.04874158618,0.009676378033,0.5
BIL,Half,2015-03,0.06518256499,0.009676378033,0.5
BIL,Half,2015-04,-0.03933958741,0.01005040212,0.5
BIL,Half,2015-05,0.03583613554,0.01042290887,0.5
BIL,Half,2015-06,-0.002214127346,0.01042290887,0.5
BIL,Half,2015-07,0.04881113271,0.01079391108,0.5
BIL,Half,2015-08,0.04326150933,0.01116342142,0.5
BIL,Half,2015-09,0.05639621843,0.01116342142,0.5
BIL,Half,2015-10,-0.009989179916,0.01116342142,0.5
BIL,Half,2015-11,0.001789928274,0.01116342142,0.5
BIL,Half,2015-12,0.01979739415,0.01116342142,0.5
BIL,Half,2016-01,0.01764509392,0.01116342142,0.5
BIL,Half,2016-02,-0.003395703905,0.01116342142,0.5
BIL,Half,2016-03,-0.04096585309,0.01116342142,0.5
BIL,Half,2016-04,-0.01245437016,0.01116342142,0.5
BIL,Half,2016-05,0.01792664141,0.01116342142,0.5
BIL,Half,2016-06,-0.04235029977,0.01116342142,0.5
BIL,Half,2016-07,0.01334365032,0.01116342142,0.5
BIL,Half,2016-08,-0.001851134724,0.01116342142,0.5
BIL,Half,2016-09,0.006930304555,0.01116342142,0.5
BIL,Half,2016-10,-0.003985564199,0.01116342142,0.5
BIL,Half,2016-11,0.03832516392,0.01097885195,0.5
BIL,Half,2016-12,-0.01542188528,0.01097885195,0.5
BIL,Half,2017-01,-0.01549443914,0.01079391108,0.5
BIL,Half,2017-02,0.001739927242,0.01023684436,0.5
BIL,Half,2017-03,0.01485531348,0.009676378033,0.5
BIL,Half,2017-04,0.007469268981,0.009676378033,0.5
BIL,Half,2017-05,0.01597367784,0.008923725729,0.5
BIL,Half,2017-06,0.0116942646,0.008923725729,0.5
BIL,Half,2017-07,-0.02042389786,0.008164846052,0.5
BIL,Half,2017-08,0.008847622012,0.007399630287,0.5
BIL,Half,2017-09,0.007674643912,0.007399630287,0.5
BIL,Half,2017-10,0.01639509697,0.006627966804,0.5
BIL,Half,2017-11,0.001954274625,0.006044919024,0.5
BIL,Half,2017-12,0.01076018565,0.006044919024,0.5
BIL,Half,2018-01,-0.01959073868,0.005654145387,0.5
BIL,Half,2018-02,0.01615568113,0.005654145387,0.5
BIL,Half,2018-03,0.01560136659,0.005458130457,0.5
BIL,Half,2018-04,0.02534244207,0.005261694277,0.5
BIL,Half,2018-05,0.04056210444,0.005261694277,0.5
BIL,Half,2018-06,0.01952614451,0.005261694277,0.5
BIL,Half,2018-07,-0.01193228769,0.005261694277,0.5
BIL,Half,2018-08,0.06203392589,0.005261694277,0.5
BIL,Half,2018-09,-0.01495168851,0.005261694277,0.5
BIL,Half,2018-10,-0.03584294099,0.005261694277,0.5
BIL,Half,2018-11,0.02435120056,0.005261694277,0.5
BIL,Half,2018-12,0.006269049006,0.005261694277,0.5
BIL,Half,2019-01,-0.02535796863,0.005261694277,0.5
BIL,Half,2019-02,0.01433358261,0.005261694277,0.5
BIL,Half,2019-03,0.02543932797,0.005261694277,0.5
BIL,Half,2019-04,0.006354291382,0.005261694277,0.5
BIL,Half,2019-05,0.01141207689,0.005261694277,0.5
BIL,Half,2019-06,-0.01725150684,0.005261694277,0.5
BIL,Half,2019-07,-0.002007076554,0.005261694277,0.5
BIL,Half,2019-08,0.0529263836,0.005261694277,0.5
BIL,Half,2019-09,0.003295718088,0.004867550565,0.5
BIL,Half,2019-10,-0.01732017617,0.004471698917,0.5
BIL,Half,2019-11,0.03243060014,0.004074123784,0.5
BIL,Half,2019-12,-0.02259035031,0.004074123784,0.5
BIL,Half,2020-01,0.03308448923,0.0036748094,0.5
BIL,Half,2020-02,0.02787277877,0.0036748094,0.5
BIL,Half,2020-03,0.08334711866,0.003474495003,0.5
BIL,Half,2020-04,0.01867866862,0.003072541703,0.5
BIL,Half,2020-05,-0.001383647632,0.003072541703,0.5
BIL,Half,2020-06,0.01051542876,0.002466269772,0.5
BIL,Half,2020-07,-0.0257704636,0.001855937535,0.5
BIL,Half,2020-08,0.0254509538,0.001855937535,0.5
BIL,Half,2020-09,0.022711127,0.001651581302,0.5
BIL,Half,2020-10,0.01101609202,0.001651581302,0.5
BIL,Half,2020-11,-0.04071801678,0.001651581302,0.5
BIL,Half,2020-12,-0.009491526443,0.001651581302,0.5
BIL,Half,2021-01,0.02870768572,0.001651581302,0.5
BIL,Half,2021-02,0.001754606281,0.001651581302,0.5
BIL,Half,2021-03,0.02337953882,0.001651581302,0.5
BIL,Half,2021-04,-0.03403601247,0.002263279642,0.5
BIL,Half,2021-05,-0.009591952844,0.002263279642,0.5
BIL,Half,2021-06,-0.02431103295,0.002870898719,0.5
BIL,Half,2021-07,0.01527596602,0.003474495003,0.5
BIL,Half,2021-08,0.009426692275,0.003474495003,0.5
BIL,Half,2021-09,0.02347332782,0.004273127766,0.5
BIL,Half,2021-10,0.02377851692,0.00506483495,0.5
BIL,Half,2021-11,5.882148708e-05,0.006239681461,0.5
BIL,Half,2021-12,-0.0005993933478,0.006239681461,0.5
BIL,Half,2022-01,-0.01353821613,0.007399630287,0.5
BIL,Half,2022-02,-0.01685282273,0.007399630287,0.5
BIL,Half,2022-03,-0.03307545957,0.008545071039,0.5
BIL,Half,2022-04,0.01697566888,0.009300823619,0.5
BIL,Half,2022-05,-0.009491369083,0.009300823619,0.5
BIL,Half,2022-06,0.05413083533,0.01005040212,0.5
BIL,Half,2022-07,6.489551828e-05,0.01042290887,0.5
BIL,Half,2022-08,0.003799026373,0.01042290887,0.5
BIL,Half,2022-09,0.03038106317,0.01079391108,0.5
BIL,Half,2022-10,-0.001778428805,0.01079391108,0.5
BIL,Half,2022-11,0.006364165378,0.01079391108,0.5
BIL,Half,2022-12,0.005402719442,0.01079391108,0.5
BIL,Half,2023-01,-0.01030714358,0.01079391108,0.5
BIL,Half,2023-02,0.01623801154,0.01079391108,0.5
BIL,Half,2023-03,-0.005562837247,0.01079391108,0.5
BIL,Half,2023-04,-0.0005210896119,0.01079391108,0.5
BIL,Half,2023-05,0.01558881004,0.01079391108,0.5
BIL,Half,2023-06,-0.01440326478,0.01079391108,0.5
BIL,Half,2023-07,-0.007242651864,0.01079391108,0.5
BIL,Half,2023-08,0.02561110318,0.01079391108,0.5
BIL,Half,2023-09,0.01977246917,0.01042290887,0.5
BIL,Half,2023-10,0.01227704107,0.01005040212,0.5
BIL,Half,2023-11,-0.004797752617,0.01005040212,0.5
BIL,Half,2023-12,-0.001997038084,0.009676378033,0.5
BIL,Half,2024-01,0.01778847811,0.009300823619,0.5
BIL,Half,2024-02,0.01017464424,0.009300823619,0.5
BIL,Half,2024-03,0.006761481191,0.008923725729,0.5
BIL,Half,2024-04,0.01911042022,0.008545071039,0.5
BIL,Half,2024-05,0.01383808803,0.008545071039,0.5
BIL,Half,2024-06,0.0354090923,0.008355155684,0.5
BIL,Half,2024-07,0.0172447697,0.008355155684,0.5
BIL,Half,2024-08,0.005082571545,0.008355155684,0.5
BIL,Half,2024-09,-0.01206720982,0.008355155684,0.5
BIL,Half,2024-10,0.03892724795,0.008545071039,0.5
BIL,Half,2024-11,0.03544554048,0.008545071039,0.5
BIL,Half,2024-12,0.01402929697,0.008923725729,0.5
BIL,Half,2025-01,-0.02176521089,0.009676378033,0.5
BIL,Half,2025-02,0.005969293608,0.01042290887,0.5
BIL,Half,2025-03,0.002105942513,0.01042290887,0.5
BIL,Half,2025-04,-0.007414664587,0.01116342142,0.5
BIL,Half,2025-05,0.01330163329,0.01116342142,0.5
BIL,Half,2025-06,-0.009310492495,0.01153145236,0.5
BIL,Half,2025-07,0.01569181856,0.01171491692,0.5
BIL,Half,2025-08,-0.006496424652,0.01171491692,0.5
BIL,Half,2025-09,-0.002786420614,0.01171491692,0.5
BIL,Half,2025-10,0.01357700737,0.01171491692,0.5
BIL,Half,2025-11,0.003126020631,0.01171491692,0.5
BIL,Half,2025-12,0.02058432266,0.01171491692,0.5
BIL,Half,2026-01,-0.01633411226,0.01171491692,0.5
BIL,Half,2026-02,0.0006025211188,0.01171491692,0.5
BIL,Half,2026-03,0.01380254057,0.01171491692,0.5
BIL,Half,2026-04,-0.0162960698,0.01153145236,0.5
BIL,Half,2026-05,0.01370298399,0.01134762104,0.5
BIL,Half,2026-06,0.02006935785,0.01134762104,0.5
BIL,Half,2026-07,-0.004318978517,0.01116342142,0.5
BIL,Half,2026-08,0.01680578303,0.01116342142,0.5
BIL,Full,2013-03,0.004345035819,0.005849740953,1
BIL,Full,2013-04,0.005327327847,0.005849740953,1
BIL,Full,2013-05,0.005970992187,0.006044919024,1
BIL,Full,2013-06,0.005903098409,0.00643403011,1
BIL,Full,2013-07,0.006129264154,0.00643403011,1
BIL,Full,2013-08,0.006516687076,0.006821493366,1
BIL,Full,2013-09,0.006693062416,0.007207323316,1
BIL,Full,2013-10,0.006689664929,0.007207323316,1
BIL,Full,2013-11,0.007055347623,0.007591534291,1
BIL,Full,2013-12,0.007669214153,0.007974140429,1
BIL,Full,2014-01,0.007669214153,0.007974140429,1
BIL,Full,2014-02,0.008259820708,0.008355155684,1
BIL,Full,2014-03,0.008026532815,0.008545071039,1
BIL,Full,2014-04,0.008240085332,0.008545071039,1
BIL,Full,2014-05,0.008429588387,0.008734593824,1
BIL,Full,2014-06,0.00821430948,0.008734593824,1
BIL,Full,2014-07,0.008205502045,0.008734593824,1
BIL,Full,2014-08,0.008647101754,0.008734593824,1
BIL,Full,2014-09,0.008429588387,0.008734593824,1
BIL,Full,2014-10,0.008210933496,0.008734593824,1
BIL,Full,2014-11,0.008618700605,0.008923725729,1
BIL,Full,2014-12,0.008391133173,0.008923725729,1
BIL,Full,2015-01,0.008775947981,0.009300823619,1
BIL,Full,2015-02,0.009371274561,0.009676378033,1
BIL,Full,2015-03,0.009371274561,0.009676378033,1
BIL,Full,2015-04,0.009545964956,0.01005040212,1
BIL,Full,2015-05,0.009885703775,0.01042290887,1
BIL,Full,2015-06,0.01011772768,0.01042290887,1
BIL,Full,2015-07,0.01048869128,0.01079391108,1
BIL,Full,2015-08,0.01085816315,0.01116342142,1
BIL,Full,2015-09,0.01037591696,0.01116342142,1
BIL,Full,2015-10,0.01064578845,0.01116342142,1
BIL,Full,2015-11,0.01107555729,0.01116342142,1
BIL,Full,2015-12,0.01063273407,0.01116342142,1
BIL,Full,2016-01,0.01087245737,0.01116342142,1
BIL,Full,2016-02,0.01064807303,0.01116342142,1
BIL,Full,2016-03,0.01064807303,0.01116342142,1
BIL,Full,2016-04,0.01106959474,0.01116342142,1
BIL,Full,2016-05,0.01064807303,0.01116342142,1
BIL,Full,2016-06,0.01045001635,0.01116342142,1
BIL,Full,2016-07,0.01109215452,0.01116342142,1
BIL,Full,2016-08,0.01064807303,0.01116342142,1
BIL,Full,2016-09,0.01086725832,0.01116342142,1
BIL,Full,2016-10,0.01086285132,0.01116342142,1
BIL,Full,2016-11,0.009996819404,0.01097885195,1
BIL,Full,2016-12,0.01067321972,0.01097885195,1
BIL,Full,2017-01,0.01048858169,0.01079391108,1
BIL,Full,2017-02,0.01001198541,0.01023684436,1
BIL,Full,2017-03,0.00877345998,0.009676378033,1
BIL,Full,2017-04,0.009491354102,0.009676378033,1
BIL,Full,2017-05,0.008148254504,0.008923725729,1
BIL,Full,2017-06,0.009033897601,0.008923725729,1
BIL,Full,2017-07,0.007337756219,0.008164846052,1
BIL,Full,2017-08,0.00740888069,0.007399630287,1
BIL,Full,2017-09,0.006988363194,0.007399630287,1
BIL,Full,2017-10,0.00620797149,0.006627966804,1
BIL,Full,2017-11,0.005453443671,0.006044919024,1
BIL,Full,2017-12,0.005662788948,0.006044919024,1
BIL,Full,2018-01,0.005562547402,0.005654145387,1
BIL,Full,2018-02,0.005163769114,0.005654145387,1
BIL,Full,2018-03,0.005447610894,0.005458130457,1
BIL,Full,2018-04,0.004797643988,0.005261694277,1
BIL,Full,2018-05,0.005322051224,0.005261694277,1
BIL,Full,2018-06,0.005247117532,0.005261694277,1
BIL,Full,2018-07,0.00485387337,0.005261694277,1
BIL,Full,2018-08,0.005278269653,0.005261694277,1
BIL,Full,2018-09,0.00485546135,0.005261694277,1
BIL,Full,2018-10,0.004874074874,0.005261694277,1
BIL,Full,2018-11,0.005238772132,0.005261694277,1
BIL,Full,2018-12,0.005139442041,0.005261694277,1
BIL,Full,2019-01,0.004746745142,0.005261694277,1
BIL,Full,2019-02,0.004985360641,0.005261694277,1
BIL,Full,2019-03,0.004924615992,0.005261694277,1
BIL,Full,2019-04,0.005033289394,0.005261694277,1
BIL,Full,2019-05,0.00525190681,0.005261694277,1
BIL,Full,2019-06,0.004837971267,0.005261694277,1
BIL,Full,2019-07,0.00488251811,0.005261694277,1
BIL,Full,2019-08,0.004960101126,0.005261694277,1
BIL,Full,2019-09,0.004527734151,0.004867550565,1
BIL,Full,2019-10,0.004260232057,0.004471698917,1
BIL,Full,2019-11,0.003673513507,0.004074123784,1
BIL,Full,2019-12,0.003586769824,0.004074123784,1
BIL,Full,2020-01,0.003404798142,0.0036748094,1
BIL,Full,2020-02,0.003368996596,0.0036748094,1
BIL,Full,2020-03,0.004299295522,0.003474495003,1
BIL,Full,2020-04,0.002564938637,0.003072541703,1
BIL,Full,2020-05,0.002593975897,0.003072541703,1
BIL,Full,2020-06,0.002161916845,0.002466269772,1
BIL,Full,2020-07,0.001655210492,0.001855937535,1
BIL,Full,2020-08,0.001551648141,0.001855937535,1
BIL,Full,2020-09,0.001119017297,0.001651581302,1
BIL,Full,2020-10,0.001458753559,0.001651581302,1
BIL,Full,2020-11,0.001247136852,0.001651581302,1
BIL,Full,2020-12,0.001379397011,0.001651581302,1
BIL,Full,2021-01,0.00134731318,0.001651581302,1
BIL,Full,2021-02,0.00123795076,0.001651581302,1
BIL,Full,2021-03,0.001232906231,0.001651581302,1
BIL,Full,2021-04,0.001958947845,0.002263279642,1
BIL,Full,2021-05,0.001851812723,0.002263279642,1
BIL,Full,2021-06,0.002359498682,0.002870898719,1
BIL,Full,2021-07,0.003056939927,0.003474495003,1
BIL,Full,2021-08,0.003059328827,0.003474495003,1
BIL,Full,2021-09,0.004082232979,0.004273127766,1
BIL,Full,2021-10,0.004646547888,0.00506483495,1
BIL,Full,2021-11,0.005717342304,0.006239681461,1
BIL,Full,2021-12,0.005934935736,0.006239681461,1
BIL,Full,2022-01,0.007094763815,0.007399630287,1
BIL,Full,2022-02,0.006884781062,0.007399630287,1
BIL,Full,2022-03,0.008665067732,0.008545071039,1
BIL,Full,2022-04,0.008673895871,0.009300823619,1
BIL,Full,2022-05,0.009105015319,0.009300823619,1
BIL,Full,2022-06,0.009969832945,0.01005040212,1
BIL,Full,2022-07,0.009224285848,0.01042290887,1
BIL,Full,2022-08,0.01017637521,0.01042290887,1
BIL,Full,2022-09,0.01078523302,0.01079391108,1
BIL,Full,2022-10,0.009567762061,0.01079391108,1
BIL,Full,2022-11,0.01115175258,0.01079391108,1
BIL,Full,2022-12,0.01100874974,0.01079391108,1
BIL,Full,2023-01,0.009741780309,0.01079391108,1
BIL,Full,2023-02,0.01051516056,0.01079391108,1
BIL,Full,2023-03,0.01068113144,0.01079391108,1
BIL,Full,2023-04,0.01016918316,0.01079391108,1
BIL,Full,2023-05,0.01040756178,0.01079391108,1
BIL,Full,2023-06,0.01079639346,0.01079391108,1
BIL,Full,2023-07,0.01014324458,0.01079391108,1
BIL,Full,2023-08,0.01133302915,0.01079391108,1
BIL,Full,2023-09,0.009916942789,0.01042290887,1
BIL,Full,2023-10,0.009807432952,0.01005040212,1
BIL,Full,2023-11,0.01002203849,0.01005040212,1
BIL,Full,2023-12,0.009281374307,0.009676378033,1
BIL,Full,2024-01,0.009068870417,0.009300823619,1
BIL,Full,2024-02,0.009179913599,0.009300823619,1
BIL,Full,2024-03,0.008437248292,0.008923725729,1
BIL,Full,2024-04,0.008385816369,0.008545071039,1
BIL,Full,2024-05,0.008593552336,0.008545071039,1
BIL,Full,2024-06,0.007992475,0.008355155684,1
BIL,Full,2024-07,0.008370374846,0.008355155684,1
BIL,Full,2024-08,0.00836965446,0.008355155684,1
BIL,Full,2024-09,0.007835286147,0.008355155684,1
BIL,Full,2024-10,0.008557458185,0.008545071039,1
BIL,Full,2024-11,0.008277471244,0.008545071039,1
BIL,Full,2024-12,0.009020952108,0.008923725729,1
BIL,Full,2025-01,0.009183979106,0.009676378033,1
BIL,Full,2025-02,0.0098577544,0.01042290887,1
BIL,Full,2025-03,0.009864923032,0.01042290887,1
BIL,Full,2025-04,0.01066591915,0.01116342142,1
BIL,Full,2025-05,0.01103690537,0.01116342142,1
BIL,Full,2025-06,0.01096570637,0.01153145236,1
BIL,Full,2025-07,0.01153480611,0.01171491692,1
BIL,Full,2025-08,0.01151458132,0.01171491692,1
BIL,Full,2025-09,0.01114774161,0.01171491692,1
BIL,Full,2025-10,0.0116650248,0.01171491692,1
BIL,Full,2025-11,0.01116837557,0.01171491692,1
BIL,Full,2025-12,0.01175353436,0.01171491692,1
BIL,Full,2026-01,0.01133358742,0.01171491692,1
BIL,Full,2026-02,0.01115410415,0.01171491692,1
BIL,Full,2026-03,0.01143343269,0.01171491692,1
BIL,Full,2026-04,0.01108926454,0.01153145236,1
BIL,Full,2026-05,0.01136573929,0.01134762104,1
BIL,Full,2026-06,0.01094754409,0.01134762104,1
BIL,Full,2026-07,0.01125995495,0.01116342142,1
BIL,Full,2026-08,0.009584340731,0.01116342142,1
BIL,EJR_FX,2013-03,0.01744454962,0.005849740953,0
BIL,EJR_FX,2013-04,-0.0003297233384,0.005849740953,0
BIL,EJR_FX,2013-05,0.06001061291,0.006044919024,0
BIL,EJR_FX,2013-06,0.03850663242,0.00643403011,0
BIL,EJR_FX,2013-07,0.03410064626,0.00643403011,0
BIL,EJR_FX,2013-08,0.02921396934,0.006821493366,0
BIL,EJR_FX,2013-09,-0.042748289,0.007207323316,0
BIL,EJR_FX,2013-10,-0.02463955168,0.007207323316,0
BIL,EJR_FX,2013-11,0.05632770435,0.007591534291,0
BIL,EJR_FX,2013-12,0.01784969639,0.007974140429,0
BIL,EJR_FX,2014-01,0.02827072838,0.007974140429,0
BIL,EJR_FX,2014-02,-0.04242424974,0.008355155684,0
BIL,EJR_FX,2014-03,-0.02472448862,0.008545071039,0
BIL,EJR_FX,2014-04,-0.005367781803,0.008545071039,0
BIL,EJR_FX,2014-05,-0.01253267186,0.008734593824,0
BIL,EJR_FX,2014-06,-0.0142357218,0.008734593824,0
BIL,EJR_FX,2014-07,0.02586952252,0.008734593824,0
BIL,EJR_FX,2014-08,-0.004004109163,0.008734593824,0
BIL,EJR_FX,2014-09,0.09131407455,0.008734593824,0
BIL,EJR_FX,2014-10,0.001004286313,0.008734593824,0
BIL,EJR_FX,2014-11,0.03977169581,0.008923725729,0
BIL,EJR_FX,2014-12,0.04008657402,0.008923725729,0
BIL,EJR_FX,2015-01,0.00393821796,0.009300823619,0
BIL,EJR_FX,2015-02,0.08208573001,0.009676378033,0.07653187826
BIL,EJR_FX,2015-03,0.1158903552,0.009676378033,0.04572103763
BIL,EJR_FX,2015-04,-0.04727078573,0.01005040212,0.4188799355
BIL,EJR_FX,2015-05,0.01361783155,0.01042290887,0.9280912201
BIL,EJR_FX,2015-06,-0.004628892749,0.01042290887,0.4020923699
BIL,EJR_FX,2015-07,0.03491620789,0.01079391108,0.6812896609
BIL,EJR_FX,2015-08,0.03828422647,0.01116342142,0.5768019887
BIL,EJR_FX,2015-09,0.01037591696,0.01116342142,1
BIL,EJR_FX,2015-10,0.01064578845,0.01116342142,1
BIL,EJR_FX,2015-11,0.01107555729,0.01116342142,1
BIL,EJR_FX,2015-12,0.01063273407,0.01116342142,1
BIL,EJR_FX,2016-01,0.01087245737,0.01116342142,1
BIL,EJR_FX,2016-02,0.01064807303,0.01116342142,1
BIL,EJR_FX,2016-03,0.01064807303,0.01116342142,1
BIL,EJR_FX,2016-04,0.01106959474,0.01116342142,1
BIL,EJR_FX,2016-05,0.01064807303,0.01116342142,1
BIL,EJR_FX,2016-06,-0.01473364832,0.01116342142,0.7615197549
BIL,EJR_FX,2016-07,0.0115294096,0.01116342142,0.9028967578
BIL,EJR_FX,2016-08,-0.006211077454,0.01116342142,0.3255912369
BIL,EJR_FX,2016-09,0.006069426332,0.01116342142,0.3906669631
BIL,EJR_FX,2016-10,-0.009734371014,0.01116342142,0.3064168258
BIL,EJR_FX,2016-11,0.05059439026,0.01097885195,0.283446111
BIL,EJR_FX,2016-12,-0.03352982076,0.01097885195,0.1530396125
BIL,EJR_FX,2017-01,-0.01344336106,0.01079391108,0.5394695846
BIL,EJR_FX,2017-02,-0.001833986825,0.01023684436,0.2839767325
BIL,EJR_FX,2017-03,0.02074325875,0.009676378033,0.01594154005
BIL,EJR_FX,2017-04,0.005447183861,0.009676378033,0
BIL,EJR_FX,2017-05,0.02229197966,0.008923725729,0.09629648412
BIL,EJR_FX,2017-06,0.01369438812,0.008923725729,0.1240887977
BIL,EJR_FX,2017-07,-0.03418076732,0.008164846052,0.2522325325
BIL,EJR_FX,2017-08,0.009308365644,0.007399630287,0.3398796137
BIL,EJR_FX,2017-09,0.008312422049,0.007399630287,0.03533727512
BIL,EJR_FX,2017-10,0.02435033473,0.006627966804,0.1095445286
BIL,EJR_FX,2017-11,-0.0005816851173,0.006044919024,0.1376340054
BIL,EJR_FX,2017-12,0.01284290622,0.006044919024,0.2957074282
BIL,EJR_FX,2018-01,-0.02936327266,0.005654145387,0.3057404119
BIL,EJR_FX,2018-02,0.01909254752,0.005654145387,0.3664078466
BIL,EJR_FX,2018-03,0.02428593758,0.005458130457,0.07234686166
BIL,EJR_FX,2018-04,0.03774197892,0.005261694277,0.1982317177
BIL,EJR_FX,2018-05,0.05063823708,0.005261694277,0.3570357915
BIL,EJR_FX,2018-06,0.01596997954,0.005261694277,0.624524065
BIL,EJR_FX,2018-07,0.00485387337,0.005261694277,1
BIL,EJR_FX,2018-08,0.005278269653,0.005261694277,1
BIL,EJR_FX,2018-09,0.00485546135,0.005261694277,1
BIL,EJR_FX,2018-10,0.004874074874,0.005261694277,1
BIL,EJR_FX,2018-11,0.005238772132,0.005261694277,1
BIL,EJR_FX,2018-12,0.005277133604,0.005261694277,0.9390533314
BIL,EJR_FX,2019-01,0.004746745142,0.005261694277,1
BIL,EJR_FX,2019-02,0.004985360641,0.005261694277,1
BIL,EJR_FX,2019-03,0.01262586543,0.005261694277,0.8122993527
BIL,EJR_FX,2019-04,0.005267533628,0.005261694277,0.9113384247
BIL,EJR_FX,2019-05,0.00525190681,0.005261694277,1
BIL,EJR_FX,2019-06,0.004837971267,0.005261694277,1
BIL,EJR_FX,2019-07,0.00488251811,0.005261694277,1
BIL,EJR_FX,2019-08,0.004960101126,0.005261694277,1
BIL,EJR_FX,2019-09,0.004410720608,0.004867550565,0.9525113565
BIL,EJR_FX,2019-10,0.004260232057,0.004471698917,1
BIL,EJR_FX,2019-11,0.003673513507,0.004074123784,1
BIL,EJR_FX,2019-12,0.003586769824,0.004074123784,1
BIL,EJR_FX,2020-01,0.003404798142,0.0036748094,1
BIL,EJR_FX,2020-02,0.003368996596,0.0036748094,1
BIL,EJR_FX,2020-03,0.004299295522,0.003474495003,1
BIL,EJR_FX,2020-04,0.002564938637,0.003072541703,1
BIL,EJR_FX,2020-05,0.002593975897,0.003072541703,1
BIL,EJR_FX,2020-06,0.002161916845,0.002466269772,1
BIL,EJR_FX,2020-07,0.001655210492,0.001855937535,1
BIL,EJR_FX,2020-08,0.001551648141,0.001855937535,1
BIL,EJR_FX,2020-09,0.001119017297,0.001651581302,1
BIL,EJR_FX,2020-10,0.001458753559,0.001651581302,1
BIL,EJR_FX,2020-11,0.001247136852,0.001651581302,1
BIL,EJR_FX,2020-12,0.001379397011,0.001651581302,1
BIL,EJR_FX,2021-01,0.00134731318,0.001651581302,1
BIL,EJR_FX,2021-02,0.00123795076,0.001651581302,1
BIL,EJR_FX,2021-03,0.001232906231,0.001651581302,1
BIL,EJR_FX,2021-04,0.001958947845,0.002263279642,1
BIL,EJR_FX,2021-05,0.001851812723,0.002263279642,1
BIL,EJR_FX,2021-06,0.002359498682,0.002870898719,1
BIL,EJR_FX,2021-07,0.003056939927,0.003474495003,1
BIL,EJR_FX,2021-08,0.003059328827,0.003474495003,1
BIL,EJR_FX,2021-09,0.004082232979,0.004273127766,1
BIL,EJR_FX,2021-10,0.004646547888,0.00506483495,1
BIL,EJR_FX,2021-11,0.005717342304,0.006239681461,1
BIL,EJR_FX,2021-12,0.005934935736,0.006239681461,1
BIL,EJR_FX,2022-01,0.007094763815,0.007399630287,1
BIL,EJR_FX,2022-02,0.006884781062,0.007399630287,1
BIL,EJR_FX,2022-03,0.008665067732,0.008545071039,1
BIL,EJR_FX,2022-04,0.008673895871,0.009300823619,1
BIL,EJR_FX,2022-05,0.009105015319,0.009300823619,1
BIL,EJR_FX,2022-06,0.009969832945,0.01005040212,1
BIL,EJR_FX,2022-07,0.009224285848,0.01042290887,1
BIL,EJR_FX,2022-08,0.01017637521,0.01042290887,1
BIL,EJR_FX,2022-09,0.01078523302,0.01079391108,1
BIL,EJR_FX,2022-10,0.009567762061,0.01079391108,1
BIL,EJR_FX,2022-11,0.01115175258,0.01079391108,1
BIL,EJR_FX,2022-12,0.01100874974,0.01079391108,1
BIL,EJR_FX,2023-01,0.009741780309,0.01079391108,1
BIL,EJR_FX,2023-02,0.01051516056,0.01079391108,1
BIL,EJR_FX,2023-03,0.01068113144,0.01079391108,1
BIL,EJR_FX,2023-04,0.01016918316,0.01079391108,1
BIL,EJR_FX,2023-05,0.01040756178,0.01079391108,1
BIL,EJR_FX,2023-06,0.01079639346,0.01079391108,1
BIL,EJR_FX,2023-07,0.01014324458,0.01079391108,1
BIL,EJR_FX,2023-08,0.01133302915,0.01079391108,1
BIL,EJR_FX,2023-09,0.009916942789,0.01042290887,1
BIL,EJR_FX,2023-10,0.009807432952,0.01005040212,1
BIL,EJR_FX,2023-11,0.01002203849,0.01005040212,1
BIL,EJR_FX,2023-12,0.009281374307,0.009676378033,1
BIL,EJR_FX,2024-01,0.009068870417,0.009300823619,1
BIL,EJR_FX,2024-02,0.009179913599,0.009300823619,1
BIL,EJR_FX,2024-03,0.008437248292,0.008923725729,1
BIL,EJR_FX,2024-04,0.008385816369,0.008545071039,1
BIL,EJR_FX,2024-05,0.008593552336,0.008545071039,1
BIL,EJR_FX,2024-06,0.007992475,0.008355155684,1
BIL,EJR_FX,2024-07,0.008370374846,0.008355155684,1
BIL,EJR_FX,2024-08,0.00836965446,0.008355155684,1
BIL,EJR_FX,2024-09,0.007835286147,0.008355155684,1
BIL,EJR_FX,2024-10,0.008557458185,0.008545071039,1
BIL,EJR_FX,2024-11,0.008277471244,0.008545071039,1
BIL,EJR_FX,2024-12,0.009020952108,0.008923725729,1
BIL,EJR_FX,2025-01,0.009183979106,0.009676378033,1
BIL,EJR_FX,2025-02,0.0098577544,0.01042290887,1
BIL,EJR_FX,2025-03,0.009864923032,0.01042290887,1
BIL,EJR_FX,2025-04,0.01066591915,0.01116342142,1
BIL,EJR_FX,2025-05,0.01103690537,0.01116342142,1
BIL,EJR_FX,2025-06,0.01096570637,0.01153145236,1
BIL,EJR_FX,2025-07,0.01153480611,0.01171491692,1
BIL,EJR_FX,2025-08,0.01151458132,0.01171491692,1
BIL,EJR_FX,2025-09,0.01114774161,0.01171491692,1
BIL,EJR_FX,2025-10,0.0116650248,0.01171491692,1
BIL,EJR_FX,2025-11,0.01116837557,0.01171491692,1
BIL,EJR_FX,2025-12,0.01175353436,0.01171491692,1
BIL,EJR_FX,2026-01,0.01133358742,0.01171491692,1
BIL,EJR_FX,2026-02,0.01115410415,0.01171491692,1
BIL,EJR_FX,2026-03,0.01143343269,0.01171491692,1
BIL,EJR_FX,2026-04,0.01108926454,0.01153145236,1
BIL,EJR_FX,2026-05,0.01136573929,0.01134762104,1
BIL,EJR_FX,2026-06,0.01094754409,0.01134762104,1
BIL,EJR_FX,2026-07,0.01125995495,0.01116342142,1
BIL,EJR_FX,2026-08,0.009584340731,0.01116342142,1
BIL,EJR_total,2013-03,0.01154685201,0.005849740953,0.450222634
BIL,EJR_total,2013-04,0.001800236623,0.005849740953,0.3765141752
BIL,EJR_total,2013-05,0.03443759775,0.006044919024,0.4732271399
BIL,EJR_total,2013-06,0.02009180921,0.00643403011,0.5648106492
BIL,EJR_total,2013-07,0.006129264154,0.00643403011,1
BIL,EJR_total,2013-08,0.006516687076,0.006821493366,1
BIL,EJR_total,2013-09,0.006693062416,0.007207323316,1
BIL,EJR_total,2013-10,0.006689664929,0.007207323316,1
BIL,EJR_total,2013-11,0.007055347623,0.007591534291,1
BIL,EJR_total,2013-12,0.007669214153,0.007974140429,1
BIL,EJR_total,2014-01,0.007669214153,0.007974140429,1
BIL,EJR_total,2014-02,0.008259820708,0.008355155684,1
BIL,EJR_total,2014-03,0.008026532815,0.008545071039,1
BIL,EJR_total,2014-04,0.008240085332,0.008545071039,1
BIL,EJR_total,2014-05,0.008429588387,0.008734593824,1
BIL,EJR_total,2014-06,0.00821430948,0.008734593824,1
BIL,EJR_total,2014-07,0.008205502045,0.008734593824,1
BIL,EJR_total,2014-08,0.008647101754,0.008734593824,1
BIL,EJR_total,2014-09,0.008429588387,0.008734593824,1
BIL,EJR_total,2014-10,0.008210933496,0.008734593824,1
BIL,EJR_total,2014-11,0.008618700605,0.008923725729,1
BIL,EJR_total,2014-12,0.008391133173,0.008923725729,1
BIL,EJR_total,2015-01,0.008775947981,0.009300823619,1
BIL,EJR_total,2015-02,0.009371274561,0.009676378033,1
BIL,EJR_total,2015-03,0.009371274561,0.009676378033,1
BIL,EJR_total,2015-04,0.009545964956,0.01005040212,1
BIL,EJR_total,2015-05,0.009885703775,0.01042290887,1
BIL,EJR_total,2015-06,0.01011772768,0.01042290887,1
BIL,EJR_total,2015-07,0.01048869128,0.01079391108,1
BIL,EJR_total,2015-08,0.01085816315,0.01116342142,1
BIL,EJR_total,2015-09,0.01037591696,0.01116342142,1
BIL,EJR_total,2015-10,0.01064578845,0.01116342142,1
BIL,EJR_total,2015-11,0.01107555729,0.01116342142,1
BIL,EJR_total,2015-12,0.01063273407,0.01116342142,1
BIL,EJR_total,2016-01,0.01087245737,0.01116342142,1
BIL,EJR_total,2016-02,0.01064807303,0.01116342142,1
BIL,EJR_total,2016-03,0.01064807303,0.01116342142,1
BIL,EJR_total,2016-04,0.01106959474,0.01116342142,1
BIL,EJR_total,2016-05,0.01064807303,0.01116342142,1
BIL,EJR_total,2016-06,0.01045001635,0.01116342142,1
BIL,EJR_total,2016-07,0.01109215452,0.01116342142,1
BIL,EJR_total,2016-08,0.01064807303,0.01116342142,1
BIL,EJR_total,2016-09,0.01086725832,0.01116342142,1
BIL,EJR_total,2016-10,0.01086285132,0.01116342142,1
BIL,EJR_total,2016-11,0.009996819404,0.01097885195,1
BIL,EJR_total,2016-12,0.01067321972,0.01097885195,1
BIL,EJR_total,2017-01,0.01048858169,0.01079391108,1
BIL,EJR_total,2017-02,0.01001198541,0.01023684436,1
BIL,EJR_total,2017-03,0.00877345998,0.009676378033,1
BIL,EJR_total,2017-04,0.009491354102,0.009676378033,1
BIL,EJR_total,2017-05,0.008148254504,0.008923725729,1
BIL,EJR_total,2017-06,0.009033897601,0.008923725729,1
BIL,EJR_total,2017-07,0.007337756219,0.008164846052,1
BIL,EJR_total,2017-08,0.00740888069,0.007399630287,1
BIL,EJR_total,2017-09,0.006988363194,0.007399630287,1
BIL,EJR_total,2017-10,0.00620797149,0.006627966804,1
BIL,EJR_total,2017-11,0.005453443671,0.006044919024,1
BIL,EJR_total,2017-12,0.005662788948,0.006044919024,1
BIL,EJR_total,2018-01,0.005562547402,0.005654145387,1
BIL,EJR_total,2018-02,0.005163769114,0.005654145387,1
BIL,EJR_total,2018-03,0.005447610894,0.005458130457,1
BIL,EJR_total,2018-04,0.004797643988,0.005261694277,1
BIL,EJR_total,2018-05,0.005322051224,0.005261694277,1
BIL,EJR_total,2018-06,0.005247117532,0.005261694277,1
BIL,EJR_total,2018-07,0.00485387337,0.005261694277,1
BIL,EJR_total,2018-08,0.005278269653,0.005261694277,1
BIL,EJR_total,2018-09,0.00485546135,0.005261694277,1
BIL,EJR_total,2018-10,0.004874074874,0.005261694277,1
BIL,EJR_total,2018-11,0.005238772132,0.005261694277,1
BIL,EJR_total,2018-12,0.005139442041,0.005261694277,1
BIL,EJR_total,2019-01,0.004746745142,0.005261694277,1
BIL,EJR_total,2019-02,0.004985360641,0.005261694277,1
BIL,EJR_total,2019-03,0.004924615992,0.005261694277,1
BIL,EJR_total,2019-04,0.005033289394,0.005261694277,1
BIL,EJR_total,2019-05,0.00525190681,0.005261694277,1
BIL,EJR_total,2019-06,0.004837971267,0.005261694277,1
BIL,EJR_total,2019-07,0.00488251811,0.005261694277,1
BIL,EJR_total,2019-08,0.004960101126,0.005261694277,1
BIL,EJR_total,2019-09,0.004527734151,0.004867550565,1
BIL,EJR_total,2019-10,0.004260232057,0.004471698917,1
BIL,EJR_total,2019-11,0.003673513507,0.004074123784,1
BIL,EJR_total,2019-12,0.003586769824,0.004074123784,1
BIL,EJR_total,2020-01,0.003404798142,0.0036748094,1
BIL,EJR_total,2020-02,0.003368996596,0.0036748094,1
BIL,EJR_total,2020-03,0.004299295522,0.003474495003,1
BIL,EJR_total,2020-04,0.002564938637,0.003072541703,1
BIL,EJR_total,2020-05,0.002593975897,0.003072541703,1
BIL,EJR_total,2020-06,0.002161916845,0.002466269772,1
BIL,EJR_total,2020-07,0.001655210492,0.001855937535,1
BIL,EJR_total,2020-08,0.001551648141,0.001855937535,1
BIL,EJR_total,2020-09,0.001119017297,0.001651581302,1
BIL,EJR_total,2020-10,0.001458753559,0.001651581302,1
BIL,EJR_total,2020-11,0.001247136852,0.001651581302,1
BIL,EJR_total,2020-12,0.001379397011,0.001651581302,1
BIL,EJR_total,2021-01,0.00134731318,0.001651581302,1
BIL,EJR_total,2021-02,0.00123795076,0.001651581302,1
BIL,EJR_total,2021-03,0.001232906231,0.001651581302,1
BIL,EJR_total,2021-04,0.001958947845,0.002263279642,1
BIL,EJR_total,2021-05,0.001851812723,0.002263279642,1
BIL,EJR_total,2021-06,0.002359498682,0.002870898719,1
BIL,EJR_total,2021-07,0.003056939927,0.003474495003,1
BIL,EJR_total,2021-08,0.003059328827,0.003474495003,1
BIL,EJR_total,2021-09,0.004082232979,0.004273127766,1
BIL,EJR_total,2021-10,0.004646547888,0.00506483495,1
BIL,EJR_total,2021-11,0.005717342304,0.006239681461,1
BIL,EJR_total,2021-12,0.005934935736,0.006239681461,1
BIL,EJR_total,2022-01,0.007094763815,0.007399630287,1
BIL,EJR_total,2022-02,0.006884781062,0.007399630287,1
BIL,EJR_total,2022-03,0.008665067732,0.008545071039,1
BIL,EJR_total,2022-04,0.008673895871,0.009300823619,1
BIL,EJR_total,2022-05,0.009105015319,0.009300823619,1
BIL,EJR_total,2022-06,0.009969832945,0.01005040212,1
BIL,EJR_total,2022-07,0.009224285848,0.01042290887,1
BIL,EJR_total,2022-08,0.01017637521,0.01042290887,1
BIL,EJR_total,2022-09,0.01078523302,0.01079391108,1
BIL,EJR_total,2022-10,0.009567762061,0.01079391108,1
BIL,EJR_total,2022-11,0.01115175258,0.01079391108,1
BIL,EJR_total,2022-12,0.01100874974,0.01079391108,1
BIL,EJR_total,2023-01,0.009741780309,0.01079391108,1
BIL,EJR_total,2023-02,0.01051516056,0.01079391108,1
BIL,EJR_total,2023-03,0.01068113144,0.01079391108,1
BIL,EJR_total,2023-04,0.01016918316,0.01079391108,1
BIL,EJR_total,2023-05,0.01040756178,0.01079391108,1
BIL,EJR_total,2023-06,0.01079639346,0.01079391108,1
BIL,EJR_total,2023-07,0.01014324458,0.01079391108,1
BIL,EJR_total,2023-08,0.01133302915,0.01079391108,1
BIL,EJR_total,2023-09,0.009916942789,0.01042290887,1
BIL,EJR_total,2023-10,0.009807432952,0.01005040212,1
BIL,EJR_total,2023-11,0.01002203849,0.01005040212,1
BIL,EJR_total,2023-12,0.009281374307,0.009676378033,1
BIL,EJR_total,2024-01,0.009068870417,0.009300823619,1
BIL,EJR_total,2024-02,0.009179913599,0.009300823619,1
BIL,EJR_total,2024-03,0.008437248292,0.008923725729,1
BIL,EJR_total,2024-04,0.008385816369,0.008545071039,1
BIL,EJR_total,2024-05,0.008593552336,0.008545071039,1
BIL,EJR_total,2024-06,0.007992475,0.008355155684,1
BIL,EJR_total,2024-07,0.008370374846,0.008355155684,1
BIL,EJR_total,2024-08,0.00836965446,0.008355155684,1
BIL,EJR_total,2024-09,0.007835286147,0.008355155684,1
BIL,EJR_total,2024-10,0.008557458185,0.008545071039,1
BIL,EJR_total,2024-11,0.008277471244,0.008545071039,1
BIL,EJR_total,2024-12,0.009020952108,0.008923725729,1
BIL,EJR_total,2025-01,0.009183979106,0.009676378033,1
BIL,EJR_total,2025-02,0.0098577544,0.01042290887,1
BIL,EJR_total,2025-03,0.009864923032,0.01042290887,1
BIL,EJR_total,2025-04,0.01066591915,0.01116342142,1
BIL,EJR_total,2025-05,0.01103690537,0.01116342142,1
BIL,EJR_total,2025-06,0.01096570637,0.01153145236,1
BIL,EJR_total,2025-07,0.01153480611,0.01171491692,1
BIL,EJR_total,2025-08,0.01151458132,0.01171491692,1
BIL,EJR_total,2025-09,0.01114774161,0.01171491692,1
BIL,EJR_total,2025-10,0.0116650248,0.01171491692,1
BIL,EJR_total,2025-11,0.01116837557,0.01171491692,1
BIL,EJR_total,2025-12,0.01175353436,0.01171491692,1
BIL,EJR_total,2026-01,0.01133358742,0.01171491692,1
BIL,EJR_total,2026-02,0.01115410415,0.01171491692,1
BIL,EJR_total,2026-03,0.01143343269,0.01171491692,1
BIL,EJR_total,2026-04,0.01108926454,0.01153145236,1
BIL,EJR_total,2026-05,0.01136573929,0.01134762104,1
BIL,EJR_total,2026-06,0.01094754409,0.01134762104,1
BIL,EJR_total,2026-07,0.01125995495,0.01116342142,1
BIL,EJR_total,2026-08,0.009584340731,0.01116342142,1
BIL,Commodity_blend,2013-03,0.01744454962,0.005849740953,0
BIL,Commodity_blend,2013-04,-0.0003297233384,0.005849740953,0
BIL,Commodity_blend,2013-05,0.06001061291,0.006044919024,0
BIL,Commodity_blend,2013-06,0.03850663242,0.00643403011,0
BIL,Commodity_blend,2013-07,0.03410064626,0.00643403011,0
BIL,Commodity_blend,2013-08,0.02921396934,0.006821493366,0
BIL,Commodity_blend,2013-09,-0.042748289,0.007207323316,0
BIL,Commodity_blend,2013-10,-0.02463955168,0.007207323316,0
BIL,Commodity_blend,2013-11,0.05632770435,0.007591534291,0
BIL,Commodity_blend,2013-12,0.01784969639,0.007974140429,0
BIL,Commodity_blend,2014-01,0.02827072838,0.007974140429,0
BIL,Commodity_blend,2014-02,-0.04242424974,0.008355155684,0
BIL,Commodity_blend,2014-03,-0.02472448862,0.008545071039,0
BIL,Commodity_blend,2014-04,-0.005367781803,0.008545071039,0
BIL,Commodity_blend,2014-05,-0.01253267186,0.008734593824,0
BIL,Commodity_blend,2014-06,-0.0142357218,0.008734593824,0
BIL,Commodity_blend,2014-07,0.02586952252,0.008734593824,0
BIL,Commodity_blend,2014-08,-0.004004109163,0.008734593824,0
BIL,Commodity_blend,2014-09,0.09131407455,0.008734593824,0
BIL,Commodity_blend,2014-10,0.001004286313,0.008734593824,0
BIL,Commodity_blend,2014-11,0.03977169581,0.008923725729,0
BIL,Commodity_blend,2014-12,0.04008657402,0.008923725729,0
BIL,Commodity_blend,2015-01,0.00393821796,0.009300823619,0
BIL,Commodity_blend,2015-02,0.08605100009,0.009676378033,0.02617324613
BIL,Commodity_blend,2015-03,0.1209938554,0.009676378033,0
BIL,Commodity_blend,2015-04,-0.07967784992,0.01005040212,0.08742143069
BIL,Commodity_blend,2015-05,0.03852252472,0.01042290887,0.4482399906
BIL,Commodity_blend,2015-06,-0.01342134056,0.01042290887,0.04559905265
BIL,Commodity_blend,2015-07,0.06315893957,0.01079391108,0.3128015032
BIL,Commodity_blend,2015-08,0.05936001031,0.01116342142,0.2515919977
BIL,Commodity_blend,2015-09,0.03310379056,0.01116342142,0.7530668762
BIL,Commodity_blend,2015-10,0.01064578845,0.01116342142,1
BIL,Commodity_blend,2015-11,0.01107555729,0.01116342142,1
BIL,Commodity_blend,2015-12,0.01063273407,0.01116342142,1
BIL,Commodity_blend,2016-01,0.01087245737,0.01116342142,1
BIL,Commodity_blend,2016-02,0.01064807303,0.01116342142,1
BIL,Commodity_blend,2016-03,0.01064807303,0.01116342142,1
BIL,Commodity_blend,2016-04,0.01106959474,0.01116342142,1
BIL,Commodity_blend,2016-05,0.01885722226,0.01116342142,0.4360739088
BIL,Commodity_blend,2016-06,-0.07853957846,0.01116342142,0.1573005492
BIL,Commodity_blend,2016-07,0.01427820505,0.01116342142,0.2924591445
BIL,Commodity_blend,2016-08,-0.01435034248,0.01116342142,0
BIL,Commodity_blend,2016-09,0.002993350788,0.01116342142,0
BIL,Commodity_blend,2016-10,-0.01842130828,0.01116342142,0.0138961437
BIL,Commodity_blend,2016-11,0.06229724926,0.01097885195,0.07688870008
BIL,Commodity_blend,2016-12,-0.04110808636,0.01097885195,0.007834877816
BIL,Commodity_blend,2017-01,-0.02018072357,0.01079391108,0.4098202542
BIL,Commodity_blend,2017-02,-0.003157743275,0.01023684436,0.2039630029
BIL,Commodity_blend,2017-03,0.02093716697,0.009676378033,0
BIL,Commodity_blend,2017-04,0.005482366189,0.009676378033,0.008699517141
BIL,Commodity_blend,2017-05,0.02267533354,0.008923725729,0.07180235348
BIL,Commodity_blend,2017-06,0.0141971303,0.008923725729,0.02960142478
BIL,Commodity_blend,2017-07,-0.03997611418,0.008164846052,0.1478557031
BIL,Commodity_blend,2017-08,0.009512969616,0.007399630287,0.2687744163
BIL,Commodity_blend,2017-09,0.00836092463,0.007399630287,0
BIL,Commodity_blend,2017-10,0.02658222245,0.006627966804,0
BIL,Commodity_blend,2017-11,-0.00154489442,0.006044919024,0
BIL,Commodity_blend,2017-12,0.01428712886,0.006044919024,0.1540446614
BIL,Commodity_blend,2018-01,-0.03496402666,0.005654145387,0.1944079605
BIL,Commodity_blend,2018-02,0.02156032383,0.005654145387,0.2541536592
BIL,Commodity_blend,2018-03,0.02497843796,0.005458130457,0.03824616037
BIL,Commodity_blend,2018-04,0.04090023461,0.005261694277,0.1213690569
BIL,Commodity_blend,2018-05,0.04773264489,0.005261694277,0.3982614981
BIL,Commodity_blend,2018-06,0.02180019444,0.005261694277,0.4203709772
BIL,Commodity_blend,2018-07,-0.001720337555,0.005261694277,0.8041776526
BIL,Commodity_blend,2018-08,0.008749660109,0.005261694277,0.9694181101
BIL,Commodity_blend,2018-09,-0.001624675858,0.005261694277,0.8364192412
BIL,Commodity_blend,2018-10,0.004874074874,0.005261694277,1
BIL,Commodity_blend,2018-11,0.005238772132,0.005261694277,1
BIL,Commodity_blend,2018-12,0.005607425633,0.005261694277,0.7928555653
BIL,Commodity_blend,2019-01,0.004746745142,0.005261694277,1
BIL,Commodity_blend,2019-02,0.004985360641,0.005261694277,1
BIL,Commodity_blend,2019-03,0.01179769668,0.005261694277,0.8324841047
BIL,Commodity_blend,2019-04,0.005515756034,0.005261694277,0.8173861037
BIL,Commodity_blend,2019-05,0.005976357526,0.005261694277,0.9411988057
BIL,Commodity_blend,2019-06,0.0008566780711,0.005261694277,0.909882588
BIL,Commodity_blend,2019-07,0.00488251811,0.005261694277,1
BIL,Commodity_blend,2019-08,0.01799364954,0.005261694277,0.8641384349
BIL,Commodity_blend,2019-09,0.004046739966,0.004867550565,0.804793866
BIL,Commodity_blend,2019-10,0.004260232057,0.004471698917,1
BIL,Commodity_blend,2019-11,0.003673513507,0.004074123784,1
BIL,Commodity_blend,2019-12,0.001649114812,0.004074123784,0.9629895305
BIL,Commodity_blend,2020-01,0.003404798142,0.0036748094,1
BIL,Commodity_blend,2020-02,0.004733395636,0.0036748094,0.9721594195
BIL,Commodity_blend,2020-03,0.004299295522,0.003474495003,1
BIL,Commodity_blend,2020-04,0.002564938637,0.003072541703,1
BIL,Commodity_blend,2020-05,0.002593975897,0.003072541703,1
BIL,Commodity_blend,2020-06,0.002161916845,0.002466269772,1
BIL,Commodity_blend,2020-07,0.001655210492,0.001855937535,1
BIL,Commodity_blend,2020-08,0.001551648141,0.001855937535,1
BIL,Commodity_blend,2020-09,0.001119017297,0.001651581302,1
BIL,Commodity_blend,2020-10,0.001458753559,0.001651581302,1
BIL,Commodity_blend,2020-11,0.001247136852,0.001651581302,1
BIL,Commodity_blend,2020-12,0.001379397011,0.001651581302,1
BIL,Commodity_blend,2021-01,0.00134731318,0.001651581302,1
BIL,Commodity_blend,2021-02,0.00123795076,0.001651581302,1
BIL,Commodity_blend,2021-03,0.001232906231,0.001651581302,1
BIL,Commodity_blend,2021-04,0.001958947845,0.002263279642,1
BIL,Commodity_blend,2021-05,0.001851812723,0.002263279642,1
BIL,Commodity_blend,2021-06,0.002359498682,0.002870898719,1
BIL,Commodity_blend,2021-07,0.003056939927,0.003474495003,1
BIL,Commodity_blend,2021-08,0.003059328827,0.003474495003,1
BIL,Commodity_blend,2021-09,0.004082232979,0.004273127766,1
BIL,Commodity_blend,2021-10,0.004646547888,0.00506483495,1
BIL,Commodity_blend,2021-11,0.005717342304,0.006239681461,1
BIL,Commodity_blend,2021-12,0.005934935736,0.006239681461,1
BIL,Commodity_blend,2022-01,0.007094763815,0.007399630287,1
BIL,Commodity_blend,2022-02,0.006884781062,0.007399630287,1
BIL,Commodity_blend,2022-03,0.008665067732,0.008545071039,1
BIL,Commodity_blend,2022-04,0.008673895871,0.009300823619,1
BIL,Commodity_blend,2022-05,0.009105015319,0.009300823619,1
BIL,Commodity_blend,2022-06,0.009969832945,0.01005040212,1
BIL,Commodity_blend,2022-07,0.007654235546,0.01042290887,0.9142928598
BIL,Commodity_blend,2022-08,0.01017637521,0.01042290887,1
BIL,Commodity_blend,2022-09,0.01078523302,0.01079391108,1
BIL,Commodity_blend,2022-10,0.009567762061,0.01079391108,1
BIL,Commodity_blend,2022-11,0.01115175258,0.01079391108,1
BIL,Commodity_blend,2022-12,0.01100874974,0.01079391108,1
BIL,Commodity_blend,2023-01,0.009741780309,0.01079391108,1
BIL,Commodity_blend,2023-02,0.01051516056,0.01079391108,1
BIL,Commodity_blend,2023-03,0.01068113144,0.01079391108,1
BIL,Commodity_blend,2023-04,0.01016918316,0.01079391108,1
BIL,Commodity_blend,2023-05,0.01045830512,0.01079391108,0.9951031751
BIL,Commodity_blend,2023-06,-0.003914327006,0.01079391108,0.7081166672
BIL,Commodity_blend,2023-07,0.002895353663,0.01079391108,0.7915583203
BIL,Commodity_blend,2023-08,0.02366056483,0.01079391108,0.5683053733
BIL,Commodity_blend,2023-09,0.020761351,0.01042290887,0.4498311004
BIL,Commodity_blend,2023-10,0.01153788485,0.01005040212,0.6496505095
BIL,Commodity_blend,2023-11,0.00718785124,0.01005040212,0.9043782995
BIL,Commodity_blend,2023-12,0.009281374307,0.009676378033,1
BIL,Commodity_blend,2024-01,0.009068870417,0.009300823619,1
BIL,Commodity_blend,2024-02,0.009179913599,0.009300823619,1
BIL,Commodity_blend,2024-03,0.008437248292,0.008923725729,1
BIL,Commodity_blend,2024-04,0.008944968354,0.008545071039,0.9739313455
BIL,Commodity_blend,2024-05,0.008593552336,0.008545071039,1
BIL,Commodity_blend,2024-06,0.008865658419,0.008355155684,0.9840756537
BIL,Commodity_blend,2024-07,0.008370374846,0.008355155684,1
BIL,Commodity_blend,2024-08,0.00836965446,0.008355155684,1
BIL,Commodity_blend,2024-09,0.007835286147,0.008355155684,1
BIL,Commodity_blend,2024-10,0.008557458185,0.008545071039,1
BIL,Commodity_blend,2024-11,0.008277471244,0.008545071039,1
BIL,Commodity_blend,2024-12,0.009020952108,0.008923725729,1
BIL,Commodity_blend,2025-01,0.009183979106,0.009676378033,1
BIL,Commodity_blend,2025-02,0.0098577544,0.01042290887,1
BIL,Commodity_blend,2025-03,0.009864923032,0.01042290887,1
BIL,Commodity_blend,2025-04,0.01066591915,0.01116342142,1
BIL,Commodity_blend,2025-05,0.01103690537,0.01116342142,1
BIL,Commodity_blend,2025-06,0.01096570637,0.01153145236,1
BIL,Commodity_blend,2025-07,0.01153480611,0.01171491692,1
BIL,Commodity_blend,2025-08,0.01151458132,0.01171491692,1
BIL,Commodity_blend,2025-09,0.01114774161,0.01171491692,1
BIL,Commodity_blend,2025-10,0.0116650248,0.01171491692,1
BIL,Commodity_blend,2025-11,0.01116837557,0.01171491692,1
BIL,Commodity_blend,2025-12,0.01175353436,0.01171491692,1
BIL,Commodity_blend,2026-01,0.01133358742,0.01171491692,1
BIL,Commodity_blend,2026-02,0.01115410415,0.01171491692,1
BIL,Commodity_blend,2026-03,0.01143343269,0.01171491692,1
BIL,Commodity_blend,2026-04,0.01108926454,0.01153145236,1
BIL,Commodity_blend,2026-05,0.01136573929,0.01134762104,1
BIL,Commodity_blend,2026-06,0.01371696617,0.01134762104,0.8481978391
BIL,Commodity_blend,2026-07,0.009983336006,0.01116342142,0.9590273958
BIL,Commodity_blend,2026-08,0.009584340731,0.01116342142,1
BIL,Equal_signals,2013-03,0.01547865042,0.005849740953,0.1500742113
BIL,Equal_signals,2013-04,0.0003802633153,0.005849740953,0.1255047251
BIL,Equal_signals,2013-05,0.05148627452,0.006044919024,0.15774238
BIL,Equal_signals,2013-06,0.03236835802,0.00643403011,0.1882702164
BIL,Equal_signals,2013-07,0.02477685222,0.00643403011,0.3333333333
BIL,Equal_signals,2013-08,0.02164820859,0.006821493366,0.3333333333
BIL,Equal_signals,2013-09,-0.02626783853,0.007207323316,0.3333333333
BIL,Equal_signals,2013-10,-0.01419647948,0.007207323316,0.3333333333
BIL,Equal_signals,2013-11,0.03990358544,0.007591534291,0.3333333333
BIL,Equal_signals,2013-12,0.01445620231,0.007974140429,0.3333333333
BIL,Equal_signals,2014-01,0.02140355697,0.007974140429,0.3333333333
BIL,Equal_signals,2014-02,-0.02552955959,0.008355155684,0.3333333333
BIL,Equal_signals,2014-03,-0.01380748148,0.008545071039,0.3333333333
BIL,Equal_signals,2014-04,-0.0008318260916,0.008545071039,0.3333333333
BIL,Equal_signals,2014-05,-0.00554525178,0.008734593824,0.3333333333
BIL,Equal_signals,2014-06,-0.006752378037,0.008734593824,0.3333333333
BIL,Equal_signals,2014-07,0.01998151569,0.008734593824,0.3333333333
BIL,Equal_signals,2014-08,0.0002129611427,0.008734593824,0.3333333333
BIL,Equal_signals,2014-09,0.06368591249,0.008734593824,0.3333333333
BIL,Equal_signals,2014-10,0.00340650204,0.008734593824,0.3333333333
BIL,Equal_signals,2014-11,0.02938736407,0.008923725729,0.3333333333
BIL,Equal_signals,2014-12,0.02952142707,0.008923725729,0.3333333333
BIL,Equal_signals,2015-01,0.005550794633,0.009300823619,0.3333333333
BIL,Equal_signals,2015-02,0.05916933489,0.009676378033,0.3675683748
BIL,Equal_signals,2015-03,0.08208516173,0.009676378033,0.3485736792
BIL,Equal_signals,2015-04,-0.03913422356,0.01005040212,0.5021004554
BIL,Equal_signals,2015-05,0.02067535335,0.01042290887,0.7921104036
BIL,Equal_signals,2015-06,-0.002644168543,0.01042290887,0.4825638075
BIL,Equal_signals,2015-07,0.03618794625,0.01079391108,0.6646970547
BIL,Equal_signals,2015-08,0.03616746664,0.01116342142,0.6094646621
BIL,Equal_signals,2015-09,0.01795187482,0.01116342142,0.9176889587
BIL,Equal_signals,2015-10,0.01064578845,0.01116342142,1
BIL,Equal_signals,2015-11,0.01107555729,0.01116342142,1
BIL,Equal_signals,2015-12,0.01063273407,0.01116342142,1
BIL,Equal_signals,2016-01,0.01087245737,0.01116342142,1
BIL,Equal_signals,2016-02,0.01064807303,0.01116342142,1
BIL,Equal_signals,2016-03,0.01064807303,0.01116342142,1
BIL,Equal_signals,2016-04,0.01106959474,0.01116342142,1
BIL,Equal_signals,2016-05,0.01338445611,0.01116342142,0.8120246363
BIL,Equal_signals,2016-06,-0.02760773681,0.01116342142,0.639606768
BIL,Equal_signals,2016-07,0.01229992305,0.01116342142,0.7317853008
BIL,Equal_signals,2016-08,-0.003304448967,0.01116342142,0.4418637456
BIL,Equal_signals,2016-09,0.006643345147,0.01116342142,0.4635556544
BIL,Equal_signals,2016-10,-0.005764275993,0.01116342142,0.4401043232
BIL,Equal_signals,2016-11,0.04096281964,0.01097885195,0.453444937
BIL,Equal_signals,2016-12,-0.02132156247,0.01097885195,0.3869581634
BIL,Equal_signals,2017-01,-0.007711834313,0.01079391108,0.6497632796
BIL,Equal_signals,2017-02,0.001673418435,0.01023684436,0.4959799118
BIL,Equal_signals,2017-03,0.0168179619,0.009676378033,0.33864718
BIL,Equal_signals,2017-04,0.00680696805,0.009676378033,0.3362331724
BIL,Equal_signals,2017-05,0.01770518924,0.008923725729,0.3893662792
BIL,Equal_signals,2017-06,0.01230847201,0.008923725729,0.3845634075
BIL,Equal_signals,2017-07,-0.02227304176,0.008164846052,0.4666960786
BIL,Equal_signals,2017-08,0.008743405317,0.007399630287,0.53621801
BIL,Equal_signals,2017-09,0.007887236625,0.007399630287,0.345112425
BIL,Equal_signals,2017-10,0.01904684289,0.006627966804,0.3698481762
BIL,Equal_signals,2017-11,0.001108954711,0.006044919024,0.3792113351
BIL,Equal_signals,2017-12,0.01093094134,0.006044919024,0.4832506965
BIL,Equal_signals,2018-01,-0.01958825064,0.005654145387,0.5000494575
BIL,Equal_signals,2018-02,0.01527221349,0.005654145387,0.5401871686
BIL,Equal_signals,2018-03,0.01823732881,0.005458130457,0.370197674
BIL,Equal_signals,2018-04,0.02781328584,0.005261694277,0.4398669249
BIL,Equal_signals,2018-05,0.03456431106,0.005261694277,0.5850990965
BIL,Equal_signals,2018-06,0.01433909717,0.005261694277,0.6816316807
BIL,Equal_signals,2018-07,0.002662469728,0.005261694277,0.9347258842
BIL,Equal_signals,2018-08,0.006435399805,0.005261694277,0.9898060367
BIL,Equal_signals,2018-09,0.002695415614,0.005261694277,0.9454730804
BIL,Equal_signals,2018-10,0.004874074874,0.005261694277,1
BIL,Equal_signals,2018-11,0.005238772132,0.005261694277,1
BIL,Equal_signals,2018-12,0.005341333759,0.005261694277,0.9106362989
BIL,Equal_signals,2019-01,0.004746745142,0.005261694277,1
BIL,Equal_signals,2019-02,0.004985360641,0.005261694277,1
BIL,Equal_signals,2019-03,0.009782726032,0.005261694277,0.8815944858
BIL,Equal_signals,2019-04,0.005272193019,0.005261694277,0.9095748428
BIL,Equal_signals,2019-05,0.005493390382,0.005261694277,0.9803996019
BIL,Equal_signals,2019-06,0.003510873535,0.005261694277,0.9699608627
BIL,Equal_signals,2019-07,0.00488251811,0.005261694277,1
BIL,Equal_signals,2019-08,0.009304617265,0.005261694277,0.9547128116
BIL,Equal_signals,2019-09,0.004328398242,0.004867550565,0.9191017408
BIL,Equal_signals,2019-10,0.004260232057,0.004471698917,1
BIL,Equal_signals,2019-11,0.003673513507,0.004074123784,1
BIL,Equal_signals,2019-12,0.00294088482,0.004074123784,0.9876631768
BIL,Equal_signals,2020-01,0.003404798142,0.0036748094,1
BIL,Equal_signals,2020-02,0.003823796276,0.0036748094,0.9907198065
BIL,Equal_signals,2020-03,0.004299295522,0.003474495003,1
BIL,Equal_signals,2020-04,0.002564938637,0.003072541703,1
BIL,Equal_signals,2020-05,0.002593975897,0.003072541703,1
BIL,Equal_signals,2020-06,0.002161916845,0.002466269772,1
BIL,Equal_signals,2020-07,0.001655210492,0.001855937535,1
BIL,Equal_signals,2020-08,0.001551648141,0.001855937535,1
BIL,Equal_signals,2020-09,0.001119017297,0.001651581302,1
BIL,Equal_signals,2020-10,0.001458753559,0.001651581302,1
BIL,Equal_signals,2020-11,0.001247136852,0.001651581302,1
BIL,Equal_signals,2020-12,0.001379397011,0.001651581302,1
BIL,Equal_signals,2021-01,0.00134731318,0.001651581302,1
BIL,Equal_signals,2021-02,0.00123795076,0.001651581302,1
BIL,Equal_signals,2021-03,0.001232906231,0.001651581302,1
BIL,Equal_signals,2021-04,0.001958947845,0.002263279642,1
BIL,Equal_signals,2021-05,0.001851812723,0.002263279642,1
BIL,Equal_signals,2021-06,0.002359498682,0.002870898719,1
BIL,Equal_signals,2021-07,0.003056939927,0.003474495003,1
BIL,Equal_signals,2021-08,0.003059328827,0.003474495003,1
BIL,Equal_signals,2021-09,0.004082232979,0.004273127766,1
BIL,Equal_signals,2021-10,0.004646547888,0.00506483495,1
BIL,Equal_signals,2021-11,0.005717342304,0.006239681461,1
BIL,Equal_signals,2021-12,0.005934935736,0.006239681461,1
BIL,Equal_signals,2022-01,0.007094763815,0.007399630287,1
BIL,Equal_signals,2022-02,0.006884781062,0.007399630287,1
BIL,Equal_signals,2022-03,0.008665067732,0.008545071039,1
BIL,Equal_signals,2022-04,0.008673895871,0.009300823619,1
BIL,Equal_signals,2022-05,0.009105015319,0.009300823619,1
BIL,Equal_signals,2022-06,0.009969832945,0.01005040212,1
BIL,Equal_signals,2022-07,0.008700935748,0.01042290887,0.9714309533
BIL,Equal_signals,2022-08,0.01017637521,0.01042290887,1
BIL,Equal_signals,2022-09,0.01078523302,0.01079391108,1
BIL,Equal_signals,2022-10,0.009567762061,0.01079391108,1
BIL,Equal_signals,2022-11,0.01115175258,0.01079391108,1
BIL,Equal_signals,2022-12,0.01100874974,0.01079391108,1
BIL,Equal_signals,2023-01,0.009741780309,0.01079391108,1
BIL,Equal_signals,2023-02,0.01051516056,0.01079391108,1
BIL,Equal_signals,2023-03,0.01068113144,0.01079391108,1
BIL,Equal_signals,2023-04,0.01016918316,0.01079391108,1
BIL,Equal_signals,2023-05,0.01042447623,0.01079391108,0.998367725
BIL,Equal_signals,2023-06,0.00589281997,0.01079391108,0.9027055557
BIL,Equal_signals,2023-07,0.007727280939,0.01079391108,0.9305194401
BIL,Equal_signals,2023-08,0.01544220771,0.01079391108,0.8561017911
BIL,Equal_signals,2023-09,0.01353174553,0.01042290887,0.8166103668
BIL,Equal_signals,2023-10,0.01038425025,0.01005040212,0.8832168365
BIL,Equal_signals,2023-11,0.009077309409,0.01005040212,0.9681260998
BIL,Equal_signals,2023-12,0.009281374307,0.009676378033,1
BIL,Equal_signals,2024-01,0.009068870417,0.009300823619,1
BIL,Equal_signals,2024-02,0.009179913599,0.009300823619,1
BIL,Equal_signals,2024-03,0.008437248292,0.008923725729,1
BIL,Equal_signals,2024-04,0.008572200364,0.008545071039,0.9913104485
BIL,Equal_signals,2024-05,0.008593552336,0.008545071039,1
BIL,Equal_signals,2024-06,0.00828353614,0.008355155684,0.9946918846
BIL,Equal_signals,2024-07,0.008370374846,0.008355155684,1
BIL,Equal_signals,2024-08,0.00836965446,0.008355155684,1
BIL,Equal_signals,2024-09,0.007835286147,0.008355155684,1
BIL,Equal_signals,2024-10,0.008557458185,0.008545071039,1
BIL,Equal_signals,2024-11,0.008277471244,0.008545071039,1
BIL,Equal_signals,2024-12,0.009020952108,0.008923725729,1
BIL,Equal_signals,2025-01,0.009183979106,0.009676378033,1
BIL,Equal_signals,2025-02,0.0098577544,0.01042290887,1
BIL,Equal_signals,2025-03,0.009864923032,0.01042290887,1
BIL,Equal_signals,2025-04,0.01066591915,0.01116342142,1
BIL,Equal_signals,2025-05,0.01103690537,0.01116342142,1
BIL,Equal_signals,2025-06,0.01096570637,0.01153145236,1
BIL,Equal_signals,2025-07,0.01153480611,0.01171491692,1
BIL,Equal_signals,2025-08,0.01151458132,0.01171491692,1
BIL,Equal_signals,2025-09,0.01114774161,0.01171491692,1
BIL,Equal_signals,2025-10,0.0116650248,0.01171491692,1
BIL,Equal_signals,2025-11,0.01116837557,0.01171491692,1
BIL,Equal_signals,2025-12,0.01175353436,0.01171491692,1
BIL,Equal_signals,2026-01,0.01133358742,0.01171491692,1
BIL,Equal_signals,2026-02,0.01115410415,0.01171491692,1
BIL,Equal_signals,2026-03,0.01143343269,0.01171491692,1
BIL,Equal_signals,2026-04,0.01108926454,0.01153145236,1
BIL,Equal_signals,2026-05,0.01136573929,0.01134762104,1
BIL,Equal_signals,2026-06,0.01187068478,0.01134762104,0.9493992797
BIL,Equal_signals,2026-07,0.0108344153,0.01116342142,0.9863424653
BIL,Equal_signals,2026-08,0.009584340731,0.01116342142,1
BIL,Half_plus_signal,2013-03,0.01318672157,0.005849740953,0.3250371057
BIL,Half_plus_signal,2013-04,0.001439532785,0.005849740953,0.3127523625
BIL,Half_plus_signal,2013-05,0.04223853853,0.006044919024,0.32887119
BIL,Half_plus_signal,2013-06,0.02728661172,0.00643403011,0.3441351082
BIL,Half_plus_signal,2013-07,0.02244590372,0.00643403011,0.4166666667
BIL,Half_plus_signal,2013-08,0.0197567684,0.006821493366,0.4166666667
BIL,Half_plus_signal,2013-09,-0.02214772591,0.007207323316,0.4166666667
BIL,Half_plus_signal,2013-10,-0.01158571143,0.007207323316,0.4166666667
BIL,Half_plus_signal,2013-11,0.03579755571,0.007591534291,0.4166666667
BIL,Half_plus_signal,2013-12,0.01360782879,0.007974140429,0.4166666667
BIL,Half_plus_signal,2014-01,0.01968676412,0.007974140429,0.4166666667
BIL,Half_plus_signal,2014-02,-0.02130588705,0.008355155684,0.4166666667
BIL,Half_plus_signal,2014-03,-0.01107822969,0.008545071039,0.4166666667
BIL,Half_plus_signal,2014-04,0.0003021628363,0.008545071039,0.4166666667
BIL,Half_plus_signal,2014-05,-0.003798396759,0.008734593824,0.4166666667
BIL,Half_plus_signal,2014-06,-0.004881542098,0.008734593824,0.4166666667
BIL,Half_plus_signal,2014-07,0.01850951399,0.008734593824,0.4166666667
BIL,Half_plus_signal,2014-08,0.001267228719,0.008734593824,0.4166666667
BIL,Half_plus_signal,2014-09,0.05677887198,0.008734593824,0.4166666667
BIL,Half_plus_signal,2014-10,0.004007055972,0.008734593824,0.4166666667
BIL,Half_plus_signal,2014-11,0.02679128114,0.008923725729,0.4166666667
BIL,Half_plus_signal,2014-12,0.02688014033,0.008923725729,0.4166666667
BIL,Half_plus_signal,2015-01,0.005953938802,0.009300823619,0.4166666667
BIL,Half_plus_signal,2015-02,0.05395546053,0.009676378033,0.4337841874
BIL,Half_plus_signal,2015-03,0.07363386336,0.009676378033,0.4242868396
BIL,Half_plus_signal,2015-04,-0.03923690549,0.01005040212,0.5010502277
BIL,Half_plus_signal,2015-05,0.02825574444,0.01042290887,0.6460552018
BIL,Half_plus_signal,2015-06,-0.002429147945,0.01042290887,0.4912819038
BIL,Half_plus_signal,2015-07,0.04249953948,0.01079391108,0.5823485273
BIL,Half_plus_signal,2015-08,0.03971448798,0.01116342142,0.5547323311
BIL,Half_plus_signal,2015-09,0.03717404663,0.01116342142,0.7088444794
BIL,Half_plus_signal,2015-10,0.0003283042665,0.01116342142,0.75
BIL,Half_plus_signal,2015-11,0.006432742783,0.01116342142,0.75
BIL,Half_plus_signal,2015-12,0.01521506411,0.01116342142,0.75
BIL,Half_plus_signal,2016-01,0.01425877564,0.01116342142,0.75
BIL,Half_plus_signal,2016-02,0.003626184564,0.01116342142,0.75
BIL,Half_plus_signal,2016-03,-0.01515889003,0.01116342142,0.75
BIL,Half_plus_signal,2016-04,-0.0006923877102,0.01116342142,0.75
BIL,Half_plus_signal,2016-05,0.01565554876,0.01116342142,0.6560123181
BIL,Half_plus_signal,2016-06,-0.03497901829,0.01116342142,0.569803384
BIL,Half_plus_signal,2016-07,0.01282178669,0.01116342142,0.6158926504
BIL,Half_plus_signal,2016-08,-0.002577791846,0.01116342142,0.4709318728
BIL,Half_plus_signal,2016-09,0.006786824851,0.01116342142,0.4817778272
BIL,Half_plus_signal,2016-10,-0.004874920096,0.01116342142,0.4700521616
BIL,Half_plus_signal,2016-11,0.03964399178,0.01097885195,0.4767224685
BIL,Half_plus_signal,2016-12,-0.01837172387,0.01097885195,0.4434790817
BIL,Half_plus_signal,2017-01,-0.01160313673,0.01079391108,0.5748816398
BIL,Half_plus_signal,2017-02,0.001706672839,0.01023684436,0.4979899559
BIL,Half_plus_signal,2017-03,0.01583663769,0.009676378033,0.41932359
BIL,Half_plus_signal,2017-04,0.007138118516,0.009676378033,0.4181165862
BIL,Half_plus_signal,2017-05,0.01683943354,0.008923725729,0.4446831396
BIL,Half_plus_signal,2017-06,0.0120013683,0.008923725729,0.4422817037
BIL,Half_plus_signal,2017-07,-0.02134846981,0.008164846052,0.4833480393
BIL,Half_plus_signal,2017-08,0.008795513664,0.007399630287,0.518109005
BIL,Half_plus_signal,2017-09,0.007780940268,0.007399630287,0.4225562125
BIL,Half_plus_signal,2017-10,0.01772096993,0.006627966804,0.4349240881
BIL,Half_plus_signal,2017-11,0.001531614668,0.006044919024,0.4396056676
BIL,Half_plus_signal,2017-12,0.0108455635,0.006044919024,0.4916253483
BIL,Half_plus_signal,2018-01,-0.01958949466,0.005654145387,0.5000247287
BIL,Half_plus_signal,2018-02,0.01571394731,0.005654145387,0.5200935843
BIL,Half_plus_signal,2018-03,0.0169193477,0.005458130457,0.435098837
BIL,Half_plus_signal,2018-04,0.02657786395,0.005261694277,0.4699334624
BIL,Half_plus_signal,2018-05,0.03756320775,0.005261694277,0.5425495483
BIL,Half_plus_signal,2018-06,0.01693262084,0.005261694277,0.5908158404
BIL,Half_plus_signal,2018-07,-0.004634908979,0.005261694277,0.7173629421
BIL,Half_plus_signal,2018-08,0.03423466285,0.005261694277,0.7449030184
BIL,Half_plus_signal,2018-09,-0.006128136447,0.005261694277,0.7227365402
BIL,Half_plus_signal,2018-10,-0.01548443306,0.005261694277,0.75
BIL,Half_plus_signal,2018-11,0.01479498635,0.005261694277,0.75
BIL,Half_plus_signal,2018-12,0.005805191382,0.005261694277,0.7053181494
BIL,Half_plus_signal,2019-01,-0.01030561174,0.005261694277,0.75
BIL,Half_plus_signal,2019-02,0.009659471625,0.005261694277,0.75
BIL,Half_plus_signal,2019-03,0.017611027,0.005261694277,0.6907972429
BIL,Half_plus_signal,2019-04,0.0058132422,0.005261694277,0.7047874214
BIL,Half_plus_signal,2019-05,0.008452733638,0.005261694277,0.740199801
BIL,Half_plus_signal,2019-06,-0.00687031665,0.005261694277,0.7349804313
BIL,Half_plus_signal,2019-07,0.001437720778,0.005261694277,0.75
BIL,Half_plus_signal,2019-08,0.03111550043,0.005261694277,0.7273564058
BIL,Half_plus_signal,2019-09,0.003812058165,0.004867550565,0.7095508704
BIL,Half_plus_signal,2019-10,-0.006529972056,0.004471698917,0.75
BIL,Half_plus_signal,2019-11,0.01805205683,0.004074123784,0.75
BIL,Half_plus_signal,2019-12,-0.009824732745,0.004074123784,0.7438315884
BIL,Half_plus_signal,2020-01,0.01824464369,0.0036748094,0.75
BIL,Half_plus_signal,2020-02,0.01584828752,0.0036748094,0.7453599032
BIL,Half_plus_signal,2020-03,0.04382320709,0.003474495003,0.75
BIL,Half_plus_signal,2020-04,0.01062180363,0.003072541703,0.75
BIL,Half_plus_signal,2020-05,0.0006051641324,0.003072541703,0.75
BIL,Half_plus_signal,2020-06,0.006338672803,0.002466269772,0.75
BIL,Half_plus_signal,2020-07,-0.01205762655,0.001855937535,0.75
BIL,Half_plus_signal,2020-08,0.01350130097,0.001855937535,0.75
BIL,Half_plus_signal,2020-09,0.01191507215,0.001651581302,0.75
BIL,Half_plus_signal,2020-10,0.006237422791,0.001651581302,0.75
BIL,Half_plus_signal,2020-11,-0.01973543996,0.001651581302,0.75
BIL,Half_plus_signal,2020-12,-0.004056064716,0.001651581302,0.75
BIL,Half_plus_signal,2021-01,0.01502749945,0.001651581302,0.75
BIL,Half_plus_signal,2021-02,0.00149627852,0.001651581302,0.75
BIL,Half_plus_signal,2021-03,0.01230622252,0.001651581302,0.75
BIL,Half_plus_signal,2021-04,-0.01603853231,0.002263279642,0.75
BIL,Half_plus_signal,2021-05,-0.003870070061,0.002263279642,0.75
BIL,Half_plus_signal,2021-06,-0.01097576714,0.002870898719,0.75
BIL,Half_plus_signal,2021-07,0.009166452974,0.003474495003,0.75
BIL,Half_plus_signal,2021-08,0.006243010551,0.003474495003,0.75
BIL,Half_plus_signal,2021-09,0.0137777804,0.004273127766,0.75
BIL,Half_plus_signal,2021-10,0.01421253241,0.00506483495,0.75
BIL,Half_plus_signal,2021-11,0.002888081895,0.006239681461,0.75
BIL,Half_plus_signal,2021-12,0.002667771194,0.006239681461,0.75
BIL,Half_plus_signal,2022-01,-0.003221726159,0.007399630287,0.75
BIL,Half_plus_signal,2022-02,-0.004984020832,0.007399630287,0.75
BIL,Half_plus_signal,2022-03,-0.01220519592,0.008545071039,0.75
BIL,Half_plus_signal,2022-04,0.01282478237,0.009300823619,0.75
BIL,Half_plus_signal,2022-05,-0.0001931768823,0.009300823619,0.75
BIL,Half_plus_signal,2022-06,0.03205033414,0.01005040212,0.75
BIL,Half_plus_signal,2022-07,0.004382915633,0.01042290887,0.7357154766
BIL,Half_plus_signal,2022-08,0.00698770079,0.01042290887,0.75
BIL,Half_plus_signal,2022-09,0.0205831481,0.01079391108,0.75
BIL,Half_plus_signal,2022-10,0.003894666628,0.01079391108,0.75
BIL,Half_plus_signal,2022-11,0.008757958981,0.01079391108,0.75
BIL,Half_plus_signal,2022-12,0.008205734589,0.01079391108,0.75
BIL,Half_plus_signal,2023-01,-0.0002826816338,0.01079391108,0.75
BIL,Half_plus_signal,2023-02,0.01337658605,0.01079391108,0.75
BIL,Half_plus_signal,2023-03,0.002559147095,0.01079391108,0.75
BIL,Half_plus_signal,2023-04,0.004824046775,0.01079391108,0.75
BIL,Half_plus_signal,2023-05,0.01300664314,0.01079391108,0.7491838625
BIL,Half_plus_signal,2023-06,-0.004255222404,0.01079391108,0.7013527779
BIL,Half_plus_signal,2023-07,0.0002423145377,0.01079391108,0.7152597201
BIL,Half_plus_signal,2023-08,0.02052665544,0.01079391108,0.6780508955
BIL,Half_plus_signal,2023-09,0.01665210735,0.01042290887,0.6583051834
BIL,Half_plus_signal,2023-10,0.01133064566,0.01005040212,0.6916084183
BIL,Half_plus_signal,2023-11,0.002139778396,0.01005040212,0.7340630499
BIL,Half_plus_signal,2023-12,0.003642168112,0.009676378033,0.75
BIL,Half_plus_signal,2024-01,0.01342867426,0.009300823619,0.75
BIL,Half_plus_signal,2024-02,0.009677278922,0.009300823619,0.75
BIL,Half_plus_signal,2024-03,0.007599364741,0.008923725729,0.75
BIL,Half_plus_signal,2024-04,0.01384131029,0.008545071039,0.7456552242
BIL,Half_plus_signal,2024-05,0.01121582018,0.008545071039,0.75
BIL,Half_plus_signal,2024-06,0.02184631422,0.008355155684,0.7473459423
BIL,Half_plus_signal,2024-07,0.01280757227,0.008355155684,0.75
BIL,Half_plus_signal,2024-08,0.006726113002,0.008355155684,0.75
BIL,Half_plus_signal,2024-09,-0.002115961835,0.008355155684,0.75
BIL,Half_plus_signal,2024-10,0.02374235307,0.008545071039,0.75
BIL,Half_plus_signal,2024-11,0.02186150586,0.008545071039,0.75
BIL,Half_plus_signal,2024-12,0.01152512454,0.008923725729,0.75
BIL,Half_plus_signal,2025-01,-0.00629061589,0.009676378033,0.75
BIL,Half_plus_signal,2025-02,0.007913524004,0.01042290887,0.75
BIL,Half_plus_signal,2025-03,0.005985432772,0.01042290887,0.75
BIL,Half_plus_signal,2025-04,0.00162562728,0.01116342142,0.75
BIL,Half_plus_signal,2025-05,0.01216926933,0.01116342142,0.75
BIL,Half_plus_signal,2025-06,0.0008276069398,0.01153145236,0.75
BIL,Half_plus_signal,2025-07,0.01361331234,0.01171491692,0.75
BIL,Half_plus_signal,2025-08,0.002509078333,0.01171491692,0.75
BIL,Half_plus_signal,2025-09,0.0041806605,0.01171491692,0.75
BIL,Half_plus_signal,2025-10,0.01262101608,0.01171491692,0.75
BIL,Half_plus_signal,2025-11,0.007147198103,0.01171491692,0.75
BIL,Half_plus_signal,2025-12,0.01616892851,0.01171491692,0.75
BIL,Half_plus_signal,2026-01,-0.002500262418,0.01171491692,0.75
BIL,Half_plus_signal,2026-02,0.005878312632,0.01171491692,0.75
BIL,Half_plus_signal,2026-03,0.01261798663,0.01171491692,0.75
BIL,Half_plus_signal,2026-04,-0.002603402627,0.01153145236,0.75
BIL,Half_plus_signal,2026-05,0.01253436164,0.01134762104,0.75
BIL,Half_plus_signal,2026-06,0.01597002131,0.01134762104,0.7246996398
BIL,Half_plus_signal,2026-07,0.003257718394,0.01116342142,0.7431712326
BIL,Half_plus_signal,2026-08,0.01319506188,0.01116342142,0.75
SPY,Unhedged,2013-03,0.05612336644,0.005849740953,0
SPY,Unhedged,2013-04,0.01909793968,0.005849740953,0
SPY,Unhedged,2013-05,0.0848012724,0.006044919024,0
SPY,Unhedged,2013-06,0.02487149498,0.00643403011,0
SPY,Unhedged,2013-07,0.08753981085,0.00643403011,0
SPY,Unhedged,2013-08,-0.001654484178,0.006821493366,0
SPY,Unhedged,2013-09,-0.01223863688,0.007207323316,0
SPY,Unhedged,2013-10,0.02074835174,0.007207323316,0
SPY,Unhedged,2013-11,0.08787305738,0.007591534291,0
SPY,Unhedged,2013-12,0.04423915537,0.007974140429,0
SPY,Unhedged,2014-01,-0.007974178617,0.007974140429,0
SPY,Unhedged,2014-02,0.0009415642608,0.008355155684,0
SPY,Unhedged,2014-03,-0.01641876875,0.008545071039,0
SPY,Unhedged,2014-04,0.001546149963,0.008545071039,0
SPY,Unhedged,2014-05,0.01038301484,0.008734593824,0
SPY,Unhedged,2014-06,0.006335305697,0.008734593824,0
SPY,Unhedged,2014-07,0.01230571642,0.008734593824,0
SPY,Unhedged,2014-08,0.03507463484,0.008734593824,0
SPY,Unhedged,2014-09,0.07625823224,0.008734593824,0
SPY,Unhedged,2014-10,0.02480244664,0.008734593824,0
SPY,Unhedged,2014-11,0.06833629344,0.008923725729,0
SPY,Unhedged,2014-12,0.03767542514,0.008923725729,0
SPY,Unhedged,2015-01,-0.02559447906,0.009300823619,0
SPY,Unhedged,2015-02,0.1492685984,0.009676378033,0
SPY,Unhedged,2015-03,0.1033879947,0.009676378033,0
SPY,Unhedged,2015-04,-0.0790576109,0.01005040212,0
SPY,Unhedged,2015-05,0.07567213472,0.01042290887,0
SPY,Unhedged,2015-06,-0.03456263555,0.01042290887,0
SPY,Unhedged,2015-07,0.1116910548,0.01079391108,0
SPY,Unhedged,2015-08,0.01010309911,0.01116342142,0
SPY,Unhedged,2015-09,0.07475730095,0.01116342142,0
SPY,Unhedged,2015-10,0.05206117869,0.01116342142,0
SPY,Unhedged,2015-11,-0.00408604393,0.01116342142,0
SPY,Unhedged,2015-12,0.01140062646,0.01116342142,0
SPY,Unhedged,2016-01,-0.02679802456,0.01116342142,0
SPY,Unhedged,2016-02,-0.01825146054,0.01116342142,0
SPY,Unhedged,2016-03,-0.03154097279,0.01116342142,0
SPY,Unhedged,2016-04,-0.03260216652,0.01116342142,0
SPY,Unhedged,2016-05,0.04264557207,0.01116342142,0
SPY,Unhedged,2016-06,-0.09180676131,0.01116342142,0
SPY,Unhedged,2016-07,0.05217511473,0.01116342142,0
SPY,Unhedged,2016-08,-0.01317006115,0.01116342142,0
SPY,Unhedged,2016-09,0.002832422531,0.01116342142,0
SPY,Unhedged,2016-10,-0.03605569468,0.01116342142,0
SPY,Unhedged,2016-11,0.1064315789,0.01097885195,0
SPY,Unhedged,2016-12,-0.02230060344,0.01097885195,0
SPY,Unhedged,2017-01,-0.02475189315,0.01079391108,0
SPY,Unhedged,2017-02,0.03198318921,0.01023684436,0
SPY,Unhedged,2017-03,0.02239244798,0.009676378033,0
SPY,Unhedged,2017-04,0.01467226183,0.009676378033,0
SPY,Unhedged,2017-05,0.03808887822,0.008923725729,0
SPY,Unhedged,2017-06,0.0197721332,0.008923725729,0
SPY,Unhedged,2017-07,-0.0289406666,0.008164846052,0
SPY,Unhedged,2017-08,0.01208270853,0.007399630287,0
SPY,Unhedged,2017-09,0.02793696071,0.007399630287,0
SPY,Unhedged,2017-10,0.05003759002,0.006627966804,0
SPY,Unhedged,2017-11,0.02841081922,0.006044919024,0
SPY,Unhedged,2017-12,0.0274135247,0.006044919024,0
SPY,Unhedged,2018-01,0.007770647292,0.005654145387,0
SPY,Unhedged,2018-02,-0.01102226951,0.005654145387,0
SPY,Unhedged,2018-03,-0.003657856286,0.005458130457,0
SPY,Unhedged,2018-04,0.05020154066,0.005261694277,0
SPY,Unhedged,2018-05,0.1003051216,0.005261694277,0
SPY,Unhedged,2018-06,0.03820671618,0.005261694277,0
SPY,Unhedged,2018-07,0.005867372833,0.005261694277,0
SPY,Unhedged,2018-08,0.1526731801,0.005261694277,0
SPY,Unhedged,2018-09,-0.03037709485,0.005261694277,0
SPY,Unhedged,2018-10,-0.1418372615,0.005261694277,0
SPY,Unhedged,2018-11,0.06084601006,0.005261694277,0
SPY,Unhedged,2018-12,-0.08297713533,0.005261694277,0
SPY,Unhedged,2019-01,0.01838085147,0.005261694277,0
SPY,Unhedged,2019-02,0.05491615346,0.005261694277,0
SPY,Unhedged,2019-03,0.0630258047,0.005261694277,0
SPY,Unhedged,2019-04,0.04682598953,0.005261694277,0
SPY,Unhedged,2019-05,-0.04933648624,0.005261694277,0
SPY,Unhedged,2019-06,0.02564577503,0.005261694277,0
SPY,Unhedged,2019-07,0.004276221031,0.005261694277,0
SPY,Unhedged,2019-08,0.08062842521,0.005261694277,0
SPY,Unhedged,2019-09,0.0199106194,0.004867550565,0
SPY,Unhedged,2019-10,-0.01923194454,0.004471698917,0
SPY,Unhedged,2019-11,0.09841195112,0.004074123784,0
SPY,Unhedged,2019-12,-0.02222025175,0.004074123784,0
SPY,Unhedged,2020-01,0.06105813345,0.0036748094,0
SPY,Unhedged,2020-02,-0.03207885299,0.0036748094,0
SPY,Unhedged,2020-03,0.01516950797,0.003474495003,0
SPY,Unhedged,2020-04,0.1664232984,0.003072541703,0
SPY,Unhedged,2020-05,0.04221087194,0.003072541703,0
SPY,Unhedged,2020-06,0.03693784842,0.002466269772,0
SPY,Unhedged,2020-07,0.002453420191,0.001855937535,0
SPY,Unhedged,2020-08,0.1225919615,0.001855937535,0
SPY,Unhedged,2020-09,0.005420167566,0.001651581302,0
SPY,Unhedged,2020-10,-0.004981706637,0.001651581302,0
SPY,Unhedged,2020-11,0.01721062022,0.001651581302,0
SPY,Unhedged,2020-12,0.01589843217,0.001651581302,0
SPY,Unhedged,2021-01,0.04530615479,0.001651581302,0
SPY,Unhedged,2021-02,0.03025216931,0.001651581302,0
SPY,Unhedged,2021-03,0.09311198957,0.001651581302,0
SPY,Unhedged,2021-04,-0.02082584874,0.002263279642,0
SPY,Unhedged,2021-05,-0.01449994553,0.002263279642,0
SPY,Unhedged,2021-06,-0.02948585038,0.002870898719,0
SPY,Unhedged,2021-07,0.05269465658,0.003474495003,0
SPY,Unhedged,2021-08,0.04613795225,0.003474495003,0
SPY,Unhedged,2021-09,-0.00584697365,0.004273127766,0
SPY,Unhedged,2021-10,0.1162063264,0.00506483495,0
SPY,Unhedged,2021-11,-0.01337384746,0.006239681461,0
SPY,Unhedged,2021-12,0.03878429321,0.006239681461,0
SPY,Unhedged,2022-01,-0.08511014366,0.007399630287,0
SPY,Unhedged,2022-02,-0.06870558153,0.007399630287,0
SPY,Unhedged,2022-03,-0.04047913117,0.008545071039,0
SPY,Unhedged,2022-04,-0.06460778434,0.009300823619,0
SPY,Unhedged,2022-05,-0.02621354339,0.009300823619,0
SPY,Unhedged,2022-06,0.006943990512,0.01005040212,0
SPY,Unhedged,2022-07,0.08176474224,0.01042290887,0
SPY,Unhedged,2022-08,-0.04512433863,0.01042290887,0
SPY,Unhedged,2022-09,-0.04905527026,0.01079391108,0
SPY,Unhedged,2022-10,0.06539469476,0.01079391108,0
SPY,Unhedged,2022-11,0.05393438425,0.01079391108,0
SPY,Unhedged,2022-12,-0.0612239638,0.01079391108,0
SPY,Unhedged,2023-01,0.0277011863,0.01079391108,0
SPY,Unhedged,2023-02,-0.007166992526,0.01079391108,0
SPY,Unhedged,2023-03,0.01042974944,0.01079391108,0
SPY,Unhedged,2023-04,0.0009505143181,0.01079391108,0
SPY,Unhedged,2023-05,0.02164949887,0.01079391108,0
SPY,Unhedged,2023-06,0.01794157188,0.01079391108,0
SPY,Unhedged,2023-07,0.003425240894,0.01079391108,0
SPY,Unhedged,2023-08,0.01793280064,0.01079391108,0
SPY,Unhedged,2023-09,-0.02311042395,0.01042290887,0
SPY,Unhedged,2023-10,-0.01154175994,0.01005040212,0
SPY,Unhedged,2023-11,0.06494805876,0.01005040212,0
SPY,Unhedged,2023-12,0.02738144969,0.009676378033,0
SPY,Unhedged,2024-01,0.03842534796,0.009300823619,0
SPY,Unhedged,2024-02,0.0592326531,0.009300823619,0
SPY,Unhedged,2024-03,0.03371391591,0.008923725729,0
SPY,Unhedged,2024-04,-0.01594024808,0.008545071039,0
SPY,Unhedged,2024-05,0.06575384724,0.008545071039,0
SPY,Unhedged,2024-06,0.09594578897,0.008355155684,0
SPY,Unhedged,2024-07,0.03388400928,0.008355155684,0
SPY,Unhedged,2024-08,0.02049117687,0.008355155684,0
SPY,Unhedged,2024-09,-0.01579208487,0.008355155684,0
SPY,Unhedged,2024-10,0.05558770728,0.008545071039,0
SPY,Unhedged,2024-11,0.1218217651,0.008545071039,0
SPY,Unhedged,2024-12,-0.009473426902,0.008923725729,0
SPY,Unhedged,2025-01,-0.03066634794,0.009676378033,0
SPY,Unhedged,2025-02,-0.01383341449,0.01042290887,0
SPY,Unhedged,2025-03,-0.06411788734,0.01042290887,0
SPY,Unhedged,2025-04,-0.03721984742,0.01116342142,0
SPY,Unhedged,2025-05,0.07548337017,0.01116342142,0
SPY,Unhedged,2025-06,0.01687543284,0.01153145236,0
SPY,Unhedged,2025-07,0.03963058202,0.01171491692,0
SPY,Unhedged,2025-08,-0.00816813438,0.01171491692,0
SPY,Unhedged,2025-09,0.01495234624,0.01171491692,0
SPY,Unhedged,2025-10,0.03605859343,0.01171491692,0
SPY,Unhedged,2025-11,-0.005835154655,0.01171491692,0
SPY,Unhedged,2025-12,0.0267944976,0.01171491692,0
SPY,Unhedged,2026-01,-0.03277034287,0.01171491692,0
SPY,Unhedged,2026-02,-0.02111920881,0.01171491692,0
SPY,Unhedged,2026-03,-0.03677866403,0.01171491692,0
SPY,Unhedged,2026-04,0.05373806872,0.01153145236,0
SPY,Unhedged,2026-05,0.06612622264,0.01134762104,0
SPY,Unhedged,2026-06,0.01583042004,0.01134762104,0
SPY,Unhedged,2026-07,-0.02285038836,0.01116342142,0
SPY,Unhedged,2026-08,0.04856826621,0.01116342142,0
SPY,Half,2013-03,0.04957360953,0.005849740953,0.5
SPY,Half,2013-04,0.02192646527,0.005849740953,0.5
SPY,Half,2013-05,0.05778146204,0.006044919024,0.5
SPY,Half,2013-06,0.00856972797,0.00643403011,0.5
SPY,Half,2013-07,0.07355411979,0.00643403011,0.5
SPY,Half,2013-08,-0.01300312531,0.006821493366,0.5
SPY,Half,2013-09,0.01248203882,0.007207323316,0.5
SPY,Half,2013-10,0.03641296005,0.007207323316,0.5
SPY,Half,2013-11,0.06323687902,0.007591534291,0.5
SPY,Half,2013-12,0.03914891426,0.007974140429,0.5
SPY,Half,2014-01,-0.01827493573,0.007974140429,0.5
SPY,Half,2014-02,0.02628359948,0.008355155684,0.5
SPY,Half,2014-03,-4.325802692e-05,0.008545071039,0.5
SPY,Half,2014-04,0.00835008353,0.008545071039,0.5
SPY,Half,2014-05,0.02086414497,0.008734593824,0.5
SPY,Half,2014-06,0.01756032133,0.008734593824,0.5
SPY,Half,2014-07,0.003473706186,0.008734593824,0.5
SPY,Half,2014-08,0.0414002403,0.008734593824,0.5
SPY,Half,2014-09,0.03481598916,0.008734593824,0.5
SPY,Half,2014-10,0.02840577024,0.008734593824,0.5
SPY,Half,2014-11,0.05275979584,0.008923725729,0.5
SPY,Half,2014-12,0.02182770471,0.008923725729,0.5
SPY,Half,2015-01,-0.02317561405,0.009300823619,0.5
SPY,Half,2015-02,0.1098982868,0.009676378033,0.5
SPY,Half,2015-03,0.04757670426,0.009676378033,0.5
SPY,Half,2015-04,-0.03017205854,0.01005040212,0.5
SPY,Half,2015-05,0.04972170296,0.01042290887,0.5
SPY,Half,2015-06,-0.02223078052,0.01042290887,0.5
SPY,Half,2015-07,0.07336861337,0.01079391108,0.5
SPY,Half,2015-08,-0.02230024706,0.01116342142,0.5
SPY,Half,2015-09,0.02873699948,0.01116342142,0.5
SPY,Half,2015-10,0.07269614705,0.01116342142,0.5
SPY,Half,2015-11,0.005199585089,0.01116342142,0.5
SPY,Half,2015-12,0.002235966382,0.01116342142,0.5
SPY,Half,2016-01,-0.03357066111,0.01116342142,0.5
SPY,Half,2016-02,-0.004207683601,0.01116342142,0.5
SPY,Half,2016-03,0.02007295333,0.01116342142,0.5
SPY,Half,2016-04,-0.009078201609,0.01116342142,0.5
SPY,Half,2016-05,0.0353670037,0.01116342142,0.5
SPY,Half,2016-06,-0.03900644518,0.01116342142,0.5
SPY,Half,2016-07,0.04992361893,0.01116342142,0.5
SPY,Half,2016-08,-0.0006708533893,0.01116342142,0.5
SPY,Half,2016-09,0.006769376298,0.01116342142,0.5
SPY,Half,2016-10,-0.02120727916,0.01116342142,0.5
SPY,Half,2016-11,0.0781032344,0.01097885195,0.5
SPY,Half,2016-12,0.003794501565,0.01097885195,0.5
SPY,Half,2017-01,0.001231127677,0.01079391108,0.5
SPY,Half,2017-02,0.04025524737,0.01023684436,0.5
SPY,Half,2017-03,0.01631059449,0.009676378033,0.5
SPY,Half,2017-04,0.01669434695,0.009676378033,0.5
SPY,Half,2017-05,0.03026345488,0.008923725729,0.5
SPY,Half,2017-06,0.0171117662,0.008923725729,0.5
SPY,Half,2017-07,-0.001179012512,0.008164846052,0.5
SPY,Half,2017-08,0.01064396721,0.007399630287,0.5
SPY,Half,2017-09,0.02725068,0.007399630287,0.5
SPY,Half,2017-10,0.03985046454,0.006627966804,0.5
SPY,Half,2017-11,0.03190998826,0.006044919024,0.5
SPY,Half,2017-12,0.02231612799,0.006044919024,0.5
SPY,Half,2018-01,0.03292393337,0.005654145387,0.5
SPY,Half,2018-02,-0.02201418153,0.005654145387,0.5
SPY,Half,2018-03,-0.01381161198,0.005458130457,0.5
SPY,Half,2018-04,0.02965674258,0.005261694277,0.5
SPY,Half,2018-05,0.06506506841,0.005261694277,0.5
SPY,Half,2018-06,0.0239276892,0.005261694277,0.5
SPY,Half,2018-07,0.02265353389,0.005261694277,0.5
SPY,Half,2018-08,0.09591752384,0.005261694277,0.5
SPY,Half,2018-09,-0.01056994499,0.005261694277,0.5
SPY,Half,2018-10,-0.1011202457,0.005261694277,0.5
SPY,Half,2018-11,0.04173358163,0.005261694277,0.5
SPY,Half,2018-12,-0.08410674229,0.005261694277,0.5
SPY,Half,2019-01,0.04848556524,0.005261694277,0.5
SPY,Half,2019-02,0.04556793149,0.005261694277,0.5
SPY,Half,2019-03,0.04251109273,0.005261694277,0.5
SPY,Half,2019-04,0.04550498754,0.005261694277,0.5
SPY,Half,2019-05,-0.05549665632,0.005261694277,0.5
SPY,Half,2019-06,0.04773525314,0.005261694277,0.5
SPY,Half,2019-07,0.01116581569,0.005261694277,0.5
SPY,Half,2019-08,0.03266214274,0.005261694277,0.5
SPY,Half,2019-09,0.02114263547,0.004867550565,0.5
SPY,Half,2019-10,0.002348463683,0.004471698917,0.5
SPY,Half,2019-11,0.06965486448,0.004074123784,0.5
SPY,Half,2019-12,0.003956868387,0.004074123784,0.5
SPY,Half,2020-01,0.03137844236,0.0036748094,0.5
SPY,Half,2020-02,-0.05658263516,0.0036748094,0.5
SPY,Half,2020-03,-0.06387831517,0.003474495003,0.5
SPY,Half,2020-04,0.1503095685,0.003072541703,0.5
SPY,Half,2020-05,0.04618849547,0.003072541703,0.5
SPY,Half,2020-06,0.02858433651,0.002466269772,0.5
SPY,Half,2020-07,0.02987909428,0.001855937535,0.5
SPY,Half,2020-08,0.09869265582,0.001855937535,0.5
SPY,Half,2020-09,-0.01617194213,0.001651581302,0.5
SPY,Half,2020-10,-0.0145390451,0.001651581302,0.5
SPY,Half,2020-11,0.05917577385,0.001651581302,0.5
SPY,Half,2020-12,0.02676935562,0.001651581302,0.5
SPY,Half,2021-01,0.01794578225,0.001651581302,0.5
SPY,Half,2021-02,0.02973551379,0.001651581302,0.5
SPY,Half,2021-03,0.07096535698,0.001651581302,0.5
SPY,Half,2021-04,0.01516911158,0.002263279642,0.5
SPY,Half,2021-05,-0.003056179959,0.002263279642,0.5
SPY,Half,2021-06,-0.00281531874,0.002870898719,0.5
SPY,Half,2021-07,0.04047563048,0.003474495003,0.5
SPY,Half,2021-08,0.03977058881,0.003474495003,0.5
SPY,Half,2021-09,-0.02523806849,0.004273127766,0.5
SPY,Half,2021-10,0.09707435739,0.00506483495,0.5
SPY,Half,2021-11,-0.007715326645,0.006239681461,0.5
SPY,Half,2021-12,0.0453186223,0.006239681461,0.5
SPY,Half,2022-01,-0.06447716371,0.007399630287,0.5
SPY,Half,2022-02,-0.04496797774,0.007399630287,0.5
SPY,Half,2022-03,0.001261396137,0.008545071039,0.5
SPY,Half,2022-04,-0.07290955735,0.009300823619,0.5
SPY,Half,2022-05,-0.007617158993,0.009300823619,0.5
SPY,Half,2022-06,-0.03721701188,0.01005040212,0.5
SPY,Half,2022-07,0.09092413257,0.01042290887,0.5
SPY,Half,2022-08,-0.03874698979,0.01042290887,0.5
SPY,Half,2022-09,-0.06865110041,0.01079391108,0.5
SPY,Half,2022-10,0.07674088562,0.01079391108,0.5
SPY,Half,2022-11,0.05872197146,0.01079391108,0.5
SPY,Half,2022-12,-0.05561793351,0.01079391108,0.5
SPY,Half,2023-01,0.04775011019,0.01079391108,0.5
SPY,Half,2023-02,-0.0128898435,0.01079391108,0.5
SPY,Half,2023-03,0.02667371813,0.01079391108,0.5
SPY,Half,2023-04,0.01164078709,0.01079391108,0.5
SPY,Half,2023-05,0.01646825061,0.01079391108,0.5
SPY,Half,2023-06,0.04314123012,0.01079391108,0.5
SPY,Half,2023-07,0.02081113733,0.01079391108,0.5
SPY,Half,2023-08,0.003654726609,0.01079391108,0.5
SPY,Half,2023-09,-0.03296595033,0.01042290887,0.5
SPY,Half,2023-10,-0.01401136806,0.01005040212,0.5
SPY,Half,2023-11,0.07976784987,0.01005040212,0.5
SPY,Half,2023-12,0.03865986208,0.009676378033,0.5
SPY,Half,2024-01,0.02970574027,0.009300823619,0.5
SPY,Half,2024-02,0.05823792245,0.009300823619,0.5
SPY,Half,2024-03,0.03538968301,0.008923725729,0.5
SPY,Half,2024-04,-0.02666485193,0.008545071039,0.5
SPY,Half,2024-05,0.06050931155,0.008545071039,0.5
SPY,Half,2024-06,0.06852917166,0.008355155684,0.5
SPY,Half,2024-07,0.02500961442,0.008355155684,0.5
SPY,Half,2024-08,0.02377825978,0.008355155684,0.5
SPY,Half,2024-09,0.004110411098,0.008355155684,0.5
SPY,Half,2024-10,0.02521791752,0.008545071039,0.5
SPY,Half,2024-11,0.09465369586,0.008545071039,0.5
SPY,Half,2024-12,-0.01448177177,0.008923725729,0.5
SPY,Half,2025-01,0.0002828420481,0.009676378033,0.5
SPY,Half,2025-02,-0.009944953699,0.01042290887,0.5
SPY,Half,2025-03,-0.05635890682,0.01042290887,0.5
SPY,Half,2025-04,-0.01913926369,0.01116342142,0.5
SPY,Half,2025-05,0.07321864224,0.01116342142,0.5
SPY,Half,2025-06,0.03715163171,0.01153145236,0.5
SPY,Half,2025-07,0.03547356957,0.01171491692,0.5
SPY,Half,2025-08,0.009842871591,0.01171491692,0.5
SPY,Half,2025-09,0.02888650846,0.01171491692,0.5
SPY,Half,2025-10,0.03414661086,0.01171491692,0.5
SPY,Half,2025-11,0.002207200288,0.01171491692,0.5
SPY,Half,2025-12,0.0179637093,0.01171491692,0.5
SPY,Half,2026-01,-0.005102643188,0.01171491692,0.5
SPY,Half,2026-02,-0.01056762578,0.01171491692,0.5
SPY,Half,2026-03,-0.0391477719,0.01171491692,0.5
SPY,Half,2026-04,0.08112340307,0.01153145236,0.5
SPY,Half,2026-05,0.06378897794,0.01134762104,0.5
SPY,Half,2026-06,0.006708606278,0.01134762104,0.5
SPY,Half,2026-07,-0.00727145489,0.01116342142,0.5
SPY,Half,2026-08,0.04134682392,0.01116342142,0.5
SPY,Full,2013-03,0.04302385263,0.005849740953,1
SPY,Full,2013-04,0.02475499086,0.005849740953,1
SPY,Full,2013-05,0.03076165168,0.006044919024,1
SPY,Full,2013-06,-0.007732039036,0.00643403011,1
SPY,Full,2013-07,0.05956842874,0.00643403011,1
SPY,Full,2013-08,-0.02435176645,0.006821493366,1
SPY,Full,2013-09,0.03720271453,0.007207323316,1
SPY,Full,2013-10,0.05207756835,0.007207323316,1
SPY,Full,2013-11,0.03860070066,0.007591534291,1
SPY,Full,2013-12,0.03405867314,0.007974140429,1
SPY,Full,2014-01,-0.02857569284,0.007974140429,1
SPY,Full,2014-02,0.05162563471,0.008355155684,1
SPY,Full,2014-03,0.01633225269,0.008545071039,1
SPY,Full,2014-04,0.0151540171,0.008545071039,1
SPY,Full,2014-05,0.03134527509,0.008734593824,1
SPY,Full,2014-06,0.02878533697,0.008734593824,1
SPY,Full,2014-07,-0.005358304049,0.008734593824,1
SPY,Full,2014-08,0.04772584576,0.008734593824,1
SPY,Full,2014-09,-0.006626253922,0.008734593824,1
SPY,Full,2014-10,0.03200909383,0.008734593824,1
SPY,Full,2014-11,0.03718329823,0.008923725729,1
SPY,Full,2014-12,0.005979984287,0.008923725729,1
SPY,Full,2015-01,-0.02075674904,0.009300823619,1
SPY,Full,2015-02,0.07052797516,0.009676378033,1
SPY,Full,2015-03,-0.00823458617,0.009676378033,1
SPY,Full,2015-04,0.01871349383,0.01005040212,1
SPY,Full,2015-05,0.02377127119,0.01042290887,1
SPY,Full,2015-06,-0.009898925485,0.01042290887,1
SPY,Full,2015-07,0.03504617194,0.01079391108,1
SPY,Full,2015-08,-0.05470359324,0.01116342142,1
SPY,Full,2015-09,-0.01728330199,0.01116342142,1
SPY,Full,2015-10,0.09333111542,0.01116342142,1
SPY,Full,2015-11,0.01448521411,0.01116342142,1
SPY,Full,2015-12,-0.006928693698,0.01116342142,1
SPY,Full,2016-01,-0.04034329767,0.01116342142,1
SPY,Full,2016-02,0.009836093337,0.01116342142,1
SPY,Full,2016-03,0.07168687945,0.01116342142,1
SPY,Full,2016-04,0.0144457633,0.01116342142,1
SPY,Full,2016-05,0.02808843532,0.01116342142,1
SPY,Full,2016-06,0.01379387094,0.01116342142,1
SPY,Full,2016-07,0.04767212313,0.01116342142,1
SPY,Full,2016-08,0.01182835437,0.01116342142,1
SPY,Full,2016-09,0.01070633007,0.01116342142,1
SPY,Full,2016-10,-0.006358863645,0.01116342142,1
SPY,Full,2016-11,0.04977488989,0.01097885195,1
SPY,Full,2016-12,0.02988960657,0.01097885195,1
SPY,Full,2017-01,0.0272141485,0.01079391108,1
SPY,Full,2017-02,0.04852730554,0.01023684436,1
SPY,Full,2017-03,0.01022874099,0.009676378033,1
SPY,Full,2017-04,0.01871643207,0.009676378033,1
SPY,Full,2017-05,0.02243803155,0.008923725729,1
SPY,Full,2017-06,0.0144513992,0.008923725729,1
SPY,Full,2017-07,0.02658264157,0.008164846052,1
SPY,Full,2017-08,0.009205225888,0.007399630287,1
SPY,Full,2017-09,0.02656439928,0.007399630287,1
SPY,Full,2017-10,0.02966333906,0.006627966804,1
SPY,Full,2017-11,0.03540915731,0.006044919024,1
SPY,Full,2017-12,0.01721873129,0.006044919024,1
SPY,Full,2018-01,0.05807721945,0.005654145387,1
SPY,Full,2018-02,-0.03300609354,0.005654145387,1
SPY,Full,2018-03,-0.02396536768,0.005458130457,1
SPY,Full,2018-04,0.009111944504,0.005261694277,1
SPY,Full,2018-05,0.02982501519,0.005261694277,1
SPY,Full,2018-06,0.00964866222,0.005261694277,1
SPY,Full,2018-07,0.03943969495,0.005261694277,1
SPY,Full,2018-08,0.0391618676,0.005261694277,1
SPY,Full,2018-09,0.009237204866,0.005261694277,1
SPY,Full,2018-10,-0.0604032298,0.005261694277,1
SPY,Full,2018-11,0.0226211532,0.005261694277,1
SPY,Full,2018-12,-0.08523634926,0.005261694277,1
SPY,Full,2019-01,0.078590279,0.005261694277,1
SPY,Full,2019-02,0.03621970952,0.005261694277,1
SPY,Full,2019-03,0.02199638075,0.005261694277,1
SPY,Full,2019-04,0.04418398555,0.005261694277,1
SPY,Full,2019-05,-0.06165682641,0.005261694277,1
SPY,Full,2019-06,0.06982473124,0.005261694277,1
SPY,Full,2019-07,0.01805541036,0.005261694277,1
SPY,Full,2019-08,-0.01530413973,0.005261694277,1
SPY,Full,2019-09,0.02237465153,0.004867550565,1
SPY,Full,2019-10,0.02392887191,0.004471698917,1
SPY,Full,2019-11,0.04089777785,0.004074123784,1
SPY,Full,2019-12,0.03013398852,0.004074123784,1
SPY,Full,2020-01,0.001698751275,0.0036748094,1
SPY,Full,2020-02,-0.08108641733,0.0036748094,1
SPY,Full,2020-03,-0.1429261383,0.003474495003,1
SPY,Full,2020-04,0.1341958385,0.003072541703,1
SPY,Full,2020-05,0.050166119,0.003072541703,1
SPY,Full,2020-06,0.02023082459,0.002466269772,1
SPY,Full,2020-07,0.05730476837,0.001855937535,1
SPY,Full,2020-08,0.07479335015,0.001855937535,1
SPY,Full,2020-09,-0.03776405183,0.001651581302,1
SPY,Full,2020-10,-0.02409638356,0.001651581302,1
SPY,Full,2020-11,0.1011409275,0.001651581302,1
SPY,Full,2020-12,0.03764027908,0.001651581302,1
SPY,Full,2021-01,-0.009414590285,0.001651581302,1
SPY,Full,2021-02,0.02921885827,0.001651581302,1
SPY,Full,2021-03,0.0488187244,0.001651581302,1
SPY,Full,2021-04,0.0511640719,0.002263279642,1
SPY,Full,2021-05,0.008387585608,0.002263279642,1
SPY,Full,2021-06,0.0238552129,0.002870898719,1
SPY,Full,2021-07,0.02825660439,0.003474495003,1
SPY,Full,2021-08,0.03340322536,0.003474495003,1
SPY,Full,2021-09,-0.04462916333,0.004273127766,1
SPY,Full,2021-10,0.07794238836,0.00506483495,1
SPY,Full,2021-11,-0.002056805828,0.006239681461,1
SPY,Full,2021-12,0.05185295138,0.006239681461,1
SPY,Full,2022-01,-0.04384418376,0.007399630287,1
SPY,Full,2022-02,-0.02123037395,0.007399630287,1
SPY,Full,2022-03,0.04300192344,0.008545071039,1
SPY,Full,2022-04,-0.08121133036,0.009300823619,1
SPY,Full,2022-05,0.01097922541,0.009300823619,1
SPY,Full,2022-06,-0.08137801427,0.01005040212,1
SPY,Full,2022-07,0.1000835229,0.01042290887,1
SPY,Full,2022-08,-0.03236964096,0.01042290887,1
SPY,Full,2022-09,-0.08824693056,0.01079391108,1
SPY,Full,2022-10,0.08808707649,0.01079391108,1
SPY,Full,2022-11,0.06350955866,0.01079391108,1
SPY,Full,2022-12,-0.05001190321,0.01079391108,1
SPY,Full,2023-01,0.06779903407,0.01079391108,1
SPY,Full,2023-02,-0.01861269448,0.01079391108,1
SPY,Full,2023-03,0.04291768681,0.01079391108,1
SPY,Full,2023-04,0.02233105987,0.01079391108,1
SPY,Full,2023-05,0.01128700235,0.01079391108,1
SPY,Full,2023-06,0.06834088835,0.01079391108,1
SPY,Full,2023-07,0.03819703377,0.01079391108,1
SPY,Full,2023-08,-0.01062334742,0.01079391108,1
SPY,Full,2023-09,-0.04282147671,0.01042290887,1
SPY,Full,2023-10,-0.01648097618,0.01005040212,1
SPY,Full,2023-11,0.09458764098,0.01005040212,1
SPY,Full,2023-12,0.04993827447,0.009676378033,1
SPY,Full,2024-01,0.02098613258,0.009300823619,1
SPY,Full,2024-02,0.05724319181,0.009300823619,1
SPY,Full,2024-03,0.03706545011,0.008923725729,1
SPY,Full,2024-04,-0.03738945578,0.008545071039,1
SPY,Full,2024-05,0.05526477586,0.008545071039,1
SPY,Full,2024-06,0.04111255436,0.008355155684,1
SPY,Full,2024-07,0.01613521956,0.008355155684,1
SPY,Full,2024-08,0.0270653427,0.008355155684,1
SPY,Full,2024-09,0.02401290706,0.008355155684,1
SPY,Full,2024-10,-0.005151872246,0.008545071039,1
SPY,Full,2024-11,0.06748562663,0.008545071039,1
SPY,Full,2024-12,-0.01949011663,0.008923725729,1
SPY,Full,2025-01,0.03123203204,0.009676378033,1
SPY,Full,2025-02,-0.006056492907,0.01042290887,1
SPY,Full,2025-03,-0.0485999263,0.01042290887,1
SPY,Full,2025-04,-0.001058679955,0.01116342142,1
SPY,Full,2025-05,0.07095391432,0.01116342142,1
SPY,Full,2025-06,0.05742783058,0.01153145236,1
SPY,Full,2025-07,0.03131655712,0.01171491692,1
SPY,Full,2025-08,0.02785387756,0.01171491692,1
SPY,Full,2025-09,0.04282067069,0.01171491692,1
SPY,Full,2025-10,0.03223462829,0.01171491692,1
SPY,Full,2025-11,0.01024955523,0.01171491692,1
SPY,Full,2025-12,0.00913292099,0.01171491692,1
SPY,Full,2026-01,0.0225650565,0.01171491692,1
SPY,Full,2026-02,-1.604275515e-05,0.01171491692,1
SPY,Full,2026-03,-0.04151687977,0.01171491692,1
SPY,Full,2026-04,0.1085087374,0.01153145236,1
SPY,Full,2026-05,0.06145173324,0.01134762104,1
SPY,Full,2026-06,-0.002413207485,0.01134762104,1
SPY,Full,2026-07,0.008307478582,0.01116342142,1
SPY,Full,2026-08,0.03412538162,0.01116342142,1
SPY,EJR_FX,2013-03,0.05612336644,0.005849740953,0
SPY,EJR_FX,2013-04,0.01909793968,0.005849740953,0
SPY,EJR_FX,2013-05,0.0848012724,0.006044919024,0
SPY,EJR_FX,2013-06,0.02487149498,0.00643403011,0
SPY,EJR_FX,2013-07,0.08753981085,0.00643403011,0
SPY,EJR_FX,2013-08,-0.001654484178,0.006821493366,0
SPY,EJR_FX,2013-09,-0.01223863688,0.007207323316,0
SPY,EJR_FX,2013-10,0.02074835174,0.007207323316,0
SPY,EJR_FX,2013-11,0.08787305738,0.007591534291,0
SPY,EJR_FX,2013-12,0.04423915537,0.007974140429,0
SPY,EJR_FX,2014-01,-0.007974178617,0.007974140429,0
SPY,EJR_FX,2014-02,0.0009415642608,0.008355155684,0
SPY,EJR_FX,2014-03,-0.01641876875,0.008545071039,0
SPY,EJR_FX,2014-04,0.001546149963,0.008545071039,0
SPY,EJR_FX,2014-05,0.01038301484,0.008734593824,0
SPY,EJR_FX,2014-06,0.006335305697,0.008734593824,0
SPY,EJR_FX,2014-07,0.01230571642,0.008734593824,0
SPY,EJR_FX,2014-08,0.03507463484,0.008734593824,0
SPY,EJR_FX,2014-09,0.07625823224,0.008734593824,0
SPY,EJR_FX,2014-10,0.02480244664,0.008734593824,0
SPY,EJR_FX,2014-11,0.06833629344,0.008923725729,0
SPY,EJR_FX,2014-12,0.03767542514,0.008923725729,0
SPY,EJR_FX,2015-01,-0.02559447906,0.009300823619,0
SPY,EJR_FX,2015-02,0.1432424306,0.009676378033,0.07653187826
SPY,EJR_FX,2015-03,0.09828449447,0.009676378033,0.04572103763
SPY,EJR_FX,2015-04,-0.03810325686,0.01005040212,0.4188799355
SPY,EJR_FX,2015-05,0.02750339896,0.01042290887,0.9280912201
SPY,EJR_FX,2015-06,-0.02464554592,0.01042290887,0.4020923699
SPY,EJR_FX,2015-07,0.05947368855,0.01079391108,0.6812896609
SPY,EJR_FX,2015-08,-0.02727752992,0.01116342142,0.5768019887
SPY,EJR_FX,2015-09,-0.01728330199,0.01116342142,1
SPY,EJR_FX,2015-10,0.09333111542,0.01116342142,1
SPY,EJR_FX,2015-11,0.01448521411,0.01116342142,1
SPY,EJR_FX,2015-12,-0.006928693698,0.01116342142,1
SPY,EJR_FX,2016-01,-0.04034329767,0.01116342142,1
SPY,EJR_FX,2016-02,0.009836093337,0.01116342142,1
SPY,EJR_FX,2016-03,0.07168687945,0.01116342142,1
SPY,EJR_FX,2016-04,0.0144457633,0.01116342142,1
SPY,EJR_FX,2016-05,0.02808843532,0.01116342142,1
SPY,EJR_FX,2016-06,-0.01138979372,0.01116342142,0.7615197549
SPY,EJR_FX,2016-07,0.04810937821,0.01116342142,0.9028967578
SPY,EJR_FX,2016-08,-0.005030796119,0.01116342142,0.3255912369
SPY,EJR_FX,2016-09,0.005908498075,0.01116342142,0.3906669631
SPY,EJR_FX,2016-10,-0.02695608598,0.01116342142,0.3064168258
SPY,EJR_FX,2016-11,0.09037246075,0.01097885195,0.283446111
SPY,EJR_FX,2016-12,-0.01431343392,0.01097885195,0.1530396125
SPY,EJR_FX,2017-01,0.003282205755,0.01079391108,0.5394695846
SPY,EJR_FX,2017-02,0.03668133331,0.01023684436,0.2839767325
SPY,EJR_FX,2017-03,0.02219853976,0.009676378033,0.01594154005
SPY,EJR_FX,2017-04,0.01467226183,0.009676378033,0
SPY,EJR_FX,2017-05,0.03658175671,0.008923725729,0.09629648412
SPY,EJR_FX,2017-06,0.01911188971,0.008923725729,0.1240887977
SPY,EJR_FX,2017-07,-0.01493588196,0.008164846052,0.2522325325
SPY,EJR_FX,2017-08,0.01110471084,0.007399630287,0.3398796137
SPY,EJR_FX,2017-09,0.02788845813,0.007399630287,0.03533727512
SPY,EJR_FX,2017-10,0.0478057023,0.006627966804,0.1095445286
SPY,EJR_FX,2017-11,0.02937402852,0.006044919024,0.1376340054
SPY,EJR_FX,2017-12,0.02439884856,0.006044919024,0.2957074282
SPY,EJR_FX,2018-01,0.02315139939,0.005654145387,0.3057404119
SPY,EJR_FX,2018-02,-0.01907731513,0.005654145387,0.3664078466
SPY,EJR_FX,2018-03,-0.005127041004,0.005458130457,0.07234686166
SPY,EJR_FX,2018-04,0.04205627943,0.005261694277,0.1982317177
SPY,EJR_FX,2018-05,0.07514120104,0.005261694277,0.3570357915
SPY,EJR_FX,2018-06,0.02037152423,0.005261694277,0.624524065
SPY,EJR_FX,2018-07,0.03943969495,0.005261694277,1
SPY,EJR_FX,2018-08,0.0391618676,0.005261694277,1
SPY,EJR_FX,2018-09,0.009237204866,0.005261694277,1
SPY,EJR_FX,2018-10,-0.0604032298,0.005261694277,1
SPY,EJR_FX,2018-11,0.0226211532,0.005261694277,1
SPY,EJR_FX,2018-12,-0.0850986577,0.005261694277,0.9390533314
SPY,EJR_FX,2019-01,0.078590279,0.005261694277,1
SPY,EJR_FX,2019-02,0.03621970952,0.005261694277,1
SPY,EJR_FX,2019-03,0.02969763019,0.005261694277,0.8122993527
SPY,EJR_FX,2019-04,0.04441822979,0.005261694277,0.9113384247
SPY,EJR_FX,2019-05,-0.06165682641,0.005261694277,1
SPY,EJR_FX,2019-06,0.06982473124,0.005261694277,1
SPY,EJR_FX,2019-07,0.01805541036,0.005261694277,1
SPY,EJR_FX,2019-08,-0.01530413973,0.005261694277,1
SPY,EJR_FX,2019-09,0.02225763799,0.004867550565,0.9525113565
SPY,EJR_FX,2019-10,0.02392887191,0.004471698917,1
SPY,EJR_FX,2019-11,0.04089777785,0.004074123784,1
SPY,EJR_FX,2019-12,0.03013398852,0.004074123784,1
SPY,EJR_FX,2020-01,0.001698751275,0.0036748094,1
SPY,EJR_FX,2020-02,-0.08108641733,0.0036748094,1
SPY,EJR_FX,2020-03,-0.1429261383,0.003474495003,1
SPY,EJR_FX,2020-04,0.1341958385,0.003072541703,1
SPY,EJR_FX,2020-05,0.050166119,0.003072541703,1
SPY,EJR_FX,2020-06,0.02023082459,0.002466269772,1
SPY,EJR_FX,2020-07,0.05730476837,0.001855937535,1
SPY,EJR_FX,2020-08,0.07479335015,0.001855937535,1
SPY,EJR_FX,2020-09,-0.03776405183,0.001651581302,1
SPY,EJR_FX,2020-10,-0.02409638356,0.001651581302,1
SPY,EJR_FX,2020-11,0.1011409275,0.001651581302,1
SPY,EJR_FX,2020-12,0.03764027908,0.001651581302,1
SPY,EJR_FX,2021-01,-0.009414590285,0.001651581302,1
SPY,EJR_FX,2021-02,0.02921885827,0.001651581302,1
SPY,EJR_FX,2021-03,0.0488187244,0.001651581302,1
SPY,EJR_FX,2021-04,0.0511640719,0.002263279642,1
SPY,EJR_FX,2021-05,0.008387585608,0.002263279642,1
SPY,EJR_FX,2021-06,0.0238552129,0.002870898719,1
SPY,EJR_FX,2021-07,0.02825660439,0.003474495003,1
SPY,EJR_FX,2021-08,0.03340322536,0.003474495003,1
SPY,EJR_FX,2021-09,-0.04462916333,0.004273127766,1
SPY,EJR_FX,2021-10,0.07794238836,0.00506483495,1
SPY,EJR_FX,2021-11,-0.002056805828,0.006239681461,1
SPY,EJR_FX,2021-12,0.05185295138,0.006239681461,1
SPY,EJR_FX,2022-01,-0.04384418376,0.007399630287,1
SPY,EJR_FX,2022-02,-0.02123037395,0.007399630287,1
SPY,EJR_FX,2022-03,0.04300192344,0.008545071039,1
SPY,EJR_FX,2022-04,-0.08121133036,0.009300823619,1
SPY,EJR_FX,2022-05,0.01097922541,0.009300823619,1
SPY,EJR_FX,2022-06,-0.08137801427,0.01005040212,1
SPY,EJR_FX,2022-07,0.1000835229,0.01042290887,1
SPY,EJR_FX,2022-08,-0.03236964096,0.01042290887,1
SPY,EJR_FX,2022-09,-0.08824693056,0.01079391108,1
SPY,EJR_FX,2022-10,0.08808707649,0.01079391108,1
SPY,EJR_FX,2022-11,0.06350955866,0.01079391108,1
SPY,EJR_FX,2022-12,-0.05001190321,0.01079391108,1
SPY,EJR_FX,2023-01,0.06779903407,0.01079391108,1
SPY,EJR_FX,2023-02,-0.01861269448,0.01079391108,1
SPY,EJR_FX,2023-03,0.04291768681,0.01079391108,1
SPY,EJR_FX,2023-04,0.02233105987,0.01079391108,1
SPY,EJR_FX,2023-05,0.01128700235,0.01079391108,1
SPY,EJR_FX,2023-06,0.06834088835,0.01079391108,1
SPY,EJR_FX,2023-07,0.03819703377,0.01079391108,1
SPY,EJR_FX,2023-08,-0.01062334742,0.01079391108,1
SPY,EJR_FX,2023-09,-0.04282147671,0.01042290887,1
SPY,EJR_FX,2023-10,-0.01648097618,0.01005040212,1
SPY,EJR_FX,2023-11,0.09458764098,0.01005040212,1
SPY,EJR_FX,2023-12,0.04993827447,0.009676378033,1
SPY,EJR_FX,2024-01,0.02098613258,0.009300823619,1
SPY,EJR_FX,2024-02,0.05724319181,0.009300823619,1
SPY,EJR_FX,2024-03,0.03706545011,0.008923725729,1
SPY,EJR_FX,2024-04,-0.03738945578,0.008545071039,1
SPY,EJR_FX,2024-05,0.05526477586,0.008545071039,1
SPY,EJR_FX,2024-06,0.04111255436,0.008355155684,1
SPY,EJR_FX,2024-07,0.01613521956,0.008355155684,1
SPY,EJR_FX,2024-08,0.0270653427,0.008355155684,1
SPY,EJR_FX,2024-09,0.02401290706,0.008355155684,1
SPY,EJR_FX,2024-10,-0.005151872246,0.008545071039,1
SPY,EJR_FX,2024-11,0.06748562663,0.008545071039,1
SPY,EJR_FX,2024-12,-0.01949011663,0.008923725729,1
SPY,EJR_FX,2025-01,0.03123203204,0.009676378033,1
SPY,EJR_FX,2025-02,-0.006056492907,0.01042290887,1
SPY,EJR_FX,2025-03,-0.0485999263,0.01042290887,1
SPY,EJR_FX,2025-04,-0.001058679955,0.01116342142,1
SPY,EJR_FX,2025-05,0.07095391432,0.01116342142,1
SPY,EJR_FX,2025-06,0.05742783058,0.01153145236,1
SPY,EJR_FX,2025-07,0.03131655712,0.01171491692,1
SPY,EJR_FX,2025-08,0.02785387756,0.01171491692,1
SPY,EJR_FX,2025-09,0.04282067069,0.01171491692,1
SPY,EJR_FX,2025-10,0.03223462829,0.01171491692,1
SPY,EJR_FX,2025-11,0.01024955523,0.01171491692,1
SPY,EJR_FX,2025-12,0.00913292099,0.01171491692,1
SPY,EJR_FX,2026-01,0.0225650565,0.01171491692,1
SPY,EJR_FX,2026-02,-1.604275515e-05,0.01171491692,1
SPY,EJR_FX,2026-03,-0.04151687977,0.01171491692,1
SPY,EJR_FX,2026-04,0.1085087374,0.01153145236,1
SPY,EJR_FX,2026-05,0.06145173324,0.01134762104,1
SPY,EJR_FX,2026-06,-0.002413207485,0.01134762104,1
SPY,EJR_FX,2026-07,0.008307478582,0.01116342142,1
SPY,EJR_FX,2026-08,0.03412538162,0.01116342142,1
SPY,EJR_total,2013-03,0.05022566883,0.005849740953,0.450222634
SPY,EJR_total,2013-04,0.02122789964,0.005849740953,0.3765141752
SPY,EJR_total,2013-05,0.05922825725,0.006044919024,0.4732271399
SPY,EJR_total,2013-06,0.006456671765,0.00643403011,0.5648106492
SPY,EJR_total,2013-07,0.05956842874,0.00643403011,1
SPY,EJR_total,2013-08,-0.02435176645,0.006821493366,1
SPY,EJR_total,2013-09,0.03720271453,0.007207323316,1
SPY,EJR_total,2013-10,0.05207756835,0.007207323316,1
SPY,EJR_total,2013-11,0.03860070066,0.007591534291,1
SPY,EJR_total,2013-12,0.03405867314,0.007974140429,1
SPY,EJR_total,2014-01,-0.02857569284,0.007974140429,1
SPY,EJR_total,2014-02,0.05162563471,0.008355155684,1
SPY,EJR_total,2014-03,0.01633225269,0.008545071039,1
SPY,EJR_total,2014-04,0.0151540171,0.008545071039,1
SPY,EJR_total,2014-05,0.03134527509,0.008734593824,1
SPY,EJR_total,2014-06,0.02878533697,0.008734593824,1
SPY,EJR_total,2014-07,-0.005358304049,0.008734593824,1
SPY,EJR_total,2014-08,0.04772584576,0.008734593824,1
SPY,EJR_total,2014-09,-0.006626253922,0.008734593824,1
SPY,EJR_total,2014-10,0.03200909383,0.008734593824,1
SPY,EJR_total,2014-11,0.03718329823,0.008923725729,1
SPY,EJR_total,2014-12,0.005979984287,0.008923725729,1
SPY,EJR_total,2015-01,-0.02075674904,0.009300823619,1
SPY,EJR_total,2015-02,0.07052797516,0.009676378033,1
SPY,EJR_total,2015-03,-0.00823458617,0.009676378033,1
SPY,EJR_total,2015-04,0.01871349383,0.01005040212,1
SPY,EJR_total,2015-05,0.02377127119,0.01042290887,1
SPY,EJR_total,2015-06,-0.009898925485,0.01042290887,1
SPY,EJR_total,2015-07,0.03504617194,0.01079391108,1
SPY,EJR_total,2015-08,-0.05470359324,0.01116342142,1
SPY,EJR_total,2015-09,-0.01728330199,0.01116342142,1
SPY,EJR_total,2015-10,0.09333111542,0.01116342142,1
SPY,EJR_total,2015-11,0.01448521411,0.01116342142,1
SPY,EJR_total,2015-12,-0.006928693698,0.01116342142,1
SPY,EJR_total,2016-01,-0.04034329767,0.01116342142,1
SPY,EJR_total,2016-02,0.009836093337,0.01116342142,1
SPY,EJR_total,2016-03,0.07168687945,0.01116342142,1
SPY,EJR_total,2016-04,0.0144457633,0.01116342142,1
SPY,EJR_total,2016-05,0.02808843532,0.01116342142,1
SPY,EJR_total,2016-06,0.01379387094,0.01116342142,1
SPY,EJR_total,2016-07,0.04767212313,0.01116342142,1
SPY,EJR_total,2016-08,0.01182835437,0.01116342142,1
SPY,EJR_total,2016-09,0.01070633007,0.01116342142,1
SPY,EJR_total,2016-10,-0.006358863645,0.01116342142,1
SPY,EJR_total,2016-11,0.04977488989,0.01097885195,1
SPY,EJR_total,2016-12,0.02988960657,0.01097885195,1
SPY,EJR_total,2017-01,0.0272141485,0.01079391108,1
SPY,EJR_total,2017-02,0.04852730554,0.01023684436,1
SPY,EJR_total,2017-03,0.01022874099,0.009676378033,1
SPY,EJR_total,2017-04,0.01871643207,0.009676378033,1
SPY,EJR_total,2017-05,0.02243803155,0.008923725729,1
SPY,EJR_total,2017-06,0.0144513992,0.008923725729,1
SPY,EJR_total,2017-07,0.02658264157,0.008164846052,1
SPY,EJR_total,2017-08,0.009205225888,0.007399630287,1
SPY,EJR_total,2017-09,0.02656439928,0.007399630287,1
SPY,EJR_total,2017-10,0.02966333906,0.006627966804,1
SPY,EJR_total,2017-11,0.03540915731,0.006044919024,1
SPY,EJR_total,2017-12,0.01721873129,0.006044919024,1
SPY,EJR_total,2018-01,0.05807721945,0.005654145387,1
SPY,EJR_total,2018-02,-0.03300609354,0.005654145387,1
SPY,EJR_total,2018-03,-0.02396536768,0.005458130457,1
SPY,EJR_total,2018-04,0.009111944504,0.005261694277,1
SPY,EJR_total,2018-05,0.02982501519,0.005261694277,1
SPY,EJR_total,2018-06,0.00964866222,0.005261694277,1
SPY,EJR_total,2018-07,0.03943969495,0.005261694277,1
SPY,EJR_total,2018-08,0.0391618676,0.005261694277,1
SPY,EJR_total,2018-09,0.009237204866,0.005261694277,1
SPY,EJR_total,2018-10,-0.0604032298,0.005261694277,1
SPY,EJR_total,2018-11,0.0226211532,0.005261694277,1
SPY,EJR_total,2018-12,-0.08523634926,0.005261694277,1
SPY,EJR_total,2019-01,0.078590279,0.005261694277,1
SPY,EJR_total,2019-02,0.03621970952,0.005261694277,1
SPY,EJR_total,2019-03,0.02199638075,0.005261694277,1
SPY,EJR_total,2019-04,0.04418398555,0.005261694277,1
SPY,EJR_total,2019-05,-0.06165682641,0.005261694277,1
SPY,EJR_total,2019-06,0.06982473124,0.005261694277,1
SPY,EJR_total,2019-07,0.01805541036,0.005261694277,1
SPY,EJR_total,2019-08,-0.01530413973,0.005261694277,1
SPY,EJR_total,2019-09,0.02237465153,0.004867550565,1
SPY,EJR_total,2019-10,0.02392887191,0.004471698917,1
SPY,EJR_total,2019-11,0.04089777785,0.004074123784,1
SPY,EJR_total,2019-12,0.03013398852,0.004074123784,1
SPY,EJR_total,2020-01,0.001698751275,0.0036748094,1
SPY,EJR_total,2020-02,-0.08108641733,0.0036748094,1
SPY,EJR_total,2020-03,-0.1429261383,0.003474495003,1
SPY,EJR_total,2020-04,0.1341958385,0.003072541703,1
SPY,EJR_total,2020-05,0.050166119,0.003072541703,1
SPY,EJR_total,2020-06,0.02023082459,0.002466269772,1
SPY,EJR_total,2020-07,0.05730476837,0.001855937535,1
SPY,EJR_total,2020-08,0.07479335015,0.001855937535,1
SPY,EJR_total,2020-09,-0.03776405183,0.001651581302,1
SPY,EJR_total,2020-10,-0.02409638356,0.001651581302,1
SPY,EJR_total,2020-11,0.1011409275,0.001651581302,1
SPY,EJR_total,2020-12,0.03764027908,0.001651581302,1
SPY,EJR_total,2021-01,-0.009414590285,0.001651581302,1
SPY,EJR_total,2021-02,0.02921885827,0.001651581302,1
SPY,EJR_total,2021-03,0.0488187244,0.001651581302,1
SPY,EJR_total,2021-04,0.0511640719,0.002263279642,1
SPY,EJR_total,2021-05,0.008387585608,0.002263279642,1
SPY,EJR_total,2021-06,0.0238552129,0.002870898719,1
SPY,EJR_total,2021-07,0.02825660439,0.003474495003,1
SPY,EJR_total,2021-08,0.03340322536,0.003474495003,1
SPY,EJR_total,2021-09,-0.04462916333,0.004273127766,1
SPY,EJR_total,2021-10,0.07794238836,0.00506483495,1
SPY,EJR_total,2021-11,-0.002056805828,0.006239681461,1
SPY,EJR_total,2021-12,0.05185295138,0.006239681461,1
SPY,EJR_total,2022-01,-0.04384418376,0.007399630287,1
SPY,EJR_total,2022-02,-0.02123037395,0.007399630287,1
SPY,EJR_total,2022-03,0.04300192344,0.008545071039,1
SPY,EJR_total,2022-04,-0.08121133036,0.009300823619,1
SPY,EJR_total,2022-05,0.01097922541,0.009300823619,1
SPY,EJR_total,2022-06,-0.08137801427,0.01005040212,1
SPY,EJR_total,2022-07,0.1000835229,0.01042290887,1
SPY,EJR_total,2022-08,-0.03236964096,0.01042290887,1
SPY,EJR_total,2022-09,-0.08824693056,0.01079391108,1
SPY,EJR_total,2022-10,0.08808707649,0.01079391108,1
SPY,EJR_total,2022-11,0.06350955866,0.01079391108,1
SPY,EJR_total,2022-12,-0.05001190321,0.01079391108,1
SPY,EJR_total,2023-01,0.06779903407,0.01079391108,1
SPY,EJR_total,2023-02,-0.01861269448,0.01079391108,1
SPY,EJR_total,2023-03,0.04291768681,0.01079391108,1
SPY,EJR_total,2023-04,0.02233105987,0.01079391108,1
SPY,EJR_total,2023-05,0.01128700235,0.01079391108,1
SPY,EJR_total,2023-06,0.06834088835,0.01079391108,1
SPY,EJR_total,2023-07,0.03819703377,0.01079391108,1
SPY,EJR_total,2023-08,-0.01062334742,0.01079391108,1
SPY,EJR_total,2023-09,-0.04282147671,0.01042290887,1
SPY,EJR_total,2023-10,-0.01648097618,0.01005040212,1
SPY,EJR_total,2023-11,0.09458764098,0.01005040212,1
SPY,EJR_total,2023-12,0.04993827447,0.009676378033,1
SPY,EJR_total,2024-01,0.02098613258,0.009300823619,1
SPY,EJR_total,2024-02,0.05724319181,0.009300823619,1
SPY,EJR_total,2024-03,0.03706545011,0.008923725729,1
SPY,EJR_total,2024-04,-0.03738945578,0.008545071039,1
SPY,EJR_total,2024-05,0.05526477586,0.008545071039,1
SPY,EJR_total,2024-06,0.04111255436,0.008355155684,1
SPY,EJR_total,2024-07,0.01613521956,0.008355155684,1
SPY,EJR_total,2024-08,0.0270653427,0.008355155684,1
SPY,EJR_total,2024-09,0.02401290706,0.008355155684,1
SPY,EJR_total,2024-10,-0.005151872246,0.008545071039,1
SPY,EJR_total,2024-11,0.06748562663,0.008545071039,1
SPY,EJR_total,2024-12,-0.01949011663,0.008923725729,1
SPY,EJR_total,2025-01,0.03123203204,0.009676378033,1
SPY,EJR_total,2025-02,-0.006056492907,0.01042290887,1
SPY,EJR_total,2025-03,-0.0485999263,0.01042290887,1
SPY,EJR_total,2025-04,-0.001058679955,0.01116342142,1
SPY,EJR_total,2025-05,0.07095391432,0.01116342142,1
SPY,EJR_total,2025-06,0.05742783058,0.01153145236,1
SPY,EJR_total,2025-07,0.03131655712,0.01171491692,1
SPY,EJR_total,2025-08,0.02785387756,0.01171491692,1
SPY,EJR_total,2025-09,0.04282067069,0.01171491692,1
SPY,EJR_total,2025-10,0.03223462829,0.01171491692,1
SPY,EJR_total,2025-11,0.01024955523,0.01171491692,1
SPY,EJR_total,2025-12,0.00913292099,0.01171491692,1
SPY,EJR_total,2026-01,0.0225650565,0.01171491692,1
SPY,EJR_total,2026-02,-1.604275515e-05,0.01171491692,1
SPY,EJR_total,2026-03,-0.04151687977,0.01171491692,1
SPY,EJR_total,2026-04,0.1085087374,0.01153145236,1
SPY,EJR_total,2026-05,0.06145173324,0.01134762104,1
SPY,EJR_total,2026-06,-0.002413207485,0.01134762104,1
SPY,EJR_total,2026-07,0.008307478582,0.01116342142,1
SPY,EJR_total,2026-08,0.03412538162,0.01116342142,1
SPY,Commodity_blend,2013-03,0.05612336644,0.005849740953,0
SPY,Commodity_blend,2013-04,0.01909793968,0.005849740953,0
SPY,Commodity_blend,2013-05,0.0848012724,0.006044919024,0
SPY,Commodity_blend,2013-06,0.02487149498,0.00643403011,0
SPY,Commodity_blend,2013-07,0.08753981085,0.00643403011,0
SPY,Commodity_blend,2013-08,-0.001654484178,0.006821493366,0
SPY,Commodity_blend,2013-09,-0.01223863688,0.007207323316,0
SPY,Commodity_blend,2013-10,0.02074835174,0.007207323316,0
SPY,Commodity_blend,2013-11,0.08787305738,0.007591534291,0
SPY,Commodity_blend,2013-12,0.04423915537,0.007974140429,0
SPY,Commodity_blend,2014-01,-0.007974178617,0.007974140429,0
SPY,Commodity_blend,2014-02,0.0009415642608,0.008355155684,0
SPY,Commodity_blend,2014-03,-0.01641876875,0.008545071039,0
SPY,Commodity_blend,2014-04,0.001546149963,0.008545071039,0
SPY,Commodity_blend,2014-05,0.01038301484,0.008734593824,0
SPY,Commodity_blend,2014-06,0.006335305697,0.008734593824,0
SPY,Commodity_blend,2014-07,0.01230571642,0.008734593824,0
SPY,Commodity_blend,2014-08,0.03507463484,0.008734593824,0
SPY,Commodity_blend,2014-09,0.07625823224,0.008734593824,0
SPY,Commodity_blend,2014-10,0.02480244664,0.008734593824,0
SPY,Commodity_blend,2014-11,0.06833629344,0.008923725729,0
SPY,Commodity_blend,2014-12,0.03767542514,0.008923725729,0
SPY,Commodity_blend,2015-01,-0.02559447906,0.009300823619,0
SPY,Commodity_blend,2015-02,0.1472077007,0.009676378033,0.02617324613
SPY,Commodity_blend,2015-03,0.1033879947,0.009676378033,0
SPY,Commodity_blend,2015-04,-0.07051032105,0.01005040212,0.08742143069
SPY,Commodity_blend,2015-05,0.05240809214,0.01042290887,0.4482399906
SPY,Commodity_blend,2015-06,-0.03343799373,0.01042290887,0.04559905265
SPY,Commodity_blend,2015-07,0.08771642024,0.01079391108,0.3128015032
SPY,Commodity_blend,2015-08,-0.006201746081,0.01116342142,0.2515919977
SPY,Commodity_blend,2015-09,0.005444571612,0.01116342142,0.7530668762
SPY,Commodity_blend,2015-10,0.09333111542,0.01116342142,1
SPY,Commodity_blend,2015-11,0.01448521411,0.01116342142,1
SPY,Commodity_blend,2015-12,-0.006928693698,0.01116342142,1
SPY,Commodity_blend,2016-01,-0.04034329767,0.01116342142,1
SPY,Commodity_blend,2016-02,0.009836093337,0.01116342142,1
SPY,Commodity_blend,2016-03,0.07168687945,0.01116342142,1
SPY,Commodity_blend,2016-04,0.0144457633,0.01116342142,1
SPY,Commodity_blend,2016-05,0.03629758455,0.01116342142,0.4360739088
SPY,Commodity_blend,2016-06,-0.07519572386,0.01116342142,0.1573005492
SPY,Commodity_blend,2016-07,0.05085817366,0.01116342142,0.2924591445
SPY,Commodity_blend,2016-08,-0.01317006115,0.01116342142,0
SPY,Commodity_blend,2016-09,0.002832422531,0.01116342142,0
SPY,Commodity_blend,2016-10,-0.03564302324,0.01116342142,0.0138961437
SPY,Commodity_blend,2016-11,0.1020753197,0.01097885195,0.07688870008
SPY,Commodity_blend,2016-12,-0.02189169952,0.01097885195,0.007834877816
SPY,Commodity_blend,2017-01,-0.003455156753,0.01079391108,0.4098202542
SPY,Commodity_blend,2017-02,0.03535757686,0.01023684436,0.2039630029
SPY,Commodity_blend,2017-03,0.02239244798,0.009676378033,0
SPY,Commodity_blend,2017-04,0.01470744416,0.009676378033,0.008699517141
SPY,Commodity_blend,2017-05,0.03696511059,0.008923725729,0.07180235348
SPY,Commodity_blend,2017-06,0.01961463189,0.008923725729,0.02960142478
SPY,Commodity_blend,2017-07,-0.02073122883,0.008164846052,0.1478557031
SPY,Commodity_blend,2017-08,0.01130931481,0.007399630287,0.2687744163
SPY,Commodity_blend,2017-09,0.02793696071,0.007399630287,0
SPY,Commodity_blend,2017-10,0.05003759002,0.006627966804,0
SPY,Commodity_blend,2017-11,0.02841081922,0.006044919024,0
SPY,Commodity_blend,2017-12,0.0258430712,0.006044919024,0.1540446614
SPY,Commodity_blend,2018-01,0.01755064539,0.005654145387,0.1944079605
SPY,Commodity_blend,2018-02,-0.01660953883,0.005654145387,0.2541536592
SPY,Commodity_blend,2018-03,-0.004434540623,0.005458130457,0.03824616037
SPY,Commodity_blend,2018-04,0.04521453513,0.005261694277,0.1213690569
SPY,Commodity_blend,2018-05,0.07223560885,0.005261694277,0.3982614981
SPY,Commodity_blend,2018-06,0.02620173913,0.005261694277,0.4203709772
SPY,Commodity_blend,2018-07,0.03286548402,0.005261694277,0.8041776526
SPY,Commodity_blend,2018-08,0.04263325805,0.005261694277,0.9694181101
SPY,Commodity_blend,2018-09,0.002757067658,0.005261694277,0.8364192412
SPY,Commodity_blend,2018-10,-0.0604032298,0.005261694277,1
SPY,Commodity_blend,2018-11,0.0226211532,0.005261694277,1
SPY,Commodity_blend,2018-12,-0.08476836567,0.005261694277,0.7928555653
SPY,Commodity_blend,2019-01,0.078590279,0.005261694277,1
SPY,Commodity_blend,2019-02,0.03621970952,0.005261694277,1
SPY,Commodity_blend,2019-03,0.02886946144,0.005261694277,0.8324841047
SPY,Commodity_blend,2019-04,0.04466645219,0.005261694277,0.8173861037
SPY,Commodity_blend,2019-05,-0.06093237569,0.005261694277,0.9411988057
SPY,Commodity_blend,2019-06,0.06584343804,0.005261694277,0.909882588
SPY,Commodity_blend,2019-07,0.01805541036,0.005261694277,1
SPY,Commodity_blend,2019-08,-0.002270591315,0.005261694277,0.8641384349
SPY,Commodity_blend,2019-09,0.02189365734,0.004867550565,0.804793866
SPY,Commodity_blend,2019-10,0.02392887191,0.004471698917,1
SPY,Commodity_blend,2019-11,0.04089777785,0.004074123784,1
SPY,Commodity_blend,2019-12,0.02819633351,0.004074123784,0.9629895305
SPY,Commodity_blend,2020-01,0.001698751275,0.0036748094,1
SPY,Commodity_blend,2020-02,-0.07972201829,0.0036748094,0.9721594195
SPY,Commodity_blend,2020-03,-0.1429261383,0.003474495003,1
SPY,Commodity_blend,2020-04,0.1341958385,0.003072541703,1
SPY,Commodity_blend,2020-05,0.050166119,0.003072541703,1
SPY,Commodity_blend,2020-06,0.02023082459,0.002466269772,1
SPY,Commodity_blend,2020-07,0.05730476837,0.001855937535,1
SPY,Commodity_blend,2020-08,0.07479335015,0.001855937535,1
SPY,Commodity_blend,2020-09,-0.03776405183,0.001651581302,1
SPY,Commodity_blend,2020-10,-0.02409638356,0.001651581302,1
SPY,Commodity_blend,2020-11,0.1011409275,0.001651581302,1
SPY,Commodity_blend,2020-12,0.03764027908,0.001651581302,1
SPY,Commodity_blend,2021-01,-0.009414590285,0.001651581302,1
SPY,Commodity_blend,2021-02,0.02921885827,0.001651581302,1
SPY,Commodity_blend,2021-03,0.0488187244,0.001651581302,1
SPY,Commodity_blend,2021-04,0.0511640719,0.002263279642,1
SPY,Commodity_blend,2021-05,0.008387585608,0.002263279642,1
SPY,Commodity_blend,2021-06,0.0238552129,0.002870898719,1
SPY,Commodity_blend,2021-07,0.02825660439,0.003474495003,1
SPY,Commodity_blend,2021-08,0.03340322536,0.003474495003,1
SPY,Commodity_blend,2021-09,-0.04462916333,0.004273127766,1
SPY,Commodity_blend,2021-10,0.07794238836,0.00506483495,1
SPY,Commodity_blend,2021-11,-0.002056805828,0.006239681461,1
SPY,Commodity_blend,2021-12,0.05185295138,0.006239681461,1
SPY,Commodity_blend,2022-01,-0.04384418376,0.007399630287,1
SPY,Commodity_blend,2022-02,-0.02123037395,0.007399630287,1
SPY,Commodity_blend,2022-03,0.04300192344,0.008545071039,1
SPY,Commodity_blend,2022-04,-0.08121133036,0.009300823619,1
SPY,Commodity_blend,2022-05,0.01097922541,0.009300823619,1
SPY,Commodity_blend,2022-06,-0.08137801427,0.01005040212,1
SPY,Commodity_blend,2022-07,0.0985134726,0.01042290887,0.9142928598
SPY,Commodity_blend,2022-08,-0.03236964096,0.01042290887,1
SPY,Commodity_blend,2022-09,-0.08824693056,0.01079391108,1
SPY,Commodity_blend,2022-10,0.08808707649,0.01079391108,1
SPY,Commodity_blend,2022-11,0.06350955866,0.01079391108,1
SPY,Commodity_blend,2022-12,-0.05001190321,0.01079391108,1
SPY,Commodity_blend,2023-01,0.06779903407,0.01079391108,1
SPY,Commodity_blend,2023-02,-0.01861269448,0.01079391108,1
SPY,Commodity_blend,2023-03,0.04291768681,0.01079391108,1
SPY,Commodity_blend,2023-04,0.02233105987,0.01079391108,1
SPY,Commodity_blend,2023-05,0.01133774568,0.01079391108,0.9951031751
SPY,Commodity_blend,2023-06,0.05363016789,0.01079391108,0.7081166672
SPY,Commodity_blend,2023-07,0.03094914286,0.01079391108,0.7915583203
SPY,Commodity_blend,2023-08,0.001704188257,0.01079391108,0.5683053733
SPY,Commodity_blend,2023-09,-0.0319770685,0.01042290887,0.4498311004
SPY,Commodity_blend,2023-10,-0.01475052429,0.01005040212,0.6496505095
SPY,Commodity_blend,2023-11,0.09175345373,0.01005040212,0.9043782995
SPY,Commodity_blend,2023-12,0.04993827447,0.009676378033,1
SPY,Commodity_blend,2024-01,0.02098613258,0.009300823619,1
SPY,Commodity_blend,2024-02,0.05724319181,0.009300823619,1
SPY,Commodity_blend,2024-03,0.03706545011,0.008923725729,1
SPY,Commodity_blend,2024-04,-0.0368303038,0.008545071039,0.9739313455
SPY,Commodity_blend,2024-05,0.05526477586,0.008545071039,1
SPY,Commodity_blend,2024-06,0.04198573778,0.008355155684,0.9840756537
SPY,Commodity_blend,2024-07,0.01613521956,0.008355155684,1
SPY,Commodity_blend,2024-08,0.0270653427,0.008355155684,1
SPY,Commodity_blend,2024-09,0.02401290706,0.008355155684,1
SPY,Commodity_blend,2024-10,-0.005151872246,0.008545071039,1
SPY,Commodity_blend,2024-11,0.06748562663,0.008545071039,1
SPY,Commodity_blend,2024-12,-0.01949011663,0.008923725729,1
SPY,Commodity_blend,2025-01,0.03123203204,0.009676378033,1
SPY,Commodity_blend,2025-02,-0.006056492907,0.01042290887,1
SPY,Commodity_blend,2025-03,-0.0485999263,0.01042290887,1
SPY,Commodity_blend,2025-04,-0.001058679955,0.01116342142,1
SPY,Commodity_blend,2025-05,0.07095391432,0.01116342142,1
SPY,Commodity_blend,2025-06,0.05742783058,0.01153145236,1
SPY,Commodity_blend,2025-07,0.03131655712,0.01171491692,1
SPY,Commodity_blend,2025-08,0.02785387756,0.01171491692,1
SPY,Commodity_blend,2025-09,0.04282067069,0.01171491692,1
SPY,Commodity_blend,2025-10,0.03223462829,0.01171491692,1
SPY,Commodity_blend,2025-11,0.01024955523,0.01171491692,1
SPY,Commodity_blend,2025-12,0.00913292099,0.01171491692,1
SPY,Commodity_blend,2026-01,0.0225650565,0.01171491692,1
SPY,Commodity_blend,2026-02,-1.604275515e-05,0.01171491692,1
SPY,Commodity_blend,2026-03,-0.04151687977,0.01171491692,1
SPY,Commodity_blend,2026-04,0.1085087374,0.01153145236,1
SPY,Commodity_blend,2026-05,0.06145173324,0.01134762104,1
SPY,Commodity_blend,2026-06,0.0003562145966,0.01134762104,0.8481978391
SPY,Commodity_blend,2026-07,0.007030859633,0.01116342142,0.9590273958
SPY,Commodity_blend,2026-08,0.03412538162,0.01116342142,1
SPY,Equal_signals,2013-03,0.05415746723,0.005849740953,0.1500742113
SPY,Equal_signals,2013-04,0.01980792633,0.005849740953,0.1255047251
SPY,Equal_signals,2013-05,0.07627693402,0.006044919024,0.15774238
SPY,Equal_signals,2013-06,0.01873322057,0.00643403011,0.1882702164
SPY,Equal_signals,2013-07,0.07821601681,0.00643403011,0.3333333333
SPY,Equal_signals,2013-08,-0.009220244934,0.006821493366,0.3333333333
SPY,Equal_signals,2013-09,0.004241813587,0.007207323316,0.3333333333
SPY,Equal_signals,2013-10,0.03119142395,0.007207323316,0.3333333333
SPY,Equal_signals,2013-11,0.07144893847,0.007591534291,0.3333333333
SPY,Equal_signals,2013-12,0.04084566129,0.007974140429,0.3333333333
SPY,Equal_signals,2014-01,-0.01484135003,0.007974140429,0.3333333333
SPY,Equal_signals,2014-02,0.01783625441,0.008355155684,0.3333333333
SPY,Equal_signals,2014-03,-0.0055017616,0.008545071039,0.3333333333
SPY,Equal_signals,2014-04,0.006082105675,0.008545071039,0.3333333333
SPY,Equal_signals,2014-05,0.01737043492,0.008734593824,0.3333333333
SPY,Equal_signals,2014-06,0.01381864946,0.008734593824,0.3333333333
SPY,Equal_signals,2014-07,0.006417709598,0.008734593824,0.3333333333
SPY,Equal_signals,2014-08,0.03929170515,0.008734593824,0.3333333333
SPY,Equal_signals,2014-09,0.04863007018,0.008734593824,0.3333333333
SPY,Equal_signals,2014-10,0.02720466237,0.008734593824,0.3333333333
SPY,Equal_signals,2014-11,0.0579519617,0.008923725729,0.3333333333
SPY,Equal_signals,2014-12,0.02711027819,0.008923725729,0.3333333333
SPY,Equal_signals,2015-01,-0.02398190238,0.009300823619,0.3333333333
SPY,Equal_signals,2015-02,0.1203260355,0.009676378033,0.3675683748
SPY,Equal_signals,2015-03,0.064479301,0.009676378033,0.3485736792
SPY,Equal_signals,2015-04,-0.02996669469,0.01005040212,0.5021004554
SPY,Equal_signals,2015-05,0.03456092076,0.01042290887,0.7921104036
SPY,Equal_signals,2015-06,-0.02266082171,0.01042290887,0.4825638075
SPY,Equal_signals,2015-07,0.06074542691,0.01079391108,0.6646970547
SPY,Equal_signals,2015-08,-0.02939428975,0.01116342142,0.6094646621
SPY,Equal_signals,2015-09,-0.00970734412,0.01116342142,0.9176889587
SPY,Equal_signals,2015-10,0.09333111542,0.01116342142,1
SPY,Equal_signals,2015-11,0.01448521411,0.01116342142,1
SPY,Equal_signals,2015-12,-0.006928693698,0.01116342142,1
SPY,Equal_signals,2016-01,-0.04034329767,0.01116342142,1
SPY,Equal_signals,2016-02,0.009836093337,0.01116342142,1
SPY,Equal_signals,2016-03,0.07168687945,0.01116342142,1
SPY,Equal_signals,2016-04,0.0144457633,0.01116342142,1
SPY,Equal_signals,2016-05,0.0308248184,0.01116342142,0.8120246363
SPY,Equal_signals,2016-06,-0.02426388222,0.01116342142,0.639606768
SPY,Equal_signals,2016-07,0.04887989167,0.01116342142,0.7317853008
SPY,Equal_signals,2016-08,-0.002124167632,0.01116342142,0.4418637456
SPY,Equal_signals,2016-09,0.00648241689,0.01116342142,0.4635556544
SPY,Equal_signals,2016-10,-0.02298599095,0.01116342142,0.4401043232
SPY,Equal_signals,2016-11,0.08074089013,0.01097885195,0.453444937
SPY,Equal_signals,2016-12,-0.002105175624,0.01097885195,0.3869581634
SPY,Equal_signals,2017-01,0.009013732502,0.01079391108,0.6497632796
SPY,Equal_signals,2017-02,0.04018873857,0.01023684436,0.4959799118
SPY,Equal_signals,2017-03,0.01827324291,0.009676378033,0.33864718
SPY,Equal_signals,2017-04,0.01603204602,0.009676378033,0.3362331724
SPY,Equal_signals,2017-05,0.03199496628,0.008923725729,0.3893662792
SPY,Equal_signals,2017-06,0.0177259736,0.008923725729,0.3845634075
SPY,Equal_signals,2017-07,-0.003028156405,0.008164846052,0.4666960786
SPY,Equal_signals,2017-08,0.01053975051,0.007399630287,0.53621801
SPY,Equal_signals,2017-09,0.02746327271,0.007399630287,0.345112425
SPY,Equal_signals,2017-10,0.04250221046,0.006627966804,0.3698481762
SPY,Equal_signals,2017-11,0.03106466835,0.006044919024,0.3792113351
SPY,Equal_signals,2017-12,0.02248688368,0.006044919024,0.4832506965
SPY,Equal_signals,2018-01,0.03292642141,0.005654145387,0.5000494575
SPY,Equal_signals,2018-02,-0.02289764917,0.005654145387,0.5401871686
SPY,Equal_signals,2018-03,-0.01117564977,0.005458130457,0.370197674
SPY,Equal_signals,2018-04,0.03212758636,0.005261694277,0.4398669249
SPY,Equal_signals,2018-05,0.05906727503,0.005261694277,0.5850990965
SPY,Equal_signals,2018-06,0.01874064186,0.005261694277,0.6816316807
SPY,Equal_signals,2018-07,0.03724829131,0.005261694277,0.9347258842
SPY,Equal_signals,2018-08,0.04031899775,0.005261694277,0.9898060367
SPY,Equal_signals,2018-09,0.00707715913,0.005261694277,0.9454730804
SPY,Equal_signals,2018-10,-0.0604032298,0.005261694277,1
SPY,Equal_signals,2018-11,0.0226211532,0.005261694277,1
SPY,Equal_signals,2018-12,-0.08503445754,0.005261694277,0.9106362989
SPY,Equal_signals,2019-01,0.078590279,0.005261694277,1
SPY,Equal_signals,2019-02,0.03621970952,0.005261694277,1
SPY,Equal_signals,2019-03,0.02685449079,0.005261694277,0.8815944858
SPY,Equal_signals,2019-04,0.04442288918,0.005261694277,0.9095748428
SPY,Equal_signals,2019-05,-0.06141534283,0.005261694277,0.9803996019
SPY,Equal_signals,2019-06,0.06849763351,0.005261694277,0.9699608627
SPY,Equal_signals,2019-07,0.01805541036,0.005261694277,1
SPY,Equal_signals,2019-08,-0.01095962359,0.005261694277,0.9547128116
SPY,Equal_signals,2019-09,0.02217531562,0.004867550565,0.9191017408
SPY,Equal_signals,2019-10,0.02392887191,0.004471698917,1
SPY,Equal_signals,2019-11,0.04089777785,0.004074123784,1
SPY,Equal_signals,2019-12,0.02948810352,0.004074123784,0.9876631768
SPY,Equal_signals,2020-01,0.001698751275,0.0036748094,1
SPY,Equal_signals,2020-02,-0.08063161765,0.0036748094,0.9907198065
SPY,Equal_signals,2020-03,-0.1429261383,0.003474495003,1
SPY,Equal_signals,2020-04,0.1341958385,0.003072541703,1
SPY,Equal_signals,2020-05,0.050166119,0.003072541703,1
SPY,Equal_signals,2020-06,0.02023082459,0.002466269772,1
SPY,Equal_signals,2020-07,0.05730476837,0.001855937535,1
SPY,Equal_signals,2020-08,0.07479335015,0.001855937535,1
SPY,Equal_signals,2020-09,-0.03776405183,0.001651581302,1
SPY,Equal_signals,2020-10,-0.02409638356,0.001651581302,1
SPY,Equal_signals,2020-11,0.1011409275,0.001651581302,1
SPY,Equal_signals,2020-12,0.03764027908,0.001651581302,1
SPY,Equal_signals,2021-01,-0.009414590285,0.001651581302,1
SPY,Equal_signals,2021-02,0.02921885827,0.001651581302,1
SPY,Equal_signals,2021-03,0.0488187244,0.001651581302,1
SPY,Equal_signals,2021-04,0.0511640719,0.002263279642,1
SPY,Equal_signals,2021-05,0.008387585608,0.002263279642,1
SPY,Equal_signals,2021-06,0.0238552129,0.002870898719,1
SPY,Equal_signals,2021-07,0.02825660439,0.003474495003,1
SPY,Equal_signals,2021-08,0.03340322536,0.003474495003,1
SPY,Equal_signals,2021-09,-0.04462916333,0.004273127766,1
SPY,Equal_signals,2021-10,0.07794238836,0.00506483495,1
SPY,Equal_signals,2021-11,-0.002056805828,0.006239681461,1
SPY,Equal_signals,2021-12,0.05185295138,0.006239681461,1
SPY,Equal_signals,2022-01,-0.04384418376,0.007399630287,1
SPY,Equal_signals,2022-02,-0.02123037395,0.007399630287,1
SPY,Equal_signals,2022-03,0.04300192344,0.008545071039,1
SPY,Equal_signals,2022-04,-0.08121133036,0.009300823619,1
SPY,Equal_signals,2022-05,0.01097922541,0.009300823619,1
SPY,Equal_signals,2022-06,-0.08137801427,0.01005040212,1
SPY,Equal_signals,2022-07,0.0995601728,0.01042290887,0.9714309533
SPY,Equal_signals,2022-08,-0.03236964096,0.01042290887,1
SPY,Equal_signals,2022-09,-0.08824693056,0.01079391108,1
SPY,Equal_signals,2022-10,0.08808707649,0.01079391108,1
SPY,Equal_signals,2022-11,0.06350955866,0.01079391108,1
SPY,Equal_signals,2022-12,-0.05001190321,0.01079391108,1
SPY,Equal_signals,2023-01,0.06779903407,0.01079391108,1
SPY,Equal_signals,2023-02,-0.01861269448,0.01079391108,1
SPY,Equal_signals,2023-03,0.04291768681,0.01079391108,1
SPY,Equal_signals,2023-04,0.02233105987,0.01079391108,1
SPY,Equal_signals,2023-05,0.01130391679,0.01079391108,0.998367725
SPY,Equal_signals,2023-06,0.06343731486,0.01079391108,0.9027055557
SPY,Equal_signals,2023-07,0.03578107014,0.01079391108,0.9305194401
SPY,Equal_signals,2023-08,-0.00651416886,0.01079391108,0.8561017911
SPY,Equal_signals,2023-09,-0.03920667398,0.01042290887,0.8166103668
SPY,Equal_signals,2023-10,-0.01590415889,0.01005040212,0.8832168365
SPY,Equal_signals,2023-11,0.0936429119,0.01005040212,0.9681260998
SPY,Equal_signals,2023-12,0.04993827447,0.009676378033,1
SPY,Equal_signals,2024-01,0.02098613258,0.009300823619,1
SPY,Equal_signals,2024-02,0.05724319181,0.009300823619,1
SPY,Equal_signals,2024-03,0.03706545011,0.008923725729,1
SPY,Equal_signals,2024-04,-0.03720307179,0.008545071039,0.9913104485
SPY,Equal_signals,2024-05,0.05526477586,0.008545071039,1
SPY,Equal_signals,2024-06,0.0414036155,0.008355155684,0.9946918846
SPY,Equal_signals,2024-07,0.01613521956,0.008355155684,1
SPY,Equal_signals,2024-08,0.0270653427,0.008355155684,1
SPY,Equal_signals,2024-09,0.02401290706,0.008355155684,1
SPY,Equal_signals,2024-10,-0.005151872246,0.008545071039,1
SPY,Equal_signals,2024-11,0.06748562663,0.008545071039,1
SPY,Equal_signals,2024-12,-0.01949011663,0.008923725729,1
SPY,Equal_signals,2025-01,0.03123203204,0.009676378033,1
SPY,Equal_signals,2025-02,-0.006056492907,0.01042290887,1
SPY,Equal_signals,2025-03,-0.0485999263,0.01042290887,1
SPY,Equal_signals,2025-04,-0.001058679955,0.01116342142,1
SPY,Equal_signals,2025-05,0.07095391432,0.01116342142,1
SPY,Equal_signals,2025-06,0.05742783058,0.01153145236,1
SPY,Equal_signals,2025-07,0.03131655712,0.01171491692,1
SPY,Equal_signals,2025-08,0.02785387756,0.01171491692,1
SPY,Equal_signals,2025-09,0.04282067069,0.01171491692,1
SPY,Equal_signals,2025-10,0.03223462829,0.01171491692,1
SPY,Equal_signals,2025-11,0.01024955523,0.01171491692,1
SPY,Equal_signals,2025-12,0.00913292099,0.01171491692,1
SPY,Equal_signals,2026-01,0.0225650565,0.01171491692,1
SPY,Equal_signals,2026-02,-1.604275515e-05,0.01171491692,1
SPY,Equal_signals,2026-03,-0.04151687977,0.01171491692,1
SPY,Equal_signals,2026-04,0.1085087374,0.01153145236,1
SPY,Equal_signals,2026-05,0.06145173324,0.01134762104,1
SPY,Equal_signals,2026-06,-0.001490066791,0.01134762104,0.9493992797
SPY,Equal_signals,2026-07,0.007881938932,0.01116342142,0.9863424653
SPY,Equal_signals,2026-08,0.03412538162,0.01116342142,1
SPY,Half_plus_signal,2013-03,0.05186553838,0.005849740953,0.3250371057
SPY,Half_plus_signal,2013-04,0.0208671958,0.005849740953,0.3127523625
SPY,Half_plus_signal,2013-05,0.06702919803,0.006044919024,0.32887119
SPY,Half_plus_signal,2013-06,0.01365147427,0.00643403011,0.3441351082
SPY,Half_plus_signal,2013-07,0.0758850683,0.00643403011,0.4166666667
SPY,Half_plus_signal,2013-08,-0.01111168512,0.006821493366,0.4166666667
SPY,Half_plus_signal,2013-09,0.008361926205,0.007207323316,0.4166666667
SPY,Half_plus_signal,2013-10,0.033802192,0.007207323316,0.4166666667
SPY,Half_plus_signal,2013-11,0.06734290875,0.007591534291,0.4166666667
SPY,Half_plus_signal,2013-12,0.03999728777,0.007974140429,0.4166666667
SPY,Half_plus_signal,2014-01,-0.01655814288,0.007974140429,0.4166666667
SPY,Half_plus_signal,2014-02,0.02205992695,0.008355155684,0.4166666667
SPY,Half_plus_signal,2014-03,-0.002772509814,0.008545071039,0.4166666667
SPY,Half_plus_signal,2014-04,0.007216094603,0.008545071039,0.4166666667
SPY,Half_plus_signal,2014-05,0.01911728994,0.008734593824,0.4166666667
SPY,Half_plus_signal,2014-06,0.0156894854,0.008734593824,0.4166666667
SPY,Half_plus_signal,2014-07,0.004945707892,0.008734593824,0.4166666667
SPY,Half_plus_signal,2014-08,0.04034597272,0.008734593824,0.4166666667
SPY,Half_plus_signal,2014-09,0.04172302967,0.008734593824,0.4166666667
SPY,Half_plus_signal,2014-10,0.0278052163,0.008734593824,0.4166666667
SPY,Half_plus_signal,2014-11,0.05535587877,0.008923725729,0.4166666667
SPY,Half_plus_signal,2014-12,0.02446899145,0.008923725729,0.4166666667
SPY,Half_plus_signal,2015-01,-0.02357875821,0.009300823619,0.4166666667
SPY,Half_plus_signal,2015-02,0.1151121611,0.009676378033,0.4337841874
SPY,Half_plus_signal,2015-03,0.05602800263,0.009676378033,0.4242868396
SPY,Half_plus_signal,2015-04,-0.03006937661,0.01005040212,0.5010502277
SPY,Half_plus_signal,2015-05,0.04214131186,0.01042290887,0.6460552018
SPY,Half_plus_signal,2015-06,-0.02244580111,0.01042290887,0.4912819038
SPY,Half_plus_signal,2015-07,0.06705702014,0.01079391108,0.5823485273
SPY,Half_plus_signal,2015-08,-0.02584726841,0.01116342142,0.5547323311
SPY,Half_plus_signal,2015-09,0.009514827681,0.01116342142,0.7088444794
SPY,Half_plus_signal,2015-10,0.08301363124,0.01116342142,0.75
SPY,Half_plus_signal,2015-11,0.009842399598,0.01116342142,0.75
SPY,Half_plus_signal,2015-12,-0.002346363658,0.01116342142,0.75
SPY,Half_plus_signal,2016-01,-0.03695697939,0.01116342142,0.75
SPY,Half_plus_signal,2016-02,0.002814204868,0.01116342142,0.75
SPY,Half_plus_signal,2016-03,0.04587991639,0.01116342142,0.75
SPY,Half_plus_signal,2016-04,0.002683780845,0.01116342142,0.75
SPY,Half_plus_signal,2016-05,0.03309591105,0.01116342142,0.6560123181
SPY,Half_plus_signal,2016-06,-0.0316351637,0.01116342142,0.569803384
SPY,Half_plus_signal,2016-07,0.0494017553,0.01116342142,0.6158926504
SPY,Half_plus_signal,2016-08,-0.001397510511,0.01116342142,0.4709318728
SPY,Half_plus_signal,2016-09,0.006625896594,0.01116342142,0.4817778272
SPY,Half_plus_signal,2016-10,-0.02209663506,0.01116342142,0.4700521616
SPY,Half_plus_signal,2016-11,0.07942206226,0.01097885195,0.4767224685
SPY,Half_plus_signal,2016-12,0.0008446629702,0.01097885195,0.4434790817
SPY,Half_plus_signal,2017-01,0.005122430089,0.01079391108,0.5748816398
SPY,Half_plus_signal,2017-02,0.04022199297,0.01023684436,0.4979899559
SPY,Half_plus_signal,2017-03,0.0172919187,0.009676378033,0.41932359
SPY,Half_plus_signal,2017-04,0.01636319648,0.009676378033,0.4181165862
SPY,Half_plus_signal,2017-05,0.03112921058,0.008923725729,0.4446831396
SPY,Half_plus_signal,2017-06,0.0174188699,0.008923725729,0.4422817037
SPY,Half_plus_signal,2017-07,-0.002103584459,0.008164846052,0.4833480393
SPY,Half_plus_signal,2017-08,0.01059185886,0.007399630287,0.518109005
SPY,Half_plus_signal,2017-09,0.02735697635,0.007399630287,0.4225562125
SPY,Half_plus_signal,2017-10,0.0411763375,0.006627966804,0.4349240881
SPY,Half_plus_signal,2017-11,0.0314873283,0.006044919024,0.4396056676
SPY,Half_plus_signal,2017-12,0.02240150584,0.006044919024,0.4916253483
SPY,Half_plus_signal,2018-01,0.03292517739,0.005654145387,0.5000247287
SPY,Half_plus_signal,2018-02,-0.02245591535,0.005654145387,0.5200935843
SPY,Half_plus_signal,2018-03,-0.01249363088,0.005458130457,0.435098837
SPY,Half_plus_signal,2018-04,0.03089216447,0.005261694277,0.4699334624
SPY,Half_plus_signal,2018-05,0.06206617172,0.005261694277,0.5425495483
SPY,Half_plus_signal,2018-06,0.02133416553,0.005261694277,0.5908158404
SPY,Half_plus_signal,2018-07,0.0299509126,0.005261694277,0.7173629421
SPY,Half_plus_signal,2018-08,0.06811826079,0.005261694277,0.7449030184
SPY,Half_plus_signal,2018-09,-0.001746392931,0.005261694277,0.7227365402
SPY,Half_plus_signal,2018-10,-0.08076173773,0.005261694277,0.75
SPY,Half_plus_signal,2018-11,0.03217736741,0.005261694277,0.75
SPY,Half_plus_signal,2018-12,-0.08457059992,0.005261694277,0.7053181494
SPY,Half_plus_signal,2019-01,0.06353792212,0.005261694277,0.75
SPY,Half_plus_signal,2019-02,0.0408938205,0.005261694277,0.75
SPY,Half_plus_signal,2019-03,0.03468279176,0.005261694277,0.6907972429
SPY,Half_plus_signal,2019-04,0.04496393836,0.005261694277,0.7047874214
SPY,Half_plus_signal,2019-05,-0.05845599958,0.005261694277,0.740199801
SPY,Half_plus_signal,2019-06,0.05811644332,0.005261694277,0.7349804313
SPY,Half_plus_signal,2019-07,0.01461061303,0.005261694277,0.75
SPY,Half_plus_signal,2019-08,0.01085125958,0.005261694277,0.7273564058
SPY,Half_plus_signal,2019-09,0.02165897554,0.004867550565,0.7095508704
SPY,Half_plus_signal,2019-10,0.0131386678,0.004471698917,0.75
SPY,Half_plus_signal,2019-11,0.05527632116,0.004074123784,0.75
SPY,Half_plus_signal,2019-12,0.01672248595,0.004074123784,0.7438315884
SPY,Half_plus_signal,2020-01,0.01653859682,0.0036748094,0.75
SPY,Half_plus_signal,2020-02,-0.06860712641,0.0036748094,0.7453599032
SPY,Half_plus_signal,2020-03,-0.1034022267,0.003474495003,0.75
SPY,Half_plus_signal,2020-04,0.1422527035,0.003072541703,0.75
SPY,Half_plus_signal,2020-05,0.04817730723,0.003072541703,0.75
SPY,Half_plus_signal,2020-06,0.02440758055,0.002466269772,0.75
SPY,Half_plus_signal,2020-07,0.04359193132,0.001855937535,0.75
SPY,Half_plus_signal,2020-08,0.08674300298,0.001855937535,0.75
SPY,Half_plus_signal,2020-09,-0.02696799698,0.001651581302,0.75
SPY,Half_plus_signal,2020-10,-0.01931771433,0.001651581302,0.75
SPY,Half_plus_signal,2020-11,0.08015835067,0.001651581302,0.75
SPY,Half_plus_signal,2020-12,0.03220481735,0.001651581302,0.75
SPY,Half_plus_signal,2021-01,0.004265595984,0.001651581302,0.75
SPY,Half_plus_signal,2021-02,0.02947718603,0.001651581302,0.75
SPY,Half_plus_signal,2021-03,0.05989204069,0.001651581302,0.75
SPY,Half_plus_signal,2021-04,0.03316659174,0.002263279642,0.75
SPY,Half_plus_signal,2021-05,0.002665702824,0.002263279642,0.75
SPY,Half_plus_signal,2021-06,0.01051994708,0.002870898719,0.75
SPY,Half_plus_signal,2021-07,0.03436611744,0.003474495003,0.75
SPY,Half_plus_signal,2021-08,0.03658690708,0.003474495003,0.75
SPY,Half_plus_signal,2021-09,-0.03493361591,0.004273127766,0.75
SPY,Half_plus_signal,2021-10,0.08750837287,0.00506483495,0.75
SPY,Half_plus_signal,2021-11,-0.004886066237,0.006239681461,0.75
SPY,Half_plus_signal,2021-12,0.04858578684,0.006239681461,0.75
SPY,Half_plus_signal,2022-01,-0.05416067374,0.007399630287,0.75
SPY,Half_plus_signal,2022-02,-0.03309917584,0.007399630287,0.75
SPY,Half_plus_signal,2022-03,0.02213165979,0.008545071039,0.75
SPY,Half_plus_signal,2022-04,-0.07706044385,0.009300823619,0.75
SPY,Half_plus_signal,2022-05,0.001681033208,0.009300823619,0.75
SPY,Half_plus_signal,2022-06,-0.05929751307,0.01005040212,0.75
SPY,Half_plus_signal,2022-07,0.09524215268,0.01042290887,0.7357154766
SPY,Half_plus_signal,2022-08,-0.03555831538,0.01042290887,0.75
SPY,Half_plus_signal,2022-09,-0.07844901548,0.01079391108,0.75
SPY,Half_plus_signal,2022-10,0.08241398105,0.01079391108,0.75
SPY,Half_plus_signal,2022-11,0.06111576506,0.01079391108,0.75
SPY,Half_plus_signal,2022-12,-0.05281491836,0.01079391108,0.75
SPY,Half_plus_signal,2023-01,0.05777457213,0.01079391108,0.75
SPY,Half_plus_signal,2023-02,-0.01575126899,0.01079391108,0.75
SPY,Half_plus_signal,2023-03,0.03479570247,0.01079391108,0.75
SPY,Half_plus_signal,2023-04,0.01698592348,0.01079391108,0.75
SPY,Half_plus_signal,2023-05,0.0138860837,0.01079391108,0.7491838625
SPY,Half_plus_signal,2023-06,0.05328927249,0.01079391108,0.7013527779
SPY,Half_plus_signal,2023-07,0.02829610374,0.01079391108,0.7152597201
SPY,Half_plus_signal,2023-08,-0.001429721125,0.01079391108,0.6780508955
SPY,Half_plus_signal,2023-09,-0.03608631215,0.01042290887,0.6583051834
SPY,Half_plus_signal,2023-10,-0.01495776347,0.01005040212,0.6916084183
SPY,Half_plus_signal,2023-11,0.08670538088,0.01005040212,0.7340630499
SPY,Half_plus_signal,2023-12,0.04429906828,0.009676378033,0.75
SPY,Half_plus_signal,2024-01,0.02534593643,0.009300823619,0.75
SPY,Half_plus_signal,2024-02,0.05774055713,0.009300823619,0.75
SPY,Half_plus_signal,2024-03,0.03622756656,0.008923725729,0.75
SPY,Half_plus_signal,2024-04,-0.03193396186,0.008545071039,0.7456552242
SPY,Half_plus_signal,2024-05,0.05788704371,0.008545071039,0.75
SPY,Half_plus_signal,2024-06,0.05496639358,0.008355155684,0.7473459423
SPY,Half_plus_signal,2024-07,0.02057241699,0.008355155684,0.75
SPY,Half_plus_signal,2024-08,0.02542180124,0.008355155684,0.75
SPY,Half_plus_signal,2024-09,0.01406165908,0.008355155684,0.75
SPY,Half_plus_signal,2024-10,0.01003302264,0.008545071039,0.75
SPY,Half_plus_signal,2024-11,0.08106966124,0.008545071039,0.75
SPY,Half_plus_signal,2024-12,-0.0169859442,0.008923725729,0.75
SPY,Half_plus_signal,2025-01,0.01575743704,0.009676378033,0.75
SPY,Half_plus_signal,2025-02,-0.008000723303,0.01042290887,0.75
SPY,Half_plus_signal,2025-03,-0.05247941656,0.01042290887,0.75
SPY,Half_plus_signal,2025-04,-0.01009897182,0.01116342142,0.75
SPY,Half_plus_signal,2025-05,0.07208627828,0.01116342142,0.75
SPY,Half_plus_signal,2025-06,0.04728973115,0.01153145236,0.75
SPY,Half_plus_signal,2025-07,0.03339506334,0.01171491692,0.75
SPY,Half_plus_signal,2025-08,0.01884837458,0.01171491692,0.75
SPY,Half_plus_signal,2025-09,0.03585358958,0.01171491692,0.75
SPY,Half_plus_signal,2025-10,0.03319061957,0.01171491692,0.75
SPY,Half_plus_signal,2025-11,0.00622837776,0.01171491692,0.75
SPY,Half_plus_signal,2025-12,0.01354831514,0.01171491692,0.75
SPY,Half_plus_signal,2026-01,0.008731206655,0.01171491692,0.75
SPY,Half_plus_signal,2026-02,-0.005291834268,0.01171491692,0.75
SPY,Half_plus_signal,2026-03,-0.04033232584,0.01171491692,0.75
SPY,Half_plus_signal,2026-04,0.09481607024,0.01153145236,0.75
SPY,Half_plus_signal,2026-05,0.06262035559,0.01134762104,0.75
SPY,Half_plus_signal,2026-06,0.002609269743,0.01134762104,0.7246996398
SPY,Half_plus_signal,2026-07,0.0003052420215,0.01116342142,0.7431712326
SPY,Half_plus_signal,2026-08,0.03773610277,0.01116342142,0.75
