variant,name,period,n,cagr,vol,sharpe,maxdd,mean_excess,worst_month,es95,win_rate,max_underwater_months,final_nav,ce3,ce5,ce10,exposure,turnover,cost_ann,borrow_ann,worst36
Base,Carry,all,101,0.05779677398,0.04114523588,0.7536926591,-0.09092810581,0.0306772053,-0.04651420384,-0.0198940789,0.6732673267,31,1.604669155,0.02819216021,0.02653546348,0.02239372165,1,1.275191768,0.0004042623559,0.002493251945,-0.00861221044
Base,Carry,recent,92,0.06183214131,0.03996052488,0.8520787464,-0.09092810581,0.03368439226,-0.04651420384,-0.02110235462,0.6956521739,31,1.584023602,0.0313402216,0.02977744116,0.02587049006,1,1.242475197,0.0003730485307,0.00249448679,-0.001083274596
Base,EJR_size,all,101,0.05918754161,0.04034155201,0.8022469459,-0.08834540297,0.03196487437,-0.04658703782,-0.01957703589,0.6831683168,30,1.62251332,0.02958353595,0.02799597701,0.02402707965,0.9626938205,1.549728615,0.000532254856,0.002399861882,-0.007515702597
Base,EJR_size,recent,92,0.06327776772,0.03906814533,0.9076637797,-0.08834540297,0.0350168508,-0.04658703782,-0.02072190302,0.7065217391,30,1.600632465,0.03278433049,0.03129598361,0.02757511641,0.9596596109,1.537871788,0.0005118105395,0.002393516229,-0.0001893426624
Base,EJR_gate,all,101,0.05860619282,0.02415439093,1.313182853,-0.02152536494,0.03089323638,-0.01189629931,-0.005451932803,0.9306930693,3,1.615033201,0.03006306517,0.0295096177,0.02812599902,0.3762376238,1.398416869,0.0005020901165,0.0009353190253,0.003153337577
Base,EJR_gate,recent,92,0.06258813991,0.02504982207,1.385111479,-0.02152536494,0.03391540081,-0.01189629931,-0.006193817688,0.9239130435,3,1.59269051,0.03301607779,0.03241652911,0.03091765741,0.4130434783,1.53521852,0.0005512076279,0.001026817626,0.01086264024
Base,Size_structure,all,101,0.06129952526,0.02875937229,1.174014889,-0.03368528823,0.03356784125,-0.01997621131,-0.0125458366,0.8217821782,6,1.649945429,0.03234155778,0.03152403547,0.02948022968,0.5356764383,0.9167378061,0.0003179101026,0.001333869548,0.006052625857
Base,Size_structure,recent,92,0.06555644163,0.02988841804,1.236534543,-0.03368528823,0.03685165181,-0.01997621131,-0.01375893118,0.8043478261,6,1.627119755,0.03551938051,0.03463119965,0.03241074749,0.5880795681,1.006418678,0.000349010004,0.001464356786,0.01750621226
Base,Gate_price,all,101,0.05376795575,0.02083878097,1.253911506,-0.007188978079,0.02621838888,-0.007188978079,-0.0008100707442,0.9504950495,3,1.553949787,0.02556259179,0.02512539373,0.02403239858,0.2722772277,1.303587202,0.0005241668422,0.0006771756638,0.008881335183
Base,Gate_price,recent,92,0.05725781118,0.02160192093,1.321753983,-0.007188978079,0.02878323127,-0.007188978079,-0.003186932971,0.9456521739,3,1.532452136,0.02807190459,0.02759768681,0.02641214234,0.2989130435,1.431112037,0.0005754440333,0.0007434211092,0.009005862574
Base,Cohort_base,all,101,0.05487517269,0.03801958114,0.7395713366,-0.09920645941,0.02777529802,-0.03750296609,-0.01839033698,0.6732673267,31,1.567745926,0.02565962488,0.02424917613,0.02072305423,0.9455445545,0.6644450998,0.0002523713142,0.002359342062,-0.01457831584
Base,Cohort_base,recent,92,0.05871716414,0.03864429115,0.8029335558,-0.09920645941,0.03067889306,-0.03750296609,-0.01957810312,0.6847826087,31,1.548744037,0.02848905796,0.02702916789,0.02337944271,0.9972826087,0.6287642564,0.0002345858348,0.002488555456,-0.00549838548
Base,Cohort_risk,all,101,0.06297592505,0.02742518133,1.288776917,-0.01716708479,0.03511696362,-0.01478064839,-0.009684113154,0.7722772277,9,1.672009945,0.03400325988,0.03326079073,0.03140461783,0.6328382838,0.9346855225,0.0003006246002,0.001577620977,0.005275024917
Base,Cohort_risk,recent,92,0.06782478272,0.02834025235,1.378229883,-0.01716708479,0.03894501577,-0.01478064839,-0.01030074208,0.7717391304,9,1.653864668,0.0377473057,0.03694883231,0.03495264886,0.6802536232,0.9542831201,0.0003056586027,0.001695789651,0.0176842386
Base,Equal_modules,all,101,0.0594342267,0.02327794989,1.366978561,-0.01427455725,0.03165921972,-0.009036767515,-0.006024318001,0.8415841584,8,1.625696591,0.03085464151,0.03031825604,0.02897729236,0.4802639833,0.9569205212,0.0003560787125,0.001196222063,0.006741420284
Base,Equal_modules,recent,92,0.06363980986,0.02408279633,1.449630476,-0.01427455725,0.03488721802,-0.009036767515,-0.006342423419,0.8260869565,8,1.604815617,0.03401843901,0.03343925301,0.03199128801,0.5224154116,1.026583867,0.0003827858158,0.001301189182,0.01726664168
Base,Core_satellite,all,101,0.05873201233,0.03044062304,1.036151137,-0.0471284929,0.03118383797,-0.02568137809,-0.01236128274,0.6930693069,18,1.616649518,0.02982519867,0.02891943913,0.0266550403,0.7401319916,1.065471963,0.0003645450746,0.001844737004,-0.0007117701256
Base,Core_satellite,recent,92,0.06283394765,0.03062656182,1.1306051,-0.0471284929,0.03430303868,-0.02568137809,-0.01331451627,0.7173913043,18,1.595517365,0.03292222664,0.03200168529,0.02970033189,0.7612077058,1.081134718,0.0003606836329,0.001897837986,0.009360551473
Base,Integrated_cohort,all,101,0.05748016962,0.02467513045,1.214312498,-0.01647932121,0.02983731076,-0.01389248657,-0.008052522842,0.8415841584,5,1.60063123,0.02893168308,0.0283279313,0.02681855185,0.3922525586,0.4995245444,0.0001756447399,0.0009755656535,0.008431135359
Base,Integrated_cohort,recent,92,0.06134737697,0.02561575401,1.279490998,-0.01647932121,0.03275617811,-0.01389248657,-0.008878707014,0.8260869565,5,1.578487779,0.03177306557,0.03111765721,0.0294791363,0.4306250916,0.5483910759,0.0001928273775,0.001071001424,0.01325168437
Base,All_filters,all,101,0.05331737199,0.02455744443,1.04104211,-0.03368528823,0.02587313362,-0.0199762113,-0.01041055872,0.900990099,9,1.548366126,0.02494661803,0.02432894098,0.02278474834,0.3309817599,1.159295648,0.0004008106378,0.0008241317834,0.005397512217
Base,All_filters,recent,92,0.05676152074,0.02554141969,1.095138213,-0.03368528823,0.02840420104,-0.0199762113,-0.01211244618,0.8913043478,9,1.52694572,0.02739513742,0.02672242834,0.02504065564,0.3633604104,1.272705005,0.0004400203741,0.0009047533709,0.007292002112
Base,Commodity_blend,all,101,0.05899382204,0.03957322524,0.8115713318,-0.08438347972,0.03175073157,-0.04663413911,-0.01958118284,0.6732673267,30,1.620017378,0.02945487191,0.0279242988,0.02409786604,0.9203913407,1.730278109,0.0006099769289,0.002294929594,-0.006172354124
Base,Commodity_blend,recent,92,0.06270911653,0.03834249643,0.9089533879,-0.08438347972,0.0344514391,-0.04663413911,-0.02064808262,0.6956521739,30,1.594081229,0.0322965607,0.03085997509,0.02726851108,0.9188940314,1.687010536,0.0005788713485,0.002292415881,0.0004999508772
Base,Two_modules,all,101,0.05760898393,0.02203528635,1.361530879,-0.01406310282,0.02989892217,-0.008704872439,-0.005333706565,0.8514851485,6,1.602273027,0.02917557409,0.02869334203,0.0274877619,0.403976833,1.091553557,0.0004152313737,0.001005522606,0.007466662896
Base,Two_modules,recent,92,0.06148931068,0.02281712556,1.436883927,-0.01406310282,0.03282381673,-0.008704872439,-0.005762821392,0.8369565217,6,1.580106863,0.03204106138,0.03151922448,0.03021463223,0.4434963058,1.19833597,0.0004558518342,0.001103888948,0.01704836871
q70,Carry,all,101,0.05779677398,0.04114523588,0.7536926591,-0.09092810581,0.0306772053,-0.04651420384,-0.0198940789,0.6732673267,31,1.604669155,0.02819216021,0.02653546348,0.02239372165,1,1.275191768,0.0004042623559,0.002493251945,-0.00861221044
q70,Carry,recent,92,0.06183214131,0.03996052488,0.8520787464,-0.09092810581,0.03368439226,-0.04651420384,-0.02110235462,0.6956521739,31,1.584023602,0.0313402216,0.02977744116,0.02587049006,1,1.242475197,0.0003730485307,0.00249448679,-0.001083274596
q70,EJR_size,all,101,0.05918754161,0.04034155201,0.8022469459,-0.08834540297,0.03196487437,-0.04658703782,-0.01957703589,0.6831683168,30,1.62251332,0.02958353595,0.02799597701,0.02402707965,0.9626938205,1.549728615,0.000532254856,0.002399861882,-0.007515702597
q70,EJR_size,recent,92,0.06327776772,0.03906814533,0.9076637797,-0.08834540297,0.0350168508,-0.04658703782,-0.02072190302,0.7065217391,30,1.600632465,0.03278433049,0.03129598361,0.02757511641,0.9596596109,1.537871788,0.0005118105395,0.002393516229,-0.0001893426624
q70,EJR_gate,all,101,0.05860619282,0.02415439093,1.313182853,-0.02152536494,0.03089323638,-0.01189629931,-0.005451932803,0.9306930693,3,1.615033201,0.03006306517,0.0295096177,0.02812599902,0.3762376238,1.398416869,0.0005020901165,0.0009353190253,0.003153337577
q70,EJR_gate,recent,92,0.06258813991,0.02504982207,1.385111479,-0.02152536494,0.03391540081,-0.01189629931,-0.006193817688,0.9239130435,3,1.59269051,0.03301607779,0.03241652911,0.03091765741,0.4130434783,1.53521852,0.0005512076279,0.001026817626,0.01086264024
q70,Size_structure,all,101,0.05780120441,0.02771386393,1.099773188,-0.03368528823,0.0302207442,-0.01997621131,-0.01028644794,0.8613861386,6,1.604725724,0.02908809528,0.02833299601,0.02644524782,0.4416170324,0.8967324311,0.0003528132832,0.001098003761,0.002733139242
q70,Size_structure,recent,92,0.06170111146,0.02882437529,1.157525871,-0.03368528823,0.03317712135,-0.01997621131,-0.01196351325,0.847826087,6,1.582525629,0.03194484745,0.03112333152,0.02906954169,0.4848186986,0.9844562559,0.0003873276261,0.001205417172,0.01418673814
q70,Gate_price,all,101,0.05228665972,0.02050186477,1.195845494,-0.007891208402,0.0247987397,-0.007581248424,-0.0005574364334,0.9504950495,3,1.535659902,0.02415367936,0.02372363914,0.02264853859,0.2277227723,1.764395186,0.0006734531971,0.0005658162963,0.006448969989
q70,Gate_price,recent,92,0.05562633235,0.02126488094,1.25979912,-0.007891208402,0.02722470336,-0.007581248424,-0.002409758146,0.9456521739,3,1.514415277,0.02652419234,0.026057185,0.02488966663,0.25,1.936999063,0.0007393344882,0.0006211678905,0.006448969989
q70,Cohort_base,all,101,0.05487517269,0.03801958114,0.7395713366,-0.09920645941,0.02777529802,-0.03750296609,-0.01839033698,0.6732673267,31,1.567745926,0.02565962488,0.02424917613,0.02072305423,0.9455445545,0.6644450998,0.0002523713142,0.002359342062,-0.01457831584
q70,Cohort_base,recent,92,0.05871716414,0.03864429115,0.8029335558,-0.09920645941,0.03067889306,-0.03750296609,-0.01957810312,0.6847826087,31,1.548744037,0.02848905796,0.02702916789,0.02337944271,0.9972826087,0.6287642564,0.0002345858348,0.002488555456,-0.00549838548
q70,Cohort_risk,all,101,0.05968536082,0.02604635049,1.23689557,-0.01611006423,0.03196472071,-0.01478064839,-0.009007722682,0.8118811881,8,1.628942924,0.03096295302,0.03029510789,0.02862549508,0.5255775578,0.8336610039,0.000272079304,0.001309109106,0.004236413298
q70,Cohort_risk,recent,92,0.06371266541,0.02704712203,1.301026527,-0.01611006423,0.03503075767,-0.01478064839,-0.009929074933,0.7934782609,8,1.605658561,0.03394328583,0.03321830461,0.03140585155,0.5765398551,0.9043993315,0.0002965326644,0.00143606412,0.01330688906
q70,Equal_modules,all,101,0.05670362806,0.02215453398,1.317129365,-0.01427455725,0.02904117033,-0.009036767515,-0.005762148797,0.8415841584,6,1.590765222,0.02831194353,0.02782579233,0.02661041432,0.3983057875,1.053031606,0.0003863464658,0.0009909763876,0.00557492749
q70,Equal_modules,recent,92,0.06047026904,0.02295943564,1.38830966,-0.01427455725,0.03186183897,-0.009036767515,-0.006178201606,0.8260869565,6,1.568514289,0.03107177866,0.03054507178,0.0292283046,0.4371195179,1.152439844,0.0004234200841,0.001087549727,0.01499889089
q70,Core_satellite,all,101,0.05737990074,0.02958928703,1.021649972,-0.0435223053,0.02987447644,-0.02325401807,-0.01174148089,0.6930693069,18,1.599354284,0.02859188715,0.02773682762,0.0255991788,0.6991528937,1.113741693,0.0003800157837,0.001742114166,-0.001296967937
q70,Core_satellite,recent,92,0.06126236321,0.02977381473,1.112189809,-0.0435223053,0.03279021098,-0.02325401807,-0.01271492451,0.7173913043,18,1.57751869,0.03148637832,0.03061715654,0.02844410209,0.7185597589,1.14321498,0.000381138939,0.001791018259,0.008504076159
q70,Integrated_cohort,all,101,0.04743278015,0.02318953281,0.8752379657,-0.01647932121,0.02021473989,-0.01389248657,-0.007487990778,0.8712871287,5,1.47704998,0.01941458276,0.01888114468,0.01754754947,0.2864074549,0.5164577133,0.0001965247755,0.000711754976,0.0002277616035
q70,Integrated_cohort,recent,92,0.05028191259,0.02416109364,0.9195055447,-0.01647932121,0.02219226879,-0.01389248657,-0.008506276952,0.8586956522,5,1.456616176,0.02131852126,0.02073602291,0.01927977702,0.3144255754,0.5669807505,0.0002157500253,0.0007813831802,0.003874958609
q70,All_filters,all,101,0.04538338252,0.02241433189,0.7926742545,-0.03368528823,0.01823208966,-0.0199762113,-0.00848970852,0.9207920792,7,1.452901709,0.01743853902,0.01690950525,0.01558692085,0.2468233441,0.7919018501,0.0002758870313,0.0006136968437,-0.006029683393
q70,All_filters,recent,92,0.04802612651,0.02336413347,0.8322912376,-0.03368528823,0.02001566365,-0.0199762113,-0.009848675319,0.9130434783,7,1.432801977,0.01914814144,0.0185697933,0.01712392295,0.270969106,0.8693705093,0.00030287598,0.0006737324045,-0.006029683393
q70,Commodity_blend,all,101,0.05899382204,0.03957322524,0.8115713318,-0.08438347972,0.03175073157,-0.04663413911,-0.01958118284,0.6732673267,30,1.620017378,0.02945487191,0.0279242988,0.02409786604,0.9203913407,1.730278109,0.0006099769289,0.002294929594,-0.006172354124
q70,Commodity_blend,recent,92,0.06270911653,0.03834249643,0.9089533879,-0.08438347972,0.0344514391,-0.04663413911,-0.02064808262,0.6956521739,30,1.594081229,0.0322965607,0.03085997509,0.02726851108,0.9188940314,1.687010536,0.0005788713485,0.002292415881,0.0004999508772
q70,Two_modules,all,101,0.05515986785,0.02103412631,1.312263543,-0.01406310282,0.02754866364,-0.008704872439,-0.004780541364,0.8910891089,6,1.571310679,0.02688758945,0.02644687332,0.02534508299,0.3346699023,1.259508015,0.000474211545,0.0008319100286,0.006235628198
q70,Two_modules,recent,92,0.05879104828,0.02178978037,1.384127863,-0.01406310282,0.03024364161,-0.008704872439,-0.005322956404,0.8804347826,6,1.549572854,0.02952748665,0.02905005001,0.02785645842,0.3674093493,1.382720755,0.0005206018048,0.0009132925314,0.01581734014
q90,Carry,all,101,0.05779677398,0.04114523588,0.7536926591,-0.09092810581,0.0306772053,-0.04651420384,-0.0198940789,0.6732673267,31,1.604669155,0.02819216021,0.02653546348,0.02239372165,1,1.275191768,0.0004042623559,0.002493251945,-0.00861221044
q90,Carry,recent,92,0.06183214131,0.03996052488,0.8520787464,-0.09092810581,0.03368439226,-0.04651420384,-0.02110235462,0.6956521739,31,1.584023602,0.0313402216,0.02977744116,0.02587049006,1,1.242475197,0.0003730485307,0.00249448679,-0.001083274596
q90,EJR_size,all,101,0.05918754161,0.04034155201,0.8022469459,-0.08834540297,0.03196487437,-0.04658703782,-0.01957703589,0.6831683168,30,1.62251332,0.02958353595,0.02799597701,0.02402707965,0.9626938205,1.549728615,0.000532254856,0.002399861882,-0.007515702597
q90,EJR_size,recent,92,0.06327776772,0.03906814533,0.9076637797,-0.08834540297,0.0350168508,-0.04658703782,-0.02072190302,0.7065217391,30,1.600632465,0.03278433049,0.03129598361,0.02757511641,0.9596596109,1.537871788,0.0005118105395,0.002393516229,-0.0001893426624
q90,EJR_gate,all,101,0.05860619282,0.02415439093,1.313182853,-0.02152536494,0.03089323638,-0.01189629931,-0.005451932803,0.9306930693,3,1.615033201,0.03006306517,0.0295096177,0.02812599902,0.3762376238,1.398416869,0.0005020901165,0.0009353190253,0.003153337577
q90,EJR_gate,recent,92,0.06258813991,0.02504982207,1.385111479,-0.02152536494,0.03391540081,-0.01189629931,-0.006193817688,0.9239130435,3,1.59269051,0.03301607779,0.03241652911,0.03091765741,0.4130434783,1.53521852,0.0005512076279,0.001026817626,0.01086264024
q90,Size_structure,all,101,0.06752812518,0.02895456112,1.379208379,-0.03368528823,0.03945569356,-0.01997621131,-0.01226108989,0.801980198,6,1.733242484,0.03822811061,0.03740972197,0.03536375038,0.6612186484,1.302708802,0.0004590238079,0.001645584345,0.01046385004
q90,Size_structure,recent,92,0.0724237556,0.03001609258,1.455834687,-0.03368528823,0.04331548967,-0.01997621131,-0.01341723513,0.7826086957,6,1.709264462,0.04198762569,0.04110238303,0.0388892764,0.7259030814,1.430147707,0.0005039283109,0.001806565422,0.02191743644
q90,Gate_price,all,101,0.05327758213,0.02217748658,1.173231156,-0.02152536494,0.02577942035,-0.01189629931,-0.005451932803,0.9306930693,3,1.547873898,0.02505520057,0.02457238739,0.02336535443,0.3316831683,1.323631655,0.0004834704833,0.0008249788793,0.003153337577
q90,Gate_price,recent,92,0.05671769565,0.02302593417,1.235699608,-0.02152536494,0.02830132017,-0.01189629931,-0.006193817688,0.9239130435,3,1.526460302,0.02751449394,0.02698994312,0.02567856606,0.3641304348,1.453117361,0.0005307665088,0.0009056833349,0.01086264024
q90,Cohort_base,all,101,0.05487517269,0.03801958114,0.7395713366,-0.09920645941,0.02777529802,-0.03750296609,-0.01839033698,0.6732673267,31,1.567745926,0.02565962488,0.02424917613,0.02072305423,0.9455445545,0.6644450998,0.0002523713142,0.002359342062,-0.01457831584
q90,Cohort_base,recent,92,0.05871716414,0.03864429115,0.8029335558,-0.09920645941,0.03067889306,-0.03750296609,-0.01957810312,0.6847826087,31,1.548744037,0.02848905796,0.02702916789,0.02337944271,0.9972826087,0.6287642564,0.0002345858348,0.002488555456,-0.00549838548
q90,Cohort_risk,all,101,0.06113163025,0.02769226822,1.213676743,-0.01892582499,0.033378963,-0.01478064839,-0.009559747503,0.7227722772,12,1.647749822,0.03224439409,0.03148801481,0.02959706663,0.7009075908,0.9376529454,0.0003240647717,0.001747965552,0.002204476966
q90,Cohort_risk,recent,92,0.06664711005,0.02844060189,1.334320386,-0.01892582499,0.03783834696,-0.01478064839,-0.01021192241,0.7391304348,12,1.639931978,0.03663210252,0.03582793955,0.03381753214,0.7441123188,0.9316971681,0.000315078259,0.001855919499,0.01666159432
q90,Equal_modules,all,101,0.06072577743,0.02393000032,1.390894661,-0.01443133153,0.0328987214,-0.009036767515,-0.006593216583,0.8217821782,8,1.642453007,0.0320595304,0.03150006973,0.03010141807,0.5646031358,1.088718554,0.0003948239194,0.001406176259,0.005305804256
q90,Equal_modules,recent,92,0.06534783493,0.02470270563,1.488845267,-0.01443133153,0.03651508325,-0.009036767515,-0.006914737618,0.8152173913,8,1.624679167,0.03561281283,0.03501129922,0.03350751519,0.611381945,1.162659904,0.0004198933706,0.001522722752,0.01651363487
q90,Core_satellite,all,101,0.05937809186,0.03088444952,1.043583494,-0.05097151968,0.03181026685,-0.02575051098,-0.01264582425,0.6930693069,18,1.624971733,0.03041655985,0.02948742186,0.02716457686,0.7823015679,1.12604764,0.0003772396363,0.001949714102,-0.001404164649
q90,Core_satellite,recent,92,0.06368451947,0.031043352,1.144084325,-0.05097151968,0.03511979918,-0.02575051098,-0.01365596608,0.7173913043,18,1.605332865,0.03370635313,0.03276405576,0.03040831235,0.8056909725,1.148907911,0.000376409535,0.002008604771,0.008919956069
q90,Integrated_cohort,all,101,0.06110232606,0.02477157747,1.359426214,-0.01467121739,0.03327553053,-0.01297378714,-0.007669158038,0.8118811881,5,1.647366867,0.03237679905,0.03177764473,0.03027975893,0.4930606117,0.6463127468,0.0002160207584,0.001227198559,0.00824203057
q90,Integrated_cohort,recent,92,0.06533908483,0.02567008292,1.434628434,-0.01467121739,0.03653074548,-0.01297378714,-0.008418669249,0.7934782609,5,1.624576865,0.03555815624,0.03490976341,0.03328878135,0.5412948019,0.7095389937,0.0002371532239,0.001347250591,0.01306257959
q90,All_filters,all,101,0.05950047144,0.02565170258,1.232257925,-0.03368528823,0.03178018078,-0.0199762113,-0.01117682261,0.8316831683,10,1.626552362,0.030782479,0.03011734449,0.02845450819,0.5256274136,1.730098541,0.0005845240436,0.001309516634,0.009357626221
q90,All_filters,recent,92,0.06357363592,0.02662357589,1.298637285,-0.03368528823,0.03488911151,-0.0199762113,-0.01256360992,0.8152173913,10,1.604050312,0.0338064434,0.03308466467,0.03128021782,0.5770474867,1.899347312,0.0006417057435,0.001437621522,0.009941413072
q90,Commodity_blend,all,101,0.05899382204,0.03957322524,0.8115713318,-0.08438347972,0.03175073157,-0.04663413911,-0.01958118284,0.6732673267,30,1.620017378,0.02945487191,0.0279242988,0.02409786604,0.9203913407,1.730278109,0.0006099769289,0.002294929594,-0.006172354124
q90,Commodity_blend,recent,92,0.06270911653,0.03834249643,0.9089533879,-0.08438347972,0.0344514391,-0.04663413911,-0.02064808262,0.6956521739,30,1.594081229,0.0322965607,0.03085997509,0.02726851108,0.9188940314,1.687010536,0.0005788713485,0.002292415881,0.0004999508772
q90,Two_modules,all,101,0.06045738856,0.02293305845,1.442496172,-0.01406310282,0.03262139458,-0.009188975865,-0.006191436548,0.8415841584,6,1.638958491,0.03185426811,0.03134285047,0.03006430635,0.4964509084,1.300246046,0.0004674095193,0.001235281612,0.006808318287
q90,Two_modules,recent,92,0.06462824974,0.02372881152,1.523777141,-0.01406310282,0.03581261796,-0.009188975865,-0.006752386955,0.8260869565,6,1.616284813,0.03498406459,0.03443169567,0.03305077338,0.5450167581,1.427444029,0.0005131343636,0.001356124378,0.0163900241
Gate1pct,Carry,all,101,0.05779677398,0.04114523588,0.7536926591,-0.09092810581,0.0306772053,-0.04651420384,-0.0198940789,0.6732673267,31,1.604669155,0.02819216021,0.02653546348,0.02239372165,1,1.275191768,0.0004042623559,0.002493251945,-0.00861221044
Gate1pct,Carry,recent,92,0.06183214131,0.03996052488,0.8520787464,-0.09092810581,0.03368439226,-0.04651420384,-0.02110235462,0.6956521739,31,1.584023602,0.0313402216,0.02977744116,0.02587049006,1,1.242475197,0.0003730485307,0.00249448679,-0.001083274596
Gate1pct,EJR_size,all,101,0.05918754161,0.04034155201,0.8022469459,-0.08834540297,0.03196487437,-0.04658703782,-0.01957703589,0.6831683168,30,1.62251332,0.02958353595,0.02799597701,0.02402707965,0.9626938205,1.549728615,0.000532254856,0.002399861882,-0.007515702597
Gate1pct,EJR_size,recent,92,0.06327776772,0.03906814533,0.9076637797,-0.08834540297,0.0350168508,-0.04658703782,-0.02072190302,0.7065217391,30,1.600632465,0.03278433049,0.03129598361,0.02757511641,0.9596596109,1.537871788,0.0005118105395,0.002393516229,-0.0001893426624
Gate1pct,EJR_gate,all,101,0.05973592433,0.04079883439,0.8047074497,-0.07680593307,0.03250353768,-0.04677975845,-0.019938338,0.6930693069,29,1.629597233,0.03005629814,0.02842480512,0.02434607257,0.9801980198,1.448679525,0.0004843032873,0.002444574815,-0.003488333497
Gate1pct,EJR_gate,recent,92,0.06396930396,0.03955178536,0.9112153899,-0.07680593307,0.03568938759,-0.04677975845,-0.02115546555,0.7173913043,29,1.608630957,0.03338833069,0.03185429275,0.02801919792,0.9782608696,1.432934582,0.0004609195532,0.002441047767,0.004040602347
Gate1pct,Size_structure,all,101,0.06129952526,0.02875937229,1.174014889,-0.03368528823,0.03356784125,-0.01997621131,-0.0125458366,0.8217821782,6,1.649945429,0.03234155778,0.03152403547,0.02948022968,0.5356764383,0.9167378061,0.0003179101026,0.001333869548,0.006052625857
Gate1pct,Size_structure,recent,92,0.06555644163,0.02988841804,1.236534543,-0.03368528823,0.03685165181,-0.01997621131,-0.01375893118,0.8043478261,6,1.627119755,0.03551938051,0.03463119965,0.03241074749,0.5880795681,1.006418678,0.000349010004,0.001464356786,0.01750621226
Gate1pct,Gate_price,all,101,0.05562002957,0.03718864444,0.7641654067,-0.05432700225,0.02845510406,-0.04677975845,-0.01969899144,0.7524752475,15,1.577087606,0.02637523081,0.02498864865,0.02152219324,0.7326732673,2.142187821,0.0007430566562,0.001826706753,0.005117702061
Gate1pct,Gate_price,recent,92,0.05943357975,0.03546497126,0.8777413176,-0.05432700225,0.03124491155,-0.04677975845,-0.02046612678,0.7826086957,15,1.556796914,0.02934419755,0.02807705488,0.02490919822,0.7065217391,2.194286082,0.0007449857517,0.00176273609,0.006398840236
Gate1pct,Cohort_base,all,101,0.05487517269,0.03801958114,0.7395713366,-0.09920645941,0.02777529802,-0.03750296609,-0.01839033698,0.6732673267,31,1.567745926,0.02565962488,0.02424917613,0.02072305423,0.9455445545,0.6644450998,0.0002523713142,0.002359342062,-0.01457831584
Gate1pct,Cohort_base,recent,92,0.05871716414,0.03864429115,0.8029335558,-0.09920645941,0.03067889306,-0.03750296609,-0.01957810312,0.6847826087,31,1.548744037,0.02848905796,0.02702916789,0.02337944271,0.9972826087,0.6287642564,0.0002345858348,0.002488555456,-0.00549838548
Gate1pct,Cohort_risk,all,101,0.06297592505,0.02742518133,1.288776917,-0.01716708479,0.03511696362,-0.01478064839,-0.009684113154,0.7722772277,9,1.672009945,0.03400325988,0.03326079073,0.03140461783,0.6328382838,0.9346855225,0.0003006246002,0.001577620977,0.005275024917
Gate1pct,Cohort_risk,recent,92,0.06782478272,0.02834025235,1.378229883,-0.01716708479,0.03894501577,-0.01478064839,-0.01030074208,0.7717391304,9,1.653864668,0.0377473057,0.03694883231,0.03495264886,0.6802536232,0.9542831201,0.0003056586027,0.001695789651,0.0176842386
Gate1pct,Equal_modules,all,101,0.06011302553,0.02783713802,1.16857954,-0.02737494638,0.03241866943,-0.0208886261,-0.01131995553,0.7425742574,12,1.634484362,0.03126424615,0.03049463063,0.02857059184,0.6337293298,1.176242275,0.0004151640024,0.001579399093,0.005639755834
Gate1pct,Equal_modules,recent,92,0.06440721545,0.02834214121,1.260601448,-0.02737494638,0.0357232008,-0.0208886261,-0.01269718846,0.7717391304,12,1.61371391,0.03451861876,0.03371556406,0.03170792732,0.6582849768,1.216162128,0.0004238770269,0.001640960843,0.01677638196
Gate1pct,Core_satellite,all,101,0.05901377244,0.03382748392,0.9415484963,-0.0559694998,0.03155970907,-0.03370203524,-0.01514600384,0.6930693069,19,1.620274269,0.0298744299,0.02875091045,0.02594211183,0.8168646649,1.186379197,0.0003979414759,0.002036325519,-0.001263909803
Gate1pct,Core_satellite,recent,92,0.06317110027,0.03357457293,1.041972739,-0.0559694998,0.03471649023,-0.03370203524,-0.01637829766,0.7173913043,19,1.599401805,0.03305135247,0.03194126063,0.02916603102,0.8291424884,1.188387846,0.000385769079,0.002067723817,0.008706317628
Gate1pct,Integrated_cohort,all,101,0.05748016962,0.02467513045,1.214312498,-0.01647932121,0.02983731076,-0.01389248657,-0.008052522842,0.8415841584,5,1.60063123,0.02893168308,0.0283279313,0.02681855185,0.3922525586,0.4995245444,0.0001756447399,0.0009755656535,0.008431135359
Gate1pct,Integrated_cohort,recent,92,0.06134737697,0.02561575401,1.279490998,-0.01647932121,0.03275617811,-0.01389248657,-0.008878707014,0.8260869565,5,1.578487779,0.03177306557,0.03111765721,0.0294791363,0.4306250916,0.5483910759,0.0001928273775,0.001071001424,0.01325168437
Gate1pct,All_filters,all,101,0.05331737199,0.02455744443,1.04104211,-0.03368528823,0.02587313362,-0.0199762113,-0.01041055872,0.900990099,9,1.548366126,0.02494661803,0.02432894098,0.02278474834,0.3309817599,1.159295648,0.0004008106378,0.0008241317834,0.005397512217
Gate1pct,All_filters,recent,92,0.05676152074,0.02554141969,1.095138213,-0.03368528823,0.02840420104,-0.0199762113,-0.01211244618,0.8913043478,9,1.52694572,0.02739513742,0.02672242834,0.02504065564,0.3633604104,1.272705005,0.0004400203741,0.0009047533709,0.007292002112
Gate1pct,Commodity_blend,all,101,0.05899382204,0.03957322524,0.8115713318,-0.08438347972,0.03175073157,-0.04663413911,-0.01958118284,0.6732673267,30,1.620017378,0.02945487191,0.0279242988,0.02409786604,0.9203913407,1.730278109,0.0006099769289,0.002294929594,-0.006172354124
Gate1pct,Commodity_blend,recent,92,0.06270911653,0.03834249643,0.9089533879,-0.08438347972,0.0344514391,-0.04663413911,-0.02064808262,0.6956521739,30,1.594081229,0.0322965607,0.03085997509,0.02726851108,0.9188940314,1.687010536,0.0005788713485,0.002292415881,0.0004999508772
Gate1pct,Two_modules,all,101,0.05859749102,0.02969579544,1.04691805,-0.03368528823,0.03103509996,-0.02999986708,-0.01406604241,0.7524752475,13,1.614921468,0.02971692766,0.02883814613,0.02664119229,0.6341748528,1.427486107,0.0005068560744,0.00158028815,0.005795738014
Gate1pct,Two_modules,recent,92,0.06261496655,0.02987638659,1.139211215,-0.03368528823,0.03407469222,-0.02999986708,-0.01566919878,0.7826086957,13,1.592998812,0.03273271038,0.03183805582,0.02960141942,0.6473006536,1.488645368,0.0005205873429,0.001613546438,0.01595878664
Gate3pct,Carry,all,101,0.05779677398,0.04114523588,0.7536926591,-0.09092810581,0.0306772053,-0.04651420384,-0.0198940789,0.6732673267,31,1.604669155,0.02819216021,0.02653546348,0.02239372165,1,1.275191768,0.0004042623559,0.002493251945,-0.00861221044
Gate3pct,Carry,recent,92,0.06183214131,0.03996052488,0.8520787464,-0.09092810581,0.03368439226,-0.04651420384,-0.02110235462,0.6956521739,31,1.584023602,0.0313402216,0.02977744116,0.02587049006,1,1.242475197,0.0003730485307,0.00249448679,-0.001083274596
Gate3pct,EJR_size,all,101,0.05918754161,0.04034155201,0.8022469459,-0.08834540297,0.03196487437,-0.04658703782,-0.01957703589,0.6831683168,30,1.62251332,0.02958353595,0.02799597701,0.02402707965,0.9626938205,1.549728615,0.000532254856,0.002399861882,-0.007515702597
Gate3pct,EJR_size,recent,92,0.06327776772,0.03906814533,0.9076637797,-0.08834540297,0.0350168508,-0.04658703782,-0.02072190302,0.7065217391,30,1.600632465,0.03278433049,0.03129598361,0.02757511641,0.9596596109,1.537871788,0.0005118105395,0.002393516229,-0.0001893426624
Gate3pct,EJR_gate,all,101,0.02678870048,0.005431628045,,0,0,0.0001041070355,0.0001041070355,1,0,1.249201306,0,0,0,0,0,0,0,0
Gate3pct,EJR_gate,recent,92,0.02757869496,0.005641261931,,0,0,0.0001041070355,0.0001041070355,1,0,1.231919606,0,0,0,0,0,0,0,0
Gate3pct,Size_structure,all,101,0.06129952526,0.02875937229,1.174014889,-0.03368528823,0.03356784125,-0.01997621131,-0.0125458366,0.8217821782,6,1.649945429,0.03234155778,0.03152403547,0.02948022968,0.5356764383,0.9167378061,0.0003179101026,0.001333869548,0.006052625857
Gate3pct,Size_structure,recent,92,0.06555644163,0.02988841804,1.236534543,-0.03368528823,0.03685165181,-0.01997621131,-0.01375893118,0.8043478261,6,1.627119755,0.03551938051,0.03463119965,0.03241074749,0.5880795681,1.006418678,0.000349010004,0.001464356786,0.01750621226
Gate3pct,Gate_price,all,101,0.02678870048,0.005431628045,,0,0,0.0001041070355,0.0001041070355,1,0,1.249201306,0,0,0,0,0,0,0,0
Gate3pct,Gate_price,recent,92,0.02757869496,0.005641261931,,0,0,0.0001041070355,0.0001041070355,1,0,1.231919606,0,0,0,0,0,0,0,0
Gate3pct,Cohort_base,all,101,0.05487517269,0.03801958114,0.7395713366,-0.09920645941,0.02777529802,-0.03750296609,-0.01839033698,0.6732673267,31,1.567745926,0.02565962488,0.02424917613,0.02072305423,0.9455445545,0.6644450998,0.0002523713142,0.002359342062,-0.01457831584
Gate3pct,Cohort_base,recent,92,0.05871716414,0.03864429115,0.8029335558,-0.09920645941,0.03067889306,-0.03750296609,-0.01957810312,0.6847826087,31,1.548744037,0.02848905796,0.02702916789,0.02337944271,0.9972826087,0.6287642564,0.0002345858348,0.002488555456,-0.00549838548
Gate3pct,Cohort_risk,all,101,0.06297592505,0.02742518133,1.288776917,-0.01716708479,0.03511696362,-0.01478064839,-0.009684113154,0.7722772277,9,1.672009945,0.03400325988,0.03326079073,0.03140461783,0.6328382838,0.9346855225,0.0003006246002,0.001577620977,0.005275024917
Gate3pct,Cohort_risk,recent,92,0.06782478272,0.02834025235,1.378229883,-0.01716708479,0.03894501577,-0.01478064839,-0.01030074208,0.7717391304,9,1.653864668,0.0377473057,0.03694883231,0.03495264886,0.6802536232,0.9542831201,0.0003056586027,0.001695789651,0.0176842386
Gate3pct,Equal_modules,all,101,0.05033830285,0.01847094581,1.270486485,-0.01427455725,0.02290076668,-0.009036767515,-0.00602431631,0.8514851485,8,1.511892087,0.02241340519,0.02208849754,0.0212762284,0.3895049074,0.5929915061,0.0002003465156,0.0009704968417,0.003778191376
Gate3pct,Equal_modules,recent,92,0.05361864854,0.0191110499,1.348286503,-0.01427455725,0.02527195978,-0.009036767515,-0.006342421391,0.8369565217,8,1.492472855,0.02474496693,0.02439363835,0.02351531693,0.4227777304,0.6270531006,0.0002118189475,0.001053382146,0.01173289103
Gate3pct,Core_satellite,all,101,0.05418170489,0.02843198094,0.9582822982,-0.04637984566,0.02679963354,-0.02568137809,-0.0123612817,0.6930693069,19,1.559092611,0.0256264606,0.0248443453,0.02288905706,0.6947524537,0.8969499015,0.0002916568822,0.001731874393,-0.002192297191
Gate3pct,Core_satellite,recent,92,0.05782020275,0.02847838901,1.051186759,-0.04637984566,0.02948994469,-0.02568137809,-0.01331451627,0.7173913043,19,1.538712817,0.02830940821,0.02752238389,0.0255548231,0.7113888652,0.8961268031,0.0002806650738,0.001773934468,0.006594451614
Gate3pct,Integrated_cohort,all,101,0.05748016962,0.02467513045,1.214312498,-0.01647932121,0.02983731076,-0.01389248657,-0.008052522842,0.8415841584,5,1.60063123,0.02893168308,0.0283279313,0.02681855185,0.3922525586,0.4995245444,0.0001756447399,0.0009755656535,0.008431135359
Gate3pct,Integrated_cohort,recent,92,0.06134737697,0.02561575401,1.279490998,-0.01647932121,0.03275617811,-0.01389248657,-0.008878707014,0.8260869565,5,1.578487779,0.03177306557,0.03111765721,0.0294791363,0.4306250916,0.5483910759,0.0001928273775,0.001071001424,0.01325168437
Gate3pct,All_filters,all,101,0.05331737199,0.02455744443,1.04104211,-0.03368528823,0.02587313362,-0.0199762113,-0.01041055872,0.900990099,9,1.548366126,0.02494661803,0.02432894098,0.02278474834,0.3309817599,1.159295648,0.0004008106378,0.0008241317834,0.005397512217
Gate3pct,All_filters,recent,92,0.05676152074,0.02554141969,1.095138213,-0.03368528823,0.02840420104,-0.0199762113,-0.01211244618,0.8913043478,9,1.52694572,0.02739513742,0.02672242834,0.02504065564,0.3633604104,1.272705005,0.0004400203741,0.0009047533709,0.007292002112
Gate3pct,Commodity_blend,all,101,0.05899382204,0.03957322524,0.8115713318,-0.08438347972,0.03175073157,-0.04663413911,-0.01958118284,0.6732673267,30,1.620017378,0.02945487191,0.0279242988,0.02409786604,0.9203913407,1.730278109,0.0006099769289,0.002294929594,-0.006172354124
Gate3pct,Commodity_blend,recent,92,0.06270911653,0.03834249643,0.9089533879,-0.08438347972,0.0344514391,-0.04663413911,-0.02064808262,0.6956521739,30,1.594081229,0.0322965607,0.03085997509,0.02726851108,0.9188940314,1.687010536,0.0005788713485,0.002292415881,0.0004999508772
Gate3pct,Two_modules,all,101,0.04401702518,0.01496382671,1.174014627,-0.01406310282,0.01678358417,-0.008704872439,-0.005333704643,0.8712871287,6,1.436995714,0.01647702545,0.01627265298,0.01576172179,0.2678382191,0.4555906678,0.0001592915119,0.000666934774,0.003026308376
Gate3pct,Two_modules,recent,92,0.04652240789,0.01550869882,1.236534263,-0.01406310282,0.01842545653,-0.008704872439,-0.005762819086,0.8586956522,6,1.417116029,0.01809240191,0.01787036549,0.01731527446,0.2940397841,0.5001593201,0.0001748743772,0.0007321783932,0.008752640516
Tenure6,Carry,all,101,0.05779677398,0.04114523588,0.7536926591,-0.09092810581,0.0306772053,-0.04651420384,-0.0198940789,0.6732673267,31,1.604669155,0.02819216021,0.02653546348,0.02239372165,1,1.275191768,0.0004042623559,0.002493251945,-0.00861221044
Tenure6,Carry,recent,92,0.06183214131,0.03996052488,0.8520787464,-0.09092810581,0.03368439226,-0.04651420384,-0.02110235462,0.6956521739,31,1.584023602,0.0313402216,0.02977744116,0.02587049006,1,1.242475197,0.0003730485307,0.00249448679,-0.001083274596
Tenure6,EJR_size,all,101,0.05918754161,0.04034155201,0.8022469459,-0.08834540297,0.03196487437,-0.04658703782,-0.01957703589,0.6831683168,30,1.62251332,0.02958353595,0.02799597701,0.02402707965,0.9626938205,1.549728615,0.000532254856,0.002399861882,-0.007515702597
Tenure6,EJR_size,recent,92,0.06327776772,0.03906814533,0.9076637797,-0.08834540297,0.0350168508,-0.04658703782,-0.02072190302,0.7065217391,30,1.600632465,0.03278433049,0.03129598361,0.02757511641,0.9596596109,1.537871788,0.0005118105395,0.002393516229,-0.0001893426624
Tenure6,EJR_gate,all,101,0.05860619282,0.02415439093,1.313182853,-0.02152536494,0.03089323638,-0.01189629931,-0.005451932803,0.9306930693,3,1.615033201,0.03006306517,0.0295096177,0.02812599902,0.3762376238,1.398416869,0.0005020901165,0.0009353190253,0.003153337577
Tenure6,EJR_gate,recent,92,0.06258813991,0.02504982207,1.385111479,-0.02152536494,0.03391540081,-0.01189629931,-0.006193817688,0.9239130435,3,1.59269051,0.03301607779,0.03241652911,0.03091765741,0.4130434783,1.53521852,0.0005512076279,0.001026817626,0.01086264024
Tenure6,Size_structure,all,101,0.06129952526,0.02875937229,1.174014889,-0.03368528823,0.03356784125,-0.01997621131,-0.0125458366,0.8217821782,6,1.649945429,0.03234155778,0.03152403547,0.02948022968,0.5356764383,0.9167378061,0.0003179101026,0.001333869548,0.006052625857
Tenure6,Size_structure,recent,92,0.06555644163,0.02988841804,1.236534543,-0.03368528823,0.03685165181,-0.01997621131,-0.01375893118,0.8043478261,6,1.627119755,0.03551938051,0.03463119965,0.03241074749,0.5880795681,1.006418678,0.000349010004,0.001464356786,0.01750621226
Tenure6,Gate_price,all,101,0.05376795575,0.02083878097,1.253911506,-0.007188978079,0.02621838888,-0.007188978079,-0.0008100707442,0.9504950495,3,1.553949787,0.02556259179,0.02512539373,0.02403239858,0.2722772277,1.303587202,0.0005241668422,0.0006771756638,0.008881335183
Tenure6,Gate_price,recent,92,0.05725781118,0.02160192093,1.321753983,-0.007188978079,0.02878323127,-0.007188978079,-0.003186932971,0.9456521739,3,1.532452136,0.02807190459,0.02759768681,0.02641214234,0.2989130435,1.431112037,0.0005754440333,0.0007434211092,0.009005862574
Tenure6,Cohort_base,all,101,0.05728544218,0.04024323195,0.7566127683,-0.09308044441,0.03015301567,-0.03832216952,-0.0188309698,0.6732673267,31,1.598152154,0.02777066639,0.02618243354,0.02221185141,0.9752475248,0.7973132665,0.0002913547178,0.002432492649,-0.009511802889
Tenure6,Cohort_base,recent,92,0.06091475069,0.03925143694,0.8433308466,-0.09308044441,0.03278572424,-0.03832216952,-0.01982662371,0.6956521739,31,1.573561566,0.03051865466,0.02900727493,0.02522882562,1,0.7289827321,0.0002554879696,0.002494544541,-0.001982867045
Tenure6,Cohort_risk,all,101,0.06350418738,0.02996943427,1.202776502,-0.03229941114,0.03568840187,-0.01424832351,-0.01155062493,0.7425742574,13,1.679016518,0.03436778881,0.0334873801,0.03128635832,0.7260726073,1.168249137,0.0003707385754,0.001810843692,0.004822335106
Tenure6,Cohort_risk,recent,92,0.06865295814,0.03087295903,1.298232674,-0.03229941114,0.03979848946,-0.01424832351,-0.01203382123,0.7391304348,13,1.663724099,0.03838881327,0.03744902914,0.03509956881,0.7690217391,1.149383954,0.0003603737418,0.001917946453,0.01780944645
Tenure6,Equal_modules,all,101,0.05961677176,0.02403834731,1.334456639,-0.01688930527,0.03185009369,-0.01018221907,-0.0069847943,0.8217821782,8,1.628055728,0.03099561004,0.03042595428,0.02900181487,0.5113420911,1.028819453,0.0003790554909,0.001273962968,0.006586337085
Tenure6,Equal_modules,recent,92,0.06392152712,0.024858686,1.419133374,-0.01688930527,0.03517213592,-0.01018221907,-0.007170656621,0.8152173913,8,1.608077242,0.03425074841,0.03363649008,0.03210084424,0.5520047836,1.085130941,0.0004005975262,0.001375241449,0.01730417449
Tenure6,Core_satellite,all,101,0.05881682287,0.03094300449,1.022818351,-0.04961136348,0.03127959586,-0.02634976619,-0.01284142592,0.6930693069,18,1.617739825,0.02987672885,0.02894148417,0.02660337249,0.7556710455,1.103474945,0.0003757125576,0.001883607456,-0.000788058328
Tenure6,Core_satellite,recent,92,0.0629690988,0.03111984077,1.117837421,-0.04961136348,0.0344459202,-0.02634976619,-0.01389068808,0.7173913043,18,1.597073497,0.0330215937,0.03207204271,0.02969816521,0.7760023918,1.112243142,0.0003691669198,0.00193486412,0.009221547873
Tenure6,Integrated_cohort,all,101,0.0593885864,0.02609668891,1.219561856,-0.02248881615,0.03168443868,-0.01308689067,-0.009623124921,0.8217821782,6,1.625107225,0.03067198391,0.02999701407,0.02830958946,0.4359538362,0.6350420749,0.0002133342004,0.001084785859,0.009503807596
Tenure6,Integrated_cohort,recent,92,0.06345033403,0.02709590739,1.285090543,-0.02248881615,0.03478400333,-0.01308689067,-0.01025167716,0.8043478261,6,1.602625168,0.03368504068,0.03295239892,0.03112079451,0.4786014941,0.6971657561,0.0002342038505,0.001190906215,0.01567784061
Tenure6,All_filters,all,101,0.05331737199,0.02455744443,1.04104211,-0.03368528823,0.02587313362,-0.0199762113,-0.01041055872,0.900990099,9,1.548366126,0.02494661803,0.02432894098,0.02278474834,0.3309817599,1.159295648,0.0004008106378,0.0008241317834,0.005397512217
Tenure6,All_filters,recent,92,0.05676152074,0.02554141969,1.095138213,-0.03368528823,0.02840420104,-0.0199762113,-0.01211244618,0.8913043478,9,1.52694572,0.02739513742,0.02672242834,0.02504065564,0.3633604104,1.272705005,0.0004400203741,0.0009047533709,0.007292002112
Tenure6,Commodity_blend,all,101,0.05899382204,0.03957322524,0.8115713318,-0.08438347972,0.03175073157,-0.04663413911,-0.01958118284,0.6732673267,30,1.620017378,0.02945487191,0.0279242988,0.02409786604,0.9203913407,1.730278109,0.0006099769289,0.002294929594,-0.006172354124
Tenure6,Commodity_blend,recent,92,0.06270911653,0.03834249643,0.9089533879,-0.08438347972,0.0344514391,-0.04663413911,-0.02064808262,0.6956521739,30,1.594081229,0.0322965607,0.03085997509,0.02726851108,0.9188940314,1.687010536,0.0005788713485,0.002292415881,0.0004999508772
Tenure6,Two_modules,all,101,0.05760898393,0.02203528635,1.361530879,-0.01406310282,0.02989892217,-0.008704872439,-0.005333706565,0.8514851485,6,1.602273027,0.02917557409,0.02869334203,0.0274877619,0.403976833,1.091553557,0.0004152313737,0.001005522606,0.007466662896
Tenure6,Two_modules,recent,92,0.06148931068,0.02281712556,1.436883927,-0.01406310282,0.03282381673,-0.008704872439,-0.005762821392,0.8369565217,6,1.580106863,0.03204106138,0.03151922448,0.03021463223,0.4434963058,1.19833597,0.0004558518342,0.001103888948,0.01704836871
Tenure24,Carry,all,101,0.05779677398,0.04114523588,0.7536926591,-0.09092810581,0.0306772053,-0.04651420384,-0.0198940789,0.6732673267,31,1.604669155,0.02819216021,0.02653546348,0.02239372165,1,1.275191768,0.0004042623559,0.002493251945,-0.00861221044
Tenure24,Carry,recent,92,0.06183214131,0.03996052488,0.8520787464,-0.09092810581,0.03368439226,-0.04651420384,-0.02110235462,0.6956521739,31,1.584023602,0.0313402216,0.02977744116,0.02587049006,1,1.242475197,0.0003730485307,0.00249448679,-0.001083274596
Tenure24,EJR_size,all,101,0.05918754161,0.04034155201,0.8022469459,-0.08834540297,0.03196487437,-0.04658703782,-0.01957703589,0.6831683168,30,1.62251332,0.02958353595,0.02799597701,0.02402707965,0.9626938205,1.549728615,0.000532254856,0.002399861882,-0.007515702597
Tenure24,EJR_size,recent,92,0.06327776772,0.03906814533,0.9076637797,-0.08834540297,0.0350168508,-0.04658703782,-0.02072190302,0.7065217391,30,1.600632465,0.03278433049,0.03129598361,0.02757511641,0.9596596109,1.537871788,0.0005118105395,0.002393516229,-0.0001893426624
Tenure24,EJR_gate,all,101,0.05860619282,0.02415439093,1.313182853,-0.02152536494,0.03089323638,-0.01189629931,-0.005451932803,0.9306930693,3,1.615033201,0.03006306517,0.0295096177,0.02812599902,0.3762376238,1.398416869,0.0005020901165,0.0009353190253,0.003153337577
Tenure24,EJR_gate,recent,92,0.06258813991,0.02504982207,1.385111479,-0.02152536494,0.03391540081,-0.01189629931,-0.006193817688,0.9239130435,3,1.59269051,0.03301607779,0.03241652911,0.03091765741,0.4130434783,1.53521852,0.0005512076279,0.001026817626,0.01086264024
Tenure24,Size_structure,all,101,0.06129952526,0.02875937229,1.174014889,-0.03368528823,0.03356784125,-0.01997621131,-0.0125458366,0.8217821782,6,1.649945429,0.03234155778,0.03152403547,0.02948022968,0.5356764383,0.9167378061,0.0003179101026,0.001333869548,0.006052625857
Tenure24,Size_structure,recent,92,0.06555644163,0.02988841804,1.236534543,-0.03368528823,0.03685165181,-0.01997621131,-0.01375893118,0.8043478261,6,1.627119755,0.03551938051,0.03463119965,0.03241074749,0.5880795681,1.006418678,0.000349010004,0.001464356786,0.01750621226
Tenure24,Gate_price,all,101,0.05376795575,0.02083878097,1.253911506,-0.007188978079,0.02621838888,-0.007188978079,-0.0008100707442,0.9504950495,3,1.553949787,0.02556259179,0.02512539373,0.02403239858,0.2722772277,1.303587202,0.0005241668422,0.0006771756638,0.008881335183
Tenure24,Gate_price,recent,92,0.05725781118,0.02160192093,1.321753983,-0.007188978079,0.02878323127,-0.007188978079,-0.003186932971,0.9456521739,3,1.532452136,0.02807190459,0.02759768681,0.02641214234,0.2989130435,1.431112037,0.0005754440333,0.0007434211092,0.009005862574
Tenure24,Cohort_base,all,101,0.05084650032,0.03593709475,0.6736363052,-0.09878902898,0.02385681291,-0.03710425222,-0.01850055906,0.6930693069,28,1.518060076,0.02197548223,0.02072126178,0.01758571064,0.8861386139,0.5829546568,0.0002270941638,0.00221198773,-0.02265739344
Tenure24,Cohort_base,recent,92,0.05414910118,0.03726774911,0.7147786023,-0.09878902898,0.02628379168,-0.03710425222,-0.02014924854,0.6956521739,28,1.498243244,0.02425552897,0.02290335383,0.01952291598,0.9524456522,0.5897714383,0.0002281359536,0.00237758193,-0.01158500144
Tenure24,Cohort_risk,all,101,0.0579067029,0.02476084031,1.22910269,-0.01752958657,0.03024477843,-0.01489280389,-0.007912378134,0.7722772277,8,1.606073271,0.02933650683,0.02873099243,0.02721720643,0.5061881188,0.6529280646,0.0002225821752,0.001261804389,0.002751699945
Tenure24,Cohort_risk,recent,92,0.06202596338,0.02565843384,1.304944977,-0.01752958657,0.03339985718,-0.01489280389,-0.008836933085,0.7608695652,8,1.586241695,0.03241721348,0.03176211767,0.03012437815,0.5484601449,0.6808795749,0.0002321671317,0.001367159868,0.01079518087
Tenure24,Equal_modules,all,101,0.05774470757,0.02234345049,1.350691506,-0.01296667195,0.03003463494,-0.008464043733,-0.005509583196,0.8415841584,6,1.604004492,0.02929294287,0.02879848149,0.02756232804,0.4380472616,0.8662992643,0.0003305876179,0.001090949867,0.005899627572
Tenure24,Equal_modules,recent,92,0.06170827072,0.02313085499,1.428721974,-0.01296667195,0.03303825632,-0.008464043733,-0.005798384225,0.8260869565,6,1.582607444,0.0322361535,0.03170141828,0.03036458023,0.4784842522,0.9390714518,0.0003588641564,0.001191645921,0.0149761976
Tenure24,Core_satellite,all,101,0.05789129108,0.02987050564,1.028575746,-0.04556863439,0.03036873272,-0.02534718404,-0.01203716963,0.6930693069,18,1.605876351,0.02906114137,0.0281894138,0.02601009489,0.7190236308,1.029911324,0.0003546123915,0.001792100906,-0.001138649704
Tenure24,Core_satellite,recent,92,0.06187196037,0.03004444706,1.121609992,-0.04556863439,0.03337554474,-0.02534718404,-0.0130155493,0.7173913043,18,1.584479069,0.03204734238,0.03116187415,0.02894820356,0.7392421261,1.047742263,0.0003517359002,0.001843066356,0.008335899895
Tenure24,Integrated_cohort,all,101,0.04961954171,0.02066359199,1.101107673,-0.01775160713,0.02225556753,-0.01444321388,-0.007406532327,0.8613861386,6,1.503206195,0.02164278126,0.02123425708,0.02021294662,0.3268526122,0.3812287678,0.0001389323827,0.0008136291441,0.00436642869
Tenure24,Integrated_cohort,recent,92,0.05268937227,0.02146991105,1.158944588,-0.01775160713,0.02443274262,-0.01444321388,-0.008389162448,0.847826087,6,1.482410541,0.02376607347,0.02332162738,0.02221051214,0.3588273243,0.4185228864,0.000152523594,0.0008932232995,0.007436723119
Tenure24,All_filters,all,101,0.05331737199,0.02455744443,1.04104211,-0.03368528823,0.02587313362,-0.0199762113,-0.01041055872,0.900990099,9,1.548366126,0.02494661803,0.02432894098,0.02278474834,0.3309817599,1.159295648,0.0004008106378,0.0008241317834,0.005397512217
Tenure24,All_filters,recent,92,0.05676152074,0.02554141969,1.095138213,-0.03368528823,0.02840420104,-0.0199762113,-0.01211244618,0.8913043478,9,1.52694572,0.02739513742,0.02672242834,0.02504065564,0.3633604104,1.272705005,0.0004400203741,0.0009047533709,0.007292002112
Tenure24,Commodity_blend,all,101,0.05899382204,0.03957322524,0.8115713318,-0.08438347972,0.03175073157,-0.04663413911,-0.01958118284,0.6732673267,30,1.620017378,0.02945487191,0.0279242988,0.02409786604,0.9203913407,1.730278109,0.0006099769289,0.002294929594,-0.006172354124
Tenure24,Commodity_blend,recent,92,0.06270911653,0.03834249643,0.9089533879,-0.08438347972,0.0344514391,-0.04663413911,-0.02064808262,0.6956521739,30,1.594081229,0.0322965607,0.03085997509,0.02726851108,0.9188940314,1.687010536,0.0005788713485,0.002292415881,0.0004999508772
Tenure24,Two_modules,all,101,0.05760898393,0.02203528635,1.361530879,-0.01406310282,0.02989892217,-0.008704872439,-0.005333706565,0.8514851485,6,1.602273027,0.02917557409,0.02869334203,0.0274877619,0.403976833,1.091553557,0.0004152313737,0.001005522606,0.007466662896
Tenure24,Two_modules,recent,92,0.06148931068,0.02281712556,1.436883927,-0.01406310282,0.03282381673,-0.008704872439,-0.005762821392,0.8369565217,6,1.580106863,0.03204106138,0.03151922448,0.03021463223,0.4434963058,1.19833597,0.0004558518342,0.001103888948,0.01704836871
NoBRL,Carry,all,101,0.04708710631,0.02781161313,0.7263135873,-0.02829884334,0.02000269008,-0.02246453656,-0.0137827397,0.702970297,12,1.472952242,0.0188650111,0.01810655845,0.01621042681,1,0.9486876726,0.0002221206181,0.002493251945,0.00793288479
NoBRL,Carry,recent,92,0.04976696743,0.02814446001,0.7818949474,-0.02829884334,0.02180577025,-0.02246453656,-0.01487305301,0.7282608696,12,1.451149831,0.02063912905,0.01986136825,0.01791696625,1,0.8908982153,0.0002096815422,0.00249448679,0.00793288479
NoBRL,EJR_size,all,101,0.03512041205,0.01728913351,0.4883853684,-0.02622495789,0.008235650213,-0.02246453547,-0.009383502156,0.8613861386,12,1.337128602,0.007809108257,0.007524746953,0.006813843693,0.3671343899,0.973093881,0.0002080521845,0.0009145081703,-3.682061112e-05
NoBRL,EJR_size,recent,92,0.03660338333,0.01658178149,0.5517664716,-0.02622495789,0.008887606924,-0.02246453547,-0.009439488905,0.902173913,12,1.317336632,0.008498427095,0.008238973876,0.007590340828,0.3052236237,0.9176919877,0.0001942368488,0.0007613006903,-3.682061112e-05
NoBRL,EJR_gate,all,101,0.02678870048,0.005431628045,,0,0,0.0001041070355,0.0001041070355,1,0,1.249201306,0,0,0,0,0,0,0,0
NoBRL,EJR_gate,recent,92,0.02757869496,0.005641261931,,0,0,0.0001041070355,0.0001041070355,1,0,1.231919606,0,0,0,0,0,0,0,0
NoBRL,Size_structure,all,101,0.03101405983,0.01055066816,0.4319213741,-0.01246458765,0.004156842923,-0.009717101279,-0.00407323096,0.9306930693,5,1.293134247,0.004017908746,0.003925285961,0.003693728998,0.09058067822,0.5728101191,0.0001145620238,0.0002256581868,-3.682061112e-05
NoBRL,Size_structure,recent,92,0.0322219069,0.01099906486,0.4526814969,-0.01246458765,0.0045634906,-0.009717101279,-0.004829441621,0.9239130435,5,1.27524477,0.004411050196,0.004309423259,0.004055355918,0.09944183152,0.6288458916,0.0001257691783,0.0002477334442,-3.682061112e-05
NoBRL,Gate_price,all,101,0.02678870048,0.005431628045,,0,0,0.0001041070355,0.0001041070355,1,0,1.249201306,0,0,0,0,0,0,0,0
NoBRL,Gate_price,recent,92,0.02757869496,0.005641261931,,0,0,0.0001041070355,0.0001041070355,1,0,1.231919606,0,0,0,0,0,0,0,0
NoBRL,Cohort_base,all,101,0.04384578848,0.02608242473,0.6576571808,-0.03427029557,0.01684462482,-0.01643182429,-0.01352030163,0.702970297,13,1.43501318,0.01586058016,0.01520455038,0.01356447594,0.9455445545,0.5705168138,0.0001269558945,0.002359342062,0.007302179809
NoBRL,Cohort_base,recent,92,0.04727672677,0.02691369926,0.7319976155,-0.03427029557,0.0193877875,-0.01643182429,-0.01381130726,0.6956521739,13,1.424965891,0.0183355145,0.01763399916,0.01588021083,0.9972826087,0.5254142876,0.0001166731692,0.002488555456,0.007302179809
NoBRL,Cohort_risk,all,101,0.0424741079,0.01425966665,1.089833358,-0.007045433377,0.0152893575,-0.007045433377,-0.004717357912,0.8316831683,3,1.419218997,0.01499413495,0.01479731991,0.01430528232,0.3943894389,0.9780404902,0.0002060804229,0.000983150575,0.004909773568
NoBRL,Cohort_risk,recent,92,0.04565274752,0.01441218869,1.230218667,-0.007045433377,0.01757491248,-0.007045433377,-0.004799981537,0.8369565217,3,1.40811255,0.01726877749,0.01706468749,0.0165544625,0.3994565217,0.9735183455,0.0002037335476,0.000995790196,0.004909773568
NoBRL,Equal_modules,all,101,0.0334364785,0.007774021627,0.9983033054,-0.005302311364,0.006484716561,-0.005302311364,-0.001828609624,0.8811881188,4,1.318930394,0.006421424646,0.006379230036,0.00627374351,0.1616567057,0.5037454366,0.0001042310633,0.0004029362539,0.002924741505
NoBRL,Equal_modules,recent,92,0.03515718752,0.007941451255,1.102952702,-0.005302311364,0.007382380502,-0.005302311364,-0.002101672233,0.8804347826,4,1.303311763,0.007315180338,0.007270380229,0.007158379956,0.1662994511,0.5196079034,0.0001069214337,0.0004145078801,0.002924741505
NoBRL,Core_satellite,all,101,0.04032177133,0.01673827453,0.816429553,-0.01385031863,0.01325375105,-0.01262247053,-0.007380406083,0.7524752475,11,1.394744641,0.01285844684,0.01259491069,0.01193607034,0.5808283529,0.6787332932,0.0001531281111,0.001448094099,0.005636492886
NoBRL,Core_satellite,recent,92,0.04252026892,0.01696948732,0.8860379754,-0.01385031863,0.01460373475,-0.01262247053,-0.007997142916,0.7717391304,11,1.37609333,0.01419624709,0.01392458865,0.01324544256,0.5831497255,0.658407805,0.0001486421156,0.001454497335,0.005636492886
NoBRL,Integrated_cohort,all,101,0.03002485083,0.006423295532,0.6260185638,-0.005632672451,0.003159933524,-0.005632672451,-0.001036959633,0.9405940594,3,1.28272876,0.003121715104,0.003096236158,0.003032538791,0.04258896821,0.1371356432,2.742712865e-05,0.0001059292586,-3.787182158e-05
NoBRL,Integrated_cohort,recent,92,0.03113470625,0.006648391178,0.6566640994,-0.005632672451,0.003469057456,-0.005632672451,-0.001243599693,0.9347826087,3,1.264983234,0.003427194711,0.003399286215,0.003329514974,0.04675528032,0.1505510866,3.011021732e-05,0.0001162919035,-3.787182158e-05
NoBRL,All_filters,all,101,0.0276202575,0.00729552244,0.1383738998,-0.01217596754,0.0008231180504,-0.009038804613,-0.002339280632,0.9603960396,10,1.2577419,0.000770040955,0.0007346562247,0.000646194399,0.04249038604,0.4296064606,8.592129212e-05,0.0001063167577,-0.00193804286
NoBRL,All_filters,recent,92,0.02849233851,0.00760055074,0.1449247834,-0.01217596754,0.0009036404684,-0.009038804613,-0.002816529238,0.9565217391,10,1.240342048,0.0008453231853,0.0008064449965,0.0007092495247,0.04664705424,0.4716331796,9.432663592e-05,0.0001167173101,-0.00193804286
NoBRL,Commodity_blend,all,101,0.03754506385,0.01907640538,0.5717891541,-0.02611852993,0.01061398657,-0.02246640352,-0.009383813497,0.8712871287,12,1.363720342,0.01009712231,0.009752546139,0.008891105712,0.4459037,1.535482725,0.0003163496091,0.001111786008,-0.001533979039
NoBRL,Commodity_blend,recent,92,0.03926934803,0.01859303761,0.637548068,-0.02611852993,0.01149860662,-0.02246640352,-0.009417706995,0.9130434783,12,1.343534765,0.01101067852,0.01068539313,0.00987217964,0.3916986272,1.535097131,0.0003131285866,0.0009778774467,-0.001533979039
NoBRL,Two_modules,all,101,0.02891109865,0.00687413414,0.4319242844,-0.005414638062,0.002078396886,-0.00480649864,-0.001696767795,0.9504950495,4,1.271101565,0.002043664631,0.002020509794,0.001962622703,0.04529033911,0.2865279379,5.730558758e-05,0.0001128290934,-1.847087512e-05
NoBRL,Two_modules,recent,92,0.02991074733,0.007141058081,0.4526845517,-0.005414638062,0.00228171832,-0.00480649864,-0.002045574952,0.9456521739,4,1.253516893,0.002243609635,0.002218203844,0.002154689368,0.04972091576,0.3145578449,6.291156898e-05,0.0001238667221,-1.847087512e-05
NoEUR,Carry,all,101,0.05458073789,0.04251124875,0.6587962678,-0.1027252348,0.02767425762,-0.03774853353,-0.0202306965,0.6336633663,31,1.564066717,0.02502733675,0.02326272284,0.01885118806,1,0.8299843051,0.0002971830193,0.002494252815,-0.02211519548
NoEUR,Carry,recent,92,0.05981986261,0.04116391363,0.7823508296,-0.1027252348,0.03182479664,-0.03774853353,-0.02076631319,0.652173913,31,1.56115402,0.0293426957,0.02768796174,0.02355112685,1,0.7531816009,0.0002556263745,0.00249502088,-0.008028321188
NoEUR,EJR_size,all,101,0.05748883099,0.0407164399,0.7569477849,-0.1003715061,0.03036563777,-0.03284552202,-0.01874243667,0.6534653465,31,1.600741577,0.02795171024,0.02634242522,0.02231921266,0.9477232616,1.513960568,0.0005882827476,0.00236334064,-0.01939625336
NoEUR,EJR_size,recent,92,0.06217532509,0.03947073903,0.8743044253,-0.1003715061,0.03398728993,-0.03284552202,-0.01953086801,0.6739130435,31,1.587952828,0.03172056418,0.03020941368,0.02643153743,0.9504235294,1.391343639,0.0005301273158,0.002370810194,-0.00709480273
NoEUR,EJR_gate,all,101,0.03482439147,0.01092744189,0.9093483669,-0.001991627827,0.007859431265,-0.001991627827,2.027764096e-05,0.9900990099,1,1.333913581,0.007747380992,0.00767268081,0.007485930356,0.1089108911,0.2638541624,0.0001122007387,0.0002714832636,0
NoEUR,EJR_gate,recent,92,0.03641064512,0.01135521432,0.9555821976,-0.001991627827,0.008628288671,-0.001991627827,2.027764096e-05,0.9891304348,1,1.315459955,0.008505994856,0.008424465647,0.008220642622,0.1195652174,0.2896659826,0.0001231768979,0.0002980414089,0
NoEUR,Size_structure,all,101,0.05945060907,0.02986564071,1.081746252,-0.02905918853,0.03184781821,-0.01938891159,-0.01208469767,0.8118811881,13,1.625908186,0.03054764913,0.02968086975,0.02751392129,0.5259776127,0.9782450599,0.0003517119646,0.001310535727,-0.004294494045
NoEUR,Size_structure,recent,92,0.06351868539,0.03107813421,1.138366142,-0.02905918853,0.03496336564,-0.01938891159,-0.01296680977,0.7934782609,13,1.603415049,0.0335483743,0.03260504674,0.03024672783,0.5774319444,1.073942946,0.0003861185698,0.001438740309,0.006933553871
NoEUR,Gate_price,all,101,0.03405515844,0.01084377789,0.8216343706,-0.001991627827,0.007112809289,-0.001991627827,2.027764096e-05,0.9900990099,1,1.325590921,0.007000396327,0.006925454353,0.006738099416,0.103960396,0.378216502,0.0001811822971,0.0002588924778,0
NoEUR,Gate_price,recent,92,0.03556489731,0.01127594953,0.8628656995,-0.001991627827,0.007808627589,-0.001991627827,2.027764096e-05,0.9891304348,1,1.307252432,0.007685783498,0.007603887438,0.007399147287,0.1141304348,0.4152159425,0.0001989066523,0.0002842189159,0
NoEUR,Cohort_base,all,101,0.05412395324,0.04012446154,0.6835642389,-0.1027252348,0.02714174435,-0.03774853353,-0.01923617153,0.6336633663,31,1.55837387,0.02477686983,0.02320028682,0.01925882929,0.9455445545,0.5732976981,0.0002344364094,0.002359360699,-0.02132186696
NoEUR,Cohort_base,recent,92,0.0587271623,0.0408595966,0.7602977034,-0.1027252348,0.03077598623,-0.03774853353,-0.02052257405,0.6413043478,31,1.548856172,0.02831817876,0.02667964045,0.02258329467,0.9972826087,0.5289291201,0.0002149588643,0.002488259981,-0.008175097586
NoEUR,Cohort_risk,all,101,0.06369596669,0.02904555689,1.242410818,-0.02142999485,0.03584347061,-0.01366774013,-0.009823636949,0.7227722772,12,1.681566565,0.03459499253,0.03376267382,0.03168187703,0.6328382838,0.8953656207,0.0003442107992,0.001577258479,0.002075171147
NoEUR,Cohort_risk,recent,92,0.06917219727,0.02988142088,1.351789269,-0.02142999485,0.04025806664,-0.01366774013,-0.0104080482,0.7065217391,12,1.669931675,0.03892767625,0.03804074932,0.03582343201,0.6802536232,0.9112100937,0.0003535295542,0.001695186168,0.01540848293
NoEUR,Equal_modules,all,101,0.05246339204,0.0200542701,1.287690552,-0.0149612389,0.02496061142,-0.01016313283,-0.006204930974,0.7821782178,13,1.537832041,0.02439700143,0.02402126144,0.02308191147,0.4209254309,0.6604386273,0.0002664563009,0.001048895561,-0.0007337988785
NoEUR,Equal_modules,recent,92,0.05614063037,0.02072154422,1.377107827,-0.0149612389,0.02770513683,-0.01016313283,-0.006592029703,0.7717391304,13,1.520081082,0.02709801484,0.02669326685,0.02568139686,0.4572720008,0.7011240195,0.0002844013821,0.001139381798,0.007453820864
NoEUR,Core_satellite,all,101,0.05365158298,0.02977825318,0.9020392657,-0.05567023874,0.0263330112,-0.01946077153,-0.01178676316,0.6534653465,24,1.552505992,0.0250546858,0.02420246886,0.02207192651,0.7104627154,0.7012274528,0.0002662429767,0.001771574188,-0.01083588026
NoEUR,Core_satellite,recent,92,0.05808887961,0.0297711853,1.019044196,-0.05567023874,0.02978199965,-0.01946077153,-0.01246370511,0.6739130435,24,1.541711636,0.02850081146,0.02764668599,0.02551137234,0.7286360004,0.6820199885,0.0002529809609,0.001817201339,0.0006095703572
NoEUR,Integrated_cohort,all,101,0.057047319,0.02520424454,1.183390008,-0.02046313969,0.02943973731,-0.01309378912,-0.008915866249,0.8118811881,10,1.595125206,0.0285114053,0.0278925173,0.02634529729,0.3852787126,0.4721180174,0.0001827748295,0.0009582653163,0.001043541356
NoEUR,Integrated_cohort,recent,92,0.06087045402,0.02618088857,1.246523637,-0.02046313969,0.03231971161,-0.01309378912,-0.009791590463,0.7934782609,10,1.573057926,0.0313113294,0.03063907459,0.02895843757,0.4229690215,0.5183034756,0.0002006549759,0.001052008663,0.005769540825
NoEUR,All_filters,all,101,0.05374310823,0.02323346341,1.122918624,-0.02905918852,0.02624824974,-0.01938891158,-0.008853364484,0.8811881188,11,1.553641414,0.02542866212,0.02488227038,0.02351629102,0.3106150868,1.189681871,0.0004578123861,0.0007736252102,0.001650912165
NoEUR,All_filters,recent,92,0.05723044262,0.02413713952,1.182139662,-0.02905918852,0.0288160133,-0.01938891158,-0.009745695102,0.8695652174,11,1.532148029,0.0279247183,0.02733052162,0.02584502995,0.3410013453,1.306063793,0.0005025983804,0.0008493059373,0.01057744368
NoEUR,Commodity_blend,all,101,0.05752193091,0.03845280416,0.7975814729,-0.08555566559,0.03030747355,-0.0242344417,-0.01693380618,0.6633663366,30,1.601163334,0.02814156251,0.02669762182,0.02308777009,0.8796813606,1.726986484,0.0007068723836,0.002194461038,-0.01318566075
NoEUR,Commodity_blend,recent,92,0.06204263161,0.0370226002,0.9228317014,-0.08555566559,0.03376813052,-0.0242344417,-0.01724828257,0.6847826087,30,1.586432572,0.03175968395,0.03042071956,0.0270733086,0.8790982854,1.617569776,0.0006570602722,0.002193742441,-0.001324506554
NoEUR,Two_modules,all,101,0.04679923473,0.01681966055,1.234793544,-0.01306201504,0.0194838627,-0.008411283702,-0.005134693857,0.8118811881,13,1.46954736,0.01911039531,0.01886141706,0.01823897142,0.3149690044,0.6683410291,0.0002628981829,0.0007847141022,-0.002146834707
NoEUR,Two_modules,recent,92,0.04958451865,0.01743750557,1.301343431,-0.01306201504,0.02138989274,-0.008411283702,-0.005493296066,0.7934782609,13,1.449217349,0.02098464125,0.02071447359,0.02003905443,0.3457811896,0.7337222167,0.0002886164834,0.0008614796122,0.003466650933
Commodity25,Carry,all,101,0.05779677398,0.04114523588,0.7536926591,-0.09092810581,0.0306772053,-0.04651420384,-0.0198940789,0.6732673267,31,1.604669155,0.02819216021,0.02653546348,0.02239372165,1,1.275191768,0.0004042623559,0.002493251945,-0.00861221044
Commodity25,Carry,recent,92,0.06183214131,0.03996052488,0.8520787464,-0.09092810581,0.03368439226,-0.04651420384,-0.02110235462,0.6956521739,31,1.584023602,0.0313402216,0.02977744116,0.02587049006,1,1.242475197,0.0003730485307,0.00249448679,-0.001083274596
Commodity25,EJR_size,all,101,0.05918754161,0.04034155201,0.8022469459,-0.08834540297,0.03196487437,-0.04658703782,-0.01957703589,0.6831683168,30,1.62251332,0.02958353595,0.02799597701,0.02402707965,0.9626938205,1.549728615,0.000532254856,0.002399861882,-0.007515702597
Commodity25,EJR_size,recent,92,0.06327776772,0.03906814533,0.9076637797,-0.08834540297,0.0350168508,-0.04658703782,-0.02072190302,0.7065217391,30,1.600632465,0.03278433049,0.03129598361,0.02757511641,0.9596596109,1.537871788,0.0005118105395,0.002393516229,-0.0001893426624
Commodity25,EJR_gate,all,101,0.05860619282,0.02415439093,1.313182853,-0.02152536494,0.03089323638,-0.01189629931,-0.005451932803,0.9306930693,3,1.615033201,0.03006306517,0.0295096177,0.02812599902,0.3762376238,1.398416869,0.0005020901165,0.0009353190253,0.003153337577
Commodity25,EJR_gate,recent,92,0.06258813991,0.02504982207,1.385111479,-0.02152536494,0.03391540081,-0.01189629931,-0.006193817688,0.9239130435,3,1.59269051,0.03301607779,0.03241652911,0.03091765741,0.4130434783,1.53521852,0.0005512076279,0.001026817626,0.01086264024
Commodity25,Size_structure,all,101,0.06129952526,0.02875937229,1.174014889,-0.03368528823,0.03356784125,-0.01997621131,-0.0125458366,0.8217821782,6,1.649945429,0.03234155778,0.03152403547,0.02948022968,0.5356764383,0.9167378061,0.0003179101026,0.001333869548,0.006052625857
Commodity25,Size_structure,recent,92,0.06555644163,0.02988841804,1.236534543,-0.03368528823,0.03685165181,-0.01997621131,-0.01375893118,0.8043478261,6,1.627119755,0.03551938051,0.03463119965,0.03241074749,0.5880795681,1.006418678,0.000349010004,0.001464356786,0.01750621226
Commodity25,Gate_price,all,101,0.05376795575,0.02083878097,1.253911506,-0.007188978079,0.02621838888,-0.007188978079,-0.0008100707442,0.9504950495,3,1.553949787,0.02556259179,0.02512539373,0.02403239858,0.2722772277,1.303587202,0.0005241668422,0.0006771756638,0.008881335183
Commodity25,Gate_price,recent,92,0.05725781118,0.02160192093,1.321753983,-0.007188978079,0.02878323127,-0.007188978079,-0.003186932971,0.9456521739,3,1.532452136,0.02807190459,0.02759768681,0.02641214234,0.2989130435,1.431112037,0.0005754440333,0.0007434211092,0.009005862574
Commodity25,Cohort_base,all,101,0.05487517269,0.03801958114,0.7395713366,-0.09920645941,0.02777529802,-0.03750296609,-0.01839033698,0.6732673267,31,1.567745926,0.02565962488,0.02424917613,0.02072305423,0.9455445545,0.6644450998,0.0002523713142,0.002359342062,-0.01457831584
Commodity25,Cohort_base,recent,92,0.05871716414,0.03864429115,0.8029335558,-0.09920645941,0.03067889306,-0.03750296609,-0.01957810312,0.6847826087,31,1.548744037,0.02848905796,0.02702916789,0.02337944271,0.9972826087,0.6287642564,0.0002345858348,0.002488555456,-0.00549838548
Commodity25,Cohort_risk,all,101,0.06297592505,0.02742518133,1.288776917,-0.01716708479,0.03511696362,-0.01478064839,-0.009684113154,0.7722772277,9,1.672009945,0.03400325988,0.03326079073,0.03140461783,0.6328382838,0.9346855225,0.0003006246002,0.001577620977,0.005275024917
Commodity25,Cohort_risk,recent,92,0.06782478272,0.02834025235,1.378229883,-0.01716708479,0.03894501577,-0.01478064839,-0.01030074208,0.7717391304,9,1.653864668,0.0377473057,0.03694883231,0.03495264886,0.6802536232,0.9542831201,0.0003056586027,0.001695789651,0.0176842386
Commodity25,Equal_modules,all,101,0.0594342267,0.02327794989,1.366978561,-0.01427455725,0.03165921972,-0.009036767515,-0.006024318001,0.8415841584,8,1.625696591,0.03085464151,0.03031825604,0.02897729236,0.4802639833,0.9569205212,0.0003560787125,0.001196222063,0.006741420284
Commodity25,Equal_modules,recent,92,0.06363980986,0.02408279633,1.449630476,-0.01427455725,0.03488721802,-0.009036767515,-0.006342423419,0.8260869565,8,1.604815617,0.03401843901,0.03343925301,0.03199128801,0.5224154116,1.026583867,0.0003827858158,0.001301189182,0.01726664168
Commodity25,Core_satellite,all,101,0.05873201233,0.03044062304,1.036151137,-0.0471284929,0.03118383797,-0.02568137809,-0.01236128274,0.6930693069,18,1.616649518,0.02982519867,0.02891943913,0.0266550403,0.7401319916,1.065471963,0.0003645450746,0.001844737004,-0.0007117701256
Commodity25,Core_satellite,recent,92,0.06283394765,0.03062656182,1.1306051,-0.0471284929,0.03430303868,-0.02568137809,-0.01331451627,0.7173913043,18,1.595517365,0.03292222664,0.03200168529,0.02970033189,0.7612077058,1.081134718,0.0003606836329,0.001897837986,0.009360551473
Commodity25,Integrated_cohort,all,101,0.05748016962,0.02467513045,1.214312498,-0.01647932121,0.02983731076,-0.01389248657,-0.008052522842,0.8415841584,5,1.60063123,0.02893168308,0.0283279313,0.02681855185,0.3922525586,0.4995245444,0.0001756447399,0.0009755656535,0.008431135359
Commodity25,Integrated_cohort,recent,92,0.06134737697,0.02561575401,1.279490998,-0.01647932121,0.03275617811,-0.01389248657,-0.008878707014,0.8260869565,5,1.578487779,0.03177306557,0.03111765721,0.0294791363,0.4306250916,0.5483910759,0.0001928273775,0.001071001424,0.01325168437
Commodity25,All_filters,all,101,0.05331737199,0.02455744443,1.04104211,-0.03368528823,0.02587313362,-0.0199762113,-0.01041055872,0.900990099,9,1.548366126,0.02494661803,0.02432894098,0.02278474834,0.3309817599,1.159295648,0.0004008106378,0.0008241317834,0.005397512217
Commodity25,All_filters,recent,92,0.05676152074,0.02554141969,1.095138213,-0.03368528823,0.02840420104,-0.0199762113,-0.01211244618,0.8913043478,9,1.52694572,0.02739513742,0.02672242834,0.02504065564,0.3633604104,1.272705005,0.0004400203741,0.0009047533709,0.007292002112
Commodity25,Commodity_blend,all,101,0.05917633579,0.039690628,0.814017109,-0.08506939334,0.03192849272,-0.04662166439,-0.01958012315,0.6831683168,30,1.622368849,0.02962078381,0.0280823112,0.02423612969,0.9277616753,1.716468215,0.0006043033691,0.002313262588,-0.006385427417
Commodity25,Commodity_blend,recent,92,0.06292970756,0.03844881506,0.9124587316,-0.08506939334,0.03466407871,-0.04662166439,-0.02064855088,0.7065217391,30,1.596619809,0.0324992471,0.03105602603,0.02744797335,0.92552202,1.680101535,0.0005753466649,0.002308901542,0.0004332926257
Commodity25,Two_modules,all,101,0.05760898393,0.02203528635,1.361530879,-0.01406310282,0.02989892217,-0.008704872439,-0.005333706565,0.8514851485,6,1.602273027,0.02917557409,0.02869334203,0.0274877619,0.403976833,1.091553557,0.0004152313737,0.001005522606,0.007466662896
Commodity25,Two_modules,recent,92,0.06148931068,0.02281712556,1.436883927,-0.01406310282,0.03282381673,-0.008704872439,-0.005762821392,0.8369565217,6,1.580106863,0.03204106138,0.03151922448,0.03021463223,0.4434963058,1.19833597,0.0004558518342,0.001103888948,0.01704836871
Commodity75,Carry,all,101,0.05779677398,0.04114523588,0.7536926591,-0.09092810581,0.0306772053,-0.04651420384,-0.0198940789,0.6732673267,31,1.604669155,0.02819216021,0.02653546348,0.02239372165,1,1.275191768,0.0004042623559,0.002493251945,-0.00861221044
Commodity75,Carry,recent,92,0.06183214131,0.03996052488,0.8520787464,-0.09092810581,0.03368439226,-0.04651420384,-0.02110235462,0.6956521739,31,1.584023602,0.0313402216,0.02977744116,0.02587049006,1,1.242475197,0.0003730485307,0.00249448679,-0.001083274596
Commodity75,EJR_size,all,101,0.05918754161,0.04034155201,0.8022469459,-0.08834540297,0.03196487437,-0.04658703782,-0.01957703589,0.6831683168,30,1.62251332,0.02958353595,0.02799597701,0.02402707965,0.9626938205,1.549728615,0.000532254856,0.002399861882,-0.007515702597
Commodity75,EJR_size,recent,92,0.06327776772,0.03906814533,0.9076637797,-0.08834540297,0.0350168508,-0.04658703782,-0.02072190302,0.7065217391,30,1.600632465,0.03278433049,0.03129598361,0.02757511641,0.9596596109,1.537871788,0.0005118105395,0.002393516229,-0.0001893426624
Commodity75,EJR_gate,all,101,0.05860619282,0.02415439093,1.313182853,-0.02152536494,0.03089323638,-0.01189629931,-0.005451932803,0.9306930693,3,1.615033201,0.03006306517,0.0295096177,0.02812599902,0.3762376238,1.398416869,0.0005020901165,0.0009353190253,0.003153337577
Commodity75,EJR_gate,recent,92,0.06258813991,0.02504982207,1.385111479,-0.02152536494,0.03391540081,-0.01189629931,-0.006193817688,0.9239130435,3,1.59269051,0.03301607779,0.03241652911,0.03091765741,0.4130434783,1.53521852,0.0005512076279,0.001026817626,0.01086264024
Commodity75,Size_structure,all,101,0.06129952526,0.02875937229,1.174014889,-0.03368528823,0.03356784125,-0.01997621131,-0.0125458366,0.8217821782,6,1.649945429,0.03234155778,0.03152403547,0.02948022968,0.5356764383,0.9167378061,0.0003179101026,0.001333869548,0.006052625857
Commodity75,Size_structure,recent,92,0.06555644163,0.02988841804,1.236534543,-0.03368528823,0.03685165181,-0.01997621131,-0.01375893118,0.8043478261,6,1.627119755,0.03551938051,0.03463119965,0.03241074749,0.5880795681,1.006418678,0.000349010004,0.001464356786,0.01750621226
Commodity75,Gate_price,all,101,0.05376795575,0.02083878097,1.253911506,-0.007188978079,0.02621838888,-0.007188978079,-0.0008100707442,0.9504950495,3,1.553949787,0.02556259179,0.02512539373,0.02403239858,0.2722772277,1.303587202,0.0005241668422,0.0006771756638,0.008881335183
Commodity75,Gate_price,recent,92,0.05725781118,0.02160192093,1.321753983,-0.007188978079,0.02878323127,-0.007188978079,-0.003186932971,0.9456521739,3,1.532452136,0.02807190459,0.02759768681,0.02641214234,0.2989130435,1.431112037,0.0005754440333,0.0007434211092,0.009005862574
Commodity75,Cohort_base,all,101,0.05487517269,0.03801958114,0.7395713366,-0.09920645941,0.02777529802,-0.03750296609,-0.01839033698,0.6732673267,31,1.567745926,0.02565962488,0.02424917613,0.02072305423,0.9455445545,0.6644450998,0.0002523713142,0.002359342062,-0.01457831584
Commodity75,Cohort_base,recent,92,0.05871716414,0.03864429115,0.8029335558,-0.09920645941,0.03067889306,-0.03750296609,-0.01957810312,0.6847826087,31,1.548744037,0.02848905796,0.02702916789,0.02337944271,0.9972826087,0.6287642564,0.0002345858348,0.002488555456,-0.00549838548
Commodity75,Cohort_risk,all,101,0.06297592505,0.02742518133,1.288776917,-0.01716708479,0.03511696362,-0.01478064839,-0.009684113154,0.7722772277,9,1.672009945,0.03400325988,0.03326079073,0.03140461783,0.6328382838,0.9346855225,0.0003006246002,0.001577620977,0.005275024917
Commodity75,Cohort_risk,recent,92,0.06782478272,0.02834025235,1.378229883,-0.01716708479,0.03894501577,-0.01478064839,-0.01030074208,0.7717391304,9,1.653864668,0.0377473057,0.03694883231,0.03495264886,0.6802536232,0.9542831201,0.0003056586027,0.001695789651,0.0176842386
Commodity75,Equal_modules,all,101,0.0594342267,0.02327794989,1.366978561,-0.01427455725,0.03165921972,-0.009036767515,-0.006024318001,0.8415841584,8,1.625696591,0.03085464151,0.03031825604,0.02897729236,0.4802639833,0.9569205212,0.0003560787125,0.001196222063,0.006741420284
Commodity75,Equal_modules,recent,92,0.06363980986,0.02408279633,1.449630476,-0.01427455725,0.03488721802,-0.009036767515,-0.006342423419,0.8260869565,8,1.604815617,0.03401843901,0.03343925301,0.03199128801,0.5224154116,1.026583867,0.0003827858158,0.001301189182,0.01726664168
Commodity75,Core_satellite,all,101,0.05873201233,0.03044062304,1.036151137,-0.0471284929,0.03118383797,-0.02568137809,-0.01236128274,0.6930693069,18,1.616649518,0.02982519867,0.02891943913,0.0266550403,0.7401319916,1.065471963,0.0003645450746,0.001844737004,-0.0007117701256
Commodity75,Core_satellite,recent,92,0.06283394765,0.03062656182,1.1306051,-0.0471284929,0.03430303868,-0.02568137809,-0.01331451627,0.7173913043,18,1.595517365,0.03292222664,0.03200168529,0.02970033189,0.7612077058,1.081134718,0.0003606836329,0.001897837986,0.009360551473
Commodity75,Integrated_cohort,all,101,0.05748016962,0.02467513045,1.214312498,-0.01647932121,0.02983731076,-0.01389248657,-0.008052522842,0.8415841584,5,1.60063123,0.02893168308,0.0283279313,0.02681855185,0.3922525586,0.4995245444,0.0001756447399,0.0009755656535,0.008431135359
Commodity75,Integrated_cohort,recent,92,0.06134737697,0.02561575401,1.279490998,-0.01647932121,0.03275617811,-0.01389248657,-0.008878707014,0.8260869565,5,1.578487779,0.03177306557,0.03111765721,0.0294791363,0.4306250916,0.5483910759,0.0001928273775,0.001071001424,0.01325168437
Commodity75,All_filters,all,101,0.05331737199,0.02455744443,1.04104211,-0.03368528823,0.02587313362,-0.0199762113,-0.01041055872,0.900990099,9,1.548366126,0.02494661803,0.02432894098,0.02278474834,0.3309817599,1.159295648,0.0004008106378,0.0008241317834,0.005397512217
Commodity75,All_filters,recent,92,0.05676152074,0.02554141969,1.095138213,-0.03368528823,0.02840420104,-0.0199762113,-0.01211244618,0.8913043478,9,1.52694572,0.02739513742,0.02672242834,0.02504065564,0.3633604104,1.272705005,0.0004400203741,0.0009047533709,0.007292002112
Commodity75,Commodity_blend,all,101,0.05856245155,0.03919218511,0.8084439252,-0.08180263156,0.03132611648,-0.04528146435,-0.0193636335,0.6732673267,30,1.614471621,0.02907392883,0.0275724704,0.02381882433,0.9081574101,1.759969415,0.0006228354902,0.002264387977,-0.006445530231
Commodity75,Commodity_blend,recent,92,0.06226557139,0.03791139834,0.9075836108,-0.08180263156,0.03401517617,-0.04528146435,-0.02037769081,0.6956521739,30,1.588987494,0.03190818159,0.03050351853,0.0269918609,0.9058485856,1.705423479,0.0005869762648,0.002259885317,0.0002621222547
Commodity75,Two_modules,all,101,0.05760898393,0.02203528635,1.361530879,-0.01406310282,0.02989892217,-0.008704872439,-0.005333706565,0.8514851485,6,1.602273027,0.02917557409,0.02869334203,0.0274877619,0.403976833,1.091553557,0.0004152313737,0.001005522606,0.007466662896
Commodity75,Two_modules,recent,92,0.06148931068,0.02281712556,1.436883927,-0.01406310282,0.03282381673,-0.008704872439,-0.005762821392,0.8369565217,6,1.580106863,0.03204106138,0.03151922448,0.03021463223,0.4434963058,1.19833597,0.0004558518342,0.001103888948,0.01704836871
cost2_borrow50_lag1,Carry,all,101,0.05737019234,0.04117038009,0.7432191485,-0.0912148787,0.03027302876,-0.0466486436,-0.01992748954,0.6732673267,31,1.599230693,0.0277843478,0.02612522716,0.02197742556,1,1.275115168,0.0008084388993,0.002493251945,-0.008784196449
cost4_borrow50_lag1,Carry,all,101,0.05651759866,0.04122467962,0.7222528033,-0.09178792637,0.02946493317,-0.04691750627,-0.01999431021,0.6732673267,31,1.588409678,0.02696847837,0.02530417517,0.02114341716,1,1.274961928,0.001616534485,0.002493251945,-0.009137743332
cost1_borrow150_lag1,Carry,all,101,0.05255792318,0.04115463817,0.6310297144,-0.09664327293,0.02569075206,-0.04693080865,-0.02031667321,0.6534653465,31,1.538994993,0.02320449932,0.0215469975,0.01740324293,1,1.275033568,0.0004042117065,0.007479755834,-0.01360757545
cost1_borrow300_lag1,Carry,all,101,0.04474417256,0.04116878288,0.4471452519,-0.1051531774,0.01821102067,-0.04755571574,-0.02095056475,0.6237623762,31,1.445441351,0.01572295072,0.01406423742,0.009917454157,1,1.274942838,0.0004041872591,0.01495951167,-0.02110063025
cost1_borrow50_lag2,Carry,all,101,0.05462620397,0.04065080212,0.6834616639,-0.08167050486,0.02763915753,-0.03668376266,-0.01878652848,0.6732673267,30,1.564634357,0.02518607284,0.02355068305,0.01946220856,0.9900990099,1.267216194,0.0004013791478,0.002469326645,-0.007035409475
vol0.03,Carry,all,101,0.05108815448,0.03047237088,0.8020124289,-0.05182219415,0.02390757271,-0.02722863012,-0.01414337666,0.6831683168,27,1.521000801,0.02257466515,0.02168606011,0.0194645475,0.7446301512,1.257761016,0.0004263435422,0.001856578273,-0.005715016868
vol0.04,Carry,all,101,0.05582644344,0.03737630004,0.7775202285,-0.07216268309,0.02865682334,-0.03675395626,-0.01814652797,0.6732673267,30,1.579685026,0.02661919976,0.02526078403,0.02186474473,0.9249070637,1.362046884,0.0004420087193,0.002306170732,-0.006085445222
vol0.05,Carry,all,101,0.05811092941,0.04083213439,0.7664070716,-0.08721262285,0.03096281228,-0.04622514181,-0.01984590189,0.6732673267,31,1.608684717,0.02851457757,0.02688242109,0.02280202989,0.9877799499,1.320698146,0.0004201201877,0.002462543799,-0.007810925033
cost2_borrow50_lag1,EJR_size,all,101,0.05862464574,0.04038929086,0.7878234024,-0.08916083616,0.03143271577,-0.04679428705,-0.01962681236,0.6732673267,31,1.615270164,0.02904491925,0.0274530549,0.02347339403,0.9626938205,1.549627214,0.001064413455,0.002399861882,-0.00789422971
cost4_borrow50_lag1,EJR_size,all,101,0.0574997628,0.04048974217,0.7590058147,-0.09079001379,0.03036868773,-0.04720869483,-0.01974510914,0.6732673267,31,1.600880858,0.02796735077,0.02636645946,0.0223642312,0.9626938205,1.549424179,0.002128441498,0.002399861882,-0.008687083447
cost1_borrow150_lag1,EJR_size,all,101,0.0541387958,0.0403347153,0.6819440082,-0.09348018164,0.02716492678,-0.04700365339,-0.01999619246,0.6633663366,31,1.558558563,0.02478474075,0.02319795007,0.01923097336,0.9626938205,1.550021195,0.0005324786845,0.007199585647,-0.01227514955
cost1_borrow300_lag1,EJR_size,all,101,0.0466069669,0.04032557808,0.5013657833,-0.101131858,0.01996499116,-0.04762857668,-0.02062896864,0.6336633663,31,1.467277124,0.01758639825,0.01600066964,0.01203634811,0.9626938205,1.550529843,0.0005328286526,0.01439917129,-0.01941432021
cost1_borrow50_lag2,EJR_size,all,101,0.05781238399,0.03855297388,0.7997181199,-0.07212513843,0.030585874,-0.02638635703,-0.01642691378,0.6831683168,29,1.604868475,0.02839176006,0.02692901744,0.02327216087,0.9552294788,1.536082999,0.0005231320941,0.002381292104,-0.004374589907
vol0.03,EJR_size,all,101,0.05188006369,0.03023995348,0.8358486167,-0.0528293509,0.02465688606,-0.02722863012,-0.01414337666,0.6930693069,30,1.530672872,0.02335157968,0.02248137543,0.0203058648,0.7321230231,1.310795707,0.0004531184988,0.001824921957,-0.006212972079
vol0.04,EJR_size,all,101,0.05711622131,0.03657992265,0.8294579663,-0.07043393106,0.02985402135,-0.03673034745,-0.0177885941,0.6831683168,30,1.596000551,0.0279108631,0.02661542426,0.02337682717,0.891502939,1.586940447,0.0005491551407,0.002222446087,-0.005326981535
vol0.05,EJR_size,all,101,0.05948405102,0.04002527646,0.8152689628,-0.08461855957,0.03223350717,-0.04629715933,-0.01940353734,0.6831683168,30,1.626340201,0.02988871387,0.02832551834,0.02441752951,0.9508380344,1.58704118,0.0005454173862,0.002370061566,-0.006762039206
cost2_borrow50_lag1,EJR_gate,all,101,0.05807732412,0.02415191574,1.291975318,-0.02193984719,0.03039110406,-0.01190881987,-0.005563079898,0.9306930693,7,1.608254749,0.02956110848,0.02900777809,0.02762445212,0.3762376238,1.398454271,0.001004222436,0.0009353190253,0.00299737729
cost4_borrow50_lag1,EJR_gate,all,101,0.05701973266,0.02416480093,1.248568396,-0.0227682908,0.02938671294,-0.01193340845,-0.005785310976,0.9306930693,8,1.594774864,0.02855577497,0.02800181632,0.02661691971,0.3762376238,1.398528912,0.002008613555,0.0009353190253,0.002685610245
cost1_borrow150_lag1,EJR_gate,all,101,0.05664476093,0.02383002497,1.251458172,-0.02275471737,0.02902248502,-0.01230926483,-0.005865202893,0.9306930693,7,1.590019501,0.02821575582,0.02767793636,0.02633338771,0.3762376238,1.398603692,0.0005022034264,0.002805957076,0.002046610289
cost1_borrow300_lag1,EJR_gate,all,101,0.05370791762,0.02337425342,1.153876166,-0.02459681434,0.0262163572,-0.01292871298,-0.006485108088,0.9207920792,7,1.553204768,0.02544204243,0.02492583258,0.02363530796,0.3762376238,1.398887196,0.0005023741687,0.005611914152,0.0003865194473
cost1_borrow50_lag2,EJR_gate,all,101,0.05965392957,0.02477836716,1.303041212,-0.01748940164,0.0319022103,-0.01228362816,-0.005424287163,0.9405940594,3,1.628536309,0.03100309269,0.03040368095,0.0289051516,0.3762376238,1.383522927,0.000496444113,0.0009331172707,0.004558326357
vol0.03,EJR_gate,all,101,0.0503948201,0.01697919563,1.446293335,-0.01103141909,0.02292846061,-0.006069169174,-0.002950198097,0.9306930693,3,1.512576944,0.02255147195,0.02230014618,0.02167183175,0.2766287287,1.090320166,0.0003943061024,0.0006878454774,0.002179614414
vol0.04,EJR_gate,all,101,0.05558013496,0.02088963566,1.392987019,-0.01479475631,0.02794602489,-0.008126777522,-0.003999189639,0.9306930693,3,1.576586024,0.02734230261,0.02693982109,0.02593361729,0.3369787063,1.345209919,0.0004843544811,0.0008377622542,0.002906087976
vol0.05,EJR_gate,all,101,0.05877602213,0.02377779943,1.340907738,-0.01854915012,0.0310455143,-0.01018431038,-0.004883251368,0.9306930693,3,1.617215218,0.03024144925,0.02970540589,0.02836529748,0.3703664077,1.402674862,0.0005022780798,0.0009206616752,0.003584736866
cost2_borrow50_lag1,Size_structure,all,101,0.06096377758,0.02876321124,1.162479251,-0.03370843166,0.03324998622,-0.01998178149,-0.01258426619,0.8217821782,6,1.645557342,0.03202281891,0.03120470737,0.02915942851,0.5356764383,0.9166630839,0.0006357651333,0.001333869548,0.005913375581
cost4_borrow50_lag1,Size_structure,all,101,0.06029263361,0.02877473601,1.13928499,-0.0337547484,0.03261444162,-0.01999293856,-0.01266111323,0.8217821782,6,1.636816572,0.03138517411,0.03056566244,0.02851688326,0.5356764383,0.9165135064,0.001271309737,0.001333869548,0.005634873478
cost1_borrow150_lag1,Size_structure,all,101,0.05848992555,0.02860477033,1.086527662,-0.03454515425,0.03089995069,-0.02041709412,-0.01286632902,0.8217821782,6,1.613540861,0.02968677065,0.02887798396,0.02685601722,0.5356764383,0.9168017746,0.0003180615644,0.004001608644,0.005083827662
cost1_borrow300_lag1,Size_structure,all,101,0.05428763367,0.02839412902,0.952791943,-0.03583423616,0.02689810886,-0.02107841847,-0.01334706773,0.801980198,11,1.560411695,0.02570263908,0.02490565923,0.0229132096,0.5356764383,0.9169266927,0.0003182947566,0.008003217288,0.003630630352
cost1_borrow50_lag2,Size_structure,all,101,0.06058766603,0.02891011878,1.132218127,-0.03368528823,0.03289757831,-0.01997621131,-0.01141641966,0.8217821782,6,1.640653929,0.03163121328,0.03078696992,0.02867636153,0.5356764383,0.8963109863,0.0003064178655,0.001334596887,0.01175810122
vol0.03,Size_structure,all,101,0.05192879281,0.02190616734,1.142690972,-0.02403778995,0.02448893395,-0.01424921985,-0.01010600409,0.8316831683,6,1.531269797,0.02380000659,0.02334072169,0.02219250944,0.4126076831,0.7992309915,0.0002893390254,0.00102807465,0.004962741961
vol0.04,Size_structure,all,101,0.05748950567,0.02644311209,1.143561504,-0.03356417338,0.02989218584,-0.01985579703,-0.01217491154,0.8217821782,6,1.600750172,0.02886727154,0.02818399534,0.02647580484,0.4984199514,0.9444308506,0.0003294720429,0.001241704935,0.005532477218
vol0.05,Size_structure,all,101,0.06129330588,0.02871537655,1.17560664,-0.03368528823,0.03356070477,-0.01997621131,-0.01249266309,0.8217821782,6,1.649864051,0.03233825972,0.03152329636,0.02948588796,0.534641359,0.9160366989,0.0003183068726,0.001331308075,0.006052625857
cost2_borrow50_lag1,Gate_price,all,101,0.05321869769,0.02080911652,1.230589664,-0.00719672254,0.02569415601,-0.00719672254,-0.0008626812835,0.9504950495,7,1.54714571,0.02504022272,0.02460426719,0.02351437838,0.2722772277,1.30361334,0.001048399716,0.0006771756638,0.00854919373
cost4_borrow50_lag1,Gate_price,all,101,0.05212031122,0.02077065539,1.182554545,-0.007212256199,0.02464549213,-0.007212256199,-0.0009679085933,0.9504950495,8,1.533617857,0.02399397793,0.02355963513,0.02247377813,0.2722772277,1.303665498,0.002097063592,0.0006771756638,0.00763557668
cost1_borrow150_lag1,Gate_price,all,101,0.05235477783,0.02050271392,1.209490168,-0.007600325431,0.02486389271,-0.007600325431,-0.0008900697572,0.9504950495,3,1.536496792,0.02422998677,0.02380738281,0.02275087291,0.2722772277,1.303808632,0.0005243116921,0.002031526991,0.008121173946
cost1_borrow300_lag1,Gate_price,all,101,0.0502375261,0.02002429871,1.138531326,-0.008217346733,0.02283214762,-0.008217346733,-0.003282116441,0.9405940594,3,1.510671588,0.02222890111,0.02182673677,0.02082132592,0.2722772277,1.304144072,0.0005245297846,0.004063053983,0.006937504607
cost1_borrow50_lag2,Gate_price,all,101,0.05657570178,0.02191370924,1.311319121,-0.01158199458,0.028914037,-0.01158199458,-0.001036111187,0.9702970297,3,1.589145062,0.02818476098,0.02769857696,0.02648311692,0.2722772277,1.294712447,0.0005206273524,0.0006745269434,0.008480373788
vol0.03,Gate_price,all,101,0.04694222386,0.01511473991,1.344043591,-0.004032132837,0.0195936581,-0.004032132837,-0.0004793867649,0.9504950495,2,1.471237736,0.01927487477,0.01906235255,0.018531047,0.2083928464,1.049034511,0.0004319741541,0.0005181573289,0.004844387423
vol0.04,Gate_price,all,101,0.05094442853,0.01822771421,1.300355467,-0.005410813211,0.02347469555,-0.005410813211,-0.0006823862396,0.9504950495,3,1.519251174,0.02298585523,0.02265996169,0.02184522782,0.2483280226,1.243873945,0.0005057557765,0.0006175117055,0.006458693443
vol0.05,Gate_price,all,101,0.05355663912,0.02062711438,1.258035884,-0.006788964063,0.02601268588,-0.006788964063,-0.0007878179912,0.9504950495,3,1.551328933,0.02537136468,0.02494381722,0.02387494856,0.2704666284,1.321051345,0.0005303630096,0.0006726487981,0.008308399095
cost2_borrow50_lag1,Cohort_base,all,101,0.05460967514,0.03803249852,0.7325907132,-0.09945732658,0.02752295353,-0.03752282252,-0.01840596406,0.6633663366,31,1.564427975,0.02540576996,0.02399431425,0.02046567497,0.9455445545,0.6644182471,0.0005047158061,0.002359342062,-0.01485324084
cost4_borrow50_lag1,Cohort_base,all,101,0.05407887956,0.03806004594,0.7186134005,-0.09995870417,0.02701834488,-0.03756251853,-0.01843721385,0.6534653465,31,1.557813113,0.02489794331,0.02348434226,0.01995033963,0.9455445545,0.6643646457,0.001009324454,0.002359342062,-0.0154028275
cost1_borrow150_lag1,Cohort_base,all,101,0.04993030612,0.03801414143,0.6139316544,-0.1048800331,0.02305669367,-0.03791215612,-0.01881385825,0.6534653465,31,1.506956227,0.02094103663,0.01953059861,0.01600450356,0.9455445545,0.664131061,0.000252291547,0.007078026187,-0.01881149606
cost1_borrow300_lag1,Cohort_base,all,101,0.04255266337,0.03800933229,0.4254308383,-0.1133278902,0.01597874746,-0.03852594106,-0.01944914018,0.6237623762,32,1.420119369,0.01386273223,0.01245205541,0.008925363351,0.9455445545,0.66375084,0.0002522115615,0.01415605237,-0.0251612658
cost1_borrow50_lag2,Cohort_base,all,101,0.05404843504,0.03760473996,0.726337774,-0.1003171722,0.02697234301,-0.03668376266,-0.01841347688,0.6930693069,31,1.557434457,0.02490386292,0.02352487619,0.02007740937,0.9356435644,0.6581539305,0.0002502494594,0.002334948721,-0.0161514195
vol0.03,Cohort_base,all,101,0.04857748444,0.02858556249,0.7685388979,-0.06162791646,0.02145202802,-0.02563277454,-0.01342729036,0.6831683168,28,1.49069151,0.02028334626,0.01950422509,0.01755642217,0.7186201456,0.6615428952,0.0002560998929,0.001793647954,-0.007938106257
vol0.04,Cohort_base,all,101,0.0525285429,0.03499572184,0.7381533965,-0.08492722279,0.02543018595,-0.03462477659,-0.01781066371,0.6831683168,31,1.538633464,0.02364986999,0.02246299268,0.01949579941,0.8746173364,0.7141231302,0.0002730481695,0.002182513755,-0.01145975965
vol0.05,Cohort_base,all,101,0.05513887828,0.03781041506,0.7500009748,-0.09646944778,0.02801854273,-0.03750296609,-0.01839033698,0.6732673267,31,1.571047619,0.02592511154,0.02452949075,0.02104043876,0.9386165623,0.6848802426,0.0002592211037,0.002341921669,-0.0139237537
cost2_borrow50_lag1,Cohort_risk,all,101,0.06265772487,0.02743648043,1.277195464,-0.01743566831,0.03481635694,-0.01480435617,-0.009707516658,0.7623762376,9,1.667801962,0.03370169499,0.03295858702,0.0311008171,0.6328382838,0.9346487053,0.0006012312823,0.001577620977,0.00496755438
cost4_borrow50_lag1,Cohort_risk,all,101,0.06202156371,0.02746182248,1.253937389,-0.01797246125,0.03421519726,-0.01485175004,-0.009754307175,0.7425742574,12,1.65941713,0.03309839148,0.0323538543,0.03049251134,0.6328382838,0.9345751517,0.001202390964,0.001577620977,0.004352789449
cost1_borrow150_lag1,Cohort_risk,all,101,0.05964623447,0.02733665101,1.17649077,-0.01840586622,0.03196178894,-0.0151959059,-0.01004073479,0.7425742574,12,1.628436774,0.03085471566,0.03011666681,0.02827154468,0.6328382838,0.9342149545,0.000300557323,0.004732862932,0.003687049419
cost1_borrow300_lag1,Cohort_risk,all,101,0.05466914731,0.02721915709,1.006219888,-0.02057834563,0.02722899892,-0.01581879198,-0.01057566717,0.702970297,12,1.565170667,0.02613057796,0.02539829731,0.0235675957,0.6328382838,0.9335476552,0.0003004844098,0.009465725863,0.001305086459
cost1_borrow50_lag2,Cohort_risk,all,101,0.06250638175,0.02702559032,1.288509227,-0.0168427575,0.03466217949,-0.01532039103,-0.009317112601,0.7722772277,7,1.665803829,0.03357668424,0.03285302074,0.03104386199,0.6229372937,0.9164027031,0.0002950087655,0.001551952785,0.004508765372
vol0.03,Cohort_risk,all,101,0.05468103459,0.02166837993,1.293298241,-0.01559759701,0.02710785766,-0.01340687459,-0.007507005756,0.7722772277,12,1.565319153,0.02644885938,0.0260095272,0.02491119674,0.5195916377,0.8872126977,0.000296026926,0.001296416327,0.003058119722
vol0.04,Cohort_risk,all,101,0.06021415403,0.02547278616,1.294905306,-0.01716708479,0.03245245466,-0.01478064839,-0.009135303467,0.7722772277,9,1.635797155,0.03151032572,0.03088223977,0.02931202487,0.601534761,0.9416344911,0.0003045798251,0.001500191955,0.004513367653
vol0.05,Cohort_risk,all,101,0.06295204139,0.02737105409,1.290563614,-0.01716708479,0.03509291532,-0.01478064839,-0.009630939644,0.7722772277,9,1.671693775,0.03398381375,0.0332444127,0.03139591007,0.6310093115,0.9413465248,0.0003035363729,0.001573086341,0.0051796817
cost2_borrow50_lag1,Equal_modules,all,101,0.05905950557,0.02325187944,1.353028419,-0.01428795086,0.03130316518,-0.009043614839,-0.006044073168,0.8415841584,8,1.620863285,0.0305002791,0.02996502172,0.02862687825,0.4802639833,0.9568429086,0.0007121332536,0.001196222063,0.006548164717
cost4_borrow50_lag1,Equal_modules,all,101,0.05831044144,0.02320210473,1.324905559,-0.01431475709,0.03059112488,-0.009057320321,-0.006083589474,0.8415841584,8,1.611239492,0.02979145211,0.02925833692,0.02792554897,0.4802639833,0.9566924716,0.001424173558,0.001196222063,0.006161732481
cost1_borrow150_lag1,Equal_modules,all,101,0.05691857491,0.02310248835,1.273428819,-0.01474973108,0.02926673362,-0.009274980183,-0.006223912235,0.8316831683,8,1.593490756,0.02847443222,0.0279462313,0.02662572897,0.4802639833,0.956753512,0.0003561206878,0.003588666189,0.005635824143
cost1_borrow300_lag1,Equal_modules,all,101,0.05315502691,0.0228510136,1.129781742,-0.01546227711,0.02567800175,-0.009632299214,-0.006523303597,0.8316831683,8,1.546358672,0.02490313933,0.02438656437,0.02309512699,0.4802639833,0.9565160527,0.0003561863639,0.007177332378,0.003977430059
cost1_borrow50_lag2,Equal_modules,all,101,0.05998005593,0.0237577303,1.351821066,-0.0135266175,0.03218783114,-0.008655875921,-0.006461881604,0.8415841584,6,1.632759641,0.03133740565,0.03077045533,0.02935307952,0.4769636532,0.9337176028,0.0003441184529,0.001187025539,0.008254557539
vol0.03,Equal_modules,all,101,0.05329306697,0.01938438912,1.372438844,-0.01427455725,0.02573887947,-0.009036767515,-0.005889760898,0.8415841584,8,1.54806544,0.02521130408,0.02485958715,0.02398029483,0.4303119978,0.7660151828,0.0002799960162,0.001072456198,0.004399095159
vol0.04,Equal_modules,all,101,0.05741935372,0.02174123356,1.3860322,-0.01427455725,0.02971335051,-0.009036767515,-0.006024316976,0.8415841584,8,1.599856619,0.02902398767,0.02856441244,0.02741547436,0.4690797147,0.9050683927,0.0003342571498,0.001168572428,0.006201701446
vol0.05,Equal_modules,all,101,0.05943266393,0.02327765807,1.366939643,-0.01427455725,0.03165773081,-0.009036767515,-0.006024317994,0.8415841584,8,1.625676407,0.03085318247,0.0303168169,0.028975903,0.4802507025,0.9569218323,0.0003560788273,0.001196188806,0.006741420284
cost2_borrow50_lag1,Core_satellite,all,101,0.0583479258,0.03044286017,1.023848492,-0.04737985588,0.03081935008,-0.02577144092,-0.01239819735,0.6930693069,18,1.611719882,0.02946020185,0.02855410304,0.026288856,0.7401319916,1.065388592,0.0007290329674,0.001844737004,-0.0009575037851
cost4_borrow50_lag1,Core_satellite,all,101,0.0575802443,0.03044956731,0.9991878779,-0.04788227514,0.03009054451,-0.02595155953,-0.01247201657,0.6831683168,18,1.601906599,0.02873017453,0.02782326121,0.02555597791,0.7401319916,1.065223633,0.001457838532,0.001844737004,-0.001448806903
cost1_borrow150_lag1,Core_satellite,all,101,0.05485287072,0.03037410906,0.9156113989,-0.05002809435,0.02749437955,-0.02593026465,-0.01267251083,0.6732673267,19,1.567466977,0.02614181897,0.02524011192,0.02298584429,0.7401319916,1.065123222,0.0003645294913,0.005534211012,-0.003757202248
cost1_borrow300_lag1,Core_satellite,all,101,0.04905848724,0.03027677769,0.733723034,-0.05436236207,0.02196018022,-0.02630359447,-0.01313935299,0.6633663366,19,1.496456703,0.02061649125,0.0197206986,0.01748121698,0.7401319916,1.064636707,0.0003645178071,0.01106842202,-0.008325365176
cost1_borrow50_lag2,Core_satellite,all,101,0.05741829523,0.03045400574,0.9868839833,-0.03881768659,0.02993607198,-0.01767056363,-0.01161080561,0.6930693069,17,1.59984314,0.02855585081,0.02763570335,0.02533533473,0.7335313316,1.038031266,0.0003501711549,0.001828176092,0.0006289495504
vol0.03,Core_satellite,all,101,0.05091314449,0.02614559483,0.9293167161,-0.04371912345,0.02362015793,-0.02568137809,-0.01166809833,0.6930693069,26,1.518870578,0.02265114548,0.02200513719,0.02039011644,0.6464887156,0.95905481,0.0003239343064,0.001612043274,-0.00301079149
vol0.04,Core_satellite,all,101,0.05628195709,0.0289817033,1.012115181,-0.04678278564,0.02881437592,-0.02568137809,-0.01226742032,0.6930693069,19,1.585430348,0.02759861042,0.02678810008,0.02476182424,0.719694195,1.028384088,0.0003488275076,0.001794071225,-0.001966327458
vol0.05,Core_satellite,all,101,0.05873045041,0.03044040379,1.036112916,-0.0471284929,0.03118234906,-0.02568137809,-0.01236128273,0.6930693069,18,1.616629445,0.02982373927,0.0289179994,0.02665364975,0.7401187108,1.065473279,0.0003645451881,0.001844703747,-0.0007117701256
cost2_borrow50_lag1,Integrated_cohort,all,101,0.05729547446,0.02466832326,1.207481988,-0.01649574603,0.02966166386,-0.01389842438,-0.008070613436,0.8415841584,5,1.598279793,0.02875651303,0.02815307914,0.02664449442,0.3922525586,0.4995096756,0.0003512916374,0.0009755656535,0.008389798561
cost4_borrow50_lag1,Integrated_cohort,all,101,0.05692612713,0.02465622165,1.193735798,-0.01652861742,0.0293103636,-0.01391030716,-0.008106790444,0.8415841584,5,1.593586593,0.0284060538,0.02780318061,0.02629599761,0.3922525586,0.4994799311,0.0007025918978,0.0009755656535,0.008307133635
cost1_borrow150_lag1,Integrated_cohort,all,101,0.05543179778,0.02453437039,1.141508823,-0.01705549525,0.0278862058,-0.01409097482,-0.008319126944,0.8316831683,6,1.574722263,0.02699102332,0.02639423501,0.02490226422,0.3922525586,0.4992969347,0.0001756183951,0.002926696961,0.00790772947
cost1_borrow300_lag1,Integrated_cohort,all,101,0.05236568283,0.02433675611,1.030124497,-0.01791933454,0.02495954839,-0.01438870722,-0.0087190331,0.8217821782,7,1.536630806,0.02407893502,0.02349185944,0.02202417049,0.3922525586,0.4989552646,0.0001755788409,0.005853393921,0.00669101089
cost1_borrow50_lag2,Integrated_cohort,all,101,0.05725571738,0.02451804088,1.214008013,-0.01788950883,0.02962029467,-0.01510287829,-0.007917851327,0.8514851485,6,1.597774026,0.02872734517,0.0281320455,0.02664379632,0.3922525586,0.4964502066,0.0001749989551,0.0009751801341,0.008227726464
vol0.03,Integrated_cohort,all,101,0.05185742758,0.02052865011,1.212218386,-0.01647933246,0.02439169589,-0.01389248658,-0.007535404952,0.8415841584,6,1.530395653,0.02378438157,0.02337950536,0.02236731484,0.3430140018,0.4668349507,0.0001695421286,0.0008539010128,0.008431135359
vol0.04,Integrated_cohort,all,101,0.05588019838,0.02323072586,1.230681077,-0.01647932121,0.02828301202,-0.01389248657,-0.008052522842,0.8415841584,5,1.580362072,0.02749078157,0.02696262794,0.02564224386,0.3855523522,0.5043624619,0.0001766142178,0.0009591986068,0.008431135359
vol0.05,Integrated_cohort,all,101,0.05748016962,0.02467513045,1.214312498,-0.01647932121,0.02983731076,-0.01389248657,-0.008052522842,0.8415841584,5,1.60063123,0.02893168308,0.0283279313,0.02681855185,0.3922525586,0.4995245444,0.0001756447399,0.0009755656535,0.008431135359
cost2_borrow50_lag1,All_filters,all,101,0.05289786039,0.02452591247,1.025973834,-0.0337084316,0.02547230499,-0.01998178143,-0.01043863899,0.8910891089,9,1.543183413,0.02454770224,0.0239313004,0.02239029582,0.3309817599,1.15926531,0.000801639266,0.0008241317834,0.005194260643
cost4_borrow50_lag1,All_filters,all,101,0.05205903097,0.02447105152,0.9954136536,-0.03375474792,0.02467059389,-0.01999293807,-0.01050518349,0.8910891089,10,1.532866202,0.02374920434,0.02313494465,0.0215992954,0.3309817599,1.159204528,0.001603350363,0.0008241317834,0.004787755671
cost1_borrow150_lag1,All_filters,all,101,0.05159207033,0.02446377064,0.9802637045,-0.03454515424,0.02422471536,-0.02041709412,-0.01079563996,0.900990099,10,1.527149181,0.02330865776,0.0226979527,0.02117119004,0.3309817599,1.159397034,0.0004009653308,0.00247239535,0.004777631734
cost1_borrow300_lag1,All_filters,all,101,0.04900835245,0.02434739237,0.8869508407,-0.03583423615,0.02175208775,-0.02107841846,-0.01137326192,0.8811881188,10,1.495854883,0.02084990597,0.02024845145,0.01874481515,0.3309817599,1.159549292,0.0004011975831,0.0049447907,0.00312222006
cost1_borrow50_lag2,All_filters,all,101,0.05416780021,0.02441397881,1.071066828,-0.03368530747,0.02668015638,-0.01997623081,-0.01015098218,0.9108910891,6,1.558919535,0.02574940249,0.02512889989,0.0235776434,0.3309817599,1.149241825,0.0003949826337,0.0008241395898,0.0008044080585
vol0.03,All_filters,all,101,0.04777428439,0.018761466,1.101225026,-0.02403778996,0.02045253767,-0.01424921986,-0.007697087656,0.900990099,9,1.481108152,0.01993512922,0.01959019026,0.01872784284,0.2546017326,1.034573112,0.0003712271646,0.0006342547419,0.004307628322
vol0.04,All_filters,all,101,0.05102092196,0.0225501796,1.042951509,-0.03356417339,0.02363558743,-0.01985579705,-0.00984033172,0.900990099,9,1.520182135,0.0228652237,0.02235164788,0.02106770833,0.3039838582,1.141086373,0.0003991081945,0.0007571346119,0.004877363578
vol0.05,All_filters,all,101,0.05331119938,0.02450571748,1.042925376,-0.03368528823,0.02586599713,-0.0199762113,-0.01033833341,0.900990099,9,1.548289757,0.02494333384,0.02432822499,0.02279045284,0.3299466807,1.158594541,0.0004012074077,0.0008215703103,0.005397512217
cost2_borrow50_lag1,Commodity_blend,all,101,0.05834889846,0.03962655407,0.7947976097,-0.08512816479,0.03114081531,-0.04688849466,-0.01963398999,0.6732673267,30,1.61173235,0.02883811132,0.02730297534,0.02346513537,0.9203913407,1.730207095,0.001219893188,0.002294929594,-0.006686469131
cost4_borrow50_lag1,Commodity_blend,all,101,0.05706011989,0.03973786658,0.7613135845,-0.08661599268,0.02992116544,-0.04739713029,-0.019774306,0.6732673267,30,1.595287799,0.0276041917,0.02605954254,0.02219791964,0.9203913407,1.730064721,0.002439543054,0.002294929594,-0.007714722393
cost1_borrow150_lag1,Commodity_blend,all,101,0.05416663307,0.03955242294,0.6946230485,-0.08922143122,0.02716054664,-0.04705077977,-0.02000301263,0.6633663366,31,1.558905008,0.024867199,0.02333830057,0.01951605451,0.9203913407,1.730818119,0.0006103026682,0.006884788782,-0.01052957939
cost1_borrow300_lag1,Commodity_blend,all,101,0.04696356619,0.03952294601,0.518936592,-0.09643381603,0.0202752484,-0.04767574073,-0.02063575737,0.6336633663,31,1.471490186,0.01798546167,0.01645893717,0.01264262594,0.9203913407,1.731651712,0.00061081212,0.01376957756,-0.01706547301
cost1_borrow50_lag2,Commodity_blend,all,101,0.05792859789,0.03692109362,0.8363322265,-0.06136116505,0.03063503535,-0.01997621131,-0.0150928221,0.6732673267,22,1.606353063,0.02862237557,0.02728060239,0.02392616943,0.9120218966,1.702877993,0.0005968533843,0.002273877795,-0.003834816251
vol0.03,Commodity_blend,all,101,0.05217903727,0.03007054824,0.84983507,-0.05037107977,0.02493718964,-0.02721063983,-0.01414037827,0.6831683168,30,1.534338487,0.02364562253,0.02278457779,0.02063196594,0.7282003182,1.330384407,0.0004610700113,0.001815145619,-0.005144390146
vol0.04,Commodity_blend,all,101,0.05713133299,0.03602533425,0.8412360783,-0.06645575739,0.02984845676,-0.03677744774,-0.01772606082,0.6732673267,30,1.596192589,0.02796003393,0.02670108537,0.02355371398,0.8621284045,1.700794224,0.0005954632118,0.002149510746,-0.004009184391
vol0.05,Commodity_blend,all,101,0.05929648655,0.0392830624,0.8245119898,-0.08064042623,0.03202650065,-0.04634426062,-0.01934100424,0.6732673267,30,1.623918488,0.0297633353,0.0282545584,0.02448261615,0.909570634,1.768292754,0.0006227428906,0.002267690751,-0.005398668635
cost2_borrow50_lag1,Two_modules,all,101,0.05717294384,0.0219921952,1.345023891,-0.01407300416,0.02948369782,-0.008708221485,-0.005352685397,0.8514851485,6,1.59672148,0.02876293037,0.02828241874,0.02708113966,0.403976833,1.091496995,0.0008304557202,0.001005522606,0.007322558666
cost4_borrow50_lag1,Two_modules,all,101,0.05630125613,0.02191126544,1.311513821,-0.01409281742,0.02865327049,-0.008714926161,-0.005390652061,0.8514851485,6,1.58567417,0.02793730199,0.02745998966,0.02626670883,0.403976833,1.09138365,0.001660883046,0.001005522606,0.007034377202
cost1_borrow150_lag1,Two_modules,all,101,0.0554986455,0.02181752227,1.283096204,-0.01449736357,0.02788775497,-0.008925303328,-0.005493942345,0.8415841584,6,1.575561921,0.02717915696,0.02670675829,0.02552576161,0.403976833,1.091719911,0.0004153533577,0.003016567818,0.006602201363
cost1_borrow300_lag1,Two_modules,all,101,0.05233995355,0.02150578027,1.161553223,-0.01514857543,0.02487100175,-0.009255949687,-0.005734296025,0.8316831683,6,1.536314628,0.02418330086,0.0237248336,0.02257866545,0.403976833,1.091980957,0.0004155387588,0.006033135635,0.005305509064
cost1_borrow50_lag2,Two_modules,all,101,0.05865700066,0.02295659887,1.337529985,-0.01406310281,0.03091435288,-0.008913326719,-0.00567597317,0.8415841584,6,1.615685723,0.03011303557,0.02957882403,0.02824329518,0.403976833,1.073260332,0.0004049773852,0.001004561915,0.01011904425
vol0.03,Two_modules,all,101,0.05164935365,0.01804143208,1.381582034,-0.01406310282,0.02414568114,-0.008704872439,-0.005333705022,0.8514851485,6,1.52784949,0.0236875215,0.02338208174,0.02261848234,0.3581147814,0.8626105121,0.0003250085587,0.0008918016959,0.005405208294
vol0.04,Two_modules,all,101,0.05541206155,0.02029815765,1.38518447,-0.01406310282,0.0277746449,-0.008704872439,-0.005333705792,0.8514851485,6,1.574474436,0.02717156749,0.02676951589,0.02576438687,0.3895571028,1.023376453,0.0003864905547,0.0009697548545,0.006946516127
vol0.05,Two_modules,all,101,0.05760742404,0.02203495994,1.361492311,-0.01406310282,0.02989743325,-0.008704872439,-0.00533370656,0.8514851485,6,1.602253137,0.02917411624,0.02869190489,0.02748637653,0.4039635522,1.091554863,0.0004152314897,0.001005489349,0.007466662896
